PAWN_AUDIT_ENTRY,247,3156491429734520014,14234694506094365084,14956217023383081118,6775097255184782800,227,185,186,149,7,6,1,4,18446744073709549905,18446744073709550278,2,0,0,0,0,0,0,2542,0,18446744073709551583,18446744073709551583,18446744073709380616,6,581,0,0,1,5,18446744073709551415,18446744073709551030,18446744073709551030,131,3,1,1,1157380880184341608,0,0,2,31512960912239482,0,1,1,0
PAWN_AUDIT_RESULT,247,1,1,65,0,0,65,0,0,0,0,0
PAWN_AUDIT_ENTRY,248,14234694506094365084,14623219094843046741,14956217023383081118,7010820794334054091,267,185,186,149,7,6,1,5,18446744073709547219,18446744073709550278,2,0,0,0,0,0,0,2542,0,18446744073709551583,18446744073709551583,18446744073709380616,6,582,0,0,1,6,18446744073709550194,18446744073709551030,18446744073709551030,131,3,1,1,1157380880184341608,0,0,2,31512960912239482,0,1,1,0
PAWN_AUDIT_RESULT,248,1,1,-267,0,0,-267,0,0,0,0,0
PAWN_AUDIT_ENTRY,249,14623219094843046741,11038298898704926514,14956217023383081118,8065225267914112224,219,185,186,149,7,6,1,6,18446744073709543839,18446744073709550278,2,0,0,0,0,0,0,2542,0,18446744073709551583,18446744073709551583,18446744073709380616,6,583,0,0,1,5,18446744073709548657,18446744073709551030,18446744073709551030,131,3,1,1,1157380880184341608,0,0,2,31512960912239482,0,1,1,0
PAWN_AUDIT_RESULT,249,1,1,84,0,0,84,0,0,0,0,0
PAWN_AUDIT_ENTRY,278,15256898311377866819,18205805412683664261,10868171264256614571,18358876044234200237,3298,18446744073709551430,18446744073709551431,18446744073709551430,7,6,1,6,18446744073709551259,18446744073709550278,1,0,1,0,0,1,0,3566,0,18446744073709551486,18446744073709551167,18446744073709070872,6,640,0,0,1,10,415,18446744073709551030,18446744073709551030,18446744073709551486,4,2,1,2589483716649622994,0,0,1,17861453410589552084,0,1,1,0
PAWN_AUDIT_RESULT,278,1,1,-358,0,0,-358,0,0,0,0,0
PAWN_AUDIT_ENTRY,279,18205805412683664261,1813846690342157976,10868171264256614571,13529150602515477238,1826,18446744073709551430,18446744073709551431,18446744073709551430,7,6,1,7,18446744073709550929,18446744073709548874,1,0,1,0,0,1,0,3566,0,18446744073709551486,18446744073709551167,18446744073709070872,6,641,0,0,1,10,265,18446744073709551030,18446744073709551030,18446744073709551486,4,2,1,2589483716649622994,0,0,1,17861453410589552084,0,1,1,0
PAWN_AUDIT_RESULT,279,1,1,-385,0,0,-385,0,0,0,0,0
PAWN_AUDIT_ENTRY,850,14819612224923240595,3730138284773316420,12383205452357329692,10658112177732692219,2358,18446744073709551369,18446744073709551370,18446744073709551367,6,5,1,5,18446744073709550219,18446744073709550278,7,0,1,0,0,0,0,2268,0,18446744073709551382,18446744073709551149,18446744073709380616,11,1651,0,0,1,11,18446744073709551558,18446744073709551030,18446744073709551030,18446744073709551382,2,2,1,12623835902163763756,0,0,7,1265903551581453818,0,1,1,0
PAWN_AUDIT_RESULT,850,1,1,-623,0,0,-623,0,0,0,0,0
PAWN_AUDIT_ENTRY,851,3730138284773316420,4373949414280712806,12383205452357329692,13027823754769051014,4022,18446744073709551369,18446744073709551370,18446744073709551367,6,5,1,6,18446744073709550026,18446744073709550278,7,0,1,0,0,0,0,2268,0,18446744073709551382,18446744073709551149,18446744073709380616,11,1652,0,0,1,14,18446744073709551470,18446744073709551030,18446744073709551030,18446744073709551382,2,2,1,12623835902163763756,0,0,7,1265903551581453818,0,1,1,0
PAWN_AUDIT_RESULT,851,1,1,-729,0,0,-729,0,0,0,0,0
PAWN_AUDIT_ENTRY,852,4373949414280712806,7592250318480614047,12383205452357329692,10387959182905005787,2349,18446744073709551369,18446744073709551370,18446744073709551367,6,5,1,7,18446744073709550122,18446744073709550278,7,0,1,0,0,0,0,2268,0,18446744073709551382,18446744073709551149,18446744073709380616,11,1653,0,0,1,11,18446744073709551514,18446744073709551030,18446744073709551030,18446744073709551382,2,2,1,12623835902163763756,0,0,7,1265903551581453818,0,1,1,0
PAWN_AUDIT_RESULT,852,1,1,-860,0,0,-860,0,0,0,0,0
PAWN_AUDIT_ENTRY,853,7592250318480614047,13920546245774641172,12383205452357329692,14624303758893207074,3756,18446744073709551369,18446744073709551370,18446744073709551367,6,5,1,9,18446744073709546810,18446744073709550278,7,0,1,0,0,0,0,2268,0,18446744073709551382,18446744073709551149,18446744073709380616,11,1654,0,0,1,11,18446744073709550008,18446744073709551030,18446744073709551030,18446744073709551382,2,2,1,12623835902163763756,0,0,7,1265903551581453818,0,1,1,0
PAWN_AUDIT_RESULT,853,1,1,-767,0,0,-767,0,0,0,0,0
PAWN_AUDIT_ENTRY,856,18215871898183638838,15133845651138662159,3290248500035985639,5857810518922523967,1835,18446744073709551369,18446744073709551370,18446744073709551368,8,7,2,4,18446744073709547219,18446744073709550278,5,0,1,0,0,1,0,3492,0,18446744073709551382,18446744073709551382,18446744073709380616,11,1658,0,0,1,10,18446744073709550194,18446744073709551030,18446744073709551030,18446744073709551380,4,2,1,12623835902163763756,0,0,5,14316501779149014570,0,1,1,0
PAWN_AUDIT_RESULT,856,2,2,-980,0,0,-980,0,0,0,0,0
PAWN_AUDIT_ENTRY,857,15133845651138662159,5953273251057981753,3290248500035985639,2687141789165278676,3814,18446744073709551369,18446744073709551370,18446744073709551368,8,7,2,5,18446744073709547219,18446744073709550278,5,0,1,0,0,1,0,3492,0,18446744073709551382,18446744073709551382,18446744073709380616,11,1659,0,0,1,13,18446744073709550194,18446744073709551030,18446744073709551030,18446744073709551380,4,2,1,12623835902163763756,0,0,5,14316501779149014570,0,1,1,0
PAWN_AUDIT_RESULT,857,2,2,-461,0,0,-461,0,0,0,0,0
PAWN_AUDIT_ENTRY,858,5953273251057981753,14101417076678657773,3290248500035985639,9666223073506016310,1837,18446744073709551369,18446744073709551370,18446744073709551368,8,7,2,6,18446744073709547219,18446744073709550278,5,0,1,0,0,1,0,3492,0,18446744073709551382,18446744073709551382,18446744073709380616,11,1660,0,0,1,10,18446744073709550194,18446744073709551030,18446744073709551030,18446744073709551380,4,2,1,12623835902163763756,0,0,5,14316501779149014570,0,1,1,0
PAWN_AUDIT_RESULT,858,2,2,-1016,0,0,-1016,0,0,0,0,0
PAWN_AUDIT_ENTRY,859,14101417076678657773,5485529800820841281,3290248500035985639,756019226362678035,3763,18446744073709551369,18446744073709551370,18446744073709551368,8,7,2,7,18446744073709544714,18446744073709550278,5,0,1,0,0,1,0,3492,0,18446744073709551382,18446744073709551382,18446744073709380616,11,1661,0,0,1,11,18446744073709549055,18446744073709551030,18446744073709551030,18446744073709551380,4,2,1,12623835902163763756,0,0,5,14316501779149014570,0,1,1,0
PAWN_AUDIT_RESULT,859,2,2,-911,0,0,-911,0,0,0,0,0
PAWN_AUDIT_ENTRY,860,5485529800820841281,13740943319424254979,3290248500035985639,11046344737762120777,3827,18446744073709551369,18446744073709551370,18446744073709551368,8,7,2,8,18446744073709544714,18446744073709550278,5,0,1,0,0,1,0,3492,0,18446744073709551382,18446744073709551382,18446744073709380616,11,1662,0,0,1,13,18446744073709549055,18446744073709551030,18446744073709551030,18446744073709551380,4,2,1,12623835902163763756,0,0,5,14316501779149014570,0,1,1,0
PAWN_AUDIT_RESULT,860,2,2,-963,0,0,-963,0,0,0,0,0
PAWN_AUDIT_ENTRY,861,13740943319424254979,12141562101256026605,3290248500035985639,11314087373479945780,3749,18446744073709551369,18446744073709551370,18446744073709551368,8,7,1,9,18446744073709543817,18446744073709550278,5,0,1,0,0,1,0,3492,0,18446744073709551382,18446744073709551382,18446744073709380616,11,1663,0,0,1,11,18446744073709548647,18446744073709551030,18446744073709551030,18446744073709551380,4,2,1,12623835902163763756,0,0,5,14316501779149014570,0,1,1,0
PAWN_AUDIT_RESULT,861,1,1,-826,0,0,-826,0,0,0,0,0
PAWN_AUDIT_ENTRY,862,12141562101256026605,494749117990141989,3290248500035985639,10276130679864984843,3501,18446744073709551369,18446744073709551370,18446744073709551368,8,7,2,10,18446744073709545673,18446744073709548874,5,0,1,0,0,1,0,3492,0,18446744073709551382,18446744073709551382,18446744073709380616,11,1664,0,0,1,11,18446744073709549491,18446744073709551030,18446744073709551030,18446744073709551380,4,2,1,12623835902163763756,0,0,5,14316501779149014570,0,1,1,0
PAWN_AUDIT_RESULT,862,2,2,-918,0,0,-918,0,0,0,0,0
PAWN_AUDIT_ENTRY,863,494749117990141989,17939281739870402720,3290248500035985639,5513323911005408729,3756,18446744073709551369,18446744073709551370,18446744073709551368,8,7,1,11,18446744073709544387,18446744073709548874,5,0,1,0,0,1,0,3492,0,18446744073709551382,18446744073709551382,18446744073709380616,11,1665,0,0,1,11,18446744073709548906,18446744073709551030,18446744073709551030,18446744073709551380,4,2,1,12623835902163763756,0,0,5,14316501779149014570,0,1,1,0
PAWN_AUDIT_RESULT,863,1,1,-897,0,0,-897,0,0,0,0,0
PAWN_AUDIT_ENTRY,867,13003338721531498127,14529598082981652952,3290248500035985639,5850053047690313675,3828,18446744073709551369,18446744073709551370,18446744073709551368,8,7,1,15,18446744073709541369,18446744073709550278,5,0,1,0,0,1,0,3492,0,18446744073709551382,18446744073709551382,18446744073709380616,11,1671,0,0,1,13,18446744073709547534,18446744073709551030,18446744073709551030,18446744073709551380,4,2,1,12623835902163763756,0,0,5,14316501779149014570,0,1,1,0
PAWN_AUDIT_RESULT,867,1,1,-672,0,0,-672,0,0,0,0,0
PAWN_AUDIT_ENTRY,868,14529598082981652952,7164652725935599354,3290248500035985639,4474324144360891616,3836,18446744073709551369,18446744073709551370,18446744073709551368,8,7,1,16,18446744073709538449,18446744073709550278,5,0,1,0,0,1,0,3492,0,18446744073709551382,18446744073709551382,18446744073709380616,11,1672,0,0,1,13,18446744073709546206,18446744073709551030,18446744073709551030,18446744073709551380,4,2,1,12623835902163763756,0,0,5,14316501779149014570,0,1,1,0
PAWN_AUDIT_RESULT,868,1,1,-678,0,0,-678,0,0,0,0,0
PAWN_AUDIT_ENTRY,869,7164652725935599354,1468407663596466287,3290248500035985639,18295568028414856788,1830,18446744073709551369,18446744073709551370,18446744073709551368,8,7,1,17,18446744073709537884,18446744073709550278,5,0,1,0,0,1,0,3492,0,18446744073709551382,18446744073709551382,18446744073709380616,11,1673,0,0,1,10,18446744073709545949,18446744073709551030,18446744073709551030,18446744073709551380,4,2,1,12623835902163763756,0,0,5,14316501779149014570,0,1,1,0
PAWN_AUDIT_RESULT,869,1,1,-978,0,0,-978,0,0,0,0,0
PAWN_AUDIT_ENTRY,870,1468407663596466287,4511403949982149281,3290248500035985639,12491027422066660725,3641,18446744073709551369,18446744073709551370,18446744073709551368,8,7,1,18,18446744073709538183,18446744073709550278,5,0,1,0,0,1,0,3492,0,18446744073709551382,18446744073709551382,18446744073709380616,11,1674,0,0,1,12,18446744073709546085,18446744073709551030,18446744073709551030,18446744073709551380,4,2,1,12623835902163763756,0,0,5,14316501779149014570,0,1,1,0
PAWN_AUDIT_RESULT,870,1,1,-884,0,0,-884,0,0,0,0,0
PAWN_AUDIT_ENTRY,871,4511403949982149281,5081332727512294365,3290248500035985639,10883647315545557002,3242,18446744073709551369,18446744073709551370,18446744073709551368,8,7,1,21,18446744073709537802,18446744073709550278,5,0,1,0,0,1,0,3492,0,18446744073709551382,18446744073709551382,18446744073709380616,11,1675,0,0,1,9,18446744073709545912,18446744073709551030,18446744073709551030,18446744073709551380,4,2,1,12623835902163763756,0,0,5,14316501779149014570,0,0,1,0
PAWN_AUDIT_RESULT,871,1,1,-869,0,0,-869,0,0,0,0,0
PAWN_AUDIT_ENTRY,872,5081332727512294365,6896211920415326563,3290248500035985639,15221137543614409570,3177,18446744073709551369,18446744073709551370,18446744073709551368,8,7,1,22,18446744073709537081,18446744073709550278,5,0,1,0,0,1,0,3492,0,18446744073709551382,18446744073709551382,18446744073709380616,11,1676,0,0,1,9,18446744073709545584,18446744073709551030,18446744073709551030,18446744073709551380,4,2,1,12623835902163763756,0,0,5,14316501779149014570,0,0,1,0
PAWN_AUDIT_RESULT,872,1,1,-888,0,0,-888,0,0,0,0,0
PAWN_AUDIT_ENTRY,873,6896211920415326563,2393410366469117945,3290248500035985639,9106408350420826443,3112,18446744073709551369,18446744073709551370,18446744073709551368,8,7,1,23,18446744073709537061,18446744073709550278,5,0,1,0,0,1,0,3492,0,18446744073709551382,18446744073709551382,18446744073709380616,11,1677,0,0,1,9,18446744073709545575,18446744073709551030,18446744073709551030,18446744073709551380,4,2,1,12623835902163763756,0,0,5,14316501779149014570,0,0,1,0
PAWN_AUDIT_RESULT,873,1,1,-870,0,0,-870,0,0,0,0,0
PAWN_AUDIT_ENTRY,879,14058456855283675990,4787664659425753674,9038468522875363445,1547905024772052083,3298,18446744073709551369,18446744073709551370,18446744073709551369,9,8,1,7,18446744073709539004,18446744073709548076,3,0,1,0,0,1,0,3300,0,18446744073709551379,18446744073709551330,18446744073708647167,11,1684,0,0,0,10,18446744073709547624,18446744073709551030,18446744073709548628,18446744073709551379,6,2,1,17099945467183773239,1,0,3,17908041649903161474,0,2,1,0
PAWN_AUDIT_RESULT,879,1,1,-293,0,0,-293,0,0,0,0,0
PAWN_AUDIT_ENTRY,880,4787664659425753674,13091345025527474371,9038468522875363445,137862193913053017,3828,18446744073709551369,18446744073709551370,18446744073709551369,9,8,1,8,18446744073709537931,18446744073709549161,3,0,1,0,0,1,0,3300,0,18446744073709551379,18446744073709551330,18446744073708647167,11,1685,0,0,0,13,18446744073709546921,18446744073709551030,18446744073709549072,18446744073709551379,6,2,1,17099945467183773239,1,0,3,17908041649903161474,0,2,1,0
PAWN_AUDIT_RESULT,880,1,1,-310,0,0,-310,0,0,0,0,0
PAWN_AUDIT_ENTRY,906,16239578271516817596,4250824040319790959,11515076970747548246,1028815591031772952,2243,249,250,239,6,5,1,3,18446744073709550340,18446744073709550278,6,0,1,0,0,0,0,0,0,239,270,18446744073707411016,11,1741,0,0,0,5,18446744073709551613,18446744073709551030,18446744073709551030,239,4,1,1,430850521890587053,2,0,6,5472045679404687381,0,3,1,0
PAWN_AUDIT_RESULT,906,1,1,1,0,0,1,0,0,0,0,0
PAWN_AUDIT_ENTRY,908,17209909325724228284,8694341775413214693,11515076970747548246,17181098882950432892,2251,249,250,239,6,5,1,5,18446744073709547219,18446744073709548874,6,0,1,0,0,0,0,0,0,239,270,18446744073707411016,11,1743,0,0,0,5,18446744073709550194,18446744073709551030,18446744073709551030,239,4,1,1,430850521890587053,2,0,6,5472045679404687381,0,3,1,0
PAWN_AUDIT_RESULT,908,1,1,45,0,0,45,0,0,0,0,0
PAWN_AUDIT_ENTRY,909,8694341775413214693,2848433381468774365,11515076970747548246,14134610501320365772,2257,249,250,239,6,5,1,6,18446744073709547219,18446744073709548874,6,0,1,0,0,0,0,0,0,239,270,18446744073707411016,11,1744,0,0,0,5,18446744073709550194,18446744073709551030,18446744073709551030,239,4,1,1,430850521890587053,2,0,6,5472045679404687381,0,3,1,0
PAWN_AUDIT_RESULT,909,1,1,33,0,0,33,0,0,0,0,0
PAWN_AUDIT_ENTRY,910,2848433381468774365,11211631293663279662,11515076970747548246,15923139708548918591,2266,249,250,239,6,5,1,7,18446744073709547219,18446744073709548874,6,0,1,0,0,0,0,0,0,239,270,18446744073707411016,11,1745,0,0,0,5,18446744073709550194,18446744073709551030,18446744073709551030,239,4,1,1,430850521890587053,2,0,6,5472045679404687381,0,3,1,0
PAWN_AUDIT_RESULT,910,1,1,74,0,0,74,0,0,0,0,0
PAWN_AUDIT_ENTRY,911,11211631293663279662,5808779820002681208,11515076970747548246,1067477850200678570,2267,249,250,239,6,5,1,8,18446744073709547219,18446744073709548874,6,0,1,0,0,0,0,0,0,239,270,18446744073707411016,11,1746,0,0,0,5,18446744073709550194,18446744073709551030,18446744073709551030,239,4,1,1,430850521890587053,2,0,6,5472045679404687381,0,3,1,0
PAWN_AUDIT_RESULT,911,1,1,142,0,0,142,0,0,0,0,0
PAWN_AUDIT_ENTRY,912,5808779820002681208,1948829177534350225,11515076970747548246,14991329957521552942,2272,249,250,239,6,5,1,9,18446744073709547219,18446744073709548874,6,0,1,0,0,0,0,0,0,239,270,18446744073707411016,11,1747,0,0,0,5,18446744073709550194,18446744073709551030,18446744073709551030,239,4,1,1,430850521890587053,2,0,6,5472045679404687381,0,3,1,0
PAWN_AUDIT_RESULT,912,1,1,15,0,0,15,0,0,0,0,0
PAWN_AUDIT_ENTRY,913,1948829177534350225,13167107220973588018,11515076970747548246,17882752102428606239,2273,249,250,239,6,5,1,10,18446744073709547219,18446744073709548874,6,0,1,0,0,0,0,0,0,239,270,18446744073707411016,11,1748,0,0,0,5,18446744073709550194,18446744073709551030,18446744073709551030,239,4,1,1,430850521890587053,2,0,6,5472045679404687381,0,3,1,0
PAWN_AUDIT_RESULT,913,1,1,44,0,0,44,0,0,0,0,0
PAWN_AUDIT_ENTRY,914,13167107220973588018,7915191970969972647,11515076970747548246,14289579597783559956,2284,249,250,239,6,5,1,11,18446744073709547219,18446744073709548874,6,0,1,0,0,0,0,0,0,239,270,18446744073707411016,11,1749,0,0,0,5,18446744073709550194,18446744073709551030,18446744073709551030,239,4,1,1,430850521890587053,2,0,6,5472045679404687381,0,3,1,0
PAWN_AUDIT_RESULT,914,1,1,64,0,0,64,0,0,0,0,0
PAWN_AUDIT_ENTRY,915,7915191970969972647,4991567643093599673,11515076970747548246,10200054394998357575,259,249,250,239,6,5,1,12,18446744073709547219,18446744073709548874,6,0,1,0,0,0,0,0,0,239,270,18446744073707411016,11,1750,0,0,0,6,18446744073709550194,18446744073709551030,18446744073709551030,239,4,1,1,430850521890587053,2,0,6,5472045679404687381,0,3,1,0
PAWN_AUDIT_RESULT,915,1,1,-85,0,0,-85,0,0,0,0,0
PAWN_AUDIT_ENTRY,916,4991567643093599673,10256887867622114098,11515076970747548246,3533528027094991875,267,249,250,239,6,5,1,16,18446744073709542704,18446744073709548874,6,0,1,0,0,0,0,0,0,239,270,18446744073707411016,11,1751,0,0,0,6,18446744073709548141,18446744073709551030,18446744073709551030,239,4,1,1,430850521890587053,2,0,6,5472045679404687381,0,3,1,0
PAWN_AUDIT_RESULT,916,1,1,-150,0,0,-150,0,0,0,0,0
PAWN_AUDIT_ENTRY,917,10256887867622114098,8261713436080812197,11515076970747548246,945275196295963160,2348,249,250,239,6,5,1,17,18446744073709537248,18446744073709550278,6,0,1,0,0,0,0,0,0,239,270,18446744073707411016,11,1752,0,0,0,1,18446744073709545660,18446744073709551030,18446744073709551030,239,4,1,1,430850521890587053,2,0,6,5472045679404687381,0,0,1,0
PAWN_AUDIT_RESULT,917,1,1,249,0,0,249,0,7,7,0,0
PAWN_AUDIT_ENTRY,918,8261713436080812197,13194889095715367016,11515076970747548246,12464620009269709087,853,249,250,249,6,5,1,18,18446744073709537048,18446744073709550278,6,0,1,0,0,0,0,0,0,239,270,18446744073707411016,11,1760,0,0,0,1,18446744073709545569,18446744073709551030,18446744073709551030,239,4,1,1,430850521890587053,2,0,6,5472045679404687381,0,0,1,0
PAWN_AUDIT_RESULT,918,1,1,67,0,0,67,0,0,0,0,0
PAWN_AUDIT_ENTRY,919,13194889095715367016,377055416564637964,11515076970747548246,13281570077930331689,1871,249,250,249,6,5,1,19,18446744073709536327,18446744073709550278,6,0,1,0,0,0,0,0,0,239,270,18446744073707411016,11,1761,0,0,0,3,18446744073709545241,18446744073709551030,18446744073709551030,239,4,1,1,430850521890587053,2,0,6,5472045679404687381,0,3,1,0
PAWN_AUDIT_RESULT,919,1,1,71,0,0,71,0,0,0,0,0
PAWN_AUDIT_ENTRY,920,377055416564637964,12340799939325977723,11515076970747548246,4364874888884270498,268,249,250,249,6,5,1,20,18446744073709536318,18446744073709550278,6,0,1,0,0,0,0,0,0,239,270,18446744073707411016,11,1762,0,0,0,6,18446744073709545237,18446744073709551030,18446744073709551030,239,4,1,1,430850521890587053,2,0,6,5472045679404687381,0,3,1,0
PAWN_AUDIT_RESULT,920,1,1,45,0,0,45,0,0,0,0,0
PAWN_AUDIT_ENTRY,921,12340799939325977723,11462998686718261488,11515076970747548246,6159416811865586941,261,249,250,249,6,5,1,21,18446744073709536269,18446744073709550278,6,0,1,0,0,0,0,0,0,239,270,18446744073707411016,11,1763,0,0,0,6,18446744073709545215,18446744073709551030,18446744073709551030,239,4,1,1,430850521890587053,2,0,6,5472045679404687381,0,3,1,0
PAWN_AUDIT_RESULT,921,1,1,70,0,0,70,0,0,0,0,0
PAWN_AUDIT_ENTRY,922,11462998686718261488,12446289847514709148,11515076970747548246,4459003343974559824,536,249,250,249,6,5,1,22,18446744073709536153,18446744073709550278,6,0,1,0,0,0,0,0,0,239,270,18446744073707411016,11,1764,0,0,0,1,18446744073709545162,18446744073709551030,18446744073709551030,239,4,1,1,430850521890587053,2,0,6,5472045679404687381,0,0,1,0
PAWN_AUDIT_RESULT,922,1,1,140,0,0,140,0,0,0,0,0
PAWN_AUDIT_ENTRY,923,12446289847514709148,12116586967559273893,11515076970747548246,12385032481312160341,1178,249,250,249,6,5,1,23,18446744073709536067,18446744073709550278,6,0,1,0,0,0,0,0,0,239,270,18446744073707411016,11,1765,0,0,0,1,18446744073709545123,18446744073709551030,18446744073709551030,239,4,1,1,430850521890587053,2,0,6,5472045679404687381,0,0,1,0
PAWN_AUDIT_RESULT,923,1,1,149,0,0,149,0,0,0,0,0
PAWN_AUDIT_ENTRY,924,12116586967559273893,16801971482853032849,11515076970747548246,4573998427953424476,601,249,250,249,6,5,1,24,18446744073709536043,18446744073709550278,6,0,1,0,0,0,0,0,0,239,270,18446744073707411016,11,1766,0,0,0,1,18446744073709545112,18446744073709551030,18446744073709551030,239,4,1,1,430850521890587053,2,0,6,5472045679404687381,0,0,1,0
PAWN_AUDIT_RESULT,924,1,1,115,0,0,115,0,0,0,0,0
PAWN_AUDIT_ENTRY,925,16801971482853032849,5947874562789892312,11515076970747548246,1000850681796873913,593,249,250,249,6,5,1,25,18446744073709535940,18446744073709550278,6,0,1,0,0,0,0,0,0,239,270,18446744073707411016,11,1767,0,0,0,1,18446744073709545065,18446744073709551030,18446744073709551030,239,4,1,1,430850521890587053,2,0,6,5472045679404687381,0,0,1,0
PAWN_AUDIT_RESULT,925,1,1,87,0,0,87,0,0,0,0,0
PAWN_AUDIT_ENTRY,926,5947874562789892312,6045636439787696410,11515076970747548246,680918842482300846,1878,249,250,249,6,5,1,26,18446744073709535898,18446744073709550278,6,0,1,0,0,0,0,0,0,239,270,18446744073707411016,11,1768,0,0,0,3,18446744073709545046,18446744073709551030,18446744073709551030,239,4,1,1,430850521890587053,2,0,6,5472045679404687381,0,3,1,0
PAWN_AUDIT_RESULT,926,1,1,179,0,0,179,0,0,0,0,0
PAWN_AUDIT_ENTRY,927,6045636439787696410,7549011660069212841,11515076970747548246,11401728856656637483,926,249,250,249,6,5,1,28,18446744073709536006,18446744073709550278,6,0,1,0,0,0,0,0,0,239,270,18446744073707411016,11,1769,0,0,0,1,18446744073709545095,18446744073709551030,18446744073709551030,239,4,1,1,430850521890587053,2,0,6,5472045679404687381,0,0,1,0
PAWN_AUDIT_RESULT,927,1,1,88,0,0,88,0,0,0,0,0
PAWN_AUDIT_ENTRY,928,7549011660069212841,17324423294124468999,11515076970747548246,5787936562192898455,407,249,250,249,6,5,1,29,18446744073709536028,18446744073709550278,6,0,1,0,0,0,0,0,0,239,270,18446744073707411016,11,1770,0,0,0,2,18446744073709545105,18446744073709551030,18446744073709551030,239,4,1,1,430850521890587053,2,0,6,5472045679404687381,0,3,1,0
PAWN_AUDIT_RESULT,928,1,1,204,0,0,204,0,0,0,0,0
PAWN_AUDIT_ENTRY,929,17324423294124468999,12421385059420492598,11515076970747548246,859606045218441984,396,249,250,249,6,5,1,30,18446744073709535981,18446744073709550278,6,0,1,0,0,0,0,0,0,239,270,18446744073707411016,11,1771,0,0,0,2,18446744073709545084,18446744073709551030,18446744073709551030,239,4,1,1,430850521890587053,2,0,6,5472045679404687381,0,3,1,0
PAWN_AUDIT_RESULT,929,1,1,203,0,0,203,0,0,0,0,0
PAWN_AUDIT_ENTRY,930,12421385059420492598,2187697932338263846,11515076970747548246,12581140434431467044,471,249,250,249,6,5,1,31,18446744073709536076,18446744073709550278,6,0,1,0,0,0,0,0,0,239,270,18446744073707411016,11,1772,0,0,0,4,18446744073709545127,18446744073709551030,18446744073709551030,239,4,1,1,430850521890587053,2,0,6,5472045679404687381,0,3,1,0
PAWN_AUDIT_RESULT,930,1,1,31,0,0,31,0,0,0,0,0
PAWN_AUDIT_ENTRY,931,2187697932338263846,13392286205523287395,11515076970747548246,10302069590665745385,463,249,250,249,6,5,1,32,18446744073709536091,18446744073709550278,6,0,1,0,0,0,0,0,0,239,270,18446744073707411016,11,1773,0,0,0,4,18446744073709545134,18446744073709551030,18446744073709551030,239,4,1,1,430850521890587053,2,0,6,5472045679404687381,0,3,1,0
PAWN_AUDIT_RESULT,931,1,1,64,0,0,64,0,0,0,0,0
PAWN_AUDIT_ENTRY,932,13392286205523287395,5655120477926120666,11515076970747548246,8548674465007609520,918,249,250,249,6,5,1,33,18446744073709536087,18446744073709550278,6,0,1,0,0,0,0,0,0,239,270,18446744073707411016,11,1774,0,0,0,1,18446744073709545132,18446744073709551030,18446744073709551030,239,4,1,1,430850521890587053,2,0,6,5472045679404687381,0,0,1,0
PAWN_AUDIT_RESULT,932,1,1,61,0,0,61,0,0,0,0,0
PAWN_AUDIT_ENTRY,934,9681238169120646968,10030754048382276670,15742983026973730139,12745257363215122243,209,249,250,249,8,7,1,3,18446744073709536584,18446744073709548874,4,0,1,0,0,0,0,227,1,251,247,18446744073709501582,11,1776,0,0,1,5,18446744073709545358,18446744073709551030,18446744073709551030,251,4,2,1,430850521890587053,0,0,4,1556718652699270847,0,1,1,0
PAWN_AUDIT_RESULT,934,1,1,249,0,0,249,0,1,1,0,0
PAWN_AUDIT_ENTRY,937,16492973201044325383,5840818105250685147,15742983026973730139,8797790828319050021,219,249,250,249,8,7,1,7,18446744073709543753,18446744073709548874,4,0,1,0,0,0,0,227,0,251,247,18446744073709501582,11,1780,0,0,1,5,18446744073709548618,18446744073709551030,18446744073709551030,251,4,2,1,430850521890587053,0,0,4,1556718652699270847,0,1,1,0
PAWN_AUDIT_RESULT,937,1,1,155,0,0,155,0,0,0,0,0
PAWN_AUDIT_ENTRY,938,5840818105250685147,15787760453397126460,15742983026973730139,5235927223243953429,2348,249,250,249,8,7,1,8,18446744073709540655,18446744073709550278,4,0,1,0,0,0,0,227,0,251,247,18446744073709501582,11,1781,0,0,1,1,18446744073709547209,18446744073709551030,18446744073709551030,251,4,2,1,430850521890587053,0,0,4,1556718652699270847,0,0,1,0
PAWN_AUDIT_RESULT,938,1,1,137,0,0,137,0,0,0,0,0
PAWN_AUDIT_ENTRY,939,15787760453397126460,4890145069068707360,15742983026973730139,8412187392124384014,267,249,250,249,8,7,1,9,18446744073709541092,18446744073709548874,4,0,1,0,0,0,0,227,0,251,247,18446744073709501582,11,1782,0,0,1,6,18446744073709547408,18446744073709551030,18446744073709551030,251,4,2,1,430850521890587053,0,0,4,1556718652699270847,0,1,1,0
PAWN_AUDIT_RESULT,939,1,1,-273,0,0,-273,0,0,0,0,0
PAWN_AUDIT_ENTRY,940,4890145069068707360,9521237727664018422,15742983026973730139,6353487196695323738,202,249,250,249,8,7,1,10,18446744073709536720,18446744073709550278,4,0,1,0,0,0,0,227,0,251,247,18446744073709501582,11,1783,0,0,1,5,18446744073709545420,18446744073709551030,18446744073709551030,251,4,2,1,430850521890587053,0,0,4,1556718652699270847,0,1,1,0
PAWN_AUDIT_RESULT,940,1,1,87,0,0,87,0,0,0,0,0
PAWN_AUDIT_ENTRY,941,9521237727664018422,16276223188847479458,15742983026973730139,10537846819402183217,204,249,250,249,8,7,1,11,18446744073709536619,18446744073709550278,4,0,1,0,0,0,0,227,0,251,247,18446744073709501582,11,1784,0,0,1,5,18446744073709545374,18446744073709551030,18446744073709551030,251,4,2,1,430850521890587053,0,0,4,1556718652699270847,0,1,1,0
PAWN_AUDIT_RESULT,941,1,1,54,0,0,54,0,0,0,0,0
PAWN_AUDIT_ENTRY,942,16276223188847479458,13293991418192684016,15742983026973730139,8763844874740245502,194,249,250,249,8,7,1,12,18446744073709536478,18446744073709550278,4,0,1,0,0,0,0,227,0,251,247,18446744073709501582,11,1785,0,0,1,5,18446744073709545310,18446744073709551030,18446744073709551030,251,4,2,1,430850521890587053,0,0,4,1556718652699270847,0,1,1,0
PAWN_AUDIT_RESULT,942,1,1,-77,0,0,-77,0,0,0,0,0
PAWN_AUDIT_ENTRY,943,13293991418192684016,2133862533275006214,15742983026973730139,5125291695445491699,222,249,250,249,8,7,1,13,18446744073709536219,18446744073709550278,4,0,1,0,0,0,0,227,0,251,247,18446744073709501582,11,1786,0,0,1,5,18446744073709545192,18446744073709551030,18446744073709551030,251,4,2,1,430850521890587053,0,0,4,1556718652699270847,0,1,1,0
PAWN_AUDIT_RESULT,943,1,1,19,0,0,19,0,0,0,0,0
PAWN_AUDIT_ENTRY,944,2133862533275006214,12362893291955243524,15742983026973730139,5568142365787551694,216,249,250,249,8,7,1,14,18446744073709536164,18446744073709550278,4,0,1,0,0,0,0,227,0,251,247,18446744073709501582,11,1787,0,0,1,5,18446744073709545167,18446744073709551030,18446744073709551030,251,4,2,1,430850521890587053,0,0,4,1556718652699270847,0,1,1,0
PAWN_AUDIT_RESULT,944,1,1,60,0,0,60,0,0,0,0,0
PAWN_AUDIT_ENTRY,946,3170076247584209153,3487521053015363278,17018601807962781506,14930329169119956045,4021,18446744073709551366,18446744073709551367,18446744073709551317,6,5,1,2,18446744073709550340,18446744073709550278,3,0,1,0,0,0,0,0,0,18446744073709551417,18446744073709551417,18446744073707667778,11,1790,0,0,0,14,18446744073709551613,18446744073709551030,18446744073709551030,32002,18446744073709551614,0,1,17860387232710934180,1,0,3,16291145743002163217,0,2,1,0
PAWN_AUDIT_RESULT,946,1,1,-596,0,0,-596,0,0,0,0,0
PAWN_AUDIT_ENTRY,947,3487521053015363278,12183273716567857022,17018601807962781506,4040680898811774209,4031,18446744073709551366,18446744073709551367,18446744073709551317,6,5,1,3,18446744073709548425,18446744073709550278,3,0,1,0,0,0,0,0,0,18446744073709551417,18446744073709551417,18446744073707667778,11,1791,0,0,0,14,18446744073709550978,18446744073709550558,18446744073709551030,32002,18446744073709551614,0,1,17860387232710934180,1,0,3,16291145743002163217,0,2,1,0
PAWN_AUDIT_RESULT,947,1,1,-409,0,0,-409,0,0,0,0,0
PAWN_AUDIT_ENTRY,948,12183273716567857022,7936961064060960416,17018601807962781506,9061015885247705142,3941,18446744073709551366,18446744073709551367,18446744073709551317,6,5,1,4,18446744073709547219,18446744073709550278,3,0,1,0,0,0,0,0,0,18446744073709551417,18446744073709551417,18446744073707667778,11,1792,0,0,0,12,18446744073709550194,18446744073709551030,18446744073709551030,32002,18446744073709551614,0,1,17860387232710934180,1,0,3,16291145743002163217,0,2,1,0
PAWN_AUDIT_RESULT,948,1,1,-364,0,0,-364,0,0,0,0,0
PAWN_AUDIT_ENTRY,949,7936961064060960416,13900581668297219917,17018601807962781506,10410920049704607562,3957,18446744073709551366,18446744073709551367,18446744073709551317,6,5,1,5,18446744073709545319,18446744073709550278,3,0,1,0,0,0,0,0,0,18446744073709551417,18446744073709551417,18446744073707667778,11,1793,0,0,0,12,18446744073709549330,18446744073709551030,18446744073709551030,32002,18446744073709551614,0,1,17860387232710934180,1,0,3,16291145743002163217,0,2,1,0
PAWN_AUDIT_RESULT,949,1,1,-343,0,0,-343,0,0,0,0,0
PAWN_AUDIT_ENTRY,960,5141705900300643381,3148862903670896575,16291145743002163217,9840304787446907401,209,249,250,249,10,9,1,5,18446744073709536584,18446744073709550278,2,0,1,0,0,1,0,1244,0,249,193,7157719,11,1845,0,0,1,5,18446744073709545358,18446744073709551030,18446744073709551030,249,6,2,1,17860387232710934180,0,0,2,10868171264256614571,0,1,1,0
PAWN_AUDIT_RESULT,960,1,1,142,0,0,142,0,0,0,0,0
PAWN_AUDIT_ENTRY,961,3148862903670896575,15674864016898184023,16291145743002163217,402319510823575831,213,249,250,249,10,9,1,6,18446744073709536371,18446744073709550278,2,0,1,0,0,1,0,1244,0,249,193,7157719,11,1846,0,0,1,5,18446744073709545261,18446744073709551030,18446744073709551030,249,6,2,1,17860387232710934180,0,0,2,10868171264256614571,0,1,1,0
PAWN_AUDIT_RESULT,961,1,1,-33,0,0,-33,0,0,0,0,0
PAWN_AUDIT_ENTRY,962,15674864016898184023,9723047748715263918,16291145743002163217,6936554888600181008,202,249,250,249,10,9,1,7,18446744073709536291,18446744073709550278,2,0,1,0,0,1,0,1244,0,249,193,7157719,11,1847,0,0,1,5,18446744073709545225,18446744073709551030,18446744073709551030,249,6,2,1,17860387232710934180,0,0,2,10868171264256614571,0,1,1,0
PAWN_AUDIT_RESULT,962,1,1,130,0,0,130,0,0,0,0,0
PAWN_AUDIT_ENTRY,963,9723047748715263918,11188024028506812240,16291145743002163217,12273006915427323771,204,249,250,249,10,9,1,8,18446744073709536210,18446744073709550278,2,0,1,0,0,1,0,1244,0,249,193,7157719,11,1848,0,0,1,5,18446744073709545188,18446744073709551030,18446744073709551030,249,6,2,1,17860387232710934180,0,0,2,10868171264256614571,0,1,1,0
PAWN_AUDIT_RESULT,963,1,1,112,0,0,112,0,0,0,0,0
PAWN_AUDIT_ENTRY,964,11188024028506812240,4191750916033730739,16291145743002163217,4951801007681251498,1221,249,250,249,10,9,1,9,18446744073709536168,18446744073709550278,2,0,1,0,0,1,0,1244,0,249,193,7157719,11,1849,0,0,1,3,18446744073709545169,18446744073709551030,18446744073709551030,249,6,2,1,17860387232710934180,0,0,2,10868171264256614571,0,1,1,0
PAWN_AUDIT_RESULT,964,1,1,79,0,0,79,0,0,0,0,0
PAWN_AUDIT_ENTRY,965,4191750916033730739,13051592310953834076,16291145743002163217,4751552010967457460,194,249,250,249,10,9,1,10,18446744073709536096,18446744073709550278,2,0,1,0,0,1,0,1244,0,249,193,7157719,11,1850,0,0,1,5,18446744073709545136,18446744073709551030,18446744073709551030,249,6,2,1,17860387232710934180,0,0,2,10868171264256614571,0,1,1,0
PAWN_AUDIT_RESULT,965,1,1,23,0,0,23,0,0,0,0,0
PAWN_AUDIT_ENTRY,966,13051592310953834076,1783264645890536075,16291145743002163217,4704895287981424613,268,249,250,249,10,9,1,11,18446744073709535968,18446744073709550278,2,0,1,0,0,1,0,1244,0,249,193,7157719,11,1851,0,0,1,6,18446744073709545078,18446744073709551030,18446744073709551030,249,6,2,1,17860387232710934180,0,0,2,10868171264256614571,0,1,1,0
PAWN_AUDIT_RESULT,966,1,1,-56,0,0,-56,0,0,0,0,0
PAWN_AUDIT_ENTRY,967,1783264645890536075,3283662737102315613,16291145743002163217,2928086563342759610,261,249,250,249,10,9,1,12,18446744073709535929,18446744073709550278,2,0,1,0,0,1,0,1244,0,249,193,7157719,11,1852,0,0,1,6,18446744073709545060,18446744073709551030,18446744073709551030,249,6,2,1,17860387232710934180,0,0,2,10868171264256614571,0,1,1,0
PAWN_AUDIT_RESULT,967,1,1,33,0,0,33,0,0,0,0,0
PAWN_AUDIT_ENTRY,968,3283662737102315613,9828632362022509081,16291145743002163217,9173613356237357753,222,249,250,249,10,9,1,13,18446744073709535889,18446744073709550278,2,0,1,0,0,1,0,1244,0,249,193,7157719,11,1853,0,0,1,5,18446744073709545042,18446744073709551030,18446744073709551030,249,6,2,1,17860387232710934180,0,0,2,10868171264256614571,0,1,1,0
PAWN_AUDIT_RESULT,968,1,1,33,0,0,33,0,0,0,0,0
PAWN_AUDIT_ENTRY,969,9828632362022509081,14527276532143294136,16291145743002163217,8442431675380976260,216,249,250,249,10,9,1,14,18446744073709535843,18446744073709550278,2,0,1,0,0,1,0,1244,0,249,193,7157719,11,1854,0,0,1,5,18446744073709545021,18446744073709551030,18446744073709551030,249,6,2,1,17860387232710934180,0,0,2,10868171264256614571,0,1,1,0
PAWN_AUDIT_RESULT,969,1,1,21,0,0,21,0,0,0,0,0
PAWN_AUDIT_ENTRY,970,14527276532143294136,4701883993211372211,16291145743002163217,4627884200904849943,536,249,250,249,10,9,1,15,18446744073709535834,18446744073709550278,2,0,1,0,0,1,0,1244,0,249,193,7157719,11,1855,0,0,1,1,18446744073709545017,18446744073709551030,18446744073709551030,249,6,2,1,17860387232710934180,0,0,2,10868171264256614571,0,0,1,0
PAWN_AUDIT_RESULT,970,1,1,124,0,0,124,0,0,0,0,0
PAWN_AUDIT_ENTRY,971,4701883993211372211,2059553325210823541,16291145743002163217,15436222617756610578,1178,249,250,249,10,9,1,16,18446744073709535766,18446744073709550278,2,0,1,0,0,1,0,1244,0,249,193,7157719,11,1856,0,0,1,1,18446744073709544986,18446744073709551030,18446744073709551030,249,6,2,1,17860387232710934180,0,0,2,10868171264256614571,0,0,1,0
PAWN_AUDIT_RESULT,971,1,1,128,0,0,128,0,0,0,0,0
PAWN_AUDIT_ENTRY,972,2059553325210823541,1997366648729949362,16291145743002163217,4801427184921698843,601,249,250,249,10,9,1,17,18446744073709535746,18446744073709550278,2,0,1,0,0,1,0,1244,0,249,193,7157719,11,1857,0,0,1,1,18446744073709544977,18446744073709551030,18446744073709551030,249,6,2,1,17860387232710934180,0,0,2,10868171264256614571,0,0,1,0
PAWN_AUDIT_RESULT,972,1,1,84,0,0,84,0,0,0,0,0
PAWN_AUDIT_ENTRY,973,1997366648729949362,515523607888295300,16291145743002163217,8490702620906914120,1226,249,250,249,10,9,1,20,18446744073709539913,18446744073709551502,2,0,1,0,0,1,0,1244,0,249,193,7157719,11,1858,0,0,1,3,18446744073709549322,18446744073709548309,18446744073709548785,249,6,2,1,17860387232710934180,0,0,2,10868171264256614571,0,1,1,0
PAWN_AUDIT_RESULT,973,1,1,231,0,0,231,0,0,0,0,0
PAWN_AUDIT_ENTRY,974,515523607888295300,17281786964074737399,16291145743002163217,8126262891432634463,2348,249,250,249,10,9,1,22,18446744073709537838,18446744073709550278,2,0,1,0,0,1,0,1244,0,249,193,7157719,11,1859,0,0,1,1,18446744073709546660,18446744073709550213,18446744073709550364,249,6,2,1,17860387232710934180,0,0,2,10868171264256614571,0,0,1,0
PAWN_AUDIT_RESULT,974,1,1,147,0,0,147,0,0,0,0,0
PAWN_AUDIT_ENTRY,1004,10079439497127255529,3635543258109040577,12847806309816006890,7381903605408336553,4031,18446744073709551366,18446744073709551367,18446744073709550674,9,8,5,2,18446744073709543817,3449,7,0,0,0,0,0,0,0,0,18446744073709551038,18446744073709551038,1042164,11,1937,0,0,0,14,18446744073709548647,18446744073709551030,18446744073709551030,18446744073709551083,3,1,1,430850521890587053,3,0,7,4009786967678191645,0,4,1,0
PAWN_AUDIT_RESULT,1004,5,5,-669,0,0,-669,0,0,0,0,0
PAWN_AUDIT_ENTRY,1005,3635543258109040577,8819427705443264363,12847806309816006890,1758290610052507050,3325,18446744073709551366,18446744073709551367,18446744073709550947,9,8,5,3,18446744073709547219,18446744073709550278,7,0,0,0,0,0,0,0,0,18446744073709551038,18446744073709551038,1042164,11,1938,0,0,0,10,18446744073709550194,18446744073709551030,18446744073709551030,18446744073709551083,3,1,1,430850521890587053,3,0,7,4009786967678191645,0,4,1,0
PAWN_AUDIT_RESULT,1005,5,5,-370,0,0,-370,0,0,0,0,0
PAWN_AUDIT_ENTRY,1006,8819427705443264363,10890359993795125939,12847806309816006890,5939543215874867869,3837,18446744073709551366,18446744073709551367,18446744073709551246,9,8,5,4,18446744073709547219,18446744073709550278,7,0,0,0,0,0,0,0,0,18446744073709551038,18446744073709551038,1042164,11,1939,0,0,0,13,18446744073709550194,18446744073709551030,18446744073709551030,18446744073709551083,3,1,1,430850521890587053,3,0,7,4009786967678191645,0,4,1,0
PAWN_AUDIT_RESULT,1006,5,5,-469,0,0,-469,0,0,0,0,0
PAWN_AUDIT_ENTRY,1007,10890359993795125939,3538414902828935960,12847806309816006890,9846954696641774481,4029,18446744073709551366,18446744073709551367,18446744073709551246,9,8,4,5,18446744073709547219,18446744073709550278,7,0,0,0,0,0,0,0,0,18446744073709551038,18446744073709551038,1042164,11,1940,0,0,0,14,18446744073709550194,18446744073709551030,18446744073709551030,18446744073709551083,3,1,1,430850521890587053,3,0,7,4009786967678191645,0,4,1,0
PAWN_AUDIT_RESULT,1007,4,4,-618,0,0,-618,0,0,0,0,0
PAWN_AUDIT_ENTRY,1008,3538414902828935960,5656498283514508402,12847806309816006890,15634679651517416814,3517,18446744073709551366,18446744073709551367,18446744073709551246,9,8,4,6,18446744073709544182,18446744073709550278,7,0,0,0,0,0,0,0,0,18446744073709551038,18446744073709551038,1042164,11,1941,0,0,0,11,18446744073709548813,18446744073709551030,18446744073709551030,18446744073709551083,3,1,1,430850521890587053,3,0,7,4009786967678191645,0,4,1,0
PAWN_AUDIT_RESULT,1008,4,4,-665,0,0,-665,0,0,0,0,0
PAWN_AUDIT_ENTRY,1082,12049468701827319509,9685678693209210067,1547905024772052083,7906105050155349685,725,259,260,239,7,6,1,4,18446744073709548938,6078,4,0,1,0,0,0,0,0,0,380,380,1777307,11,2071,0,0,0,2,18446744073709550885,18446744073709551281,18446744073709550958,32002,18446744073709551614,0,1,17099945467183773239,2,0,4,9038468522875363445,0,3,1,0
PAWN_AUDIT_RESULT,1082,1,1,225,0,0,225,0,0,0,0,0
PAWN_AUDIT_ENTRY,1084,12170279677120504396,4772519364821726311,9420277914663177514,8767214253703755541,3964,18446744073709551356,18446744073709551357,18446744073709551230,7,6,1,2,18446744073709541466,4906,5,0,0,0,0,0,0,0,0,18446744073709551124,18446744073709551124,18446744073709132979,11,2075,0,0,0,12,18446744073709547578,18446744073709551030,18446744073709551030,18446744073709551203,2,1,1,17099945467183773239,3,0,5,1547905024772052083,0,4,1,0
PAWN_AUDIT_RESULT,1084,1,1,-328,0,0,-328,0,0,0,0,0
PAWN_AUDIT_ENTRY,1085,4772519364821726311,8127240906388471554,9420277914663177514,111420656605251416,2195,18446744073709551356,18446744073709551357,18446744073709551288,7,6,1,3,18446744073709549646,18446744073709550278,5,0,0,0,0,0,0,0,1,18446744073709551124,18446744073709551124,18446744073709132979,11,2076,0,0,0,10,18446744073709551613,18446744073709551030,18446744073709550380,18446744073709551203,2,1,1,17099945467183773239,3,0,5,1547905024772052083,0,4,1,0
PAWN_AUDIT_RESULT,1085,1,1,-684,0,0,-684,0,1,1,0,0
PAWN_AUDIT_ENTRY,1086,8127240906388471554,6032257091987267479,9420277914663177514,2414202439349037158,2216,18446744073709551356,18446744073709551357,18446744073709551288,7,6,1,5,18446744073709547219,18446744073709548874,5,0,0,0,0,0,0,0,0,18446744073709551124,18446744073709551124,18446744073709132979,11,2078,0,0,0,10,18446744073709550194,18446744073709551030,18446744073709551030,18446744073709551203,2,1,1,17099945467183773239,3,0,5,1547905024772052083,0,4,1,0
PAWN_AUDIT_RESULT,1086,1,1,-681,0,0,-681,0,0,0,0,0
PAWN_AUDIT_ENTRY,1087,6032257091987267479,13334568376567606116,9420277914663177514,7261293331058524712,2220,18446744073709551356,18446744073709551357,18446744073709551288,7,6,1,6,18446744073709547219,18446744073709548874,5,0,0,0,0,0,0,0,0,18446744073709551124,18446744073709551124,18446744073709132979,11,2079,0,0,0,10,18446744073709550194,18446744073709551030,18446744073709551030,18446744073709551203,2,1,1,17099945467183773239,3,0,5,1547905024772052083,0,4,1,0
PAWN_AUDIT_RESULT,1087,1,1,-499,0,0,-499,0,0,0,0,0
PAWN_AUDIT_ENTRY,1088,13334568376567606116,5165868845422121663,9420277914663177514,16910973215917570348,2227,18446744073709551356,18446744073709551357,18446744073709551288,7,6,1,7,18446744073709547219,18446744073709548874,5,0,0,0,0,0,0,0,0,18446744073709551124,18446744073709551124,18446744073709132979,11,2080,0,0,0,10,18446744073709550194,18446744073709551030,18446744073709551030,18446744073709551203,2,1,1,17099945467183773239,3,0,5,1547905024772052083,0,4,1,0
PAWN_AUDIT_RESULT,1088,1,1,-529,0,0,-529,0,0,0,0,0
PAWN_AUDIT_ENTRY,1100,14814343027466799750,9288235786751371831,14412249995194998872,12952252855818785050,2,259,260,259,7,6,1,4,18446744073709547219,18446744073709550278,4,0,1,0,0,0,0,0,0,417,417,1777307,11,2100,0,0,1,4,18446744073709550194,18446744073709551030,18446744073709551030,32002,18446744073709551614,0,1,17099945467183773239,0,0,4,9038468522875363445,0,1,1,0
PAWN_AUDIT_RESULT,1100,1,1,13,0,0,13,0,0,0,0,0
PAWN_AUDIT_ENTRY,1101,9288235786751371831,18423629557389853153,14412249995194998872,14283561573620043531,405,259,260,259,7,6,1,5,18446744073709544228,625,4,0,1,0,0,0,0,0,0,417,417,1777307,11,2101,0,0,1,2,18446744073709549699,18446744073709551030,18446744073709549247,32002,18446744073709551614,0,1,17099945467183773239,0,0,4,9038468522875363445,0,1,1,0
PAWN_AUDIT_RESULT,1101,1,1,0,0,0,0,0,0,0,0,0
PAWN_AUDIT_ENTRY,1102,18423629557389853153,4213172964529951598,14412249995194998872,11881013319185699001,1217,259,260,259,7,6,1,6,18446744073709545698,18446744073709550278,4,0,1,0,0,0,0,0,0,417,417,1777307,11,2102,0,0,1,3,18446744073709549596,18446744073709551030,18446744073709550837,32002,18446744073709551614,0,1,17099945467183773239,0,0,4,9038468522875363445,0,1,1,0
PAWN_AUDIT_RESULT,1102,1,1,-80,0,0,-80,0,0,0,0,0
PAWN_AUDIT_ENTRY,1104,11276772166032320422,16128660285678617932,14412249995194998872,17266451196876942375,1871,259,260,259,7,6,1,10,18446744073709535975,18446744073709550278,4,0,1,0,0,0,0,0,0,417,417,1777307,11,2108,0,0,1,3,18446744073709545081,18446744073709551030,18446744073709551030,32002,18446744073709551614,0,1,17099945467183773239,0,0,4,9038468522875363445,0,1,1,0
PAWN_AUDIT_RESULT,1104,1,1,-55,0,0,-55,0,0,0,0,0
PAWN_AUDIT_ENTRY,1105,16128660285678617932,18150390593367624488,14412249995194998872,6497814757192285367,593,259,260,259,7,6,1,12,18446744073709535665,18446744073709550278,4,0,1,0,0,0,0,0,0,417,417,1777307,11,2109,0,0,1,1,18446744073709544940,18446744073709551030,18446744073709551030,32002,18446744073709551614,0,1,17099945467183773239,0,0,4,9038468522875363445,0,0,1,0
PAWN_AUDIT_RESULT,1105,1,1,-50,0,0,-50,0,0,0,0,0
PAWN_AUDIT_ENTRY,1106,18150390593367624488,3536020206950247746,14412249995194998872,6826401952420488608,1878,259,260,259,7,6,1,13,18446744073709535629,18446744073709550278,4,0,1,0,0,0,0,0,0,417,417,1777307,11,2110,0,0,1,3,18446744073709544924,18446744073709551030,18446744073709551030,32002,18446744073709551614,0,1,17099945467183773239,0,0,4,9038468522875363445,0,1,1,0
PAWN_AUDIT_RESULT,1106,1,1,23,0,0,23,0,0,0,0,0
PAWN_AUDIT_ENTRY,1107,3536020206950247746,9696161593472232652,14412249995194998872,7651285460612317790,536,259,260,259,7,6,1,14,18446744073709535579,18446744073709550278,4,0,1,0,0,0,0,0,0,417,417,1777307,11,2111,0,0,1,1,18446744073709544901,18446744073709551030,18446744073709551030,32002,18446744073709551614,0,1,17099945467183773239,0,0,4,9038468522875363445,0,0,1,0
PAWN_AUDIT_RESULT,1107,1,1,31,0,0,31,0,0,0,0,0
PAWN_AUDIT_ENTRY,1108,9696161593472232652,7250842904618110128,14412249995194998872,7545014997488933458,601,259,260,259,7,6,1,16,18446744073709535509,18446744073709550278,4,0,1,0,0,0,0,0,0,417,417,1777307,11,2112,0,0,1,1,18446744073709544869,18446744073709551030,18446744073709551030,32002,18446744073709551614,0,1,17099945467183773239,0,0,4,9038468522875363445,0,0,1,0
PAWN_AUDIT_RESULT,1108,1,1,9,0,0,9,0,0,0,0,0
PAWN_AUDIT_ENTRY,1109,7250842904618110128,4511305056413237683,14412249995194998872,1958183060125668536,528,259,260,259,7,6,1,17,18446744073709535491,18446744073709550278,4,0,1,0,0,0,0,0,0,417,417,1777307,11,2113,0,0,1,1,18446744073709544861,18446744073709551030,18446744073709551030,32002,18446744073709551614,0,1,17099945467183773239,0,0,4,9038468522875363445,0,0,1,0
PAWN_AUDIT_RESULT,1109,1,1,4,0,0,4,0,0,0,0,0
PAWN_AUDIT_ENTRY,1110,4511305056413237683,10266720908562309070,14412249995194998872,14552343708279217189,926,259,260,259,7,6,1,19,18446744073709535717,18446744073709550105,4,0,1,0,0,0,0,0,0,417,417,1777307,11,2114,0,0,1,1,18446744073709544964,18446744073709551030,18446744073709551030,32002,18446744073709551614,0,1,17099945467183773239,0,0,4,9038468522875363445,0,0,1,0
PAWN_AUDIT_RESULT,1110,1,1,11,0,0,11,0,0,0,0,0
PAWN_AUDIT_ENTRY,1111,10266720908562309070,16318051587908914790,14412249995194998872,2408759900863878334,918,259,260,259,7,6,1,20,18446744073709535781,18446744073709549983,4,0,1,0,0,0,0,0,0,417,417,1777307,11,2115,0,0,1,1,18446744073709544993,18446744073709551030,18446744073709551030,32002,18446744073709551614,0,1,17099945467183773239,0,0,4,9038468522875363445,0,0,1,0
PAWN_AUDIT_RESULT,1111,1,1,29,0,0,29,0,0,0,0,0
PAWN_AUDIT_ENTRY,1112,16318051587908914790,12278181115874277989,14412249995194998872,5356126122746093913,202,259,260,259,7,6,1,21,18446744073709535946,18446744073709549429,4,0,1,0,0,0,0,0,0,417,417,1777307,11,2116,0,0,1,5,18446744073709545068,18446744073709551030,18446744073709551030,32002,18446744073709551614,0,1,17099945467183773239,0,0,4,9038468522875363445,0,1,1,0
PAWN_AUDIT_RESULT,1112,1,1,84,0,0,84,0,0,0,0,0
PAWN_AUDIT_ENTRY,1113,12278181115874277989,14287106923172728529,14412249995194998872,18101204572855221009,853,259,260,259,7,6,1,22,18446744073709536553,18446744073709549718,4,0,1,0,0,0,0,0,0,417,417,1777307,11,2117,0,0,1,1,18446744073709545344,18446744073709551030,18446744073709551030,32002,18446744073709551614,0,1,17099945467183773239,0,0,4,9038468522875363445,0,0,1,0
PAWN_AUDIT_RESULT,1113,1,1,-22,0,0,-22,0,0,0,0,0
PAWN_AUDIT_ENTRY,1114,14287106923172728529,10773046030989087380,14412249995194998872,7736193405020096428,268,259,260,259,7,6,1,23,18446744073709536208,18446744073709548874,4,0,1,0,0,0,0,0,0,417,417,1777307,11,2118,0,0,1,6,18446744073709545187,18446744073709551030,18446744073709551030,32002,18446744073709551614,0,1,17099945467183773239,0,0,4,9038468522875363445,0,1,1,0
PAWN_AUDIT_RESULT,1114,1,1,-33,0,0,-33,0,0,0,0,0
PAWN_AUDIT_ENTRY,1115,10773046030989087380,12473673871555023549,14412249995194998872,9242835026860488498,204,259,260,259,7,6,1,24,18446744073709535880,18446744073709549016,4,0,1,0,0,0,0,0,0,417,417,1777307,11,2119,0,0,1,5,18446744073709545038,18446744073709551030,18446744073709551030,32002,18446744073709551614,0,1,17099945467183773239,0,0,4,9038468522875363445,0,1,1,0
PAWN_AUDIT_RESULT,1115,1,1,34,0,0,34,0,0,0,0,0
PAWN_AUDIT_ENTRY,1116,12473673871555023549,3588529996271543347,14412249995194998872,7775386548588635901,194,259,260,259,7,6,1,25,18446744073709535790,18446744073709548874,4,0,1,0,0,0,0,0,0,417,417,1777307,11,2120,0,0,1,5,18446744073709544997,18446744073709551030,18446744073709551030,32002,18446744073709551614,0,1,17099945467183773239,0,0,4,9038468522875363445,0,1,1,0
PAWN_AUDIT_RESULT,1116,1,1,-32,0,0,-32,0,0,0,0,0
PAWN_AUDIT_ENTRY,1117,3588529996271543347,3574381934488264121,14412249995194998872,6149778547569687280,222,259,260,259,7,6,1,26,18446744073709535623,18446744073709548874,4,0,1,0,0,0,0,0,0,417,417,1777307,11,2121,0,0,1,5,18446744073709544921,18446744073709551030,18446744073709551030,32002,18446744073709551614,0,1,17099945467183773239,0,0,4,9038468522875363445,0,1,1,0
PAWN_AUDIT_RESULT,1117,1,1,30,0,0,30,0,0,0,0,0
PAWN_AUDIT_ENTRY,1118,3574381934488264121,17729002820141182276,14412249995194998872,6863157486861234893,216,259,260,259,7,6,1,27,18446744073709535585,18446744073709548874,4,0,1,0,0,0,0,0,0,417,417,1777307,11,2122,0,0,1,5,18446744073709544904,18446744073709551030,18446744073709551030,32002,18446744073709551614,0,1,17099945467183773239,0,0,4,9038468522875363445,0,1,1,0
PAWN_AUDIT_RESULT,1118,1,1,-221,0,0,-221,0,0,0,0,0
PAWN_AUDIT_ENTRY,1119,17729002820141182276,17588197369073788812,14412249995194998872,6639065995515230478,396,259,260,259,7,6,1,31,18446744073709535786,18446744073709548750,4,0,1,0,0,0,0,0,0,417,417,1777307,11,2123,0,0,1,2,18446744073709544995,18446744073709551030,18446744073709551030,32002,18446744073709551614,0,1,17099945467183773239,0,0,4,9038468522875363445,0,1,1,0
PAWN_AUDIT_RESULT,1119,1,1,27,0,0,27,0,0,0,0,0
PAWN_AUDIT_ENTRY,1120,17588197369073788812,16575839582802385378,14412249995194998872,548803495202499481,407,259,260,259,7,6,1,32,18446744073709535832,18446744073709548721,4,0,1,0,0,0,0,0,0,417,417,1777307,11,2124,0,0,1,2,18446744073709545016,18446744073709551030,18446744073709551030,32002,18446744073709551614,0,1,17099945467183773239,0,0,4,9038468522875363445,0,1,1,0
PAWN_AUDIT_RESULT,1120,1,1,60,0,0,60,0,0,0,0,0
PAWN_AUDIT_ENTRY,1121,16575839582802385378,16144229231228780730,14412249995194998872,17966667528815914026,471,259,260,259,7,6,1,33,18446744073709535772,18446744073709548685,4,0,1,0,0,0,0,0,0,417,417,1777307,11,2125,0,0,1,4,18446744073709544989,18446744073709551030,18446744073709551030,32002,18446744073709551614,0,1,17099945467183773239,0,0,4,9038468522875363445,0,1,1,0
PAWN_AUDIT_RESULT,1121,1,1,-155,0,0,-155,0,0,0,0,0
PAWN_AUDIT_ENTRY,1122,16144229231228780730,2261576792386233825,14412249995194998872,8966631264561533902,1903,259,260,259,7,6,1,34,18446744073709536074,18446744073709548613,4,0,1,0,0,0,0,0,0,417,417,1777307,11,2126,0,0,1,3,18446744073709545126,18446744073709551030,18446744073709551030,32002,18446744073709551614,0,1,17099945467183773239,0,0,4,9038468522875363445,0,1,1,0
PAWN_AUDIT_RESULT,1122,1,1,27,0,0,27,0,0,0,0,0
PAWN_AUDIT_ENTRY,1123,2261576792386233825,8590074725339950313,14412249995194998872,15651998588994920935,463,259,260,259,7,6,1,35,18446744073709535786,18446744073709548663,4,0,1,0,0,0,0,0,0,417,417,1777307,11,2127,0,0,1,4,18446744073709544995,18446744073709551030,18446744073709551030,32002,18446744073709551614,0,1,17099945467183773239,0,0,4,9038468522875363445,0,1,1,0
PAWN_AUDIT_RESULT,1123,1,1,-167,0,0,-167,0,0,0,0,0
PAWN_AUDIT_ENTRY,1124,8590074725339950313,8837233383997378039,14412249995194998872,11166326810214393867,1249,259,260,259,7,6,1,36,18446744073709536063,18446744073709548583,4,0,1,0,0,0,0,0,0,417,417,1777307,11,2128,0,0,1,3,18446744073709545121,18446744073709551030,18446744073709551030,32002,18446744073709551614,0,1,17099945467183773239,0,0,4,9038468522875363445,0,1,1,0
PAWN_AUDIT_RESULT,1124,1,1,0,0,0,0,0,0,0,0,0
PAWN_AUDIT_ENTRY,1125,8837233383997378039,5129408297851755980,14412249995194998872,5813847673281220067,1228,259,260,259,7,6,1,38,18446744073709536032,18446744073709548514,4,0,1,0,0,0,0,0,0,417,417,1777307,11,2129,0,0,1,3,18446744073709545107,18446744073709551030,18446744073709551030,32002,18446744073709551614,0,1,17099945467183773239,0,0,4,9038468522875363445,0,1,1,0
PAWN_AUDIT_RESULT,1125,1,1,-28,0,0,-28,0,0,0,0,0
PAWN_AUDIT_ENTRY,1144,4720123864114218805,6036923665939035945,15601132354317317515,10126701303896783212,3742,18446744073709551375,18446744073709551376,18446744073709551372,6,5,1,4,18446744073709551547,18446744073709548874,7,0,1,0,0,1,1,3492,0,18446744073709551370,18446744073709551249,18446744073708537046,11,2175,0,0,1,11,546,18446744073709551030,18446744073709551030,18446744073709551370,1,3,1,12623835902163763756,0,0,7,3712507779515880262,0,1,1,0
PAWN_AUDIT_RESULT,1144,1,1,-666,0,0,-666,0,0,0,0,0
PAWN_AUDIT_ENTRY,1145,6036923665939035945,10327422996540759728,15601132354317317515,2563305769501708212,3901,18446744073709551375,18446744073709551376,18446744073709551372,6,5,1,5,18446744073709547219,18446744073709550278,7,0,1,0,0,1,1,3492,0,18446744073709551370,18446744073709551249,18446744073708537046,11,2176,0,0,1,12,18446744073709550194,18446744073709551030,18446744073709551030,18446744073709551370,1,3,1,12623835902163763756,0,0,7,3712507779515880262,0,1,1,0
PAWN_AUDIT_RESULT,1145,1,1,-1014,0,0,-1014,0,0,0,0,0
PAWN_AUDIT_ENTRY,1147,10766317088529838255,18281547260568496373,9818977039213851929,2480959626900777049,3325,18446744073709551375,18446744073709551376,18446744073709551373,8,7,1,3,18446744073709548581,18446744073709548874,5,0,1,0,0,1,1,3300,0,18446744073709551370,18446744073709551367,18446744073709150501,11,2181,0,0,0,10,18446744073709550813,18446744073709551030,18446744073709551030,18446744073709551370,3,3,1,17099945467183773239,3,0,5,985497065946023406,0,4,1,0
PAWN_AUDIT_RESULT,1147,1,1,-394,0,0,-394,0,0,0,0,0
PAWN_AUDIT_ENTRY,1149,12587173922334380270,9574573713292415781,9818977039213851929,3279790609728493192,3884,18446744073709551375,18446744073709551376,18446744073709551373,8,7,1,5,18446744073709544714,18446744073709548874,5,0,1,0,0,1,1,3300,0,18446744073709551370,18446744073709551367,18446744073709150501,11,2183,0,0,0,12,18446744073709549055,18446744073709551030,18446744073709551030,18446744073709551370,3,3,1,17099945467183773239,3,0,5,985497065946023406,0,4,1,0
PAWN_AUDIT_RESULT,1149,1,1,-406,0,0,-406,0,0,0,0,0
PAWN_AUDIT_ENTRY,1150,9574573713292415781,5437178414278934454,9818977039213851929,2496385957339719349,3892,18446744073709551375,18446744073709551376,18446744073709551373,8,7,1,6,18446744073709544714,18446744073709548874,5,0,1,0,0,1,1,3300,0,18446744073709551370,18446744073709551367,18446744073709150501,11,2184,0,0,0,12,18446744073709549055,18446744073709551030,18446744073709551030,18446744073709551370,3,3,1,17099945467183773239,3,0,5,985497065946023406,0,4,1,0
PAWN_AUDIT_RESULT,1150,1,1,-460,0,0,-460,0,0,0,0,0
PAWN_AUDIT_ENTRY,1151,5437178414278934454,651752997633949047,9818977039213851929,8310524136967032614,3901,18446744073709551375,18446744073709551376,18446744073709551373,8,7,1,7,18446744073709544714,18446744073709548874,5,0,1,0,0,1,1,3300,0,18446744073709551370,18446744073709551367,18446744073709150501,11,2185,0,0,0,12,18446744073709549055,18446744073709551030,18446744073709551030,18446744073709551370,3,3,1,17099945467183773239,3,0,5,985497065946023406,0,4,1,0
PAWN_AUDIT_RESULT,1151,1,1,-526,0,0,-526,0,0,0,0,0
PAWN_AUDIT_ENTRY,1152,651752997633949047,17252429235913617221,9818977039213851929,12875784173786664546,4029,18446744073709551375,18446744073709551376,18446744073709551373,8,7,1,8,18446744073709544714,18446744073709548874,5,0,1,0,0,1,1,3300,0,18446744073709551370,18446744073709551367,18446744073709150501,11,2186,0,0,0,14,18446744073709549055,18446744073709551030,18446744073709551030,18446744073709551370,3,3,1,17099945467183773239,3,0,5,985497065946023406,0,4,1,0
PAWN_AUDIT_RESULT,1152,1,1,-392,0,0,-392,0,0,0,0,0
PAWN_AUDIT_ENTRY,1160,15787239704833320458,4626879511502911673,17779607077825757137,11432825531361299415,3298,18446744073709551375,18446744073709551376,18446744073709551374,10,9,3,6,18446744073709546708,18446744073709548009,3,0,1,0,0,1,1,3964,0,18446744073709551370,18446744073709551388,18446744073707437663,11,2197,0,0,0,10,696,18446744073709547915,18446744073709549396,18446744073709551370,5,3,1,17099945467183773239,1,0,3,17908041649903161474,0,2,1,0
PAWN_AUDIT_RESULT,1160,3,3,-246,0,0,-246,0,0,0,0,0
PAWN_AUDIT_ENTRY,1161,4626879511502911673,7843471184475339785,17779607077825757137,2202903097584566465,3104,18446744073709551375,18446744073709551376,18446744073709551374,10,9,1,7,18446744073709533840,18446744073709549475,3,0,1,0,0,1,1,3964,0,18446744073709551370,18446744073709551388,18446744073707437663,11,2198,0,0,0,9,18446744073709545050,18446744073709550003,18446744073709550152,18446744073709551370,5,3,1,17099945467183773239,1,0,3,17908041649903161474,0,0,1,0
PAWN_AUDIT_RESULT,1161,1,1,-310,0,0,-310,0,0,0,0,0
PAWN_AUDIT_ENTRY,1162,7843471184475339785,16965426632063710509,17779607077825757137,996863831203332168,3429,18446744073709551375,18446744073709551376,18446744073709551374,10,9,1,9,18446744073709533620,18446744073709549445,3,0,1,0,0,1,1,3964,0,18446744073709551370,18446744073709551388,18446744073707437663,11,2199,0,0,0,9,18446744073709544991,18446744073709549956,18446744073709550116,18446744073709551370,5,3,1,17099945467183773239,1,0,3,17908041649903161474,0,0,1,0
PAWN_AUDIT_RESULT,1162,1,1,-388,0,0,-388,0,0,0,0,0
PAWN_AUDIT_ENTRY,1163,16965426632063710509,10574191282649340431,17779607077825757137,1043273703250947194,3234,18446744073709551375,18446744073709551376,18446744073709551374,10,9,1,10,18446744073709533476,18446744073709549402,3,0,1,0,0,1,1,3964,0,18446744073709551370,18446744073709551388,18446744073707437663,11,2200,0,0,0,9,18446744073709544981,18446744073709549891,18446744073709550068,18446744073709551370,5,3,1,17099945467183773239,1,0,3,17908041649903161474,0,0,1,0
PAWN_AUDIT_RESULT,1163,1,1,-379,0,0,-379,0,0,0,0,0
PAWN_AUDIT_ENTRY,1164,10574191282649340431,9688226166626660830,17779607077825757137,6856590486115332062,3437,18446744073709551375,18446744073709551376,18446744073709551374,10,9,1,12,18446744073709533665,18446744073709549351,3,0,1,0,0,1,1,3964,0,18446744073709551370,18446744073709551388,18446744073707437663,11,2201,0,0,0,9,18446744073709545099,18446744073709549883,18446744073709550011,18446744073709551370,5,3,1,17099945467183773239,1,0,3,17908041649903161474,0,0,1,0
PAWN_AUDIT_RESULT,1164,1,1,-380,0,0,-380,0,0,0,0,0
PAWN_AUDIT_ENTRY,1165,9688226166626660830,6015152809869011809,17779607077825757137,15462276324360831565,2982,18446744073709551375,18446744073709551376,18446744073709551374,10,9,1,14,18446744073709533576,18446744073709549334,3,0,1,0,0,1,1,3964,0,18446744073709551370,18446744073709551388,18446744073707437663,11,2202,0,0,0,9,18446744073709545233,18446744073709549537,18446744073709550008,18446744073709551370,5,3,1,17099945467183773239,1,0,3,17908041649903161474,0,0,1,0
PAWN_AUDIT_RESULT,1165,1,1,-344,0,0,-344,0,0,0,0,0
PAWN_AUDIT_ENTRY,1166,6015152809869011809,17908886691699738933,17779607077825757137,587933093953057876,3177,18446744073709551375,18446744073709551376,18446744073709551374,10,9,1,15,18446744073709533436,18446744073709549337,3,0,1,0,0,1,1,3964,0,18446744073709551370,18446744073709551388,18446744073707437663,11,2203,0,0,0,9,18446744073709545173,18446744073709549531,18446744073709550006,18446744073709551370,5,3,1,17099945467183773239,1,0,3,17908041649903161474,0,0,1,0
PAWN_AUDIT_RESULT,1166,1,1,-355,0,0,-355,0,0,0,0,0
PAWN_AUDIT_ENTRY,1167,17908886691699738933,10076167545136921128,17779607077825757137,11922404657365837437,3112,18446744073709551375,18446744073709551376,18446744073709551374,10,9,1,16,18446744073709533362,18446744073709549335,3,0,1,0,0,1,1,3964,0,18446744073709551370,18446744073709551388,18446744073707437663,11,2204,0,0,0,9,18446744073709545168,18446744073709549483,18446744073709549997,18446744073709551370,5,3,1,17099945467183773239,1,0,3,17908041649903161474,0,0,1,0
PAWN_AUDIT_RESULT,1167,1,1,-340,0,0,-340,0,0,0,0,0
PAWN_AUDIT_ENTRY,1168,10076167545136921128,6605404957857989554,17779607077825757137,12365447287420484517,3321,18446744073709551375,18446744073709551376,18446744073709551374,10,9,1,17,18446744073709535467,18446744073709547440,3,0,1,0,0,1,1,3964,0,18446744073709551370,18446744073709551388,18446744073707437663,11,2205,0,0,0,10,18446744073709545435,18446744073709550383,18446744073709550491,18446744073709551370,5,3,1,17099945467183773239,1,0,3,17908041649903161474,0,2,1,0
PAWN_AUDIT_RESULT,1168,1,1,-445,0,0,-445,0,0,0,0,0
PAWN_AUDIT_ENTRY,1169,6605404957857989554,5901184545173167632,17779607077825757137,16502152076649741270,3836,18446744073709551375,18446744073709551376,18446744073709551374,10,9,1,19,18446744073709534727,18446744073709547812,3,0,1,0,0,1,1,3964,0,18446744073709551370,18446744073709551388,18446744073707437663,11,2206,0,0,0,13,18446744073709545505,18446744073709549694,18446744073709550364,18446744073709551370,5,3,1,17099945467183773239,1,0,3,17908041649903161474,0,2,1,0
PAWN_AUDIT_RESULT,1169,1,1,-301,0,0,-301,0,0,0,0,0
PAWN_AUDIT_ENTRY,1170,5901184545173167632,13479357117386962070,17779607077825757137,5485083535670843196,3242,18446744073709551375,18446744073709551376,18446744073709551374,10,9,1,20,18446744073709533406,18446744073709549224,3,0,1,0,0,1,1,3964,0,18446744073709551370,18446744073709551388,18446744073707437663,11,2207,0,0,0,9,18446744073709545196,18446744073709549595,18446744073709549865,18446744073709551370,5,3,1,17099945467183773239,1,0,3,17908041649903161474,0,0,1,0
PAWN_AUDIT_RESULT,1170,1,1,-259,0,0,-259,0,0,0,0,0
PAWN_AUDIT_ENTRY,1171,13479357117386962070,2397972752819612,17779607077825757137,15788665076375555992,3305,18446744073709551375,18446744073709551376,18446744073709551374,10,9,1,21,18446744073709534343,18446744073709548261,3,0,1,0,0,1,1,3964,0,18446744073709551370,18446744073709551388,18446744073707437663,11,2208,0,0,0,10,18446744073709545253,18446744073709550002,18446744073709550206,18446744073709551370,5,3,1,17099945467183773239,1,0,3,17908041649903161474,0,2,1,0
PAWN_AUDIT_RESULT,1171,1,1,-369,0,0,-369,0,0,0,0,0
PAWN_AUDIT_ENTRY,1172,2397972752819612,4510220263236079270,17779607077825757137,9960561303128809725,3828,18446744073709551375,18446744073709551376,18446744073709551374,10,9,1,24,18446744073709532553,18446744073709549161,3,0,1,0,0,1,1,3964,0,18446744073709551370,18446744073709551388,18446744073707437663,11,2209,0,0,0,13,18446744073709545913,18446744073709548155,18446744073709549072,18446744073709551370,5,3,1,17099945467183773239,1,0,3,17908041649903161474,0,2,1,0
PAWN_AUDIT_RESULT,1172,1,1,-246,0,0,-246,0,0,0,0,0
PAWN_AUDIT_ENTRY,1173,4510220263236079270,2649230370968211542,17779607077825757137,8524644188418558531,3641,18446744073709551375,18446744073709551376,18446744073709551374,10,9,1,25,18446744073709533538,18446744073709548197,3,0,1,0,0,1,1,3964,0,18446744073709551370,18446744073709551388,18446744073707437663,11,2210,0,0,0,12,18446744073709545286,18446744073709549295,18446744073709550112,18446744073709551370,5,3,1,17099945467183773239,1,0,3,17908041649903161474,0,2,1,0
PAWN_AUDIT_RESULT,1173,1,1,-344,0,0,-344,0,0,0,0,0
PAWN_AUDIT_ENTRY,1174,2649230370968211542,18150707242101461216,17779607077825757137,1447759284081056668,3519,18446744073709551375,18446744073709551376,18446744073709551374,10,9,1,27,18446744073709536275,18446744073709546871,3,0,1,0,0,1,1,3964,0,18446744073709551370,18446744073709551388,18446744073707437663,11,2211,0,0,0,11,18446744073709546950,18446744073709549081,18446744073709549468,18446744073709551370,5,3,1,17099945467183773239,1,0,3,17908041649903161474,0,2,1,0
PAWN_AUDIT_RESULT,1174,1,1,-484,0,0,-484,0,0,0,0,0
PAWN_AUDIT_ENTRY,1253,12247772158711827870,8367202406027733661,15314370623256752004,5736070510879542091,657,63,64,33,6,5,2,4,18446744073709544714,18446744073709550278,4,0,0,0,0,0,0,0,0,26,26,15116215,11,2395,0,0,1,3,18446744073709549055,18446744073709551030,18446744073709551030,29,0,1,1,12623835902163763756,0,0,4,8018354909269232091,0,1,1,0
PAWN_AUDIT_RESULT,1253,2,2,-167,0,0,-167,0,0,0,0,0
PAWN_AUDIT_ENTRY,1254,8367202406027733661,4136088619283397352,15314370623256752004,4175011081198691068,664,63,64,33,6,5,1,6,18446744073709544714,18446744073709548874,4,0,0,0,0,0,0,0,0,26,26,15116215,11,2396,0,0,1,3,18446744073709549055,18446744073709551030,18446744073709551030,29,0,1,1,12623835902163763756,0,0,4,8018354909269232091,0,1,1,0
PAWN_AUDIT_RESULT,1254,1,1,-258,0,0,-258,0,0,0,0,0
PAWN_AUDIT_ENTRY,1256,6620453756215293464,3482977962286916378,15314370623256752004,8423373368568644602,219,63,64,33,6,5,1,9,18446744073709540956,18446744073709550278,4,0,0,0,0,0,0,0,0,26,26,15116215,11,2398,0,0,1,5,18446744073709547791,18446744073709551030,18446744073709550113,29,0,1,1,12623835902163763756,0,0,4,8018354909269232091,0,1,1,0
PAWN_AUDIT_RESULT,1256,1,1,-181,0,0,-181,0,0,0,0,0
PAWN_AUDIT_ENTRY,1259,2110883494612665584,14518507231150708298,13900832927897873864,6956911779998302646,219,240,241,219,7,6,1,4,18446744073709540474,18446744073709550278,4,0,0,0,0,0,0,0,0,18446744073709551597,18446744073709551597,64348,11,2414,0,0,1,5,18446744073709547127,18446744073709551030,18446744073709551030,143,5,1,1,2263430475772496190,0,0,4,1083521564323829292,0,1,1,0
PAWN_AUDIT_RESULT,1259,1,1,134,0,0,134,0,0,0,0,0
PAWN_AUDIT_ENTRY,1290,10570070600872023146,18349744350163766444,14677469069199789003,16618962941454195094,1826,18446744073709551375,18446744073709551376,18446744073709551324,7,6,1,6,18446744073709536504,18446744073709548874,3,0,1,0,0,0,0,0,0,18446744073709551501,18446744073709551501,18446744073708541726,11,2509,0,0,0,10,18446744073709545533,18446744073709551030,18446744073709550595,32002,18446744073709551614,0,1,9118920408471402162,0,0,3,17908041649903161474,0,1,1,0
PAWN_AUDIT_ENTRY,1293,15469778189381043588,5446230776949443827,16618962941454195094,10864838519683838510,269,240,241,229,7,6,3,3,18446744073709550340,18446744073709550278,4,0,0,0,0,0,0,0,0,18446744073709551481,18446744073709551481,2371482,11,2516,0,0,0,6,18446744073709551613,18446744073709551030,18446744073709551030,158,2,1,1,9118920408471402162,1,0,4,14677469069199789003,0,2,1,0
PAWN_AUDIT_RESULT,1293,3,3,24,0,0,24,0,0,0,0,0
PAWN_AUDIT_ENTRY,1294,5446230776949443827,4337351285914964610,16618962941454195094,18091441059360074169,1308,240,241,229,7,6,2,4,18446744073709544816,18446744073709550278,4,0,0,0,0,0,0,0,0,18446744073709551481,18446744073709551481,2371482,11,2517,0,0,0,1,18446744073709549071,18446744073709550353,174,158,2,1,1,9118920408471402162,1,0,4,14677469069199789003,0,0,1,0
PAWN_AUDIT_RESULT,1294,2,2,-120,0,0,-120,0,0,0,0,0
PAWN_AUDIT_RESULT,1290,1,1,-158,1,7,-229,0,2,34,1,1
PAWN_AUDIT_ENTRY,1387,3653103436234139112,3557544327936191174,15556804161188006109,3841146054214020240,3519,18446744073709551375,18446744073709551376,18446744073709551370,6,5,1,5,18446744073709547903,18446744073709548874,5,0,1,0,0,0,0,0,0,18446744073709551363,18446744073709551379,18446744073707668235,11,2830,0,0,1,11,18446744073709550505,18446744073709551030,18446744073709551030,18446744073709551363,5,1,1,11553520986347978618,0,0,5,4387631825781714448,0,1,1,0
PAWN_AUDIT_RESULT,1387,1,1,-875,0,0,-875,0,0,0,0,0
PAWN_AUDIT_ENTRY,1392,12610714912518297658,13382115718466439752,15556804161188006109,9008374234755439473,3892,18446744073709551375,18446744073709551376,18446744073709551371,6,5,1,10,18446744073709541092,18446744073709548874,5,0,1,0,0,0,0,0,0,18446744073709551363,18446744073709551379,18446744073707668235,11,2835,0,0,1,12,18446744073709547408,18446744073709551030,18446744073709551030,18446744073709551363,5,1,1,11553520986347978618,0,0,5,4387631825781714448,0,1,1,0
PAWN_AUDIT_RESULT,1392,1,1,-889,0,0,-889,0,0,0,0,0
PAWN_AUDIT_ENTRY,1393,13382115718466439752,8669487342502754610,15556804161188006109,3239272056773817058,3901,18446744073709551375,18446744073709551376,18446744073709551371,6,5,1,11,18446744073709541092,18446744073709548874,5,0,1,0,0,0,0,0,0,18446744073709551363,18446744073709551379,18446744073707668235,11,2836,0,0,1,12,18446744073709547408,18446744073709551030,18446744073709551030,18446744073709551363,5,1,1,11553520986347978618,0,0,5,4387631825781714448,0,1,1,0
PAWN_AUDIT_RESULT,1393,1,1,-1097,0,0,-1097,0,0,0,0,0
PAWN_AUDIT_ENTRY,1394,8669487342502754610,14023803809325836985,15556804161188006109,17081911574064952230,4029,18446744073709551375,18446744073709551376,18446744073709551371,6,5,1,12,18446744073709541092,18446744073709548874,5,0,1,0,0,0,0,0,0,18446744073709551363,18446744073709551379,18446744073707668235,11,2837,0,0,1,14,18446744073709547408,18446744073709551030,18446744073709551030,18446744073709551363,5,1,1,11553520986347978618,0,0,5,4387631825781714448,0,1,1,0
PAWN_AUDIT_RESULT,1394,1,1,-881,0,0,-881,0,0,0,0,0
PAWN_AUDIT_ENTRY,1395,14023803809325836985,13198170964074679732,15556804161188006109,12349434375895750641,3828,18446744073709551375,18446744073709551376,18446744073709551371,6,5,1,13,18446744073709537804,18446744073709550278,5,0,1,0,0,0,0,0,0,18446744073709551363,18446744073709551379,18446744073707668235,11,2838,0,0,1,13,18446744073709545913,18446744073709551030,18446744073709551030,18446744073709551363,5,1,1,11553520986347978618,0,0,5,4387631825781714448,0,1,1,0
PAWN_AUDIT_RESULT,1395,1,1,-716,0,0,-716,0,0,0,0,0
PAWN_AUDIT_ENTRY,1396,13198170964074679732,13456800496019478535,15556804161188006109,11924932028536523436,3567,18446744073709551375,18446744073709551376,18446744073709551371,6,5,1,14,18446744073709537571,18446744073709550278,5,0,1,0,0,0,0,0,0,18446744073709551363,18446744073709551379,18446744073707668235,11,2839,0,0,1,9,18446744073709545807,18446744073709551030,18446744073709551030,18446744073709551363,5,1,1,11553520986347978618,0,0,5,4387631825781714448,0,0,1,0
PAWN_AUDIT_RESULT,1396,1,1,-815,0,0,-815,0,0,0,0,0
PAWN_AUDIT_ENTRY,1397,13456800496019478535,2606656030295548519,15556804161188006109,6325321998682221598,3503,18446744073709551375,18446744073709551376,18446744073709551371,6,5,1,15,18446744073709537052,18446744073709550278,5,0,1,0,0,0,0,0,0,18446744073709551363,18446744073709551379,18446744073707668235,11,2840,0,0,1,11,18446744073709545571,18446744073709551030,18446744073709551030,18446744073709551363,5,1,1,11553520986347978618,0,0,5,4387631825781714448,0,1,1,0
PAWN_AUDIT_RESULT,1397,1,1,-1037,0,0,-1037,0,0,0,0,0
PAWN_AUDIT_ENTRY,1398,2606656030295548519,15215008071951356710,15556804161188006109,7874520806221160496,3242,18446744073709551375,18446744073709551376,18446744073709551371,6,5,1,16,18446744073709536228,18446744073709550278,5,0,1,0,0,0,0,0,0,18446744073709551363,18446744073709551379,18446744073707668235,11,2841,0,0,1,9,18446744073709545196,18446744073709551030,18446744073709551030,18446744073709551363,5,1,1,11553520986347978618,0,0,5,4387631825781714448,0,0,1,0
PAWN_AUDIT_RESULT,1398,1,1,-784,0,0,-784,0,0,0,0,0
PAWN_AUDIT_ENTRY,1399,15215008071951356710,2606987154410630842,15556804161188006109,12323694400754048261,1835,18446744073709551375,18446744073709551376,18446744073709551371,6,5,1,17,18446744073709539799,18446744073709548874,5,0,1,0,0,0,0,0,0,18446744073709551363,18446744073709551379,18446744073707668235,11,2842,0,0,1,10,18446744073709546820,18446744073709551030,18446744073709551030,18446744073709551363,5,1,1,11553520986347978618,0,0,5,4387631825781714448,0,1,1,0
PAWN_AUDIT_RESULT,1399,1,1,-852,0,0,-852,0,0,0,0,0
PAWN_AUDIT_ENTRY,1400,2606987154410630842,14683823128812893800,15556804161188006109,8964630330237817868,1837,18446744073709551375,18446744073709551376,18446744073709551371,6,5,1,18,18446744073709539799,18446744073709548874,5,0,1,0,0,0,0,0,0,18446744073709551363,18446744073709551379,18446744073707668235,11,2843,0,0,1,10,18446744073709546820,18446744073709551030,18446744073709551030,18446744073709551363,5,1,1,11553520986347978618,0,0,5,4387631825781714448,0,1,1,0
PAWN_AUDIT_RESULT,1400,1,1,-1015,0,0,-1015,0,0,0,0,0
PAWN_AUDIT_ENTRY,1401,14683823128812893800,2192143871951122796,15556804161188006109,17307467616149873449,3763,18446744073709551375,18446744073709551376,18446744073709551371,6,5,1,19,18446744073709539799,18446744073709548874,5,0,1,0,0,0,0,0,0,18446744073709551363,18446744073709551379,18446744073707668235,11,2844,0,0,1,11,18446744073709546820,18446744073709551030,18446744073709551030,18446744073709551363,5,1,1,11553520986347978618,0,0,5,4387631825781714448,0,1,1,0
PAWN_AUDIT_RESULT,1401,1,1,-826,0,0,-826,0,0,0,0,0
PAWN_AUDIT_ENTRY,1402,2192143871951122796,5552039584748569839,15556804161188006109,8224968477621332812,3884,18446744073709551375,18446744073709551376,18446744073709551371,6,5,1,20,18446744073709539799,18446744073709548874,5,0,1,0,0,0,0,0,0,18446744073709551363,18446744073709551379,18446744073707668235,11,2845,0,0,1,12,18446744073709546820,18446744073709551030,18446744073709551030,18446744073709551363,5,1,1,11553520986347978618,0,0,5,4387631825781714448,0,1,1,0
PAWN_AUDIT_RESULT,1402,1,1,-851,0,0,-851,0,0,0,0,0
PAWN_AUDIT_ENTRY,1403,5552039584748569839,9528147084986460324,15556804161188006109,7134002394388970611,3827,18446744073709551375,18446744073709551376,18446744073709551371,6,5,1,21,18446744073709539799,18446744073709548874,5,0,1,0,0,0,0,0,0,18446744073709551363,18446744073709551379,18446744073707668235,11,2846,0,0,1,13,18446744073709546820,18446744073709551030,18446744073709551030,18446744073709551363,5,1,1,11553520986347978618,0,0,5,4387631825781714448,0,1,1,0
PAWN_AUDIT_RESULT,1403,1,1,-911,0,0,-911,0,0,0,0,0
PAWN_AUDIT_ENTRY,1404,9528147084986460324,6104756612968751882,15556804161188006109,552670971688871534,1830,18446744073709551375,18446744073709551376,18446744073709551371,6,5,1,22,18446744073709536694,18446744073709550278,5,0,1,0,0,0,0,0,0,18446744073709551363,18446744073709551379,18446744073707668235,11,2847,0,0,1,10,18446744073709545408,18446744073709551030,18446744073709551030,18446744073709551363,5,1,1,11553520986347978618,0,0,5,4387631825781714448,0,1,1,0
PAWN_AUDIT_RESULT,1404,1,1,-787,0,0,-787,0,0,0,0,0
PAWN_AUDIT_ENTRY,1405,6104756612968751882,7564577313929507230,15556804161188006109,13172698510566565347,3756,18446744073709551375,18446744073709551376,18446744073709551371,6,5,1,23,18446744073709539630,18446744073709548874,5,0,1,0,0,0,0,0,0,18446744073709551363,18446744073709551379,18446744073707668235,11,2848,0,0,1,11,18446744073709546743,18446744073709551030,18446744073709551030,18446744073709551363,5,1,1,11553520986347978618,0,0,5,4387631825781714448,0,1,1,0
PAWN_AUDIT_RESULT,1405,1,1,-1019,0,0,-1019,0,0,0,0,0
PAWN_AUDIT_ENTRY,1406,7564577313929507230,4082200783003853176,15556804161188006109,7443931109437935118,3749,18446744073709551375,18446744073709551376,18446744073709551371,6,5,1,24,18446744073709539337,18446744073709548874,5,0,1,0,0,0,0,0,0,18446744073709551363,18446744073709551379,18446744073707668235,11,2849,0,0,1,11,18446744073709546610,18446744073709551030,18446744073709551030,18446744073709551363,5,1,1,11553520986347978618,0,0,5,4387631825781714448,0,1,1,0
PAWN_AUDIT_RESULT,1406,1,1,-678,0,0,-678,0,0,0,0,0
PAWN_AUDIT_ENTRY,1407,4082200783003853176,15153085548855320477,15556804161188006109,277401309668113054,4031,18446744073709551375,18446744073709551376,18446744073709551371,6,5,1,25,18446744073709539337,18446744073709548874,5,0,1,0,0,0,0,0,0,18446744073709551363,18446744073709551379,18446744073707668235,11,2850,0,0,1,14,18446744073709546610,18446744073709551030,18446744073709551030,18446744073709551363,5,1,1,11553520986347978618,0,0,5,4387631825781714448,0,1,1,0
PAWN_AUDIT_RESULT,1407,1,1,-996,0,0,-996,0,0,0,0,0
PAWN_AUDIT_ENTRY,1408,15153085548855320477,4631429861312314465,15556804161188006109,8417710434095639857,3501,18446744073709551375,18446744073709551376,18446744073709551371,6,5,1,27,18446744073709539159,18446744073709548874,5,0,1,0,0,0,0,0,0,18446744073709551363,18446744073709551379,18446744073707668235,11,2851,0,0,1,11,18446744073709546529,18446744073709551030,18446744073709551030,18446744073709551363,5,1,1,11553520986347978618,0,0,5,4387631825781714448,0,1,1,0
PAWN_AUDIT_RESULT,1408,1,1,-822,0,0,-822,0,0,0,0,0
PAWN_AUDIT_ENTRY,1409,4631429861312314465,7337552028857357978,15556804161188006109,6274809645537459535,3641,18446744073709551375,18446744073709551376,18446744073709551371,6,5,1,28,18446744073709536054,18446744073709550278,5,0,1,0,0,0,0,0,0,18446744073709551363,18446744073709551379,18446744073707668235,11,2852,0,0,1,12,18446744073709545117,18446744073709551030,18446744073709551030,18446744073709551363,5,1,1,11553520986347978618,0,0,5,4387631825781714448,0,1,1,0
PAWN_AUDIT_RESULT,1409,1,1,-836,0,0,-836,0,0,0,0,0
PAWN_AUDIT_ENTRY,1410,7337552028857357978,14098040858062201466,15556804161188006109,17855663103082558785,2982,18446744073709551375,18446744073709551376,18446744073709551371,6,5,1,30,18446744073709535959,18446744073709550278,5,0,1,0,0,0,0,0,0,18446744073709551363,18446744073709551379,18446744073707668235,11,2853,0,0,1,9,18446744073709545074,18446744073709551030,18446744073709551030,18446744073709551363,5,1,1,11553520986347978618,0,0,5,4387631825781714448,0,0,1,0
PAWN_AUDIT_RESULT,1410,1,1,-817,0,0,-817,0,0,0,0,0
PAWN_AUDIT_ENTRY,1411,14098040858062201466,13388055535851259895,15556804161188006109,2986386355824198488,3177,18446744073709551375,18446744073709551376,18446744073709551371,6,5,1,31,18446744073709535854,18446744073709550278,5,0,1,0,0,0,0,0,0,18446744073709551363,18446744073709551379,18446744073707668235,11,2854,0,0,1,9,18446744073709545026,18446744073709551030,18446744073709551030,18446744073709551363,5,1,1,11553520986347978618,0,0,5,4387631825781714448,0,0,1,0
PAWN_AUDIT_RESULT,1411,1,1,-826,0,0,-826,0,0,0,0,0
PAWN_AUDIT_ENTRY,1412,13388055535851259895,7017416492579334318,15556804161188006109,9524523081687486833,3112,18446744073709551375,18446744073709551376,18446744073709551371,6,5,1,32,18446744073709535845,18446744073709550278,5,0,1,0,0,0,0,0,0,18446744073709551363,18446744073709551379,18446744073707668235,11,2855,0,0,1,9,18446744073709545022,18446744073709551030,18446744073709551030,18446744073709551363,5,1,1,11553520986347978618,0,0,5,4387631825781714448,0,0,1,0
PAWN_AUDIT_RESULT,1412,1,1,-819,0,0,-819,0,0,0,0,0
PAWN_AUDIT_ENTRY,1417,6068123057506840458,7023251156209998648,9737493064679622735,7316138637155953666,3519,18446744073709551375,18446744073709551376,18446744073709551373,9,8,1,4,18446744073709550937,18446744073709548410,3,0,1,0,0,0,0,3300,0,18446744073709551411,18446744073709551411,18446744073709381812,11,2874,0,0,0,11,18446744073709549305,18446744073709551030,4729,18446744073709551370,4,2,1,16296750293562674017,4,0,3,201454298253949112,0,5,1,0
PAWN_AUDIT_RESULT,1417,1,1,-429,0,0,-429,0,0,0,0,0
PAWN_AUDIT_ENTRY,1424,5309654447077666766,8487589733534829217,9737493064679622735,3297325474266487779,3892,18446744073709551375,18446744073709551376,18446744073709551373,9,8,1,11,18446744073709539799,18446744073709550278,3,0,1,0,0,0,0,3300,0,18446744073709551411,18446744073709551411,18446744073709381812,11,2883,0,0,0,12,18446744073709546820,18446744073709551030,18446744073709551030,18446744073709551370,4,2,1,16296750293562674017,4,0,3,201454298253949112,0,5,1,0
PAWN_AUDIT_RESULT,1424,1,1,-423,0,0,-423,0,0,0,0,0
PAWN_AUDIT_ENTRY,1425,8487589733534829217,536210417926195012,9737493064679622735,8949334612769452656,3901,18446744073709551375,18446744073709551376,18446744073709551373,9,8,1,12,18446744073709539799,18446744073709550278,3,0,1,0,0,0,0,3300,0,18446744073709551411,18446744073709551411,18446744073709381812,11,2884,0,0,0,12,18446744073709546820,18446744073709551030,18446744073709551030,18446744073709551370,4,2,1,16296750293562674017,4,0,3,201454298253949112,0,5,1,0
PAWN_AUDIT_RESULT,1425,1,1,-485,0,0,-485,0,0,0,0,0
PAWN_AUDIT_ENTRY,1426,536210417926195012,15662266547366593954,9737493064679622735,13675598896693736244,4029,18446744073709551375,18446744073709551376,18446744073709551373,9,8,1,13,18446744073709539799,18446744073709550278,3,0,1,0,0,0,0,3300,0,18446744073709551411,18446744073709551411,18446744073709381812,11,2885,0,0,0,14,18446744073709546820,18446744073709551030,18446744073709551030,18446744073709551370,4,2,1,16296750293562674017,4,0,3,201454298253949112,0,5,1,0
PAWN_AUDIT_RESULT,1426,1,1,-405,0,0,-405,0,0,0,0,0
PAWN_AUDIT_ENTRY,1427,15662266547366593954,9988802126606134717,9737493064679622735,2513762786006707166,3884,18446744073709551375,18446744073709551376,18446744073709551373,9,8,1,14,18446744073709538761,18446744073709550278,3,0,1,0,0,0,0,3300,0,18446744073709551411,18446744073709551411,18446744073709381812,11,2886,0,0,0,12,18446744073709546348,18446744073709551030,18446744073709551030,18446744073709551370,4,2,1,16296750293562674017,4,0,3,201454298253949112,0,5,1,0
PAWN_AUDIT_RESULT,1427,1,1,-408,0,0,-408,0,0,0,0,0
PAWN_AUDIT_ENTRY,1428,9988802126606134717,10572232893097070258,9737493064679622735,3245026475862152463,3325,18446744073709551375,18446744073709551376,18446744073709551373,9,8,1,15,18446744073709538464,18446744073709550278,3,0,1,0,0,0,0,3300,0,18446744073709551411,18446744073709551411,18446744073709381812,11,2887,0,0,0,10,18446744073709547234,18446744073709549878,18446744073709550113,18446744073709551370,4,2,1,16296750293562674017,4,0,3,201454298253949112,0,5,1,0
PAWN_AUDIT_RESULT,1428,1,1,-394,0,0,-394,0,0,0,0,0
PAWN_AUDIT_ENTRY,1429,10572232893097070258,16274427802463216576,9737493064679622735,17706894589517367870,3567,18446744073709551375,18446744073709551376,18446744073709551373,9,8,1,16,18446744073709536973,18446744073709550278,3,0,1,0,0,0,0,3300,0,18446744073709551411,18446744073709551411,18446744073709381812,11,2888,0,0,0,9,18446744073709545535,18446744073709551030,18446744073709551030,18446744073709551370,4,2,1,16296750293562674017,4,0,3,201454298253949112,0,0,1,0
PAWN_AUDIT_RESULT,1429,1,1,-313,0,0,-313,0,0,0,0,0
PAWN_AUDIT_ENTRY,1430,16274427802463216576,15200210562744419394,9737493064679622735,17120328240836949451,3517,18446744073709551375,18446744073709551376,18446744073709551373,9,8,1,17,18446744073709538545,18446744073709550278,3,0,1,0,0,0,0,3300,0,18446744073709551411,18446744073709551411,18446744073709381812,11,2889,0,0,0,11,18446744073709546695,18446744073709551030,18446744073709550113,18446744073709551370,4,2,1,16296750293562674017,4,0,3,201454298253949112,0,5,1,0
PAWN_AUDIT_RESULT,1430,1,1,-538,0,0,-538,0,0,0,0,0
PAWN_AUDIT_ENTRY,1431,15200210562744419394,6660821295661049216,9737493064679622735,5989751953383488012,4031,18446744073709551375,18446744073709551376,18446744073709551373,9,8,1,18,18446744073709538389,18446744073709548571,3,0,1,0,0,0,0,3300,0,18446744073709551411,18446744073709551411,18446744073709381812,11,2890,0,0,0,14,18446744073709546179,18446744073709551030,18446744073709551030,18446744073709551370,4,2,1,16296750293562674017,4,0,3,201454298253949112,0,5,1,0
PAWN_AUDIT_RESULT,1431,1,1,-514,0,0,-514,0,0,0,0,0
PAWN_AUDIT_ENTRY,1432,6660821295661049216,17471052469577400296,9737493064679622735,8002074670528395103,3104,18446744073709551375,18446744073709551376,18446744073709551373,9,8,1,19,18446744073709535638,18446744073709550278,3,0,1,0,0,0,0,3300,0,18446744073709551411,18446744073709551411,18446744073709381812,11,2891,0,0,0,9,18446744073709544928,18446744073709551030,18446744073709551030,18446744073709551370,4,2,1,16296750293562674017,4,0,3,201454298253949112,0,0,1,0
PAWN_AUDIT_RESULT,1432,1,1,-319,0,0,-319,0,0,0,0,0
PAWN_AUDIT_ENTRY,1433,17471052469577400296,14526666018769704190,9737493064679622735,12036527868326049235,2982,18446744073709551375,18446744073709551376,18446744073709551373,9,8,1,20,18446744073709535680,18446744073709550697,3,0,1,0,0,0,0,3300,0,18446744073709551411,18446744073709551411,18446744073709381812,11,2892,0,0,0,9,18446744073709544947,18446744073709551030,18446744073709551030,18446744073709551370,4,2,1,16296750293562674017,4,0,3,201454298253949112,0,0,1,0
PAWN_AUDIT_RESULT,1433,1,1,-302,0,0,-302,0,0,0,0,0
PAWN_AUDIT_ENTRY,1434,14526666018769704190,16891571409625058450,9737493064679622735,8956197761235253206,3429,18446744073709551375,18446744073709551376,18446744073709551373,9,8,1,21,18446744073709535533,18446744073709550278,3,0,1,0,0,0,0,3300,0,18446744073709551411,18446744073709551411,18446744073709381812,11,2893,0,0,0,9,18446744073709544880,18446744073709551030,18446744073709551030,18446744073709551370,4,2,1,16296750293562674017,4,0,3,201454298253949112,0,0,1,0
PAWN_AUDIT_RESULT,1434,1,1,-386,0,0,-386,0,0,0,0,0
PAWN_AUDIT_ENTRY,1435,16891571409625058450,11924659684204642614,9737493064679622735,3366683224505194560,3437,18446744073709551375,18446744073709551376,18446744073709551373,9,8,1,22,18446744073709535724,18446744073709550278,3,0,1,0,0,0,0,3300,0,18446744073709551411,18446744073709551411,18446744073709381812,11,2894,0,0,0,9,18446744073709544967,18446744073709551030,18446744073709551030,18446744073709551370,4,2,1,16296750293562674017,4,0,3,201454298253949112,0,0,1,0
PAWN_AUDIT_RESULT,1435,1,1,-504,0,0,-504,0,0,0,0,0
PAWN_AUDIT_ENTRY,1436,11924659684204642614,16295891684545533962,9737493064679622735,9215824790686489572,3234,18446744073709551375,18446744073709551376,18446744073709551373,9,8,1,23,18446744073709535515,18446744073709550278,3,0,1,0,0,0,0,3300,0,18446744073709551411,18446744073709551411,18446744073709381812,11,2895,0,0,0,9,18446744073709544872,18446744073709551030,18446744073709551030,18446744073709551370,4,2,1,16296750293562674017,4,0,3,201454298253949112,0,0,1,0
PAWN_AUDIT_RESULT,1436,1,1,-421,0,0,-421,0,0,0,0,0
PAWN_AUDIT_ENTRY,1437,16295891684545533962,5137864543876089733,9737493064679622735,15710166271840472123,3321,18446744073709551375,18446744073709551376,18446744073709551373,9,8,1,24,18446744073709536318,18446744073709548874,3,0,1,0,0,0,0,3300,0,18446744073709551411,18446744073709551411,18446744073709381812,11,2896,0,0,0,10,18446744073709545237,18446744073709551030,18446744073709551030,18446744073709551370,4,2,1,16296750293562674017,4,0,3,201454298253949112,0,5,1,0
PAWN_AUDIT_RESULT,1437,1,1,-529,0,0,-529,0,0,0,0,0
PAWN_AUDIT_ENTRY,1438,5137864543876089733,5684267048694611443,9737493064679622735,4432019617050599586,3242,18446744073709551375,18446744073709551376,18446744073709551373,9,8,1,25,18446744073709536504,18446744073709550052,3,0,1,0,0,0,0,3300,0,18446744073709551411,18446744073709551411,18446744073709381812,11,2897,0,0,0,9,18446744073709545045,18446744073709551030,18446744073709551600,18446744073709551370,4,2,1,16296750293562674017,4,0,3,201454298253949112,0,0,1,0
PAWN_AUDIT_RESULT,1438,1,1,-284,0,0,-284,0,0,0,0,0
PAWN_AUDIT_ENTRY,1439,5684267048694611443,869915009625758556,9737493064679622735,8770652791473996746,3177,18446744073709551375,18446744073709551376,18446744073709551373,9,8,1,27,18446744073709535594,18446744073709550026,3,0,1,0,0,0,0,3300,0,18446744073709551411,18446744073709551411,18446744073709381812,11,2898,0,0,0,9,18446744073709544908,18446744073709551030,18446744073709551030,18446744073709551370,4,2,1,16296750293562674017,4,0,3,201454298253949112,0,0,1,0
PAWN_AUDIT_RESULT,1439,1,1,-382,0,0,-382,0,0,0,0,0
PAWN_AUDIT_ENTRY,1440,869915009625758556,11205151665789788955,9737493064679622735,15342567559830229475,3112,18446744073709551375,18446744073709551376,18446744073709551373,9,8,1,29,18446744073709535588,18446744073709549999,3,0,1,0,0,0,0,3300,0,18446744073709551411,18446744073709551411,18446744073709381812,11,2899,0,0,0,9,18446744073709544905,18446744073709551030,18446744073709551030,18446744073709551370,4,2,1,16296750293562674017,4,0,3,201454298253949112,0,0,1,0
PAWN_AUDIT_RESULT,1440,1,1,-342,0,0,-342,0,0,0,0,0
PAWN_AUDIT_ENTRY,1441,11205151665789788955,1838077193907232106,9737493064679622735,18132716463312770915,3828,18446744073709551375,18446744073709551376,18446744073709551373,9,8,1,32,18446744073709537160,18446744073709549745,3,0,1,0,0,0,0,3300,0,18446744073709551411,18446744073709551411,18446744073709381812,11,2900,0,0,0,13,18446744073709545620,18446744073709551030,18446744073709551030,18446744073709551370,4,2,1,16296750293562674017,4,0,3,201454298253949112,0,5,1,0
PAWN_AUDIT_RESULT,1441,1,1,-297,0,0,-297,0,0,0,0,0
PAWN_AUDIT_ENTRY,1442,1838077193907232106,9210091460031601917,9737493064679622735,12286883054934767622,3305,18446744073709551375,18446744073709551376,18446744073709551373,9,8,1,33,18446744073709535997,18446744073709548874,3,0,1,0,0,0,0,3300,0,18446744073709551411,18446744073709551411,18446744073709381812,11,2901,0,0,0,10,18446744073709545091,18446744073709551030,18446744073709551030,18446744073709551370,4,2,1,16296750293562674017,4,0,3,201454298253949112,0,5,1,0
PAWN_AUDIT_RESULT,1442,1,1,-401,0,0,-401,0,0,0,0,0
PAWN_AUDIT_ENTRY,1443,9210091460031601917,8603230742955364859,9737493064679622735,563726824078933469,3641,18446744073709551375,18446744073709551376,18446744073709551373,9,8,1,35,18446744073709535755,18446744073709548456,3,0,1,0,0,0,0,3300,0,18446744073709551411,18446744073709551411,18446744073709381812,11,2902,0,0,0,12,18446744073709544981,18446744073709551030,18446744073709551030,18446744073709551370,4,2,1,16296750293562674017,4,0,3,201454298253949112,0,5,1,0
PAWN_AUDIT_RESULT,1443,1,1,-373,0,0,-373,0,0,0,0,0
PAWN_AUDIT_ENTRY,1444,8603230742955364859,13128011335847326700,18004089136621994631,15333047308568695002,1826,18446744073709551375,18446744073709551376,18446744073709551374,10,9,5,2,18446744073709547973,18446744073709549287,1,0,1,0,0,1,0,3964,0,18446744073709551424,18446744073709551424,18446744073706137570,11,2903,0,0,0,10,95,18446744073709548681,18446744073709551030,18446744073709551370,6,2,1,16296750293562674017,2,0,1,17861453410589552084,0,3,1,0
PAWN_AUDIT_RESULT,1444,5,5,-305,0,0,-305,0,0,0,0,0
PAWN_AUDIT_ENTRY,1445,13128011335847326700,10654230839355285177,18004089136621994631,10506629645469709953,3298,18446744073709551375,18446744073709551376,18446744073709551374,10,9,5,3,18446744073709547597,18446744073709549287,1,0,1,0,0,1,0,3964,0,18446744073709551424,18446744073709551424,18446744073706137570,11,2904,0,0,0,10,18446744073709551540,18446744073709548681,18446744073709551030,18446744073709551370,6,2,1,16296750293562674017,2,0,1,17861453410589552084,0,3,1,0
PAWN_AUDIT_ENTRY,1473,15962035306067947591,5169659826097142921,5910088677777761087,14250539205361941094,659,240,241,240,6,5,2,2,18446744073709544714,18446744073709550278,4,0,0,0,0,0,0,0,0,195,198,562432,11,2978,0,0,0,3,18446744073709549055,18446744073709551030,18446744073709551030,195,1,1,1,16296750293562674017,5,0,4,436783534668984280,0,6,1,0
PAWN_AUDIT_RESULT,1473,2,2,-1,0,0,-1,0,0,0,0,0
PAWN_AUDIT_ENTRY,1474,5169659826097142921,7894019949883559231,5910088677777761087,532344777152397346,2543,240,241,240,6,5,1,5,18446744073709547384,18446744073709548018,4,0,0,0,0,0,0,0,0,195,198,562432,11,2979,0,0,0,1,18446744073709550269,18446744073709551030,18446744073709551030,195,1,1,1,16296750293562674017,5,0,4,436783534668984280,0,0,1,0
PAWN_AUDIT_RESULT,1474,1,1,231,0,0,231,0,0,0,0,0
PAWN_AUDIT_ENTRY,1478,8118455790630063110,17138272339328440927,5910088677777761087,17466821741343936321,219,240,241,240,6,5,1,9,18446744073709540320,18446744073709550278,4,0,0,0,0,0,0,0,0,195,198,562432,11,2985,0,0,0,5,18446744073709547502,18446744073709551030,18446744073709550113,195,1,1,1,16296750293562674017,5,0,4,436783534668984280,0,6,1,0
PAWN_AUDIT_RESULT,1478,1,1,213,0,0,213,0,0,0,0,0
PAWN_AUDIT_ENTRY,1491,174422193000967930,8818409344789986375,10506629645469709953,14170740505842488732,2543,240,241,240,8,7,4,5,18446744073709548372,18446744073709548018,2,0,0,0,0,1,0,0,0,240,274,5211459,11,3011,0,0,0,1,18446744073709551287,18446744073709551030,18446744073709549858,240,5,1,1,16296750293562674017,3,0,2,18004089136621994631,0,0,1,0
PAWN_AUDIT_RESULT,1491,4,4,215,0,0,215,0,6,6,0,0
PAWN_AUDIT_ENTRY,1494,12364224682991184084,12281390288433477093,10506629645469709953,11365886040676690151,49415,240,241,240,8,7,2,7,18446744073709536395,18446744073709550278,2,0,0,0,0,1,0,0,0,240,274,5211459,11,3018,0,0,0,6,18446744073709545663,18446744073709551030,18446744073709550225,240,5,1,1,16296750293562674017,3,0,2,18004089136621994631,0,4,1,0
PAWN_AUDIT_RESULT,1494,2,2,148,0,0,148,0,0,0,0,0
PAWN_AUDIT_ENTRY,1495,12281390288433477093,2400641276414619690,10506629645469709953,15674980265073631723,204,240,241,240,8,7,2,8,18446744073709535405,18446744073709550084,2,0,0,0,0,1,0,0,0,240,274,5211459,11,3019,0,0,0,5,18446744073709544822,18446744073709551030,18446744073709551030,240,5,1,1,16296750293562674017,3,0,2,18004089136621994631,0,4,1,0
PAWN_AUDIT_RESULT,1495,2,2,162,0,0,162,0,0,0,0,0
PAWN_AUDIT_ENTRY,1496,2400641276414619690,8645907753507824953,10506629645469709953,780775863668976955,1371,240,241,240,8,7,2,9,18446744073709538047,18446744073709548874,2,0,0,0,0,1,0,0,0,240,274,5211459,11,3020,0,0,0,2,18446744073709546412,18446744073709551030,18446744073709550229,240,5,1,1,16296750293562674017,3,0,2,18004089136621994631,0,4,1,0
PAWN_AUDIT_RESULT,1496,2,2,160,0,0,160,0,0,0,0,0
PAWN_AUDIT_ENTRY,1497,8645907753507824953,12733149280852314832,10506629645469709953,8375258926584960511,1375,240,241,240,8,7,2,10,18446744073709537998,18446744073709548874,2,0,0,0,0,1,0,0,0,240,274,5211459,11,3021,0,0,0,2,18446744073709546400,18446744073709551030,18446744073709550208,240,5,1,1,16296750293562674017,3,0,2,18004089136621994631,0,4,1,0
PAWN_AUDIT_RESULT,1497,2,2,63,0,0,63,0,0,0,0,0
PAWN_AUDIT_ENTRY,1498,12733149280852314832,10233103391097876402,10506629645469709953,11182389712597246854,453,240,241,240,8,7,2,12,18446744073709537753,18446744073709548874,2,0,0,0,0,1,0,0,0,240,274,5211459,11,3022,0,0,0,4,18446744073709546336,18446744073709551030,18446744073709550110,240,5,1,1,16296750293562674017,3,0,2,18004089136621994631,0,4,1,0
PAWN_AUDIT_RESULT,1498,2,2,74,0,0,74,0,0,0,0,0
PAWN_AUDIT_ENTRY,1499,10233103391097876402,10220078641140950763,10506629645469709953,15805130812987336871,454,240,241,240,8,7,2,13,18446744073709537640,18446744073709548874,2,0,0,0,0,1,0,0,0,240,274,5211459,11,3023,0,0,0,4,18446744073709546309,18446744073709551030,18446744073709550060,240,5,1,1,16296750293562674017,3,0,2,18004089136621994631,0,4,1,0
PAWN_AUDIT_RESULT,1499,2,2,106,0,0,106,0,0,0,0,0
PAWN_AUDIT_ENTRY,1500,10220078641140950763,8399263431942275438,10506629645469709953,16792911675995296839,1355,240,241,240,8,7,2,17,18446744073709538398,18446744073709548162,2,0,0,0,0,1,0,0,0,240,274,5211459,11,3024,0,0,0,2,18446744073709544762,18446744073709549162,4266,240,5,1,1,16296750293562674017,3,0,2,18004089136621994631,0,4,1,0
PAWN_AUDIT_RESULT,1500,2,2,75,0,0,75,0,0,0,0,0
PAWN_AUDIT_RESULT,1445,5,5,-240,1,8,-240,0,21,120,1,1
PAWN_AUDIT_ENTRY,1504,16488864774816449676,10874670005279208234,13900832927897873864,6956911779998302646,219,240,241,161,9,8,4,3,18446744073709542326,18446744073709550595,4,0,0,0,0,0,0,0,0,18446744073709551597,18446744073709551597,125675,11,3033,0,0,1,5,18446744073709547969,18446744073709551030,18446744073709551030,219,7,1,1,2263430475772496190,0,0,4,12590948780588178913,0,1,1,0
PAWN_AUDIT_RESULT,1504,4,4,134,0,0,134,0,0,0,0,0
PAWN_AUDIT_ENTRY,1506,13746157969808832721,10906888537934931579,13900832927897873864,12735075087288438274,511,240,241,161,9,8,5,36,18446744073709550340,18446744073709550278,4,0,0,0,0,0,0,0,1,18446744073709551597,18446744073709551597,125675,11,3035,0,0,1,4,18446744073709551613,18446744073709551030,18446744073709551030,219,7,1,1,2263430475772496190,0,0,4,12590948780588178913,0,1,1,0
PAWN_AUDIT_RESULT,1506,5,5,-540,0,0,-540,0,1,1,0,0
PAWN_AUDIT_ENTRY,1511,5146652544475772540,17323372899967600156,14956217023383081118,11162372559915348867,2543,240,241,213,11,10,6,4,18446744073709551545,18446744073709550278,2,0,0,0,0,1,0,2542,0,18446744073709551584,18446744073709551584,11782,11,3054,0,0,1,1,545,18446744073709551030,18446744073709551030,149,7,1,1,1157380880184341608,0,0,2,31512960912239482,0,0,1,0
PAWN_AUDIT_RESULT,1511,6,6,18,0,0,18,0,13,13,0,0
PAWN_AUDIT_ENTRY,1512,17323372899967600156,4872264196703220796,14956217023383081118,8065225267914112224,219,240,241,213,11,10,5,5,18446744073709543091,18446744073709550212,2,0,0,0,0,1,0,2542,0,18446744073709551584,18446744073709551584,11782,11,3068,0,0,1,5,18446744073709548317,18446744073709551030,18446744073709551030,149,7,1,1,1157380880184341608,0,0,2,31512960912239482,0,1,1,0
PAWN_AUDIT_RESULT,1512,5,5,118,0,0,118,0,0,0,0,0
PAWN_AUDIT_ENTRY,1513,4872264196703220796,18337514701568308274,14956217023383081118,13958017214060036045,405,240,241,213,11,10,5,6,18446744073709547918,18446744073709550278,2,0,0,0,0,1,0,2542,0,18446744073709551584,18446744073709551584,11782,11,3069,0,0,1,2,18446744073709550426,18446744073709551071,18446744073709551164,149,7,1,1,1157380880184341608,0,0,2,31512960912239482,0,1,1,0
PAWN_AUDIT_RESULT,1513,5,5,76,0,0,76,0,0,0,0,0
PAWN_AUDIT_ENTRY,1515,4889232313405421355,17043047904289260026,14956217023383081118,7010820794334054091,267,240,241,213,11,10,3,11,18446744073709538660,18446744073709548874,2,0,0,0,0,1,0,2542,0,18446744073709551584,18446744073709551584,11782,11,3072,0,0,1,6,18446744073709546302,18446744073709551030,18446744073709551030,149,7,1,1,1157380880184341608,0,0,2,31512960912239482,0,1,1,0
PAWN_AUDIT_RESULT,1515,3,3,-233,0,0,-233,0,0,0,0,0
PAWN_AUDIT_ENTRY,1519,6948371434069738688,5602782817632250520,15843970461657764562,15409885951162809729,405,63,64,63,6,5,1,4,18446744073709545145,18446744073709549690,2,0,0,0,0,0,0,0,0,18446744073709551566,18446744073709551566,7030548,11,3087,0,0,1,2,18446744073709549251,18446744073709551030,18446744073709551030,18446744073709551589,0,1,1,11553520986347978618,0,0,2,6926657788714251405,0,1,1,0
PAWN_AUDIT_RESULT,1519,1,1,15,0,0,15,0,0,0,0,0
PAWN_AUDIT_ENTRY,1521,18302936606949176513,7209849689457647186,15843970461657764562,4682644636979721757,657,63,64,63,6,5,1,7,18446744073709542704,18446744073709550278,2,0,0,0,0,0,0,0,0,18446744073709551566,18446744073709551566,7030548,11,3089,0,0,1,3,18446744073709548141,18446744073709551030,18446744073709551030,18446744073709551589,0,1,1,11553520986347978618,0,0,2,6926657788714251405,0,1,1,0
PAWN_AUDIT_RESULT,1521,1,1,-209,0,0,-209,0,0,0,0,0
PAWN_AUDIT_ENTRY,1522,7209849689457647186,4487172935410154232,15843970461657764562,3933361786864738218,664,63,64,63,6,5,1,8,18446744073709542704,18446744073709550278,2,0,0,0,0,0,0,0,0,18446744073709551566,18446744073709551566,7030548,11,3090,0,0,1,3,18446744073709548141,18446744073709551030,18446744073709551030,18446744073709551589,0,1,1,11553520986347978618,0,0,2,6926657788714251405,0,1,1,0
PAWN_AUDIT_RESULT,1522,1,1,-302,0,0,-302,0,0,0,0,0
PAWN_AUDIT_ENTRY,1542,10126203105937458247,11917347729220555083,15620760097001697589,15488978748364168806,405,240,241,201,8,7,5,4,18446744073709546366,18446744073709551472,2,0,0,0,0,1,0,0,0,18446744073709551513,18446744073709551513,2371482,11,3151,0,0,1,2,18446744073709549806,18446744073709551030,18446744073709551030,153,4,1,1,6180315468629575595,0,0,2,11711399354644647625,0,1,1,0
PAWN_AUDIT_RESULT,1542,5,5,122,0,0,122,0,0,0,0,0
PAWN_AUDIT_ENTRY,1566,8204861696685727914,17285728171608336074,14540130082299394940,14407883641317151791,405,240,241,220,6,5,1,4,18446744073709546612,18446744073709550300,2,0,0,0,0,0,0,732,0,1,1,7030548,11,3213,0,0,1,2,18446744073709550783,18446744073709551030,18446744073709549247,196,3,1,1,11553520986347978618,0,0,2,8217260597831064867,0,1,1,0
PAWN_AUDIT_RESULT,1566,1,1,109,0,0,109,0,0,0,0,0
PAWN_AUDIT_ENTRY,1640,12766665875825442722,12942605216894385073,17722136795042310261,7102846179496424570,708,227,228,186,7,6,3,3,18446744073709545858,18446744073709549575,8,0,0,0,0,0,0,0,0,115,115,5474454,11,3385,0,0,1,6,18446744073709549575,18446744073709551030,18446744073709551030,240,0,1,1,12623835902163763756,0,0,8,14540300766287148392,0,1,1,0
PAWN_AUDIT_RESULT,1640,3,3,142,0,0,142,0,0,0,0,0
PAWN_AUDIT_ENTRY,1641,12942605216894385073,2790585956075348867,17722136795042310261,10992882569025174487,861,227,228,186,7,6,3,4,18446744073709545535,18446744073709550278,8,0,0,0,0,0,0,0,0,115,115,5474454,11,3386,0,0,1,1,18446744073709549428,18446744073709551030,18446744073709551030,240,0,1,1,12623835902163763756,0,0,8,14540300766287148392,0,0,1,0
PAWN_AUDIT_RESULT,1641,3,3,184,0,0,184,0,0,0,0,0
PAWN_AUDIT_ENTRY,1642,2790585956075348867,11779941692597728598,17722136795042310261,6385601455805448728,716,227,228,186,7,6,2,5,18446744073709544391,18446744073709549571,8,0,0,0,0,0,0,0,0,115,115,5474454,11,3387,0,0,1,6,18446744073709548908,18446744073709551030,18446744073709551030,240,0,1,1,12623835902163763756,0,0,8,14540300766287148392,0,1,1,0
PAWN_AUDIT_RESULT,1642,2,2,128,0,0,128,0,0,0,0,0
PAWN_AUDIT_ENTRY,1643,11779941692597728598,11454180645267789440,17722136795042310261,2446831003899360551,706,227,228,186,7,6,2,6,18446744073709544714,18446744073709550278,8,0,0,0,0,0,0,0,0,115,115,5474454,11,3388,0,0,1,6,18446744073709549055,18446744073709551030,18446744073709551030,240,0,1,1,12623835902163763756,0,0,8,14540300766287148392,0,1,1,0
PAWN_AUDIT_RESULT,1643,2,2,115,0,0,115,0,0,0,0,0
PAWN_AUDIT_ENTRY,1644,11454180645267789440,6320080474726308013,17722136795042310261,7214199989771360240,714,227,228,186,7,6,2,7,18446744073709545326,18446744073709548874,8,0,0,0,0,0,0,0,0,115,115,5474454,11,3389,0,0,1,6,18446744073709549333,18446744073709551030,18446744073709551030,240,0,1,1,12623835902163763756,0,0,8,14540300766287148392,0,1,1,0
PAWN_AUDIT_RESULT,1644,2,2,138,0,0,138,0,0,0,0,0
PAWN_AUDIT_ENTRY,1645,6320080474726308013,13438616591673273210,17722136795042310261,17294709233599631242,197,227,228,186,7,6,2,8,18446744073709545181,18446744073709548874,8,0,0,0,0,0,0,0,0,115,115,5474454,11,3390,0,0,1,5,18446744073709549267,18446744073709551030,18446744073709551030,240,0,1,1,12623835902163763756,0,0,8,14540300766287148392,0,1,1,0
PAWN_AUDIT_RESULT,1645,2,2,114,0,0,114,0,0,0,0,0
PAWN_AUDIT_ENTRY,1646,13438616591673273210,4228500102304615959,17722136795042310261,16736065540777351258,1308,227,228,186,7,6,2,9,18446744073709541114,18446744073709550278,8,0,0,0,0,0,0,0,0,115,115,5474454,11,3391,0,0,1,1,18446744073709547418,18446744073709551030,18446744073709551030,240,0,1,1,12623835902163763756,0,0,8,14540300766287148392,0,0,1,0
PAWN_AUDIT_RESULT,1646,2,2,-86,0,0,-86,0,0,0,0,0
PAWN_AUDIT_ENTRY,1648,4375140662120683232,13161961671239504769,17722136795042310261,1696846402004789892,196,227,228,186,7,6,2,11,18446744073709545570,18446744073709547758,8,0,0,0,0,0,0,0,0,115,115,5474454,11,3394,0,0,1,5,18446744073709549444,18446744073709551030,18446744073709551030,240,0,1,1,12623835902163763756,0,0,8,14540300766287148392,0,1,1,0
PAWN_AUDIT_RESULT,1648,2,2,87,0,0,87,0,0,0,0,0
PAWN_AUDIT_ENTRY,1649,13161961671239504769,15465536615182972319,17722136795042310261,8048044546758762901,193,227,228,186,7,6,2,13,18446744073709541605,18446744073709548874,8,0,0,0,0,0,0,0,0,115,115,5474454,11,3395,0,0,1,5,18446744073709547641,18446744073709551030,18446744073709551030,240,0,1,1,12623835902163763756,0,0,8,14540300766287148392,0,1,1,0
PAWN_AUDIT_RESULT,1649,2,2,93,0,0,93,0,0,0,0,0
PAWN_AUDIT_ENTRY,1650,15465536615182972319,9089436501849827555,17722136795042310261,11030127117423007892,1217,227,228,186,7,6,2,15,18446744073709543445,18446744073709547862,8,0,0,0,0,0,0,0,0,115,115,5474454,11,3396,0,0,1,3,18446744073709548478,18446744073709551030,18446744073709551030,240,0,1,1,12623835902163763756,0,0,8,14540300766287148392,0,1,1,0
PAWN_AUDIT_RESULT,1650,2,2,83,0,0,83,0,0,0,0,0
PAWN_AUDIT_ENTRY,1651,9089436501849827555,12384311084375259373,17722136795042310261,13317543682175183963,495,227,228,186,7,6,2,16,18446744073709542704,18446744073709547758,8,0,0,0,0,0,0,0,0,115,115,5474454,11,3397,0,0,1,4,18446744073709548141,18446744073709551030,18446744073709551030,240,0,1,1,12623835902163763756,0,0,8,14540300766287148392,0,1,1,0
PAWN_AUDIT_RESULT,1651,2,2,91,0,0,91,0,0,0,0,0
PAWN_AUDIT_ENTRY,1653,2689992721565914697,1597994087878741819,2508126289121399717,13091237206781710250,708,227,228,190,9,8,3,3,18446744073709544732,18446744073709548940,6,0,0,0,0,0,0,1892,0,18446744073709551597,18446744073709551597,5658580,11,3399,0,0,1,6,18446744073709549063,18446744073709551030,18446744073709551030,240,3,1,1,12623835902163763756,0,0,6,11029278299674359290,0,1,1,0
PAWN_AUDIT_RESULT,1653,3,3,124,0,0,124,0,0,0,0,0
PAWN_AUDIT_ENTRY,1655,6123402220223566938,5819187429149633523,2508126289121399717,13046479671104244476,1226,227,228,190,9,8,3,5,18446744073709550600,18446744073709546905,6,0,0,0,0,0,0,1892,0,18446744073709551597,18446744073709551597,5658580,11,3401,0,0,1,3,115,18446744073709551030,18446744073709551030,240,3,1,1,12623835902163763756,0,0,6,11029278299674359290,0,1,1,0
PAWN_AUDIT_RESULT,1655,3,3,41,0,0,41,0,0,0,0,0
PAWN_AUDIT_ENTRY,1656,5819187429149633523,14216794584562075831,2508126289121399717,4574945728873800586,1308,227,228,190,9,8,2,6,18446744073709541012,18446744073709550278,6,0,0,0,0,0,0,1892,0,18446744073709551597,18446744073709551597,5658580,11,3402,0,0,1,1,18446744073709546828,501,18446744073709551030,240,3,1,1,12623835902163763756,0,0,6,11029278299674359290,0,0,1,0
PAWN_AUDIT_RESULT,1656,2,2,-210,0,0,-210,0,0,0,0,0
PAWN_AUDIT_ENTRY,1657,14216794584562075831,16183657424348746075,2508126289121399717,17783564577990201079,706,227,228,190,9,8,2,7,18446744073709542704,18446744073709548874,6,0,0,0,0,0,0,1892,0,18446744073709551597,18446744073709551597,5658580,11,3403,0,0,1,6,18446744073709548141,18446744073709551030,18446744073709551030,240,3,1,1,12623835902163763756,0,0,6,11029278299674359290,0,1,1,0
PAWN_AUDIT_RESULT,1657,2,2,15,0,0,15,0,0,0,0,0
PAWN_AUDIT_ENTRY,1658,16183657424348746075,15576858948376865898,2508126289121399717,12908150776751516704,714,227,228,190,9,8,2,8,18446744073709544055,18446744073709548208,6,0,0,0,0,0,0,1892,0,18446744073709551597,18446744073709551597,5658580,11,3404,0,0,1,6,18446744073709548755,18446744073709551030,18446744073709551030,240,3,1,1,12623835902163763756,0,0,6,11029278299674359290,0,1,1,0
PAWN_AUDIT_RESULT,1658,2,2,32,0,0,32,0,0,0,0,0
PAWN_AUDIT_ENTRY,1682,16812167691235410802,337948370643688893,3026117171096699056,17995036215118209885,730,227,228,215,9,8,4,2,18446744073709550340,18446744073709550278,8,0,0,0,0,0,0,732,0,18446744073709551581,18446744073709551581,18446744073709281042,11,3447,0,0,1,2,18446744073709551613,18446744073709551030,18446744073709551030,191,0,1,1,6707751097017564453,0,0,8,1569159833564683693,0,1,1,0
PAWN_AUDIT_RESULT,1682,4,4,99,0,0,99,0,0,0,0,0
PAWN_AUDIT_ENTRY,1683,337948370643688893,1070582721040882629,3026117171096699056,8889288680038798299,721,227,228,215,9,8,4,3,18446744073709550743,18446744073709550278,8,0,0,0,0,0,0,732,0,18446744073709551581,18446744073709551581,18446744073709281042,11,3448,0,0,1,2,180,18446744073709551030,18446744073709551030,191,0,1,1,6707751097017564453,0,0,8,1569159833564683693,0,1,1,0
PAWN_AUDIT_RESULT,1683,4,4,57,0,0,57,0,0,0,0,0
PAWN_AUDIT_ENTRY,1684,1070582721040882629,17907105174874414300,3026117171096699056,11678934028569663583,861,227,228,215,9,8,3,4,18446744073709547175,18446744073709550278,8,0,0,0,0,0,0,732,0,18446744073709551581,18446744073709551581,18446744073709281042,11,3449,0,0,1,1,18446744073709550174,18446744073709551030,18446744073709551030,191,0,1,1,6707751097017564453,0,0,8,1569159833564683693,0,0,1,0
PAWN_AUDIT_RESULT,1684,3,3,100,0,0,100,0,0,0,0,0
PAWN_AUDIT_ENTRY,1685,17907105174874414300,10325335588365659875,3026117171096699056,11319478907605069129,1,227,228,215,9,8,2,5,18446744073709541092,18446744073709550278,8,0,0,0,0,0,0,732,0,18446744073709551581,18446744073709551581,18446744073709281042,11,3450,0,0,1,4,18446744073709547408,18446744073709551030,18446744073709551030,191,0,1,1,6707751097017564453,0,0,8,1569159833564683693,0,1,1,0
PAWN_AUDIT_RESULT,1685,2,2,46,0,0,46,0,0,0,0,0
PAWN_AUDIT_ENTRY,1686,10325335588365659875,5622636669664845584,3026117171096699056,15579724647257994217,495,227,228,215,9,8,2,6,18446744073709541092,18446744073709550278,8,0,0,0,0,0,0,732,0,18446744073709551581,18446744073709551581,18446744073709281042,11,3451,0,0,1,4,18446744073709547408,18446744073709551030,18446744073709551030,191,0,1,1,6707751097017564453,0,0,8,1569159833564683693,0,1,1,0
PAWN_AUDIT_RESULT,1686,2,2,-31,0,0,-31,0,0,0,0,0
PAWN_AUDIT_ENTRY,1687,5622636669664845584,48548796743030001,3026117171096699056,12400624519285583943,705,227,228,215,9,8,2,7,18446744073709541277,18446744073709550278,8,0,0,0,0,0,0,732,0,18446744073709551581,18446744073709551581,18446744073709281042,11,3452,0,0,1,2,18446744073709547492,18446744073709551030,18446744073709551030,191,0,1,1,6707751097017564453,0,0,8,1569159833564683693,0,1,1,0
PAWN_AUDIT_RESULT,1687,2,2,-8,0,0,-8,0,0,0,0,0
PAWN_AUDIT_ENTRY,1688,48548796743030001,5008088510355133660,3026117171096699056,12952112644271032656,193,227,228,215,9,8,2,8,18446744073709540210,18446744073709550278,8,0,0,0,0,0,0,732,0,18446744073709551581,18446744073709551581,18446744073709281042,11,3453,0,0,1,5,18446744073709547007,18446744073709551030,18446744073709551030,191,0,1,1,6707751097017564453,0,0,8,1569159833564683693,0,1,1,0
PAWN_AUDIT_RESULT,1688,2,2,71,0,0,71,0,0,0,0,0
PAWN_AUDIT_ENTRY,1689,5008088510355133660,11609485860885501342,3026117171096699056,59869972725689019,709,227,228,215,9,8,2,10,18446744073709540147,18446744073709550278,8,0,0,0,0,0,0,732,0,18446744073709551581,18446744073709551581,18446744073709281042,11,3454,0,0,1,2,18446744073709546978,18446744073709551030,18446744073709551030,191,0,1,1,6707751097017564453,0,0,8,1569159833564683693,0,1,1,0
PAWN_AUDIT_RESULT,1689,2,2,32,0,0,32,0,0,0,0,0
PAWN_AUDIT_ENTRY,1691,14035664400629503761,5963898774704104171,3026117171096699056,6461349611168277370,511,227,228,215,9,8,3,32,18446744073709550340,18446744073709550278,8,0,0,0,0,0,0,732,1,18446744073709551581,18446744073709551581,18446744073709281042,11,3456,0,0,1,4,18446744073709551613,18446744073709551030,18446744073709551030,191,0,1,1,6707751097017564453,0,0,8,1569159833564683693,0,1,1,0
PAWN_AUDIT_RESULT,1691,3,3,-988,0,0,-988,0,1,1,0,0
PAWN_AUDIT_ENTRY,1693,1094506657321942228,15672513972220151460,18357208222406540128,3351870054067017869,730,227,228,216,11,10,5,3,18446744073709549397,18446744073709549853,6,0,0,0,0,0,0,1892,0,18446744073709551287,18446744073709551287,18446744073709380616,11,3459,0,0,1,2,18446744073709551184,18446744073709551030,18446744073709551030,215,2,1,1,6707751097017564453,0,0,6,4972147856737443135,0,1,1,0
PAWN_AUDIT_RESULT,1693,5,5,-249,0,0,-249,0,0,0,0,0
PAWN_AUDIT_ENTRY,1694,15672513972220151460,15671406727509587093,18357208222406540128,12421511485524224011,721,227,228,216,11,10,5,4,18446744073709546378,18446744073709548874,6,0,0,0,0,0,0,1892,0,18446744073709551287,18446744073709551287,18446744073709380616,11,3460,0,0,1,2,18446744073709550342,18446744073709551030,18446744073709549937,215,2,1,1,6707751097017564453,0,0,6,4972147856737443135,0,1,1,0
PAWN_AUDIT_RESULT,1694,5,5,-244,0,0,-244,0,0,0,0,0
PAWN_AUDIT_ENTRY,1695,15671406727509587093,3471533359280321655,18357208222406540128,10273934688956258474,511,227,228,216,11,10,3,36,18446744073709550340,18446744073709550278,6,0,0,0,0,0,0,1892,1,18446744073709551287,18446744073709551287,18446744073709380616,11,3461,0,0,1,4,18446744073709551613,18446744073709551030,18446744073709551030,215,2,1,1,6707751097017564453,0,0,6,4972147856737443135,0,1,1,0
PAWN_AUDIT_RESULT,1695,3,3,-715,0,0,-715,0,1,1,0,0
PAWN_AUDIT_ENTRY,1697,11473045033128389930,11346701559653077009,13900832927897873864,6956911779998302646,219,227,228,227,13,12,8,3,18446744073709542946,18446744073709550595,4,0,0,0,0,0,0,0,0,18446744073709551597,18446744073709551597,64348,11,3464,0,0,1,5,18446744073709548251,18446744073709551030,18446744073709551030,161,9,1,1,2263430475772496190,0,0,4,1083521564323829292,0,1,1,0
PAWN_AUDIT_RESULT,1697,8,8,227,0,0,227,0,0,0,0,0
PAWN_AUDIT_ENTRY,1699,8442501399013587299,10720516956301307044,13900832927897873864,5925086001212087686,2348,227,228,227,13,12,6,5,18446744073709539456,18446744073709550278,4,0,0,0,0,0,0,0,0,18446744073709551597,18446744073709551597,64348,11,3468,0,0,1,1,18446744073709546664,18446744073709551030,18446744073709551030,161,9,1,1,2263430475772496190,0,0,4,1083521564323829292,0,0,1,0
PAWN_AUDIT_RESULT,1699,6,6,128,0,0,128,0,0,0,0,0
PAWN_AUDIT_ENTRY,1700,10720516956301307044,10913703337179169354,13900832927897873864,14903065882519667355,405,227,228,227,13,12,8,6,18446744073709551340,18446744073709548972,4,0,0,0,0,0,0,0,0,18446744073709551597,18446744073709551597,64348,11,3469,0,0,1,2,366,18446744073709551071,18446744073709551164,161,9,1,1,2263430475772496190,0,0,4,1083521564323829292,0,1,1,0
PAWN_AUDIT_RESULT,1700,8,8,75,0,0,75,0,0,0,0,0
PAWN_AUDIT_ENTRY,1701,10913703337179169354,5857849731802323621,13900832927897873864,9238041115391142240,203,227,228,227,13,12,5,8,18446744073709535924,18446744073709550278,4,0,0,0,0,0,0,0,0,18446744073709551597,18446744073709551597,64348,11,3470,0,0,1,5,18446744073709545058,18446744073709551030,18446744073709551030,161,9,1,1,2263430475772496190,0,0,4,1083521564323829292,0,1,1,0
PAWN_AUDIT_RESULT,1701,5,5,54,0,0,54,0,0,0,0,0
PAWN_AUDIT_ENTRY,1702,5857849731802323621,13407835619371451378,13900832927897873864,7185297556408076860,268,227,228,227,13,12,5,9,18446744073709535405,18446744073709550278,4,0,0,0,0,0,0,0,0,18446744073709551597,18446744073709551597,64348,11,3471,0,0,1,6,18446744073709544822,18446744073709551030,18446744073709551030,161,9,1,1,2263430475772496190,0,0,4,1083521564323829292,0,1,1,0
PAWN_AUDIT_RESULT,1702,5,5,-53,0,0,-53,0,0,0,0,0
PAWN_AUDIT_ENTRY,1703,13407835619371451378,1803153648989032687,13900832927897873864,12282339046272563152,209,227,228,227,13,12,5,10,18446744073709535390,18446744073709550278,4,0,0,0,0,0,0,0,0,18446744073709551597,18446744073709551597,64348,11,3472,0,0,1,5,18446744073709544815,18446744073709551030,18446744073709551030,161,9,1,1,2263430475772496190,0,0,4,1083521564323829292,0,1,1,0
PAWN_AUDIT_RESULT,1703,5,5,18,0,0,18,0,0,0,0,0
PAWN_AUDIT_ENTRY,1704,1803153648989032687,17026768613463071832,13900832927897873864,7939271784949742493,267,227,228,227,13,12,5,11,18446744073709537846,18446744073709548874,4,0,0,0,0,0,0,0,0,18446744073709551597,18446744073709551597,64348,11,3473,0,0,1,6,18446744073709545932,18446744073709551030,18446744073709551030,161,9,1,1,2263430475772496190,0,0,4,1083521564323829292,0,1,1,0
PAWN_AUDIT_RESULT,1704,5,5,-209,0,0,-209,0,0,0,0,0
PAWN_AUDIT_ENTRY,1705,17026768613463071832,10701843833809440730,13900832927897873864,16678506204471304631,1871,227,228,227,13,12,5,12,18446744073709535282,18446744073709550278,4,0,0,0,0,0,0,0,0,18446744073709551597,18446744073709551597,64348,11,3474,0,0,1,3,18446744073709544766,18446744073709551030,18446744073709551030,161,9,1,1,2263430475772496190,0,0,4,1083521564323829292,0,1,1,0
PAWN_AUDIT_RESULT,1705,5,5,43,0,0,43,0,0,0,0,0
PAWN_AUDIT_ENTRY,1706,10701843833809440730,11645591354728610572,13900832927897873864,4809840775647358153,202,227,228,227,13,12,5,13,18446744073709535269,18446744073709550278,4,0,0,0,0,0,0,0,0,18446744073709551597,18446744073709551597,64348,11,3475,0,0,1,5,18446744073709544760,18446744073709551030,18446744073709551030,161,9,1,1,2263430475772496190,0,0,4,1083521564323829292,0,1,1,0
PAWN_AUDIT_RESULT,1706,5,5,90,0,0,90,0,0,0,0,0
PAWN_AUDIT_ENTRY,1707,11645591354728610572,13025963191455737838,13900832927897873864,747259369213035363,261,227,228,227,13,12,5,14,18446744073709535260,18446744073709550278,4,0,0,0,0,0,0,0,0,18446744073709551597,18446744073709551597,64348,11,3476,0,0,1,6,18446744073709544756,18446744073709551030,18446744073709551030,161,9,1,1,2263430475772496190,0,0,4,1083521564323829292,0,1,1,0
PAWN_AUDIT_RESULT,1707,5,5,57,0,0,57,0,0,0,0,0
PAWN_AUDIT_ENTRY,1708,13025963191455737838,11576265109901716803,13900832927897873864,7137233689391868781,194,227,228,227,13,12,5,15,18446744073709535187,18446744073709550278,4,0,0,0,0,0,0,0,0,18446744073709551597,18446744073709551597,64348,11,3477,0,0,1,5,18446744073709544723,18446744073709551030,18446744073709551030,161,9,1,1,2263430475772496190,0,0,4,1083521564323829292,0,1,1,0
PAWN_AUDIT_RESULT,1708,5,5,-10,0,0,-10,0,0,0,0,0
PAWN_AUDIT_ENTRY,1709,11576265109901716803,28105626298394531,13900832927897873864,6221569569389062192,1878,227,228,227,13,12,5,16,18446744073709535106,18446744073709550278,4,0,0,0,0,0,0,0,0,18446744073709551597,18446744073709551597,64348,11,3478,0,0,1,3,18446744073709544686,18446744073709551030,18446744073709551030,161,9,1,1,2263430475772496190,0,0,4,1083521564323829292,0,1,1,0
PAWN_AUDIT_RESULT,1709,5,5,95,0,0,95,0,0,0,0,0
PAWN_AUDIT_ENTRY,1710,28105626298394531,2685161242562313743,13900832927897873864,6751832515879352160,222,227,228,227,13,12,5,17,18446744073709535102,18446744073709550278,4,0,0,0,0,0,0,0,0,18446744073709551597,18446744073709551597,64348,11,3479,0,0,1,5,18446744073709544684,18446744073709551030,18446744073709551030,161,9,1,1,2263430475772496190,0,0,4,1083521564323829292,0,1,1,0
PAWN_AUDIT_RESULT,1710,5,5,83,0,0,83,0,0,0,0,0
PAWN_AUDIT_ENTRY,1711,2685161242562313743,12213141855349665019,13900832927897873864,9848828794424556194,204,227,228,227,13,12,5,18,18446744073709535099,18446744073709550278,4,0,0,0,0,0,0,0,0,18446744073709551597,18446744073709551597,64348,11,3480,0,0,1,5,18446744073709544683,18446744073709551030,18446744073709551030,161,9,1,1,2263430475772496190,0,0,4,1083521564323829292,0,1,1,0
PAWN_AUDIT_RESULT,1711,5,5,72,0,0,72,0,0,0,0,0
PAWN_AUDIT_ENTRY,1712,12213141855349665019,16057263987830926274,13900832927897873864,6329213032353496925,216,227,228,227,13,12,4,19,18446744073709535082,18446744073709550278,4,0,0,0,0,0,0,0,0,18446744073709551597,18446744073709551597,64348,11,3481,0,0,1,5,18446744073709544675,18446744073709551030,18446744073709551030,161,9,1,1,2263430475772496190,0,0,4,1083521564323829292,0,1,1,0
PAWN_AUDIT_RESULT,1712,4,4,41,0,0,41,0,0,0,0,0
PAWN_AUDIT_ENTRY,1713,16057263987830926274,17521995850128919693,13900832927897873864,17637241795184068043,1178,227,228,227,13,12,4,20,18446744073709535049,18446744073709550278,4,0,0,0,0,0,0,0,0,18446744073709551597,18446744073709551597,64348,11,3482,0,0,1,1,18446744073709544660,18446744073709551030,18446744073709551030,161,9,1,1,2263430475772496190,0,0,4,1083521564323829292,0,0,1,0
PAWN_AUDIT_RESULT,1713,4,4,58,0,0,58,0,0,0,0,0
PAWN_AUDIT_ENTRY,1714,17521995850128919693,9108070830743698324,13900832927897873864,5964970424472334631,593,227,228,227,13,12,4,22,18446744073709534915,18446744073709550278,4,0,0,0,0,0,0,0,0,18446744073709551597,18446744073709551597,64348,11,3483,0,0,1,1,18446744073709544599,18446744073709551030,18446744073709551030,161,9,1,1,2263430475772496190,0,0,4,1083521564323829292,0,0,1,0
PAWN_AUDIT_RESULT,1714,4,4,24,0,0,24,0,0,0,0,0
PAWN_AUDIT_ENTRY,1715,9108070830743698324,11106968702109975394,13900832927897873864,7117349261300617166,536,227,228,227,13,12,4,23,18446744073709534888,18446744073709550278,4,0,0,0,0,0,0,0,0,18446744073709551597,18446744073709551597,64348,11,3484,0,0,1,1,18446744073709544587,18446744073709551030,18446744073709551030,161,9,1,1,2263430475772496190,0,0,4,1083521564323829292,0,0,1,0
PAWN_AUDIT_RESULT,1715,4,4,73,0,0,73,0,0,0,0,0
PAWN_AUDIT_ENTRY,1716,11106968702109975394,4783277029159233892,13900832927897873864,6944115000605431746,601,227,228,227,13,12,4,24,18446744073709534864,18446744073709550278,4,0,0,0,0,0,0,0,0,18446744073709551597,18446744073709551597,64348,11,3485,0,0,1,1,18446744073709544576,18446744073709551030,18446744073709551030,161,9,1,1,2263430475772496190,0,0,4,1083521564323829292,0,0,1,0
PAWN_AUDIT_RESULT,1716,4,4,43,0,0,43,0,0,0,0,0
PAWN_AUDIT_ENTRY,1717,4783277029159233892,14918565125007753731,13900832927897873864,1425365064002869544,528,227,228,227,13,12,4,25,18446744073709534860,18446744073709550278,4,0,0,0,0,0,0,0,0,18446744073709551597,18446744073709551597,64348,11,3486,0,0,1,1,18446744073709544574,18446744073709551030,18446744073709551030,161,9,1,1,2263430475772496190,0,0,4,1083521564323829292,0,0,1,0
PAWN_AUDIT_RESULT,1717,4,4,61,0,0,61,0,0,0,0,0
PAWN_AUDIT_ENTRY,1718,14918565125007753731,4744835612325566144,13900832927897873864,6109563628003898526,396,227,228,227,13,12,4,26,18446744073709535185,18446744073709550278,4,0,0,0,0,0,0,0,0,18446744073709551597,18446744073709551597,64348,11,3487,0,0,1,2,18446744073709544722,18446744073709551030,18446744073709551030,161,9,1,1,2263430475772496190,0,0,4,1083521564323829292,0,1,1,0
PAWN_AUDIT_RESULT,1718,4,4,89,0,0,89,0,0,0,0,0
PAWN_AUDIT_ENTRY,1719,4744835612325566144,7174752569643543708,13900832927897873864,1114228831630616073,407,227,228,227,13,12,4,27,18446744073709535209,18446744073709550278,4,0,0,0,0,0,0,0,0,18446744073709551597,18446744073709551597,64348,11,3488,0,0,1,2,18446744073709544733,18446744073709551030,18446744073709551030,161,9,1,1,2263430475772496190,0,0,4,1083521564323829292,0,1,1,0
PAWN_AUDIT_RESULT,1719,4,4,79,0,0,79,0,0,0,0,0
PAWN_AUDIT_ENTRY,1720,7174752569643543708,12431433385741752255,13900832927897873864,17419175733716115898,471,227,228,227,13,12,4,28,18446744073709535179,18446744073709550278,4,0,0,0,0,0,0,0,0,18446744073709551597,18446744073709551597,64348,11,3489,0,0,1,4,18446744073709544719,18446744073709551030,18446744073709551030,161,9,1,1,2263430475772496190,0,0,4,1083521564323829292,0,1,1,0
PAWN_AUDIT_RESULT,1720,4,4,-6,0,0,-6,0,0,0,0,0
PAWN_AUDIT_ENTRY,1721,12431433385741752255,3097533128543210712,13900832927897873864,13915977057143181749,926,227,228,227,13,12,4,29,18446744073709534935,18446744073709550278,4,0,0,0,0,0,0,0,0,18446744073709551597,18446744073709551597,64348,11,3490,0,0,1,1,18446744073709544608,18446744073709551030,18446744073709551030,161,9,1,1,2263430475772496190,0,0,4,1083521564323829292,0,0,1,0
PAWN_AUDIT_RESULT,1721,4,4,29,0,0,29,0,0,0,0,0
PAWN_AUDIT_ENTRY,1722,3097533128543210712,3602176464932153522,13900832927897873864,15122002532549520503,463,227,228,227,13,12,4,30,18446744073709535185,18446744073709550278,4,0,0,0,0,0,0,0,0,18446744073709551597,18446744073709551597,64348,11,3491,0,0,1,4,18446744073709544722,18446744073709551030,18446744073709551030,161,9,1,1,2263430475772496190,0,0,4,1083521564323829292,0,1,1,0
PAWN_AUDIT_RESULT,1722,4,4,-2,0,0,-2,0,0,0,0,0
PAWN_AUDIT_ENTRY,1723,3602176464932153522,14305553288885843810,13900832927897873864,8396094298466344542,1903,227,228,227,13,12,4,31,18446744073709535335,18446744073709550278,4,0,0,0,0,0,0,0,0,18446744073709551597,18446744073709551597,64348,11,3492,0,0,1,3,18446744073709544790,18446744073709551030,18446744073709551030,161,9,1,1,2263430475772496190,0,0,4,1083521564323829292,0,1,1,0
PAWN_AUDIT_RESULT,1723,4,4,64,0,0,64,0,0,0,0,0
PAWN_AUDIT_ENTRY,1724,14305553288885843810,232719355146370179,13900832927897873864,5474188878722815674,80,227,228,227,13,12,4,33,18446744073709535753,18446744073709550278,4,0,0,0,0,0,0,0,0,18446744073709551597,18446744073709551597,64348,11,3493,0,0,1,2,18446744073709544980,18446744073709551030,18446744073709551030,161,9,1,1,2263430475772496190,0,0,4,1083521564323829292,0,1,1,0
PAWN_AUDIT_RESULT,1724,4,4,98,0,0,98,0,0,0,0,0
PAWN_AUDIT_ENTRY,1725,232719355146370179,3938336028889818041,13900832927897873864,12735075087288438274,511,227,228,227,13,12,6,36,18446744073709550340,18446744073709550278,4,0,0,0,0,0,0,0,1,18446744073709551597,18446744073709551597,64348,11,3494,0,0,1,4,18446744073709551613,18446744073709551030,18446744073709551030,161,9,1,1,2263430475772496190,0,0,4,1083521564323829292,0,1,1,0
PAWN_AUDIT_RESULT,1725,6,6,-201,0,0,-201,0,0,0,0,0
PAWN_AUDIT_ENTRY,1736,8608474331529832004,12429594229426549023,2565792163398702241,8158397291941365706,721,227,228,221,8,7,4,4,18446744073709544976,494,8,0,0,0,0,0,0,0,0,240,243,18446744073705717048,11,3536,0,0,0,2,18446744073709549174,18446744073709551030,18446744073709551030,240,4,1,1,17099945467183773239,6,0,8,8615553734890690630,0,7,1,0
PAWN_AUDIT_RESULT,1736,4,4,228,1,6,233,0,13,43,1,1
PAWN_AUDIT_ENTRY,1765,9456839982108067209,16970993071611549191,8615553734890690630,2271164590436822080,2227,18446744073709551388,18446744073709551389,18446744073709551384,9,8,2,3,18446744073709549144,18446744073709550339,7,0,1,0,0,0,0,3742,0,18446744073709551376,18446744073709551298,8903908,11,3581,0,0,0,10,18446744073709551069,18446744073709551030,18446744073709551030,18446744073709551376,5,2,1,17099945467183773239,5,0,7,16163515583299797279,0,6,1,0
PAWN_AUDIT_RESULT,1765,2,2,-438,0,0,-438,0,0,0,0,0
PAWN_AUDIT_ENTRY,1770,18355626871649775103,1795615132951230490,8615553734890690630,10752972428214598667,3519,18446744073709551388,18446744073709551389,18446744073709551384,9,8,1,9,18446744073709543971,18446744073709546165,7,0,1,0,0,0,0,3742,0,18446744073709551376,18446744073709551298,8903908,11,3588,0,0,0,11,18446744073709548173,18446744073709551030,535,18446744073709551376,5,2,1,17099945467183773239,5,0,7,16163515583299797279,0,6,1,0
PAWN_AUDIT_RESULT,1770,1,1,-518,0,0,-518,0,0,0,0,0
PAWN_AUDIT_ENTRY,1771,1795615132951230490,12366802940755064521,8615553734890690630,10515447130774034244,2220,18446744073709551388,18446744073709551389,18446744073709551384,9,8,1,10,18446744073709544209,18446744073709548063,7,0,1,0,0,0,0,3742,0,18446744073709551376,18446744073709551298,8903908,11,3589,0,0,0,10,18446744073709548825,18446744073709551030,18446744073709551030,18446744073709551376,5,2,1,17099945467183773239,5,0,7,16163515583299797279,0,6,1,0
PAWN_AUDIT_RESULT,1771,1,1,-424,0,0,-424,0,0,0,0,0
PAWN_AUDIT_ENTRY,1772,12366802940755064521,1259757584902793537,8615553734890690630,17627314190855115316,2195,18446744073709551388,18446744073709551389,18446744073709551384,9,8,1,12,18446744073709540906,18446744073709549422,7,0,1,0,0,0,0,3742,1,18446744073709551376,18446744073709551298,8903908,11,3590,0,0,0,10,18446744073709549330,18446744073709549115,18446744073709548868,18446744073709551376,5,2,1,17099945467183773239,5,0,7,16163515583299797279,0,6,1,0
PAWN_AUDIT_RESULT,1772,1,1,-656,0,0,-656,0,0,0,0,0
PAWN_AUDIT_ENTRY,1788,9090818788636544373,13587066498629439931,15601132354317317515,10126701303896783212,3742,18446744073709551388,18446744073709551389,18446744073709551384,8,7,2,5,18446744073709545599,18446744073709547014,7,0,0,0,0,1,1,3492,0,18446744073709551238,18446744073709551238,18446744073707170838,11,3638,0,0,1,11,18446744073709550051,18446744073709550658,18446744073709550190,18446744073709551356,3,1,1,12623835902163763756,0,0,7,3712507779515880262,0,1,1,0
PAWN_AUDIT_RESULT,1788,2,2,-660,0,0,-660,0,0,0,0,0
PAWN_AUDIT_ENTRY,1797,4909999414176284492,11597452084321848683,9818977039213851929,16352880387144108189,3517,18446744073709551388,18446744073709551389,18446744073709551385,10,9,1,9,18446744073709537562,18446744073709550278,5,0,1,0,0,1,1,3298,0,18446744073709551376,18446744073709551361,18446744073708329857,11,3657,0,0,0,11,18446744073709546248,18446744073709551030,18446744073709550113,18446744073709551376,6,2,1,17099945467183773239,3,0,5,985497065946023406,0,4,1,0
PAWN_AUDIT_RESULT,1797,1,1,-641,0,0,-641,0,0,0,0,0
PAWN_AUDIT_ENTRY,1798,11597452084321848683,6123352732983618007,9818977039213851929,2496385957339719349,3892,18446744073709551388,18446744073709551389,18446744073709551385,10,9,1,10,18446744073709538761,18446744073709548874,5,0,1,0,0,1,1,3298,0,18446744073709551376,18446744073709551361,18446744073708329857,11,3658,0,0,0,12,18446744073709546348,18446744073709551030,18446744073709551030,18446744073709551376,6,2,1,17099945467183773239,3,0,5,985497065946023406,0,4,1,0
PAWN_AUDIT_RESULT,1798,1,1,-449,0,0,-449,0,0,0,0,0
PAWN_AUDIT_ENTRY,1799,6123352732983618007,14819435889006709497,9818977039213851929,8310524136967032614,3901,18446744073709551388,18446744073709551389,18446744073709551385,10,9,1,11,18446744073709538761,18446744073709548874,5,0,1,0,0,1,1,3298,0,18446744073709551376,18446744073709551361,18446744073708329857,11,3659,0,0,0,12,18446744073709546348,18446744073709551030,18446744073709551030,18446744073709551376,6,2,1,17099945467183773239,3,0,5,985497065946023406,0,4,1,0
PAWN_AUDIT_RESULT,1799,1,1,-515,0,0,-515,0,0,0,0,0
PAWN_AUDIT_ENTRY,1800,14819435889006709497,10627016282552512792,9818977039213851929,12875784173786664546,4029,18446744073709551388,18446744073709551389,18446744073709551385,10,9,1,12,18446744073709538761,18446744073709548874,5,0,1,0,0,1,1,3298,0,18446744073709551376,18446744073709551361,18446744073708329857,11,3660,0,0,0,14,18446744073709546348,18446744073709551030,18446744073709551030,18446744073709551376,6,2,1,17099945467183773239,3,0,5,985497065946023406,0,4,1,0
PAWN_AUDIT_RESULT,1800,1,1,-381,0,0,-381,0,0,0,0,0
PAWN_AUDIT_ENTRY,1801,10627016282552512792,12435332788392180258,9818977039213851929,7705272562211688788,3519,18446744073709551388,18446744073709551389,18446744073709551385,10,9,1,13,18446744073709546823,18446744073709545603,5,0,1,0,0,1,1,3298,0,18446744073709551376,18446744073709551361,18446744073708329857,11,3661,0,0,0,11,18446744073709547434,18446744073709551030,4729,18446744073709551376,6,2,1,17099945467183773239,3,0,5,985497065946023406,0,4,1,0
PAWN_AUDIT_RESULT,1801,1,1,-511,0,0,-511,0,0,0,0,0
PAWN_AUDIT_ENTRY,1802,12435332788392180258,10691747732821506230,9818977039213851929,3279790609728493192,3884,18446744073709551388,18446744073709551389,18446744073709551385,10,9,1,14,18446744073709537928,18446744073709548874,5,0,1,0,0,1,1,3298,0,18446744073709551376,18446744073709551361,18446744073708329857,11,3662,0,0,0,12,18446744073709545969,18446744073709551030,18446744073709551030,18446744073709551376,6,2,1,17099945467183773239,3,0,5,985497065946023406,0,4,1,0
PAWN_AUDIT_RESULT,1802,1,1,-395,0,0,-395,0,0,0,0,0
PAWN_AUDIT_ENTRY,1803,10691747732821506230,10084934534101904534,9818977039213851929,2480959626900777049,3325,18446744073709551388,18446744073709551389,18446744073709551385,10,9,1,15,18446744073709537246,18446744073709548193,5,0,1,0,0,1,1,3298,0,18446744073709551376,18446744073709551361,18446744073708329857,11,3663,0,0,0,10,18446744073709546680,18446744073709549878,18446744073709550113,18446744073709551376,6,2,1,17099945467183773239,3,0,5,985497065946023406,0,4,1,0
PAWN_AUDIT_RESULT,1803,1,1,-383,0,0,-383,0,0,0,0,0
PAWN_AUDIT_ENTRY,1807,2701985241193869461,9233240453090345571,5507804739986699477,7024795039825094280,2204,18446744073709551388,18446744073709551389,18446744073709551374,6,5,2,2,18446744073709547219,18446744073709548874,5,0,0,0,0,0,0,0,0,18446744073709551144,18446744073709551144,3089529,11,3674,0,0,0,10,18446744073709550194,18446744073709551030,18446744073709551030,18446744073709551320,2,1,1,17099945467183773239,3,0,5,15829986164736978316,0,4,1,0
PAWN_AUDIT_RESULT,1807,2,2,-415,0,0,-415,0,0,0,0,0
PAWN_AUDIT_ENTRY,1810,14714558574781662788,12731473385306896200,5507804739986699477,14942929956327571111,2195,18446744073709551388,18446744073709551389,18446744073709551374,6,5,1,6,18446744073709540906,18446744073709549422,5,0,0,0,0,0,0,0,1,18446744073709551144,18446744073709551144,3089529,11,3677,0,0,0,10,18446744073709549330,18446744073709549115,18446744073709548868,18446744073709551320,2,1,1,17099945467183773239,3,0,5,15829986164736978316,0,4,1,0
PAWN_AUDIT_RESULT,1810,1,1,-1222,0,0,-1222,0,1,1,0,0
PAWN_AUDIT_ENTRY,1816,8662287405455784510,14684018964179885813,15603684438161518238,3388419769552040869,1959,18446744073709551388,18446744073709551389,18446744073709551384,6,5,2,4,18446744073709546721,18446744073709548874,7,0,0,0,0,0,0,0,0,18446744073709551370,18446744073709551396,3208416,11,3693,0,0,0,11,18446744073709549055,501,174,18446744073709551370,0,1,1,17099945467183773239,5,0,7,6729045896010505833,0,6,1,0
PAWN_AUDIT_RESULT,1816,2,2,-418,0,0,-418,0,0,0,0,0
PAWN_AUDIT_ENTRY,1817,14684018964179885813,4458809105358952293,15603684438161518238,12726952661601344152,2227,18446744073709551388,18446744073709551389,18446744073709551384,6,5,2,6,18446744073709546260,18446744073709548923,7,0,0,0,0,0,0,0,0,18446744073709551370,18446744073709551396,3208416,11,3694,0,0,0,10,18446744073709549758,18446744073709551030,18446744073709551030,18446744073709551370,0,1,1,17099945467183773239,5,0,7,6729045896010505833,0,6,1,0
PAWN_AUDIT_RESULT,1817,2,2,-363,0,0,-363,0,0,0,0,0
PAWN_AUDIT_ENTRY,1821,16658312842639163389,16204771000379790365,15603684438161518238,6609939509163615468,2195,18446744073709551388,18446744073709551389,18446744073709551384,6,5,1,10,18446744073709544681,18446744073709549422,7,0,0,0,0,0,0,0,1,18446744073709551370,18446744073709551396,3208416,11,3700,0,0,0,10,18446744073709549330,18446744073709550450,18446744073709551030,18446744073709551370,0,1,1,17099945467183773239,5,0,7,6729045896010505833,0,6,1,0
PAWN_AUDIT_RESULT,1821,1,1,-646,0,0,-646,0,1,1,0,0
PAWN_AUDIT_ENTRY,1822,16204771000379790365,13701014227804691889,15603684438161518238,11130595023869646585,3834,18446744073709551388,18446744073709551389,18446744073709551384,6,5,1,11,18446744073709540184,18446744073709548874,7,0,0,0,0,0,0,0,0,18446744073709551370,18446744073709551396,3208416,11,3702,0,0,0,13,18446744073709547518,18446744073709550455,18446744073709550545,18446744073709551370,0,1,1,17099945467183773239,5,0,7,6729045896010505833,0,6,1,0
PAWN_AUDIT_RESULT,1822,1,1,-335,0,0,-335,0,0,0,0,0
PAWN_AUDIT_ENTRY,1823,13701014227804691889,1757054272979730432,15603684438161518238,11682144740874362827,3833,18446744073709551388,18446744073709551389,18446744073709551384,6,5,1,12,18446744073709539894,18446744073709548874,7,0,0,0,0,0,0,0,0,18446744073709551370,18446744073709551396,3208416,11,3703,0,0,0,13,18446744073709547448,18446744073709550383,18446744073709550491,18446744073709551370,0,1,1,17099945467183773239,5,0,7,6729045896010505833,0,6,1,0
PAWN_AUDIT_RESULT,1823,1,1,-441,0,0,-441,0,0,0,0,0
PAWN_AUDIT_ENTRY,1824,1757054272979730432,2822324021421747306,15603684438161518238,9768531790389316544,3642,18446744073709551388,18446744073709551389,18446744073709551384,6,5,1,13,18446744073709539568,18446744073709548874,7,0,0,0,0,0,0,0,0,18446744073709551370,18446744073709551396,3208416,11,3704,0,0,0,12,18446744073709547370,18446744073709550302,18446744073709550430,18446744073709551370,0,1,1,17099945467183773239,5,0,7,6729045896010505833,0,6,1,0
PAWN_AUDIT_RESULT,1824,1,1,-323,0,0,-323,0,0,0,0,0
PAWN_AUDIT_ENTRY,1825,2822324021421747306,2048383023818271356,15603684438161518238,7813362466822380080,3827,18446744073709551388,18446744073709551389,18446744073709551384,6,5,1,14,18446744073709538761,18446744073709548874,7,0,0,0,0,0,0,0,0,18446744073709551370,18446744073709551396,3208416,11,3705,0,0,0,13,18446744073709546348,18446744073709551030,18446744073709551030,18446744073709551370,0,1,1,17099945467183773239,5,0,7,6729045896010505833,0,6,1,0
PAWN_AUDIT_RESULT,1825,1,1,-313,0,0,-313,0,0,0,0,0
PAWN_AUDIT_ENTRY,1826,2048383023818271356,13222159086195100910,15603684438161518238,10124217626600612473,1978,18446744073709551388,18446744073709551389,18446744073709551384,6,5,1,15,18446744073709539210,18446744073709548874,7,0,0,0,0,0,0,0,0,18446744073709551370,18446744073709551396,3208416,11,3706,0,0,0,11,18446744073709547284,18446744073709550213,18446744073709550364,18446744073709551370,0,1,1,17099945467183773239,5,0,7,6729045896010505833,0,6,1,0
PAWN_AUDIT_RESULT,1826,1,1,-462,0,0,-462,0,0,0,0,0
PAWN_AUDIT_ENTRY,1827,13222159086195100910,15396437411483281450,15603684438161518238,8912650989335170002,2216,18446744073709551388,18446744073709551389,18446744073709551384,6,5,1,16,18446744073709542704,18446744073709546870,7,0,0,0,0,0,0,0,0,18446744073709551370,18446744073709551396,3208416,11,3707,0,0,0,10,18446744073709548141,18446744073709551030,18446744073709551030,18446744073709551370,0,1,1,17099945467183773239,5,0,7,6729045896010505833,0,6,1,0
PAWN_AUDIT_RESULT,1827,1,1,-549,0,0,-549,0,0,0,0,0
PAWN_AUDIT_ENTRY,1828,15396437411483281450,12215366322059738211,15603684438161518238,4536720599874314652,2220,18446744073709551388,18446744073709551389,18446744073709551384,6,5,1,17,18446744073709542300,18446744073709547113,7,0,0,0,0,0,0,0,0,18446744073709551370,18446744073709551396,3208416,11,3708,0,0,0,10,18446744073709547957,18446744073709551030,18446744073709551030,18446744073709551370,0,1,1,17099945467183773239,5,0,7,6729045896010505833,0,6,1,0
PAWN_AUDIT_RESULT,1828,1,1,-332,0,0,-332,0,0,0,0,0
PAWN_AUDIT_ENTRY,1829,12215366322059738211,9144219228213219656,15603684438161518238,838221492681691713,1971,18446744073709551388,18446744073709551389,18446744073709551384,6,5,1,18,18446744073709540301,18446744073709547758,7,0,0,0,0,0,0,0,0,18446744073709551370,18446744073709551396,3208416,11,3709,0,0,0,11,18446744073709547867,18446744073709550113,18446744073709550288,18446744073709551370,0,1,1,17099945467183773239,5,0,7,6729045896010505833,0,6,1,0
PAWN_AUDIT_RESULT,1829,1,1,-435,0,0,-435,0,0,0,0,0
PAWN_AUDIT_ENTRY,1830,9144219228213219656,1059532216291084950,15603684438161518238,11303942702415249254,1957,18446744073709551388,18446744073709551389,18446744073709551384,6,5,1,20,18446744073709539236,18446744073709548087,7,0,0,0,0,0,0,0,0,18446744073709551370,18446744073709551396,3208416,11,3710,0,0,0,11,18446744073709547585,18446744073709549878,18446744073709550113,18446744073709551370,0,1,1,17099945467183773239,5,0,7,6729045896010505833,0,6,1,0
PAWN_AUDIT_RESULT,1830,1,1,-414,0,0,-414,0,0,0,0,0
PAWN_AUDIT_ENTRY,1831,1059532216291084950,6411374732109925493,15603684438161518238,5575279971824325771,1964,18446744073709551388,18446744073709551389,18446744073709551384,6,5,1,21,18446744073709539799,18446744073709547758,7,0,0,0,0,0,0,0,0,18446744073709551370,18446744073709551396,3208416,11,3711,0,0,0,11,18446744073709547734,18446744073709550002,18446744073709550206,18446744073709551370,0,1,1,17099945467183773239,5,0,7,6729045896010505833,0,6,1,0
PAWN_AUDIT_RESULT,1831,1,1,-448,0,0,-448,0,0,0,0,0
PAWN_AUDIT_ENTRY,1833,8997982292627819632,14814663961513671550,678145298122330766,7024795039825094280,2227,18446744073709551388,18446744073709551389,18446744073709551385,8,7,2,4,18446744073709543947,18446744073709547797,5,0,0,0,0,0,0,0,0,18446744073709551356,18446744073709551356,4856850,11,3714,0,0,0,10,18446744073709548706,18446744073709551030,18446744073709551030,18446744073709551370,4,1,1,17099945467183773239,3,0,5,11432825531361299415,0,4,1,0
PAWN_AUDIT_RESULT,1833,2,2,-414,0,0,-414,0,0,0,0,0
PAWN_AUDIT_ENTRY,1837,7863631383937362715,17753226847042790772,678145298122330766,9969022525491042556,2195,18446744073709551388,18446744073709551389,18446744073709551385,8,7,1,8,18446744073709540906,18446744073709549422,5,0,0,0,0,0,0,0,1,18446744073709551356,18446744073709551356,4856850,11,3718,0,0,0,10,18446744073709549330,18446744073709549115,18446744073709548868,18446744073709551370,4,1,1,17099945467183773239,3,0,5,11432825531361299415,0,4,1,0
PAWN_AUDIT_RESULT,1837,1,1,-1251,0,0,-1251,0,1,1,0,0
PAWN_AUDIT_ENTRY,1842,12308870588949373539,12246786867466610369,17779607077825757137,2202903097584566465,3104,18446744073709551388,18446744073709551389,18446744073709551386,12,11,3,9,18446744073709533356,18446744073709549475,3,0,1,0,0,1,1,3964,0,18446744073709551399,18446744073709551399,18446744073708829010,11,3725,0,0,0,9,18446744073709544830,18446744073709550003,18446744073709550152,18446744073709551376,7,2,1,17099945467183773239,1,0,3,17908041649903161474,0,0,1,0
PAWN_AUDIT_RESULT,1842,3,3,-299,0,0,-299,0,0,0,0,0
PAWN_AUDIT_ENTRY,1843,12246786867466610369,6541614195747177522,17779607077825757137,996863831203332168,3429,18446744073709551388,18446744073709551389,18446744073709551386,12,11,3,10,18446744073709533180,18446744073709549445,3,0,1,0,0,1,1,3964,0,18446744073709551399,18446744073709551399,18446744073708829010,11,3726,0,0,0,9,18446744073709544791,18446744073709549956,18446744073709550116,18446744073709551376,7,2,1,17099945467183773239,1,0,3,17908041649903161474,0,0,1,0
PAWN_AUDIT_RESULT,1843,3,3,-377,0,0,-377,0,0,0,0,0
PAWN_AUDIT_ENTRY,1844,6541614195747177522,5924167216160187767,17779607077825757137,1043273703250947194,3234,18446744073709551388,18446744073709551389,18446744073709551386,12,11,3,12,18446744073709533045,18446744073709549402,3,0,1,0,0,1,1,3964,0,18446744073709551399,18446744073709551399,18446744073708829010,11,3727,0,0,0,9,18446744073709544785,18446744073709549891,18446744073709550068,18446744073709551376,7,2,1,17099945467183773239,1,0,3,17908041649903161474,0,0,1,0
PAWN_AUDIT_RESULT,1844,3,3,-368,0,0,-368,0,0,0,0,0
PAWN_AUDIT_ENTRY,1845,5924167216160187767,17358891277612297373,17779607077825757137,6856590486115332062,3437,18446744073709551388,18446744073709551389,18446744073709551386,12,11,3,14,18446744073709533142,18446744073709549351,3,0,1,0,0,1,1,3964,0,18446744073709551399,18446744073709551399,18446744073708829010,11,3728,0,0,0,9,18446744073709544861,18446744073709549883,18446744073709550011,18446744073709551376,7,2,1,17099945467183773239,1,0,3,17908041649903161474,0,0,1,0
PAWN_AUDIT_RESULT,1845,3,3,-369,0,0,-369,0,0,0,0,0
PAWN_AUDIT_ENTRY,1846,17358891277612297373,11989164755608547730,17779607077825757137,15462276324360831565,2982,18446744073709551388,18446744073709551389,18446744073709551386,12,11,2,16,18446744073709532723,18446744073709549334,3,0,1,0,0,1,1,3964,0,18446744073709551399,18446744073709551399,18446744073708829010,11,3729,0,0,0,9,18446744073709544845,18446744073709549537,18446744073709550008,18446744073709551376,7,2,1,17099945467183773239,1,0,3,17908041649903161474,0,0,1,0
PAWN_AUDIT_RESULT,1846,2,2,-333,0,0,-333,0,0,0,0,0
PAWN_AUDIT_ENTRY,1847,11989164755608547730,9538587701773459149,17779607077825757137,587933093953057876,3177,18446744073709551388,18446744073709551389,18446744073709551386,12,11,2,17,18446744073709532646,18446744073709549337,3,0,1,0,0,1,1,3964,0,18446744073709551399,18446744073709551399,18446744073708829010,11,3730,0,0,0,9,18446744073709544814,18446744073709549531,18446744073709550006,18446744073709551376,7,2,1,17099945467183773239,1,0,3,17908041649903161474,0,0,1,0
PAWN_AUDIT_RESULT,1847,2,2,-344,0,0,-344,0,0,0,0,0
PAWN_AUDIT_ENTRY,1848,9538587701773459149,12125140150776518274,17779607077825757137,11922404657365837437,3112,18446744073709551388,18446744073709551389,18446744073709551386,12,11,2,18,18446744073709532577,18446744073709549335,3,0,1,0,0,1,1,3964,0,18446744073709551399,18446744073709551399,18446744073708829010,11,3731,0,0,0,9,18446744073709544811,18446744073709549483,18446744073709549997,18446744073709551376,7,2,1,17099945467183773239,1,0,3,17908041649903161474,0,0,1,0
PAWN_AUDIT_RESULT,1848,2,2,-329,0,0,-329,0,0,0,0,0
PAWN_AUDIT_ENTRY,1849,12125140150776518274,6819109885063626590,17779607077825757137,12365447287420484517,3321,18446744073709551388,18446744073709551389,18446744073709551386,12,11,3,19,18446744073709534681,18446744073709547440,3,0,1,0,0,1,1,3964,0,18446744073709551399,18446744073709551399,18446744073708829010,11,3732,0,0,0,10,18446744073709545078,18446744073709550383,18446744073709550491,18446744073709551376,7,2,1,17099945467183773239,1,0,3,17908041649903161474,0,2,1,0
PAWN_AUDIT_RESULT,1849,3,3,-433,0,0,-433,0,0,0,0,0
PAWN_AUDIT_ENTRY,1850,6819109885063626590,18228162877696899796,17779607077825757137,16502152076649741270,3836,18446744073709551388,18446744073709551389,18446744073709551386,12,11,3,20,18446744073709534274,18446744073709547812,3,0,1,0,0,1,1,3964,0,18446744073709551399,18446744073709551399,18446744073708829010,11,3733,0,0,0,13,18446744073709545299,18446744073709549694,18446744073709550364,18446744073709551376,7,2,1,17099945467183773239,1,0,3,17908041649903161474,0,2,1,0
PAWN_AUDIT_RESULT,1850,3,3,-291,0,0,-291,0,0,0,0,0
PAWN_AUDIT_ENTRY,1851,18228162877696899796,7460629086492617340,17779607077825757137,1447759284081056668,3519,18446744073709551388,18446744073709551389,18446744073709551386,12,11,3,22,18446744073709538102,18446744073709545156,3,0,1,0,0,1,1,3964,0,18446744073709551399,18446744073709551399,18446744073708829010,11,3734,0,0,0,11,18446744073709546841,18446744073709550961,18446744073709549468,18446744073709551376,7,2,1,17099945467183773239,1,0,3,17908041649903161474,0,2,1,0
PAWN_AUDIT_RESULT,1851,3,3,-472,0,0,-472,0,0,0,0,0
PAWN_AUDIT_ENTRY,1852,7460629086492617340,17009953879268850584,17779607077825757137,5485083535670843196,3242,18446744073709551388,18446744073709551389,18446744073709551386,12,11,2,23,18446744073709532867,18446744073709549224,3,0,1,0,0,1,1,3964,0,18446744073709551399,18446744073709551399,18446744073708829010,11,3735,0,0,0,9,18446744073709544951,18446744073709549595,18446744073709549865,18446744073709551376,7,2,1,17099945467183773239,1,0,3,17908041649903161474,0,0,1,0
PAWN_AUDIT_RESULT,1852,2,2,-259,0,0,-259,0,0,0,0,0
PAWN_AUDIT_ENTRY,1853,17009953879268850584,16603294033637068361,17779607077825757137,15788665076375555992,3305,18446744073709551388,18446744073709551389,18446744073709551386,12,11,3,24,18446744073709533701,18446744073709548261,3,0,1,0,0,1,1,3964,0,18446744073709551399,18446744073709551399,18446744073708829010,11,3736,0,0,0,10,18446744073709544961,18446744073709550002,18446744073709550206,18446744073709551376,7,2,1,17099945467183773239,1,0,3,17908041649903161474,0,2,1,0
PAWN_AUDIT_RESULT,1853,3,3,-357,0,0,-357,0,0,0,0,0
PAWN_AUDIT_ENTRY,1854,16603294033637068361,2655936002264883509,17779607077825757137,8524644188418558531,3641,18446744073709551388,18446744073709551389,18446744073709551386,12,11,2,26,18446744073709532627,18446744073709548197,3,0,1,0,0,1,1,3964,0,18446744073709551399,18446744073709551399,18446744073708829010,11,3737,0,0,0,12,18446744073709544872,18446744073709549295,18446744073709550112,18446744073709551376,7,2,1,17099945467183773239,1,0,3,17908041649903161474,0,2,1,0
PAWN_AUDIT_RESULT,1854,2,2,-333,0,0,-333,0,0,0,0,0
PAWN_AUDIT_ENTRY,1855,2655936002264883509,2035452470780721781,17779607077825757137,9960561303128809725,3828,18446744073709551388,18446744073709551389,18446744073709551386,12,11,2,27,18446744073709531392,18446744073709549161,3,0,1,0,0,1,1,3964,0,18446744073709551399,18446744073709551399,18446744073708829010,11,3738,0,0,0,13,18446744073709545385,18446744073709548155,18446744073709549072,18446744073709551376,7,2,1,17099945467183773239,1,0,3,17908041649903161474,0,2,1,0
PAWN_AUDIT_RESULT,1855,2,2,-246,0,0,-246,0,0,0,0,0
PAWN_AUDIT_ENTRY,1864,6427687751124111258,8025684984311754919,9184959649193586693,18178740891053128311,2195,18446744073709551376,18446744073709551377,18446744073709551284,6,5,1,7,18446744073709545319,18446744073709550278,11,0,0,0,0,0,0,0,1,18446744073709550293,18446744073709550293,18446744073709380616,11,3764,0,0,1,10,18446744073709549330,18446744073709551030,18446744073709551030,18446744073709551380,0,1,1,911821198655292306,0,0,11,16180089046174984043,0,1,1,0
PAWN_AUDIT_RESULT,1864,1,1,-1232,0,0,-1232,0,1,1,0,0
PAWN_AUDIT_ENTRY,1866,4901013798463463944,7536921717375465620,13304156581347121346,13862845053793483268,1355,239,240,18446744073709551615,6,5,1,2,18446744073709535014,6816,10,0,1,0,0,0,0,0,0,345,345,18446744073707601060,11,3768,0,0,0,2,18446744073709544644,18446744073709551030,18446744073709551030,32002,18446744073709551614,0,1,17099945467183773239,8,0,10,8158397291941365706,0,9,1,1
PAWN_AUDIT_RESULT,1866,1,2,103,0,0,103,0,0,0,0,0
PAWN_AUDIT_ENTRY,1867,7536921717375465620,16115977801460641438,13304156581347121346,14520334993408585543,1090,239,240,103,6,5,1,3,18446744073709550340,18446744073709550278,10,0,1,0,0,0,0,0,0,345,345,18446744073707601060,11,3769,0,0,0,2,18446744073709551613,18446744073709551030,18446744073709551030,32002,18446744073709551614,0,1,17099945467183773239,8,0,10,8158397291941365706,0,9,1,0
PAWN_AUDIT_RESULT,1867,1,1,200,0,0,200,0,0,0,0,0
PAWN_AUDIT_ENTRY,1868,16115977801460641438,16443278093940357182,13304156581347121346,8178873172482584933,1120,239,240,200,6,5,1,4,18446744073709550340,18446744073709550278,10,0,1,0,0,0,0,0,0,345,345,18446744073707601060,11,3770,0,0,0,2,18446744073709551613,18446744073709551030,18446744073709551030,32002,18446744073709551614,0,1,17099945467183773239,8,0,10,8158397291941365706,0,9,1,0
PAWN_AUDIT_RESULT,1868,1,1,200,0,0,200,0,0,0,0,0
PAWN_AUDIT_ENTRY,1869,16443278093940357182,2429519826208726686,13304156581347121346,710329732854166229,1115,239,240,200,6,5,1,6,18446744073709550340,18446744073709548514,10,0,1,0,0,0,0,0,0,345,345,18446744073707601060,11,3771,0,0,0,2,18446744073709551613,18446744073709551030,18446744073709551030,32002,18446744073709551614,0,1,17099945467183773239,8,0,10,8158397291941365706,0,9,1,0
PAWN_AUDIT_RESULT,1869,1,1,187,0,0,187,0,4,4,0,0
PAWN_AUDIT_ENTRY,1871,9575499507961877161,11573916569839270553,13304156581347121346,3414032383869878683,659,239,240,200,6,5,1,7,18446744073709544714,18446744073709550278,10,0,1,0,0,0,0,0,0,345,345,18446744073707601060,11,3776,0,0,0,3,18446744073709549055,18446744073709551030,18446744073709551030,32002,18446744073709551614,0,1,17099945467183773239,8,0,10,8158397291941365706,0,9,1,0
PAWN_AUDIT_RESULT,1871,1,1,182,0,0,182,0,0,0,0,0
PAWN_AUDIT_ENTRY,1872,11573916569839270553,11169325697287268405,13304156581347121346,8670823096048760089,211,239,240,200,6,5,1,8,18446744073709544714,18446744073709550278,10,0,1,0,0,0,0,0,0,345,345,18446744073707601060,11,3777,0,0,0,5,18446744073709549055,18446744073709551030,18446744073709551030,32002,18446744073709551614,0,1,17099945467183773239,8,0,10,8158397291941365706,0,9,1,0
PAWN_AUDIT_RESULT,1872,1,1,209,0,0,209,0,0,0,0,0
PAWN_AUDIT_ENTRY,1873,11169325697287268405,8800796568130060324,13304156581347121346,1784441875285849276,219,239,240,209,6,5,1,9,18446744073709543692,18446744073709550278,10,0,1,0,0,0,0,0,0,345,345,18446744073707601060,11,3778,0,0,0,5,18446744073709548590,18446744073709551030,18446744073709551030,32002,18446744073709551614,0,1,17099945467183773239,8,0,10,8158397291941365706,0,9,1,0
PAWN_AUDIT_RESULT,1873,1,1,239,0,0,239,0,1,1,0,0
PAWN_AUDIT_ENTRY,1875,11306474652826010615,12006332024589184831,13304156581347121346,16390704956958730934,641,239,240,239,6,5,1,13,18446744073709542704,18446744073709547987,10,0,1,0,0,0,0,0,0,345,345,18446744073707601060,11,3782,0,0,0,3,18446744073709548141,18446744073709551030,18446744073709551030,32002,18446744073709551614,0,1,17099945467183773239,8,0,10,8158397291941365706,0,9,1,0
PAWN_AUDIT_RESULT,1875,1,1,138,0,0,138,0,0,0,0,0
PAWN_AUDIT_ENTRY,1876,12006332024589184831,17229333417197499088,13304156581347121346,13030441151596545700,49415,239,240,239,6,5,1,15,18446744073709536720,18446744073709549718,10,0,1,0,0,0,0,0,0,345,345,18446744073707601060,11,3783,0,0,0,6,18446744073709545420,18446744073709551030,18446744073709551030,32002,18446744073709551614,0,1,17099945467183773239,8,0,10,8158397291941365706,0,9,1,0
PAWN_AUDIT_RESULT,1876,1,1,154,0,0,154,0,0,0,0,0
PAWN_AUDIT_ENTRY,1877,17229333417197499088,10664701730708008404,13304156581347121346,7750589340041718818,528,239,240,239,6,5,1,17,18446744073709534798,18446744073709550278,10,0,1,0,0,0,0,0,0,345,345,18446744073707601060,11,3784,0,0,0,1,18446744073709544546,18446744073709551030,18446744073709551030,32002,18446744073709551614,0,1,17099945467183773239,8,0,10,8158397291941365706,0,0,1,0
PAWN_AUDIT_RESULT,1877,1,1,198,0,0,198,0,0,0,0,0
PAWN_AUDIT_ENTRY,1878,10664701730708008404,11258969521162332111,13304156581347121346,2513030268909900066,193,239,240,239,6,5,1,18,18446744073709539186,18446744073709548113,10,0,1,0,0,0,0,0,0,345,345,18446744073707601060,11,3785,0,0,0,5,18446744073709546541,18446744073709551030,18446744073709551030,32002,18446744073709551614,0,1,17099945467183773239,8,0,10,8158397291941365706,0,9,1,0
PAWN_AUDIT_ENTRY,1879,11258969521162332111,6683113500812622532,2513030268909900066,1149158233248629631,1826,18446744073709551376,18446744073709551377,18446744073709551295,6,5,2,2,18446744073709549986,2492,11,0,0,0,0,0,0,0,0,18446744073709551277,18446744073709551376,18446744073709025005,11,3789,0,0,0,10,18446744073709551452,18446744073709551030,18446744073709551030,18446744073709551277,1,1,1,17099945467183773239,9,0,11,13304156581347121346,0,10,1,0
PAWN_AUDIT_RESULT,1879,2,2,-363,0,0,-363,0,0,0,0,0
PAWN_AUDIT_ENTRY,1880,6683113500812622532,10771802533797552764,2513030268909900066,12595633867830463077,1577,18446744073709551376,18446744073709551377,18446744073709551295,6,5,2,3,18446744073709550340,18446744073709548261,11,0,0,0,0,0,0,0,0,18446744073709551277,18446744073709551376,18446744073709025005,11,3790,0,0,0,10,18446744073709551613,18446744073709551030,18446744073709551030,18446744073709551277,1,1,1,17099945467183773239,9,0,11,13304156581347121346,0,10,1,0
PAWN_AUDIT_RESULT,1880,2,2,-292,0,0,-292,0,3,3,0,0
PAWN_AUDIT_ENTRY,1887,16688480431842588888,10330764624214165569,2513030268909900066,15379065091186674713,1959,18446744073709551376,18446744073709551377,18446744073709551329,6,5,1,11,18446744073709542704,18446744073709547758,11,0,0,0,0,0,0,0,0,18446744073709551277,18446744073709551376,18446744073709025005,11,3807,0,0,0,11,18446744073709548141,18446744073709551030,18446744073709551030,18446744073709551277,1,1,1,17099945467183773239,9,0,11,13304156581347121346,0,10,1,0
PAWN_AUDIT_RESULT,1887,1,1,-411,0,0,-411,0,0,0,0,0
PAWN_AUDIT_RESULT,1878,1,1,339,1,6,287,0,2,22,1,1
PAWN_AUDIT_ENTRY,1913,11494919351363439422,2291219715562130240,15601132354317317515,17694900032064595926,1826,18446744073709551376,18446744073709551377,18446744073709551374,6,5,3,4,18446744073709546936,18446744073709547758,7,0,0,0,0,1,1,3492,0,18446744073709551238,18446744073709551238,18446744073707170838,11,3866,0,0,1,10,18446744073709550065,18446744073709551030,18446744073709551030,18446744073709551384,8,1,1,12623835902163763756,0,0,7,3712507779515880262,0,1,1,0
PAWN_AUDIT_RESULT,1913,3,3,-460,0,0,-460,0,0,0,0,0
PAWN_AUDIT_ENTRY,1914,2291219715562130240,8959433917488802010,15601132354317317515,10126701303896783212,3742,18446744073709551376,18446744073709551377,18446744073709551374,6,5,3,5,18446744073709548386,18446744073709547014,7,0,0,0,0,1,1,3492,0,18446744073709551238,18446744073709551238,18446744073707170838,11,3867,0,0,1,11,18446744073709551318,18446744073709550658,18446744073709550190,18446744073709551384,8,1,1,12623835902163763756,0,0,7,3712507779515880262,0,1,1,0
PAWN_AUDIT_RESULT,1914,3,3,-671,0,0,-671,0,0,0,0,0
PAWN_AUDIT_ENTRY,1925,9324472765072921349,10703705612811513740,4234407720820817508,13399325747556791318,2195,18446744073709551376,18446744073709551377,18446744073709551350,6,5,1,6,18446744073709545319,18446744073709550278,11,0,0,0,0,0,0,0,1,18446744073709550543,18446744073709550543,18446744073708966409,11,3906,0,0,1,10,18446744073709549330,18446744073709551030,18446744073709551030,18446744073709551311,0,1,1,12623835902163763756,0,0,11,6802701960704205714,0,1,1,0
PAWN_AUDIT_RESULT,1925,1,1,-1835,0,0,-1835,0,1,1,0,0
PAWN_AUDIT_ENTRY,1927,12604175242964126541,6079526488860210365,7084204418956164751,16240106458833646845,2195,18446744073709551376,18446744073709551377,18446744073709551354,8,7,1,11,18446744073709545319,18446744073709550278,9,0,0,0,0,0,0,0,1,18446744073709550884,18446744073709550884,18446744073708449510,11,3911,0,0,1,10,18446744073709549330,18446744073709551030,18446744073709551030,18446744073709551347,0,1,1,12623835902163763756,0,0,9,9896386895383271490,0,1,1,0
PAWN_AUDIT_RESULT,1927,1,1,-458,0,0,-458,0,1,1,0,0
PAWN_AUDIT_ENTRY,1928,6079526488860210365,12513591581234229474,3645240369429577245,18090913789094469909,2200,18446744073709551376,18446744073709551377,18446744073709551357,10,9,6,2,18446744073709544114,18446744073709549614,7,0,0,0,0,0,0,0,0,18446744073709551261,18446744073709551261,2906583,11,3913,0,0,0,10,18446744073709548782,18446744073709551030,18446744073709551030,18446744073709551368,2,1,1,17099945467183773239,5,0,7,11913905010450310980,0,6,1,0
PAWN_AUDIT_RESULT,1928,6,6,-442,0,0,-442,0,0,0,0,0
PAWN_AUDIT_ENTRY,1929,12513591581234229474,9104806268188092959,3645240369429577245,2271164590436822080,2204,18446744073709551376,18446744073709551377,18446744073709551357,10,9,5,3,18446744073709544714,18446744073709548874,7,0,0,0,0,0,0,0,0,18446744073709551261,18446744073709551261,2906583,11,3914,0,0,0,10,18446744073709549055,18446744073709551030,18446744073709551030,18446744073709551368,2,1,1,17099945467183773239,5,0,7,11913905010450310980,0,6,1,0
PAWN_AUDIT_RESULT,1929,5,5,-450,0,0,-450,0,0,0,0,0
PAWN_AUDIT_ENTRY,1932,1550791009848713768,14527631034048040596,3645240369429577245,12800965617174672495,2195,18446744073709551376,18446744073709551377,18446744073709551357,10,9,4,6,18446744073709540906,18446744073709549422,7,0,0,0,0,0,0,0,1,18446744073709551261,18446744073709551261,2906583,11,3917,0,0,0,10,18446744073709549330,18446744073709549115,18446744073709548868,18446744073709551368,2,1,1,17099945467183773239,5,0,7,11913905010450310980,0,6,1,0
PAWN_AUDIT_RESULT,1932,4,4,-1286,0,0,-1286,0,1,1,0,0
PAWN_AUDIT_ENTRY,1933,14527631034048040596,13208919344976316813,3645240369429577245,10986122926239804849,3892,18446744073709551376,18446744073709551377,18446744073709551357,10,9,2,7,18446744073709537928,18446744073709548874,7,0,0,0,0,0,0,0,0,18446744073709551261,18446744073709551261,2906583,11,3919,0,0,0,12,18446744073709545969,18446744073709551030,18446744073709551030,18446744073709551368,2,1,1,17099945467183773239,5,0,7,11913905010450310980,0,6,1,0
PAWN_AUDIT_RESULT,1933,2,2,-443,0,0,-443,0,0,0,0,0
PAWN_AUDIT_ENTRY,1934,13208919344976316813,9208907169380113004,3645240369429577245,14521457869392921634,3901,18446744073709551376,18446744073709551377,18446744073709551357,10,9,2,8,18446744073709537928,18446744073709548874,7,0,0,0,0,0,0,0,0,18446744073709551261,18446744073709551261,2906583,11,3920,0,0,0,12,18446744073709545969,18446744073709551030,18446744073709551030,18446744073709551368,2,1,1,17099945467183773239,5,0,7,11913905010450310980,0,6,1,0
PAWN_AUDIT_RESULT,1934,2,2,-521,0,0,-521,0,0,0,0,0
PAWN_AUDIT_ENTRY,1935,9208907169380113004,14250665816432820731,3645240369429577245,611790439643284838,4029,18446744073709551376,18446744073709551377,18446744073709551357,10,9,1,9,18446744073709537928,18446744073709548874,7,0,0,0,0,0,0,0,0,18446744073709551261,18446744073709551261,2906583,11,3921,0,0,0,14,18446744073709545969,18446744073709551030,18446744073709551030,18446744073709551368,2,1,1,17099945467183773239,5,0,7,11913905010450310980,0,6,1,0
PAWN_AUDIT_RESULT,1935,1,1,-396,0,0,-396,0,0,0,0,0
PAWN_AUDIT_ENTRY,1936,14250665816432820731,8717745095432931117,3645240369429577245,9814833188731705072,3242,18446744073709551376,18446744073709551377,18446744073709551357,10,9,1,10,18446744073709537146,18446744073709549224,7,0,0,0,0,0,0,0,0,18446744073709551261,18446744073709551261,2906583,11,3922,0,0,0,9,18446744073709544951,739,18446744073709551030,18446744073709551368,2,1,1,17099945467183773239,5,0,7,11913905010450310980,0,0,1,0
PAWN_AUDIT_RESULT,1936,1,1,-300,0,0,-300,0,0,0,0,0
PAWN_AUDIT_ENTRY,1937,8717745095432931117,4236876248226174555,3645240369429577245,10904997538155912588,3884,18446744073709551376,18446744073709551377,18446744073709551357,10,9,1,11,18446744073709537259,18446744073709548874,7,0,0,0,0,0,0,0,0,18446744073709551261,18446744073709551261,2906583,11,3923,0,0,0,12,18446744073709545665,18446744073709551030,18446744073709551030,18446744073709551368,2,1,1,17099945467183773239,5,0,7,11913905010450310980,0,6,1,0
PAWN_AUDIT_RESULT,1937,1,1,-428,0,0,-428,0,0,0,0,0
PAWN_AUDIT_ENTRY,1938,4236876248226174555,4568498739666128479,3645240369429577245,6351033455486223257,3517,18446744073709551376,18446744073709551377,18446744073709551357,10,9,1,12,18446744073709537752,18446744073709548874,7,0,0,0,0,0,0,0,0,18446744073709551261,18446744073709551261,2906583,11,3924,0,0,0,11,18446744073709545889,18446744073709551030,18446744073709551030,18446744073709551368,2,1,1,17099945467183773239,5,0,7,11913905010450310980,0,6,1,0
PAWN_AUDIT_RESULT,1938,1,1,-629,0,0,-629,0,0,0,0,0
PAWN_AUDIT_ENTRY,1939,4568498739666128479,6029779208883956178,3645240369429577245,583491987729442513,3169,18446744073709551376,18446744073709551377,18446744073709551357,10,9,1,13,18446744073709536039,18446744073709549436,7,0,0,0,0,0,0,0,0,18446744073709551261,18446744073709551261,2906583,11,3925,0,0,0,9,18446744073709545110,18446744073709551030,18446744073709551030,18446744073709551368,2,1,1,17099945467183773239,5,0,7,11913905010450310980,0,0,1,0
PAWN_AUDIT_RESULT,1939,1,1,-349,0,0,-349,0,0,0,0,0
PAWN_AUDIT_ENTRY,1981,7041504011858961250,3144386923605954064,5507804739986699477,7024795039825094280,2204,18446744073709551376,18446744073709551377,18446744073709551375,9,8,3,4,18446744073709542704,18446744073709548874,5,0,0,0,0,0,0,0,0,18446744073709551129,18446744073709551129,1171904,11,4043,0,0,0,10,18446744073709548141,18446744073709551030,18446744073709551030,18446744073709551374,6,1,1,17099945467183773239,3,0,5,15829986164736978316,0,4,1,0
PAWN_AUDIT_RESULT,1981,3,3,-425,0,0,-425,0,0,0,0,0
PAWN_AUDIT_ENTRY,1982,3144386923605954064,7845334425833298598,5507804739986699477,14942929956327571111,2195,18446744073709551376,18446744073709551377,18446744073709551375,9,8,3,6,18446744073709540906,18446744073709549422,5,0,0,0,0,0,0,0,1,18446744073709551129,18446744073709551129,1171904,11,4044,0,0,0,10,18446744073709549330,18446744073709549115,18446744073709548868,18446744073709551374,6,1,1,17099945467183773239,3,0,5,15829986164736978316,0,4,1,0
PAWN_AUDIT_RESULT,1982,3,3,-668,0,0,-668,0,0,0,0,0
PAWN_AUDIT_ENTRY,1993,17788008307368063411,8135187556231656649,15603684438161518238,6609939509163615468,2195,18446744073709551376,18446744073709551377,18446744073709551361,6,5,1,7,18446744073709544681,18446744073709549422,7,0,0,0,0,0,0,0,1,18446744073709551377,18446744073709551377,655937,11,4066,0,0,0,10,18446744073709549330,18446744073709550450,18446744073709551030,18446744073709551384,6,1,1,17099945467183773239,5,0,7,6729045896010505833,0,6,1,0
PAWN_AUDIT_RESULT,1993,1,1,-789,0,0,-789,0,1,1,0,0
PAWN_AUDIT_ENTRY,1994,8135187556231656649,2774035813858970808,15603684438161518238,12726952661601344152,2227,18446744073709551376,18446744073709551377,18446744073709551361,6,5,1,8,18446744073709542089,18446744073709547797,7,0,0,0,0,0,0,0,0,18446744073709551377,18446744073709551377,655937,11,4068,0,0,0,10,18446744073709547861,18446744073709551030,18446744073709551030,18446744073709551384,6,1,1,17099945467183773239,5,0,7,6729045896010505833,0,6,1,0
PAWN_AUDIT_RESULT,1994,1,1,-372,0,0,-372,0,0,0,0,0
PAWN_AUDIT_ENTRY,1995,2774035813858970808,1086501341492825203,15603684438161518238,3388419769552040869,1959,18446744073709551376,18446744073709551377,18446744073709551361,6,5,1,10,18446744073709541806,18446744073709546870,7,0,0,0,0,0,0,0,0,18446744073709551377,18446744073709551377,655937,11,4069,0,0,0,11,18446744073709546820,501,174,18446744073709551384,6,1,1,17099945467183773239,5,0,7,6729045896010505833,0,6,1,0
PAWN_AUDIT_RESULT,1995,1,1,-427,0,0,-427,0,0,0,0,0
PAWN_AUDIT_ENTRY,1996,1086501341492825203,10336806576758813803,15603684438161518238,7073000344786716275,3242,18446744073709551376,18446744073709551377,18446744073709551361,6,5,1,11,18446744073709535790,18446744073709549224,7,0,0,0,0,0,0,0,0,18446744073709551377,18446744073709551377,655937,11,4070,0,0,0,9,18446744073709544997,18446744073709551030,18446744073709551030,18446744073709551384,6,1,1,17099945467183773239,5,0,7,6729045896010505833,0,0,1,0
PAWN_AUDIT_RESULT,1996,1,1,-283,0,0,-283,0,0,0,0,0
PAWN_AUDIT_ENTRY,1997,10336806576758813803,11907358090186814356,15603684438161518238,8912650989335170002,2216,18446744073709551376,18446744073709551377,18446744073709551361,6,5,1,20,18446744073709541092,18446744073709546164,7,0,0,0,0,0,0,0,0,18446744073709551377,18446744073709551377,655937,11,4071,0,0,0,10,18446744073709547408,18446744073709551030,18446744073709551030,18446744073709551384,6,1,1,17099945467183773239,5,0,7,6729045896010505833,0,6,1,0
PAWN_AUDIT_RESULT,1997,1,1,-558,0,0,-558,0,0,0,0,0
PAWN_AUDIT_ENTRY,1998,11907358090186814356,11566945148172158128,15603684438161518238,4536720599874314652,2220,18446744073709551376,18446744073709551377,18446744073709551361,6,5,1,21,18446744073709540767,18446744073709546357,7,0,0,0,0,0,0,0,0,18446744073709551377,18446744073709551377,655937,11,4072,0,0,0,10,18446744073709547260,18446744073709551030,18446744073709551030,18446744073709551384,6,1,1,17099945467183773239,5,0,7,6729045896010505833,0,6,1,0
PAWN_AUDIT_RESULT,1998,1,1,-342,0,0,-342,0,0,0,0,0
PAWN_AUDIT_ENTRY,2001,14320446379941613045,8564983445033462043,14876252070042127909,3231811546333588072,3519,18446744073709551376,18446744073709551377,18446744073709551376,8,7,5,2,18446744073709537958,18446744073709550278,11,0,0,0,0,1,0,0,0,18446744073709551275,18446744073709551275,18446744073709320133,11,4086,0,0,1,11,18446744073709545983,18446744073709551030,18446744073709551030,18446744073709551278,3,1,1,14403814467003393784,0,0,11,13057932139846776514,0,1,1,0
PAWN_AUDIT_RESULT,2001,5,5,-472,0,0,-472,0,0,0,0,0
PAWN_AUDIT_ENTRY,2011,572398436166692193,8950175322336911422,16259385227853204725,7103482958626981511,2195,18446744073709551376,18446744073709551377,18446744073709551123,8,7,4,2,18446744073709545319,18446744073709550278,11,0,0,0,0,0,0,0,1,18446744073709550281,18446744073709550281,18446744073708966409,11,4133,0,0,1,10,18446744073709549330,18446744073709551030,18446744073709551030,18446744073709551123,3,1,1,12623835902163763756,0,0,11,826228282228226102,0,1,1,0
PAWN_AUDIT_RESULT,2011,4,4,-1050,0,0,-1050,0,1,1,0,0
PAWN_AUDIT_ENTRY,2018,17965591900945554169,16683734756049669420,8158397291941365706,17440233236268617144,2195,18446744073709551376,18446744073709551377,18446744073709551376,10,9,6,7,18446744073709544380,18446744073709549422,9,0,0,0,0,1,0,0,1,18446744073709551336,18446744073709551360,18446744073705578214,11,4156,0,0,0,10,18446744073709549330,18446744073709550712,18446744073709550478,18446744073709551336,5,1,1,17099945467183773239,7,0,9,2565792163398702241,0,8,1,0
PAWN_AUDIT_RESULT,2018,6,6,-1044,0,0,-1044,0,1,1,0,0
PAWN_AUDIT_ENTRY,2019,16683734756049669420,13365283613716778893,8158397291941365706,13304156581347121346,2200,18446744073709551376,18446744073709551377,18446744073709551376,10,9,4,8,18446744073709540705,18446744073709548346,9,0,0,0,0,1,0,0,0,18446744073709551336,18446744073709551360,18446744073705578214,11,4158,0,0,0,10,18446744073709547232,18446744073709551030,18446744073709551030,18446744073709551336,5,1,1,17099945467183773239,7,0,9,2565792163398702241,0,8,1,0
PAWN_AUDIT_RESULT,2019,4,4,-280,0,0,-280,0,0,0,0,0
PAWN_AUDIT_ENTRY,2020,13365283613716778893,11738910793771276567,8158397291941365706,1813867958413374412,2227,18446744073709551376,18446744073709551377,18446744073709551376,10,9,4,9,18446744073709540598,18446744073709547797,9,0,0,0,0,1,0,0,0,18446744073709551336,18446744073709551360,18446744073705578214,11,4159,0,0,0,10,18446744073709547183,18446744073709551030,18446744073709551030,18446744073709551336,5,1,1,17099945467183773239,7,0,9,2565792163398702241,0,8,1,0
PAWN_AUDIT_RESULT,2020,4,4,-318,0,0,-318,0,3,3,0,0
PAWN_AUDIT_ENTRY,2022,6443147920285185595,5587478133601935881,8158397291941365706,14671398385508855591,3242,18446744073709551376,18446744073709551377,18446744073709551376,10,9,3,10,18446744073709535669,18446744073709549224,9,0,0,0,0,1,0,0,0,18446744073709551336,18446744073709551360,18446744073705578214,11,4163,0,0,0,9,18446744073709544942,18446744073709551030,18446744073709551030,18446744073709551336,5,1,1,17099945467183773239,7,0,9,2565792163398702241,0,0,1,0
PAWN_AUDIT_RESULT,2022,3,3,-250,0,0,-250,0,0,0,0,0
PAWN_AUDIT_ENTRY,2023,5587478133601935881,9367864127692060498,8158397291941365706,9706676238529829617,1959,18446744073709551376,18446744073709551377,18446744073709551376,10,9,4,12,18446744073709539572,18446744073709546870,9,0,0,0,0,1,0,0,0,18446744073709551336,18446744073709551360,18446744073705578214,11,4164,0,0,0,11,18446744073709546348,18446744073709551030,174,18446744073709551336,5,1,1,17099945467183773239,7,0,9,2565792163398702241,0,8,1,0
PAWN_AUDIT_RESULT,2023,4,4,-443,0,0,-443,0,0,0,0,0
PAWN_AUDIT_ENTRY,2024,9367864127692060498,3149321625550028102,8158397291941365706,5455819641455222534,3169,18446744073709551376,18446744073709551377,18446744073709551376,10,9,3,14,18446744073709535506,18446744073709549436,9,0,0,0,0,1,0,0,0,18446744073709551336,18446744073709551360,18446744073705578214,11,4165,0,0,0,9,18446744073709544868,18446744073709551030,18446744073709551030,18446744073709551336,5,1,1,17099945467183773239,7,0,9,2565792163398702241,0,0,1,0
PAWN_AUDIT_RESULT,2024,3,3,-339,0,0,-339,0,0,0,0,0
PAWN_AUDIT_ENTRY,2025,3149321625550028102,16731310968602845269,8158397291941365706,11031534032979327194,3104,18446744073709551376,18446744073709551377,18446744073709551376,10,9,3,15,18446744073709535110,18446744073709549475,9,0,0,0,0,1,0,0,0,18446744073709551336,18446744073709551360,18446744073705578214,11,4166,0,0,0,9,18446744073709544688,18446744073709551030,18446744073709551030,18446744073709551336,5,1,1,17099945467183773239,7,0,9,2565792163398702241,0,0,1,0
PAWN_AUDIT_RESULT,2025,3,3,-278,0,0,-278,0,0,0,0,0
PAWN_AUDIT_ENTRY,2026,16731310968602845269,16060476842091194062,8158397291941365706,9966531035689711699,3429,18446744073709551376,18446744073709551377,18446744073709551376,10,9,3,16,18446744073709535055,18446744073709549445,9,0,0,0,0,1,0,0,0,18446744073709551336,18446744073709551360,18446744073705578214,11,4167,0,0,0,9,18446744073709544663,18446744073709551030,18446744073709551030,18446744073709551336,5,1,1,17099945467183773239,7,0,9,2565792163398702241,0,0,1,0
PAWN_AUDIT_RESULT,2026,3,3,-431,0,0,-431,0,0,0,0,0
PAWN_AUDIT_ENTRY,2027,16060476842091194062,5485745397786054039,8158397291941365706,15610085211789170629,3437,18446744073709551376,18446744073709551377,18446744073709551376,10,9,3,17,18446744073709535154,18446744073709549351,9,0,0,0,0,1,0,0,0,18446744073709551336,18446744073709551360,18446744073705578214,11,4168,0,0,0,9,18446744073709544708,18446744073709551030,18446744073709551030,18446744073709551336,5,1,1,17099945467183773239,7,0,9,2565792163398702241,0,0,1,0
PAWN_AUDIT_RESULT,2027,3,3,-420,0,0,-420,0,0,0,0,0
PAWN_AUDIT_ENTRY,2028,5485745397786054039,16941276418668350713,8158397291941365706,5841348038178273878,2982,18446744073709551376,18446744073709551377,18446744073709551376,10,9,3,19,18446744073709535130,18446744073709549334,9,0,0,0,0,1,0,0,0,18446744073709551336,18446744073709551360,18446744073705578214,11,4169,0,0,0,9,18446744073709544697,18446744073709551030,18446744073709551030,18446744073709551336,5,1,1,17099945467183773239,7,0,9,2565792163398702241,0,0,1,0
PAWN_AUDIT_RESULT,2028,3,3,-303,0,0,-303,0,0,0,0,0
PAWN_AUDIT_ENTRY,2029,16941276418668350713,544239483308326770,8158397291941365706,10353049297871375439,3177,18446744073709551376,18446744073709551377,18446744073709551376,10,9,3,20,18446744073709535086,18446744073709549337,9,0,0,0,0,1,0,0,0,18446744073709551336,18446744073709551360,18446744073705578214,11,4170,0,0,0,9,18446744073709544677,18446744073709551030,18446744073709551030,18446744073709551336,5,1,1,17099945467183773239,7,0,9,2565792163398702241,0,0,1,0
PAWN_AUDIT_RESULT,2029,3,3,-303,0,0,-303,0,0,0,0,0
PAWN_AUDIT_ENTRY,2030,544239483308326770,16923380413074124229,8158397291941365706,2517875774569012838,3112,18446744073709551376,18446744073709551377,18446744073709551376,10,9,3,21,18446744073709535084,18446744073709549335,9,0,0,0,0,1,0,0,0,18446744073709551336,18446744073709551360,18446744073705578214,11,4171,0,0,0,9,18446744073709544676,18446744073709551030,18446744073709551030,18446744073709551336,5,1,1,17099945467183773239,7,0,9,2565792163398702241,0,0,1,0
PAWN_AUDIT_RESULT,2030,3,3,-322,0,0,-322,0,0,0,0,0
PAWN_AUDIT_ENTRY,2031,16923380413074124229,17507638202423686009,8158397291941365706,3730333423764504493,3834,18446744073709551376,18446744073709551377,18446744073709551376,10,9,4,22,18446744073709539475,18446744073709547758,9,0,0,0,0,1,0,0,0,18446744073709551336,18446744073709551360,18446744073705578214,11,4172,0,0,0,13,18446744073709546908,18446744073709551030,18446744073709550545,18446744073709551336,5,1,1,17099945467183773239,7,0,9,2565792163398702241,0,8,1,0
PAWN_AUDIT_RESULT,2031,4,4,-345,0,0,-345,0,0,0,0,0
PAWN_AUDIT_ENTRY,2032,17507638202423686009,13820026290487645739,8158397291941365706,841135126779229855,3833,18446744073709551376,18446744073709551377,18446744073709551376,10,9,4,23,18446744073709539294,18446744073709547758,9,0,0,0,0,1,0,0,0,18446744073709551336,18446744073709551360,18446744073705578214,11,4173,0,0,0,13,18446744073709546852,18446744073709551030,18446744073709550491,18446744073709551336,5,1,1,17099945467183773239,7,0,9,2565792163398702241,0,8,1,0
PAWN_AUDIT_RESULT,2032,4,4,-430,0,0,-430,0,0,0,0,0
PAWN_AUDIT_ENTRY,2033,13820026290487645739,14968516270774802944,8158397291941365706,14257759304556065636,3827,18446744073709551376,18446744073709551377,18446744073709551376,10,9,4,24,18446744073709537928,18446744073709547758,9,0,0,0,0,1,0,0,0,18446744073709551336,18446744073709551360,18446744073705578214,11,4174,0,0,0,13,18446744073709545969,18446744073709551030,18446744073709551030,18446744073709551336,5,1,1,17099945467183773239,7,0,9,2565792163398702241,0,8,1,0
PAWN_AUDIT_RESULT,2033,4,4,-325,0,0,-325,0,0,0,0,0
PAWN_AUDIT_ENTRY,2034,14968516270774802944,17965556621020682057,8158397291941365706,990418943615244518,3828,18446744073709551376,18446744073709551377,18446744073709551376,10,9,3,25,18446744073709536393,18446744073709548450,9,0,0,0,0,1,0,0,0,18446744073709551336,18446744073709551360,18446744073705578214,11,4175,0,0,0,13,18446744073709545271,18446744073709551030,18446744073709551030,18446744073709551336,5,1,1,17099945467183773239,7,0,9,2565792163398702241,0,8,1,0
PAWN_AUDIT_RESULT,2034,3,3,-300,0,0,-300,0,0,0,0,0
PAWN_AUDIT_ENTRY,2035,17965556621020682057,767939039588954038,8158397291941365706,3324734767915655828,3642,18446744073709551376,18446744073709551377,18446744073709551376,10,9,4,26,18446744073709539091,18446744073709547758,9,0,0,0,0,1,0,0,0,18446744073709551336,18446744073709551360,18446744073705578214,11,4176,0,0,0,12,18446744073709546789,18446744073709551030,18446744073709550430,18446744073709551336,5,1,1,17099945467183773239,7,0,9,2565792163398702241,0,8,1,0
PAWN_AUDIT_RESULT,2035,4,4,-324,0,0,-324,0,0,0,0,0
PAWN_AUDIT_ENTRY,2036,767939039588954038,11739766466293229079,8158397291941365706,2680606074930973485,1978,18446744073709551376,18446744073709551377,18446744073709551376,10,9,4,28,18446744073709538868,18446744073709547758,9,0,0,0,0,1,0,0,0,18446744073709551336,18446744073709551360,18446744073705578214,11,4177,0,0,0,11,18446744073709546720,18446744073709551030,18446744073709550364,18446744073709551336,5,1,1,17099945467183773239,7,0,9,2565792163398702241,0,8,1,0
PAWN_AUDIT_RESULT,2036,4,4,-490,0,0,-490,0,0,0,0,0
PAWN_AUDIT_ENTRY,2037,11739766466293229079,938286046998722356,8158397291941365706,15841553844021728358,3892,18446744073709551376,18446744073709551377,18446744073709551376,10,9,4,29,18446744073709536722,18446744073709547758,9,0,0,0,0,1,0,0,0,18446744073709551336,18446744073709551360,18446744073705578214,11,4178,0,0,0,12,18446744073709545421,18446744073709551030,18446744073709551030,18446744073709551336,5,1,1,17099945467183773239,7,0,9,2565792163398702241,0,8,1,0
PAWN_AUDIT_RESULT,2037,4,4,-409,0,0,-409,0,0,0,0,0
PAWN_AUDIT_ENTRY,2038,938286046998722356,7916567319812458801,8158397291941365706,9955375404847513077,3901,18446744073709551376,18446744073709551377,18446744073709551376,10,9,4,30,18446744073709536722,18446744073709547758,9,0,0,0,0,1,0,0,0,18446744073709551336,18446744073709551360,18446744073705578214,11,4179,0,0,0,12,18446744073709545421,18446744073709551030,18446744073709551030,18446744073709551336,5,1,1,17099945467183773239,7,0,9,2565792163398702241,0,8,1,0
PAWN_AUDIT_RESULT,2038,4,4,-448,0,0,-448,0,0,0,0,0
PAWN_AUDIT_ENTRY,2039,7916567319812458801,7523503340526811647,8158397291941365706,5463862471200930993,4029,18446744073709551376,18446744073709551377,18446744073709551376,10,9,4,31,18446744073709536722,18446744073709547758,9,0,0,0,0,1,0,0,0,18446744073709551336,18446744073709551360,18446744073705578214,11,4180,0,0,0,14,18446744073709545421,18446744073709551030,18446744073709551030,18446744073709551336,5,1,1,17099945467183773239,7,0,9,2565792163398702241,0,8,1,0
PAWN_AUDIT_RESULT,2039,4,4,-350,0,0,-350,0,0,0,0,0
PAWN_AUDIT_ENTRY,2040,7523503340526811647,8066526942018162746,8158397291941365706,10900597958603983048,2220,18446744073709551376,18446744073709551377,18446744073709551376,10,9,4,32,18446744073709539537,18446744073709546357,9,0,0,0,0,1,0,0,0,18446744073709551336,18446744073709551360,18446744073705578214,11,4181,0,0,0,10,18446744073709546701,18446744073709551030,18446744073709551030,18446744073709551336,5,1,1,17099945467183773239,7,0,9,2565792163398702241,0,8,1,0
PAWN_AUDIT_RESULT,2040,4,4,-240,0,0,-240,0,20,20,0,0
PAWN_AUDIT_ENTRY,2049,12608423850503621873,8945145377583742654,8158397291941365706,11678653305397394197,1971,18446744073709551376,18446744073709551377,18446744073709551376,10,9,4,33,18446744073709539817,18446744073709546870,9,0,0,0,0,1,0,0,0,18446744073709551336,18446744073709551360,18446744073705578214,11,4202,0,0,0,11,18446744073709547188,18446744073709551030,18446744073709550288,18446744073709551336,5,1,1,17099945467183773239,7,0,9,2565792163398702241,0,8,1,0
PAWN_AUDIT_RESULT,2049,4,4,-478,0,0,-478,0,0,0,0,0
PAWN_AUDIT_ENTRY,2050,8945145377583742654,4674417975239742648,8158397291941365706,15132947510284231302,2216,18446744073709551376,18446744073709551377,18446744073709551376,10,9,4,34,18446744073709539799,18446744073709546164,9,0,0,0,0,1,0,0,0,18446744073709551336,18446744073709551360,18446744073705578214,11,4203,0,0,0,10,18446744073709546820,18446744073709551030,18446744073709551030,18446744073709551336,5,1,1,17099945467183773239,7,0,9,2565792163398702241,0,8,1,0
PAWN_AUDIT_RESULT,2050,4,4,-389,0,0,-389,0,0,0,0,0
PAWN_AUDIT_ENTRY,2051,4674417975239742648,7949276049554625602,8158397291941365706,3849650451843683890,1957,18446744073709551376,18446744073709551377,18446744073709551376,10,9,4,36,18446744073709539133,18446744073709547132,9,0,0,0,0,1,0,0,0,18446744073709551336,18446744073709551360,18446744073705578214,11,4204,0,0,0,11,18446744073709546962,18446744073709551030,18446744073709550113,18446744073709551336,5,1,1,17099945467183773239,7,0,9,2565792163398702241,0,8,1,0
PAWN_AUDIT_RESULT,2051,4,4,-465,0,0,-465,0,0,0,0,0
PAWN_AUDIT_ENTRY,2052,7949276049554625602,6042034018515626061,8158397291941365706,16495630830848490975,1964,18446744073709551376,18446744073709551377,18446744073709551376,10,9,4,37,18446744073709539494,18446744073709546870,9,0,0,0,0,1,0,0,0,18446744073709551336,18446744073709551360,18446744073705578214,11,4205,0,0,0,11,18446744073709547081,18446744073709551030,18446744073709550206,18446744073709551336,5,1,1,17099945467183773239,7,0,9,2565792163398702241,0,8,1,0
PAWN_AUDIT_RESULT,2052,4,4,-492,0,0,-492,0,0,0,0,0
PAWN_AUDIT_ENTRY,2053,6042034018515626061,16259869111352330487,8158397291941365706,1985360205777418830,3517,18446744073709551376,18446744073709551377,18446744073709551376,10,9,4,38,18446744073709536610,18446744073709547758,9,0,0,0,0,1,0,0,0,18446744073709551336,18446744073709551360,18446744073705578214,11,4206,0,0,0,11,18446744073709545370,18446744073709551030,18446744073709551030,18446744073709551336,5,1,1,17099945467183773239,7,0,9,2565792163398702241,0,8,1,0
PAWN_AUDIT_RESULT,2053,4,4,-451,0,0,-451,0,0,0,0,0
PAWN_AUDIT_ENTRY,2059,9885571246204997748,14264303294031704380,8615553734890690630,2271164590436822080,2227,18446744073709551376,18446744073709551377,18446744073709551376,9,8,5,7,18446744073709545486,18446744073709547797,7,0,0,0,0,1,0,3742,0,18446744073709551259,18446744073709551259,3779215,11,4213,0,0,0,10,18446744073709549406,18446744073709551030,18446744073709551030,18446744073709551342,7,1,1,17099945467183773239,5,0,7,17472185060711655601,0,6,1,0
PAWN_AUDIT_RESULT,2059,5,5,-463,0,0,-463,0,0,0,0,0
PAWN_AUDIT_ENTRY,2060,14264303294031704380,132675108545649849,8615553734890690630,17627314190855115316,2195,18446744073709551376,18446744073709551377,18446744073709551376,9,8,5,10,18446744073709542985,18446744073709549422,7,0,0,0,0,1,0,3742,1,18446744073709551259,18446744073709551259,3779215,11,4214,0,0,0,10,18446744073709549330,18446744073709550308,18446744073709549587,18446744073709551342,7,1,1,17099945467183773239,5,0,7,17472185060711655601,0,6,1,0
PAWN_AUDIT_RESULT,2060,5,5,-548,0,0,-548,0,0,0,0,0
PAWN_AUDIT_ENTRY,2066,6767171207915761751,17386062764781740596,678145298122330766,9969022525491042556,2195,18446744073709551376,18446744073709551377,18446744073709551376,11,10,5,6,18446744073709540906,18446744073709549422,5,0,0,0,0,1,0,0,1,18446744073709551341,18446744073709551341,2939225,11,4227,0,0,0,10,18446744073709549330,18446744073709549115,18446744073709548868,18446744073709551385,8,1,1,17099945467183773239,3,0,5,11432825531361299415,0,4,1,0
PAWN_AUDIT_RESULT,2066,5,5,-668,0,0,-668,0,0,0,0,0
PAWN_AUDIT_ENTRY,2067,17386062764781740596,2466710222059816895,678145298122330766,7024795039825094280,2227,18446744073709551376,18446744073709551377,18446744073709551376,11,10,5,7,18446744073709543325,18446744073709547797,5,0,0,0,0,1,0,0,0,18446744073709551341,18446744073709551341,2939225,11,4228,0,0,0,10,18446744073709548423,18446744073709551030,18446744073709551030,18446744073709551385,8,1,1,17099945467183773239,3,0,5,11432825531361299415,0,4,1,0
PAWN_AUDIT_RESULT,2067,5,5,-435,0,0,-435,0,0,0,0,0
PAWN_AUDIT_ENTRY,2068,2466710222059816895,4069836008982683139,678145298122330766,13658448008387749408,3827,18446744073709551376,18446744073709551377,18446744073709551376,11,10,4,10,18446744073709537259,18446744073709546870,5,0,0,0,0,1,0,0,0,18446744073709551341,18446744073709551341,2939225,11,4229,0,0,0,13,18446744073709545665,18446744073709551030,18446744073709551030,18446744073709551385,8,1,1,17099945467183773239,3,0,5,11432825531361299415,0,4,1,0
PAWN_AUDIT_RESULT,2068,4,4,-395,0,0,-395,0,0,0,0,0
PAWN_AUDIT_ENTRY,2069,4069836008982683139,10844241647487993306,678145298122330766,12955296520302557795,3242,18446744073709551376,18446744073709551377,18446744073709551376,11,10,4,12,18446744073709539224,18446744073709549224,5,0,0,0,0,1,0,0,0,18446744073709551341,18446744073709551341,2939225,11,4230,0,0,0,9,18446744073709545896,739,18446744073709551030,18446744073709551385,8,1,1,17099945467183773239,3,0,5,11432825531361299415,0,0,1,0
PAWN_AUDIT_RESULT,2069,4,4,-272,0,0,-272,0,0,0,0,0
PAWN_AUDIT_ENTRY,2070,10844241647487993306,270432537447931197,678145298122330766,12272930242361685954,2216,18446744073709551376,18446744073709551377,18446744073709551376,11,10,4,13,18446744073709538761,18446744073709546164,5,0,0,0,0,1,0,0,0,18446744073709551341,18446744073709551341,2939225,11,4231,0,0,0,10,18446744073709546348,18446744073709551030,18446744073709551030,18446744073709551385,8,1,1,17099945467183773239,3,0,5,11432825531361299415,0,4,1,0
PAWN_AUDIT_RESULT,2070,4,4,-502,0,0,-502,0,0,0,0,0
PAWN_AUDIT_ENTRY,2071,270432537447931197,5872170893119881645,678145298122330766,17228386801089125772,2220,18446744073709551376,18446744073709551377,18446744073709551376,11,10,4,14,18446744073709539782,18446744073709546357,5,0,0,0,0,1,0,0,0,18446744073709551341,18446744073709551341,2939225,11,4232,0,0,0,10,18446744073709546812,18446744073709551030,18446744073709551030,18446744073709551385,8,1,1,17099945467183773239,3,0,5,11432825531361299415,0,4,1,0
PAWN_AUDIT_RESULT,2071,4,4,-353,0,0,-353,0,0,0,0,0
PAWN_AUDIT_ENTRY,2072,5872170893119881645,1212638836152442220,678145298122330766,16232894262643994014,3104,18446744073709551376,18446744073709551377,18446744073709551376,11,10,4,16,18446744073709535082,18446744073709549475,5,0,0,0,0,1,0,0,0,18446744073709551341,18446744073709551341,2939225,11,4233,0,0,0,9,18446744073709544675,18446744073709551030,18446744073709551030,18446744073709551385,8,1,1,17099945467183773239,3,0,5,11432825531361299415,0,0,1,0
PAWN_AUDIT_RESULT,2072,4,4,-281,0,0,-281,0,0,0,0,0
PAWN_AUDIT_ENTRY,2073,1212638836152442220,3969499553729284836,678145298122330766,17438229947615456535,3429,18446744073709551376,18446744073709551377,18446744073709551376,11,10,4,17,18446744073709534954,18446744073709549445,5,0,0,0,0,1,0,0,0,18446744073709551341,18446744073709551341,2939225,11,4234,0,0,0,9,18446744073709544617,18446744073709551030,18446744073709551030,18446744073709551385,8,1,1,17099945467183773239,3,0,5,11432825531361299415,0,0,1,0
PAWN_AUDIT_RESULT,2073,4,4,-393,0,0,-393,0,0,0,0,0
PAWN_AUDIT_ENTRY,2074,3969499553729284836,17375897975484878481,678145298122330766,11597643537432691329,3437,18446744073709551376,18446744073709551377,18446744073709551376,11,10,4,18,18446744073709535033,18446744073709549351,5,0,0,0,0,1,0,0,0,18446744073709551341,18446744073709551341,2939225,11,4235,0,0,0,9,18446744073709544653,18446744073709551030,18446744073709551030,18446744073709551385,8,1,1,17099945467183773239,3,0,5,11432825531361299415,0,0,1,0
PAWN_AUDIT_RESULT,2074,4,4,-284,0,0,-284,0,0,0,0,0
PAWN_AUDIT_ENTRY,2075,17375897975484878481,15209532053468877252,678145298122330766,3740175290124192322,3169,18446744073709551376,18446744073709551377,18446744073709551376,11,10,4,19,18446744073709535317,18446744073709549436,5,0,0,0,0,1,0,0,0,18446744073709551341,18446744073709551341,2939225,11,4236,0,0,0,9,18446744073709544782,18446744073709551030,18446744073709551030,18446744073709551385,8,1,1,17099945467183773239,3,0,5,11432825531361299415,0,0,1,0
PAWN_AUDIT_RESULT,2075,4,4,-335,0,0,-335,0,0,0,0,0
PAWN_AUDIT_ENTRY,2076,15209532053468877252,17483974813231494285,678145298122330766,3368100302685239674,3763,18446744073709551376,18446744073709551377,18446744073709551376,11,10,4,21,18446744073709537949,18446744073709546870,5,0,0,0,0,1,0,0,0,18446744073709551341,18446744073709551341,2939225,11,4237,0,0,0,11,18446744073709546348,18446744073709550754,18446744073709550553,18446744073709551385,8,1,1,17099945467183773239,3,0,5,11432825531361299415,0,4,1,0
PAWN_AUDIT_RESULT,2076,4,4,-363,0,0,-363,0,0,0,0,0
PAWN_AUDIT_ENTRY,2077,17483974813231494285,7072391271797925214,678145298122330766,2972817231119396626,2982,18446744073709551376,18446744073709551377,18446744073709551376,11,10,4,22,18446744073709535038,18446744073709549334,5,0,0,0,0,1,0,0,0,18446744073709551341,18446744073709551341,2939225,11,4238,0,0,0,9,18446744073709544655,18446744073709551030,18446744073709551030,18446744073709551385,8,1,1,17099945467183773239,3,0,5,11432825531361299415,0,0,1,0
PAWN_AUDIT_RESULT,2077,4,4,-319,0,0,-319,0,0,0,0,0
PAWN_AUDIT_ENTRY,2078,7072391271797925214,1176065896636763865,678145298122330766,13385745513966982237,3749,18446744073709551376,18446744073709551377,18446744073709551376,11,10,4,23,18446744073709537385,18446744073709547132,5,0,0,0,0,1,0,0,0,18446744073709551341,18446744073709551341,2939225,11,4239,0,0,0,11,18446744073709546179,18446744073709550689,18446744073709550440,18446744073709551385,8,1,1,17099945467183773239,3,0,5,11432825531361299415,0,4,1,0
PAWN_AUDIT_RESULT,2078,4,4,-324,0,0,-324,0,0,0,0,0
PAWN_AUDIT_ENTRY,2079,1176065896636763865,17459268363000109247,678145298122330766,17869256279427995915,3177,18446744073709551376,18446744073709551377,18446744073709551376,11,10,4,24,18446744073709535000,18446744073709549337,5,0,0,0,0,1,0,0,0,18446744073709551341,18446744073709551341,2939225,11,4240,0,0,0,9,18446744073709544638,18446744073709551030,18446744073709551030,18446744073709551385,8,1,1,17099945467183773239,3,0,5,11432825531361299415,0,0,1,0
PAWN_AUDIT_RESULT,2079,4,4,-307,0,0,-307,0,0,0,0,0
PAWN_AUDIT_ENTRY,2080,17459268363000109247,12414121259706118448,678145298122330766,6530351675184319266,3112,18446744073709551376,18446744073709551377,18446744073709551376,11,10,3,25,18446744073709534976,18446744073709549335,5,0,0,0,0,1,0,0,0,18446744073709551341,18446744073709551341,2939225,11,4241,0,0,0,9,18446744073709544627,18446744073709551030,18446744073709551030,18446744073709551385,8,1,1,17099945467183773239,3,0,5,11432825531361299415,0,0,1,0
PAWN_AUDIT_RESULT,2080,3,3,-334,0,0,-334,0,0,0,0,0
PAWN_AUDIT_ENTRY,2174,386061000011417860,18115125732093339028,7828889774508138494,9208158124169396883,1218,18446744073709551376,18446744073709551377,18446744073709551330,9,8,4,5,18446744073709550340,18446744073709550278,11,0,0,0,0,0,0,0,1,18446744073709550914,18446744073709550914,18446744073709380616,11,4428,0,0,0,10,18446744073709551613,18446744073709551030,18446744073709551030,18446744073709551339,1,1,1,18411444946018928718,2,0,11,14986622961207130122,0,3,1,0
PAWN_AUDIT_RESULT,2174,4,4,-240,0,0,-240,0,14,14,0,0
PAWN_AUDIT_ENTRY,2175,18115125732093339028,5414781267584228272,7828889774508138494,4084434854699176729,3742,18446744073709551376,18446744073709551377,18446744073709551376,9,8,2,6,18446744073709548997,18446744073709550278,11,0,0,0,0,0,0,0,1,18446744073709550914,18446744073709550914,18446744073709380616,11,4443,0,0,0,11,18446744073709551326,18446744073709550788,18446744073709550612,18446744073709551339,1,1,1,18411444946018928718,2,0,11,14986622961207130122,0,3,1,0
PAWN_AUDIT_RESULT,2175,2,2,-522,0,0,-522,0,3,3,0,0
PAWN_AUDIT_ENTRY,2176,5414781267584228272,2495356031078924958,7828889774508138494,13116973677535618433,3811,18446744073709551376,18446744073709551377,18446744073709551376,9,8,1,8,18446744073709550340,18446744073709550278,11,0,0,0,0,0,0,0,0,18446744073709550914,18446744073709550914,18446744073709380616,11,4447,0,0,0,13,18446744073709551613,18446744073709551030,18446744073709551030,18446744073709551339,1,1,1,18411444946018928718,2,0,11,14986622961207130122,0,3,1,0
PAWN_AUDIT_RESULT,2176,1,1,-486,0,0,-486,0,0,0,0,0
PAWN_AUDIT_ENTRY,2177,2495356031078924958,10258936955727607382,7828889774508138494,17263873385236190604,1250,18446744073709551376,18446744073709551377,18446744073709551376,9,8,1,9,18446744073709550340,18446744073709550278,11,0,0,0,0,0,0,0,0,18446744073709550914,18446744073709550914,18446744073709380616,11,4448,0,0,0,10,18446744073709551613,18446744073709551030,18446744073709551030,18446744073709551339,1,1,1,18411444946018928718,2,0,11,14986622961207130122,0,3,1,0
PAWN_AUDIT_RESULT,2177,1,1,-694,0,0,-694,0,0,0,0,0
PAWN_AUDIT_ENTRY,2183,11496263233669012929,17157148503082291425,5533651305447993976,13248341852231206983,3964,18446744073709551376,18446744073709551377,18446744073709551376,11,10,6,3,18446744073709545324,18446744073709548874,9,0,0,0,0,0,0,0,0,18446744073709551100,18446744073709551100,18446744073709380616,11,4458,0,0,1,12,18446744073709550791,18446744073709551030,18446744073709548024,18446744073709551348,3,1,1,18411444946018928718,0,0,9,2396680006602531183,0,1,1,0
PAWN_AUDIT_RESULT,2183,6,6,-696,0,0,-696,0,0,0,0,0
PAWN_AUDIT_ENTRY,2184,17157148503082291425,18400065654981359028,5533651305447993976,4699644760576743592,3795,18446744073709551376,18446744073709551377,18446744073709551376,11,10,6,5,18446744073709550340,18446744073709550278,9,0,0,0,0,0,0,0,0,18446744073709551100,18446744073709551100,18446744073709380616,11,4459,0,0,1,13,18446744073709551613,18446744073709551030,18446744073709551030,18446744073709551348,3,1,1,18411444946018928718,0,0,9,2396680006602531183,0,1,1,0
PAWN_AUDIT_RESULT,2184,6,6,-372,0,0,-372,0,0,0,0,0
PAWN_AUDIT_ENTRY,2185,18400065654981359028,11205168556808954262,5533651305447993976,10837469805394298887,3811,18446744073709551376,18446744073709551377,18446744073709551376,11,10,5,6,18446744073709547219,18446744073709548874,9,0,0,0,0,0,0,0,0,18446744073709551100,18446744073709551100,18446744073709380616,11,4460,0,0,1,13,18446744073709550194,18446744073709551030,18446744073709551030,18446744073709551348,3,1,1,18411444946018928718,0,0,9,2396680006602531183,0,1,1,0
PAWN_AUDIT_RESULT,2185,5,5,-555,0,0,-555,0,0,0,0,0
PAWN_AUDIT_ENTRY,2186,11205168556808954262,8466959496320955698,5533651305447993976,11022036137497215035,4094,18446744073709551376,18446744073709551377,18446744073709551376,11,10,5,7,18446744073709547219,18446744073709550278,9,0,0,0,0,0,0,0,0,18446744073709551100,18446744073709551100,18446744073709380616,11,4461,0,0,1,14,18446744073709550194,18446744073709551030,18446744073709551030,18446744073709551348,3,1,1,18411444946018928718,0,0,9,2396680006602531183,0,1,1,0
PAWN_AUDIT_RESULT,2186,5,5,-503,0,0,-503,0,0,0,0,0
PAWN_AUDIT_ENTRY,2187,8466959496320955698,5304169110625350762,5533651305447993976,8459393630590134472,3966,18446744073709551376,18446744073709551377,18446744073709551376,11,10,5,8,18446744073709544714,18446744073709550278,9,0,0,0,0,0,0,0,0,18446744073709551100,18446744073709551100,18446744073709380616,11,4462,0,0,1,12,18446744073709549055,18446744073709551030,18446744073709551030,18446744073709551348,3,1,1,18411444946018928718,0,0,9,2396680006602531183,0,1,1,0
PAWN_AUDIT_RESULT,2187,5,5,-641,0,0,-641,0,0,0,0,0
PAWN_AUDIT_ENTRY,2188,5304169110625350762,9304883264380554534,5533651305447993976,15950187845725451532,3941,18446744073709551376,18446744073709551377,18446744073709551376,11,10,4,10,18446744073709542704,18446744073709550278,9,0,0,0,0,0,0,0,0,18446744073709551100,18446744073709551100,18446744073709380616,11,4463,0,0,1,12,18446744073709548141,18446744073709551030,18446744073709551030,18446744073709551348,3,1,1,18411444946018928718,0,0,9,2396680006602531183,0,1,1,0
PAWN_AUDIT_RESULT,2188,4,4,-535,0,0,-535,0,0,0,0,0
PAWN_AUDIT_ENTRY,2189,9304883264380554534,5224542372232480795,5533651305447993976,2656893826996045438,2227,18446744073709551376,18446744073709551377,18446744073709551376,11,10,4,11,18446744073709541589,18446744073709550278,9,0,0,0,0,0,0,0,0,18446744073709551100,18446744073709551100,18446744073709380616,11,4464,0,0,1,10,18446744073709547634,18446744073709551030,18446744073709551030,18446744073709551348,3,1,1,18411444946018928718,0,0,9,2396680006602531183,0,1,1,0
PAWN_AUDIT_RESULT,2189,4,4,-903,0,0,-903,0,0,0,0,0
PAWN_AUDIT_ENTRY,2192,841493307598319547,5669483666351554505,5533651305447993976,12300946320981917050,2220,18446744073709551376,18446744073709551377,18446744073709551376,11,10,3,15,18446744073709538748,18446744073709550278,9,0,0,0,0,0,0,0,0,18446744073709551100,18446744073709551100,18446744073709380616,11,4467,0,0,1,10,18446744073709546342,18446744073709551030,18446744073709551030,18446744073709551348,3,1,1,18411444946018928718,0,0,9,2396680006602531183,0,1,1,0
PAWN_AUDIT_RESULT,2192,3,3,-805,0,0,-805,0,0,0,0,0
PAWN_AUDIT_ENTRY,2193,5669483666351554505,17680258602097834751,5533651305447993976,3306055533740924742,3756,18446744073709551376,18446744073709551377,18446744073709551376,11,10,3,16,18446744073709538058,18446744073709550278,9,0,0,0,0,0,0,0,0,18446744073709551100,18446744073709551100,18446744073709380616,11,4468,0,0,1,11,18446744073709546286,18446744073709551030,18446744073709550499,18446744073709551348,3,1,1,18411444946018928718,0,0,9,2396680006602531183,0,1,1,0
PAWN_AUDIT_RESULT,2193,3,3,-534,0,0,-534,0,0,0,0,0
PAWN_AUDIT_ENTRY,2194,17680258602097834751,17788752329553465854,5533651305447993976,17289334374141630260,2216,18446744073709551376,18446744073709551377,18446744073709551376,11,10,3,17,18446744073709537928,18446744073709550278,9,0,0,0,0,0,0,0,0,18446744073709551100,18446744073709551100,18446744073709380616,11,4469,0,0,1,10,18446744073709545969,18446744073709551030,18446744073709551030,18446744073709551348,3,1,1,18411444946018928718,0,0,9,2396680006602531183,0,1,1,0
PAWN_AUDIT_RESULT,2194,3,3,-906,0,0,-906,0,0,0,0,0
PAWN_AUDIT_ENTRY,2195,17788752329553465854,2183863769922888253,5533651305447993976,9606972383104134512,2200,18446744073709551376,18446744073709551377,18446744073709551376,11,10,3,18,18446744073709540705,18446744073709548874,9,0,0,0,0,0,0,0,0,18446744073709551100,18446744073709551100,18446744073709380616,11,4470,0,0,1,10,18446744073709547232,18446744073709551030,18446744073709551030,18446744073709551348,3,1,1,18411444946018928718,0,0,9,2396680006602531183,0,1,1,0
PAWN_AUDIT_RESULT,2195,3,3,-835,0,0,-835,0,0,0,0,0
PAWN_AUDIT_ENTRY,2196,2183863769922888253,14698333488641105792,5533651305447993976,7719132808115132812,3763,18446744073709551376,18446744073709551377,18446744073709551376,11,10,3,19,18446744073709537419,18446744073709550278,9,0,0,0,0,0,0,0,0,18446744073709551100,18446744073709551100,18446744073709380616,11,4471,0,0,1,11,18446744073709545969,18446744073709551030,18446744073709550553,18446744073709551348,3,1,1,18411444946018928718,0,0,9,2396680006602531183,0,1,1,0
PAWN_AUDIT_RESULT,2196,3,3,-716,0,0,-716,0,0,0,0,0
PAWN_AUDIT_ENTRY,2197,14698333488641105792,7147912895716651848,5533651305447993976,17755527906874399381,3242,18446744073709551376,18446744073709551377,18446744073709551376,11,10,3,20,18446744073709537345,18446744073709550278,9,0,0,0,0,0,0,0,0,18446744073709551100,18446744073709551100,18446744073709380616,11,4472,0,0,1,9,18446744073709545704,18446744073709551030,18446744073709551030,18446744073709551348,3,1,1,18411444946018928718,0,0,9,2396680006602531183,0,0,1,0
PAWN_AUDIT_RESULT,2197,3,3,-650,0,0,-650,0,0,0,0,0
PAWN_AUDIT_ENTRY,2202,426860686441955995,15473876466155256078,5284661439604102505,8140349444103262169,3966,18446744073709551376,18446744073709551377,18446744073709551376,13,12,9,5,18446744073709542704,18446744073709548874,7,0,0,0,0,1,0,0,0,18446744073709551366,18446744073709551404,1358549,11,4481,0,0,1,12,18446744073709548141,18446744073709551030,18446744073709551030,18446744073709551366,7,1,1,2424089264554450642,0,0,7,11515076970747548246,0,1,1,0
PAWN_AUDIT_RESULT,2202,9,9,-420,0,0,-420,0,0,0,0,0
PAWN_AUDIT_ENTRY,2207,3258646091586793715,8442586174411329517,5284661439604102505,15620711435181740573,3941,18446744073709551376,18446744073709551377,18446744073709551376,13,12,8,8,18446744073709541092,18446744073709548874,7,0,0,0,0,1,0,0,0,18446744073709551366,18446744073709551404,1358549,11,4492,0,0,1,12,18446744073709547408,18446744073709551030,18446744073709551030,18446744073709551366,7,1,1,2424089264554450642,0,0,7,11515076970747548246,0,1,1,0
PAWN_AUDIT_ENTRY,2224,13096871241649099966,5873594196255609575,13756316019399166280,6913390519822849351,1802,239,240,18446744073709550032,7,6,1,2,18446744073709550153,18446744073709550691,10,0,1,0,0,0,0,0,0,156,156,18446744073707460442,11,4525,0,0,0,5,18446744073709551528,18446744073709551030,18446744073709551030,32002,18446744073709551613,0,0,2424089264554450642,3,0,10,15491279744553467214,0,4,1,0
PAWN_AUDIT_RESULT,2224,1,1,-551,0,0,-551,0,3,3,0,0
PAWN_AUDIT_ENTRY,2225,5873594196255609575,16655382344090300838,13756316019399166280,9062749711894181944,1819,239,240,18446744073709551065,7,6,1,3,18446744073709549437,18446744073709549740,10,0,1,0,0,0,0,0,0,156,156,18446744073707460442,11,4529,0,0,0,5,18446744073709550831,18446744073709551435,18446744073709551378,32002,18446744073709551613,0,0,2424089264554450642,3,0,10,15491279744553467214,0,4,1,0
PAWN_AUDIT_ENTRY,2231,14975179082913853811,8592314867374624540,9062749711894181944,18371606188263862858,2195,18446744073709551376,18446744073709551377,18446744073709551347,7,6,2,2,18446744073709543268,18446744073709550429,11,0,0,0,0,0,0,0,1,18446744073709551216,18446744073709551216,11483334,11,4550,0,0,0,10,18446744073709549489,18446744073709551030,18446744073709548781,18446744073709551367,2,1,1,2424089264554450642,4,0,11,13756316019399166280,0,5,1,0
PAWN_AUDIT_RESULT,2231,2,2,-255,0,0,-255,0,6,6,0,0
PAWN_AUDIT_ENTRY,2234,3717688868368793238,14763768679634294611,9062749711894181944,3527531462624365704,2421,18446744073709551376,18446744073709551377,18446744073709551361,7,6,1,3,18446744073709550340,18446744073709548874,11,0,0,0,0,0,0,0,0,18446744073709551216,18446744073709551216,11483334,11,4557,0,0,0,12,18446744073709551613,18446744073709551030,18446744073709551030,18446744073709551367,2,1,1,2424089264554450642,4,0,11,13756316019399166280,0,5,1,0
PAWN_AUDIT_RESULT,2234,1,1,-502,0,0,-502,0,0,0,0,0
PAWN_AUDIT_ENTRY,2235,14763768679634294611,6372230975665361766,9062749711894181944,17448123708352588646,2407,18446744073709551376,18446744073709551377,18446744073709551361,7,6,1,4,18446744073709548134,18446744073709549439,11,0,0,0,0,0,0,0,0,18446744073709551216,18446744073709551216,11483334,11,4558,0,0,0,12,18446744073709550610,18446744073709551030,18446744073709551030,18446744073709551367,2,1,1,2424089264554450642,4,0,11,13756316019399166280,0,5,1,0
PAWN_AUDIT_RESULT,2235,1,1,-421,0,0,-421,0,0,0,0,0
PAWN_AUDIT_ENTRY,2236,6372230975665361766,10162058115653111937,9062749711894181944,11377418712181015119,3837,18446744073709551376,18446744073709551377,18446744073709551361,7,6,1,6,18446744073709544714,18446744073709550278,11,0,0,0,0,0,0,0,0,18446744073709551216,18446744073709551216,11483334,11,4559,0,0,0,13,18446744073709549055,18446744073709551030,18446744073709551030,18446744073709551367,2,1,1,2424089264554450642,4,0,11,13756316019399166280,0,5,1,0
PAWN_AUDIT_RESULT,2236,1,1,-385,0,0,-385,0,0,0,0,0
PAWN_AUDIT_ENTRY,2237,10162058115653111937,4495215818491886562,9062749711894181944,17029327371944378188,2429,18446744073709551376,18446744073709551377,18446744073709551361,7,6,1,7,18446744073709547219,18446744073709548874,11,0,0,0,0,0,0,0,0,18446744073709551216,18446744073709551216,11483334,11,4560,0,0,0,12,18446744073709550194,18446744073709551030,18446744073709551030,18446744073709551367,2,1,1,2424089264554450642,4,0,11,13756316019399166280,0,5,1,0
PAWN_AUDIT_RESULT,2237,1,1,-529,0,0,-529,0,0,0,0,0
PAWN_AUDIT_ENTRY,2238,4495215818491886562,5693865762595624123,9062749711894181944,10490681705072888792,3838,18446744073709551376,18446744073709551377,18446744073709551361,7,6,1,8,18446744073709547219,18446744073709548874,11,0,0,0,0,0,0,0,0,18446744073709551216,18446744073709551216,11483334,11,4561,0,0,0,13,18446744073709550194,18446744073709551030,18446744073709551030,18446744073709551367,2,1,1,2424089264554450642,4,0,11,13756316019399166280,0,5,1,0
PAWN_AUDIT_RESULT,2238,1,1,-426,0,0,-426,0,0,0,0,0
PAWN_AUDIT_ENTRY,2242,8439273635749917061,12129881563592533965,9062749711894181944,1572053723711294526,2227,18446744073709551376,18446744073709551377,18446744073709551361,7,6,1,13,18446744073709540197,18446744073709550278,11,0,0,0,0,0,0,0,0,18446744073709551216,18446744073709551216,11483334,11,4567,0,0,0,10,18446744073709547001,18446744073709551030,18446744073709551030,18446744073709551367,2,1,1,2424089264554450642,4,0,11,13756316019399166280,0,5,1,0
PAWN_AUDIT_RESULT,2242,1,1,-699,0,0,-699,0,0,0,0,0
PAWN_AUDIT_ENTRY,2243,12129881563592533965,5431139269904080491,9062749711894181944,12247542673084844667,4094,18446744073709551376,18446744073709551377,18446744073709551361,7,6,1,14,18446744073709542704,18446744073709548874,11,0,0,0,0,0,0,0,0,18446744073709551216,18446744073709551216,11483334,11,4568,0,0,0,14,18446744073709548141,18446744073709551030,18446744073709551030,18446744073709551367,2,1,1,2424089264554450642,4,0,11,13756316019399166280,0,5,1,0
PAWN_AUDIT_RESULT,2243,1,1,-472,0,0,-472,0,0,0,0,0
PAWN_AUDIT_RESULT,2225,1,1,249,1,7,255,0,15,39,1,1
PAWN_AUDIT_ENTRY,2244,5431139269904080491,17890061057815158197,15491279744553467214,6421427254416682512,2407,18446744073709551376,18446744073709551377,18446744073709551363,9,8,3,2,18446744073709545449,18446744073709549439,9,0,0,0,0,0,0,0,0,18446744073709550869,18446744073709550869,3712229,11,4569,0,0,0,12,18446744073709549389,18446744073709551030,18446744073709551030,18446744073709551242,4,1,1,2424089264554450642,2,0,9,15620711435181740573,0,3,1,0
PAWN_AUDIT_RESULT,2244,3,3,-438,0,0,-438,0,0,0,0,0
PAWN_AUDIT_ENTRY,2245,17890061057815158197,3351090263025582791,15491279744553467214,5146801853303716410,2429,18446744073709551376,18446744073709551377,18446744073709551363,9,8,3,3,18446744073709544714,18446744073709548874,9,0,0,0,0,0,0,0,0,18446744073709550869,18446744073709550869,3712229,11,4570,0,0,0,12,18446744073709549055,18446744073709551030,18446744073709551030,18446744073709551242,4,1,1,2424089264554450642,2,0,9,15620711435181740573,0,3,1,0
PAWN_AUDIT_RESULT,2245,3,3,-715,0,0,-715,0,0,0,0,0
PAWN_AUDIT_ENTRY,2246,3351090263025582791,8606586261895611622,15491279744553467214,4228648519174901422,3838,18446744073709551376,18446744073709551377,18446744073709551363,9,8,2,4,18446744073709544714,18446744073709548874,9,0,0,0,0,0,0,0,0,18446744073709550869,18446744073709550869,3712229,11,4571,0,0,0,13,18446744073709549055,18446744073709551030,18446744073709551030,18446744073709551242,4,1,1,2424089264554450642,2,0,9,15620711435181740573,0,3,1,0
PAWN_AUDIT_RESULT,2246,2,2,-488,0,0,-488,0,0,0,0,0
PAWN_AUDIT_ENTRY,2247,8606586261895611622,15458124077935304100,15491279744553467214,11226630741848001022,2421,18446744073709551376,18446744073709551377,18446744073709551363,9,8,2,5,18446744073709547219,18446744073709547758,9,0,0,0,0,0,0,0,0,18446744073709550869,18446744073709550869,3712229,11,4572,0,0,0,12,18446744073709550194,18446744073709551030,18446744073709551030,18446744073709551242,4,1,1,2424089264554450642,2,0,9,15620711435181740573,0,3,1,0
PAWN_AUDIT_RESULT,2247,2,2,-745,0,0,-745,0,0,0,0,0
PAWN_AUDIT_RESULT,2207,8,8,-251,0,0,-251,0,84,84,0,0
PAWN_AUDIT_ENTRY,2252,2719255493717353283,1199408855665121659,5284661439604102505,3820142208533478753,3957,18446744073709551376,18446744073709551377,18446744073709551376,13,12,8,9,18446744073709544868,18446744073709546870,7,0,0,0,0,1,0,0,0,18446744073709551366,18446744073709551404,1358549,11,4577,0,0,1,12,18446744073709549125,18446744073709551030,18446744073709551030,18446744073709551366,7,1,1,2424089264554450642,0,0,7,11515076970747548246,0,1,1,0
PAWN_AUDIT_RESULT,2252,8,8,-439,0,0,-439,0,0,0,0,0
PAWN_AUDIT_ENTRY,2253,1199408855665121659,2524779202160759876,5284661439604102505,15539916593116734876,3559,18446744073709551376,18446744073709551377,18446744073709551376,13,12,7,10,18446744073709536722,18446744073709550278,7,0,0,0,0,1,0,0,0,18446744073709551366,18446744073709551404,1358549,11,4578,0,0,1,9,18446744073709545421,18446744073709551030,18446744073709551030,18446744073709551366,7,1,1,2424089264554450642,0,0,7,11515076970747548246,0,0,1,0
PAWN_AUDIT_RESULT,2253,7,7,-400,0,0,-400,0,0,0,0,0
PAWN_AUDIT_ENTRY,2254,2524779202160759876,102064436371395319,5284661439604102505,17579193741319388548,3242,18446744073709551376,18446744073709551377,18446744073709551376,13,12,7,12,18446744073709536791,18446744073709550278,7,0,0,0,0,1,0,0,0,18446744073709551366,18446744073709551404,1358549,11,4579,0,0,1,9,18446744073709545452,18446744073709551030,18446744073709551030,18446744073709551366,7,1,1,2424089264554450642,0,0,7,11515076970747548246,0,0,1,0
PAWN_AUDIT_RESULT,2254,7,7,-377,0,0,-377,0,0,0,0,0
PAWN_AUDIT_ENTRY,2255,102064436371395319,4085256287156434834,5284661439604102505,6550575929636360558,3836,18446744073709551376,18446744073709551377,18446744073709551376,13,12,7,14,18446744073709535772,18446744073709549853,7,0,0,0,0,1,0,0,0,18446744073709551366,18446744073709551404,1358549,11,4580,0,0,1,13,18446744073709544989,18446744073709551030,18446744073709551030,18446744073709551366,7,1,1,2424089264554450642,0,0,7,11515076970747548246,0,1,1,0
PAWN_AUDIT_RESULT,2255,7,7,-277,0,0,-277,0,12,12,0,0
PAWN_AUDIT_ENTRY,2261,14187153828564585478,10043757577737388808,5284661439604102505,8347535734905474469,3169,18446744073709551376,18446744073709551377,18446744073709551376,13,12,6,15,18446744073709535042,18446744073709550278,7,0,0,0,0,1,0,0,0,18446744073709551366,18446744073709551404,1358549,11,4593,0,0,1,9,18446744073709544657,18446744073709551030,18446744073709551030,18446744073709551366,7,1,1,2424089264554450642,0,0,7,11515076970747548246,0,0,1,0
PAWN_AUDIT_RESULT,2261,6,6,-458,0,0,-458,0,0,0,0,0
PAWN_AUDIT_ENTRY,2262,10043757577737388808,8412834105217811174,5284661439604102505,11635455673591884409,3104,18446744073709551376,18446744073709551377,18446744073709551376,13,12,6,16,18446744073709534961,18446744073709550278,7,0,0,0,0,1,0,0,0,18446744073709551366,18446744073709551404,1358549,11,4594,0,0,1,9,18446744073709544620,18446744073709551030,18446744073709551030,18446744073709551366,7,1,1,2424089264554450642,0,0,7,11515076970747548246,0,0,1,0
PAWN_AUDIT_RESULT,2262,6,6,-333,0,0,-333,0,0,0,0,0
PAWN_AUDIT_ENTRY,2263,8412834105217811174,3587786749186928415,5284661439604102505,12795089502533764802,3234,18446744073709551376,18446744073709551377,18446744073709551376,13,12,6,17,18446744073709534948,18446744073709550278,7,0,0,0,0,1,0,0,0,18446744073709551366,18446744073709551404,1358549,11,4595,0,0,1,9,18446744073709544614,18446744073709551030,18446744073709551030,18446744073709551366,7,1,1,2424089264554450642,0,0,7,11515076970747548246,0,0,1,0
PAWN_AUDIT_RESULT,2263,6,6,-443,0,0,-443,0,0,0,0,0
PAWN_AUDIT_ENTRY,2264,3587786749186928415,12491863879226585456,5284661439604102505,7601569980557584629,2982,18446744073709551376,18446744073709551377,18446744073709551376,13,12,6,18,18446744073709534862,18446744073709550278,7,0,0,0,0,1,0,0,0,18446744073709551366,18446744073709551404,1358549,11,4596,0,0,1,9,18446744073709544575,18446744073709551030,18446744073709551030,18446744073709551366,7,1,1,2424089264554450642,0,0,7,11515076970747548246,0,0,1,0
PAWN_AUDIT_RESULT,2264,6,6,-489,0,0,-489,0,0,0,0,0
PAWN_AUDIT_ENTRY,2265,12491863879226585456,12057877950888197327,5284661439604102505,13241704351012560620,3177,18446744073709551376,18446744073709551377,18446744073709551376,13,12,6,19,18446744073709534855,18446744073709550278,7,0,0,0,0,1,0,0,0,18446744073709551366,18446744073709551404,1358549,11,4597,0,0,1,9,18446744073709544572,18446744073709551030,18446744073709551030,18446744073709551366,7,1,1,2424089264554450642,0,0,7,11515076970747548246,0,0,1,0
PAWN_AUDIT_RESULT,2265,6,6,-440,0,0,-440,0,0,0,0,0
PAWN_AUDIT_ENTRY,2266,12057877950888197327,9162828879633627345,5284661439604102505,1918491822638582981,3112,18446744073709551376,18446744073709551377,18446744073709551376,13,12,6,20,18446744073709534822,18446744073709550278,7,0,0,0,0,1,0,0,0,18446744073709551366,18446744073709551404,1358549,11,4598,0,0,1,9,18446744073709544557,18446744073709551030,18446744073709551030,18446744073709551366,7,1,1,2424089264554450642,0,0,7,11515076970747548246,0,0,1,0
PAWN_AUDIT_RESULT,2266,6,6,-371,0,0,-371,0,0,0,0,0
PAWN_AUDIT_ENTRY,2267,9162828879633627345,3527876710357493913,5284661439604102505,1473201757019328797,3321,18446744073709551376,18446744073709551377,18446744073709551376,13,12,6,21,18446744073709535280,18446744073709548874,7,0,0,0,0,1,0,0,0,18446744073709551366,18446744073709551404,1358549,11,4599,0,0,1,10,18446744073709544765,18446744073709551030,18446744073709551030,18446744073709551366,7,1,1,2424089264554450642,0,0,7,11515076970747548246,0,1,1,0
PAWN_AUDIT_RESULT,2267,6,6,-501,0,0,-501,0,0,0,0,0
PAWN_AUDIT_ENTRY,2268,3527876710357493913,5262926535717272147,5284661439604102505,3877665528808147525,3828,18446744073709551376,18446744073709551377,18446744073709551376,13,12,6,22,18446744073709535990,18446744073709549179,7,0,0,0,0,1,0,0,0,18446744073709551366,18446744073709551404,1358549,11,4600,0,0,1,13,18446744073709545088,18446744073709551030,18446744073709551030,18446744073709551366,7,1,1,2424089264554450642,0,0,7,11515076970747548246,0,1,1,0
PAWN_AUDIT_RESULT,2268,6,6,-415,0,0,-415,0,0,0,0,0
PAWN_AUDIT_ENTRY,2269,5262926535717272147,14971146204425369923,5284661439604102505,7275462700852225312,3305,18446744073709551376,18446744073709551377,18446744073709551376,13,12,6,23,18446744073709535148,18446744073709548874,7,0,0,0,0,1,0,0,0,18446744073709551366,18446744073709551404,1358549,11,4601,0,0,1,10,18446744073709544705,18446744073709551030,18446744073709551030,18446744073709551366,7,1,1,2424089264554450642,0,0,7,11515076970747548246,0,1,1,0
PAWN_AUDIT_RESULT,2269,6,6,-395,0,0,-395,0,0,0,0,0
PAWN_AUDIT_ENTRY,2270,14971146204425369923,13915135506124709487,5284661439604102505,14530485153447600379,3641,18446744073709551376,18446744073709551377,18446744073709551376,13,12,6,24,18446744073709535047,18446744073709548874,7,0,0,0,0,1,0,0,0,18446744073709551366,18446744073709551404,1358549,11,4602,0,0,1,12,18446744073709544659,18446744073709551030,18446744073709551030,18446744073709551366,7,1,1,2424089264554450642,0,0,7,11515076970747548246,0,1,1,0
PAWN_AUDIT_RESULT,2270,6,6,-351,0,0,-351,0,0,0,0,0
PAWN_AUDIT_ENTRY,2271,13915135506124709487,6615653205894145765,5284661439604102505,8526550372310045197,3949,18446744073709551376,18446744073709551377,18446744073709551376,13,12,8,26,18446744073709550340,18446744073709550278,7,0,0,0,0,1,0,0,0,18446744073709551366,18446744073709551404,1358549,11,4603,0,0,1,12,18446744073709551613,18446744073709551030,18446744073709551030,18446744073709551366,7,1,1,2424089264554450642,0,0,7,11515076970747548246,0,1,1,0
PAWN_AUDIT_RESULT,2271,8,8,-538,0,0,-538,0,0,0,0,0
PAWN_AUDIT_ENTRY,2344,7826703698209907932,17500961334707898679,7563351963712433663,16989328408367933325,2195,18446744073709551118,18446744073709551119,18446744073709550475,6,5,1,8,18446744073709545669,18446744073709550278,9,0,0,0,0,0,0,0,1,18446744073709549572,18446744073709549572,18446744073709380616,11,4730,0,0,1,10,18446744073709549489,18446744073709551030,18446744073709551030,18446744073709550649,5,1,1,1190018526284764033,0,0,9,12150793693243397294,0,1,1,0
PAWN_AUDIT_RESULT,2344,1,1,-926,0,0,-926,0,0,0,0,0
PAWN_AUDIT_ENTRY,2345,17500961334707898679,2161293906063010187,7563351963712433663,5036394847200149410,2204,18446744073709551118,18446744073709551119,18446744073709550690,6,5,1,19,18446744073709537397,18446744073709550278,9,0,0,0,0,0,0,0,1,18446744073709549572,18446744073709549572,18446744073709380616,11,4731,0,0,1,10,18446744073709547408,18446744073709549176,18446744073709549478,18446744073709550649,5,1,1,1190018526284764033,0,0,9,12150793693243397294,0,1,1,0
PAWN_AUDIT_RESULT,2345,1,1,-926,0,0,-926,0,0,0,0,0
PAWN_AUDIT_ENTRY,2369,10354327196027536380,5000714367231322401,1411320089173543553,2911170674627247942,2349,18446744073709551359,18446744073709551360,18446744073709551323,6,5,1,5,18446744073709545159,18446744073709549412,13,0,0,0,0,0,0,0,0,18446744073709551201,18446744073709551201,18446744073708613566,11,4789,0,0,1,11,18446744073709550278,18446744073709549878,18446744073709550113,18446744073709551365,2,1,1,8739252697191440986,0,0,13,137944992590129824,0,1,1,0
PAWN_AUDIT_RESULT,2369,1,1,-260,0,0,-260,0,0,0,0,0
PAWN_AUDIT_ENTRY,2370,5000714367231322401,8651747904263367745,1411320089173543553,901809769140454427,4022,18446744073709551359,18446744073709551360,18446744073709551356,6,5,1,6,18446744073709545064,18446744073709548975,13,0,0,0,0,0,0,0,0,18446744073709551201,18446744073709551201,18446744073708613566,11,4790,0,0,1,14,18446744073709549214,18446744073709551030,18446744073709551030,18446744073709551365,2,1,1,8739252697191440986,0,0,13,137944992590129824,0,1,1,0
PAWN_AUDIT_RESULT,2370,1,1,-333,0,0,-333,0,0,0,0,0
PAWN_AUDIT_ENTRY,2371,8651747904263367745,340373724366598419,1411320089173543553,7636210215955709671,2367,18446744073709551359,18446744073709551360,18446744073709551356,6,5,1,7,18446744073709544714,18446744073709548874,13,0,0,0,0,0,0,0,0,18446744073709551201,18446744073709551201,18446744073708613566,11,4791,0,0,1,11,18446744073709549055,18446744073709551030,18446744073709551030,18446744073709551365,2,1,1,8739252697191440986,0,0,13,137944992590129824,0,1,1,0
PAWN_AUDIT_RESULT,2371,1,1,-337,0,0,-337,0,0,0,0,0
PAWN_AUDIT_ENTRY,2374,16465024332963585271,12280567452089132863,1045231057239488618,6524156764237624461,3742,18446744073709551359,18446744073709551360,18446744073709551350,7,6,3,2,18446744073709551094,18446744073709549250,13,0,0,0,0,0,0,0,0,18446744073709550905,18446744073709550905,18446744073708613566,11,4800,0,0,1,11,340,18446744073709551030,18446744073709551030,18446744073709551342,0,1,1,8739252697191440986,0,0,13,2672448004793368004,0,1,1,0
PAWN_AUDIT_RESULT,2374,3,3,-1167,0,0,-1167,0,0,0,0,0
PAWN_AUDIT_ENTRY,2388,11824716265504470752,2332144515832484383,955081169349494346,12570752445527712678,2934,18446744073709551359,18446744073709551360,18446744073709551358,6,5,1,3,18446744073709547897,2273,13,0,0,0,0,0,0,0,0,18446744073709550889,18446744073709550889,18446744073708613566,11,4826,0,0,1,11,18446744073709550502,18446744073709551030,18446744073709551030,18446744073709551351,0,1,1,8739252697191440986,0,0,13,2798485884022948836,0,1,1,0
PAWN_AUDIT_RESULT,2388,1,1,-1075,0,0,-1075,0,0,0,0,0
PAWN_AUDIT_ENTRY,2390,16381255528307410874,17824992366053327797,2100562524345546275,16129576252610471421,3819,18446744073709551359,18446744073709551360,18446744073709551359,8,7,4,5,18446744073709548277,18446744073709549516,11,0,0,0,0,1,1,0,0,18446744073709551360,18446744073709551360,18446744073708080935,11,4828,0,0,1,13,18446744073709550675,18446744073709551030,18446744073709551030,18446744073709551371,2,1,1,8739252697191440986,0,0,11,18216398804741214089,0,1,1,0
PAWN_AUDIT_RESULT,2390,4,4,-325,0,0,-325,0,0,0,0,0
PAWN_AUDIT_ENTRY,2391,17824992366053327797,11642075662601361543,2100562524345546275,5273060292567399108,3742,18446744073709551359,18446744073709551360,18446744073709551359,8,7,4,6,18446744073709547664,18446744073709548057,11,0,0,0,0,1,1,0,0,18446744073709551360,18446744073709551360,18446744073708080935,11,4829,0,0,1,11,18446744073709550396,18446744073709551030,18446744073709551030,18446744073709551371,2,1,1,8739252697191440986,0,0,11,18216398804741214089,0,1,1,0
PAWN_AUDIT_RESULT,2391,4,4,-308,0,0,-308,0,0,0,0,0
PAWN_AUDIT_ENTRY,2392,11642075662601361543,10233824732448769804,2100562524345546275,158586330220787897,4022,18446744073709551359,18446744073709551360,18446744073709551359,8,7,4,7,18446744073709548510,18446744073709550811,11,0,0,0,0,1,1,0,0,18446744073709551360,18446744073709551360,18446744073708080935,11,4830,0,0,1,14,18446744073709550781,18446744073709551030,18446744073709551030,18446744073709551371,2,1,1,8739252697191440986,0,0,11,18216398804741214089,0,1,1,0
PAWN_AUDIT_RESULT,2392,4,4,-316,0,0,-316,0,0,0,0,0
PAWN_AUDIT_ENTRY,2393,10233824732448769804,2120691292234917268,2100562524345546275,125628130276831920,3821,18446744073709551359,18446744073709551360,18446744073709551359,8,7,4,8,18446744073709544138,18446744073709549962,11,0,0,0,0,1,1,0,0,18446744073709551360,18446744073709551360,18446744073708080935,11,4831,0,0,1,13,18446744073709548793,18446744073709551030,18446744073709551030,18446744073709551371,2,1,1,8739252697191440986,0,0,11,18216398804741214089,0,1,1,0
PAWN_AUDIT_RESULT,2393,4,4,-280,0,0,-280,0,0,0,0,0
PAWN_AUDIT_ENTRY,2394,2120691292234917268,4442094184483434335,2100562524345546275,7442746920267498053,2367,18446744073709551359,18446744073709551360,18446744073709551359,8,7,4,9,18446744073709544589,18446744073709547702,11,0,0,0,0,1,1,0,0,18446744073709551360,18446744073709551360,18446744073708080935,11,4832,0,0,1,11,18446744073709548998,18446744073709551030,18446744073709551030,18446744073709551371,2,1,1,8739252697191440986,0,0,11,18216398804741214089,0,1,1,0
PAWN_AUDIT_RESULT,2394,4,4,-286,0,0,-286,0,0,0,0,0
PAWN_AUDIT_ENTRY,2397,11556252564659197645,7537576876698583528,2100562524345546275,8938729411173161757,3756,18446744073709551359,18446744073709551360,18446744073709551359,8,7,3,11,18446744073709537818,18446744073709550049,11,0,0,0,0,1,1,0,0,18446744073709551360,18446744073709551360,18446744073708080935,11,4839,0,0,1,11,18446744073709545919,18446744073709551030,18446744073709551030,18446744073709551371,2,1,1,8739252697191440986,0,0,11,18216398804741214089,0,1,1,0
PAWN_AUDIT_RESULT,2397,3,3,-371,0,0,-371,0,0,0,0,0
PAWN_AUDIT_ENTRY,2398,7537576876698583528,13053219665899460698,2100562524345546275,13540219230193514831,2347,18446744073709551359,18446744073709551360,18446744073709551359,8,7,3,12,18446744073709540936,18446744073709548874,11,0,0,0,0,1,1,0,0,18446744073709551360,18446744073709551360,18446744073708080935,11,4840,0,0,1,11,18446744073709547337,18446744073709551030,18446744073709551030,18446744073709551371,2,1,1,8739252697191440986,0,0,11,18216398804741214089,0,1,1,0
PAWN_AUDIT_RESULT,2398,3,3,-339,0,0,-339,0,0,0,0,0
PAWN_AUDIT_ENTRY,2399,13053219665899460698,13603855349416208987,2100562524345546275,13323505641333233074,3884,18446744073709551359,18446744073709551360,18446744073709551359,8,7,3,13,18446744073709536291,18446744073709550278,11,0,0,0,0,1,1,0,0,18446744073709551360,18446744073709551360,18446744073708080935,11,4841,0,0,1,12,18446744073709545225,18446744073709551030,18446744073709551030,18446744073709551371,2,1,1,8739252697191440986,0,0,11,18216398804741214089,0,1,1,0
PAWN_AUDIT_RESULT,2399,3,3,-437,0,0,-437,0,0,0,0,0
PAWN_AUDIT_ENTRY,2400,13603855349416208987,13187712472776038938,2100562524345546275,13242342302482048399,3892,18446744073709551359,18446744073709551360,18446744073709551359,8,7,3,14,18446744073709536291,18446744073709550278,11,0,0,0,0,1,1,0,0,18446744073709551360,18446744073709551360,18446744073708080935,11,4842,0,0,1,12,18446744073709545225,18446744073709551030,18446744073709551030,18446744073709551371,2,1,1,8739252697191440986,0,0,11,18216398804741214089,0,1,1,0
PAWN_AUDIT_RESULT,2400,3,3,-399,0,0,-399,0,0,0,0,0
PAWN_AUDIT_ENTRY,2401,13187712472776038938,12967266258007648941,2100562524345546275,16588543375622867996,3901,18446744073709551359,18446744073709551360,18446744073709551359,8,7,3,15,18446744073709536291,18446744073709550278,11,0,0,0,0,1,1,0,0,18446744073709551360,18446744073709551360,18446744073708080935,11,4843,0,0,1,12,18446744073709545225,18446744073709551030,18446744073709551030,18446744073709551371,2,1,1,8739252697191440986,0,0,11,18216398804741214089,0,1,1,0
PAWN_AUDIT_RESULT,2401,3,3,-447,0,0,-447,0,0,0,0,0
PAWN_AUDIT_ENTRY,2402,12967266258007648941,2482618714596394957,2100562524345546275,2868028356437560664,4029,18446744073709551359,18446744073709551360,18446744073709551359,8,7,3,16,18446744073709536291,18446744073709550278,11,0,0,0,0,1,1,0,0,18446744073709551360,18446744073709551360,18446744073708080935,11,4844,0,0,1,14,18446744073709545225,18446744073709551030,18446744073709551030,18446744073709551371,2,1,1,8739252697191440986,0,0,11,18216398804741214089,0,1,1,0
PAWN_AUDIT_RESULT,2402,3,3,-364,0,0,-364,0,0,0,0,0
PAWN_AUDIT_ENTRY,2405,1671094520533790572,10116526983216423322,6841793688473417328,116883026311930012,2319,18446744073709551359,18446744073709551360,18446744073709551359,10,9,7,4,18446744073709550340,18446744073709550278,9,0,0,0,0,1,1,2268,0,18446744073709551018,18446744073709551018,18446744073709108375,11,4847,0,0,1,11,18446744073709551613,18446744073709551030,18446744073709551030,18446744073709551373,4,1,1,12623835902163763756,0,0,9,16481609144024770710,0,1,1,0
PAWN_AUDIT_RESULT,2405,7,7,-940,0,0,-940,0,0,0,0,0
PAWN_AUDIT_ENTRY,2406,10116526983216423322,2139946858020043294,6841793688473417328,2638457935231435286,2367,18446744073709551359,18446744073709551360,18446744073709551359,10,9,6,5,18446744073709544204,18446744073709548874,9,0,0,0,0,1,1,2268,0,18446744073709551018,18446744073709551018,18446744073709108375,11,4848,0,0,1,11,18446744073709548823,18446744073709551030,18446744073709551030,18446744073709551373,4,1,1,12623835902163763756,0,0,9,16481609144024770710,0,1,1,0
PAWN_AUDIT_RESULT,2406,6,6,-695,0,0,-695,0,0,0,0,0
PAWN_AUDIT_ENTRY,2407,2139946858020043294,13584902354221999957,6841793688473417328,4748821566700157162,4022,18446744073709551359,18446744073709551360,18446744073709551359,10,9,6,6,18446744073709546179,18446744073709548874,9,0,0,0,0,1,1,2268,0,18446744073709551018,18446744073709551018,18446744073709108375,11,4849,0,0,1,14,18446744073709549721,18446744073709551030,18446744073709551030,18446744073709551373,4,1,1,12623835902163763756,0,0,9,16481609144024770710,0,1,1,0
PAWN_AUDIT_RESULT,2407,6,6,-808,0,0,-808,0,0,0,0,0
PAWN_AUDIT_ENTRY,2415,6687038194010262161,8504814344299228292,14054154553202989795,142731190504982845,3819,18446744073709551359,18446744073709551360,18446744073709551054,10,9,5,3,18446744073709545563,18446744073709550278,9,0,0,0,0,0,0,0,0,18446744073709550879,18446744073709550879,18446744073708966409,11,4874,0,0,1,13,18446744073709549441,18446744073709551030,18446744073709551030,18446744073709551161,4,1,1,12623835902163763756,0,0,9,2636117877111118073,0,1,1,0
PAWN_AUDIT_RESULT,2415,5,5,-783,0,0,-783,0,0,0,0,0
PAWN_AUDIT_ENTRY,2416,8504814344299228292,2060047491020839438,14054154553202989795,16110083369969458800,3821,18446744073709551359,18446744073709551360,18446744073709551054,10,9,4,4,18446744073709544035,18446744073709550278,9,0,0,0,0,0,0,0,0,18446744073709550879,18446744073709550879,18446744073708966409,11,4875,0,0,1,13,18446744073709548746,18446744073709551030,18446744073709551030,18446744073709551161,4,1,1,12623835902163763756,0,0,9,2636117877111118073,0,1,1,0
PAWN_AUDIT_RESULT,2416,4,4,-584,0,0,-584,0,0,0,0,0
PAWN_AUDIT_ENTRY,2417,2060047491020839438,1663747078596009757,14054154553202989795,2534277321457475732,3837,18446744073709551359,18446744073709551360,18446744073709551054,10,9,4,5,18446744073709542704,18446744073709550278,9,0,0,0,0,0,0,0,0,18446744073709550879,18446744073709550879,18446744073708966409,11,4876,0,0,1,13,18446744073709548141,18446744073709551030,18446744073709551030,18446744073709551161,4,1,1,12623835902163763756,0,0,9,2636117877111118073,0,1,1,0
PAWN_AUDIT_RESULT,2417,4,4,-1023,0,0,-1023,0,0,0,0,0
PAWN_AUDIT_ENTRY,2423,14087510176898309608,16047295167764158337,4387229659967086596,7559727625754258659,3742,18446744073709551359,18446744073709551360,18446744073709551304,8,7,3,4,18446744073709545551,18446744073709547014,9,0,0,0,0,0,0,0,0,18446744073709550999,18446744073709550999,18446744073708966409,11,4892,0,0,1,11,18446744073709549601,18446744073709551030,18446744073709550689,18446744073709551183,2,1,1,12623835902163763756,0,0,9,7921784529883231654,0,1,1,0
PAWN_AUDIT_RESULT,2423,3,3,-870,0,0,-870,0,0,0,0,0
PAWN_AUDIT_ENTRY,2424,16047295167764158337,13255349774233107245,15601132354317317515,17694900032064595926,1826,18446744073709551359,18446744073709551360,18446744073709551359,12,11,6,4,18446744073709544358,18446744073709547758,7,0,0,0,0,1,1,3492,0,18446744073709551238,18446744073709551238,18446744073707170838,11,4893,0,0,1,10,18446744073709548893,18446744073709551030,18446744073709551030,18446744073709551374,6,1,1,12623835902163763756,0,0,7,3712507779515880262,0,1,1,0
PAWN_AUDIT_RESULT,2424,6,6,-470,0,0,-470,0,0,0,0,0
PAWN_AUDIT_ENTRY,2428,8910994627829459328,1028830382279145489,15601132354317317515,10126701303896783212,3742,18446744073709551359,18446744073709551360,18446744073709551359,12,11,5,7,18446744073709542364,18446744073709546279,7,0,0,0,0,1,1,3492,0,18446744073709551238,18446744073709551238,18446744073707170838,11,4899,0,0,1,11,18446744073709548580,18446744073709550658,18446744073709550190,18446744073709551374,6,1,1,12623835902163763756,0,0,7,3712507779515880262,0,1,1,0
PAWN_AUDIT_RESULT,2428,5,5,-679,0,0,-679,0,0,0,0,0
PAWN_AUDIT_ENTRY,2429,1028830382279145489,3674976488655162681,15601132354317317515,8914649837905858663,3501,18446744073709551359,18446744073709551360,18446744073709551359,12,11,4,8,18446744073709538100,18446744073709550497,7,0,0,0,0,1,1,3492,0,18446744073709551238,18446744073709551238,18446744073707170838,11,4900,0,0,1,11,18446744073709545514,18446744073709551458,72,18446744073709551374,6,1,1,12623835902163763756,0,0,7,3712507779515880262,0,1,1,0
PAWN_AUDIT_RESULT,2429,4,4,-854,0,0,-854,0,0,0,0,0
PAWN_AUDIT_ENTRY,2430,3674976488655162681,1273531069288531717,15601132354317317515,16314749054410526448,4029,18446744073709551359,18446744073709551360,18446744073709551359,12,11,4,10,18446744073709535946,18446744073709550278,7,0,0,0,0,1,1,3492,0,18446744073709551238,18446744073709551238,18446744073707170838,11,4901,0,0,1,14,18446744073709545068,18446744073709551030,18446744073709551030,18446744073709551374,6,1,1,12623835902163763756,0,0,7,3712507779515880262,0,1,1,0
PAWN_AUDIT_RESULT,2430,4,4,-856,0,0,-856,0,0,0,0,0
PAWN_AUDIT_ENTRY,2431,1273531069288531717,6651841986369878357,15601132354317317515,7071055150558600550,3242,18446744073709551359,18446744073709551360,18446744073709551359,12,11,4,11,18446744073709535990,18446744073709550278,7,0,0,0,0,1,1,3492,0,18446744073709551238,18446744073709551238,18446744073707170838,11,4902,0,0,1,9,18446744073709545088,18446744073709551030,18446744073709551030,18446744073709551374,6,1,1,12623835902163763756,0,0,7,3712507779515880262,0,0,1,0
PAWN_AUDIT_RESULT,2431,4,4,-797,0,0,-797,0,0,0,0,0
PAWN_AUDIT_ENTRY,2432,6651841986369878357,10711778765991471270,15601132354317317515,11844479124383703123,1835,18446744073709551359,18446744073709551360,18446744073709551359,12,11,3,14,18446744073709537259,18446744073709548874,7,0,0,0,0,1,1,3492,0,18446744073709551238,18446744073709551238,18446744073707170838,11,4903,0,0,1,10,18446744073709545665,18446744073709551030,18446744073709551030,18446744073709551374,6,1,1,12623835902163763756,0,0,7,3712507779515880262,0,1,1,0
PAWN_AUDIT_RESULT,2432,3,3,-883,0,0,-883,0,0,0,0,0
PAWN_AUDIT_ENTRY,2433,10711778765991471270,16603523516237622373,15601132354317317515,8290640964939508058,1837,18446744073709551359,18446744073709551360,18446744073709551359,12,11,3,15,18446744073709537259,18446744073709548874,7,0,0,0,0,1,1,3492,0,18446744073709551238,18446744073709551238,18446744073707170838,11,4904,0,0,1,10,18446744073709545665,18446744073709551030,18446744073709551030,18446744073709551374,6,1,1,12623835902163763756,0,0,7,3712507779515880262,0,1,1,0
PAWN_AUDIT_RESULT,2433,3,3,-978,0,0,-978,0,0,0,0,0
PAWN_AUDIT_ENTRY,2434,16603523516237622373,6883603852123094494,15601132354317317515,3507681691669760667,3104,18446744073709551359,18446744073709551360,18446744073709551359,12,11,3,16,18446744073709534814,18446744073709550278,7,0,0,0,0,1,1,3492,0,18446744073709551238,18446744073709551238,18446744073707170838,11,4905,0,0,1,9,18446744073709544553,18446744073709551030,18446744073709551030,18446744073709551374,6,1,1,12623835902163763756,0,0,7,3712507779515880262,0,0,1,0
PAWN_AUDIT_RESULT,2434,3,3,-788,0,0,-788,0,0,0,0,0
PAWN_AUDIT_ENTRY,2435,6883603852123094494,17348579979856988086,15601132354317317515,14229171263979897183,3429,18446744073709551359,18446744073709551360,18446744073709551359,12,11,3,18,18446744073709534754,18446744073709550278,7,0,0,0,0,1,1,3492,0,18446744073709551238,18446744073709551238,18446744073707170838,11,4906,0,0,1,9,18446744073709544526,18446744073709551030,18446744073709551030,18446744073709551374,6,1,1,12623835902163763756,0,0,7,3712507779515880262,0,0,1,0
PAWN_AUDIT_RESULT,2435,3,3,-913,0,0,-913,0,0,0,0,0
PAWN_AUDIT_ENTRY,2436,17348579979856988086,2293644013662097192,15601132354317317515,2325531688164894240,3234,18446744073709551359,18446744073709551360,18446744073709551359,12,11,3,19,18446744073709534805,18446744073709550278,7,0,0,0,0,1,1,3492,0,18446744073709551238,18446744073709551238,18446744073707170838,11,4907,0,0,1,9,18446744073709544549,18446744073709551030,18446744073709551030,18446744073709551374,6,1,1,12623835902163763756,0,0,7,3712507779515880262,0,0,1,0
PAWN_AUDIT_RESULT,2436,3,3,-767,0,0,-767,0,0,0,0,0
PAWN_AUDIT_ENTRY,2437,2293644013662097192,18404124491594504382,15601132354317317515,8149265588251190660,3437,18446744073709551359,18446744073709551360,18446744073709551359,12,11,3,20,18446744073709534844,18446744073709550278,7,0,0,0,0,1,1,3492,0,18446744073709551238,18446744073709551238,18446744073707170838,11,4908,0,0,1,9,18446744073709544567,18446744073709551030,18446744073709551030,18446744073709551374,6,1,1,12623835902163763756,0,0,7,3712507779515880262,0,0,1,0
PAWN_AUDIT_RESULT,2437,3,3,-790,0,0,-790,0,0,0,0,0
PAWN_AUDIT_ENTRY,2438,18404124491594504382,4353431362271654280,15601132354317317515,17918287161208670231,2982,18446744073709551359,18446744073709551360,18446744073709551359,12,11,3,21,18446744073709534798,18446744073709550278,7,0,0,0,0,1,1,3492,0,18446744073709551238,18446744073709551238,18446744073707170838,11,4909,0,0,1,9,18446744073709544546,18446744073709551030,18446744073709551030,18446744073709551374,6,1,1,12623835902163763756,0,0,7,3712507779515880262,0,0,1,0
PAWN_AUDIT_RESULT,2438,3,3,-854,0,0,-854,0,0,0,0,0
PAWN_AUDIT_ENTRY,2439,4353431362271654280,10238650131759651524,15601132354317317515,7811375496085029157,3827,18446744073709551359,18446744073709551360,18446744073709551359,12,11,3,22,18446744073709536722,18446744073709548874,7,0,0,0,0,1,1,3492,0,18446744073709551238,18446744073709551238,18446744073707170838,11,4910,0,0,1,13,18446744073709545421,18446744073709551030,18446744073709551030,18446744073709551374,6,1,1,12623835902163763756,0,0,7,3712507779515880262,0,1,1,0
PAWN_AUDIT_RESULT,2439,3,3,-870,0,0,-870,0,0,0,0,0
PAWN_AUDIT_ENTRY,2495,6281853273356308225,9008935105430568666,1589688746851755831,4259569181376460138,2204,18446744073709551118,18446744073709551119,18446744073709550488,7,6,2,2,18446744073709537397,18446744073709550278,7,0,0,0,0,0,0,0,1,18446744073709549565,18446744073709549565,18446744073709380616,11,5010,0,0,1,10,18446744073709547408,18446744073709549176,18446744073709549478,18446744073709550752,5,1,1,1190018526284764033,0,0,7,15445538623445376614,0,1,1,0
PAWN_AUDIT_RESULT,2495,2,2,-916,0,0,-916,0,1,1,0,0
PAWN_AUDIT_ENTRY,2496,9008935105430568666,11008077319632167743,1589688746851755831,10754562767355964741,2195,18446744073709551118,18446744073709551119,18446744073709550700,7,6,2,4,18446744073709546016,18446744073709550278,7,0,0,0,0,0,0,0,1,18446744073709549565,18446744073709549565,18446744073709380616,11,5012,0,0,1,10,18446744073709549647,18446744073709551030,18446744073709551030,18446744073709550752,5,1,1,1190018526284764033,0,0,7,15445538623445376614,0,1,1,0
PAWN_AUDIT_RESULT,2496,2,2,-926,0,0,-926,0,0,0,0,0
PAWN_AUDIT_ENTRY,2499,2914401063482871537,7146928503055376439,678145298122330766,9969022525491042556,2195,18446744073709551359,18446744073709551360,18446744073709551359,13,12,7,6,18446744073709541215,18446744073709550355,5,0,0,0,0,1,0,0,1,18446744073709551337,18446744073709551337,2464633,11,5015,0,0,0,10,18446744073709549647,18446744073709549434,18446744073709548176,18446744073709551376,11,1,1,17099945467183773239,3,0,5,11432825531361299415,0,4,1,0
PAWN_AUDIT_RESULT,2499,7,7,-996,0,0,-996,0,2,2,0,0
PAWN_AUDIT_ENTRY,2500,7146928503055376439,11959903292532555073,678145298122330766,7024795039825094280,2227,18446744073709551359,18446744073709551360,18446744073709551359,13,12,7,8,18446744073709539080,18446744073709547797,5,0,0,0,0,1,0,0,0,18446744073709551337,18446744073709551337,2464633,11,5018,0,0,0,10,18446744073709546493,18446744073709551030,18446744073709551030,18446744073709551376,11,1,1,17099945467183773239,3,0,5,11432825531361299415,0,4,1,0
PAWN_AUDIT_RESULT,2500,7,7,-450,0,0,-450,0,0,0,0,0
PAWN_AUDIT_ENTRY,2501,11959903292532555073,15029466607299339227,678145298122330766,16671102232743990092,2193,18446744073709551359,18446744073709551360,18446744073709551359,13,12,8,9,18446744073709550340,18446744073709550278,5,0,0,0,0,1,0,0,0,18446744073709551337,18446744073709551337,2464633,11,5019,0,0,0,10,18446744073709551613,18446744073709551030,18446744073709551030,18446744073709551376,11,1,1,17099945467183773239,3,0,5,11432825531361299415,0,4,1,0
PAWN_AUDIT_RESULT,2501,8,8,-471,0,0,-471,0,0,0,0,0
PAWN_AUDIT_ENTRY,2502,15029466607299339227,13271406321759623055,678145298122330766,2181912923708446155,3735,18446744073709551359,18446744073709551360,18446744073709551359,13,12,8,10,18446744073709550340,18446744073709550278,5,0,0,0,0,1,0,0,0,18446744073709551337,18446744073709551337,2464633,11,5020,0,0,0,11,18446744073709551613,18446744073709551030,18446744073709551030,18446744073709551376,11,1,1,17099945467183773239,3,0,5,11432825531361299415,0,4,1,0
PAWN_AUDIT_RESULT,2502,8,8,-518,0,0,-518,0,0,0,0,0
PAWN_AUDIT_ENTRY,2503,13271406321759623055,12543689607941538866,678145298122330766,12955296520302557795,3242,18446744073709551359,18446744073709551360,18446744073709551359,13,12,6,11,18446744073709537086,18446744073709549224,5,0,0,0,0,1,0,0,0,18446744073709551337,18446744073709551337,2464633,11,5021,0,0,0,9,18446744073709544924,739,18446744073709551030,18446744073709551376,11,1,1,17099945467183773239,3,0,5,11432825531361299415,0,0,1,0
PAWN_AUDIT_RESULT,2503,6,6,-359,0,0,-359,0,2,2,0,0
PAWN_AUDIT_ENTRY,2504,12543689607941538866,11602071900523386316,678145298122330766,16232894262643994014,3104,18446744073709551359,18446744073709551360,18446744073709551359,13,12,6,12,18446744073709534719,18446744073709549475,5,0,0,0,0,1,0,0,0,18446744073709551337,18446744073709551337,2464633,11,5024,0,0,0,9,18446744073709544510,18446744073709551030,18446744073709551030,18446744073709551376,11,1,1,17099945467183773239,3,0,5,11432825531361299415,0,0,1,0
PAWN_AUDIT_RESULT,2504,6,6,-291,0,0,-291,0,3,3,0,0
PAWN_AUDIT_ENTRY,2506,46872074591342754,2948555267751305790,678145298122330766,17438229947615456535,3429,18446744073709551359,18446744073709551360,18446744073709551359,13,12,6,13,18446744073709534679,18446744073709549445,5,0,0,0,0,1,0,0,0,18446744073709551337,18446744073709551337,2464633,11,5028,0,0,0,9,18446744073709544492,18446744073709551030,18446744073709551030,18446744073709551376,11,1,1,17099945467183773239,3,0,5,11432825531361299415,0,0,1,0
PAWN_AUDIT_RESULT,2506,6,6,-404,0,0,-404,0,0,0,0,0
PAWN_AUDIT_ENTRY,2507,2948555267751305790,17243964620265313202,678145298122330766,11597643537432691329,3437,18446744073709551359,18446744073709551360,18446744073709551359,13,12,5,15,18446744073709534737,18446744073709549351,5,0,0,0,0,1,0,0,0,18446744073709551337,18446744073709551337,2464633,11,5029,0,0,0,9,18446744073709544518,18446744073709551030,18446744073709551030,18446744073709551376,11,1,1,17099945467183773239,3,0,5,11432825531361299415,0,0,1,0
PAWN_AUDIT_RESULT,2507,5,5,-387,0,0,-387,0,2,2,0,0
PAWN_AUDIT_ENTRY,2508,17243964620265313202,6254715191977289069,678145298122330766,3740175290124192322,3169,18446744073709551359,18446744073709551360,18446744073709551359,13,12,5,16,18446744073709534800,18446744073709549436,5,0,0,0,0,1,0,0,0,18446744073709551337,18446744073709551337,2464633,11,5032,0,0,0,9,18446744073709544547,18446744073709551030,18446744073709551030,18446744073709551376,11,1,1,17099945467183773239,3,0,5,11432825531361299415,0,0,1,0
PAWN_AUDIT_RESULT,2508,5,5,-346,0,0,-346,0,0,0,0,0
PAWN_AUDIT_ENTRY,2509,6254715191977289069,449847597373536096,678145298122330766,2972817231119396626,2982,18446744073709551359,18446744073709551360,18446744073709551359,13,12,5,18,18446744073709534708,18446744073709549334,5,0,0,0,0,1,0,0,0,18446744073709551337,18446744073709551337,2464633,11,5033,0,0,0,9,18446744073709544505,18446744073709551030,18446744073709551030,18446744073709551376,11,1,1,17099945467183773239,3,0,5,11432825531361299415,0,0,1,0
PAWN_AUDIT_RESULT,2509,5,5,-331,0,0,-331,0,0,0,0,0
PAWN_AUDIT_ENTRY,2510,449847597373536096,1336011162092781911,678145298122330766,17869256279427995915,3177,18446744073709551359,18446744073709551360,18446744073709551359,13,12,5,19,18446744073709534706,18446744073709549337,5,0,0,0,0,1,0,0,0,18446744073709551337,18446744073709551337,2464633,11,5034,0,0,0,9,18446744073709544504,18446744073709551030,18446744073709551030,18446744073709551376,11,1,1,17099945467183773239,3,0,5,11432825531361299415,0,0,1,0
PAWN_AUDIT_RESULT,2510,5,5,-319,0,0,-319,0,0,0,0,0
PAWN_AUDIT_ENTRY,2511,1336011162092781911,2825405231349036785,678145298122330766,17228386801089125772,2220,18446744073709551359,18446744073709551360,18446744073709551359,13,12,6,20,18446744073709538728,18446744073709546357,5,0,0,0,0,1,0,0,0,18446744073709551337,18446744073709551337,2464633,11,5035,0,0,0,10,18446744073709545964,18446744073709551030,174,18446744073709551376,11,1,1,17099945467183773239,3,0,5,11432825531361299415,0,4,1,0
PAWN_AUDIT_RESULT,2511,6,6,-368,0,0,-368,0,0,0,0,0
PAWN_AUDIT_ENTRY,2512,2825405231349036785,9246240619709637026,678145298122330766,6530351675184319266,3112,18446744073709551359,18446744073709551360,18446744073709551359,13,12,5,21,18446744073709534688,18446744073709549335,5,0,0,0,0,1,0,0,0,18446744073709551337,18446744073709551337,2464633,11,5036,0,0,0,9,18446744073709544496,18446744073709551030,18446744073709551030,18446744073709551376,11,1,1,17099945467183773239,3,0,5,11432825531361299415,0,0,1,0
PAWN_AUDIT_RESULT,2512,5,5,-345,0,0,-345,0,0,0,0,0
PAWN_AUDIT_ENTRY,2513,9246240619709637026,5744868877744208942,678145298122330766,13385745513966982237,3749,18446744073709551359,18446744073709551360,18446744073709551359,13,12,5,22,18446744073709536626,18446744073709547132,5,0,0,0,0,1,0,0,0,18446744073709551337,18446744073709551337,2464633,11,5037,0,0,0,11,18446744073709545834,18446744073709550689,18446744073709550440,18446744073709551376,11,1,1,17099945467183773239,3,0,5,11432825531361299415,0,4,1,0
PAWN_AUDIT_RESULT,2513,5,5,-338,0,0,-338,0,0,0,0,0
PAWN_AUDIT_ENTRY,2514,5744868877744208942,9453904463473410782,678145298122330766,3368100302685239674,3763,18446744073709551359,18446744073709551360,18446744073709551359,13,12,5,23,18446744073709536446,18446744073709546870,5,0,0,0,0,1,0,0,0,18446744073709551337,18446744073709551337,2464633,11,5038,0,0,0,11,18446744073709545665,18446744073709550754,18446744073709550553,18446744073709551376,11,1,1,17099945467183773239,3,0,5,11432825531361299415,0,4,1,0
PAWN_AUDIT_RESULT,2514,5,5,-378,0,0,-378,0,0,0,0,0
PAWN_AUDIT_ENTRY,2515,9453904463473410782,1256089472080610030,678145298122330766,13658448008387749408,3827,18446744073709551359,18446744073709551360,18446744073709551359,13,12,5,24,18446744073709536291,18446744073709546870,5,0,0,0,0,1,0,0,0,18446744073709551337,18446744073709551337,2464633,11,5039,0,0,0,13,18446744073709545225,18446744073709551030,18446744073709551030,18446744073709551376,11,1,1,17099945467183773239,3,0,5,11432825531361299415,0,4,1,0
PAWN_AUDIT_RESULT,2515,5,5,-411,0,0,-411,0,0,0,0,0
PAWN_AUDIT_ENTRY,2516,1256089472080610030,861963759836408571,678145298122330766,7512933233917689776,3756,18446744073709551359,18446744073709551360,18446744073709551359,13,12,5,25,18446744073709536268,18446744073709546870,5,0,0,0,0,1,0,0,0,18446744073709551337,18446744073709551337,2464633,11,5040,0,0,0,11,18446744073709545625,18446744073709550724,18446744073709550499,18446744073709551376,11,1,1,17099945467183773239,3,0,5,11432825531361299415,0,4,1,0
PAWN_AUDIT_RESULT,2516,5,5,-357,0,0,-357,0,0,0,0,0
PAWN_AUDIT_ENTRY,2517,861963759836408571,4064425420648370925,678145298122330766,12272930242361685954,2216,18446744073709551359,18446744073709551360,18446744073709551359,13,12,5,26,18446744073709537259,18446744073709546164,5,0,0,0,0,1,0,0,0,18446744073709551337,18446744073709551337,2464633,11,5041,0,0,0,10,18446744073709545665,18446744073709551030,18446744073709551030,18446744073709551376,11,1,1,17099945467183773239,3,0,5,11432825531361299415,0,4,1,0
PAWN_AUDIT_RESULT,2517,5,5,-517,0,0,-517,0,0,0,0,0
PAWN_AUDIT_ENTRY,2518,4064425420648370925,1230302747641588603,678145298122330766,1934278448731346569,3836,18446744073709551359,18446744073709551360,18446744073709551359,13,12,5,27,18446744073709535432,18446744073709547812,5,0,0,0,0,1,0,0,0,18446744073709551337,18446744073709551337,2464633,11,5042,0,0,0,13,18446744073709544834,18446744073709551030,18446744073709551030,18446744073709551376,11,1,1,17099945467183773239,3,0,5,11432825531361299415,0,4,1,0
PAWN_AUDIT_RESULT,2518,5,5,-399,0,0,-399,0,0,0,0,0
PAWN_AUDIT_ENTRY,2519,1230302747641588603,6446451953584038895,678145298122330766,9914961933775447836,3641,18446744073709551359,18446744073709551360,18446744073709551359,13,12,5,30,18446744073709534805,18446744073709547219,5,0,0,0,0,1,0,0,0,18446744073709551337,18446744073709551337,2464633,11,5043,0,0,0,12,18446744073709544549,18446744073709551030,18446744073709551030,18446744073709551376,11,1,1,17099945467183773239,3,0,5,11432825531361299415,0,4,1,0
PAWN_AUDIT_RESULT,2519,5,5,-369,0,0,-369,0,0,0,0,0
PAWN_AUDIT_ENTRY,2520,6446451953584038895,13098233113457733147,678145298122330766,8498185134661651874,3828,18446744073709551359,18446744073709551360,18446744073709551359,13,12,5,31,18446744073709535381,18446744073709547684,5,0,0,0,0,1,0,0,0,18446744073709551337,18446744073709551337,2464633,11,5044,0,0,0,13,18446744073709544811,18446744073709551030,18446744073709551030,18446744073709551376,11,1,1,17099945467183773239,3,0,5,11432825531361299415,0,4,1,0
PAWN_AUDIT_RESULT,2520,5,5,-335,0,0,-335,0,0,0,0,0
PAWN_AUDIT_ENTRY,2521,13098233113457733147,14808868555902018827,678145298122330766,16988671277555332803,3519,18446744073709551359,18446744073709551360,18446744073709551359,13,12,5,32,18446744073709537156,18446744073709545156,5,0,0,0,0,1,0,0,0,18446744073709551337,18446744073709551337,2464633,11,5045,0,0,0,11,18446744073709545074,18446744073709551030,535,18446744073709551376,11,1,1,17099945467183773239,3,0,5,11432825531361299415,0,4,1,0
PAWN_AUDIT_RESULT,2521,5,5,-555,0,0,-555,0,0,0,0,0
PAWN_AUDIT_ENTRY,2534,1504871191794259594,11486295185073835044,5883040990429304481,1831860769012860068,2330,18446744073709551359,18446744073709551360,18446744073709551307,7,6,2,3,18446744073709550340,18446744073709550278,9,0,0,0,0,0,0,0,0,18446744073709551042,18446744073709551042,18446744073708598225,11,5083,0,0,1,10,18446744073709551613,18446744073709551030,18446744073709551030,18446744073709551197,0,1,1,8739252697191440986,0,0,9,5425755927566945677,0,1,1,0
PAWN_AUDIT_RESULT,2534,2,2,-1075,0,0,-1075,0,0,0,0,0
PAWN_AUDIT_ENTRY,2535,11486295185073835044,2874954183681844609,5883040990429304481,9525606324161270122,2334,18446744073709551359,18446744073709551360,18446744073709551307,7,6,1,4,18446744073709550340,18446744073709550278,9,0,0,0,0,0,0,0,0,18446744073709551042,18446744073709551042,18446744073708598225,11,5084,0,0,1,10,18446744073709551613,18446744073709551030,18446744073709551030,18446744073709551197,0,1,1,8739252697191440986,0,0,9,5425755927566945677,0,1,1,0
PAWN_AUDIT_RESULT,2535,1,1,-1049,0,0,-1049,0,0,0,0,0
PAWN_AUDIT_ENTRY,2536,2874954183681844609,15937588528947544618,5883040990429304481,2460041331160498763,2346,18446744073709551359,18446744073709551360,18446744073709551307,7,6,1,5,18446744073709550340,18446744073709550278,9,0,0,0,0,0,0,0,0,18446744073709551042,18446744073709551042,18446744073708598225,11,5085,0,0,1,10,18446744073709551613,18446744073709551030,18446744073709551030,18446744073709551197,0,1,1,8739252697191440986,0,0,9,5425755927566945677,0,1,1,0
PAWN_AUDIT_RESULT,2536,1,1,-983,0,0,-983,0,0,0,0,0
PAWN_AUDIT_ENTRY,2537,15937588528947544618,17291028398211159136,5883040990429304481,12113083415830283493,2355,18446744073709551359,18446744073709551360,18446744073709551307,7,6,1,6,18446744073709550340,18446744073709550278,9,0,0,0,0,0,0,0,0,18446744073709551042,18446744073709551042,18446744073708598225,11,5086,0,0,1,10,18446744073709551613,18446744073709551030,18446744073709551030,18446744073709551197,0,1,1,8739252697191440986,0,0,9,5425755927566945677,0,1,1,0
PAWN_AUDIT_RESULT,2537,1,1,-1079,0,0,-1079,0,0,0,0,0
PAWN_AUDIT_ENTRY,2538,17291028398211159136,8792346919371380061,5883040990429304481,4845400159041682065,2323,18446744073709551359,18446744073709551360,18446744073709551307,7,6,1,7,18446744073709549628,18446744073709550278,9,0,0,0,0,0,0,0,1,18446744073709551042,18446744073709551042,18446744073708598225,11,5087,0,0,1,10,18446744073709551613,18446744073709550788,18446744073709550612,18446744073709551197,0,1,1,8739252697191440986,0,0,9,5425755927566945677,0,1,1,0
PAWN_AUDIT_RESULT,2538,1,1,-560,0,0,-560,0,4,4,0,0
PAWN_AUDIT_ENTRY,2539,8792346919371380061,4206938016404220081,5883040990429304481,15173918216158567635,2195,18446744073709551359,18446744073709551360,18446744073709551307,7,6,1,10,18446744073709545304,18446744073709550278,9,0,0,0,0,0,0,0,1,18446744073709551042,18446744073709551042,18446744073708598225,11,5092,0,0,1,10,18446744073709549647,18446744073709550788,18446744073709550612,18446744073709551197,0,1,1,8739252697191440986,0,0,9,5425755927566945677,0,1,1,0
PAWN_AUDIT_RESULT,2539,1,1,-519,0,0,-519,0,6,6,0,0
PAWN_AUDIT_ENTRY,2542,11907996215679383120,9607079649197564979,17333600679892937682,8339827987689038240,2195,18446744073709551359,18446744073709551360,18446744073709551329,9,8,3,5,18446744073709544123,18446744073709550278,7,0,0,0,0,0,0,0,1,18446744073709550891,18446744073709550891,18446744073709380616,11,5101,0,0,1,10,18446744073709549647,18446744073709550920,18446744073709549369,18446744073709551198,3,1,1,4267154141722777153,0,0,7,13222371733143195370,0,1,1,0
PAWN_AUDIT_RESULT,2542,3,3,-797,0,0,-797,0,1,1,0,0
PAWN_AUDIT_ENTRY,2546,2478873805098929601,14103304141848678001,5507804739986699477,14942929956327571111,2195,18446744073709551359,18446744073709551360,18446744073709551332,11,10,5,4,18446744073709541215,18446744073709550355,5,0,0,0,0,0,0,0,1,18446744073709551121,18446744073709551121,52990,11,5109,0,0,0,10,18446744073709549647,18446744073709549434,18446744073709548176,18446744073709551375,9,1,1,17099945467183773239,3,0,5,15829986164736978316,0,4,1,0
PAWN_AUDIT_RESULT,2546,5,5,-685,0,0,-685,0,0,0,0,0
PAWN_AUDIT_ENTRY,2547,14103304141848678001,10119205592836990445,5507804739986699477,7024795039825094280,2204,18446744073709551359,18446744073709551360,18446744073709551332,11,10,4,6,18446744073709538976,18446744073709548874,5,0,0,0,0,0,0,0,0,18446744073709551121,18446744073709551121,52990,11,5110,0,0,0,10,18446744073709547408,18446744073709550365,18446744073709549732,18446744073709551375,9,1,1,17099945467183773239,3,0,5,15829986164736978316,0,4,1,0
PAWN_AUDIT_RESULT,2547,4,4,-445,0,0,-445,0,0,0,0,0
PAWN_AUDIT_ENTRY,2548,10119205592836990445,16404172542300949964,5507804739986699477,17783750929381366840,3242,18446744073709551359,18446744073709551360,18446744073709551332,11,10,4,7,18446744073709537645,18446744073709549224,5,0,0,0,0,0,0,0,0,18446744073709551121,18446744073709551121,52990,11,5111,0,0,0,9,18446744073709545178,739,18446744073709551030,18446744073709551375,9,1,1,17099945467183773239,3,0,5,15829986164736978316,0,0,1,0
PAWN_AUDIT_RESULT,2548,4,4,-342,0,0,-342,0,0,0,0,0
PAWN_AUDIT_ENTRY,2549,16404172542300949964,14595733501275904713,5507804739986699477,11835519088911666117,3104,18446744073709551359,18446744073709551360,18446744073709551332,11,10,3,8,18446744073709534712,18446744073709549475,5,0,0,0,0,0,0,0,0,18446744073709551121,18446744073709551121,52990,11,5112,0,0,0,9,18446744073709544507,18446744073709551030,18446744073709551030,18446744073709551375,9,1,1,17099945467183773239,3,0,5,15829986164736978316,0,0,1,0
PAWN_AUDIT_RESULT,2549,3,3,-375,0,0,-375,0,0,0,0,0
PAWN_AUDIT_ENTRY,2559,16149400151472279110,6597592089541889136,14553344460901115851,3667961572671413748,3964,18446744073709551359,18446744073709551360,18446744073709551263,7,6,3,2,18446744073709547548,2113,5,0,0,0,0,0,0,0,0,18446744073709551172,18446744073709551172,18446744073706569789,11,5129,0,0,0,12,318,18446744073709547849,18446744073709551030,18446744073709551353,3,1,1,17805299352061756694,1,0,5,5485083535670843196,0,2,1,0
PAWN_AUDIT_RESULT,2559,3,3,-318,0,0,-318,0,0,0,0,0
PAWN_AUDIT_ENTRY,2564,3454990916791468520,14436114147188384686,14553344460901115851,11025623391894294095,3817,18446744073709551359,18446744073709551360,18446744073709551331,7,6,2,4,18446744073709546142,18446744073709549036,5,0,0,0,0,0,0,0,0,18446744073709551172,18446744073709551172,18446744073706569789,11,5139,0,0,0,13,18446744073709549704,18446744073709551030,18446744073709551030,18446744073709551353,3,1,1,17805299352061756694,1,0,5,5485083535670843196,0,2,1,0
PAWN_AUDIT_RESULT,2564,2,2,-400,0,0,-400,0,0,0,0,0
PAWN_AUDIT_ENTRY,2565,14436114147188384686,5164693513011589060,14553344460901115851,3127293124776609601,2722,18446744073709551359,18446744073709551360,18446744073709551331,7,6,2,5,18446744073709544714,18446744073709550278,5,0,0,0,0,0,0,0,0,18446744073709551172,18446744073709551172,18446744073706569789,11,5140,0,0,0,9,18446744073709549055,18446744073709551030,18446744073709551030,18446744073709551353,3,1,1,17805299352061756694,1,0,5,5485083535670843196,0,0,1,0
PAWN_AUDIT_RESULT,2565,2,2,-637,0,0,-637,0,0,0,0,0
PAWN_AUDIT_ENTRY,2566,5164693513011589060,4985488813599872731,14553344460901115851,16493711574843078038,1826,18446744073709551359,18446744073709551360,18446744073709551331,7,6,2,6,18446744073709546126,762,5,0,0,0,0,0,0,0,0,18446744073709551172,18446744073709551172,18446744073706569789,11,5141,0,0,0,10,18446744073709548286,2236,18446744073709551030,18446744073709551353,3,1,1,17805299352061756694,1,0,5,5485083535670843196,0,2,1,0
PAWN_AUDIT_RESULT,2566,2,2,-292,0,0,-292,0,0,0,0,0
PAWN_AUDIT_ENTRY,2567,4985488813599872731,6520017175360513429,14553344460901115851,4778273190998372887,3826,18446744073709551359,18446744073709551360,18446744073709551331,7,6,1,7,18446744073709545200,18446744073709548874,5,0,0,0,0,0,0,0,0,18446744073709551172,18446744073709551172,18446744073706569789,11,5142,0,0,0,13,18446744073709549276,18446744073709551030,18446744073709551030,18446744073709551353,3,1,1,17805299352061756694,1,0,5,5485083535670843196,0,2,1,0
PAWN_AUDIT_RESULT,2567,1,1,-435,0,0,-435,0,0,0,0,0
PAWN_AUDIT_ENTRY,2568,6520017175360513429,17590677189954030305,14553344460901115851,9962441396619788208,3808,18446744073709551359,18446744073709551360,18446744073709551331,7,6,1,8,18446744073709544714,18446744073709548874,5,0,0,0,0,0,0,0,0,18446744073709551172,18446744073709551172,18446744073706569789,11,5143,0,0,0,13,18446744073709549055,18446744073709551030,18446744073709551030,18446744073709551353,3,1,1,17805299352061756694,1,0,5,5485083535670843196,0,2,1,0
PAWN_AUDIT_RESULT,2568,1,1,-467,0,0,-467,0,0,0,0,0
PAWN_AUDIT_ENTRY,2646,7020216200116338725,16611705238337248457,7828889774508138494,9208158124169396883,1218,18446744073709551359,18446744073709551360,18446744073709551330,7,6,1,4,18446744073709550340,18446744073709550278,11,0,0,0,0,0,0,0,1,18446744073709550914,18446744073709550914,18446744073709380616,11,5296,0,0,0,10,18446744073709551613,18446744073709551030,18446744073709551030,18446744073709551376,9,1,1,18411444946018928718,2,0,11,14986622961207130122,0,3,1,0
PAWN_AUDIT_RESULT,2646,1,1,-257,0,0,-257,0,5,5,0,0
PAWN_AUDIT_ENTRY,2647,16611705238337248457,11571375641108321948,7828889774508138494,4084434854699176729,3742,18446744073709551359,18446744073709551360,18446744073709551359,7,6,1,6,18446744073709545278,18446744073709548874,11,0,0,0,0,0,0,0,1,18446744073709550914,18446744073709550914,18446744073709380616,11,5302,0,0,0,11,18446744073709549635,18446744073709550788,18446744073709550612,18446744073709551376,9,1,1,18411444946018928718,2,0,11,14986622961207130122,0,3,1,0
PAWN_AUDIT_RESULT,2647,1,1,-522,0,0,-522,0,0,0,0,0
PAWN_AUDIT_ENTRY,2649,7381962693461699486,16531626782552084535,5533651305447993976,4699644760576743592,3795,18446744073709551359,18446744073709551360,18446744073709551359,12,11,6,3,18446744073709549445,18446744073709549875,9,0,0,0,0,0,0,0,0,18446744073709551100,18446744073709551100,18446744073709380616,11,5304,0,0,1,13,18446744073709551206,18446744073709551030,18446744073709551030,18446744073709551376,11,1,1,18411444946018928718,0,0,9,2396680006602531183,0,1,1,0
PAWN_AUDIT_RESULT,2649,6,6,-383,0,0,-383,0,0,0,0,0
PAWN_AUDIT_ENTRY,2650,16531626782552084535,7360000527254427113,5533651305447993976,1783536032037600927,3742,18446744073709551359,18446744073709551360,18446744073709551359,12,11,6,4,18446744073709549880,18446744073709548874,9,0,0,0,0,0,0,0,0,18446744073709551100,18446744073709551100,18446744073709380616,11,5305,0,0,1,11,18446744073709549635,18446744073709550920,3172,18446744073709551376,11,1,1,18411444946018928718,0,0,9,2396680006602531183,0,1,1,0
PAWN_AUDIT_RESULT,2650,6,6,-467,0,0,-467,0,0,0,0,0
PAWN_AUDIT_ENTRY,2653,18227914794603267817,8067718037647445463,5533651305447993976,15950187845725451532,3941,18446744073709551359,18446744073709551360,18446744073709551359,12,11,4,8,18446744073709540448,18446744073709548874,9,0,0,0,0,0,0,0,0,18446744073709551100,18446744073709551100,18446744073709380616,11,5315,0,0,1,12,18446744073709547115,18446744073709551030,18446744073709551030,18446744073709551376,11,1,1,18411444946018928718,0,0,9,2396680006602531183,0,1,1,0
PAWN_AUDIT_RESULT,2653,4,4,-548,0,0,-548,0,0,0,0,0
PAWN_AUDIT_ENTRY,2654,8067718037647445463,9582563184584929540,5533651305447993976,13248341852231206983,3964,18446744073709551359,18446744073709551360,18446744073709551359,12,11,4,9,18446744073709545971,18446744073709547758,9,0,0,0,0,0,0,0,0,18446744073709551100,18446744073709551100,18446744073709380616,11,5316,0,0,1,12,205,18446744073709551030,18446744073709546508,18446744073709551376,11,1,1,18411444946018928718,0,0,9,2396680006602531183,0,1,1,0
PAWN_AUDIT_RESULT,2654,4,4,-707,0,0,-707,0,0,0,0,0
PAWN_AUDIT_ENTRY,2655,9582563184584929540,4415455302232907338,5533651305447993976,10837469805394298887,3811,18446744073709551359,18446744073709551360,18446744073709551359,12,11,4,10,18446744073709544714,18446744073709547758,9,0,0,0,0,0,0,0,0,18446744073709551100,18446744073709551100,18446744073709380616,11,5317,0,0,1,13,18446744073709549055,18446744073709551030,18446744073709551030,18446744073709551376,11,1,1,18411444946018928718,0,0,9,2396680006602531183,0,1,1,0
PAWN_AUDIT_RESULT,2655,4,4,-566,0,0,-566,0,0,0,0,0
PAWN_AUDIT_ENTRY,2656,4415455302232907338,1416859756489088157,5533651305447993976,17755527906874399381,3242,18446744073709551359,18446744073709551360,18446744073709551359,12,11,3,11,18446744073709538695,18446744073709550278,9,0,0,0,0,0,0,0,0,18446744073709551100,18446744073709551100,18446744073709380616,11,5318,0,0,1,9,18446744073709546318,18446744073709551030,18446744073709551030,18446744073709551376,11,1,1,18411444946018928718,0,0,9,2396680006602531183,0,0,1,0
PAWN_AUDIT_RESULT,2656,3,3,-661,0,0,-661,0,0,0,0,0
PAWN_AUDIT_ENTRY,2657,1416859756489088157,3500004275824529371,5533651305447993976,8459393630590134472,3966,18446744073709551359,18446744073709551360,18446744073709551359,12,11,3,13,18446744073709541092,18446744073709548874,9,0,0,0,0,0,0,0,0,18446744073709551100,18446744073709551100,18446744073709380616,11,5319,0,0,1,12,18446744073709547408,18446744073709551030,18446744073709551030,18446744073709551376,11,1,1,18411444946018928718,0,0,9,2396680006602531183,0,1,1,0
PAWN_AUDIT_RESULT,2657,3,3,-652,0,0,-652,0,0,0,0,0
PAWN_AUDIT_ENTRY,2658,3500004275824529371,309762555532068719,5533651305447993976,11022036137497215035,4094,18446744073709551359,18446744073709551360,18446744073709551359,12,11,3,14,18446744073709541092,18446744073709548874,9,0,0,0,0,0,0,0,0,18446744073709551100,18446744073709551100,18446744073709380616,11,5320,0,0,1,14,18446744073709547408,18446744073709551030,18446744073709551030,18446744073709551376,11,1,1,18411444946018928718,0,0,9,2396680006602531183,0,1,1,0
PAWN_AUDIT_RESULT,2658,3,3,-514,0,0,-514,0,0,0,0,0
PAWN_AUDIT_ENTRY,2659,309762555532068719,6015492669961172113,5533651305447993976,3480619917684190548,3828,18446744073709551359,18446744073709551360,18446744073709551359,12,11,3,15,18446744073709537354,18446744073709550278,9,0,0,0,0,0,0,0,0,18446744073709551100,18446744073709551100,18446744073709380616,11,5321,0,0,1,13,18446744073709545708,18446744073709551030,18446744073709551030,18446744073709551376,11,1,1,18411444946018928718,0,0,9,2396680006602531183,0,1,1,0
PAWN_AUDIT_RESULT,2659,3,3,-711,0,0,-711,0,0,0,0,0
PAWN_AUDIT_ENTRY,2660,6015492669961172113,4289822247657938624,5533651305447993976,9606972383104134512,2200,18446744073709551359,18446744073709551360,18446744073709551359,12,11,3,16,18446744073709539489,18446744073709548874,9,0,0,0,0,0,0,0,0,18446744073709551100,18446744073709551100,18446744073709380616,11,5322,0,0,1,10,18446744073709546679,18446744073709551030,18446744073709551030,18446744073709551376,11,1,1,18411444946018928718,0,0,9,2396680006602531183,0,1,1,0
PAWN_AUDIT_RESULT,2660,3,3,-846,0,0,-846,0,0,0,0,0
PAWN_AUDIT_ENTRY,2661,4289822247657938624,1116312453637953832,5533651305447993976,18185961470858343595,3749,18446744073709551359,18446744073709551360,18446744073709551359,12,11,2,17,18446744073709536392,18446744073709550278,9,0,0,0,0,0,0,0,0,18446744073709551100,18446744073709551100,18446744073709380616,11,5323,0,0,1,11,18446744073709545557,18446744073709551030,18446744073709550440,18446744073709551376,11,1,1,18411444946018928718,0,0,9,2396680006602531183,0,1,1,0
PAWN_AUDIT_RESULT,2661,2,2,-260,0,0,-260,0,2,2,0,0
PAWN_AUDIT_ENTRY,2662,1116312453637953832,15572021891806809773,5533651305447993976,17883430304071517910,3827,18446744073709551359,18446744073709551360,18446744073709551359,12,11,1,20,18446744073709535946,18446744073709550278,9,0,0,0,0,0,0,0,0,18446744073709551100,18446744073709551100,18446744073709380616,11,5326,0,0,1,13,18446744073709545068,18446744073709551030,18446744073709551030,18446744073709551376,11,1,1,18411444946018928718,0,0,9,2396680006602531183,0,1,1,0
PAWN_AUDIT_RESULT,2662,1,1,-612,0,0,-612,0,0,0,0,0
PAWN_AUDIT_ENTRY,2670,15570900735674092840,15755466171848698418,9062749711894181944,18371606188263862858,2195,18446744073709551359,18446744073709551360,18446744073709551350,8,7,4,2,18446744073709541931,18446744073709550429,11,0,0,0,0,0,0,0,1,18446744073709551205,18446744073709551205,10023906,11,5368,0,0,0,10,18446744073709549704,18446744073709549959,18446744073709548188,18446744073709551361,7,1,1,2424089264554450642,4,0,11,13756316019399166280,0,5,1,0
PAWN_AUDIT_RESULT,2670,4,4,-277,0,0,-277,0,16,16,0,0
PAWN_AUDIT_ENTRY,2676,17698982984704639191,9126140432397520767,9062749711894181944,17448123708352588646,2407,18446744073709551359,18446744073709551360,18446744073709551350,8,7,2,4,18446744073709543967,18446744073709549652,11,0,0,0,0,0,0,0,0,18446744073709551205,18446744073709551205,10023906,11,5385,0,0,0,12,18446744073709548715,18446744073709551030,18446744073709551030,18446744073709551361,7,1,1,2424089264554450642,4,0,11,13756316019399166280,0,5,1,0
PAWN_AUDIT_RESULT,2676,2,2,-438,0,0,-438,0,0,0,0,0
PAWN_AUDIT_ENTRY,2680,13317312909922108248,13396884109283825031,9062749711894181944,11377418712181015119,3837,18446744073709551359,18446744073709551360,18446744073709551350,8,7,1,11,18446744073709541092,18446744073709548874,11,0,0,0,0,0,0,0,0,18446744073709551205,18446744073709551205,10023906,11,5389,0,0,0,13,18446744073709547408,18446744073709551030,18446744073709551030,18446744073709551361,7,1,1,2424089264554450642,4,0,11,13756316019399166280,0,5,1,0
PAWN_AUDIT_RESULT,2680,1,1,-403,0,0,-403,0,0,0,0,0
PAWN_AUDIT_ENTRY,2681,13396884109283825031,11765374963200474454,9062749711894181944,3527531462624365704,2421,18446744073709551359,18446744073709551360,18446744073709551350,8,7,2,12,18446744073709544714,18446744073709546870,11,0,0,0,0,0,0,0,0,18446744073709551205,18446744073709551205,10023906,11,5390,0,0,0,12,18446744073709549055,18446744073709551030,18446744073709551030,18446744073709551361,7,1,1,2424089264554450642,4,0,11,13756316019399166280,0,5,1,0
PAWN_AUDIT_RESULT,2681,2,2,-519,0,0,-519,0,0,0,0,0
PAWN_AUDIT_ENTRY,2682,11765374963200474454,5298061956415489437,9062749711894181944,17029327371944378188,2429,18446744073709551359,18446744073709551360,18446744073709551350,8,7,1,13,18446744073709542704,18446744073709547758,11,0,0,0,0,0,0,0,0,18446744073709551205,18446744073709551205,10023906,11,5391,0,0,0,12,18446744073709548141,18446744073709551030,18446744073709551030,18446744073709551361,7,1,1,2424089264554450642,4,0,11,13756316019399166280,0,5,1,0
PAWN_AUDIT_RESULT,2682,1,1,-547,0,0,-547,0,0,0,0,0
PAWN_AUDIT_ENTRY,2683,5298061956415489437,10756859042673268860,9062749711894181944,10490681705072888792,3838,18446744073709551359,18446744073709551360,18446744073709551350,8,7,1,14,18446744073709542704,18446744073709547758,11,0,0,0,0,0,0,0,0,18446744073709551205,18446744073709551205,10023906,11,5392,0,0,0,13,18446744073709548141,18446744073709551030,18446744073709551030,18446744073709551361,7,1,1,2424089264554450642,4,0,11,13756316019399166280,0,5,1,0
PAWN_AUDIT_RESULT,2683,1,1,-443,0,0,-443,0,0,0,0,0
PAWN_AUDIT_ENTRY,2698,10494639975710159094,8703004226296357938,5284661439604102505,8140349444103262169,3966,18446744073709551359,18446744073709551360,18446744073709551359,12,11,9,7,18446744073709539799,18446744073709548874,7,0,0,0,0,1,0,0,0,18446744073709551376,18446744073709551407,1805909,11,5418,0,0,1,12,18446744073709546820,18446744073709551030,18446744073709551030,18446744073709551376,13,1,1,2424089264554450642,0,0,7,11515076970747548246,0,1,1,0
PAWN_AUDIT_RESULT,2698,9,9,-432,0,0,-432,0,0,0,0,0
PAWN_AUDIT_ENTRY,2699,8703004226296357938,12514869391136150178,5284661439604102505,17579193741319388548,3242,18446744073709551359,18446744073709551360,18446744073709551359,12,11,9,8,18446744073709537875,18446744073709550278,7,0,0,0,0,1,0,0,0,18446744073709551376,18446744073709551407,1805909,11,5419,0,0,1,9,18446744073709545945,18446744073709551030,18446744073709551030,18446744073709551376,13,1,1,2424089264554450642,0,0,7,11515076970747548246,0,0,1,0
PAWN_AUDIT_RESULT,2699,9,9,-832,0,0,-832,0,1,1,0,0
PAWN_AUDIT_ENTRY,2700,12514869391136150178,4209992416268107476,5284661439604102505,15539916593116734876,3559,18446744073709551359,18446744073709551360,18446744073709551359,12,11,8,10,18446744073709535946,18446744073709550278,7,0,0,0,0,1,0,0,0,18446744073709551376,18446744073709551407,1805909,11,5421,0,0,1,9,18446744073709545068,18446744073709551030,18446744073709551030,18446744073709551376,13,1,1,2424089264554450642,0,0,7,11515076970747548246,0,0,1,0
PAWN_AUDIT_RESULT,2700,8,8,-411,0,0,-411,0,0,0,0,0
PAWN_AUDIT_ENTRY,2701,4209992416268107476,4234037277396693913,5284661439604102505,11343365038155917098,4094,18446744073709551359,18446744073709551360,18446744073709551359,12,11,9,11,18446744073709539799,18446744073709547758,7,0,0,0,0,1,0,0,0,18446744073709551376,18446744073709551407,1805909,11,5422,0,0,1,14,18446744073709546820,18446744073709551030,18446744073709551030,18446744073709551376,13,1,1,2424089264554450642,0,0,7,11515076970747548246,0,1,1,0
PAWN_AUDIT_RESULT,2701,9,9,-259,0,0,-259,0,3,3,0,0
PAWN_AUDIT_ENTRY,2703,18143541829396386993,9934643732004351339,5284661439604102505,11635455673591884409,3104,18446744073709551359,18446744073709551360,18446744073709551359,12,11,7,13,18446744073709534662,18446744073709550278,7,0,0,0,0,1,0,0,0,18446744073709551376,18446744073709551407,1805909,11,5426,0,0,1,9,18446744073709544484,18446744073709551030,18446744073709551030,18446744073709551376,13,1,1,2424089264554450642,0,0,7,11515076970747548246,0,0,1,0
PAWN_AUDIT_RESULT,2703,7,7,-344,0,0,-344,0,0,0,0,0
PAWN_AUDIT_ENTRY,2704,9934643732004351339,16311087938060148400,5284661439604102505,8347535734905474469,3169,18446744073709551359,18446744073709551360,18446744073709551359,12,11,7,14,18446744073709534710,18446744073709550278,7,0,0,0,0,1,0,0,0,18446744073709551376,18446744073709551407,1805909,11,5427,0,0,1,9,18446744073709544506,18446744073709551030,18446744073709551030,18446744073709551376,13,1,1,2424089264554450642,0,0,7,11515076970747548246,0,0,1,0
PAWN_AUDIT_RESULT,2704,7,7,-469,0,0,-469,0,0,0,0,0
PAWN_AUDIT_ENTRY,2705,16311087938060148400,3025634286083427012,5284661439604102505,12795089502533764802,3234,18446744073709551359,18446744073709551360,18446744073709551359,12,11,7,15,18446744073709534679,18446744073709550278,7,0,0,0,0,1,0,0,0,18446744073709551376,18446744073709551407,1805909,11,5428,0,0,1,9,18446744073709544492,18446744073709551030,18446744073709551030,18446744073709551376,13,1,1,2424089264554450642,0,0,7,11515076970747548246,0,0,1,0
PAWN_AUDIT_RESULT,2705,7,7,-454,0,0,-454,0,0,0,0,0
PAWN_AUDIT_ENTRY,2706,3025634286083427012,17620622131594828015,5284661439604102505,7601569980557584629,2982,18446744073709551359,18446744073709551360,18446744073709551359,12,11,7,16,18446744073709534649,18446744073709550278,7,0,0,0,0,1,0,0,0,18446744073709551376,18446744073709551407,1805909,11,5429,0,0,1,9,18446744073709544478,18446744073709551030,18446744073709551030,18446744073709551376,13,1,1,2424089264554450642,0,0,7,11515076970747548246,0,0,1,0
PAWN_AUDIT_RESULT,2706,7,7,-500,0,0,-500,0,0,0,0,0
PAWN_AUDIT_ENTRY,2707,17620622131594828015,5462590927266763365,5284661439604102505,13241704351012560620,3177,18446744073709551359,18446744073709551360,18446744073709551359,12,11,7,17,18446744073709534633,18446744073709550278,7,0,0,0,0,1,0,0,0,18446744073709551376,18446744073709551407,1805909,11,5430,0,0,1,9,18446744073709544471,18446744073709551030,18446744073709551030,18446744073709551376,13,1,1,2424089264554450642,0,0,7,11515076970747548246,0,0,1,0
PAWN_AUDIT_RESULT,2707,7,7,-451,0,0,-451,0,0,0,0,0
PAWN_AUDIT_ENTRY,2708,5462590927266763365,10182884446716807667,5284661439604102505,1918491822638582981,3112,18446744073709551359,18446744073709551360,18446744073709551359,12,11,7,18,18446744073709534620,18446744073709550278,7,0,0,0,0,1,0,0,0,18446744073709551376,18446744073709551407,1805909,11,5431,0,0,1,9,18446744073709544465,18446744073709551030,18446744073709551030,18446744073709551376,13,1,1,2424089264554450642,0,0,7,11515076970747548246,0,0,1,0
PAWN_AUDIT_RESULT,2708,7,7,-382,0,0,-382,0,0,0,0,0
PAWN_AUDIT_ENTRY,2709,10182884446716807667,7139778897755265445,5284661439604102505,6550575929636360558,3836,18446744073709551359,18446744073709551360,18446744073709551359,12,11,7,19,18446744073709535075,18446744073709549853,7,0,0,0,0,1,0,0,0,18446744073709551376,18446744073709551407,1805909,11,5432,0,0,1,13,18446744073709544672,18446744073709551030,18446744073709551030,18446744073709551376,13,1,1,2424089264554450642,0,0,7,11515076970747548246,0,1,1,0
PAWN_AUDIT_RESULT,2709,7,7,-277,0,0,-277,0,7,7,0,0
PAWN_AUDIT_ENTRY,2712,4367492179139170915,7620304774020631179,5284661439604102505,3877665528808147525,3828,18446744073709551359,18446744073709551360,18446744073709551359,12,11,7,20,18446744073709536799,18446744073709549179,7,0,0,0,0,1,0,0,0,18446744073709551376,18446744073709551407,1805909,11,5440,0,0,1,13,18446744073709545456,18446744073709551030,18446744073709551030,18446744073709551376,13,1,1,2424089264554450642,0,0,7,11515076970747548246,0,1,1,0
PAWN_AUDIT_RESULT,2712,7,7,-426,0,0,-426,0,0,0,0,0
PAWN_AUDIT_ENTRY,2713,7620304774020631179,6845083694350078021,5284661439604102505,1473201757019328797,3321,18446744073709551359,18446744073709551360,18446744073709551359,12,11,7,21,18446744073709534849,18446744073709548874,7,0,0,0,0,1,0,0,0,18446744073709551376,18446744073709551407,1805909,11,5441,0,0,1,10,18446744073709544569,18446744073709551030,18446744073709551030,18446744073709551376,13,1,1,2424089264554450642,0,0,7,11515076970747548246,0,1,1,0
PAWN_AUDIT_RESULT,2713,7,7,-515,0,0,-515,0,0,0,0,0
PAWN_AUDIT_ENTRY,2714,6845083694350078021,9013869386369916857,5284661439604102505,7275462700852225312,3305,18446744073709551359,18446744073709551360,18446744073709551359,12,11,7,22,18446744073709534794,18446744073709548874,7,0,0,0,0,1,0,0,0,18446744073709551376,18446744073709551407,1805909,11,5442,0,0,1,10,18446744073709544544,18446744073709551030,18446744073709551030,18446744073709551376,13,1,1,2424089264554450642,0,0,7,11515076970747548246,0,1,1,0
PAWN_AUDIT_RESULT,2714,7,7,-409,0,0,-409,0,0,0,0,0
PAWN_AUDIT_ENTRY,2715,9013869386369916857,12683480836913475517,5284661439604102505,14530485153447600379,3641,18446744073709551359,18446744073709551360,18446744073709551359,12,11,7,23,18446744073709534712,18446744073709548874,7,0,0,0,0,1,0,0,0,18446744073709551376,18446744073709551407,1805909,11,5443,0,0,1,12,18446744073709544507,18446744073709551030,18446744073709551030,18446744073709551376,13,1,1,2424089264554450642,0,0,7,11515076970747548246,0,1,1,0
PAWN_AUDIT_RESULT,2715,7,7,-368,0,0,-368,0,0,0,0,0
PAWN_AUDIT_ENTRY,2716,12683480836913475517,6367269021892927267,5284661439604102505,3820142208533478753,3957,18446744073709551359,18446744073709551360,18446744073709551359,12,11,8,24,18446744073709542830,18446744073709546870,7,0,0,0,0,1,0,0,0,18446744073709551376,18446744073709551407,1805909,11,5444,0,0,1,12,18446744073709548198,18446744073709551030,18446744073709551030,18446744073709551376,13,1,1,2424089264554450642,0,0,7,11515076970747548246,0,1,1,0
PAWN_AUDIT_RESULT,2716,8,8,-459,0,0,-459,0,0,0,0,0
PAWN_AUDIT_ENTRY,2778,13822861762226589824,663674255767726859,11949975208888671560,2803072433893185338,2195,18446744073709551336,18446744073709551337,18446744073709551220,6,5,1,8,18446744073709543829,18446744073709550278,15,0,0,0,0,0,0,0,1,18446744073709550153,18446744073709550153,18446744073708615969,11,5561,0,0,0,10,18446744073709549704,18446744073709548927,18446744073709551030,18446744073709551240,0,1,1,12623835902163763756,1,0,15,411112491211878710,0,2,1,0
PAWN_AUDIT_RESULT,2778,1,1,-893,0,0,-893,0,1,1,0,0
PAWN_AUDIT_ENTRY,2800,15835593081790568214,9485241048284037592,10779809997822545406,16495630830848490975,2412,18446744073709551336,18446744073709551337,18446744073709551257,6,5,2,3,18446744073709550340,18446744073709546870,9,0,0,0,0,0,0,0,0,18446744073709551057,18446744073709551057,18446744073705934177,11,5606,0,0,0,11,18446744073709551613,18446744073709551030,18446744073709551030,18446744073709551298,2,1,1,17099945467183773239,7,0,9,14355893861670854293,0,8,1,0
PAWN_AUDIT_RESULT,2800,2,2,-523,0,0,-523,0,0,0,0,0
PAWN_AUDIT_ENTRY,2802,7177897015845458394,9918614604548032831,10779809997822545406,1633048207263451020,2195,18446744073709551336,18446744073709551337,18446744073709551257,6,5,1,10,18446744073709545792,18446744073709550355,9,0,0,0,0,0,0,0,1,18446744073709551057,18446744073709551057,18446744073705934177,11,5608,0,0,0,10,18446744073709549704,18446744073709550712,18446744073709551030,18446744073709551298,2,1,1,17099945467183773239,7,0,9,14355893861670854293,0,8,1,0
PAWN_AUDIT_RESULT,2802,1,1,-1327,0,0,-1327,0,1,1,0,0
PAWN_AUDIT_ENTRY,2832,6802572109690186809,5315372175953472029,2911170674627247942,6468315288810605199,268,279,280,267,9,8,1,2,18446744073709548010,18446744073709550638,14,0,1,0,0,0,0,0,0,268,268,18446744073709365275,11,5682,0,0,0,6,18446744073709550424,18446744073709551289,18446744073709551030,32002,18446744073709551614,0,1,8739252697191440986,1,0,14,1411320089173543553,0,2,1,0
PAWN_AUDIT_RESULT,2832,1,1,237,0,0,237,0,0,0,0,0
PAWN_AUDIT_ENTRY,2833,5315372175953472029,7233706132406929209,2911170674627247942,7164690296796806934,1380,279,280,267,9,8,1,3,18446744073709550340,18446744073709550278,14,0,1,0,0,0,0,0,0,268,268,18446744073709365275,11,5683,0,0,0,2,18446744073709551613,18446744073709551030,18446744073709551030,32002,18446744073709551614,0,1,8739252697191440986,1,0,14,1411320089173543553,0,2,1,0
PAWN_AUDIT_RESULT,2833,1,1,101,0,0,101,0,0,0,0,0
PAWN_AUDIT_ENTRY,2835,7400951060500443231,13824427574139706507,2911170674627247942,13673284498292781954,192,279,280,267,9,8,1,5,18446744073709547160,18446744073709548851,14,0,1,0,0,0,0,0,0,268,268,18446744073709365275,11,5685,0,0,0,4,18446744073709550167,18446744073709551030,18446744073709551030,32002,18446744073709551614,0,1,8739252697191440986,1,0,14,1411320089173543553,0,2,1,0
PAWN_AUDIT_RESULT,2835,1,1,199,0,0,199,0,0,0,0,0
PAWN_AUDIT_ENTRY,2836,13824427574139706507,1922385171421796508,2911170674627247942,17137096052647729555,1811,279,280,267,9,8,1,7,18446744073709544165,18446744073709549629,14,0,1,0,0,0,0,0,0,268,268,18446744073709365275,11,5686,0,0,0,3,18446744073709548805,18446744073709551030,18446744073709551030,32002,18446744073709551614,0,1,8739252697191440986,1,0,14,1411320089173543553,0,2,1,0
PAWN_AUDIT_RESULT,2836,1,1,272,0,0,272,0,0,0,0,0
PAWN_AUDIT_ENTRY,2837,1922385171421796508,13368780690941864005,2911170674627247942,7823809128532074555,1827,279,280,272,9,8,1,8,18446744073709542412,18446744073709550278,14,0,1,0,0,0,0,0,0,268,268,18446744073709365275,11,5687,0,0,0,3,18446744073709548008,18446744073709551030,18446744073709551030,32002,18446744073709551614,0,1,8739252697191440986,1,0,14,1411320089173543553,0,2,1,0
PAWN_AUDIT_RESULT,2837,1,1,275,0,0,275,0,0,0,0,0
PAWN_AUDIT_ENTRY,2838,13368780690941864005,3677445229403887252,2911170674627247942,13971485871759960822,211,279,280,275,9,8,1,9,18446744073709540545,18446744073709549440,14,0,1,0,0,0,0,0,0,268,268,18446744073709365275,11,5688,0,0,0,4,18446744073709547159,18446744073709551030,18446744073709551030,32002,18446744073709551614,0,1,8739252697191440986,1,0,14,1411320089173543553,0,2,1,0
PAWN_AUDIT_RESULT,2838,1,1,155,0,0,155,0,0,0,0,0
PAWN_AUDIT_ENTRY,2839,3677445229403887252,9463659705684344045,2911170674627247942,8872143148972562314,193,279,280,275,9,8,1,10,18446744073709540556,18446744073709549560,14,0,1,0,0,0,0,0,0,268,268,18446744073709365275,11,5689,0,0,0,4,18446744073709547164,18446744073709551030,18446744073709551030,32002,18446744073709551614,0,1,8739252697191440986,1,0,14,1411320089173543553,0,2,1,0
PAWN_AUDIT_RESULT,2839,1,1,199,0,0,199,0,0,0,0,0
PAWN_AUDIT_ENTRY,2842,7293038553408975483,2085357827047633887,2911170674627247942,10240519737834595087,495,279,280,275,9,8,1,14,18446744073709539799,18446744073709550278,14,0,1,0,0,0,0,0,0,268,268,18446744073709365275,11,5694,0,0,0,4,18446744073709546820,18446744073709551030,18446744073709551030,32002,18446744073709551614,0,1,8739252697191440986,1,0,14,1411320089173543553,0,2,1,0
PAWN_AUDIT_RESULT,2842,1,1,148,0,0,148,0,0,0,0,0
PAWN_AUDIT_ENTRY,2843,2085357827047633887,3762609846549764347,2911170674627247942,3471589342049321936,261,279,280,275,9,8,1,15,18446744073709539786,18446744073709550278,14,0,1,0,0,0,0,0,0,268,268,18446744073709365275,11,5695,0,0,0,6,18446744073709546814,18446744073709551030,18446744073709551030,32002,18446744073709551614,0,1,8739252697191440986,1,0,14,1411320089173543553,0,2,1,0
PAWN_AUDIT_RESULT,2843,1,1,184,0,0,184,0,0,0,0,0
PAWN_AUDIT_ENTRY,2844,3762609846549764347,4800296253523795287,2911170674627247942,2764489844238520341,1350,279,280,275,9,8,1,16,18446744073709538297,18446744073709550278,14,0,1,0,0,0,0,0,0,268,268,18446744073709365275,11,5696,0,0,0,2,18446744073709546137,18446744073709551030,18446744073709551030,32002,18446744073709551614,0,1,8739252697191440986,1,0,14,1411320089173543553,0,2,1,0
PAWN_AUDIT_RESULT,2844,1,1,192,0,0,192,0,0,0,0,0
PAWN_AUDIT_ENTRY,2845,4800296253523795287,13490571480846929340,2911170674627247942,2433453549547287230,1793,279,280,275,9,8,1,17,18446744073709542638,18446744073709548880,14,0,1,0,0,0,0,0,0,268,268,18446744073709365275,11,5697,0,0,0,3,18446744073709548264,18446744073709550724,18446744073709551030,32002,18446744073709551614,0,1,8739252697191440986,1,0,14,1411320089173543553,0,2,1,0
PAWN_AUDIT_RESULT,2845,1,1,248,0,0,248,0,0,0,0,0
PAWN_AUDIT_ENTRY,2846,13490571480846929340,1851653044908257925,2911170674627247942,12933311400332207356,1371,279,280,275,9,8,1,18,18446744073709538042,18446744073709550278,14,0,1,0,0,0,0,0,0,268,268,18446744073709365275,11,5698,0,0,0,2,18446744073709546021,18446744073709551030,18446744073709551030,32002,18446744073709551614,0,1,8739252697191440986,1,0,14,1411320089173543553,0,2,1,0
PAWN_AUDIT_RESULT,2846,1,1,229,0,0,229,0,0,0,0,0
PAWN_AUDIT_ENTRY,2847,1851653044908257925,8153389793541216620,2911170674627247942,14813289348635270200,1375,279,280,275,9,8,1,19,18446744073709538020,18446744073709550278,14,0,1,0,0,0,0,0,0,268,268,18446744073709365275,11,5699,0,0,0,2,18446744073709546011,18446744073709551030,18446744073709551030,32002,18446744073709551614,0,1,8739252697191440986,1,0,14,1411320089173543553,0,2,1,0
PAWN_AUDIT_RESULT,2847,1,1,135,0,0,135,0,0,0,0,0
PAWN_AUDIT_ENTRY,2848,8153389793541216620,12739466764041637645,2911170674627247942,8445899876297983313,453,279,280,275,9,8,1,20,18446744073709537908,18446744073709550278,14,0,1,0,0,0,0,0,0,268,268,18446744073709365275,11,5700,0,0,0,4,18446744073709545960,18446744073709551030,18446744073709551030,32002,18446744073709551614,0,1,8739252697191440986,1,0,14,1411320089173543553,0,2,1,0
PAWN_AUDIT_RESULT,2848,1,1,219,0,0,219,0,0,0,0,0
PAWN_AUDIT_ENTRY,2849,12739466764041637645,2627574229364504533,2911170674627247942,3840747764126731888,454,279,280,275,9,8,1,21,18446744073709537859,18446744073709550278,14,0,1,0,0,0,0,0,0,268,268,18446744073709365275,11,5701,0,0,0,4,18446744073709545938,18446744073709551030,18446744073709551030,32002,18446744073709551614,0,1,8739252697191440986,1,0,14,1411320089173543553,0,2,1,0
PAWN_AUDIT_RESULT,2849,1,1,220,0,0,220,0,0,0,0,0
PAWN_AUDIT_ENTRY,2850,2627574229364504533,17163285606372225450,2911170674627247942,10045707798379226993,1359,279,280,275,9,8,1,22,18446744073709537787,18446744073709550278,14,0,1,0,0,0,0,0,0,268,268,18446744073709365275,11,5702,0,0,0,2,18446744073709545905,18446744073709551030,18446744073709551030,32002,18446744073709551614,0,1,8739252697191440986,1,0,14,1411320089173543553,0,2,1,0
PAWN_AUDIT_RESULT,2850,1,1,206,0,0,206,0,0,0,0,0
PAWN_AUDIT_ENTRY,2851,17163285606372225450,14945166090647998662,2911170674627247942,6079483383423089454,267,279,280,275,9,8,1,23,18446744073709536927,18446744073709550278,14,0,1,0,0,0,0,0,0,268,268,18446744073709365275,11,5703,0,0,0,6,18446744073709545514,18446744073709551030,18446744073709551030,32002,18446744073709551614,0,1,8739252697191440986,1,0,14,1411320089173543553,0,2,1,0
PAWN_AUDIT_RESULT,2851,1,1,235,0,0,235,0,0,0,0,0
PAWN_AUDIT_ENTRY,2852,14945166090647998662,823149417233773037,2911170674627247942,17793237567220822813,49415,279,280,275,9,8,1,24,18446744073709536078,18446744073709550278,14,0,1,0,0,0,0,0,0,268,268,18446744073709365275,11,5704,0,0,0,6,18446744073709545128,18446744073709551030,18446744073709551030,32002,18446744073709551614,0,1,8739252697191440986,1,0,14,1411320089173543553,0,2,1,0
PAWN_AUDIT_RESULT,2852,1,1,197,0,0,197,0,0,0,0,0
PAWN_AUDIT_ENTRY,2854,14206873276050737404,1664937785368087152,2911170674627247942,1117099727905567644,511,279,280,275,9,8,1,42,18446744073709550340,18446744073709550278,14,0,1,0,0,0,0,0,1,268,268,18446744073709365275,11,5706,0,0,0,4,18446744073709551613,18446744073709551030,18446744073709551030,32002,18446744073709551614,0,1,8739252697191440986,1,0,14,1411320089173543553,0,2,1,0
PAWN_AUDIT_RESULT,2854,1,1,-1013,0,0,-1013,0,1,1,0,0
PAWN_AUDIT_ENTRY,2856,8194791806157486941,11912870678177972070,9042425428397084078,13440725777190760941,1348,279,280,166,7,6,3,2,18446744073709547219,18446744073709550278,14,0,0,0,0,0,0,0,0,229,229,18446744073708920386,11,5713,0,0,0,2,18446744073709550194,18446744073709551030,18446744073709551030,237,2,1,1,8739252697191440986,1,0,14,5083909141100918889,0,2,1,0
PAWN_AUDIT_RESULT,2856,3,3,192,0,0,192,0,0,0,0,0
PAWN_AUDIT_ENTRY,2857,11912870678177972070,8415566857638589521,9042425428397084078,12079782607076772063,452,279,280,192,7,6,3,3,18446744073709547219,18446744073709550278,14,0,0,0,0,0,0,0,0,229,229,18446744073708920386,11,5714,0,0,0,4,18446744073709550194,18446744073709551030,18446744073709551030,237,2,1,1,8739252697191440986,1,0,14,5083909141100918889,0,2,1,0
PAWN_AUDIT_RESULT,2857,3,3,215,0,0,215,0,0,0,0,0
PAWN_AUDIT_ENTRY,2858,8415566857638589521,12313147251736916296,9042425428397084078,4145678606724322003,1827,279,280,215,7,6,2,4,18446744073709544629,18446744073709551200,14,0,0,0,0,0,0,0,0,229,229,18446744073708920386,11,5715,0,0,0,3,18446744073709549016,18446744073709551030,18446744073709551030,237,2,1,1,8739252697191440986,1,0,14,5083909141100918889,0,2,1,0
PAWN_AUDIT_RESULT,2858,2,2,167,0,0,167,0,0,0,0,0
PAWN_AUDIT_ENTRY,2859,12313147251736916296,663972370873477227,9042425428397084078,13315062005664623483,1811,279,280,215,7,6,2,5,18446744073709545206,18446744073709550485,14,0,0,0,0,0,0,0,0,229,229,18446744073708920386,11,5716,0,0,0,3,18446744073709549616,18446744073709551030,18446744073709550335,237,2,1,1,8739252697191440986,1,0,14,5083909141100918889,0,2,1,0
PAWN_AUDIT_RESULT,2859,2,2,265,0,0,265,0,0,0,0,0
PAWN_AUDIT_ENTRY,2860,663972370873477227,1458772096451167327,9042425428397084078,6240486175770242021,196,279,280,265,7,6,2,6,18446744073709544290,18446744073709550307,14,0,0,0,0,0,0,0,0,229,229,18446744073708920386,11,5717,0,0,0,6,18446744073709548488,18446744073709551030,185,237,2,1,1,8739252697191440986,1,0,14,5083909141100918889,0,2,1,0
PAWN_AUDIT_RESULT,2860,2,2,192,0,0,192,0,0,0,0,0
PAWN_AUDIT_ENTRY,2863,1566088819501843999,11310808565209282831,9042425428397084078,8421438100328955990,1793,279,280,274,7,6,2,13,18446744073709542443,18446744073709548750,14,0,0,0,0,0,0,0,0,229,229,18446744073708920386,11,5722,0,0,0,3,18446744073709548175,18446744073709550724,18446744073709551030,237,2,1,1,8739252697191440986,1,0,14,5083909141100918889,0,2,1,0
PAWN_AUDIT_RESULT,2863,2,2,222,0,0,222,0,0,0,0,0
PAWN_AUDIT_ENTRY,2882,13205752184894727722,15871290067277354242,10077162757019317004,2024800774425340501,1226,279,280,128,6,5,2,2,18446744073709546584,18446744073709550278,12,0,0,0,0,0,0,0,0,48,48,18446744073709065220,11,5758,0,0,1,3,18446744073709549905,18446744073709551030,18446744073709551030,274,2,1,1,6707751097017564453,0,0,12,10981473769316536959,0,1,1,0
PAWN_AUDIT_RESULT,2882,2,2,186,0,0,186,0,0,0,0,0
PAWN_AUDIT_ENTRY,2883,15871290067277354242,16888410493833050239,10077162757019317004,16661640261195531245,1217,279,280,186,6,5,1,3,18446744073709541686,18446744073709550278,12,0,0,0,0,0,0,0,0,48,48,18446744073709065220,11,5759,0,0,1,3,18446744073709547678,18446744073709551030,18446744073709551030,274,2,1,1,6707751097017564453,0,0,12,10981473769316536959,0,1,1,0
PAWN_AUDIT_RESULT,2883,1,1,136,0,0,136,0,0,0,0,0
PAWN_AUDIT_ENTRY,2884,16888410493833050239,3918073126714638192,10077162757019317004,2920485169865872632,268,279,280,186,6,5,1,9,18446744073709546775,18446744073709550278,12,0,0,0,0,0,0,0,0,48,48,18446744073709065220,11,5760,0,0,1,6,18446744073709549992,18446744073709551030,18446744073709551030,274,2,1,1,6707751097017564453,0,0,12,10981473769316536959,0,1,1,0
PAWN_AUDIT_RESULT,2884,1,1,-238,0,0,-238,0,0,0,0,0
PAWN_AUDIT_ENTRY,2885,3918073126714638192,16315950577443704969,10077162757019317004,14710594978360291,861,279,280,186,6,5,1,10,18446744073709544996,18446744073709550278,12,0,0,0,0,0,0,0,0,48,48,18446744073709065220,11,5761,0,0,1,1,18446744073709549183,18446744073709551030,18446744073709551030,274,2,1,1,6707751097017564453,0,0,12,10981473769316536959,0,0,1,0
PAWN_AUDIT_RESULT,2885,1,1,127,0,0,127,0,0,0,0,0
PAWN_AUDIT_ENTRY,2886,16315950577443704969,2461078126710642810,18216398804741214089,7713937751272527568,1226,279,280,275,11,10,3,3,18446744073709548183,18446744073709550731,10,0,1,0,0,1,1,1244,0,257,18446744073709551114,18446744073709316086,11,5762,0,0,1,3,18446744073709550313,18446744073709550756,354,257,9,2,1,6707751097017564453,0,0,10,6841793688473417328,0,1,1,0
PAWN_AUDIT_RESULT,2886,3,3,176,0,0,176,0,0,0,0,0
PAWN_AUDIT_ENTRY,2887,2461078126710642810,3173284463198885898,18216398804741214089,10130874328323304515,511,279,280,275,11,10,1,41,18446744073709550340,18446744073709550278,10,0,1,0,0,1,1,1244,1,257,18446744073709551114,18446744073709316086,11,5763,0,0,1,4,18446744073709551613,18446744073709551030,18446744073709551030,257,9,2,1,6707751097017564453,0,0,10,6841793688473417328,0,1,1,0
PAWN_AUDIT_RESULT,2887,1,1,-1052,0,0,-1052,0,1,1,0,0
PAWN_AUDIT_ENTRY,2891,16294415061023388941,1413193057062819366,10641601442490668051,16964483574768744149,725,279,280,270,7,6,2,3,18446744073709548834,2027,10,0,0,0,0,0,0,0,0,211,272,6244795,11,5774,0,0,1,2,18446744073709550509,18446744073709551577,18446744073709551330,211,2,1,1,12623835902163763756,0,0,10,9228401436268672352,0,1,1,0
PAWN_AUDIT_RESULT,2891,2,2,238,0,0,238,0,0,0,0,0
PAWN_AUDIT_ENTRY,2893,696411087246847179,12552230177120932433,10641601442490668051,13910886274467628920,721,279,280,270,7,6,1,6,18446744073709548165,18446744073709546870,10,0,0,0,0,0,0,0,0,211,272,6244795,11,5776,0,0,1,2,18446744073709550624,18446744073709551030,18446744073709551030,211,2,1,1,12623835902163763756,0,0,10,9228401436268672352,0,1,1,0
PAWN_AUDIT_RESULT,2893,1,1,168,0,0,168,0,0,0,0,0
PAWN_AUDIT_ENTRY,2894,12552230177120932433,14256652568929167143,10641601442490668051,18361648271572895665,861,279,280,270,7,6,1,7,18446744073709542931,18446744073709550278,10,0,0,0,0,0,0,0,0,211,272,6244795,11,5777,0,0,1,1,18446744073709548244,18446744073709551030,18446744073709551030,211,2,1,1,12623835902163763756,0,0,10,9228401436268672352,0,0,1,0
PAWN_AUDIT_RESULT,2894,1,1,231,0,0,231,0,0,0,0,0
PAWN_AUDIT_ENTRY,2895,14256652568929167143,15469562628929491180,10641601442490668051,3526445821106631655,268,279,280,270,7,6,1,8,18446744073709544358,18446744073709548546,10,0,0,0,0,0,0,0,0,211,272,6244795,11,5778,0,0,1,6,18446744073709548893,18446744073709551030,18446744073709551030,211,2,1,1,12623835902163763756,0,0,10,9228401436268672352,0,1,1,0
PAWN_AUDIT_RESULT,2895,1,1,152,0,0,152,0,0,0,0,0
PAWN_AUDIT_ENTRY,2896,15469562628929491180,7891201899425674496,10641601442490668051,6420428462020999864,261,279,280,270,7,6,1,10,18446744073709538750,18446744073709550278,10,0,0,0,0,0,0,0,0,211,272,6244795,11,5779,0,0,1,6,18446744073709546343,18446744073709551030,18446744073709551030,211,2,1,1,12623835902163763756,0,0,10,9228401436268672352,0,1,1,0
PAWN_AUDIT_RESULT,2896,1,1,172,0,0,172,0,0,0,0,0
PAWN_AUDIT_ENTRY,2897,7891201899425674496,2301704474578311073,10641601442490668051,15651839819734010421,454,279,280,270,7,6,1,11,18446744073709537387,18446744073709550278,10,0,0,0,0,0,0,0,0,211,272,6244795,11,5780,0,0,1,4,18446744073709545723,18446744073709551030,18446744073709551030,211,2,1,1,12623835902163763756,0,0,10,9228401436268672352,0,1,1,0
PAWN_AUDIT_RESULT,2897,1,1,161,0,0,161,0,0,0,0,0
PAWN_AUDIT_ENTRY,2898,2301704474578311073,14651590542630172006,10641601442490668051,2830129452444203498,1,279,280,270,7,6,1,12,18446744073709539799,18446744073709548874,10,0,0,0,0,0,0,0,0,211,272,6244795,11,5781,0,0,1,4,18446744073709546820,18446744073709551030,18446744073709551030,211,2,1,1,12623835902163763756,0,0,10,9228401436268672352,0,1,1,0
PAWN_AUDIT_RESULT,2898,1,1,162,0,0,162,0,0,0,0,0
PAWN_AUDIT_ENTRY,2899,14651590542630172006,17860655834212660811,10641601442490668051,16722899483714118993,2,279,280,270,7,6,1,16,18446744073709538761,18446744073709548874,10,0,0,0,0,0,0,0,0,211,272,6244795,11,5782,0,0,1,4,18446744073709546348,18446744073709551030,18446744073709551030,211,2,1,1,12623835902163763756,0,0,10,9228401436268672352,0,1,1,0
PAWN_AUDIT_RESULT,2899,1,1,181,0,0,181,0,0,0,0,0
PAWN_AUDIT_ENTRY,2900,17860655834212660811,12377963292597935822,10641601442490668051,13440094536204025368,709,279,280,270,7,6,1,19,18446744073709539040,18446744073709548874,10,0,0,0,0,0,0,0,0,211,272,6244795,11,5783,0,0,1,2,18446744073709546475,18446744073709551030,18446744073709551030,211,2,1,1,12623835902163763756,0,0,10,9228401436268672352,0,1,1,0
PAWN_AUDIT_RESULT,2900,1,1,174,0,0,174,0,0,0,0,0
PAWN_AUDIT_ENTRY,2907,14523466372630744722,11397454289132564651,16481609144024770710,8321173818182562255,1226,279,280,275,11,10,5,4,18446744073709550985,18446744073709545673,8,0,1,0,0,1,1,732,0,257,131,9924453,11,5798,0,0,1,3,535,18446744073709550910,18446744073709550649,257,11,2,1,12623835902163763756,0,0,8,15601132354317317515,0,1,1,0
PAWN_AUDIT_RESULT,2907,5,5,164,0,0,164,0,0,0,0,0
PAWN_AUDIT_ENTRY,2908,11397454289132564651,14859026823240612215,16481609144024770710,13121665556088224765,721,279,280,275,11,10,4,5,18446744073709545473,18446744073709546870,8,0,1,0,0,1,1,732,0,257,131,9924453,11,5799,0,0,1,2,18446744073709549400,18446744073709551030,18446744073709551030,257,11,2,1,12623835902163763756,0,0,8,15601132354317317515,0,1,1,0
PAWN_AUDIT_RESULT,2908,4,4,120,0,0,120,0,0,0,0,0
PAWN_AUDIT_ENTRY,2909,14859026823240612215,16386810791795134159,16481609144024770710,16897944100334913477,1350,279,280,275,11,10,3,7,18446744073709537556,18446744073709550278,8,0,1,0,0,1,1,732,0,257,131,9924453,11,5800,0,0,1,2,18446744073709545800,18446744073709551030,18446744073709551030,257,11,2,1,12623835902163763756,0,0,8,15601132354317317515,0,1,1,0
PAWN_AUDIT_RESULT,2909,3,3,83,0,0,83,0,0,0,0,0
PAWN_AUDIT_ENTRY,2910,16386810791795134159,12272063150898558815,16481609144024770710,5167168604908433569,1359,279,280,275,11,10,2,8,18446744073709537147,18446744073709550278,8,0,1,0,0,1,1,732,0,257,131,9924453,11,5801,0,0,1,2,18446744073709545614,18446744073709551030,18446744073709551030,257,11,2,1,12623835902163763756,0,0,8,15601132354317317515,0,1,1,0
PAWN_AUDIT_RESULT,2910,2,2,32,0,0,32,0,0,0,0,0
PAWN_AUDIT_ENTRY,2911,12272063150898558815,12247898198389648687,16481609144024770710,94468188693482472,1375,279,280,275,11,10,2,9,18446744073709537334,18446744073709550278,8,0,1,0,0,1,1,732,0,257,131,9924453,11,5802,0,0,1,2,18446744073709545699,18446744073709551030,18446744073709551030,257,11,2,1,12623835902163763756,0,0,8,15601132354317317515,0,1,1,0
PAWN_AUDIT_RESULT,2911,2,2,59,0,0,59,0,0,0,0,0
PAWN_AUDIT_ENTRY,2912,12247898198389648687,11217263638065692847,16481609144024770710,5180428038011440994,268,279,280,275,11,10,3,11,18446744073709542418,18446744073709547497,8,0,1,0,0,1,1,732,0,257,131,9924453,11,5803,0,0,1,6,18446744073709548011,18446744073709551030,18446744073709551030,257,11,2,1,12623835902163763756,0,0,8,15601132354317317515,0,1,1,0
PAWN_AUDIT_RESULT,2912,3,3,128,0,0,128,0,0,0,0,0
PAWN_AUDIT_ENTRY,2913,11217263638065692847,7808611697920769101,16481609144024770710,9150109835069366646,193,279,280,275,11,10,2,12,18446744073709539368,18446744073709547758,8,0,1,0,0,1,1,732,0,257,131,9924453,11,5804,0,0,1,5,18446744073709546624,18446744073709551030,18446744073709551030,257,11,2,1,12623835902163763756,0,0,8,15601132354317317515,0,1,1,0
PAWN_AUDIT_RESULT,2913,2,2,132,0,0,132,0,0,0,0,0
PAWN_AUDIT_ENTRY,2914,7808611697920769101,3744142015430003826,16481609144024770710,8936851880462704344,479,279,280,275,11,10,2,13,18446744073709535520,18446744073709550278,8,0,1,0,0,1,1,732,0,257,131,9924453,11,5805,0,0,1,4,18446744073709544874,18446744073709551030,18446744073709551030,257,11,2,1,12623835902163763756,0,0,8,15601132354317317515,0,1,1,0
PAWN_AUDIT_RESULT,2914,2,2,129,0,0,129,0,0,0,0,0
PAWN_AUDIT_ENTRY,2915,3744142015430003826,4960649925511806093,16481609144024770710,10732023508022053724,511,279,280,275,11,10,3,41,18446744073709550340,18446744073709550278,8,0,1,0,0,1,1,732,1,257,131,9924453,11,5806,0,0,1,4,18446744073709551613,18446744073709551030,18446744073709551030,257,11,2,1,12623835902163763756,0,0,8,15601132354317317515,0,1,1,0
PAWN_AUDIT_RESULT,2915,3,3,-1338,0,0,-1338,0,1,1,0,0
PAWN_AUDIT_ENTRY,2924,3240020939624516784,14306512517475393958,9613565272739302818,1345152555206317307,1226,279,280,273,7,6,2,4,18446744073709548429,18446744073709545673,8,0,0,0,0,1,0,1892,0,230,250,5978726,11,5825,0,0,1,3,18446744073709550804,18446744073709550910,18446744073709551030,230,2,1,1,12623835902163763756,0,0,8,6267427067601214654,0,1,1,0
PAWN_AUDIT_RESULT,2924,2,2,209,0,0,209,0,0,0,0,0
PAWN_AUDIT_ENTRY,2925,14306512517475393958,6561331409133393150,9613565272739302818,18278243242012225380,725,279,280,273,7,6,1,5,18446744073709547391,2027,8,0,0,0,0,1,0,1892,0,230,250,5978726,11,5826,0,0,1,2,18446744073709550071,18446744073709551141,18446744073709551330,230,2,1,1,12623835902163763756,0,0,8,6267427067601214654,0,1,1,0
PAWN_AUDIT_RESULT,2925,1,1,234,0,0,234,0,0,0,0,0
PAWN_AUDIT_ENTRY,2926,6561331409133393150,14245074746832012448,9613565272739302818,15549183291458887369,721,279,280,273,7,6,1,6,18446744073709543314,18446744073709546164,8,0,0,0,0,1,0,1892,0,230,250,5978726,11,5827,0,0,1,2,18446744073709548418,18446744073709551030,18446744073709551030,230,2,1,1,12623835902163763756,0,0,8,6267427067601214654,0,1,1,0
PAWN_AUDIT_RESULT,2926,1,1,176,0,0,176,0,0,0,0,0
PAWN_AUDIT_ENTRY,2933,15594993619885251143,8228300648780808466,11382319930758787038,13631173271072284001,1227,279,280,264,6,5,2,3,18446744073709550340,18446744073709550278,10,0,0,0,0,0,0,0,0,18446744073709551375,18446744073709551375,18446744073709380616,11,5851,0,0,1,5,18446744073709551613,18446744073709551030,18446744073709551030,65,0,1,1,6707751097017564453,0,0,10,4596300024882468391,0,1,1,0
PAWN_AUDIT_RESULT,2933,2,2,90,0,0,90,0,0,0,0,0
PAWN_AUDIT_ENTRY,2934,8228300648780808466,7609955432180923537,11382319930758787038,6702262164420952581,1219,279,280,264,6,5,1,4,18446744073709550004,18446744073709550278,10,0,0,0,0,0,0,0,0,18446744073709551375,18446744073709551375,18446744073709380616,11,5852,0,0,1,5,18446744073709551613,18446744073709550724,18446744073709551030,65,0,1,1,6707751097017564453,0,0,10,4596300024882468391,0,1,1,0
PAWN_AUDIT_RESULT,2934,1,1,104,0,0,104,0,0,0,0,0
PAWN_AUDIT_ENTRY,2943,16257407156409676085,1566407346743201415,3712507779515880262,7000440294342377517,721,279,280,275,11,10,4,6,18446744073709548077,18446744073709546164,6,0,1,0,0,1,1,1892,0,257,174,12277314,11,5864,0,0,1,2,18446744073709547630,18446744073709551030,5500,257,12,2,1,12623835902163763756,0,0,6,9818977039213851929,0,1,1,0
PAWN_AUDIT_RESULT,2943,4,4,130,0,0,130,0,0,0,0,0
PAWN_AUDIT_ENTRY,2944,1566407346743201415,5844722528583967201,3712507779515880262,10748095997678380029,1221,279,280,275,11,10,2,8,18446744073709535218,18446744073709550278,6,0,1,0,0,1,1,1892,0,257,174,12277314,11,5865,0,0,1,3,18446744073709544737,18446744073709551030,18446744073709551030,257,12,2,1,12623835902163763756,0,0,6,9818977039213851929,0,1,1,0
PAWN_AUDIT_RESULT,2944,2,2,128,0,0,128,0,0,0,0,0
PAWN_AUDIT_ENTRY,2945,5844722528583967201,15160403180248773911,3712507779515880262,11869578190923956691,216,279,280,275,11,10,2,10,18446744073709534976,18446744073709550278,6,0,1,0,0,1,1,1892,0,257,174,12277314,11,5866,0,0,1,5,18446744073709544627,18446744073709551030,18446744073709551030,257,12,2,1,12623835902163763756,0,0,6,9818977039213851929,0,1,1,0
PAWN_AUDIT_RESULT,2945,2,2,30,0,0,30,0,0,0,0,0
PAWN_AUDIT_ENTRY,2946,15160403180248773911,7464677949094724900,3712507779515880262,551908886380182341,1178,279,280,275,11,10,2,11,18446744073709534950,18446744073709550278,6,0,1,0,0,1,1,1892,0,257,174,12277314,11,5867,0,0,1,1,18446744073709544615,18446744073709551030,18446744073709551030,257,12,2,1,12623835902163763756,0,0,6,9818977039213851929,0,0,1,0
PAWN_AUDIT_RESULT,2946,2,2,-64,0,0,-64,0,0,0,0,0
PAWN_AUDIT_ENTRY,2947,7464677949094724900,3668442120958975268,3712507779515880262,7021428715832597269,1249,279,280,275,11,10,2,12,18446744073709535328,18446744073709550278,6,0,1,0,0,1,1,1892,0,257,174,12277314,11,5868,0,0,1,3,18446744073709544787,18446744073709551030,18446744073709551030,257,12,2,1,12623835902163763756,0,0,6,9818977039213851929,0,1,1,0
PAWN_AUDIT_RESULT,2947,2,2,135,0,0,135,0,0,0,0,0
PAWN_AUDIT_ENTRY,2948,3668442120958975268,5961268316409098728,3712507779515880262,11649408423747817385,593,279,280,275,11,10,2,13,18446744073709534842,18446744073709550278,6,0,1,0,0,1,1,1892,0,257,174,12277314,11,5869,0,0,1,1,18446744073709544566,18446744073709551030,18446744073709551030,257,12,2,1,12623835902163763756,0,0,6,9818977039213851929,0,0,1,0
PAWN_AUDIT_RESULT,2948,2,2,-116,0,0,-116,0,0,0,0,0
PAWN_AUDIT_ENTRY,2949,5961268316409098728,3082032590766305345,3712507779515880262,4886621734545780876,511,279,280,275,11,10,3,46,18446744073709550340,18446744073709550278,6,0,1,0,0,1,1,1892,1,257,174,12277314,11,5870,0,0,1,4,18446744073709551613,18446744073709551030,18446744073709551030,257,12,2,1,12623835902163763756,0,0,6,9818977039213851929,0,1,1,0
PAWN_AUDIT_RESULT,2949,3,3,-981,0,0,-981,0,1,1,0,0
PAWN_AUDIT_ENTRY,3002,10473531624849519531,10399191154870470151,678145298122330766,13385745513966982237,3749,18446744073709551342,18446744073709551343,18446744073709551337,9,8,5,6,18446744073709545610,18446744073709546549,5,0,0,0,0,1,0,0,0,18446744073709551327,18446744073709551327,1062771,11,5963,0,0,0,11,18446744073709549919,18446744073709550689,18446744073709550440,18446744073709551359,13,1,1,17099945467183773239,3,0,5,11432825531361299415,0,4,1,0
PAWN_AUDIT_RESULT,3002,5,5,-352,0,0,-352,0,0,0,0,0
PAWN_AUDIT_ENTRY,3003,10399191154870470151,7296311701260758377,678145298122330766,9969022525491042556,2195,18446744073709551342,18446744073709551343,18446744073709551337,9,8,4,7,18446744073709537786,18446744073709550355,5,0,0,0,0,1,0,0,1,18446744073709551327,18446744073709551327,1062771,11,5964,0,0,0,10,18446744073709549704,18446744073709547973,18446744073709546351,18446744073709551359,13,1,1,17099945467183773239,3,0,5,11432825531361299415,0,4,1,0
PAWN_AUDIT_RESULT,3003,4,4,-996,0,0,-996,0,0,0,0,0
PAWN_AUDIT_ENTRY,3078,10211166236413326992,8819817174364373151,5533651305447993976,4699644760576743592,3795,18446744073709551342,18446744073709551343,18446744073709551308,9,8,6,5,18446744073709548600,18446744073709549875,9,0,0,0,0,1,0,0,0,18446744073709551100,18446744073709551100,18446744073709380616,11,6080,0,0,1,13,18446744073709550822,18446744073709551030,18446744073709551030,18446744073709551359,12,1,1,18411444946018928718,0,0,9,2396680006602531183,0,1,1,0
PAWN_AUDIT_RESULT,3078,6,6,-394,0,0,-394,0,0,0,0,0
PAWN_AUDIT_ENTRY,3081,14831026232219686248,9808773623231831950,5533651305447993976,13248341852231206983,3964,18446744073709551342,18446744073709551343,18446744073709551308,9,8,6,8,18446744073709547135,18446744073709547758,9,0,0,0,0,1,0,0,0,18446744073709551100,18446744073709551100,18446744073709380616,11,6085,0,0,1,12,1730,18446744073709551030,18446744073709544457,18446744073709551359,12,1,1,18411444946018928718,0,0,9,2396680006602531183,0,1,1,0
PAWN_AUDIT_RESULT,3081,6,6,-718,0,0,-718,0,0,0,0,0
PAWN_AUDIT_ENTRY,3088,1430973709631888384,14755872168679796647,5284661439604102505,8140349444103262169,3966,18446744073709551342,18446744073709551343,18446744073709551342,9,8,6,8,18446744073709538761,18446744073709548874,7,0,0,0,0,1,0,0,0,18446744073709551359,18446744073709551369,18446744073706232490,11,6102,0,0,1,12,18446744073709546348,18446744073709551030,18446744073709551030,18446744073709551359,12,1,1,2424089264554450642,0,0,7,11515076970747548246,0,1,1,0
PAWN_AUDIT_RESULT,3088,6,6,-445,0,0,-445,0,0,0,0,0
PAWN_AUDIT_ENTRY,3089,14755872168679796647,16760451548491432385,5284661439604102505,15539916593116734876,3559,18446744073709551342,18446744073709551343,18446744073709551342,9,8,6,9,18446744073709535447,18446744073709550278,7,0,0,0,0,1,0,0,0,18446744073709551359,18446744073709551369,18446744073706232490,11,6103,0,0,1,9,18446744073709544841,18446744073709551030,18446744073709551030,18446744073709551359,12,1,1,2424089264554450642,0,0,7,11515076970747548246,0,0,1,0
PAWN_AUDIT_RESULT,3089,6,6,-422,0,0,-422,0,0,0,0,0
PAWN_AUDIT_ENTRY,3090,16760451548491432385,5197271722048650800,5284661439604102505,17579193741319388548,3242,18446744073709551342,18446744073709551343,18446744073709551342,9,8,6,10,18446744073709536289,18446744073709550278,7,0,0,0,0,1,0,0,0,18446744073709551359,18446744073709551369,18446744073706232490,11,6104,0,0,1,9,18446744073709545224,18446744073709551030,18446744073709551030,18446744073709551359,12,1,1,2424089264554450642,0,0,7,11515076970747548246,0,0,1,0
PAWN_AUDIT_RESULT,3090,6,6,-534,0,0,-534,0,0,0,0,0
PAWN_AUDIT_ENTRY,3091,5197271722048650800,1876039355510779295,5284661439604102505,6550575929636360558,3836,18446744073709551342,18446744073709551343,18446744073709551342,9,8,5,12,18446744073709534904,18446744073709549853,7,0,0,0,0,1,0,0,0,18446744073709551359,18446744073709551369,18446744073706232490,11,6105,0,0,1,13,18446744073709544594,18446744073709551030,18446744073709551030,18446744073709551359,12,1,1,2424089264554450642,0,0,7,11515076970747548246,0,1,1,0
PAWN_AUDIT_RESULT,3091,5,5,-278,0,0,-278,0,18,18,0,0
PAWN_AUDIT_ENTRY,3100,9796776825943121638,3454362736550339757,5284661439604102505,8347535734905474469,3169,18446744073709551342,18446744073709551343,18446744073709551342,9,8,4,13,18446744073709534618,18446744073709550278,7,0,0,0,0,1,0,0,0,18446744073709551359,18446744073709551369,18446744073706232490,11,6124,0,0,1,9,18446744073709544464,18446744073709551030,18446744073709551030,18446744073709551359,12,1,1,2424089264554450642,0,0,7,11515076970747548246,0,0,1,0
PAWN_AUDIT_RESULT,3100,4,4,-480,0,0,-480,0,0,0,0,0
PAWN_AUDIT_ENTRY,3101,3454362736550339757,8160650472211237517,5284661439604102505,7601569980557584629,2982,18446744073709551342,18446744073709551343,18446744073709551342,9,8,4,14,18446744073709534602,18446744073709550278,7,0,0,0,0,1,0,0,0,18446744073709551359,18446744073709551369,18446744073706232490,11,6125,0,0,1,9,18446744073709544457,18446744073709551030,18446744073709551030,18446744073709551359,12,1,1,2424089264554450642,0,0,7,11515076970747548246,0,0,1,0
PAWN_AUDIT_RESULT,3101,4,4,-511,0,0,-511,0,0,0,0,0
PAWN_AUDIT_ENTRY,3102,8160650472211237517,8979974952517722092,5284661439604102505,1918491822638582981,3112,18446744073709551342,18446744073709551343,18446744073709551342,9,8,4,15,18446744073709534580,18446744073709550278,7,0,0,0,0,1,0,0,0,18446744073709551359,18446744073709551369,18446744073706232490,11,6126,0,0,1,9,18446744073709544447,18446744073709551030,18446744073709551030,18446744073709551359,12,1,1,2424089264554450642,0,0,7,11515076970747548246,0,0,1,0
PAWN_AUDIT_RESULT,3102,4,4,-393,0,0,-393,0,0,0,0,0
PAWN_AUDIT_ENTRY,3103,8979974952517722092,15725098639043210960,5284661439604102505,13241704351012560620,3177,18446744073709551342,18446744073709551343,18446744073709551342,9,8,4,16,18446744073709534596,18446744073709550278,7,0,0,0,0,1,0,0,0,18446744073709551359,18446744073709551369,18446744073706232490,11,6127,0,0,1,9,18446744073709544454,18446744073709551030,18446744073709551030,18446744073709551359,12,1,1,2424089264554450642,0,0,7,11515076970747548246,0,0,1,0
PAWN_AUDIT_RESULT,3103,4,4,-463,0,0,-463,0,0,0,0,0
PAWN_AUDIT_ENTRY,3104,15725098639043210960,2274460770177379009,5284661439604102505,12795089502533764802,3234,18446744073709551342,18446744073709551343,18446744073709551342,9,8,4,17,18446744073709534591,18446744073709550278,7,0,0,0,0,1,0,0,0,18446744073709551359,18446744073709551369,18446744073706232490,11,6128,0,0,1,9,18446744073709544452,18446744073709551030,18446744073709551030,18446744073709551359,12,1,1,2424089264554450642,0,0,7,11515076970747548246,0,0,1,0
PAWN_AUDIT_RESULT,3104,4,4,-465,0,0,-465,0,0,0,0,0
PAWN_AUDIT_ENTRY,3105,2274460770177379009,17152432628573607878,5284661439604102505,11635455673591884409,3104,18446744073709551342,18446744073709551343,18446744073709551342,9,8,4,18,18446744073709534583,18446744073709550278,7,0,0,0,0,1,0,0,0,18446744073709551359,18446744073709551369,18446744073706232490,11,6129,0,0,1,9,18446744073709544448,18446744073709551030,18446744073709551030,18446744073709551359,12,1,1,2424089264554450642,0,0,7,11515076970747548246,0,0,1,0
PAWN_AUDIT_RESULT,3105,4,4,-355,0,0,-355,0,0,0,0,0
PAWN_AUDIT_ENTRY,3106,17152432628573607878,18188451998878879274,5284661439604102505,3820142208533478753,3957,18446744073709551342,18446744073709551343,18446744073709551342,9,8,5,24,18446744073709541193,18446744073709546870,7,0,0,0,0,1,0,0,0,18446744073709551359,18446744073709551369,18446744073706232490,11,6130,0,0,1,12,18446744073709547454,18446744073709551030,18446744073709551030,18446744073709551359,12,1,1,2424089264554450642,0,0,7,11515076970747548246,0,1,1,0
PAWN_AUDIT_RESULT,3106,5,5,-473,0,0,-473,0,0,0,0,0
PAWN_AUDIT_ENTRY,3540,4626092999552816985,1115702444755057972,16618962941454195094,10864838519683838510,269,253,254,232,9,8,4,3,18446744073709547219,18446744073709548874,4,0,0,0,0,0,0,0,0,18446744073709551463,18446744073709551463,40207,13,6708,0,0,0,6,18446744073709550194,18446744073709551030,18446744073709551030,229,7,1,1,9118920408471402162,1,0,4,14677469069199789003,0,2,1,0
PAWN_AUDIT_RESULT,3540,4,4,35,0,0,35,0,0,0,0,0
PAWN_AUDIT_ENTRY,3542,12302086992790260743,12412120210438862877,16618962941454195094,10878396568183306844,511,253,254,232,9,8,3,37,18446744073709550340,18446744073709550278,4,0,0,0,0,0,0,0,1,18446744073709551463,18446744073709551463,40207,13,6711,0,0,0,4,18446744073709551613,18446744073709551030,18446744073709551030,229,7,1,1,9118920408471402162,1,0,4,14677469069199789003,0,2,1,0
PAWN_AUDIT_RESULT,3542,3,3,-1229,0,0,-1229,0,1,1,0,0
PAWN_AUDIT_ENTRY,3592,14492314601037016713,11492681482894208683,5533651305447993976,18185961470858343595,3749,18446744073709551363,18446744073709551364,18446744073709551342,12,11,9,3,18446744073709541230,2503,9,0,0,0,0,1,0,0,0,18446744073709551100,18446744073709551100,18446744073709380616,13,6794,0,0,1,11,18446744073709547757,18446744073709551030,18446744073709550440,18446744073709551308,9,1,1,18411444946018928718,0,0,9,2396680006602531183,0,1,1,0
PAWN_AUDIT_RESULT,3592,9,9,-448,0,0,-448,0,1,1,0,0
PAWN_AUDIT_ENTRY,3593,11492681482894208683,8397567597007878483,5533651305447993976,4699644760576743592,3795,18446744073709551363,18446744073709551364,18446744073709551342,12,11,9,4,18446744073709547802,18446744073709549875,9,0,0,0,0,1,0,0,0,18446744073709551100,18446744073709551100,18446744073709380616,13,6796,0,0,1,13,18446744073709550459,18446744073709551030,18446744073709551030,18446744073709551308,9,1,1,18411444946018928718,0,0,9,2396680006602531183,0,1,1,0
PAWN_AUDIT_RESULT,3593,9,9,-384,0,0,-384,0,6,6,0,0
PAWN_AUDIT_ENTRY,3594,8397567597007878483,15739657579150550347,5533651305447993976,13248341852231206983,3964,18446744073709551363,18446744073709551364,18446744073709551342,12,11,8,6,18446744073709548429,18446744073709547758,9,0,0,0,0,1,0,0,0,18446744073709551100,18446744073709551100,18446744073709380616,13,6803,0,0,1,12,2318,18446744073709551030,18446744073709544457,18446744073709551308,9,1,1,18411444946018928718,0,0,9,2396680006602531183,0,1,1,0
PAWN_AUDIT_RESULT,3594,8,8,-705,0,0,-705,0,0,0,0,0
PAWN_AUDIT_ENTRY,3597,6851617598732467609,672819260269350119,5533651305447993976,10837469805394298887,3811,18446744073709551363,18446744073709551364,18446744073709551342,12,11,7,10,18446744073709541493,18446744073709547758,9,0,0,0,0,1,0,0,0,18446744073709551100,18446744073709551100,18446744073709380616,13,6808,0,0,1,13,18446744073709547590,18446744073709551030,18446744073709551030,18446744073709551308,9,1,1,18411444946018928718,0,0,9,2396680006602531183,0,1,1,0
PAWN_AUDIT_RESULT,3597,7,7,-563,0,0,-563,0,0,0,0,0
PAWN_AUDIT_ENTRY,3598,672819260269350119,4232019574731958972,5533651305447993976,9606972383104134512,2200,18446744073709551363,18446744073709551364,18446744073709551342,12,11,7,11,18446744073709538513,18446744073709548874,9,0,0,0,0,1,0,0,0,18446744073709551100,18446744073709551100,18446744073709380616,13,6809,0,0,1,10,18446744073709546235,18446744073709551030,18446744073709551030,18446744073709551308,9,1,1,18411444946018928718,0,0,9,2396680006602531183,0,1,1,0
PAWN_AUDIT_RESULT,3598,7,7,-844,0,0,-844,0,0,0,0,0
PAWN_AUDIT_ENTRY,3603,11475953669396433347,327906270016634585,5284661439604102505,15620711435181740573,3941,18446744073709551363,18446744073709551364,18446744073709551344,12,11,8,6,18446744073709533658,821,7,0,0,0,0,1,0,0,0,18446744073709551342,18446744073709551354,18446744073704287152,13,6817,0,0,1,12,18446744073709545324,18446744073709549652,18446744073709549778,18446744073709551342,9,1,1,2424089264554450642,0,0,7,11515076970747548246,0,1,1,0
PAWN_AUDIT_RESULT,3603,8,8,-631,0,0,-631,0,4,4,0,0
PAWN_AUDIT_ENTRY,3604,327906270016634585,11183280406101044891,5284661439604102505,15539916593116734876,3559,18446744073709551363,18446744073709551364,18446744073709551344,12,11,8,8,18446744073709535011,18446744073709550278,7,0,0,0,0,1,0,0,0,18446744073709551342,18446744073709551354,18446744073704287152,13,6822,0,0,1,9,18446744073709544643,18446744073709551030,18446744073709551030,18446744073709551342,9,1,1,2424089264554450642,0,0,7,11515076970747548246,0,0,1,0
PAWN_AUDIT_RESULT,3604,8,8,-418,0,0,-418,0,0,0,0,0
PAWN_AUDIT_ENTRY,3605,11183280406101044891,10976186399647158351,5284661439604102505,8140349444103262169,3966,18446744073709551363,18446744073709551364,18446744073709551344,12,11,8,9,18446744073709537928,18446744073709548874,7,0,0,0,0,1,0,0,0,18446744073709551342,18446744073709551354,18446744073704287152,13,6823,0,0,1,12,18446744073709545969,18446744073709551030,18446744073709551030,18446744073709551342,9,1,1,2424089264554450642,0,0,7,11515076970747548246,0,1,1,0
PAWN_AUDIT_RESULT,3605,8,8,-446,0,0,-446,0,0,0,0,0
PAWN_AUDIT_ENTRY,3606,10976186399647158351,4879304401630963598,5284661439604102505,17579193741319388548,3242,18446744073709551363,18446744073709551364,18446744073709551344,12,11,8,11,18446744073709535146,18446744073709550278,7,0,0,0,0,1,0,0,0,18446744073709551342,18446744073709551354,18446744073704287152,13,6824,0,0,1,9,18446744073709544704,18446744073709551030,18446744073709551030,18446744073709551342,9,1,1,2424089264554450642,0,0,7,11515076970747548246,0,0,1,0
PAWN_AUDIT_RESULT,3606,8,8,-520,0,0,-520,0,0,0,0,0
PAWN_AUDIT_ENTRY,3607,4879304401630963598,15028076906691513073,5284661439604102505,11343365038155917098,4094,18446744073709551363,18446744073709551364,18446744073709551344,12,11,8,12,18446744073709537928,18446744073709547758,7,0,0,0,0,1,0,0,0,18446744073709551342,18446744073709551354,18446744073704287152,13,6825,0,0,1,14,18446744073709545969,18446744073709551030,18446744073709551030,18446744073709551342,9,1,1,2424089264554450642,0,0,7,11515076970747548246,0,1,1,0
PAWN_AUDIT_RESULT,3607,8,8,-260,0,0,-260,0,1,1,0,0
PAWN_AUDIT_ENTRY,3608,15028076906691513073,15750413823803231103,5284661439604102505,7601569980557584629,2982,18446744073709551363,18446744073709551364,18446744073709551356,12,11,6,13,18446744073709534554,18446744073709550278,7,0,0,0,0,1,0,0,0,18446744073709551342,18446744073709551354,18446744073704287152,13,6827,0,0,1,9,18446744073709544435,18446744073709551030,18446744073709551030,18446744073709551342,9,1,1,2424089264554450642,0,0,7,11515076970747548246,0,0,1,0
PAWN_AUDIT_RESULT,3608,6,6,-507,0,0,-507,0,0,0,0,0
PAWN_AUDIT_ENTRY,3609,15750413823803231103,9963595454750134124,5284661439604102505,13241704351012560620,3177,18446744073709551363,18446744073709551364,18446744073709551356,12,11,6,14,18446744073709534552,18446744073709550278,7,0,0,0,0,1,0,0,0,18446744073709551342,18446744073709551354,18446744073704287152,13,6828,0,0,1,9,18446744073709544434,18446744073709551030,18446744073709551030,18446744073709551342,9,1,1,2424089264554450642,0,0,7,11515076970747548246,0,0,1,0
PAWN_AUDIT_RESULT,3609,6,6,-459,0,0,-459,0,0,0,0,0
PAWN_AUDIT_ENTRY,3610,9963595454750134124,3222500365872523127,5284661439604102505,1918491822638582981,3112,18446744073709551363,18446744073709551364,18446744073709551356,12,11,6,15,18446744073709534550,18446744073709550278,7,0,0,0,0,1,0,0,0,18446744073709551342,18446744073709551354,18446744073704287152,13,6829,0,0,1,9,18446744073709544433,18446744073709551030,18446744073709551030,18446744073709551342,9,1,1,2424089264554450642,0,0,7,11515076970747548246,0,0,1,0
PAWN_AUDIT_RESULT,3610,6,6,-389,0,0,-389,0,0,0,0,0
PAWN_AUDIT_ENTRY,3611,3222500365872523127,11195222660590402998,5284661439604102505,8347535734905474469,3169,18446744073709551363,18446744073709551364,18446744073709551356,12,11,6,16,18446744073709534556,18446744073709550278,7,0,0,0,0,1,0,0,0,18446744073709551342,18446744073709551354,18446744073704287152,13,6830,0,0,1,9,18446744073709544436,18446744073709551030,18446744073709551030,18446744073709551342,9,1,1,2424089264554450642,0,0,7,11515076970747548246,0,0,1,0
PAWN_AUDIT_RESULT,3611,6,6,-476,0,0,-476,0,0,0,0,0
PAWN_AUDIT_ENTRY,3612,11195222660590402998,5864956400645303822,5284661439604102505,6550575929636360558,3836,18446744073709551363,18446744073709551364,18446744073709551356,12,11,6,17,18446744073709534796,18446744073709549853,7,0,0,0,0,1,0,0,0,18446744073709551342,18446744073709551354,18446744073704287152,13,6831,0,0,1,13,18446744073709544545,18446744073709551030,18446744073709551030,18446744073709551342,9,1,1,2424089264554450642,0,0,7,11515076970747548246,0,1,1,0
PAWN_AUDIT_RESULT,3612,6,6,-289,0,0,-289,0,5,5,0,0
PAWN_AUDIT_ENTRY,3615,7509274109883295497,8862447239215440598,5284661439604102505,12795089502533764802,3234,18446744073709551363,18446744073709551364,18446744073709551356,12,11,5,18,18446744073709534550,18446744073709550278,7,0,0,0,0,1,0,0,0,18446744073709551342,18446744073709551354,18446744073704287152,13,6837,0,0,1,9,18446744073709544433,18446744073709551030,18446744073709551030,18446744073709551342,9,1,1,2424089264554450642,0,0,7,11515076970747548246,0,0,1,0
PAWN_AUDIT_RESULT,3615,5,5,-461,0,0,-461,0,0,0,0,0
PAWN_AUDIT_ENTRY,3616,8862447239215440598,8558947628765992974,5284661439604102505,11635455673591884409,3104,18446744073709551363,18446744073709551364,18446744073709551356,12,11,5,19,18446744073709534556,18446744073709550278,7,0,0,0,0,1,0,0,0,18446744073709551342,18446744073709551354,18446744073704287152,13,6838,0,0,1,9,18446744073709544436,18446744073709551030,18446744073709551030,18446744073709551342,9,1,1,2424089264554450642,0,0,7,11515076970747548246,0,0,1,0
PAWN_AUDIT_RESULT,3616,5,5,-351,0,0,-351,0,0,0,0,0
PAWN_AUDIT_ENTRY,3617,8558947628765992974,6249180720895368814,5284661439604102505,3877665528808147525,3828,18446744073709551363,18446744073709551364,18446744073709551356,12,11,5,20,18446744073709535858,18446744073709549179,7,0,0,0,0,1,0,0,0,18446744073709551342,18446744073709551354,18446744073704287152,13,6839,0,0,1,13,18446744073709545028,18446744073709551030,18446744073709551030,18446744073709551342,9,1,1,2424089264554450642,0,0,7,11515076970747548246,0,1,1,0
PAWN_AUDIT_RESULT,3617,5,5,-423,0,0,-423,0,0,0,0,0
PAWN_AUDIT_ENTRY,3618,6249180720895368814,11892875656968630503,5284661439604102505,1473201757019328797,3321,18446744073709551363,18446744073709551364,18446744073709551356,12,11,5,21,18446744073709534607,18446744073709548874,7,0,0,0,0,1,0,0,0,18446744073709551342,18446744073709551354,18446744073704287152,13,6840,0,0,1,10,18446744073709544459,18446744073709551030,18446744073709551030,18446744073709551342,9,1,1,2424089264554450642,0,0,7,11515076970747548246,0,1,1,0
PAWN_AUDIT_RESULT,3618,5,5,-524,0,0,-524,0,0,0,0,0
PAWN_AUDIT_ENTRY,3619,11892875656968630503,11185400708409127188,5284661439604102505,14530485153447600379,3641,18446744073709551363,18446744073709551364,18446744073709551356,12,11,5,22,18446744073709534591,18446744073709548874,7,0,0,0,0,1,0,0,0,18446744073709551342,18446744073709551354,18446744073704287152,13,6841,0,0,1,12,18446744073709544452,18446744073709551030,18446744073709551030,18446744073709551342,9,1,1,2424089264554450642,0,0,7,11515076970747548246,0,1,1,0
PAWN_AUDIT_RESULT,3619,5,5,-382,0,0,-382,0,0,0,0,0
PAWN_AUDIT_ENTRY,3620,11185400708409127188,5264044800096940210,5284661439604102505,7275462700852225312,3305,18446744073709551363,18446744073709551364,18446744073709551356,12,11,5,23,18446744073709534596,18446744073709548874,7,0,0,0,0,1,0,0,0,18446744073709551342,18446744073709551354,18446744073704287152,13,6842,0,0,1,10,18446744073709544454,18446744073709551030,18446744073709551030,18446744073709551342,9,1,1,2424089264554450642,0,0,7,11515076970747548246,0,1,1,0
PAWN_AUDIT_RESULT,3620,5,5,-419,0,0,-419,0,0,0,0,0
PAWN_AUDIT_ENTRY,3621,5264044800096940210,8201874386020691486,5284661439604102505,3820142208533478753,3957,18446744073709551363,18446744073709551364,18446744073709551356,12,11,6,24,18446744073709539881,18446744073709546870,7,0,0,0,0,1,0,0,0,18446744073709551342,18446744073709551354,18446744073704287152,13,6843,0,0,1,12,18446744073709546857,18446744073709551030,18446744073709551030,18446744073709551342,9,1,1,2424089264554450642,0,0,7,11515076970747548246,0,1,1,0
PAWN_AUDIT_RESULT,3621,6,6,-475,0,0,-475,0,0,0,0,0
PAWN_AUDIT_ENTRY,3678,5713379484359102793,5606476504159096163,15879216962111665350,12397267408994375436,511,253,254,18446744073709551477,9,8,3,28,18446744073709549646,18446744073709550278,8,0,0,0,0,0,0,0,1,18446744073709550599,18446744073709550599,18446744073708107313,13,6963,0,0,1,4,18446744073709551613,18446744073709551030,18446744073709550380,114,0,1,1,6707751097017564453,0,0,8,118543161737062420,0,1,1,0
PAWN_AUDIT_RESULT,3678,3,3,-773,0,0,-773,0,2,2,0,0
PAWN_AUDIT_ENTRY,3681,7044054132290163274,3234760272966065544,16907084131721498329,15591337880506288016,2274,253,254,116,12,11,5,5,18446744073709551151,18446744073709550278,6,0,0,0,0,0,0,0,0,18446744073709551005,18446744073709551005,2283927,13,6968,0,0,1,5,18446744073709551613,18446744073709551030,174,160,5,1,1,6707751097017564453,0,0,6,5864670569387174022,0,1,1,0
PAWN_AUDIT_RESULT,3681,5,5,-538,0,0,-538,0,0,0,0,0
PAWN_AUDIT_ENTRY,3682,3234760272966065544,16730928996241366936,16907084131721498329,8874576549324655511,2243,253,254,116,12,11,4,6,18446744073709544946,7,6,0,0,0,0,0,0,0,0,18446744073709551005,18446744073709551005,2283927,13,6969,0,0,1,5,18446744073709549560,18446744073709551030,18446744073709550206,160,5,1,1,6707751097017564453,0,0,6,5864670569387174022,0,1,1,0
PAWN_AUDIT_RESULT,3682,4,4,-362,0,0,-362,0,0,0,0,0
PAWN_AUDIT_ENTRY,3685,16996053282337546056,11225592622689699718,16907084131721498329,11166598056080682259,511,253,254,116,12,11,4,38,18446744073709550340,18446744073709550278,6,0,0,0,0,0,0,0,1,18446744073709551005,18446744073709551005,2283927,13,6974,0,0,1,4,18446744073709551613,18446744073709551030,18446744073709551030,160,5,1,1,6707751097017564453,0,0,6,5864670569387174022,0,1,1,0
PAWN_AUDIT_RESULT,3685,4,4,-1121,0,0,-1121,0,1,1,0,0
PAWN_AUDIT_ENTRY,3690,7162864387874611891,12879316590690159611,9245346628990624660,12932347339793266909,853,76,77,18446744073709551612,6,5,1,5,18446744073709539375,18446744073709550278,6,0,0,0,0,0,0,0,0,3,3,373428,13,6984,0,0,1,1,18446744073709546627,18446744073709551030,18446744073709551030,76,0,1,1,6903717121638139746,0,0,6,5925086001212087686,0,0,1,0
PAWN_AUDIT_RESULT,3690,1,1,-73,0,0,-73,0,0,0,0,0
PAWN_AUDIT_ENTRY,3691,12879316590690159611,8733655076020851871,9245346628990624660,407331684640265059,75,76,77,18446744073709551612,6,5,2,6,18446744073709550773,18446744073709550278,6,0,0,0,0,0,0,0,0,3,3,373428,13,6985,0,0,1,2,194,18446744073709551030,18446744073709551030,76,0,1,1,6903717121638139746,0,0,6,5925086001212087686,0,1,1,0
PAWN_AUDIT_RESULT,3691,2,2,-219,0,0,-219,0,4,4,0,0
PAWN_AUDIT_ENTRY,3694,17325581636980352486,16768059258302412732,13900832927897873864,4972147856737443135,75,253,254,227,14,13,11,5,18446744073709542009,18446744073709549814,4,0,0,0,0,1,0,0,0,18446744073709551600,18446744073709551600,466585,13,6991,0,0,1,2,2506,18446744073709542638,18446744073709546701,227,13,1,1,2263430475772496190,0,0,4,12590948780588178913,0,1,1,0
PAWN_AUDIT_RESULT,3694,11,11,216,0,0,216,0,0,0,0,0
PAWN_AUDIT_ENTRY,3696,8679433595573446678,11767164473859087372,13900832927897873864,17572853608882960001,853,253,254,227,14,13,10,7,18446744073709539142,18446744073709550278,4,0,0,0,0,1,0,0,0,18446744073709551600,18446744073709551600,466585,13,6993,0,0,1,1,18446744073709546193,18446744073709551568,18446744073709551152,227,13,1,1,2263430475772496190,0,0,4,12590948780588178913,0,0,1,0
PAWN_AUDIT_RESULT,3696,10,10,71,0,0,71,0,0,0,0,0
PAWN_AUDIT_ENTRY,3697,11767164473859087372,1308642322935086294,13900832927897873864,7939271784949742493,267,253,254,227,14,13,10,8,18446744073709537314,18446744073709548874,4,0,0,0,0,1,0,0,0,18446744073709551600,18446744073709551600,466585,13,6994,0,0,1,6,18446744073709545429,18446744073709551158,18446744073709551436,227,13,1,1,2263430475772496190,0,0,4,12590948780588178913,0,1,1,0
PAWN_AUDIT_RESULT,3697,10,10,-182,0,0,-182,0,0,0,0,0
PAWN_AUDIT_ENTRY,3698,1308642322935086294,438429272172124974,13900832927897873864,9238041115391142240,203,253,254,227,14,13,9,9,18446744073709535005,18446744073709548874,4,0,0,0,0,1,0,0,0,18446744073709551600,18446744073709551600,466585,13,6995,0,0,1,5,18446744073709544640,18446744073709551030,18446744073709551030,227,13,1,1,2263430475772496190,0,0,4,12590948780588178913,0,1,1,0
PAWN_AUDIT_RESULT,3698,9,9,81,0,0,81,0,0,0,0,0
PAWN_AUDIT_ENTRY,3699,438429272172124974,5239880830648930374,13900832927897873864,747259369213035363,261,253,254,227,14,13,9,13,18446744073709535741,18446744073709548874,4,0,0,0,0,1,0,0,0,18446744073709551600,18446744073709551600,466585,13,6996,0,0,1,6,18446744073709546052,18446744073709549992,18446744073709549880,227,13,1,1,2263430475772496190,0,0,4,12590948780588178913,0,1,1,0
PAWN_AUDIT_RESULT,3699,9,9,84,0,0,84,0,0,0,0,0
PAWN_AUDIT_ENTRY,3700,5239880830648930374,7907739212099446726,13900832927897873864,6751832515879352160,222,253,254,227,14,13,9,14,18446744073709532881,18446744073709549201,4,0,0,0,0,1,0,0,0,18446744073709551600,18446744073709551600,466585,13,6997,0,0,1,5,18446744073709544482,18446744073709550184,18446744073709550237,227,13,1,1,2263430475772496190,0,0,4,12590948780588178913,0,1,1,0
PAWN_AUDIT_RESULT,3700,9,9,253,0,0,253,0,0,0,0,0
PAWN_AUDIT_ENTRY,3701,7907739212099446726,13745105224448604557,13900832927897873864,6221569569389062192,1878,253,254,253,14,13,9,15,18446744073709533854,18446744073709549560,4,0,0,0,0,1,0,0,0,18446744073709551600,18446744073709551600,466585,13,6998,0,0,1,3,18446744073709544477,18446744073709550779,18446744073709550546,227,13,1,1,2263430475772496190,0,0,4,12590948780588178913,0,1,1,0
PAWN_AUDIT_RESULT,3701,9,9,253,0,0,253,0,0,0,0,0
PAWN_AUDIT_ENTRY,3702,13745105224448604557,7059697521068603050,13900832927897873864,6109563628003898526,396,253,254,253,14,13,9,16,18446744073709532112,18446744073709549386,4,0,0,0,0,1,0,0,0,18446744073709551600,18446744073709551600,466585,13,6999,0,0,1,2,18446744073709544488,18446744073709549803,18446744073709549897,227,13,1,1,2263430475772496190,0,0,4,12590948780588178913,0,1,1,0
PAWN_AUDIT_RESULT,3702,9,9,240,0,0,240,0,0,0,0,0
PAWN_AUDIT_ENTRY,3703,7059697521068603050,11136093520965603749,13900832927897873864,7185297556408076860,268,253,254,253,14,13,9,17,18446744073709533930,18446744073709548874,4,0,0,0,0,1,0,0,0,18446744073709551600,18446744073709551600,466585,13,7000,0,0,1,6,18446744073709545021,18446744073709550287,18446744073709550003,227,13,1,1,2263430475772496190,0,0,4,12590948780588178913,0,1,1,0
PAWN_AUDIT_RESULT,3703,9,9,-25,0,0,-25,0,0,0,0,0
PAWN_AUDIT_ENTRY,3704,11136093520965603749,7516906395607086124,13900832927897873864,1114228831630616073,407,253,254,253,14,13,9,18,18446744073709532581,18446744073709549070,4,0,0,0,0,1,0,0,0,18446744073709551600,18446744073709551600,466585,13,7001,0,0,1,2,18446744073709544509,18446744073709549996,18446744073709550094,227,13,1,1,2263430475772496190,0,0,4,12590948780588178913,0,1,1,0
PAWN_AUDIT_RESULT,3704,9,9,240,0,0,240,0,0,0,0,0
PAWN_AUDIT_ENTRY,3705,7516906395607086124,11141434760377038789,13900832927897873864,4809840775647358153,202,253,254,253,14,13,9,19,18446744073709532724,18446744073709549407,4,0,0,0,0,1,0,0,0,18446744073709551600,18446744073709551600,466585,13,7002,0,0,1,5,18446744073709544505,18446744073709550073,18446744073709550157,227,13,1,1,2263430475772496190,0,0,4,12590948780588178913,0,1,1,0
PAWN_AUDIT_RESULT,3705,9,9,221,0,0,221,0,1,1,0,0
PAWN_AUDIT_ENTRY,3706,11141434760377038789,4647606172197258039,13900832927897873864,13915977057143181749,926,253,254,253,14,13,9,20,18446744073709531537,18446744073709550278,4,0,0,0,0,1,0,0,0,18446744073709551600,18446744073709551600,466585,13,7004,0,0,1,1,18446744073709544448,18446744073709549680,18446744073709549567,227,13,1,1,2263430475772496190,0,0,4,12590948780588178913,0,0,1,0
PAWN_AUDIT_RESULT,3706,9,9,56,0,0,56,0,0,0,0,0
PAWN_AUDIT_ENTRY,3707,4647606172197258039,5255658755845817499,13900832927897873864,7117349261300617166,536,253,254,253,14,13,9,21,18446744073709531338,18446744073709550278,4,0,0,0,0,1,0,0,0,18446744073709551600,18446744073709551600,466585,13,7005,0,0,1,1,18446744073709544439,18446744073709549546,18446744073709549538,227,13,1,1,2263430475772496190,0,0,4,12590948780588178913,0,0,1,0
PAWN_AUDIT_RESULT,3707,9,9,253,0,0,253,0,0,0,0,0
PAWN_AUDIT_ENTRY,3708,5255658755845817499,10505954023083217178,13900832927897873864,7137233689391868781,194,253,254,253,14,13,9,22,18446744073709533098,18446744073709548874,4,0,0,0,0,1,0,0,0,18446744073709551600,18446744073709551600,466585,13,7006,0,0,1,5,18446744073709544476,18446744073709550348,18446744073709550284,227,13,1,1,2263430475772496190,0,0,4,12590948780588178913,0,1,1,0
PAWN_AUDIT_RESULT,3708,9,9,16,0,0,16,0,0,0,0,0
PAWN_AUDIT_ENTRY,3709,10505954023083217178,12046034467173749930,13900832927897873864,9848828794424556194,204,253,254,253,14,13,9,23,18446744073709533172,18446744073709548874,4,0,0,0,0,1,0,0,0,18446744073709551600,18446744073709551600,466585,13,7007,0,0,1,5,18446744073709544469,18446744073709550404,18446744073709550310,227,13,1,1,2263430475772496190,0,0,4,12590948780588178913,0,1,1,0
PAWN_AUDIT_RESULT,3709,9,9,13,0,0,13,0,0,0,0,0
PAWN_AUDIT_ENTRY,3710,12046034467173749930,18349661132928241270,13900832927897873864,6329213032353496925,216,253,254,253,14,13,9,24,18446744073709532856,18446744073709548874,4,0,0,0,0,1,0,0,0,18446744073709551600,18446744073709551600,466585,13,7008,0,0,1,5,18446744073709544460,18446744073709550234,18446744073709550208,227,13,1,1,2263430475772496190,0,0,4,12590948780588178913,0,1,1,0
PAWN_AUDIT_RESULT,3710,9,9,68,0,0,68,0,0,0,0,0
PAWN_AUDIT_ENTRY,3711,18349661132928241270,2952529229083758660,13900832927897873864,5474188878722815674,80,253,254,253,14,13,9,25,18446744073709532341,18446744073709549658,4,0,0,0,0,1,0,0,0,18446744073709551600,18446744073709551600,466585,13,7009,0,0,1,2,18446744073709544572,18446744073709549945,18446744073709549792,227,13,1,1,2263430475772496190,0,0,4,12590948780588178913,0,1,1,0
PAWN_AUDIT_RESULT,3711,9,9,253,0,0,253,0,0,0,0,0
PAWN_AUDIT_ENTRY,3712,2952529229083758660,13910937659278163210,13900832927897873864,8396094298466344542,1903,253,254,253,14,13,9,27,18446744073709533248,18446744073709548874,4,0,0,0,0,1,0,0,0,18446744073709551600,18446744073709551600,466585,13,7010,0,0,1,3,18446744073709544494,18446744073709550434,18446744073709550299,227,13,1,1,2263430475772496190,0,0,4,12590948780588178913,0,1,1,0
PAWN_AUDIT_RESULT,3712,9,9,83,0,0,83,0,0,0,0,0
PAWN_AUDIT_ENTRY,3713,13910937659278163210,5054097558485962158,13900832927897873864,17419175733716115898,471,253,254,253,14,13,9,30,18446744073709533240,18446744073709548874,4,0,0,0,0,1,0,0,0,18446744073709551600,18446744073709551600,466585,13,7011,0,0,1,4,18446744073709544478,18446744073709550496,18446744073709550260,227,13,1,1,2263430475772496190,0,0,4,12590948780588178913,0,1,1,0
PAWN_AUDIT_RESULT,3713,9,9,20,0,0,20,0,0,0,0,0
PAWN_AUDIT_ENTRY,3714,5054097558485962158,3428001475213368290,13900832927897873864,15122002532549520503,463,253,254,253,14,13,9,32,18446744073709533165,18446744073709548874,4,0,0,0,0,1,0,0,0,18446744073709551600,18446744073709551600,466585,13,7012,0,0,1,4,18446744073709544478,18446744073709550437,18446744073709550251,227,13,1,1,2263430475772496190,0,0,4,12590948780588178913,0,1,1,0
PAWN_AUDIT_RESULT,3714,9,9,24,0,0,24,0,0,0,0,0
PAWN_AUDIT_ENTRY,3715,3428001475213368290,8108611973473859424,13900832927897873864,16678506204471304631,1871,253,254,253,14,13,9,34,18446744073709533730,18446744073709548874,4,0,0,0,0,1,0,0,0,18446744073709551600,18446744073709551600,466585,13,7013,0,0,1,3,18446744073709544483,18446744073709550722,18446744073709550476,227,13,1,1,2263430475772496190,0,0,4,12590948780588178913,0,1,1,0
PAWN_AUDIT_RESULT,3715,9,9,62,0,0,62,0,0,0,0,0
PAWN_AUDIT_ENTRY,3716,8108611973473859424,47320165257495019,13900832927897873864,12735075087288438274,511,253,254,253,14,13,11,36,18446744073709550340,18446744073709550278,4,0,0,0,0,1,0,0,1,18446744073709551600,18446744073709551600,466585,13,7014,0,0,1,4,18446744073709551613,18446744073709551030,18446744073709551030,227,13,1,1,2263430475772496190,0,0,4,12590948780588178913,0,1,1,0
PAWN_AUDIT_RESULT,3716,11,11,-566,0,0,-566,0,2,2,0,0
PAWN_AUDIT_ENTRY,3718,12349175589467892565,14371122902319370573,6775097255184782800,9959889786914449299,4031,18446744073709551362,18446744073709551363,18446744073709551015,13,12,4,2,18446744073709548965,18446744073709548874,3,0,1,0,0,0,0,0,0,132,132,18446744073706837255,13,7024,0,0,0,14,18446744073709545874,4858,4342,32002,18446744073709551614,0,1,1157380880184341608,1,0,3,14956217023383081118,0,2,1,0
PAWN_AUDIT_RESULT,3718,4,4,-257,0,0,-257,0,3,3,0,0
PAWN_AUDIT_ENTRY,3719,14371122902319370573,12866289080106631777,6775097255184782800,11895432945654525935,3964,18446744073709551362,18446744073709551363,18446744073709551359,13,12,3,3,18446744073709542709,18446744073709550278,3,0,1,0,0,0,0,0,0,132,132,18446744073706837255,13,7028,0,0,0,12,18446744073709548336,18446744073709550916,18446744073709550750,32002,18446744073709551614,0,1,1157380880184341608,1,0,3,14956217023383081118,0,2,1,0
PAWN_AUDIT_ENTRY,3722,1718640517053195686,17718635271534720857,12282324421040313017,3430237928291263054,75,253,254,65,11,10,7,2,18446744073709543364,18446744073709549814,6,0,0,0,0,0,0,0,0,18446744073709551456,18446744073709551456,2429375,13,7036,0,0,1,2,3122,18446744073709542638,18446744073709546701,146,0,1,1,2263430475772496190,0,0,6,14134037453153624720,0,1,1,0
PAWN_AUDIT_RESULT,3722,7,7,116,0,0,116,0,0,0,0,0
PAWN_AUDIT_ENTRY,3724,5279338074702011930,4878917732593179250,12282324421040313017,4080291267923387127,2348,253,254,116,11,10,7,4,18446744073709547917,18446744073709550333,6,0,0,0,0,0,0,0,0,18446744073709551456,18446744073709551456,2429375,13,7038,0,0,1,1,18446744073709551557,18446744073709549262,18446744073709550697,146,0,1,1,2263430475772496190,0,0,6,14134037453153624720,0,0,1,0
PAWN_AUDIT_RESULT,3724,7,7,36,0,0,36,0,2,2,0,0
PAWN_AUDIT_ENTRY,3725,4878917732593179250,16371069777450727468,12282324421040313017,4282396513596465221,2267,253,254,116,11,10,6,5,18446744073709542119,18446744073709551310,6,0,0,0,0,0,0,0,0,18446744073709551456,18446744073709551456,2429375,13,7041,0,0,1,5,18446744073709546820,18446744073709551536,1066,146,0,1,1,2263430475772496190,0,0,6,14134037453153624720,0,1,1,0
PAWN_AUDIT_RESULT,3725,6,6,35,0,0,35,0,0,0,0,0
PAWN_AUDIT_ENTRY,3726,16371069777450727468,5135965072808715694,12282324421040313017,4321564302228314103,2243,253,254,116,11,10,6,6,18446744073709542972,18446744073709550278,6,0,0,0,0,0,0,0,0,18446744073709551456,18446744073709551456,2429375,13,7042,0,0,1,5,18446744073709548547,18446744073709550890,18446744073709550588,146,0,1,1,2263430475772496190,0,0,6,14134037453153624720,0,1,1,0
PAWN_AUDIT_RESULT,3726,6,6,-16,0,0,-16,0,0,0,0,0
PAWN_AUDIT_ENTRY,3728,17245558048829515907,683390853933490896,12282324421040313017,16808571464620928464,2266,253,254,116,11,10,5,10,18446744073709541092,18446744073709550278,6,0,0,0,0,0,0,0,0,18446744073709551456,18446744073709551456,2429375,13,7045,0,0,1,5,18446744073709547408,18446744073709551030,18446744073709551030,146,0,1,1,2263430475772496190,0,0,6,14134037453153624720,0,1,1,0
PAWN_AUDIT_RESULT,3728,5,5,-23,0,0,-23,0,0,0,0,0
PAWN_AUDIT_ENTRY,3729,683390853933490896,371351262502974524,12282324421040313017,16552336844217956033,2272,253,254,116,11,10,5,11,18446744073709541092,18446744073709550278,6,0,0,0,0,0,0,0,0,18446744073709551456,18446744073709551456,2429375,13,7046,0,0,1,5,18446744073709547408,18446744073709551030,18446744073709551030,146,0,1,1,2263430475772496190,0,0,6,14134037453153624720,0,1,1,0
PAWN_AUDIT_RESULT,3729,5,5,-71,0,0,-71,0,0,0,0,0
PAWN_AUDIT_ENTRY,3730,371351262502974524,184476194560970150,12282324421040313017,14812934869627617264,2273,253,254,116,11,10,5,12,18446744073709541092,18446744073709550278,6,0,0,0,0,0,0,0,0,18446744073709551456,18446744073709551456,2429375,13,7047,0,0,1,5,18446744073709547408,18446744073709551030,18446744073709551030,146,0,1,1,2263430475772496190,0,0,6,14134037453153624720,0,1,1,0
PAWN_AUDIT_RESULT,3730,5,5,-48,0,0,-48,0,0,0,0,0
PAWN_AUDIT_ENTRY,3731,184476194560970150,8834172368896109005,12282324421040313017,11044348396922571248,853,253,254,116,11,10,5,13,18446744073709538377,18446744073709550278,6,0,0,0,0,0,0,0,0,18446744073709551456,18446744073709551456,2429375,13,7048,0,0,1,1,18446744073709545845,18446744073709551568,18446744073709551152,146,0,1,1,2263430475772496190,0,0,6,14134037453153624720,0,0,1,0
PAWN_AUDIT_RESULT,3731,5,5,-57,0,0,-57,0,0,0,0,0
PAWN_AUDIT_ENTRY,3732,8834172368896109005,6287752463128268514,12282324421040313017,13273109672145927848,259,253,254,116,11,10,5,14,18446744073709538332,18446744073709550278,6,0,0,0,0,0,0,0,0,18446744073709551456,18446744073709551456,2429375,13,7049,0,0,1,6,18446744073709546153,18446744073709551030,18446744073709551030,146,0,1,1,2263430475772496190,0,0,6,14134037453153624720,0,1,1,0
PAWN_AUDIT_RESULT,3732,5,5,-244,0,0,-244,0,0,0,0,0
PAWN_AUDIT_ENTRY,3733,6287752463128268514,16839363106312896538,12282324421040313017,15719298041943978355,511,253,254,242,11,10,6,38,18446744073709550340,18446744073709550278,6,0,0,0,0,0,0,0,1,18446744073709551456,18446744073709551456,2429375,13,7050,0,0,1,4,18446744073709551613,18446744073709551030,18446744073709551030,146,0,1,1,2263430475772496190,0,0,6,14134037453153624720,0,1,1,0
PAWN_AUDIT_RESULT,3733,6,6,-625,0,0,-625,0,1,1,0,0
PAWN_AUDIT_ENTRY,3738,15555419775509910422,18060623357547503145,11895432945654525935,17326068679926025458,2543,253,254,253,13,12,6,5,18446744073709550738,18446744073709550278,4,0,0,0,0,0,0,0,0,18446744073709551424,18446744073709551424,1857618,13,7069,0,0,0,1,1764,18446744073709547858,18446744073709551030,199,4,1,1,1157380880184341608,2,0,4,6775097255184782800,0,0,1,0
PAWN_AUDIT_RESULT,3738,6,6,118,0,0,118,0,0,0,0,0
PAWN_AUDIT_ENTRY,3740,8161430111275052617,16370325817997746787,11895432945654525935,3791962818921769633,2243,253,254,253,13,12,4,9,18446744073709540930,18446744073709550278,4,0,0,0,0,0,0,0,0,18446744073709551424,18446744073709551424,1857618,13,7072,0,0,0,5,18446744073709547734,18446744073709551030,18446744073709550206,199,4,1,1,1157380880184341608,2,0,4,6775097255184782800,0,3,1,0
PAWN_AUDIT_RESULT,3740,4,4,1,0,0,1,0,0,0,0,0
PAWN_AUDIT_ENTRY,3741,16370325817997746787,6315612361150977591,11895432945654525935,16582974492376993926,2266,253,254,253,13,12,4,10,18446744073709539799,18446744073709550278,4,0,0,0,0,0,0,0,0,18446744073709551424,18446744073709551424,1857618,13,7073,0,0,0,5,18446744073709546820,18446744073709551030,18446744073709551030,199,4,1,1,1157380880184341608,2,0,4,6775097255184782800,0,3,1,0
PAWN_AUDIT_RESULT,3741,4,4,-30,0,0,-30,0,0,0,0,0
PAWN_AUDIT_ENTRY,3742,6315612361150977591,7776311591932483582,11895432945654525935,16920924749569805207,2272,253,254,253,13,12,4,11,18446744073709539799,18446744073709550278,4,0,0,0,0,0,0,0,0,18446744073709551424,18446744073709551424,1857618,13,7074,0,0,0,5,18446744073709546820,18446744073709551030,18446744073709551030,199,4,1,1,1157380880184341608,2,0,4,6775097255184782800,0,3,1,0
PAWN_AUDIT_RESULT,3742,4,4,-58,0,0,-58,0,0,0,0,0
PAWN_AUDIT_ENTRY,3743,7776311591932483582,3862884331340945855,11895432945654525935,14048020305757553318,2273,253,254,253,13,12,4,12,18446744073709539799,18446744073709550278,4,0,0,0,0,0,0,0,0,18446744073709551424,18446744073709551424,1857618,13,7075,0,0,0,5,18446744073709546820,18446744073709551030,18446744073709551030,199,4,1,1,1157380880184341608,2,0,4,6775097255184782800,0,3,1,0
PAWN_AUDIT_RESULT,3743,4,4,-47,0,0,-47,0,0,0,0,0
PAWN_AUDIT_ENTRY,3744,3862884331340945855,16812529986332462954,11895432945654525935,3749428321390697747,2267,253,254,253,13,12,4,13,18446744073709541543,18446744073709550212,4,0,0,0,0,0,0,0,0,18446744073709551424,18446744073709551424,1857618,13,7076,0,0,0,5,18446744073709546348,18446744073709551169,1877,199,4,1,1,1157380880184341608,2,0,4,6775097255184782800,0,3,1,0
PAWN_AUDIT_RESULT,3744,4,4,28,0,0,28,0,0,0,0,0
PAWN_AUDIT_ENTRY,3745,16812529986332462954,4712003107279192975,11895432945654525935,15327810171562374597,2251,253,254,253,13,12,4,14,18446744073709541092,18446744073709548874,4,0,0,0,0,0,0,0,0,18446744073709551424,18446744073709551424,1857618,13,7077,0,0,0,5,18446744073709547408,18446744073709551030,18446744073709551030,199,4,1,1,1157380880184341608,2,0,4,6775097255184782800,0,3,1,0
PAWN_AUDIT_RESULT,3745,4,4,-34,0,0,-34,0,0,0,0,0
PAWN_AUDIT_ENTRY,3746,4712003107279192975,14428909006589475157,11895432945654525935,13210477372044657662,259,253,254,253,13,12,4,15,18446744073709537585,18446744073709550278,4,0,0,0,0,0,0,0,0,18446744073709551424,18446744073709551424,1857618,13,7078,0,0,0,6,18446744073709545813,18446744073709551030,18446744073709551030,199,4,1,1,1157380880184341608,2,0,4,6775097255184782800,0,3,1,0
PAWN_AUDIT_RESULT,3746,4,4,-263,0,0,-263,0,0,0,0,0
PAWN_AUDIT_ENTRY,3747,14428909006589475157,13691714852252546441,11895432945654525935,10818751967991985318,853,253,254,253,13,12,3,16,18446744073709537041,18446744073709550278,4,0,0,0,0,0,0,0,0,18446744073709551424,18446744073709551424,1857618,13,7079,0,0,0,1,18446744073709545566,18446744073709551030,18446744073709551030,199,4,1,1,1157380880184341608,2,0,4,6775097255184782800,0,0,1,0
PAWN_AUDIT_RESULT,3747,3,3,-68,0,0,-68,0,0,0,0,0
PAWN_AUDIT_ENTRY,3748,13691714852252546441,17035535834488532909,11895432945654525935,18370443598588275573,2257,253,254,253,13,12,4,17,18446744073709540870,18446744073709550278,4,0,0,0,0,0,0,0,0,18446744073709551424,18446744073709551424,1857618,13,7080,0,0,0,5,18446744073709547408,18446744073709550828,18446744073709551030,199,4,1,1,1157380880184341608,2,0,4,6775097255184782800,0,3,1,0
PAWN_AUDIT_RESULT,3748,4,4,-58,0,0,-58,0,0,0,0,0
PAWN_AUDIT_RESULT,3719,3,3,-199,1,13,-253,0,4,52,1,1
PAWN_AUDIT_ENTRY,3750,15355399515876196423,12633580762742101275,16188082833936796799,8155258867069192497,227,76,77,18446744073709551548,6,5,2,2,18446744073709550054,18446744073709548874,4,0,0,0,0,0,0,0,0,18446744073709551375,18446744073709551375,18446744073708890188,13,7088,0,0,1,5,18446744073709551483,18446744073709551030,18446744073709551030,98,6,1,1,12097376579709581474,0,0,4,11162372559915348867,0,1,1,0
PAWN_AUDIT_RESULT,3750,2,2,-105,0,0,-105,0,0,0,0,0
PAWN_AUDIT_ENTRY,3752,8977398216165869846,4716352189070216914,14956217023383081118,8065225267914112224,219,253,254,253,14,13,10,4,18446744073709550356,18446744073709548833,2,0,0,0,0,1,0,2542,0,18446744073709551583,18446744073709551583,18446744073709352365,13,7090,0,0,1,5,993,18446744073709550540,18446744073709549498,213,11,1,1,1157380880184341608,0,0,2,31512960912239482,0,1,1,0
PAWN_AUDIT_RESULT,3752,10,10,253,0,0,253,0,2,2,0,0
PAWN_AUDIT_ENTRY,3760,4171312036614263412,15000334110857763009,14956217023383081118,13958017214060036045,405,253,254,253,14,13,9,7,18446744073709546394,18446744073709548885,2,0,0,0,0,1,0,2542,0,18446744073709551583,18446744073709551583,18446744073709352365,13,7107,0,0,1,2,18446744073709548535,18446744073709551487,1588,213,11,1,1,1157380880184341608,0,0,2,31512960912239482,0,1,1,0
PAWN_AUDIT_RESULT,3760,9,9,87,0,0,87,0,0,0,0,0
PAWN_AUDIT_ENTRY,3762,14384901387914535874,13079721371046815807,14956217023383081118,376131581263707701,261,253,254,253,14,13,7,9,18446744073709537406,18446744073709550278,2,0,0,0,0,1,0,2542,0,18446744073709551583,18446744073709551583,18446744073709352365,13,7109,0,0,1,6,18446744073709545732,18446744073709551030,18446744073709551030,213,11,1,1,1157380880184341608,0,0,2,31512960912239482,0,1,1,0
PAWN_AUDIT_RESULT,3762,7,7,60,0,0,60,0,0,0,0,0
PAWN_AUDIT_ENTRY,3763,13079721371046815807,5356137376113342506,14956217023383081118,7010820794334054091,267,253,254,253,14,13,7,10,18446744073709536307,18446744073709548874,2,0,0,0,0,1,0,2542,0,18446744073709551583,18446744073709551583,18446744073709352365,13,7110,0,0,1,6,18446744073709545232,18446744073709551030,18446744073709551030,213,11,1,1,1157380880184341608,0,0,2,31512960912239482,0,1,1,0
PAWN_AUDIT_RESULT,3763,7,7,-215,0,0,-215,0,0,0,0,0
PAWN_AUDIT_ENTRY,3764,5356137376113342506,8280834443163643724,14956217023383081118,7841272516754437994,268,253,254,253,14,13,7,11,18446744073709535434,18446744073709550278,2,0,0,0,0,1,0,2542,0,18446744073709551583,18446744073709551583,18446744073709352365,13,7111,0,0,1,6,18446744073709544904,18446744073709550886,18446744073709551036,213,11,1,1,1157380880184341608,0,0,2,31512960912239482,0,1,1,0
PAWN_AUDIT_RESULT,3764,7,7,-66,0,0,-66,0,0,0,0,0
PAWN_AUDIT_ENTRY,3765,8280834443163643724,9854011862427120945,14956217023383081118,16049317171488756001,463,253,254,253,14,13,7,12,18446744073709534629,18446744073709550278,2,0,0,0,0,1,0,2542,0,18446744073709551583,18446744073709551583,18446744073709352365,13,7112,0,0,1,4,18446744073709544469,18446744073709551030,18446744073709551030,213,11,1,1,1157380880184341608,0,0,2,31512960912239482,0,1,1,0
PAWN_AUDIT_RESULT,3765,7,7,-24,0,0,-24,0,0,0,0,0
PAWN_AUDIT_ENTRY,3766,9854011862427120945,11864515707283713111,14956217023383081118,18364515772757253356,471,253,254,253,14,13,7,13,18446744073709534629,18446744073709550278,2,0,0,0,0,1,0,2542,0,18446744073709551583,18446744073709551583,18446744073709352365,13,7113,0,0,1,4,18446744073709544469,18446744073709551030,18446744073709551030,213,11,1,1,1157380880184341608,0,0,2,31512960912239482,0,1,1,0
PAWN_AUDIT_RESULT,3766,7,7,-5,0,0,-5,0,0,0,0,0
PAWN_AUDIT_ENTRY,3767,11864515707283713111,12003346774956661937,14956217023383081118,9784233307722057716,204,253,254,253,14,13,6,16,18446744073709534616,18446744073709550278,2,0,0,0,0,1,0,2542,0,18446744073709551583,18446744073709551583,18446744073709352365,13,7114,0,0,1,5,18446744073709544463,18446744073709551030,18446744073709551030,213,11,1,1,1157380880184341608,0,0,2,31512960912239482,0,1,1,0
PAWN_AUDIT_RESULT,3767,6,6,89,0,0,89,0,0,0,0,0
PAWN_AUDIT_ENTRY,3788,15716176821462084893,17527584621715602051,13268054049721179870,4451996352577646121,75,253,254,184,6,5,3,3,18446744073709549904,658,4,0,0,0,0,0,0,0,0,92,92,7723840,13,7165,0,0,1,2,6096,18446744073709542638,18446744073709546701,240,4,1,1,12531417618742687851,0,0,4,15453042249275748087,0,1,1,0
PAWN_AUDIT_RESULT,3788,3,3,229,0,0,229,0,8,8,0,0
PAWN_AUDIT_ENTRY,3792,10874166310390663638,8047491989008526273,13268054049721179870,3450134915493922695,1226,253,254,229,6,5,1,5,18446744073709547548,18446744073709549777,4,0,0,0,0,0,0,0,0,92,92,7723840,13,7174,0,0,1,3,893,18446744073709546282,18446744073709551459,240,4,1,1,12531417618742687851,0,0,4,15453042249275748087,0,1,1,0
PAWN_AUDIT_RESULT,3792,1,1,160,0,0,160,0,0,0,0,0
PAWN_AUDIT_ENTRY,3800,14686940410090583675,11696209205331110312,10315657707185938114,15730803638486105567,2543,253,254,225,8,7,4,3,18446744073709548512,18446744073709550278,4,0,0,0,0,0,0,0,0,18446744073709551577,18446744073709551577,110598,13,7190,0,0,1,1,18446744073709550782,18446744073709551030,18446744073709551030,53,5,1,1,5812013949507861044,0,0,4,4668061267310552358,0,0,1,0
PAWN_AUDIT_RESULT,3800,4,4,123,0,0,123,0,0,0,0,0
PAWN_AUDIT_ENTRY,3804,18088984688756030093,10507477818337999022,13206556445586334600,16294168082021466261,2543,253,254,231,10,9,2,5,18446744073709548255,18446744073709550278,2,0,0,0,0,0,0,2542,0,81,18446744073709551610,7320834,13,7194,0,0,1,1,18446744073709550665,18446744073709551030,18446744073709551030,81,7,2,1,11713313080367334717,0,0,2,7292223385959144858,0,0,1,0
PAWN_AUDIT_RESULT,3804,2,2,116,0,0,116,0,0,0,0,0
PAWN_AUDIT_ENTRY,3806,17941687404327335036,9558830913277956481,13206556445586334600,2344073770772331217,1226,253,254,231,10,9,2,8,18446744073709551251,18446744073709550278,2,0,0,0,0,0,0,2542,0,81,18446744073709551610,7320834,13,7196,0,0,1,3,411,18446744073709551030,18446744073709551030,81,7,2,1,11713313080367334717,0,0,2,7292223385959144858,0,1,1,0
PAWN_AUDIT_RESULT,3806,2,2,120,0,0,120,0,0,0,0,0
PAWN_AUDIT_ENTRY,3863,6234126295686140589,10363864845518732132,16844851836216403136,11070178632943898488,269,253,254,201,10,9,4,5,18446744073709544714,18446744073709550278,2,0,0,0,0,0,0,0,0,18446744073709551428,18446744073709551428,1508099,13,7340,0,0,0,6,18446744073709549055,18446744073709551030,18446744073709551030,141,5,1,1,8208492077734857700,1,0,2,14183626998167778973,0,2,1,0
PAWN_AUDIT_RESULT,3863,4,4,-2,0,0,-2,0,0,0,0,0
PAWN_AUDIT_TOTAL,3884,18176699247311864688,1866,1
