PAWN_AUDIT_ENTRY,311,2640952162454859201,5467900072039750280,10450951340377651609,5882123834216372594,1828,302,303,286,7,6,1,2,18446744073709550340,18446744073709550278,2,0,1,0,0,0,0,0,0,367,367,2955455,7,748,0,0,0,1,18446744073709551613,18446744073709551030,18446744073709551030,32002,18446744073709551614,0,1,12476096914886272809,1,0,2,3711873112027468267,0,0,1,0
PAWN_AUDIT_RESULT,311,1,1,315,1,6,301,0,1,28,0,0
PAWN_AUDIT_ENTRY,330,8065447815739672918,3755028150314248546,10450951340377651609,11151987837015720841,166,302,303,301,7,6,1,3,18446744073709550340,18446744073709550278,2,0,1,0,0,0,0,0,0,367,367,2955455,7,777,0,0,0,3,18446744073709551613,18446744073709551030,18446744073709551030,32002,18446744073709551614,0,1,12476096914886272809,1,0,2,3711873112027468267,0,2,1,0
PAWN_AUDIT_RESULT,330,1,1,267,0,0,267,0,0,0,0,0
PAWN_AUDIT_ENTRY,331,3755028150314248546,15175281737524189262,10450951340377651609,9581444859962229920,148,302,303,301,7,6,1,4,18446744073709549399,18446744073709550278,2,0,1,0,0,0,0,0,0,367,367,2955455,7,778,0,0,0,3,18446744073709551185,18446744073709551030,18446744073709551030,32002,18446744073709551614,0,1,12476096914886272809,1,0,2,3711873112027468267,0,2,1,0
PAWN_AUDIT_RESULT,331,1,1,250,0,0,250,0,0,0,0,0
PAWN_AUDIT_ENTRY,332,15175281737524189262,1932657590587492519,10450951340377651609,6714165103330919764,324,302,303,301,7,6,1,5,18446744073709544813,18446744073709550278,2,0,1,0,0,0,0,0,0,367,367,2955455,7,779,0,0,0,4,18446744073709549100,18446744073709551030,18446744073709551030,32002,18446744073709551614,0,1,12476096914886272809,1,0,2,3711873112027468267,0,2,1,0
PAWN_AUDIT_RESULT,332,1,1,278,0,0,278,0,0,0,0,0
PAWN_AUDIT_ENTRY,333,1932657590587492519,9688630706885604242,10450951340377651609,1003988802913973304,983,302,303,301,7,6,1,6,18446744073709543019,18446744073709550278,2,0,1,0,0,0,0,0,0,367,367,2955455,7,780,0,0,0,1,18446744073709548284,18446744073709551030,18446744073709551030,32002,18446744073709551614,0,1,12476096914886272809,1,0,2,3711873112027468267,0,0,1,0
PAWN_AUDIT_RESULT,333,1,1,234,0,0,234,0,0,0,0,0
PAWN_AUDIT_ENTRY,334,9688630706885604242,17190496610772873722,10450951340377651609,11916570418656177287,1164,302,303,301,7,6,1,7,18446744073709542940,18446744073709550278,2,0,1,0,0,0,0,0,0,367,367,2955455,7,781,0,0,0,2,18446744073709548248,18446744073709551030,18446744073709551030,32002,18446744073709551614,0,1,12476096914886272809,1,0,2,3711873112027468267,0,2,1,0
PAWN_AUDIT_RESULT,334,1,1,215,0,0,215,0,0,0,0,0
PAWN_AUDIT_ENTRY,335,17190496610772873722,17508195560128184489,10450951340377651609,15658594387622735603,204,302,303,301,7,6,1,8,18446744073709542388,18446744073709550278,2,0,1,0,0,0,0,0,0,367,367,2955455,7,782,0,0,0,5,18446744073709547997,18446744073709551030,18446744073709551030,32002,18446744073709551614,0,1,12476096914886272809,1,0,2,3711873112027468267,0,2,1,0
PAWN_AUDIT_RESULT,335,1,1,283,0,0,283,0,0,0,0,0
PAWN_AUDIT_ENTRY,336,17508195560128184489,18231497306003224563,10450951340377651609,17806512311751673437,1,302,303,301,7,6,1,9,18446744073709541350,18446744073709550278,2,0,1,0,0,0,0,0,0,367,367,2955455,7,783,0,0,0,4,18446744073709547525,18446744073709551030,18446744073709551030,32002,18446744073709551614,0,1,12476096914886272809,1,0,2,3711873112027468267,0,2,1,0
PAWN_AUDIT_RESULT,336,1,1,220,0,0,220,0,0,0,0,0
PAWN_AUDIT_ENTRY,337,18231497306003224563,16985638130673832416,10450951340377651609,7773704544893824582,157,302,303,301,7,6,1,10,18446744073709540282,18446744073709550278,2,0,1,0,0,0,0,0,0,367,367,2955455,7,784,0,0,0,3,18446744073709547902,18446744073709549878,18446744073709550440,32002,18446744073709551614,0,1,12476096914886272809,1,0,2,3711873112027468267,0,2,1,0
PAWN_AUDIT_RESULT,337,1,1,255,0,0,255,0,0,0,0,0
PAWN_AUDIT_ENTRY,338,16985638130673832416,1399129549317520439,10450951340377651609,12940414318757973888,139,302,303,301,7,6,1,11,18446744073709541618,18446744073709550278,2,0,1,0,0,0,0,0,0,367,367,2955455,7,785,0,0,0,3,18446744073709547647,18446744073709551030,18446744073709551030,32002,18446744073709551614,0,1,12476096914886272809,1,0,2,3711873112027468267,0,2,1,0
PAWN_AUDIT_RESULT,338,1,1,217,0,0,217,0,0,0,0,0
PAWN_AUDIT_ENTRY,339,1399129549317520439,13783408175714881514,10450951340377651609,15119864091770518833,203,302,303,301,7,6,1,12,18446744073709541545,18446744073709550278,2,0,1,0,0,0,0,0,0,367,367,2955455,7,786,0,0,0,5,18446744073709547614,18446744073709551030,18446744073709551030,32002,18446744073709551614,0,1,12476096914886272809,1,0,2,3711873112027468267,0,2,1,0
PAWN_AUDIT_RESULT,339,1,1,215,0,0,215,0,0,0,0,0
PAWN_AUDIT_ENTRY,340,13783408175714881514,13579230494556742404,10450951340377651609,227227021890004342,593,302,303,301,7,6,1,13,18446744073709539975,18446744073709550278,2,0,1,0,0,0,0,0,0,367,367,2955455,7,787,0,0,0,1,18446744073709547033,18446744073709550919,18446744073709550870,32002,18446744073709551614,0,1,12476096914886272809,1,0,2,3711873112027468267,0,0,1,0
PAWN_AUDIT_RESULT,340,1,1,203,0,0,203,0,0,0,0,0
PAWN_AUDIT_ENTRY,341,13579230494556742404,8906710944435588954,10450951340377651609,8319548827801451368,196,302,303,301,7,6,1,14,18446744073709540538,18446744073709550278,2,0,1,0,0,0,0,0,0,367,367,2955455,7,788,0,0,0,5,18446744073709547156,18446744073709551030,18446744073709551030,32002,18446744073709551614,0,1,12476096914886272809,1,0,2,3711873112027468267,0,2,1,0
PAWN_AUDIT_RESULT,341,1,1,194,0,0,194,0,0,0,0,0
PAWN_AUDIT_ENTRY,342,8906710944435588954,5240588167242494432,10450951340377651609,15709018738125191625,1380,302,303,301,7,6,1,15,18446744073709541204,18446744073709550278,2,0,1,0,0,0,0,0,0,367,367,2955455,7,789,0,0,0,2,18446744073709547459,18446744073709551030,18446744073709551030,32002,18446744073709551614,0,1,12476096914886272809,1,0,2,3711873112027468267,0,2,1,0
PAWN_AUDIT_RESULT,342,1,1,279,0,0,279,0,0,0,0,0
PAWN_AUDIT_ENTRY,343,5240588167242494432,12809767768155289089,10450951340377651609,3685481934890965919,536,302,303,301,7,6,1,16,18446744073709541121,18446744073709550278,2,0,1,0,0,0,0,0,0,367,367,2955455,7,790,0,0,0,1,18446744073709547421,18446744073709551030,18446744073709551030,32002,18446744073709551614,0,1,12476096914886272809,1,0,2,3711873112027468267,0,0,1,0
PAWN_AUDIT_RESULT,343,1,1,227,0,0,227,0,0,0,0,0
PAWN_AUDIT_ENTRY,344,12809767768155289089,11057415618278709729,10450951340377651609,5907619458791887938,211,302,303,301,7,6,1,17,18446744073709539843,18446744073709550278,2,0,1,0,0,0,0,0,0,367,367,2955455,7,791,0,0,0,5,18446744073709546840,18446744073709551030,18446744073709551030,32002,18446744073709551614,0,1,12476096914886272809,1,0,2,3711873112027468267,0,2,1,0
PAWN_AUDIT_RESULT,344,1,1,198,0,0,198,0,0,0,0,0
PAWN_AUDIT_ENTRY,350,9706644552466958679,5433784054256657081,10450951340377651609,3155776498382258895,391,302,303,302,7,6,1,21,18446744073709539911,18446744073709550278,2,0,1,0,0,0,0,0,0,367,367,2955455,7,804,0,0,0,6,18446744073709546871,18446744073709551030,18446744073709551030,32002,18446744073709551614,0,1,12476096914886272809,1,0,2,3711873112027468267,0,2,1,0
PAWN_AUDIT_RESULT,350,1,1,215,0,0,215,0,0,0,0,0
PAWN_AUDIT_ENTRY,351,5433784054256657081,14671811777587572036,10450951340377651609,3584647491564638145,1176,302,303,302,7,6,1,22,18446744073709539311,18446744073709550278,2,0,1,0,0,0,0,0,0,367,367,2955455,7,805,0,0,0,2,18446744073709546598,18446744073709551030,18446744073709551030,32002,18446744073709551614,0,1,12476096914886272809,1,0,2,3711873112027468267,0,2,1,0
PAWN_AUDIT_RESULT,351,1,1,127,0,0,127,0,0,0,0,0
PAWN_AUDIT_ENTRY,352,14671811777587572036,16571672768335166006,10450951340377651609,14002163387366852787,1153,302,303,302,7,6,1,23,18446744073709538950,18446744073709550278,2,0,1,0,0,0,0,0,0,367,367,2955455,7,806,0,0,0,2,18446744073709546434,18446744073709551030,18446744073709551030,32002,18446744073709551614,0,1,12476096914886272809,1,0,2,3711873112027468267,0,2,1,0
PAWN_AUDIT_RESULT,352,1,1,181,0,0,181,0,0,0,0,0
PAWN_AUDIT_ENTRY,353,16571672768335166006,15024593039529410003,10450951340377651609,3658124150068649250,1382,302,303,302,7,6,1,25,18446744073709539696,18446744073709550278,2,0,1,0,0,0,0,0,0,367,367,2955455,7,807,0,0,0,2,18446744073709545531,1185,149,32002,18446744073709551614,0,1,12476096914886272809,1,0,2,3711873112027468267,0,2,1,0
PAWN_AUDIT_RESULT,353,1,1,249,0,0,249,0,0,0,0,0
PAWN_AUDIT_ENTRY,354,15024593039529410003,5964762883745975609,10450951340377651609,8675629994108603775,918,302,303,302,7,6,1,26,18446744073709539610,18446744073709550278,2,0,1,0,0,0,0,0,0,367,367,2955455,7,808,0,0,0,1,18446744073709546734,18446744073709551030,18446744073709551030,32002,18446744073709551614,0,1,12476096914886272809,1,0,2,3711873112027468267,0,0,1,0
PAWN_AUDIT_RESULT,354,1,1,192,0,0,192,0,0,0,0,0
PAWN_AUDIT_ENTRY,355,5964762883745975609,14119464053815272265,10450951340377651609,5585311235821883763,991,302,303,302,7,6,1,27,18446744073709539203,18446744073709550278,2,0,1,0,0,0,0,0,0,367,367,2955455,7,809,0,0,0,1,18446744073709546549,18446744073709551030,18446744073709551030,32002,18446744073709551614,0,1,12476096914886272809,1,0,2,3711873112027468267,0,0,1,0
PAWN_AUDIT_RESULT,355,1,1,221,0,0,221,0,0,0,0,0
PAWN_AUDIT_ENTRY,356,14119464053815272265,10602571275328845938,10450951340377651609,4766911512836656505,528,302,303,302,7,6,1,29,18446744073709539915,18446744073709550278,2,0,1,0,0,0,0,0,0,367,367,2955455,7,810,0,0,0,1,18446744073709547003,18446744073709551030,18446744073709550761,32002,18446744073709551614,0,1,12476096914886272809,1,0,2,3711873112027468267,0,0,1,0
PAWN_AUDIT_RESULT,356,1,1,234,0,0,234,0,0,0,0,0
PAWN_AUDIT_ENTRY,357,10602571275328845938,3162861510102964132,10450951340377651609,18132671661851740093,2124,302,303,302,7,6,1,30,18446744073709540010,18446744073709550278,2,0,1,0,0,0,0,0,0,367,367,2955455,7,811,0,0,0,3,18446744073709547061,18446744073709551030,18446744073709550731,32002,18446744073709551614,0,1,12476096914886272809,1,0,2,3711873112027468267,0,2,1,0
PAWN_AUDIT_RESULT,357,1,1,224,0,0,224,0,0,0,0,0
PAWN_AUDIT_ENTRY,358,3162861510102964132,2087738009005844841,10450951340377651609,6265375945762227674,1348,302,303,302,7,6,1,31,18446744073709537776,18446744073709550278,2,0,1,0,0,0,0,0,0,367,367,2955455,7,812,0,0,0,2,18446744073709545900,18446744073709551030,18446744073709551030,32002,18446744073709551614,0,1,12476096914886272809,1,0,2,3711873112027468267,0,2,1,0
PAWN_AUDIT_RESULT,358,1,1,176,0,0,176,0,0,0,0,0
PAWN_AUDIT_ENTRY,359,2087738009005844841,1478847784374764641,10450951340377651609,13351666540998764011,2136,302,303,302,7,6,1,34,18446744073709537760,18446744073709550278,2,0,1,0,0,0,0,0,0,367,367,2955455,7,813,0,0,0,3,18446744073709546338,18446744073709551030,18446744073709550113,32002,18446744073709551614,0,1,12476096914886272809,1,0,2,3711873112027468267,0,2,1,0
PAWN_AUDIT_RESULT,359,1,1,224,0,0,224,0,0,0,0,0
PAWN_AUDIT_ENTRY,390,13282796015266219725,12432992243290091777,4656263391207093627,1326878481879612712,2131,277,278,270,6,5,2,2,18446744073709549405,266,2,0,0,0,0,0,0,0,0,157,157,18446744073708913347,7,883,0,0,0,3,47,18446744073709550080,18446744073709551030,237,2,1,1,1180787367515917514,2,0,2,16290745604998389001,0,3,1,0
PAWN_AUDIT_RESULT,390,2,2,222,0,0,222,0,0,0,0,0
PAWN_AUDIT_ENTRY,391,12432992243290091777,5248145008631333760,4656263391207093627,1455425933378885215,2117,277,278,270,6,5,2,3,18446744073709550001,18446744073709550201,2,0,0,0,0,0,0,0,0,157,157,18446744073708913347,7,884,0,0,0,3,18446744073709551459,18446744073709551030,18446744073709551030,237,2,1,1,1180787367515917514,2,0,2,16290745604998389001,0,3,1,0
PAWN_AUDIT_RESULT,391,2,2,213,0,0,213,0,0,0,0,0
PAWN_AUDIT_ENTRY,392,5248145008631333760,2851615039681029045,4656263391207093627,10140667837221095862,261,277,278,270,6,5,1,4,18446744073709545975,18446744073709550278,2,0,0,0,0,0,0,0,0,157,157,18446744073708913347,7,885,0,0,0,4,18446744073709549628,18446744073709551030,18446744073709551030,237,2,1,1,1180787367515917514,2,0,2,16290745604998389001,0,3,1,0
PAWN_AUDIT_RESULT,392,1,1,175,0,0,175,0,0,0,0,0
PAWN_AUDIT_ENTRY,393,2851615039681029045,8993023380795592674,4656263391207093627,3482742775451346886,389,277,278,270,6,5,1,5,18446744073709547534,18446744073709549016,2,0,0,0,0,0,0,0,0,157,157,18446744073708913347,7,886,0,0,0,6,18446744073709550337,18446744073709551030,18446744073709551030,237,2,1,1,1180787367515917514,2,0,2,16290745604998389001,0,3,1,0
PAWN_AUDIT_RESULT,393,1,1,172,0,0,172,0,0,0,0,0
PAWN_AUDIT_ENTRY,394,8993023380795592674,16244800889842917462,4656263391207093627,14427225318759605919,268,277,278,270,6,5,1,6,18446744073709546162,18446744073709549266,2,0,0,0,0,0,0,0,0,157,157,18446744073708913347,7,887,0,0,0,4,18446744073709549713,18446744073709551030,18446744073709551030,237,2,1,1,1180787367515917514,2,0,2,16290745604998389001,0,3,1,0
PAWN_AUDIT_RESULT,394,1,1,180,0,0,180,0,0,0,0,0
PAWN_AUDIT_ENTRY,502,14973791035019618818,17036164461360929079,14418586845058681535,11227515541474513683,3112,18446744073709551339,18446744073709551340,18446744073709551280,7,6,4,5,18446744073709548593,18446744073709549694,5,0,0,0,0,1,0,0,0,18446744073709551257,18446744073709551257,1475609,7,1101,0,0,0,9,18446744073709550792,18446744073709551030,18446744073709551085,18446744073709551313,2,1,1,6448796002632976483,2,0,5,11197480689422135903,0,0,1,0
PAWN_AUDIT_RESULT,502,4,4,-303,0,0,-303,0,0,0,0,0
PAWN_AUDIT_ENTRY,503,17036164461360929079,6038702975163240662,14418586845058681535,5403735818170964233,3642,18446744073709551339,18446744073709551340,18446744073709551313,7,6,4,6,18446744073709545403,18446744073709550278,5,0,0,0,0,1,0,0,0,18446744073709551257,18446744073709551257,1475609,7,1102,0,0,0,12,18446744073709549368,18446744073709551030,18446744073709551030,18446744073709551313,2,1,1,6448796002632976483,2,0,5,11197480689422135903,0,3,1,0
PAWN_AUDIT_RESULT,503,4,4,-386,0,0,-386,0,0,0,0,0
PAWN_AUDIT_ENTRY,504,6038702975163240662,6684288288948659913,14418586845058681535,10939342821853988342,2935,18446744073709551339,18446744073709551340,18446744073709551313,7,6,4,7,18446744073709547567,18446744073709548874,5,0,0,0,0,1,0,0,0,18446744073709551257,18446744073709551257,1475609,7,1103,0,0,0,10,18446744073709550352,18446744073709551030,18446744073709551030,18446744073709551313,2,1,1,6448796002632976483,2,0,5,11197480689422135903,0,3,1,0
PAWN_AUDIT_RESULT,504,4,4,-331,0,0,-331,0,0,0,0,0
PAWN_AUDIT_ENTRY,505,6684288288948659913,5863138612177097955,14418586845058681535,10690862562763257441,2720,18446744073709551339,18446744073709551340,18446744073709551313,7,6,4,8,18446744073709547479,18446744073709548874,5,0,0,0,0,1,0,0,0,18446744073709551257,18446744073709551257,1475609,7,1104,0,0,0,10,18446744073709550312,18446744073709551030,18446744073709551030,18446744073709551313,2,1,1,6448796002632976483,2,0,5,11197480689422135903,0,3,1,0
PAWN_AUDIT_RESULT,505,4,4,-375,0,0,-375,0,0,0,0,0
PAWN_AUDIT_ENTRY,506,5863138612177097955,11394293926766729945,14418586845058681535,7316409173536027735,2915,18446744073709551339,18446744073709551340,18446744073709551313,7,6,4,9,18446744073709547219,18446744073709548874,5,0,0,0,0,1,0,0,0,18446744073709551257,18446744073709551257,1475609,7,1105,0,0,0,10,18446744073709550194,18446744073709551030,18446744073709551030,18446744073709551313,2,1,1,6448796002632976483,2,0,5,11197480689422135903,0,3,1,0
PAWN_AUDIT_RESULT,506,4,4,-378,0,0,-378,0,0,0,0,0
PAWN_AUDIT_ENTRY,507,11394293926766729945,1284093480165456589,14418586845058681535,14821643817839506290,53055,18446744073709551339,18446744073709551340,18446744073709551313,7,6,3,10,18446744073709543912,18446744073709550278,5,0,0,0,0,1,0,0,0,18446744073709551257,18446744073709551257,1475609,7,1106,0,0,0,14,18446744073709548690,18446744073709551030,18446744073709551030,18446744073709551313,2,1,1,6448796002632976483,2,0,5,11197480689422135903,0,3,1,0
PAWN_AUDIT_RESULT,507,3,3,-334,0,0,-334,0,4,4,0,0
PAWN_AUDIT_ENTRY,510,2759907240103561725,4242746369106956461,14418586845058681535,6209862885161726171,4079,18446744073709551339,18446744073709551340,18446744073709551313,7,6,3,11,18446744073709543597,18446744073709550278,5,0,0,0,0,1,0,0,0,18446744073709551257,18446744073709551257,1475609,7,1111,0,0,0,12,18446744073709548547,18446744073709551030,18446744073709551030,18446744073709551313,2,1,1,6448796002632976483,2,0,5,11197480689422135903,0,3,1,0
PAWN_AUDIT_RESULT,510,3,3,-561,0,0,-561,0,0,0,0,0
PAWN_AUDIT_ENTRY,514,17598142832769192758,17392685356542285310,4174684497283897901,8853271658349479058,3494,18446744073709551339,18446744073709551340,18446744073709551316,9,8,5,3,18446744073709548473,18446744073709550278,3,0,0,0,0,1,1,4013,0,18446744073709551298,18446744073709551298,107877,7,1121,0,0,1,9,18446744073709550764,18446744073709551030,18446744073709551030,18446744073709551313,4,1,1,6448796002632976483,0,0,3,4859957513967909394,0,0,1,0
PAWN_AUDIT_RESULT,514,5,5,-428,0,0,-428,0,0,0,0,0
PAWN_AUDIT_ENTRY,515,17392685356542285310,7440686286495347538,4174684497283897901,5331164528306278417,3373,18446744073709551339,18446744073709551340,18446744073709551316,9,8,5,5,18446744073709547219,18446744073709550278,3,0,0,0,0,1,1,4013,0,18446744073709551298,18446744073709551298,107877,7,1122,0,0,1,11,18446744073709550194,18446744073709551030,18446744073709551030,18446744073709551313,4,1,1,6448796002632976483,0,0,3,4859957513967909394,0,1,1,0
PAWN_AUDIT_RESULT,515,5,5,-440,0,0,-440,0,0,0,0,0
PAWN_AUDIT_ENTRY,516,7440686286495347538,17684471579947204305,4174684497283897901,5164762966369135737,2713,18446744073709551339,18446744073709551340,18446744073709551316,9,8,5,6,18446744073709550806,18446744073709548670,3,0,0,0,0,1,1,4013,0,18446744073709551298,18446744073709551298,107877,7,1123,0,0,1,10,209,18446744073709551030,18446744073709551030,18446744073709551313,4,1,1,6448796002632976483,0,0,3,4859957513967909394,0,1,1,0
PAWN_AUDIT_RESULT,516,5,5,-359,0,0,-359,0,0,0,0,0
PAWN_AUDIT_ENTRY,517,17684471579947204305,18223604774692393196,4174684497283897901,7648885538283062145,3112,18446744073709551339,18446744073709551340,18446744073709551316,9,8,4,8,18446744073709548810,18446744073709549694,3,0,0,0,0,1,1,4013,0,18446744073709551298,18446744073709551298,107877,7,1124,0,0,1,9,18446744073709551601,18446744073709550269,18446744073709550405,18446744073709551313,4,1,1,6448796002632976483,0,0,3,4859957513967909394,0,0,1,0
PAWN_AUDIT_RESULT,517,4,4,-313,0,0,-313,0,0,0,0,0
PAWN_AUDIT_ENTRY,518,18223604774692393196,7977027294462899833,4174684497283897901,10409278587449821730,3437,18446744073709551339,18446744073709551340,18446744073709551316,9,8,3,10,18446744073709544129,18446744073709550278,3,0,0,0,0,1,1,4013,0,18446744073709551298,18446744073709551298,107877,7,1125,0,0,1,9,18446744073709548789,18446744073709551030,18446744073709551030,18446744073709551313,4,1,1,6448796002632976483,0,0,3,4859957513967909394,0,0,1,0
PAWN_AUDIT_RESULT,518,3,3,-422,0,0,-422,0,0,0,0,0
PAWN_AUDIT_ENTRY,519,7977027294462899833,17459685953032245566,4174684497283897901,15114335106583373117,3104,18446744073709551339,18446744073709551340,18446744073709551316,9,8,3,11,18446744073709542940,18446744073709550278,3,0,0,0,0,1,1,4013,0,18446744073709551298,18446744073709551298,107877,7,1126,0,0,1,9,18446744073709548248,18446744073709551030,18446744073709551030,18446744073709551313,4,1,1,6448796002632976483,0,0,3,4859957513967909394,0,0,1,0
PAWN_AUDIT_RESULT,519,3,3,-382,0,0,-382,0,0,0,0,0
PAWN_AUDIT_ENTRY,520,17459685953032245566,8686316073528150828,4174684497283897901,14373921050070634920,3177,18446744073709551339,18446744073709551340,18446744073709551316,9,8,3,12,18446744073709542704,18446744073709550278,3,0,0,0,0,1,1,4013,0,18446744073709551298,18446744073709551298,107877,7,1127,0,0,1,9,18446744073709548141,18446744073709551030,18446744073709551030,18446744073709551313,4,1,1,6448796002632976483,0,0,3,4859957513967909394,0,0,1,0
PAWN_AUDIT_RESULT,520,3,3,-452,0,0,-452,0,0,0,0,0
PAWN_AUDIT_ENTRY,521,8686316073528150828,1969739745412983068,4174684497283897901,18014630529213194946,3502,18446744073709551339,18446744073709551340,18446744073709551316,9,8,3,13,18446744073709542704,18446744073709550278,3,0,0,0,0,1,1,4013,0,18446744073709551298,18446744073709551298,107877,7,1128,0,0,1,9,18446744073709548141,18446744073709551030,18446744073709551030,18446744073709551313,4,1,1,6448796002632976483,0,0,3,4859957513967909394,0,0,1,0
PAWN_AUDIT_RESULT,521,3,3,-465,0,0,-465,0,0,0,0,0
PAWN_AUDIT_ENTRY,522,1969739745412983068,13880031491936235322,4174684497283897901,13979811081722196271,4087,18446744073709551339,18446744073709551340,18446744073709551316,9,8,3,14,18446744073709542704,18446744073709550278,3,0,0,0,0,1,1,4013,0,18446744073709551298,18446744073709551298,107877,7,1129,0,0,1,12,18446744073709548141,18446744073709551030,18446744073709551030,18446744073709551313,4,1,1,6448796002632976483,0,0,3,4859957513967909394,0,1,1,0
PAWN_AUDIT_RESULT,522,3,3,-638,0,0,-638,0,0,0,0,0
PAWN_AUDIT_ENTRY,523,13880031491936235322,9387279632273657208,4174684497283897901,4862561048869481336,3833,18446744073709551339,18446744073709551340,18446744073709551316,9,8,3,15,18446744073709542704,18446744073709550278,3,0,0,0,0,1,1,4013,0,18446744073709551298,18446744073709551298,107877,7,1130,0,0,1,13,18446744073709548141,18446744073709551030,18446744073709551030,18446744073709551313,4,1,1,6448796002632976483,0,0,3,4859957513967909394,0,1,1,0
PAWN_AUDIT_RESULT,523,3,3,-464,0,0,-464,0,0,0,0,0
PAWN_AUDIT_ENTRY,524,9387279632273657208,1968699678995840698,4174684497283897901,3045695552691757460,3353,18446744073709551339,18446744073709551340,18446744073709551316,9,8,3,16,18446744073709545504,18446744073709548874,3,0,0,0,0,1,1,4013,0,18446744073709551298,18446744073709551298,107877,7,1131,0,0,1,11,18446744073709549414,18446744073709551030,18446744073709551030,18446744073709551313,4,1,1,6448796002632976483,0,0,3,4859957513967909394,0,1,1,0
PAWN_AUDIT_RESULT,524,3,3,-510,0,0,-510,0,0,0,0,0
PAWN_AUDIT_ENTRY,525,1968699678995840698,1268115998825496409,4174684497283897901,7268923376187251031,3641,18446744073709551339,18446744073709551340,18446744073709551316,9,8,3,17,18446744073709545007,18446744073709548874,3,0,0,0,0,1,1,4013,0,18446744073709551298,18446744073709551298,107877,7,1132,0,0,1,12,18446744073709549188,18446744073709551030,18446744073709551030,18446744073709551313,4,1,1,6448796002632976483,0,0,3,4859957513967909394,0,1,1,0
PAWN_AUDIT_RESULT,525,3,3,-396,0,0,-396,0,0,0,0,0
PAWN_AUDIT_ENTRY,526,1268115998825496409,14314026991460030964,4174684497283897901,14913938914611441685,4015,18446744073709551339,18446744073709551340,18446744073709551316,9,8,3,18,18446744073709544714,18446744073709548874,3,0,0,0,0,1,1,4013,0,18446744073709551298,18446744073709551298,107877,7,1133,0,0,1,10,18446744073709549055,18446744073709551030,18446744073709551030,18446744073709551313,4,1,1,6448796002632976483,0,0,3,4859957513967909394,0,1,1,0
PAWN_AUDIT_RESULT,526,3,3,-368,0,0,-368,0,0,0,0,0
PAWN_AUDIT_ENTRY,527,14314026991460030964,16957577037200333833,4174684497283897901,636808522266664829,3901,18446744073709551339,18446744073709551340,18446744073709551316,9,8,3,20,18446744073709544250,18446744073709548874,3,0,0,0,0,1,1,4013,0,18446744073709551298,18446744073709551298,107877,7,1134,0,0,1,14,18446744073709548844,18446744073709551030,18446744073709551030,18446744073709551313,4,1,1,6448796002632976483,0,0,3,4859957513967909394,0,1,1,0
PAWN_AUDIT_RESULT,527,3,3,-379,0,0,-379,0,0,0,0,0
PAWN_AUDIT_ENTRY,529,9176143505174764585,17160513067566588720,4174684497283897901,9258391013029365881,3389,18446744073709551339,18446744073709551340,18446744073709551316,9,8,3,22,18446744073709543916,18446744073709548874,3,0,0,0,0,1,1,4013,0,18446744073709551298,18446744073709551298,107877,7,1136,0,0,1,11,18446744073709548692,18446744073709551030,18446744073709551030,18446744073709551313,4,1,1,6448796002632976483,0,0,3,4859957513967909394,0,1,1,0
PAWN_AUDIT_RESULT,529,3,3,-492,0,0,-492,0,0,0,0,0
PAWN_AUDIT_ENTRY,530,17160513067566588720,13716874738237592453,4174684497283897901,13478011589606672795,3642,18446744073709551339,18446744073709551340,18446744073709551316,9,8,3,23,18446744073709543259,18446744073709548874,3,0,0,0,0,1,1,4013,0,18446744073709551298,18446744073709551298,107877,7,1137,0,0,1,12,18446744073709548393,18446744073709551030,18446744073709551030,18446744073709551313,4,1,1,6448796002632976483,0,0,3,4859957513967909394,0,1,1,0
PAWN_AUDIT_RESULT,530,3,3,-403,0,0,-403,0,0,0,0,0
PAWN_AUDIT_ENTRY,531,13716874738237592453,13943707383047325063,4174684497283897901,8868652054726091338,3834,18446744073709551339,18446744073709551340,18446744073709551316,9,8,3,24,18446744073709543177,18446744073709548874,3,0,0,0,0,1,1,4013,0,18446744073709551298,18446744073709551298,107877,7,1138,0,0,1,13,18446744073709548356,18446744073709551030,18446744073709551030,18446744073709551313,4,1,1,6448796002632976483,0,0,3,4859957513967909394,0,1,1,0
PAWN_AUDIT_RESULT,531,3,3,-389,0,0,-389,0,0,0,0,0
PAWN_AUDIT_ENTRY,532,13943707383047325063,5954262916579325740,4174684497283897901,7326226169332672243,2720,18446744073709551339,18446744073709551340,18446744073709551316,9,8,3,27,18446744073709544923,18446744073709547758,3,0,0,0,0,1,1,4013,0,18446744073709551298,18446744073709551298,107877,7,1139,0,0,1,10,18446744073709549150,18446744073709551030,18446744073709551030,18446744073709551313,4,1,1,6448796002632976483,0,0,3,4859957513967909394,0,1,1,0
PAWN_AUDIT_RESULT,532,3,3,-381,0,0,-381,0,0,0,0,0
PAWN_AUDIT_ENTRY,543,17828392856280098929,18295360431299229372,3656460333166198804,5547804375411603008,2713,18446744073709551339,18446744073709551340,18446744073709551333,6,5,3,3,18446744073709548936,18446744073709550278,3,0,0,0,0,1,0,2268,0,18446744073709551281,18446744073709551288,18446744073708182502,7,1157,0,0,0,10,18446744073709551372,18446744073709550235,18446744073709551030,18446744073709551281,0,1,1,6780196862689092937,1,0,3,6938359671718365255,0,2,1,0
PAWN_AUDIT_RESULT,543,3,3,-261,1,5,-261,0,2,6,1,1
PAWN_AUDIT_ENTRY,552,7223650135093566301,13249779851533924381,6938359671718365255,785611284728411747,2124,276,277,263,7,6,2,4,18446744073709537596,18446744073709550855,2,0,1,0,0,1,0,2131,0,335,313,6804399,7,1172,0,0,0,3,18446744073709546127,18446744073709550703,18446744073709550731,335,1,3,1,6780196862689092937,0,0,2,3711873112027468267,0,1,1,0
PAWN_AUDIT_RESULT,552,2,2,246,0,0,246,0,0,0,0,0
PAWN_AUDIT_ENTRY,553,13249779851533924381,12089281796185000361,6938359671718365255,12425075223562056842,324,276,277,263,7,6,2,5,18446744073709547932,18446744073709550913,2,0,1,0,0,1,0,2131,0,335,313,6804399,7,1173,0,0,0,4,18446744073709550747,18446744073709551030,18446744073709550558,335,1,3,1,6780196862689092937,0,0,2,3711873112027468267,0,1,1,0
PAWN_AUDIT_RESULT,553,2,2,260,0,0,260,0,0,0,0,0
PAWN_AUDIT_ENTRY,554,12089281796185000361,15995240892051074609,6938359671718365255,8483406031848469886,148,276,277,263,7,6,2,8,18446744073709543133,18446744073709550278,2,0,1,0,0,1,0,2131,0,335,313,6804399,7,1174,0,0,0,3,18446744073709548336,18446744073709551030,18446744073709551030,335,1,3,1,6780196862689092937,0,0,2,3711873112027468267,0,1,1,0
PAWN_AUDIT_RESULT,554,2,2,206,0,0,206,0,0,0,0,0
PAWN_AUDIT_ENTRY,555,15995240892051074609,7954981340203354042,6938359671718365255,2886170893575053101,204,276,277,263,7,6,2,9,18446744073709541607,18446744073709550278,2,0,1,0,0,1,0,2131,0,335,313,6804399,7,1175,0,0,0,5,18446744073709547642,18446744073709551030,18446744073709551030,335,1,3,1,6780196862689092937,0,0,2,3711873112027468267,0,1,1,0
PAWN_AUDIT_RESULT,555,2,2,227,0,0,227,0,0,0,0,0
PAWN_AUDIT_ENTRY,559,3091130776524495134,12442719304774360414,6938359671718365255,11142612034184355736,157,276,277,263,7,6,1,13,18446744073709540040,18446744073709550278,2,0,1,0,0,1,0,2131,0,335,313,6804399,7,1181,0,0,0,3,18446744073709547216,18446744073709551030,18446744073709550440,335,1,3,1,6780196862689092937,0,0,2,3711873112027468267,0,1,1,0
PAWN_AUDIT_RESULT,559,1,1,210,0,0,210,0,0,0,0,0
PAWN_AUDIT_ENTRY,560,12442719304774360414,7870195757433892768,6938359671718365255,18207455142232016358,983,276,277,263,7,6,1,14,18446744073709539977,18446744073709550278,2,0,1,0,0,1,0,2131,0,335,313,6804399,7,1182,0,0,0,1,18446744073709546901,18446744073709551030,18446744073709551030,335,1,3,1,6780196862689092937,0,0,2,3711873112027468267,0,0,1,0
PAWN_AUDIT_RESULT,560,1,1,216,0,0,216,0,0,0,0,0
PAWN_AUDIT_ENTRY,561,7870195757433892768,13171448832651391970,6938359671718365255,3117221897580398615,1380,276,277,263,7,6,1,15,18446744073709539944,18446744073709550278,2,0,1,0,0,1,0,2131,0,335,313,6804399,7,1183,0,0,0,2,18446744073709546886,18446744073709551030,18446744073709551030,335,1,3,1,6780196862689092937,0,0,2,3711873112027468267,0,1,1,0
PAWN_AUDIT_RESULT,561,1,1,244,0,0,244,0,0,0,0,0
PAWN_AUDIT_ENTRY,562,13171448832651391970,14042805353956913230,6938359671718365255,6062711700910284121,1164,276,277,263,7,6,1,17,18446744073709539304,18446744073709550278,2,0,1,0,0,1,0,2131,0,335,313,6804399,7,1184,0,0,0,2,18446744073709546595,18446744073709551030,18446744073709551030,335,1,3,1,6780196862689092937,0,0,2,3711873112027468267,0,1,1,0
PAWN_AUDIT_RESULT,562,1,1,120,0,0,120,0,0,0,0,0
PAWN_AUDIT_ENTRY,563,14042805353956913230,14008946953634050389,6938359671718365255,4816225700682137182,139,276,277,263,7,6,1,18,18446744073709539256,18446744073709550278,2,0,1,0,0,1,0,2131,0,335,313,6804399,7,1185,0,0,0,3,18446744073709546573,18446744073709551030,18446744073709551030,335,1,3,1,6780196862689092937,0,0,2,3711873112027468267,0,1,1,0
PAWN_AUDIT_RESULT,563,1,1,199,0,0,199,0,0,0,0,0
PAWN_AUDIT_ENTRY,564,14008946953634050389,11032026413748634120,6938359671718365255,458888985601996675,1,276,277,263,7,6,1,19,18446744073709539060,18446744073709550278,2,0,1,0,0,1,0,2131,0,335,313,6804399,7,1186,0,0,0,4,18446744073709546484,18446744073709551030,18446744073709551030,335,1,3,1,6780196862689092937,0,0,2,3711873112027468267,0,1,1,0
PAWN_AUDIT_RESULT,564,1,1,188,0,0,188,0,0,0,0,0
PAWN_AUDIT_ENTRY,565,11032026413748634120,11658117799783157612,6938359671718365255,2348541217586482415,203,276,277,263,7,6,1,20,18446744073709539051,18446744073709550278,2,0,1,0,0,1,0,2131,0,335,313,6804399,7,1187,0,0,0,5,18446744073709546480,18446744073709551030,18446744073709551030,335,1,3,1,6780196862689092937,0,0,2,3711873112027468267,0,1,1,0
PAWN_AUDIT_RESULT,565,1,1,160,0,0,160,0,0,0,0,0
PAWN_AUDIT_ENTRY,566,11658117799783157612,3827796676982570421,6938359671718365255,14007967014287239745,536,276,277,263,7,6,1,21,18446744073709538988,18446744073709550278,2,0,1,0,0,1,0,2131,0,335,313,6804399,7,1188,0,0,0,1,18446744073709546451,18446744073709551030,18446744073709551030,335,1,3,1,6780196862689092937,0,0,2,3711873112027468267,0,0,1,0
PAWN_AUDIT_RESULT,566,1,1,180,0,0,180,0,0,0,0,0
PAWN_AUDIT_ENTRY,567,3827796676982570421,6016962894576655275,6938359671718365255,11583021958967109020,211,276,277,263,7,6,1,23,18446744073709538796,18446744073709550278,2,0,1,0,0,1,0,2131,0,335,313,6804399,7,1189,0,0,0,5,18446744073709546364,18446744073709551030,18446744073709551030,335,1,3,1,6780196862689092937,0,0,2,3711873112027468267,0,1,1,0
PAWN_AUDIT_RESULT,567,1,1,118,0,0,118,0,0,0,0,0
PAWN_AUDIT_ENTRY,568,6016962894576655275,3907112979586455269,6938359671718365255,9383183953192422070,196,276,277,263,7,6,1,24,18446744073709538689,18446744073709550278,2,0,1,0,0,1,0,2131,0,335,313,6804399,7,1190,0,0,0,5,18446744073709546315,18446744073709551030,18446744073709551030,335,1,3,1,6780196862689092937,0,0,2,3711873112027468267,0,1,1,0
PAWN_AUDIT_RESULT,568,1,1,181,0,0,181,0,0,0,0,0
PAWN_AUDIT_ENTRY,569,3907112979586455269,7378593654041275191,6938359671718365255,17466217500779664552,593,276,277,263,7,6,1,26,18446744073709538249,18446744073709550278,2,0,1,0,0,1,0,2131,0,335,313,6804399,7,1191,0,0,0,1,18446744073709546193,18446744073709551030,18446744073709550870,335,1,3,1,6780196862689092937,0,0,2,3711873112027468267,0,0,1,0
PAWN_AUDIT_RESULT,569,1,1,143,0,0,143,0,0,0,0,0
PAWN_AUDIT_ENTRY,570,7378593654041275191,8005036033028437121,6938359671718365255,15747029072064590609,391,276,277,263,7,6,1,28,18446744073709538000,18446744073709550278,2,0,1,0,0,1,0,2131,0,335,313,6804399,7,1192,0,0,0,6,18446744073709546002,18446744073709551030,18446744073709551030,335,1,3,1,6780196862689092937,0,0,2,3711873112027468267,0,1,1,0
PAWN_AUDIT_RESULT,570,1,1,153,0,0,153,0,0,0,0,0
PAWN_AUDIT_ENTRY,571,8005036033028437121,5990854522770584822,6938359671718365255,9882368731242314913,918,276,277,263,7,6,1,29,18446744073709537807,18446744073709550278,2,0,1,0,0,1,0,2131,0,335,313,6804399,7,1193,0,0,0,1,18446744073709545914,18446744073709551030,18446744073709551030,335,1,3,1,6780196862689092937,0,0,2,3711873112027468267,0,0,1,0
PAWN_AUDIT_RESULT,571,1,1,136,0,0,136,0,0,0,0,0
PAWN_AUDIT_ENTRY,771,15242398210478870627,9866857002359022000,10391035236766918758,5808768133422794893,1828,289,290,289,7,6,1,6,18446744073709548796,18446744073709548777,4,0,1,0,0,0,0,0,0,397,397,18446744073707339822,9,1529,0,0,0,1,18446744073709550604,1469,18446744073709549545,32002,18446744073709551614,0,1,6780196862689092937,2,0,4,3656460333166198804,0,0,1,0
PAWN_AUDIT_ENTRY,772,9866857002359022000,598477350618082668,5808768133422794893,17444385181206372607,2942,18446744073709551326,18446744073709551327,18446744073709551326,6,5,2,2,18446744073709546267,18446744073709550278,5,0,0,0,0,0,0,0,0,18446744073709551156,18446744073709551156,3584059,9,1535,0,0,0,10,18446744073709549761,18446744073709551030,18446744073709551030,18446744073709551286,2,1,1,4487138917534801518,0,0,5,10391035236766918758,0,1,1,0
PAWN_AUDIT_RESULT,772,2,2,-359,0,0,-359,0,0,0,0,0
PAWN_AUDIT_ENTRY,773,598477350618082668,1333583663858454320,5808768133422794893,10537729438172915592,2910,18446744073709551326,18446744073709551327,18446744073709551326,6,5,2,3,18446744073709546230,18446744073709550278,5,0,0,0,0,0,0,0,0,18446744073709551156,18446744073709551156,3584059,9,1536,0,0,0,10,18446744073709549744,18446744073709551030,18446744073709551030,18446744073709551286,2,1,1,4487138917534801518,0,0,5,10391035236766918758,0,1,1,0
PAWN_AUDIT_RESULT,773,2,2,-352,0,0,-352,0,0,0,0,0
PAWN_AUDIT_ENTRY,774,1333583663858454320,2583357617407464826,5808768133422794893,1104971625306130372,2935,18446744073709551326,18446744073709551327,18446744073709551326,6,5,1,4,18446744073709545305,18446744073709549999,5,0,0,0,0,0,0,0,0,18446744073709551156,18446744073709551156,3584059,9,1537,0,0,0,10,18446744073709549632,18446744073709550703,18446744073709550731,18446744073709551286,2,1,1,4487138917534801518,0,0,5,10391035236766918758,0,1,1,0
PAWN_AUDIT_RESULT,774,1,1,-344,0,0,-344,0,0,0,0,0
PAWN_AUDIT_ENTRY,775,2583357617407464826,16988721321088890433,5808768133422794893,3377552609797734105,2713,18446744073709551326,18446744073709551327,18446744073709551326,6,5,2,5,18446744073709551238,18446744073709550278,5,0,0,0,0,0,0,0,0,18446744073709551156,18446744073709551156,3584059,9,1538,0,0,0,10,729,18446744073709550788,18446744073709550612,18446744073709551286,2,1,1,4487138917534801518,0,0,5,10391035236766918758,0,1,1,0
PAWN_AUDIT_RESULT,775,2,2,-396,0,0,-396,0,0,0,0,0
PAWN_AUDIT_RESULT,771,1,1,330,1,6,290,0,1,12,1,1
PAWN_AUDIT_ENTRY,790,14052333032248953354,1903909187885082002,4094360091795049426,7248148066097411852,2720,18446744073709551326,18446744073709551327,18446744073709551309,7,6,1,4,18446744073709541145,18446744073709550278,5,0,0,0,0,0,0,0,0,18446744073709551292,18446744073709551292,8365,9,1571,0,0,1,10,18446744073709547432,18446744073709551030,18446744073709551030,18446744073709551331,4,1,1,12268545190071650819,0,0,5,4778154540217740269,0,1,1,0
PAWN_AUDIT_RESULT,790,1,1,-432,0,0,-432,0,0,0,0,0
PAWN_AUDIT_ENTRY,792,17761313840874430950,15383829735931100399,4094360091795049426,2235670118097248294,3322,18446744073709551326,18446744073709551327,18446744073709551309,7,6,1,7,18446744073709541092,18446744073709550278,5,0,0,0,0,0,0,0,0,18446744073709551292,18446744073709551292,8365,9,1573,0,0,1,11,18446744073709547408,18446744073709551030,18446744073709551030,18446744073709551331,4,1,1,12268545190071650819,0,0,5,4778154540217740269,0,1,1,0
PAWN_AUDIT_RESULT,792,1,1,-382,0,0,-382,0,0,0,0,0
PAWN_AUDIT_ENTRY,793,15383829735931100399,10906476367192446069,4094360091795049426,17279374799315831048,2745,18446744073709551326,18446744073709551327,18446744073709551309,7,6,1,8,18446744073709541015,18446744073709550278,5,0,0,0,0,0,0,0,0,18446744073709551292,18446744073709551292,8365,9,1574,0,0,1,10,18446744073709547373,18446744073709551030,18446744073709551030,18446744073709551331,4,1,1,12268545190071650819,0,0,5,4778154540217740269,0,1,1,0
PAWN_AUDIT_RESULT,793,1,1,-434,0,0,-434,0,0,0,0,0
PAWN_AUDIT_ENTRY,794,10906476367192446069,11141423074614023466,4094360091795049426,3132561777220972651,3353,18446744073709551326,18446744073709551327,18446744073709551309,7,6,1,9,18446744073709540978,18446744073709550278,5,0,0,0,0,0,0,0,0,18446744073709551292,18446744073709551292,8365,9,1575,0,0,1,11,18446744073709547356,18446744073709551030,18446744073709551030,18446744073709551331,4,1,1,12268545190071650819,0,0,5,4778154540217740269,0,1,1,0
PAWN_AUDIT_RESULT,794,1,1,-485,0,0,-485,0,0,0,0,0
PAWN_AUDIT_ENTRY,795,11141423074614023466,7442860026382635120,4094360091795049426,13418166679373846628,3642,18446744073709551326,18446744073709551327,18446744073709551309,7,6,1,12,18446744073709540380,18446744073709550278,5,0,0,0,0,0,0,0,0,18446744073709551292,18446744073709551292,8365,9,1576,0,0,1,12,18446744073709547084,18446744073709551030,18446744073709551030,18446744073709551331,4,1,1,12268545190071650819,0,0,5,4778154540217740269,0,1,1,0
PAWN_AUDIT_RESULT,795,1,1,-393,0,0,-393,0,0,0,0,0
PAWN_AUDIT_ENTRY,796,7442860026382635120,10798517901547130333,4094360091795049426,170172367725646622,3169,18446744073709551326,18446744073709551327,18446744073709551309,7,6,1,14,18446744073709540738,18446744073709550278,5,0,0,0,0,0,0,0,0,18446744073709551292,18446744073709551292,8365,9,1577,0,0,1,9,18446744073709547247,18446744073709551030,18446744073709551030,18446744073709551331,4,1,1,12268545190071650819,0,0,5,4778154540217740269,0,0,1,0
PAWN_AUDIT_RESULT,796,1,1,-416,0,0,-416,0,0,0,0,0
PAWN_AUDIT_ENTRY,797,10798517901547130333,6293286827930743353,4094360091795049426,603876533205833701,3632,18446744073709551326,18446744073709551327,18446744073709551309,7,6,1,18,18446744073709542704,18446744073709548874,5,0,0,0,0,0,0,0,0,18446744073709551292,18446744073709551292,8365,9,1578,0,0,1,12,18446744073709548141,18446744073709551030,18446744073709551030,18446744073709551331,4,1,1,12268545190071650819,0,0,5,4778154540217740269,0,1,1,0
PAWN_AUDIT_RESULT,797,1,1,-461,0,0,-461,0,0,0,0,0
PAWN_AUDIT_ENTRY,817,6851011500536653907,11130140176531960260,18027237823450039715,2955444740024873283,528,289,290,287,8,7,3,2,18446744073709547406,18446744073709550278,4,0,1,0,0,1,0,2131,0,296,296,18446744073708121990,9,1609,0,0,0,1,18446744073709550279,18446744073709551030,18446744073709551030,280,3,2,1,14806036804063960078,1,0,4,5882123834216372594,0,0,1,0
PAWN_AUDIT_RESULT,817,3,3,269,0,0,269,0,0,0,0,0
PAWN_AUDIT_ENTRY,818,11130140176531960260,73299628534611538,18027237823450039715,10412482149605505927,2124,289,290,287,8,7,2,4,18446744073709543855,18446744073709548710,4,0,1,0,0,1,0,2131,0,296,296,18446744073708121990,9,1610,0,0,0,3,18446744073709548664,18446744073709551030,18446744073709551030,280,3,2,1,14806036804063960078,1,0,4,5882123834216372594,0,2,1,0
PAWN_AUDIT_RESULT,818,2,2,273,0,0,273,0,0,0,0,0
PAWN_AUDIT_ENTRY,823,17632356794090888439,15894772441010171010,18027237823450039715,17283831045974227098,148,289,290,287,8,7,1,8,18446744073709539760,18446744073709549886,4,0,1,0,0,1,0,2131,0,296,296,18446744073708121990,9,1618,0,0,0,3,18446744073709546802,18446744073709551030,18446744073709551030,280,3,2,1,14806036804063960078,1,0,4,5882123834216372594,0,2,1,0
PAWN_AUDIT_RESULT,823,1,1,253,0,0,253,0,0,0,0,0
PAWN_AUDIT_ENTRY,824,15894772441010171010,17892008410971322633,18027237823450039715,12856124606927229641,204,289,290,287,8,7,1,9,18446744073709538856,18446744073709550201,4,0,1,0,0,1,0,2131,0,296,296,18446744073708121990,9,1619,0,0,0,5,18446744073709546391,18446744073709551030,18446744073709551030,280,3,2,1,14806036804063960078,1,0,4,5882123834216372594,0,2,1,0
PAWN_AUDIT_RESULT,824,1,1,277,0,0,277,0,0,0,0,0
PAWN_AUDIT_ENTRY,825,17892008410971322633,16978837241084444867,18027237823450039715,7495085250532104524,593,289,290,287,8,7,1,10,18446744073709537413,18446744073709550278,4,0,1,0,0,1,0,2131,0,296,296,18446744073708121990,9,1620,0,0,0,1,18446744073709545735,18446744073709551030,18446744073709551030,280,3,2,1,14806036804063960078,1,0,4,5882123834216372594,0,0,1,0
PAWN_AUDIT_RESULT,825,1,1,208,0,0,208,0,0,0,0,0
PAWN_AUDIT_ENTRY,826,16978837241084444867,18379689306534438734,18027237823450039715,4456232309750544864,1348,289,290,287,8,7,1,12,18446744073709536698,18446744073709550278,4,0,1,0,0,1,0,2131,0,296,296,18446744073708121990,9,1621,0,0,0,2,18446744073709545410,18446744073709551030,18446744073709551030,280,3,2,1,14806036804063960078,1,0,4,5882123834216372594,0,2,1,0
PAWN_AUDIT_RESULT,826,1,1,245,0,0,245,0,0,0,0,0
PAWN_AUDIT_ENTRY,827,18379689306534438734,13122862259924678457,18027237823450039715,14863154471790055613,1164,289,290,287,8,7,1,15,18446744073709536465,18446744073709550459,4,0,1,0,0,1,0,2131,0,296,296,18446744073708121990,9,1622,0,0,0,2,18446744073709545304,18446744073709551030,18446744073709551030,280,3,2,1,14806036804063960078,1,0,4,5882123834216372594,0,2,1,0
PAWN_AUDIT_RESULT,827,1,1,284,0,0,284,0,0,0,0,0
PAWN_AUDIT_ENTRY,828,13122862259924678457,10989893910239714262,18027237823450039715,1387854246416920901,918,289,290,287,8,7,1,17,18446744073709536076,18446744073709550278,4,0,1,0,0,1,0,2131,0,296,296,18446744073708121990,9,1623,0,0,0,1,18446744073709545127,18446744073709551030,18446744073709551030,280,3,2,1,14806036804063960078,1,0,4,5882123834216372594,0,0,1,0
PAWN_AUDIT_RESULT,828,1,1,218,0,0,218,0,0,0,0,0
PAWN_AUDIT_ENTRY,829,10989893910239714262,17809822245439779228,18027237823450039715,6341587097981839269,536,289,290,287,8,7,1,18,18446744073709536406,18446744073709550278,4,0,1,0,0,1,0,2131,0,296,296,18446744073708121990,9,1624,0,0,0,1,18446744073709545277,18446744073709551030,18446744073709551030,280,3,2,1,14806036804063960078,1,0,4,5882123834216372594,0,0,1,0
PAWN_AUDIT_RESULT,829,1,1,279,0,0,279,0,0,0,0,0
PAWN_AUDIT_ENTRY,830,17809822245439779228,13146366540472336535,18027237823450039715,7406807209063729154,983,289,290,287,8,7,1,19,18446744073709536714,18446744073709550278,4,0,1,0,0,1,0,2131,0,296,296,18446744073708121990,9,1625,0,0,0,1,18446744073709545417,18446744073709551030,18446744073709551030,280,3,2,1,14806036804063960078,1,0,4,5882123834216372594,0,0,1,0
PAWN_AUDIT_RESULT,830,1,1,275,0,0,275,0,0,0,0,0
PAWN_AUDIT_ENTRY,831,13146366540472336535,12391300214260205358,18027237823450039715,3893678538410097006,324,289,290,287,8,7,1,21,18446744073709539667,18446744073709550557,4,0,1,0,0,1,0,2131,0,296,296,18446744073708121990,9,1626,0,0,0,4,18446744073709547487,18446744073709550327,18446744073709550256,280,3,2,1,14806036804063960078,1,0,4,5882123834216372594,0,2,1,0
PAWN_AUDIT_RESULT,831,1,1,247,0,0,247,0,0,0,0,0
PAWN_AUDIT_ENTRY,832,12391300214260205358,11586490396103440805,18027237823450039715,4240338128710805624,211,289,290,287,8,7,1,23,18446744073709537848,18446744073709549146,4,0,1,0,0,1,0,2131,0,296,296,18446744073708121990,9,1627,0,0,0,5,18446744073709545933,18446744073709551030,18446744073709551030,280,3,2,1,14806036804063960078,1,0,4,5882123834216372594,0,2,1,0
PAWN_AUDIT_RESULT,832,1,1,242,0,0,242,0,0,0,0,0
PAWN_AUDIT_ENTRY,833,11586490396103440805,12001528033034060514,10450951340377651609,18132671661851740093,2124,289,290,287,10,9,5,2,18446744073709545353,4863,2,0,1,0,0,1,0,1828,0,305,305,18446744073704209295,9,1628,0,0,0,3,18446744073709548803,18446744073709549953,1641,278,5,2,1,12476096914886272809,1,0,2,3711873112027468267,0,2,1,0
PAWN_AUDIT_RESULT,833,5,5,215,0,0,215,0,0,0,0,0
PAWN_AUDIT_ENTRY,835,10761331210911021035,2164953302506275563,10450951340377651609,4766911512836656505,528,289,290,287,10,9,5,4,18446744073709548249,18446744073709550278,2,0,1,0,0,1,0,1828,0,305,305,18446744073704209295,9,1630,0,0,0,1,18446744073709550252,390,18446744073709550870,278,5,2,1,12476096914886272809,1,0,2,3711873112027468267,0,0,1,0
PAWN_AUDIT_RESULT,835,5,5,140,0,0,140,0,2,2,0,0
PAWN_AUDIT_ENTRY,836,2164953302506275563,14327018580795315194,10450951340377651609,3658124150068649250,1382,289,290,287,10,9,4,5,18446744073709549870,18446744073709548874,2,0,1,0,0,1,0,1828,0,305,305,18446744073704209295,9,1633,0,0,0,2,18446744073709548007,4424,1242,278,5,2,1,12476096914886272809,1,0,2,3711873112027468267,0,2,1,0
PAWN_AUDIT_RESULT,836,4,4,238,0,0,238,0,0,0,0,0
PAWN_AUDIT_ENTRY,840,2983525141214876949,5343842507032094910,10450951340377651609,15709018738125191625,1380,289,290,287,10,9,2,9,18446744073709538623,251,2,0,1,0,0,1,0,1828,0,305,305,18446744073704209295,9,1639,0,0,0,2,18446744073709546668,18446744073709551030,18446744073709550241,278,5,2,1,12476096914886272809,1,0,2,3711873112027468267,0,2,1,0
PAWN_AUDIT_RESULT,840,2,2,268,0,0,268,0,0,0,0,0
PAWN_AUDIT_ENTRY,841,5343842507032094910,14329033206040679614,10450951340377651609,5907619458791887938,211,289,290,287,10,9,2,10,18446744073709537459,18446744073709550278,2,0,1,0,0,1,0,1828,0,305,305,18446744073704209295,9,1640,0,0,0,5,18446744073709545756,18446744073709551030,18446744073709551030,278,5,2,1,12476096914886272809,1,0,2,3711873112027468267,0,2,1,0
PAWN_AUDIT_RESULT,841,2,2,198,0,0,198,0,0,0,0,0
PAWN_AUDIT_ENTRY,842,14329033206040679614,10469700657682180681,10450951340377651609,3584647491564638145,1176,289,290,287,10,9,1,11,18446744073709536978,18446744073709550278,2,0,1,0,0,1,0,1828,0,305,305,18446744073704209295,9,1641,0,0,0,2,18446744073709545537,18446744073709551030,18446744073709551030,278,5,2,1,12476096914886272809,1,0,2,3711873112027468267,0,2,1,0
PAWN_AUDIT_RESULT,842,1,1,116,0,0,116,0,0,0,0,0
PAWN_AUDIT_ENTRY,843,10469700657682180681,12968791967348329813,10450951340377651609,3155776498382258895,391,289,290,287,10,9,1,12,18446744073709536742,18446744073709550278,2,0,1,0,0,1,0,1828,0,305,305,18446744073704209295,9,1642,0,0,0,6,18446744073709545430,18446744073709551030,18446744073709551030,278,5,2,1,12476096914886272809,1,0,2,3711873112027468267,0,2,1,0
PAWN_AUDIT_RESULT,843,1,1,201,0,0,201,0,0,0,0,0
PAWN_AUDIT_ENTRY,844,12968791967348329813,13410068125532727803,10450951340377651609,14002163387366852787,1153,289,290,287,10,9,1,13,18446744073709536663,18446744073709550278,2,0,1,0,0,1,0,1828,0,305,305,18446744073704209295,9,1643,0,0,0,2,18446744073709545394,18446744073709551030,18446744073709551030,278,5,2,1,12476096914886272809,1,0,2,3711873112027468267,0,2,1,0
PAWN_AUDIT_RESULT,844,1,1,170,0,0,170,0,0,0,0,0
PAWN_AUDIT_ENTRY,845,13410068125532727803,7362398824191624613,10450951340377651609,227227021890004342,593,289,290,287,10,9,1,14,18446744073709536553,18446744073709550278,2,0,1,0,0,1,0,1828,0,305,305,18446744073704209295,9,1644,0,0,0,1,18446744073709545477,18446744073709550919,18446744073709550870,278,5,2,1,12476096914886272809,1,0,2,3711873112027468267,0,0,1,0
PAWN_AUDIT_RESULT,845,1,1,186,0,0,186,0,0,0,0,0
PAWN_AUDIT_ENTRY,846,7362398824191624613,9365574800283563355,10450951340377651609,6265375945762227674,1348,289,290,287,10,9,1,15,18446744073709536470,18446744073709550278,2,0,1,0,0,1,0,1828,0,305,305,18446744073704209295,9,1645,0,0,0,2,18446744073709545306,18446744073709551030,18446744073709551030,278,5,2,1,12476096914886272809,1,0,2,3711873112027468267,0,2,1,0
PAWN_AUDIT_RESULT,846,1,1,165,0,0,165,0,0,0,0,0
PAWN_AUDIT_ENTRY,847,9365574800283563355,8014803852168044602,10450951340377651609,5585311235821883763,991,289,290,287,10,9,1,17,18446744073709535935,18446744073709550278,2,0,1,0,0,1,0,1828,0,305,305,18446744073704209295,9,1646,0,0,0,1,18446744073709545063,18446744073709551030,18446744073709551030,278,5,2,1,12476096914886272809,1,0,2,3711873112027468267,0,0,1,0
PAWN_AUDIT_RESULT,847,1,1,204,0,0,204,0,0,0,0,0
PAWN_AUDIT_ENTRY,848,8014803852168044602,685380369719183420,10450951340377651609,8675629994108603775,918,289,290,287,10,9,1,18,18446744073709535772,18446744073709550278,2,0,1,0,0,1,0,1828,0,305,305,18446744073704209295,9,1647,0,0,0,1,18446744073709544989,18446744073709551030,18446744073709551030,278,5,2,1,12476096914886272809,1,0,2,3711873112027468267,0,0,1,0
PAWN_AUDIT_RESULT,848,1,1,174,0,0,174,0,0,0,0,0
PAWN_AUDIT_ENTRY,849,685380369719183420,3535125257132070032,10450951340377651609,8429844321281333991,1375,289,290,287,10,9,1,19,18446744073709535535,18446744073709550278,2,0,1,0,0,1,0,1828,0,305,305,18446744073704209295,9,1648,0,0,0,2,18446744073709544881,18446744073709551030,18446744073709551030,278,5,2,1,12476096914886272809,1,0,2,3711873112027468267,0,2,1,0
PAWN_AUDIT_RESULT,849,1,1,98,0,0,98,0,0,0,0,0
PAWN_AUDIT_ENTRY,850,3535125257132070032,4414739305918429674,10450951340377651609,6714165103330919764,324,289,290,287,10,9,2,20,18446744073709539588,18446744073709550284,2,0,1,0,0,1,0,1828,0,305,305,18446744073704209295,9,1649,0,0,0,4,18446744073709547487,18446744073709550749,18446744073709549747,278,5,2,1,12476096914886272809,1,0,2,3711873112027468267,0,2,1,0
PAWN_AUDIT_RESULT,850,2,2,270,0,0,270,0,0,0,0,0
PAWN_AUDIT_ENTRY,851,4414739305918429674,12357211729586922793,10450951340377651609,16846381894644849503,1355,289,290,287,10,9,1,21,18446744073709535282,18446744073709550278,2,0,1,0,0,1,0,1828,0,305,305,18446744073704209295,9,1650,0,0,0,2,18446744073709545456,18446744073709550113,18446744073709550553,278,5,2,1,12476096914886272809,1,0,2,3711873112027468267,0,2,1,0
PAWN_AUDIT_RESULT,851,1,1,203,0,0,203,0,0,0,0,0
PAWN_AUDIT_ENTRY,852,12357211729586922793,1945476046559178902,10450951340377651609,3685481934890965919,536,289,290,287,10,9,1,22,18446744073709537205,18446744073709549983,2,0,1,0,0,1,0,1828,0,305,305,18446744073704209295,9,1651,0,0,0,1,18446744073709545794,18446744073709551030,18446744073709550714,278,5,2,1,12476096914886272809,1,0,2,3711873112027468267,0,0,1,0
PAWN_AUDIT_RESULT,852,1,1,219,0,0,219,0,0,0,0,0
PAWN_AUDIT_ENTRY,853,1945476046559178902,15942888214685458742,10450951340377651609,7773704544893824582,157,289,290,287,10,9,1,23,18446744073709537564,18446744073709548874,2,0,1,0,0,1,0,1828,0,305,305,18446744073704209295,9,1652,0,0,0,3,18446744073709546666,18446744073709549878,18446744073709550440,278,5,2,1,12476096914886272809,1,0,2,3711873112027468267,0,2,1,0
PAWN_AUDIT_RESULT,853,1,1,243,0,0,243,0,0,0,0,0
PAWN_AUDIT_ENTRY,854,15942888214685458742,8324800302600169607,10450951340377651609,15658594387622735603,204,289,290,287,10,9,2,24,18446744073709538981,18446744073709549635,2,0,1,0,0,1,0,1828,0,305,305,18446744073704209295,9,1653,0,0,0,5,18446744073709546771,18446744073709551030,18446744073709550364,278,5,2,1,12476096914886272809,1,0,2,3711873112027468267,0,2,1,0
PAWN_AUDIT_RESULT,854,2,2,229,0,0,229,0,0,0,0,0
PAWN_AUDIT_ENTRY,855,8324800302600169607,18117429226784475214,10450951340377651609,1003988802913973304,983,289,290,287,10,9,1,26,18446744073709536748,18446744073709549718,2,0,1,0,0,1,0,1828,0,305,305,18446744073704209295,9,1654,0,0,0,1,18446744073709545724,18446744073709551030,18446744073709550430,278,5,2,1,12476096914886272809,1,0,2,3711873112027468267,0,0,1,0
PAWN_AUDIT_RESULT,855,1,1,203,0,0,203,0,0,0,0,0
PAWN_AUDIT_ENTRY,856,18117429226784475214,3890220522331607379,10450951340377651609,9581444859962229920,148,289,290,287,10,9,2,28,18446744073709539242,18446744073709548036,2,0,1,0,0,1,0,1828,0,305,305,18446744073704209295,9,1655,0,0,0,3,18446744073709546802,18446744073709551030,18446744073709550545,278,5,2,1,12476096914886272809,1,0,2,3711873112027468267,0,2,1,0
PAWN_AUDIT_RESULT,856,2,2,215,0,0,215,0,0,0,0,0
PAWN_AUDIT_ENTRY,857,3890220522331607379,11070314205634438693,10450951340377651609,12940414318757973888,139,289,290,287,10,9,1,29,18446744073709536616,18446744073709549062,2,0,1,0,0,1,0,1828,0,305,305,18446744073704209295,9,1656,0,0,0,3,18446744073709545584,18446744073709551030,18446744073709550594,278,5,2,1,12476096914886272809,1,0,2,3711873112027468267,0,2,1,0
PAWN_AUDIT_RESULT,857,1,1,209,0,0,209,0,0,0,0,0
PAWN_AUDIT_ENTRY,858,11070314205634438693,5930716278777677546,10450951340377651609,11151987837015720841,166,289,290,287,10,9,2,30,18446744073709537115,18446744073709549157,2,0,1,0,0,1,0,1828,0,305,305,18446744073704209295,9,1657,0,0,0,3,18446744073709546639,18446744073709550033,18446744073709549915,278,5,2,1,12476096914886272809,1,0,2,3711873112027468267,0,2,1,0
PAWN_AUDIT_RESULT,858,2,2,215,0,0,215,0,0,0,0,0
PAWN_AUDIT_ENTRY,859,5930716278777677546,17805400859798292899,10450951340377651609,11916570418656177287,1164,289,290,287,10,9,2,31,18446744073709537660,18446744073709548474,2,0,1,0,0,1,0,1828,0,305,305,18446744073704209295,9,1658,0,0,0,2,18446744073709546109,18446744073709551030,18446744073709550491,278,5,2,1,12476096914886272809,1,0,2,3711873112027468267,0,2,1,0
PAWN_AUDIT_RESULT,859,2,2,204,0,0,204,0,0,0,0,0
PAWN_AUDIT_ENTRY,860,17805400859798292899,3050921595149998344,10450951340377651609,17806512311751673437,1,289,290,287,10,9,1,32,18446744073709536012,18446744073709548789,2,0,1,0,0,1,0,1828,0,305,305,18446744073704209295,9,1659,0,0,0,4,18446744073709545288,18446744073709551030,18446744073709550638,278,5,2,1,12476096914886272809,1,0,2,3711873112027468267,0,2,1,0
PAWN_AUDIT_RESULT,860,1,1,212,0,0,212,0,0,0,0,0
PAWN_AUDIT_ENTRY,861,3050921595149998344,7905470345450606099,10450951340377651609,15119864091770518833,203,289,290,287,10,9,2,33,18446744073709536147,18446744073709548613,2,0,1,0,0,1,0,1828,0,305,305,18446744073704209295,9,1660,0,0,0,5,18446744073709545330,18446744073709551030,18446744073709550678,278,5,2,1,12476096914886272809,1,0,2,3711873112027468267,0,2,1,0
PAWN_AUDIT_RESULT,861,2,2,201,0,0,201,0,0,0,0,0
PAWN_AUDIT_ENTRY,862,7905470345450606099,7949612987603870337,10450951340377651609,8319548827801451368,196,289,290,287,10,9,1,34,18446744073709535544,18446744073709548663,2,0,1,0,0,1,0,1828,0,305,305,18446744073704209295,9,1661,0,0,0,5,18446744073709545023,18446744073709551030,18446744073709550746,278,5,2,1,12476096914886272809,1,0,2,3711873112027468267,0,2,1,0
PAWN_AUDIT_RESULT,862,1,1,194,0,0,194,0,0,0,0,0
PAWN_AUDIT_ENTRY,863,7949612987603870337,3428808087268117541,10450951340377651609,13351666540998764011,2136,289,290,287,10,9,1,35,18446744073709533795,18446744073709550278,2,0,1,0,0,1,0,1828,0,305,305,18446744073704209295,9,1662,0,0,0,3,18446744073709544922,18446744073709551030,18446744073709549315,278,5,2,1,12476096914886272809,1,0,2,3711873112027468267,0,2,1,0
PAWN_AUDIT_RESULT,863,1,1,213,0,0,213,0,0,0,0,0
PAWN_AUDIT_ENTRY,883,16905265667368189127,1089377341242592030,4994234169603641602,9794906172538011143,2910,18446744073709551333,18446744073709551334,18446744073709551333,7,6,3,2,18446744073709547281,18446744073709549723,5,0,0,0,0,0,0,0,0,18446744073709551198,18446744073709551198,4639122,9,1706,0,0,0,10,18446744073709550222,18446744073709551030,18446744073709551030,18446744073709551307,1,1,1,14806036804063960078,0,0,5,9648866739468808681,0,1,1,0
PAWN_AUDIT_RESULT,883,3,3,-365,0,0,-365,0,0,0,0,0
PAWN_AUDIT_ENTRY,884,1089377341242592030,4823436459914454990,4994234169603641602,16700774270614468976,2942,18446744073709551333,18446744073709551334,18446744073709551333,7,6,2,3,18446744073709544805,18446744073709549745,5,0,0,0,0,0,0,0,0,18446744073709551198,18446744073709551198,4639122,9,1707,0,0,0,10,18446744073709549096,18446744073709551030,18446744073709551030,18446744073709551307,1,1,1,14806036804063960078,0,0,5,9648866739468808681,0,1,1,0
PAWN_AUDIT_RESULT,884,2,2,-348,0,0,-348,0,0,0,0,0
PAWN_AUDIT_ENTRY,885,4823436459914454990,538930411882046900,4994234169603641602,1911306925485825611,2935,18446744073709551333,18446744073709551334,18446744073709551333,7,6,2,4,18446744073709542511,18446744073709549793,5,0,0,0,0,0,0,0,0,18446744073709551198,18446744073709551198,4639122,9,1708,0,0,0,10,18446744073709549118,18446744073709549858,18446744073709550043,18446744073709551307,1,1,1,14806036804063960078,0,0,5,9648866739468808681,0,1,1,0
PAWN_AUDIT_RESULT,885,2,2,-329,0,0,-329,0,0,0,0,0
PAWN_AUDIT_ENTRY,887,2633383878520067750,8628194693812128355,4994234169603641602,4676714803714074831,53055,18446744073709551333,18446744073709551334,18446744073709551333,7,6,2,6,18446744073709544974,18446744073709550278,5,0,0,0,0,0,0,0,0,18446744073709551198,18446744073709551198,4639122,9,1710,0,0,0,14,18446744073709549173,18446744073709551030,18446744073709551030,18446744073709551307,1,1,1,14806036804063960078,0,0,5,9648866739468808681,0,1,1,0
PAWN_AUDIT_RESULT,887,2,2,-513,0,0,-513,0,0,0,0,0
PAWN_AUDIT_ENTRY,888,8628194693812128355,9961645703509144977,4994234169603641602,13657372630905488041,3234,18446744073709551333,18446744073709551334,18446744073709551333,7,6,2,7,18446744073709547233,18446744073709550278,5,0,0,0,0,0,0,0,0,18446744073709551198,18446744073709551198,4639122,9,1711,0,0,0,9,18446744073709550200,18446744073709551030,18446744073709551030,18446744073709551307,1,1,1,14806036804063960078,0,0,5,9648866739468808681,0,0,1,0
PAWN_AUDIT_RESULT,888,2,2,-410,0,0,-410,0,0,0,0,0
PAWN_AUDIT_ENTRY,889,9961645703509144977,18424101168053532096,4994234169603641602,33938619280045635,3306,18446744073709551333,18446744073709551334,18446744073709551333,7,6,1,8,18446744073709544411,18446744073709550278,5,0,0,0,0,0,0,0,0,18446744073709551198,18446744073709551198,4639122,9,1712,0,0,0,11,18446744073709548548,18446744073709551030,174,18446744073709551307,1,1,1,14806036804063960078,0,0,5,9648866739468808681,0,1,1,0
PAWN_AUDIT_RESULT,889,1,1,-540,0,0,-540,0,0,0,0,0
PAWN_AUDIT_ENTRY,890,18424101168053532096,16397560206215714778,4994234169603641602,8798396501823090866,1640,18446744073709551333,18446744073709551334,18446744073709551333,7,6,1,9,18446744073709544714,18446744073709548874,5,0,0,0,0,0,0,0,0,18446744073709551198,18446744073709551198,4639122,9,1713,0,0,0,10,18446744073709549055,18446744073709551030,18446744073709551030,18446744073709551307,1,1,1,14806036804063960078,0,0,5,9648866739468808681,0,1,1,0
PAWN_AUDIT_RESULT,890,1,1,-509,0,0,-509,0,0,0,0,0
PAWN_AUDIT_ENTRY,893,8941868706638864892,2817725866698210214,2841117292064676251,8405006281230762039,3112,18446744073709551333,18446744073709551334,18446744073709551333,9,8,6,2,18446744073709551235,1290,3,0,0,0,0,0,0,0,0,18446744073709551261,18446744073709551261,18446744073706091202,9,1716,0,0,0,9,404,18446744073709551030,18446744073709551030,18446744073709551319,4,1,1,12476096914886272809,2,0,3,5602655020631795647,0,0,1,0
PAWN_AUDIT_RESULT,893,6,6,-298,0,0,-298,0,13,13,0,0
PAWN_AUDIT_ENTRY,899,16063364446039211712,11624869353831569408,2841117292064676251,16116699266518895152,3234,18446744073709551333,18446744073709551334,18446744073709551333,9,8,3,3,18446744073709549913,18446744073709550278,3,0,0,0,0,0,0,0,0,18446744073709551261,18446744073709551261,18446744073706091202,9,1730,0,0,0,9,932,18446744073709549748,18446744073709550024,18446744073709551319,4,1,1,12476096914886272809,2,0,3,5602655020631795647,0,0,1,0
PAWN_AUDIT_RESULT,899,3,3,-441,0,0,-441,0,2,2,0,0
PAWN_AUDIT_ENTRY,900,11624869353831569408,6023688605737573076,2841117292064676251,7087023577315245786,3306,18446744073709551333,18446744073709551334,18446744073709551333,9,8,1,4,18446744073709541089,18446744073709550278,3,0,0,0,0,0,0,0,0,18446744073709551261,18446744073709551261,18446744073706091202,9,1733,0,0,0,11,18446744073709547735,18446744073709550680,18446744073709550714,18446744073709551319,4,1,1,12476096914886272809,2,0,3,5602655020631795647,0,3,1,0
PAWN_AUDIT_RESULT,900,1,1,-396,0,0,-396,0,0,0,0,0
PAWN_AUDIT_ENTRY,901,6023688605737573076,10915207989487665927,2841117292064676251,1745311548368205867,1640,18446744073709551333,18446744073709551334,18446744073709551333,9,8,1,5,18446744073709542704,18446744073709548874,3,0,0,0,0,0,0,0,0,18446744073709551261,18446744073709551261,18446744073706091202,9,1734,0,0,0,10,18446744073709548141,18446744073709551030,18446744073709551030,18446744073709551319,4,1,1,12476096914886272809,2,0,3,5602655020631795647,0,3,1,0
PAWN_AUDIT_RESULT,901,1,1,-398,0,0,-398,0,0,0,0,0
PAWN_AUDIT_ENTRY,902,10915207989487665927,4890979003382891126,2841117292064676251,6426131977469276111,1642,18446744073709551333,18446744073709551334,18446744073709551333,9,8,1,6,18446744073709541041,18446744073709550278,3,0,0,0,0,0,0,0,0,18446744073709551261,18446744073709551261,18446744073706091202,9,1735,0,0,0,10,18446744073709548040,18446744073709550302,18446744073709550430,18446744073709551319,4,1,1,12476096914886272809,2,0,3,5602655020631795647,0,3,1,0
PAWN_AUDIT_RESULT,902,1,1,-334,0,0,-334,0,0,0,0,0
PAWN_AUDIT_ENTRY,906,11616715496313340066,17152527997633135622,2841117292064676251,11371194446146056566,3242,18446744073709551333,18446744073709551334,18446744073709551333,9,8,1,11,18446744073709540301,18446744073709550278,3,0,0,0,0,0,0,0,0,18446744073709551261,18446744073709551261,18446744073706091202,9,1741,0,0,0,9,18446744073709547867,18446744073709550113,18446744073709550288,18446744073709551319,4,1,1,12476096914886272809,2,0,3,5602655020631795647,0,0,1,0
PAWN_AUDIT_RESULT,906,1,1,-371,0,0,-371,0,0,0,0,0
PAWN_AUDIT_ENTRY,1009,1164138518585949756,1726786946076995385,9492579135659111485,14462452577801663597,1380,271,272,85,7,6,2,3,18446744073709538649,251,4,0,0,0,0,0,0,0,0,92,92,18446744073706922890,10,1920,0,0,1,2,18446744073709546297,18446744073709551030,18446744073709551030,242,4,1,1,12476096914886272809,0,0,4,9061868693429926012,0,1,1,0
PAWN_AUDIT_RESULT,1009,2,2,196,0,0,196,0,0,0,0,0
PAWN_AUDIT_ENTRY,1021,4511624842126734088,6639900348315841342,14122557049927430602,10391035236766918758,3112,18446744073709551344,18446744073709551345,18446744073709551310,6,5,1,2,18446744073709541719,106,3,0,1,0,0,1,0,2908,0,18446744073709551349,18446744073709551349,2181989,10,1939,0,0,0,9,18446744073709548389,18446744073709550292,18446744073709550356,18446744073709551339,7,2,1,12476096914886272809,2,0,3,10450951340377651609,0,0,1,0
PAWN_AUDIT_RESULT,1021,1,1,-290,0,0,-290,0,0,0,0,0
PAWN_AUDIT_ENTRY,1024,29411139652256310,12526166164309771949,14122557049927430602,15555636327821054965,4093,18446744073709551344,18446744073709551345,18446744073709551330,6,5,1,5,18446744073709538325,18446744073709550278,3,0,1,0,0,1,0,2908,0,18446744073709551349,18446744073709551349,2181989,10,1944,0,0,0,12,18446744073709546212,18446744073709550905,18446744073709551030,18446744073709551339,7,2,1,12476096914886272809,2,0,3,10450951340377651609,0,3,1,0
PAWN_AUDIT_RESULT,1024,1,1,-434,0,0,-434,0,0,0,0,0
PAWN_AUDIT_ENTRY,1025,12526166164309771949,12310395495697882726,14122557049927430602,5673180187882787465,4094,18446744073709551344,18446744073709551345,18446744073709551330,6,5,1,6,18446744073709538239,18446744073709550278,3,0,1,0,0,1,0,2908,0,18446744073709551349,18446744073709551349,2181989,10,1945,0,0,0,12,18446744073709546188,18446744073709550875,18446744073709551030,18446744073709551339,7,2,1,12476096914886272809,2,0,3,10450951340377651609,0,3,1,0
PAWN_AUDIT_RESULT,1025,1,1,-375,0,0,-375,0,0,0,0,0
PAWN_AUDIT_ENTRY,1026,12310395495697882726,14965942476641485795,14122557049927430602,14291456666111772679,53055,18446744073709551344,18446744073709551345,18446744073709551330,6,5,1,7,18446744073709538238,18446744073709550278,3,0,1,0,0,1,0,2908,0,18446744073709551349,18446744073709551349,2181989,10,1946,0,0,0,14,18446744073709546180,18446744073709550890,18446744073709551030,18446744073709551339,7,2,1,12476096914886272809,2,0,3,10450951340377651609,0,3,1,0
PAWN_AUDIT_RESULT,1026,1,1,-360,0,0,-360,0,0,0,0,0
PAWN_AUDIT_ENTRY,1027,14965942476641485795,3893927738855352193,14122557049927430602,7023190983961369016,2942,18446744073709551344,18446744073709551345,18446744073709551330,6,5,1,9,18446744073709540402,18446744073709550278,3,0,1,0,0,1,0,2908,0,18446744073709551349,18446744073709551349,2181989,10,1947,0,0,0,10,18446744073709547494,18446744073709551030,18446744073709550206,18446744073709551339,7,2,1,12476096914886272809,2,0,3,10450951340377651609,0,3,1,0
PAWN_AUDIT_RESULT,1027,1,1,-376,0,0,-376,0,0,0,0,0
PAWN_AUDIT_ENTRY,1028,3893927738855352193,15752274074321586505,14122557049927430602,97966550780452559,2910,18446744073709551344,18446744073709551345,18446744073709551330,6,5,1,10,18446744073709540795,18446744073709550278,3,0,1,0,0,1,0,2908,0,18446744073709551349,18446744073709551349,2181989,10,1948,0,0,0,10,18446744073709547718,18446744073709551030,18446744073709550113,18446744073709551339,7,2,1,12476096914886272809,2,0,3,10450951340377651609,0,3,1,0
PAWN_AUDIT_RESULT,1028,1,1,-375,0,0,-375,0,0,0,0,0
PAWN_AUDIT_ENTRY,1029,15752274074321586505,10401295978221559873,14122557049927430602,11255657438161452675,2935,18446744073709551344,18446744073709551345,18446744073709551330,6,5,1,11,18446744073709541694,18446744073709550278,3,0,1,0,0,1,0,2908,0,18446744073709551349,18446744073709551349,2181989,10,1949,0,0,0,10,18446744073709548534,18446744073709550979,18446744073709549326,18446744073709551339,7,2,1,12476096914886272809,2,0,3,10450951340377651609,0,3,1,0
PAWN_AUDIT_RESULT,1029,1,1,-349,0,0,-349,0,0,0,0,0
PAWN_AUDIT_ENTRY,1030,10401295978221559873,8520025874941629980,14122557049927430602,13672646086197856158,2713,18446744073709551344,18446744073709551345,18446744073709551330,6,5,1,19,18446744073709542514,18446744073709547608,3,0,1,0,0,1,0,2908,0,18446744073709551349,18446744073709551349,2181989,10,1950,0,0,0,10,18446744073709549577,18446744073709550130,18446744073709548820,18446744073709551339,7,2,1,12476096914886272809,2,0,3,10450951340377651609,0,3,1,0
PAWN_AUDIT_RESULT,1030,1,1,-265,1,5,-275,0,2,17,0,0
PAWN_AUDIT_ENTRY,1047,17932772853626086647,11529407879714587372,11958732823251404649,15831962245020905789,1642,18446744073709551325,18446744073709551326,18446744073709551100,8,7,5,3,18446744073709540776,18446744073709550278,7,0,0,0,0,1,0,0,0,18446744073709551207,18446744073709551207,832635,10,1995,0,0,0,10,18446744073709547264,18446744073709551030,18446744073709551030,18446744073709551228,2,1,1,3297617511808502373,0,0,7,8564632871543190409,0,1,1,0
PAWN_AUDIT_RESULT,1047,5,5,-291,0,0,-291,0,4,4,0,0
PAWN_AUDIT_ENTRY,1048,11529407879714587372,6058678236331670852,11958732823251404649,6715532989954004162,3234,18446744073709551325,18446744073709551326,18446744073709551325,8,7,4,5,18446744073709549214,18446744073709550278,7,0,0,0,0,1,0,0,0,18446744073709551207,18446744073709551207,832635,10,2000,0,0,0,9,18446744073709551106,18446744073709551020,18446744073709551030,18446744073709551228,2,1,1,3297617511808502373,0,0,7,8564632871543190409,0,0,1,0
PAWN_AUDIT_RESULT,1048,4,4,-446,0,0,-446,0,0,0,0,0
PAWN_AUDIT_ENTRY,1057,8013685351312319358,9432354398861475671,15349610400115125392,356887701882429882,1048,290,291,275,6,5,1,9,18446744073709549016,18446744073709550278,8,0,1,0,0,1,0,0,0,153,153,18446744073709386406,10,2022,0,0,1,1,18446744073709551011,18446744073709551030,18446744073709551030,276,4,1,1,18286704052261288528,0,0,8,11958732823251404649,0,0,1,0
PAWN_AUDIT_RESULT,1057,1,1,-35,0,0,-35,0,0,0,0,0
PAWN_AUDIT_ENTRY,1058,9432354398861475671,2656092915800464537,15349610400115125392,4644591514039409477,1160,290,291,275,6,5,1,10,18446744073709547606,18446744073709550278,8,0,1,0,0,1,0,0,0,153,153,18446744073709386406,10,2023,0,0,1,2,18446744073709550370,18446744073709551030,18446744073709551030,276,4,1,1,18286704052261288528,0,0,8,11958732823251404649,0,1,1,0
PAWN_AUDIT_RESULT,1058,1,1,5,0,0,5,0,0,0,0,0
PAWN_AUDIT_ENTRY,1068,4750923964099355899,14360185780449727129,8564632871543190409,13474503392733695812,324,290,291,284,9,8,2,7,18446744073709540794,18446744073709549859,6,0,1,0,0,1,0,528,0,363,317,18446744073708661054,10,2047,0,0,0,4,18446744073709547413,18446744073709550749,18446744073709551030,363,3,2,1,6780196862689092937,4,0,6,15299207366719151099,0,5,1,0
PAWN_AUDIT_RESULT,1068,2,2,248,0,0,248,0,0,0,0,0
PAWN_AUDIT_ENTRY,1069,14360185780449727129,10018547139679728064,8564632871543190409,4454950260951036889,1380,290,291,284,9,8,2,9,18446744073709539870,18446744073709549120,6,0,1,0,0,1,0,528,0,363,317,18446744073708661054,10,2048,0,0,0,2,18446744073709546852,18446744073709551030,18446744073709551030,363,3,2,1,6780196862689092937,4,0,6,15299207366719151099,0,5,1,0
PAWN_AUDIT_RESULT,1069,2,2,247,0,0,247,0,0,0,0,0
PAWN_AUDIT_ENTRY,1070,10018547139679728064,13079169177279584594,8564632871543190409,2703041091985621667,1153,290,291,284,9,8,1,10,18446744073709536014,18446744073709550278,6,0,1,0,0,1,0,528,0,363,317,18446744073708661054,10,2049,0,0,0,2,18446744073709545099,18446744073709551030,18446744073709551030,363,3,2,1,6780196862689092937,4,0,6,15299207366719151099,0,5,1,0
PAWN_AUDIT_RESULT,1070,1,1,176,0,0,176,0,0,0,0,0
PAWN_AUDIT_ENTRY,1071,13079169177279584594,14819610574074962307,8564632871543190409,12763653094743625674,1348,290,291,284,9,8,1,11,18446744073709535953,18446744073709550278,6,0,1,0,0,1,0,528,0,363,317,18446744073708661054,10,2050,0,0,0,2,18446744073709545071,18446744073709551030,18446744073709551030,363,3,2,1,6780196862689092937,4,0,6,15299207366719151099,0,5,1,0
PAWN_AUDIT_RESULT,1071,1,1,199,0,0,199,0,0,0,0,0
PAWN_AUDIT_ENTRY,1072,14819610574074962307,10233026521231548661,8564632871543190409,16498313959971139430,593,290,291,284,9,8,1,12,18446744073709535923,18446744073709550278,6,0,1,0,0,1,0,528,0,363,317,18446744073708661054,10,2051,0,0,0,1,18446744073709545113,18446744073709550919,18446744073709551030,363,3,2,1,6780196862689092937,4,0,6,15299207366719151099,0,0,1,0
PAWN_AUDIT_RESULT,1072,1,1,179,0,0,179,0,0,0,0,0
PAWN_AUDIT_ENTRY,1073,10233026521231548661,14209370731540116188,8564632871543190409,16878487104601275944,983,290,291,284,9,8,1,13,18446744073709537411,18446744073709550278,6,0,1,0,0,1,0,528,0,363,317,18446744073708661054,10,2052,0,0,0,1,18446744073709545815,18446744073709550868,18446744073709551030,363,3,2,1,6780196862689092937,4,0,6,15299207366719151099,0,0,1,0
PAWN_AUDIT_RESULT,1073,1,1,235,0,0,235,0,0,0,0,0
PAWN_AUDIT_ENTRY,1074,14209370731540116188,7952355903884891497,8564632871543190409,15354680359420925746,1382,290,291,284,9,8,3,15,18446744073709549082,18446744073709548838,6,0,1,0,0,1,0,528,0,363,317,18446744073708661054,10,2053,0,0,0,2,18446744073709549534,2900,18446744073709550544,363,3,2,1,6780196862689092937,4,0,6,15299207366719151099,0,5,1,0
PAWN_AUDIT_RESULT,1074,3,3,241,0,0,241,0,0,0,0,0
PAWN_AUDIT_ENTRY,1075,7952355903884891497,3107341190024721196,8564632871543190409,15346009873282666895,536,290,291,284,9,8,1,16,18446744073709536195,18446744073709550278,6,0,1,0,0,1,0,528,0,363,317,18446744073708661054,10,2054,0,0,0,1,18446744073709545181,18446744073709551030,18446744073709551030,363,3,2,1,6780196862689092937,4,0,6,15299207366719151099,0,0,1,0
PAWN_AUDIT_RESULT,1075,1,1,186,0,0,186,0,0,0,0,0
PAWN_AUDIT_ENTRY,1076,3107341190024721196,9585349319289988989,8564632871543190409,12272746715987336035,991,290,291,284,9,8,1,17,18446744073709535304,18446744073709550278,6,0,1,0,0,1,0,528,0,363,317,18446744073708661054,10,2055,0,0,0,1,18446744073709544776,18446744073709551030,18446744073709551030,363,3,2,1,6780196862689092937,4,0,6,15299207366719151099,0,0,1,0
PAWN_AUDIT_RESULT,1076,1,1,204,0,0,204,0,0,0,0,0
PAWN_AUDIT_ENTRY,1077,9585349319289988989,6237849354251593250,8564632871543190409,11507976213251245935,918,290,291,284,9,8,1,18,18446744073709535297,18446744073709550278,6,0,1,0,0,1,0,528,0,363,317,18446744073708661054,10,2056,0,0,0,1,18446744073709544773,18446744073709551030,18446744073709551030,363,3,2,1,6780196862689092937,4,0,6,15299207366719151099,0,0,1,0
PAWN_AUDIT_RESULT,1077,1,1,193,0,0,193,0,0,0,0,0
PAWN_AUDIT_ENTRY,1078,6237849354251593250,8421049046323816584,8564632871543190409,10102475561593037910,157,290,291,284,9,8,1,21,18446744073709537569,18446744073709548874,6,0,1,0,0,1,0,528,0,363,317,18446744073708661054,10,2057,0,0,0,3,18446744073709546382,18446744073709549878,18446744073709551030,363,3,2,1,6780196862689092937,4,0,6,15299207366719151099,0,5,1,0
PAWN_AUDIT_RESULT,1078,1,1,232,0,0,232,0,0,0,0,0
PAWN_AUDIT_ENTRY,1079,8421049046323816584,16648156962224104933,8564632871543190409,7145714741525581488,148,290,291,284,9,8,1,23,18446744073709537699,18446744073709548874,6,0,1,0,0,1,0,528,0,363,317,18446744073708661054,10,2058,0,0,0,3,18446744073709545989,18446744073709550782,18446744073709551030,363,3,2,1,6780196862689092937,4,0,6,15299207366719151099,0,5,1,0
PAWN_AUDIT_RESULT,1079,1,1,225,0,0,225,0,0,0,0,0
PAWN_AUDIT_ENTRY,1083,15969026481706310923,9297089677679134894,5547804375411603008,11516696776304706208,528,290,291,290,11,10,6,3,18446744073709549966,18446744073709550749,4,0,1,0,0,1,0,1228,0,294,250,1390502,10,2067,0,0,0,1,18446744073709551460,580,18446744073709549794,294,5,2,1,6780196862689092937,2,0,4,3656460333166198804,0,0,1,0
PAWN_AUDIT_RESULT,1083,6,6,239,0,0,239,0,6,6,0,0
PAWN_AUDIT_ENTRY,1092,15677878460123843395,25087803439807088,5547804375411603008,3764623785961903238,1355,290,291,290,11,10,2,9,18446744073709536208,18446744073709550278,4,0,1,0,0,1,0,1228,0,294,250,1390502,10,2091,0,0,0,2,18446744073709545187,18446744073709551030,18446744073709551030,294,5,2,1,6780196862689092937,2,0,4,3656460333166198804,0,3,1,0
PAWN_AUDIT_RESULT,1092,2,2,194,0,0,194,0,0,0,0,0
PAWN_AUDIT_ENTRY,1093,25087803439807088,11029285654687439820,5547804375411603008,16056383483454532271,593,290,291,290,11,10,2,11,18446744073709535748,18446744073709550278,4,0,1,0,0,1,0,1228,0,294,250,1390502,10,2092,0,0,0,1,18446744073709544978,18446744073709551030,18446744073709551030,294,5,2,1,6780196862689092937,2,0,4,3656460333166198804,0,0,1,0
PAWN_AUDIT_RESULT,1093,2,2,222,0,0,222,0,0,0,0,0
PAWN_AUDIT_ENTRY,1094,11029285654687439820,13371792126094900160,5547804375411603008,11930873186378269350,918,290,291,290,11,10,2,13,18446744073709535148,18446744073709550278,4,0,1,0,0,1,0,1228,0,294,250,1390502,10,2093,0,0,0,1,18446744073709544705,18446744073709551030,18446744073709551030,294,5,2,1,6780196862689092937,2,0,4,3656460333166198804,0,0,1,0
PAWN_AUDIT_RESULT,1094,2,2,199,0,0,199,0,0,0,0,0
PAWN_AUDIT_ENTRY,1095,13371792126094900160,1663082268189928698,5547804375411603008,17208685441978831942,536,290,291,290,11,10,2,14,18446744073709535484,18446744073709550278,4,0,1,0,0,1,0,1228,0,294,250,1390502,10,2094,0,0,0,1,18446744073709545033,18446744073709550680,18446744073709551030,294,5,2,1,6780196862689092937,2,0,4,3656460333166198804,0,0,1,0
PAWN_AUDIT_RESULT,1095,2,2,221,0,0,221,0,0,0,0,0
PAWN_AUDIT_ENTRY,1096,1663082268189928698,8793725033788362706,5547804375411603008,9284592734440721037,324,290,291,290,11,10,2,16,18446744073709539120,18446744073709549859,4,0,1,0,0,1,0,1228,0,294,250,1390502,10,2095,0,0,0,4,18446744073709547025,18446744073709550002,18446744073709551030,294,5,2,1,6780196862689092937,2,0,4,3656460333166198804,0,3,1,0
PAWN_AUDIT_RESULT,1096,2,2,268,0,0,268,0,0,0,0,0
PAWN_AUDIT_ENTRY,1097,8793725033788362706,5806242158642651039,5547804375411603008,14995328763321269217,983,290,291,290,11,10,2,17,18446744073709536230,18446744073709550278,4,0,1,0,0,1,0,1228,0,294,250,1390502,10,2096,0,0,0,1,18446744073709545561,18446744073709550302,18446744073709551030,294,5,2,1,6780196862689092937,2,0,4,3656460333166198804,0,0,1,0
PAWN_AUDIT_RESULT,1097,2,2,254,0,0,254,0,0,0,0,0
PAWN_AUDIT_ENTRY,1098,5806242158642651039,14670304347861724003,5547804375411603008,17744020292390866198,391,290,291,290,11,10,2,18,18446744073709536309,18446744073709548874,4,0,1,0,0,1,0,1228,0,294,250,1390502,10,2097,0,0,0,6,18446744073709545233,18446744073709551030,18446744073709551030,294,5,2,1,6780196862689092937,2,0,4,3656460333166198804,0,3,1,0
PAWN_AUDIT_RESULT,1098,2,2,215,0,0,215,0,0,0,0,0
PAWN_AUDIT_ENTRY,1099,14670304347861724003,17739213173715761776,5547804375411603008,573464853704226320,1380,290,291,290,11,10,2,19,18446744073709538873,18446744073709548342,4,0,1,0,0,1,0,1228,0,294,250,1390502,10,2098,0,0,0,2,18446744073709546533,18446744073709550762,18446744073709551030,294,5,2,1,6780196862689092937,2,0,4,3656460333166198804,0,3,1,0
PAWN_AUDIT_RESULT,1099,2,2,252,0,0,252,0,0,0,0,0
PAWN_AUDIT_ENTRY,1100,17739213173715761776,6528218331220740870,5547804375411603008,2280320161513031530,1153,290,291,290,11,10,1,20,18446744073709535724,18446744073709548874,4,0,1,0,0,1,0,1228,0,294,250,1390502,10,2099,0,0,0,2,18446744073709544967,18446744073709551030,18446744073709551030,294,5,2,1,6780196862689092937,2,0,4,3656460333166198804,0,3,1,0
PAWN_AUDIT_RESULT,1100,1,1,198,0,0,198,0,0,0,0,0
PAWN_AUDIT_ENTRY,1101,6528218331220740870,7769184572893104540,5547804375411603008,10018231304269679107,1348,290,291,290,11,10,1,21,18446744073709535673,18446744073709548874,4,0,1,0,0,1,0,1228,0,294,250,1390502,10,2100,0,0,0,2,18446744073709544944,18446744073709551030,18446744073709551030,294,5,2,1,6780196862689092937,2,0,4,3656460333166198804,0,3,1,0
PAWN_AUDIT_RESULT,1101,1,1,208,0,0,208,0,0,0,0,0
PAWN_AUDIT_ENTRY,1102,7769184572893104540,6306975227916793787,5547804375411603008,7953752981074903129,139,290,291,290,11,10,1,22,18446744073709535914,18446744073709548874,4,0,1,0,0,1,0,1228,0,294,250,1390502,10,2101,0,0,0,3,18446744073709545308,18446744073709550521,18446744073709551030,294,5,2,1,6780196862689092937,2,0,4,3656460333166198804,0,3,1,0
PAWN_AUDIT_RESULT,1102,1,1,234,0,0,234,0,0,0,0,0
PAWN_AUDIT_ENTRY,1103,6306975227916793787,8737440169545016576,5547804375411603008,873823914801001192,203,290,291,290,11,10,1,24,18446744073709535660,18446744073709548874,4,0,1,0,0,1,0,1228,0,294,250,1390502,10,2102,0,0,0,5,18446744073709545137,18446744073709550632,18446744073709551030,294,5,2,1,6780196862689092937,2,0,4,3656460333166198804,0,3,1,0
PAWN_AUDIT_RESULT,1103,1,1,213,0,0,213,0,0,0,0,0
PAWN_AUDIT_ENTRY,1105,11937953964234628393,2998452806067400068,6938359671718365255,785611284728411747,2124,290,291,290,11,10,5,3,18446744073709541053,18446744073709550235,2,0,1,0,0,1,0,2131,0,298,298,4795568,10,2106,0,0,0,3,18446744073709546232,18446744073709549367,3513,290,7,2,1,6780196862689092937,0,0,2,3711873112027468267,0,1,1,0
PAWN_AUDIT_RESULT,1105,5,5,234,0,0,234,0,32,32,0,0
PAWN_AUDIT_ENTRY,1118,3014308577141188004,13662069127650320046,6938359671718365255,11593037252848134316,1828,290,291,290,11,10,5,4,18446744073709548525,18446744073709550409,2,0,1,0,0,1,0,2131,0,298,298,4795568,10,2139,0,0,0,1,189,18446744073709548477,18446744073709551564,290,7,2,1,6780196862689092937,0,0,2,3711873112027468267,0,0,1,0
PAWN_AUDIT_RESULT,1118,5,5,-557,0,0,-557,0,2,2,0,0
PAWN_AUDIT_ENTRY,1121,7458383521911518402,18081638002495993761,8286438515668911587,12850998739229664520,1828,290,291,179,7,6,3,2,18446744073709548504,18446744073709550409,4,0,0,0,0,0,0,0,0,90,90,18446744073708221274,10,2147,0,0,1,1,18446744073709550778,18446744073709551030,18446744073709551030,218,2,1,1,6780196862689092937,0,0,4,10124377920138824098,0,0,1,0
PAWN_AUDIT_RESULT,1121,3,3,222,0,0,222,0,0,0,0,0
PAWN_AUDIT_ENTRY,1128,15119609550687248070,11923853651301676847,5350734378994313233,11084010391044988071,2283,290,291,234,7,6,3,4,18446744073709550340,18446744073709550278,4,0,0,0,0,0,0,0,0,81,81,1468062,10,2161,0,0,1,1,18446744073709551613,18446744073709551030,18446744073709551030,226,3,1,1,9106776571417605304,0,0,4,17353613081461462618,0,0,1,0
PAWN_AUDIT_RESULT,1128,3,3,35,0,0,35,0,0,0,0,0
PAWN_AUDIT_ENTRY,1129,11923853651301676847,2857219283421544062,5350734378994313233,11056306908170181873,528,290,291,234,7,6,2,5,18446744073709550463,18446744073709550278,4,0,0,0,0,0,0,0,0,81,81,1468062,10,2162,0,0,1,1,53,18446744073709551030,18446744073709551030,226,3,1,1,9106776571417605304,0,0,4,17353613081461462618,0,0,1,0
PAWN_AUDIT_RESULT,1129,2,2,-176,0,0,-176,0,0,0,0,0
PAWN_AUDIT_ENTRY,1131,1243325966902196596,16628440249919364829,6938359671718365255,13905994583919427103,1176,290,291,290,11,10,3,10,18446744073709536283,18446744073709550278,2,0,1,0,0,1,0,2131,0,298,298,4795568,10,2164,0,0,0,2,18446744073709545221,18446744073709551030,18446744073709551030,290,7,2,1,6780196862689092937,0,0,2,3711873112027468267,0,1,1,0
PAWN_AUDIT_RESULT,1131,3,3,-87,0,0,-87,0,0,0,0,0
PAWN_AUDIT_ENTRY,1132,16628440249919364829,10403589521217323441,6938359671718365255,5190847693982946357,2136,290,291,290,11,10,3,11,18446744073709531195,18446744073709547936,2,0,1,0,0,1,0,2131,0,298,298,4795568,10,2165,0,0,0,3,18446744073709544810,18446744073709548890,18446744073709549315,290,7,2,1,6780196862689092937,0,0,2,3711873112027468267,0,1,1,0
PAWN_AUDIT_RESULT,1132,3,3,231,0,0,231,0,0,0,0,0
PAWN_AUDIT_ENTRY,1133,10403589521217323441,2864476405415686473,6938359671718365255,17466217500779664552,593,290,291,290,11,10,3,13,18446744073709535410,18446744073709550278,2,0,1,0,0,1,0,2131,0,298,298,4795568,10,2166,0,0,0,1,18446744073709544902,18446744073709551030,18446744073709550870,290,7,2,1,6780196862689092937,0,0,2,3711873112027468267,0,0,1,0
PAWN_AUDIT_RESULT,1133,3,3,148,0,0,148,0,0,0,0,0
PAWN_AUDIT_ENTRY,1134,2864476405415686473,14408140214161692830,6938359671718365255,12425075223562056842,324,290,291,290,11,10,4,14,18446744073709540427,18446744073709549859,2,0,1,0,0,1,0,2131,0,298,298,4795568,10,2167,0,0,0,4,18446744073709547728,18446744073709551030,18446744073709549747,290,7,2,1,6780196862689092937,0,0,2,3711873112027468267,0,1,1,0
PAWN_AUDIT_RESULT,1134,4,4,268,0,0,268,0,0,0,0,0
PAWN_AUDIT_ENTRY,1135,14408140214161692830,17853451080730662611,6938359671718365255,9882368731242314913,918,290,291,290,11,10,3,17,18446744073709535029,18446744073709550278,2,0,1,0,0,1,0,2131,0,298,298,4795568,10,2168,0,0,0,1,18446744073709544651,18446744073709551030,18446744073709551030,290,7,2,1,6780196862689092937,0,0,2,3711873112027468267,0,0,1,0
PAWN_AUDIT_RESULT,1135,3,3,141,0,0,141,0,0,0,0,0
PAWN_AUDIT_ENTRY,1136,17853451080730662611,14149857226079974447,6938359671718365255,14007967014287239745,536,290,291,290,11,10,3,18,18446744073709535345,18446744073709550278,2,0,1,0,0,1,0,2131,0,298,298,4795568,10,2169,0,0,0,1,18446744073709544948,18446744073709551030,18446744073709550714,290,7,2,1,6780196862689092937,0,0,2,3711873112027468267,0,0,1,0
PAWN_AUDIT_RESULT,1136,3,3,185,0,0,185,0,0,0,0,0
PAWN_AUDIT_ENTRY,1137,14149857226079974447,3333590898507541008,6938359671718365255,11583021958967109020,211,290,291,290,11,10,3,19,18446744073709536786,18446744073709548874,2,0,1,0,0,1,0,2131,0,298,298,4795568,10,2170,0,0,0,5,18446744073709545450,18446744073709551030,18446744073709551030,290,7,2,1,6780196862689092937,0,0,2,3711873112027468267,0,1,1,0
PAWN_AUDIT_RESULT,1137,3,3,126,0,0,126,0,0,0,0,0
PAWN_AUDIT_ENTRY,1138,3333590898507541008,2450546831342261660,6938359671718365255,18207455142232016358,983,290,291,290,11,10,3,20,18446744073709536097,18446744073709550278,2,0,1,0,0,1,0,2131,0,298,298,4795568,10,2171,0,0,0,1,18446744073709545561,18446744073709551030,18446744073709550156,290,7,2,1,6780196862689092937,0,0,2,3711873112027468267,0,0,1,0
PAWN_AUDIT_RESULT,1138,3,3,220,0,0,220,0,0,0,0,0
PAWN_AUDIT_ENTRY,1139,2450546831342261660,12408373973388387723,6938359671718365255,1768052703097891457,1355,290,291,290,11,10,3,21,18446744073709535371,18446744073709548874,2,0,1,0,0,1,0,2131,0,298,298,4795568,10,2172,0,0,0,2,18446744073709545038,18446744073709551030,18446744073709550553,290,7,2,1,6780196862689092937,0,0,2,3711873112027468267,0,1,1,0
PAWN_AUDIT_RESULT,1139,3,3,174,0,0,174,0,0,0,0,0
PAWN_AUDIT_ENTRY,1140,12408373973388387723,12443220764972389111,6938359671718365255,11142612034184355736,157,290,291,290,11,10,3,23,18446744073709537357,18446744073709547758,2,0,1,0,0,1,0,2131,0,298,298,4795568,10,2173,0,0,0,3,18446744073709545996,18446744073709551030,18446744073709550440,290,7,2,1,6780196862689092937,0,0,2,3711873112027468267,0,1,1,0
PAWN_AUDIT_RESULT,1140,3,3,219,0,0,219,0,0,0,0,0
PAWN_AUDIT_ENTRY,1141,12443220764972389111,1566995428827212004,6938359671718365255,6062711700910284121,1164,290,291,290,11,10,3,24,18446744073709537308,18446744073709548874,2,0,1,0,0,1,0,2131,0,298,298,4795568,10,2174,0,0,0,2,18446744073709546114,18446744073709551030,18446744073709550151,290,7,2,1,6780196862689092937,0,0,2,3711873112027468267,0,1,1,0
PAWN_AUDIT_RESULT,1141,3,3,129,0,0,129,0,0,0,0,0
PAWN_AUDIT_ENTRY,1142,1566995428827212004,5978869280479357297,6938359671718365255,2886170893575053101,204,290,291,290,11,10,3,26,18446744073709537303,18446744073709549038,2,0,1,0,0,1,0,2131,0,298,298,4795568,10,2175,0,0,0,5,18446744073709546191,18446744073709551030,18446744073709549987,290,7,2,1,6780196862689092937,0,0,2,3711873112027468267,0,1,1,0
PAWN_AUDIT_RESULT,1142,3,3,235,0,0,235,0,0,0,0,0
PAWN_AUDIT_ENTRY,1143,5978869280479357297,4860593351098050123,6938359671718365255,9383183953192422070,196,290,291,290,11,10,3,27,18446744073709535515,18446744073709548874,2,0,1,0,0,1,0,2131,0,298,298,4795568,10,2176,0,0,0,5,18446744073709545010,18446744073709551030,18446744073709550746,290,7,2,1,6780196862689092937,0,0,2,3711873112027468267,0,1,1,0
PAWN_AUDIT_RESULT,1143,3,3,190,0,0,190,0,0,0,0,0
PAWN_AUDIT_ENTRY,1144,4860593351098050123,2613430943985803530,6938359671718365255,15747029072064590609,391,290,291,290,11,10,3,28,18446744073709536010,18446744073709547913,2,0,1,0,0,1,0,2131,0,298,298,4795568,10,2177,0,0,0,6,18446744073709545097,18446744073709551030,18446744073709551030,290,7,2,1,6780196862689092937,0,0,2,3711873112027468267,0,1,1,0
PAWN_AUDIT_RESULT,1144,3,3,161,0,0,161,0,0,0,0,0
PAWN_AUDIT_ENTRY,1145,2613430943985803530,15997494714358422538,6938359671718365255,458888985601996675,1,290,291,290,11,10,3,29,18446744073709535598,18446744073709548874,2,0,1,0,0,1,0,2131,0,298,298,4795568,10,2178,0,0,0,4,18446744073709545100,18446744073709551030,18446744073709550638,290,7,2,1,6780196862689092937,0,0,2,3711873112027468267,0,1,1,0
PAWN_AUDIT_RESULT,1145,3,3,196,0,0,196,0,0,0,0,0
PAWN_AUDIT_ENTRY,1146,15997494714358422538,7165649212009313403,6938359671718365255,3680163176492185965,1153,290,291,290,11,10,3,30,18446744073709535491,18446744073709547758,2,0,1,0,0,1,0,2131,0,298,298,4795568,10,2179,0,0,0,2,18446744073709544861,18446744073709551030,18446744073709551030,290,7,2,1,6780196862689092937,0,0,2,3711873112027468267,0,1,1,0
PAWN_AUDIT_RESULT,1146,3,3,123,0,0,123,0,0,0,0,0
PAWN_AUDIT_ENTRY,1147,7165649212009313403,12747529629917869764,6938359671718365255,12083205874003096580,1348,290,291,290,11,10,3,31,18446744073709535451,18446744073709547758,2,0,1,0,0,1,0,2131,0,298,298,4795568,10,2180,0,0,0,2,18446744073709544843,18446744073709551030,18446744073709551030,290,7,2,1,6780196862689092937,0,0,2,3711873112027468267,0,1,1,0
PAWN_AUDIT_RESULT,1147,3,3,163,0,0,163,0,0,0,0,0
PAWN_AUDIT_ENTRY,1148,12747529629917869764,7887561889578344706,6938359671718365255,4816225700682137182,139,290,291,290,11,10,3,32,18446744073709535839,18446744073709548381,2,0,1,0,0,1,0,2131,0,298,298,4795568,10,2181,0,0,0,3,18446744073709545231,18446744073709551030,18446744073709550594,290,7,2,1,6780196862689092937,0,0,2,3711873112027468267,0,1,1,0
PAWN_AUDIT_RESULT,1148,3,3,208,0,0,208,0,0,0,0,0
PAWN_AUDIT_ENTRY,1149,7887561889578344706,2439916913924595391,6938359671718365255,3117221897580398615,1380,290,291,290,11,10,4,33,18446744073709537577,18446744073709548302,2,0,1,0,0,1,0,2131,0,298,298,4795568,10,2182,0,0,0,2,18446744073709546516,18446744073709550383,18446744073709550241,290,7,2,1,6780196862689092937,0,0,2,3711873112027468267,0,1,1,0
PAWN_AUDIT_RESULT,1149,4,4,253,0,0,253,0,0,0,0,0
PAWN_AUDIT_ENTRY,1150,2439916913924595391,11723403641841514981,6938359671718365255,2348541217586482415,203,290,291,290,11,10,3,35,18446744073709535445,18446744073709547870,2,0,1,0,0,1,0,2131,0,298,298,4795568,10,2183,0,0,0,5,18446744073709545011,18446744073709551030,18446744073709550678,290,7,2,1,6780196862689092937,0,0,2,3711873112027468267,0,1,1,0
PAWN_AUDIT_RESULT,1150,3,3,168,0,0,168,0,0,0,0,0
PAWN_AUDIT_ENTRY,1151,11723403641841514981,16295562760450702042,6938359671718365255,8483406031848469886,148,290,291,290,11,10,3,36,18446744073709536326,18446744073709547758,2,0,1,0,0,1,0,2131,0,298,298,4795568,10,2184,0,0,0,3,18446744073709545681,18446744073709551030,18446744073709550123,290,7,2,1,6780196862689092937,0,0,2,3711873112027468267,0,1,1,0
PAWN_AUDIT_RESULT,1151,3,3,215,0,0,215,0,0,0,0,0
PAWN_AUDIT_ENTRY,1171,1696821208164365789,64279869324868962,8718576865347776022,3038092708071266590,8,267,268,252,8,7,1,4,18446744073709546784,18446744073709550278,6,0,0,0,0,0,0,0,0,57,57,18446744073709264462,10,2230,0,0,1,4,18446744073709549996,18446744073709551030,18446744073709551030,231,3,1,1,3297617511808502373,0,0,6,11516696776304706208,0,1,1,0
PAWN_AUDIT_RESULT,1171,1,1,-471,0,0,-471,0,0,0,0,0
PAWN_AUDIT_ENTRY,1172,64279869324868962,10169636017120938770,8718576865347776022,12180466071007306556,1048,267,268,252,8,7,1,5,18446744073709546157,18446744073709550278,6,0,0,0,0,0,0,0,0,57,57,18446744073709264462,10,2231,0,0,1,1,18446744073709549711,18446744073709551030,18446744073709551030,231,3,1,1,3297617511808502373,0,0,6,11516696776304706208,0,0,1,0
PAWN_AUDIT_RESULT,1172,1,1,-384,0,0,-384,0,0,0,0,0
PAWN_AUDIT_ENTRY,1173,10169636017120938770,15541237574492673833,8718576865347776022,17117823183414761923,1160,267,268,252,8,7,1,6,18446744073709545027,18446744073709550278,6,0,0,0,0,0,0,0,0,57,57,18446744073709264462,10,2232,0,0,1,2,18446744073709549197,18446744073709551030,18446744073709551030,231,3,1,1,3297617511808502373,0,0,6,11516696776304706208,0,1,1,0
PAWN_AUDIT_RESULT,1173,1,1,-367,0,0,-367,0,0,0,0,0
PAWN_AUDIT_ENTRY,1183,13764044141966746110,3332123564303229992,11167554428383173692,12169883147143965269,2462,18446744073709551348,18446744073709551349,18446744073709551327,7,6,1,2,18446744073709550340,18446744073709550278,5,0,1,0,0,0,0,0,0,18446744073709551506,18446744073709551506,112512,10,2260,0,0,0,9,18446744073709551613,18446744073709551030,18446744073709551030,32002,18446744073709551614,2,1,14845003221844741910,0,0,5,5320259179848263900,0,0,1,0
PAWN_AUDIT_ENTRY,1184,3332123564303229992,9608141856067171615,12169883147143965269,16423648926713080325,1380,267,268,145,7,6,2,2,18446744073709538772,18446744073709550278,6,0,0,0,0,0,0,0,0,51,51,18446744073708631543,10,2263,0,0,0,2,18446744073709546353,18446744073709551030,18446744073709551030,118,2,1,1,6696334536083923635,0,0,6,11167554428383173692,0,1,1,0
PAWN_AUDIT_RESULT,1184,2,2,242,0,0,242,0,2,2,0,0
PAWN_AUDIT_ENTRY,1185,9608141856067171615,5542962345257374225,12169883147143965269,7515558450333354686,1828,267,268,242,7,6,2,7,18446744073709549179,18446744073709550278,6,0,0,0,0,0,0,0,0,51,51,18446744073708631543,10,2266,0,0,0,1,18446744073709551051,18446744073709551030,18446744073709551100,118,2,1,1,6696334536083923635,0,0,6,11167554428383173692,0,0,1,0
PAWN_AUDIT_RESULT,1185,2,2,61,0,0,61,0,0,0,0,0
PAWN_AUDIT_ENTRY,1186,5542962345257374225,14770544309632458038,12169883147143965269,18029033497417719133,8,267,268,242,7,6,1,8,18446744073709544367,18446744073709550278,6,0,0,0,0,0,0,0,0,51,51,18446744073708631543,10,2267,0,0,0,4,18446744073709548897,18446744073709551030,18446744073709551030,118,2,1,1,6696334536083923635,0,0,6,11167554428383173692,0,1,1,0
PAWN_AUDIT_RESULT,1186,1,1,-12,0,0,-12,0,0,0,0,0
PAWN_AUDIT_ENTRY,1187,14770544309632458038,10666181462492391838,12169883147143965269,8724371957303207807,1048,267,268,242,7,6,1,9,18446744073709543863,18446744073709550278,6,0,0,0,0,0,0,0,0,51,51,18446744073708631543,10,2268,0,0,0,1,18446744073709548668,18446744073709551030,18446744073709551030,118,2,1,1,6696334536083923635,0,0,6,11167554428383173692,0,0,1,0
PAWN_AUDIT_RESULT,1187,1,1,18,0,0,18,0,0,0,0,0
PAWN_AUDIT_RESULT,1183,1,1,-118,1,7,-242,0,1,9,1,1
PAWN_AUDIT_ENTRY,1189,13234660884022700248,10743259334608447201,5320259179848263900,9907328879919663159,1828,267,268,245,9,8,5,2,18446744073709545144,18446744073709550278,4,0,0,0,0,0,0,0,0,223,252,18446744073707255622,10,2270,0,0,0,1,18446744073709549743,18446744073709551030,18446744073709550015,223,5,1,1,13681776785303068730,0,0,4,785611284728411747,0,0,1,0
PAWN_AUDIT_RESULT,1189,5,5,209,0,0,209,0,0,0,0,0
PAWN_AUDIT_ENTRY,1195,9441118981202128637,2944407875327935104,15657663444958820033,12036054796374507669,2713,18446744073709551348,18446744073709551349,18446744073709551340,7,6,1,2,18446744073709549212,18446744073709550278,5,0,1,0,0,0,0,0,0,18446744073709550852,18446744073709550852,112512,10,2283,0,0,1,10,18446744073709551100,18446744073709551030,18446744073709551030,18446744073709551333,5,1,1,10210827627357857259,0,0,5,5320259179848263900,0,1,1,0
PAWN_AUDIT_RESULT,1195,1,1,-623,0,0,-623,0,0,0,0,0
PAWN_AUDIT_ENTRY,1197,503507795015410468,9447217719975340757,785611284728411747,8405006281230762039,2713,18446744073709551348,18446744073709551349,18446744073709551341,8,7,3,2,18446744073709549484,6699,3,0,1,0,0,1,0,3494,0,18446744073709551440,18446744073709551440,2315378,10,2285,0,0,0,10,18446744073709549782,18446744073709549878,3571,18446744073709551382,5,2,1,6780196862689092937,1,0,3,6938359671718365255,0,2,1,0
PAWN_AUDIT_RESULT,1197,3,3,-420,0,0,-420,0,1,1,0,0
PAWN_AUDIT_ENTRY,1198,9447217719975340757,8689018715180585935,785611284728411747,12136367014589816337,4013,18446744073709551348,18446744073709551349,18446744073709551341,8,7,2,3,18446744073709544233,2259,3,0,1,0,0,1,0,3494,0,18446744073709551440,18446744073709551440,2315378,10,2287,0,0,0,10,18446744073709548894,1930,18446744073709548319,18446744073709551382,5,2,1,6780196862689092937,1,0,3,6938359671718365255,0,2,1,0
PAWN_AUDIT_ENTRY,1211,15057066702158318726,14572738285809717079,12136367014589816337,3513229761322513322,787,267,268,265,7,6,1,5,18446744073709537798,991,4,0,0,0,0,1,0,1828,0,216,216,18446744073703407886,10,2315,0,0,0,3,18446744073709547799,18446744073709549540,18446744073709548673,267,2,1,1,6780196862689092937,2,0,4,785611284728411747,0,3,1,0
PAWN_AUDIT_RESULT,1211,1,1,237,0,0,237,0,0,0,0,0
PAWN_AUDIT_ENTRY,1212,14572738285809717079,16525337287188192753,12136367014589816337,16385662176361635393,1380,267,268,265,7,6,2,6,18446744073709548829,18446744073709548302,4,0,0,0,0,1,0,1828,0,216,216,18446744073703407886,10,2316,0,0,0,2,18446744073709551194,18446744073709551030,18446744073709550478,267,2,1,1,6780196862689092937,2,0,4,785611284728411747,0,3,1,0
PAWN_AUDIT_RESULT,1212,2,2,216,0,0,216,0,0,0,0,0
PAWN_AUDIT_RESULT,1198,2,2,-267,1,7,-265,0,7,30,1,1
PAWN_AUDIT_ENTRY,1219,11440887324767803436,15139273341015105027,8286438515668911587,11660122838560207107,528,267,268,205,8,7,4,3,18446744073709548673,950,4,0,0,0,0,1,0,0,0,89,89,18446744073708054958,10,2330,0,0,1,1,18446744073709550855,18446744073709551030,18446744073709551030,254,7,1,1,6780196862689092937,0,0,4,10124377920138824098,0,0,1,0
PAWN_AUDIT_RESULT,1219,4,4,153,0,0,153,0,0,0,0,0
PAWN_AUDIT_ENTRY,1220,15139273341015105027,11375152542903361907,8286438515668911587,4177034218435347891,1380,267,268,205,8,7,4,5,18446744073709548713,18446744073709548062,4,0,0,0,0,1,0,0,0,89,89,18446744073708054958,10,2331,0,0,1,2,18446744073709550873,18446744073709551030,18446744073709551030,254,7,1,1,6780196862689092937,0,0,4,10124377920138824098,0,1,1,0
PAWN_AUDIT_RESULT,1220,4,4,214,0,0,214,0,0,0,0,0
PAWN_AUDIT_ENTRY,1223,14177212650336667172,6903075585649277688,10860281935095529097,15978737881099796185,1380,267,268,253,8,7,4,2,18446744073709551114,18446744073709550278,6,0,0,0,0,0,0,0,0,18446744073709551594,18446744073709551594,18446744073709251556,10,2343,0,0,1,2,349,18446744073709551030,18446744073709551030,214,5,1,1,13425289947203984931,0,0,6,10953446361688890810,0,1,1,0
PAWN_AUDIT_RESULT,1223,4,4,163,0,0,163,0,0,0,0,0
PAWN_AUDIT_ENTRY,1224,6903075585649277688,6713681874811759127,10860281935095529097,5015106719856364137,528,267,268,253,8,7,3,4,18446744073709546898,18446744073709550278,6,0,0,0,0,0,0,0,0,18446744073709551594,18446744073709551594,18446744073709251556,10,2344,0,0,1,1,18446744073709550048,18446744073709551030,18446744073709551030,214,5,1,1,13425289947203984931,0,0,6,10953446361688890810,0,0,1,0
PAWN_AUDIT_RESULT,1224,3,3,136,0,0,136,0,0,0,0,0
PAWN_AUDIT_ENTRY,1229,8159310651258540326,5450851857545205521,5350734378994313233,11056306908170181873,528,267,268,261,8,7,5,7,18446744073709546557,18446744073709550278,4,0,0,0,0,1,0,0,0,79,79,1209942,10,2350,0,0,1,1,18446744073709549893,18446744073709551030,18446744073709551030,245,7,1,1,9106776571417605304,0,0,4,17353613081461462618,0,0,1,0
PAWN_AUDIT_RESULT,1229,5,5,-194,0,0,-194,0,0,0,0,0
PAWN_AUDIT_ENTRY,1233,9122439352515208887,3201813839838693920,4361086601083530336,8614586436386991152,1380,267,268,267,9,8,5,2,18446744073709548715,18446744073709548560,2,0,0,0,0,0,0,0,0,18446744073709551596,18446744073709551596,3565872,10,2362,0,0,1,2,18446744073709550874,18446744073709551030,18446744073709551030,256,4,1,1,1180787367515917514,0,0,2,14050072874793689121,0,1,1,0
PAWN_AUDIT_RESULT,1233,5,5,172,0,0,172,0,0,0,0,0
PAWN_AUDIT_ENTRY,1235,5295165237811069664,14479740408863625959,4361086601083530336,17339153653907034285,324,267,268,267,9,8,3,6,18446744073709543817,18446744073709548583,2,0,0,0,0,0,0,0,0,18446744073709551596,18446744073709551596,3565872,10,2364,0,0,1,4,18446744073709548647,18446744073709551030,18446744073709551030,256,4,1,1,1180787367515917514,0,0,2,14050072874793689121,0,1,1,0
PAWN_AUDIT_RESULT,1235,3,3,149,0,0,149,0,0,0,0,0
PAWN_AUDIT_ENTRY,1240,12721929244186502264,6822220908900691738,14122557049927430602,13672646086197856158,2713,18446744073709551348,18446744073709551349,18446744073709551326,8,7,1,3,18446744073709537045,18446744073709550967,3,0,1,0,0,1,0,2908,0,18446744073709551319,18446744073709551345,1625616,10,2378,0,0,0,10,18446744073709547498,18446744073709549093,18446744073709549048,18446744073709551319,3,1,1,12476096914886272809,0,0,3,16018945137544266213,0,1,1,0
PAWN_AUDIT_RESULT,1240,1,1,-297,0,0,-297,0,0,0,0,0
PAWN_AUDIT_ENTRY,1243,9832684723976704705,9949369469291169926,8990519155240118679,3390511471128309819,3112,18446744073709551348,18446744073709551349,18446744073709551334,10,9,3,2,18446744073709548761,18446744073709549773,1,0,1,0,0,0,0,4013,0,18446744073709551519,18446744073709551519,2975658,10,2382,0,0,0,9,629,18446744073709548330,18446744073709551030,18446744073709551338,5,2,1,1180787367515917514,1,0,1,3328414769671070148,0,0,1,0
PAWN_AUDIT_RESULT,1243,3,3,-268,0,0,-268,0,7,7,0,0
PAWN_AUDIT_ENTRY,1245,8174469743425474854,17583573688218907709,8990519155240118679,14220011876569955267,3389,18446744073709551348,18446744073709551349,18446744073709551348,10,9,1,4,18446744073709537864,18446744073709550278,1,0,1,0,0,0,0,4013,0,18446744073709551519,18446744073709551519,2975658,10,2392,0,0,0,11,18446744073709545940,18446744073709551030,18446744073709551030,18446744073709551338,5,2,1,1180787367515917514,1,0,1,3328414769671070148,0,2,1,0
PAWN_AUDIT_RESULT,1245,1,1,-305,0,0,-305,0,0,0,0,0
PAWN_AUDIT_ENTRY,1246,17583573688218907709,16421864735735439903,8990519155240118679,18311720501038021153,3642,18446744073709551348,18446744073709551349,18446744073709551348,10,9,1,5,18446744073709537248,18446744073709550278,1,0,1,0,0,0,0,4013,0,18446744073709551519,18446744073709551519,2975658,10,2393,0,0,0,12,18446744073709545660,18446744073709551030,18446744073709551030,18446744073709551338,5,2,1,1180787367515917514,1,0,1,3328414769671070148,0,2,1,0
PAWN_AUDIT_RESULT,1246,1,1,-284,0,0,-284,0,0,0,0,0
PAWN_AUDIT_ENTRY,1247,16421864735735439903,1917405726017303386,8990519155240118679,4483334429808120304,3834,18446744073709551348,18446744073709551349,18446744073709551348,10,9,1,6,18446744073709537626,18446744073709550278,1,0,1,0,0,0,0,4013,0,18446744073709551519,18446744073709551519,2975658,10,2394,0,0,0,13,18446744073709545832,18446744073709551030,18446744073709551030,18446744073709551338,5,2,1,1180787367515917514,1,0,1,3328414769671070148,0,2,1,0
PAWN_AUDIT_RESULT,1247,1,1,-297,0,0,-297,0,0,0,0,0
PAWN_AUDIT_ENTRY,1248,1917405726017303386,17933214864571858108,8990519155240118679,8029833545544143406,3353,18446744073709551348,18446744073709551349,18446744073709551348,10,9,1,7,18446744073709537677,18446744073709550278,1,0,1,0,0,0,0,4013,0,18446744073709551519,18446744073709551519,2975658,10,2395,0,0,0,11,18446744073709545855,18446744073709551030,18446744073709551030,18446744073709551338,5,2,1,1180787367515917514,1,0,1,3328414769671070148,0,2,1,0
PAWN_AUDIT_RESULT,1248,1,1,-287,0,0,-287,0,0,0,0,0
PAWN_AUDIT_ENTRY,1249,17933214864571858108,11133583855544931126,8990519155240118679,925438062272095147,3373,18446744073709551348,18446744073709551349,18446744073709551348,10,9,1,8,18446744073709538231,18446744073709550278,1,0,1,0,0,0,0,4013,0,18446744073709551519,18446744073709551519,2975658,10,2396,0,0,0,11,18446744073709546107,18446744073709551030,18446744073709551030,18446744073709551338,5,2,1,1180787367515917514,1,0,1,3328414769671070148,0,2,1,0
PAWN_AUDIT_RESULT,1249,1,1,-304,0,0,-304,0,0,0,0,0
PAWN_AUDIT_ENTRY,1250,11133583855544931126,8423144818542842057,8990519155240118679,6561772585903719011,3322,18446744073709551348,18446744073709551349,18446744073709551348,10,9,1,9,18446744073709537468,18446744073709550278,1,0,1,0,0,0,0,4013,0,18446744073709551519,18446744073709551519,2975658,10,2397,0,0,0,11,18446744073709545760,18446744073709551030,18446744073709551030,18446744073709551338,5,2,1,1180787367515917514,1,0,1,3328414769671070148,0,2,1,0
PAWN_AUDIT_RESULT,1250,1,1,-303,0,0,-303,0,0,0,0,0
PAWN_AUDIT_ENTRY,1251,8423144818542842057,3236591461838621531,8990519155240118679,10514054310489250048,3371,18446744073709551348,18446744073709551349,18446744073709551348,10,9,1,10,18446744073709538453,18446744073709550278,1,0,1,0,0,0,0,4013,0,18446744073709551519,18446744073709551519,2975658,10,2398,0,0,0,11,18446744073709546208,18446744073709551030,18446744073709551030,18446744073709551338,5,2,1,1180787367515917514,1,0,1,3328414769671070148,0,2,1,0
PAWN_AUDIT_RESULT,1251,1,1,-274,0,0,-274,0,0,0,0,0
PAWN_AUDIT_ENTRY,1252,3236591461838621531,14056046456594883201,8990519155240118679,12383210753574497101,2745,18446744073709551348,18446744073709551349,18446744073709551348,10,9,1,11,18446744073709537776,18446744073709550278,1,0,1,0,0,0,0,4013,0,18446744073709551519,18446744073709551519,2975658,10,2399,0,0,0,10,18446744073709545900,18446744073709551030,18446744073709551030,18446744073709551338,5,2,1,1180787367515917514,1,0,1,3328414769671070148,0,2,1,0
PAWN_AUDIT_RESULT,1252,1,1,-330,0,0,-330,0,0,0,0,0
PAWN_AUDIT_ENTRY,1253,14056046456594883201,13352725731915290723,8990519155240118679,455005837166205122,3833,18446744073709551348,18446744073709551349,18446744073709551348,10,9,1,12,18446744073709538053,18446744073709550278,1,0,1,0,0,0,0,4013,0,18446744073709551519,18446744073709551519,2975658,10,2400,0,0,0,13,18446744073709546026,18446744073709551030,18446744073709551030,18446744073709551338,5,2,1,1180787367515917514,1,0,1,3328414769671070148,0,2,1,0
PAWN_AUDIT_RESULT,1253,1,1,-302,0,0,-302,0,0,0,0,0
PAWN_AUDIT_ENTRY,1254,13352725731915290723,439952723875828190,8990519155240118679,8679621249541635525,2527,18446744073709551348,18446744073709551349,18446744073709551348,10,9,1,13,18446744073709538679,18446744073709550875,1,0,1,0,0,0,0,4013,0,18446744073709551519,18446744073709551519,2975658,10,2401,0,0,0,9,18446744073709545791,453,18446744073709551030,18446744073709551338,5,2,1,1180787367515917514,1,0,1,3328414769671070148,0,0,1,0
PAWN_AUDIT_ENTRY,1255,439952723875828190,12293601956418641416,7334088898278886890,9525584183169875654,2007,18446744073709551348,18446744073709551349,18446744073709551297,6,5,1,2,18446744073709550340,18446744073709550278,3,0,1,0,0,0,0,0,0,18446744073709551353,18446744073709551353,509576,10,2405,0,0,0,9,18446744073709551613,18446744073709551030,18446744073709551030,32002,18446744073709551614,2,1,676006883075303607,0,0,3,8679621249541635525,0,0,1,0
PAWN_AUDIT_ENTRY,1262,16184689543917468437,18351007387511807866,9525584183169875654,15476046483944224405,1249,267,268,237,6,5,1,4,18446744073709547443,18446744073709550278,4,0,0,0,0,0,0,0,0,256,256,4889583,10,2422,0,0,0,3,18446744073709550513,18446744073709551030,18446744073709550582,259,2,1,1,5215958570477125719,0,0,4,7334088898278886890,0,1,1,0
PAWN_AUDIT_RESULT,1262,1,1,152,0,0,152,0,0,0,0,0
PAWN_AUDIT_ENTRY,1263,18351007387511807866,1611954152262570941,9525584183169875654,14932025173104754326,1380,267,268,237,6,5,1,5,18446744073709547708,18446744073709549484,4,0,0,0,0,0,0,0,0,256,256,4889583,10,2423,0,0,0,2,18446744073709551016,18446744073709551030,18446744073709549794,259,2,1,1,5215958570477125719,0,0,4,7334088898278886890,0,1,1,0
PAWN_AUDIT_RESULT,1263,1,1,215,0,0,215,0,0,0,0,0
PAWN_AUDIT_ENTRY,1264,1611954152262570941,11758072990122574950,9525584183169875654,15708486895799888207,1185,267,268,237,6,5,1,7,18446744073709542704,18446744073709550278,4,0,0,0,0,0,0,0,0,256,256,4889583,10,2424,0,0,0,2,18446744073709548141,18446744073709551030,18446744073709551030,259,2,1,1,5215958570477125719,0,0,4,7334088898278886890,0,1,1,0
PAWN_AUDIT_RESULT,1264,1,1,136,0,0,136,0,0,0,0,0
PAWN_AUDIT_ENTRY,1265,11758072990122574950,8788431743804177345,9525584183169875654,5194076511844188683,324,267,268,237,6,5,1,9,18446744073709542960,18446744073709550278,4,0,0,0,0,0,0,0,0,256,256,4889583,10,2425,0,0,0,4,18446744073709548880,18446744073709551030,18446744073709549747,259,2,1,1,5215958570477125719,0,0,4,7334088898278886890,0,1,1,0
PAWN_AUDIT_RESULT,1265,1,1,250,0,0,250,0,0,0,0,0
PAWN_AUDIT_ENTRY,1266,8788431743804177345,17552109971736955401,9525584183169875654,2062044986890441597,1228,267,268,250,6,5,1,10,18446744073709546850,18446744073709548874,4,0,0,0,0,0,0,0,0,256,256,4889583,10,2426,0,0,0,3,18446744073709548485,18446744073709551030,2589,259,2,1,1,5215958570477125719,0,0,4,7334088898278886890,0,1,1,0
PAWN_AUDIT_RESULT,1266,1,1,157,0,0,157,0,0,0,0,0
PAWN_AUDIT_ENTRY,1267,17552109971736955401,554015160443917014,9525584183169875654,6277991785099168294,528,267,268,250,6,5,1,11,18446744073709542961,18446744073709550278,4,0,0,0,0,0,0,0,0,256,256,4889583,10,2427,0,0,0,1,18446744073709548814,18446744073709551030,18446744073709549884,259,2,1,1,5215958570477125719,0,0,4,7334088898278886890,0,0,1,0
PAWN_AUDIT_RESULT,1267,1,1,217,0,0,217,0,0,0,0,0
PAWN_AUDIT_RESULT,1255,1,1,-259,1,6,-250,0,11,22,1,1
PAWN_AUDIT_ENTRY,1268,554015160443917014,2256353578901965542,8679621249541635525,3062570456694044054,1249,267,268,252,8,7,4,2,18446744073709545277,18446744073709550278,2,0,0,0,0,0,0,0,0,181,181,4889583,10,2428,0,0,0,3,18446744073709549311,18446744073709551030,18446744073709551030,265,1,1,1,12981440647520486228,0,0,2,8990519155240118679,0,1,1,0
PAWN_AUDIT_RESULT,1268,4,4,173,0,0,173,0,0,0,0,0
PAWN_AUDIT_ENTRY,1269,2256353578901965542,17138648051665945637,8679621249541635525,3710029423470083477,1380,267,268,252,8,7,4,3,18446744073709547408,18446744073709550278,2,0,0,0,0,0,0,0,0,181,181,4889583,10,2429,0,0,0,2,18446744073709550280,18446744073709551030,18446744073709551030,265,1,1,1,12981440647520486228,0,0,2,8990519155240118679,0,1,1,0
PAWN_AUDIT_RESULT,1269,4,4,210,0,0,210,0,0,0,0,0
PAWN_AUDIT_ENTRY,1270,17138648051665945637,8240197575294594417,8679621249541635525,16201773529451843710,1228,267,268,252,8,7,3,4,18446744073709541265,18446744073709550278,2,0,0,0,0,0,0,0,0,181,181,4889583,10,2430,0,0,0,3,18446744073709547684,18446744073709551030,18446744073709550623,265,1,1,1,12981440647520486228,0,0,2,8990519155240118679,0,1,1,0
PAWN_AUDIT_RESULT,1270,3,3,173,0,0,173,0,0,0,0,0
PAWN_AUDIT_ENTRY,1271,8240197575294594417,2535576426308016591,8679621249541635525,2718582393466317388,1185,267,268,252,8,7,2,7,18446744073709541092,18446744073709550278,2,0,0,0,0,0,0,0,0,181,181,4889583,10,2431,0,0,0,2,18446744073709547408,18446744073709551030,18446744073709551030,265,1,1,1,12981440647520486228,0,0,2,8990519155240118679,0,1,1,0
PAWN_AUDIT_RESULT,1271,2,2,154,0,0,154,0,0,0,0,0
PAWN_AUDIT_ENTRY,1274,16032538453449751391,8482926967521069891,8679621249541635525,12993035299429499144,324,267,268,252,8,7,2,10,18446744073709545163,18446744073709550278,2,0,0,0,0,0,0,0,0,181,181,4889583,10,2435,0,0,0,4,18446744073709549259,18446744073709551030,18446744073709551030,265,1,1,1,12981440647520486228,0,0,2,8990519155240118679,0,1,1,0
PAWN_AUDIT_RESULT,1274,2,2,213,0,0,213,0,0,0,0,0
PAWN_AUDIT_RESULT,1254,1,1,-265,1,8,-252,0,1,34,1,1
PAWN_AUDIT_ENTRY,1347,18305785443966695466,3543055265941710703,17752418811295774861,17287882953861923205,292,266,267,201,6,5,1,3,18446744073709549161,18446744073709549635,8,0,1,0,0,0,0,0,0,362,362,18446744073709150960,10,2624,0,0,0,4,18446744073709550892,18446744073709551329,18446744073709551103,32002,18446744073709551614,0,1,9950175685279727419,2,0,8,6113432983750676735,0,3,1,0
PAWN_AUDIT_RESULT,1347,1,1,201,0,0,201,0,0,0,0,0
PAWN_AUDIT_ENTRY,1348,3543055265941710703,1723127052094057927,17752418811295774861,3974049424025142934,276,266,267,201,6,5,1,4,18446744073709547219,18446744073709550278,8,0,1,0,0,0,0,0,0,362,362,18446744073709150960,10,2625,0,0,0,4,18446744073709550194,18446744073709551030,18446744073709551030,32002,18446744073709551614,0,1,9950175685279727419,2,0,8,6113432983750676735,0,3,1,0
PAWN_AUDIT_RESULT,1348,1,1,184,0,0,184,0,0,0,0,0
PAWN_AUDIT_ENTRY,1349,1723127052094057927,5333141088900821931,17752418811295774861,9697987373411281456,389,266,267,201,6,5,1,5,18446744073709545266,18446744073709550278,8,0,1,0,0,0,0,0,0,362,362,18446744073709150960,10,2626,0,0,0,6,18446744073709549306,18446744073709551030,18446744073709551030,32002,18446744073709551614,0,1,9950175685279727419,2,0,8,6113432983750676735,0,3,1,0
PAWN_AUDIT_RESULT,1349,1,1,207,0,0,207,0,0,0,0,0
PAWN_AUDIT_ENTRY,1350,5333141088900821931,12400918659028972760,17752418811295774861,9148166288722553705,268,266,267,207,6,5,1,6,18446744073709544543,18446744073709550278,8,0,1,0,0,0,0,0,0,362,362,18446744073709150960,10,2627,0,0,0,4,18446744073709548977,18446744073709551030,18446744073709551030,32002,18446744073709551614,0,1,9950175685279727419,2,0,8,6113432983750676735,0,3,1,0
PAWN_AUDIT_RESULT,1350,1,1,219,0,0,219,0,0,0,0,0
PAWN_AUDIT_ENTRY,1351,12400918659028972760,13337361949640080247,17752418811295774861,4213679936503284800,261,266,267,219,6,5,1,8,18446744073709544101,18446744073709550278,8,0,1,0,0,0,0,0,0,362,362,18446744073709150960,10,2628,0,0,0,4,18446744073709548776,18446744073709551030,18446744073709551030,32002,18446744073709551614,0,1,9950175685279727419,2,0,8,6113432983750676735,0,3,1,0
PAWN_AUDIT_RESULT,1351,1,1,1,0,0,1,0,0,0,0,0
PAWN_AUDIT_ENTRY,1352,13337361949640080247,10092245867740611260,17752418811295774861,6165492267977776182,1382,266,267,219,6,5,1,9,18446744073709547381,18446744073709548828,8,0,1,0,0,0,0,0,0,362,362,18446744073709150960,10,2629,0,0,0,2,18446744073709548369,3211,18446744073709551030,32002,18446744073709551614,0,1,9950175685279727419,2,0,8,6113432983750676735,0,3,1,0
PAWN_AUDIT_RESULT,1352,1,1,195,0,0,195,0,0,0,0,0
PAWN_AUDIT_ENTRY,1353,10092245867740611260,15156534345824687789,17752418811295774861,13643051759894870237,1380,266,267,219,6,5,1,10,18446744073709545130,18446744073709549722,8,0,1,0,0,0,0,0,0,362,362,18446744073709150960,10,2630,0,0,0,2,18446744073709549244,18446744073709551030,18446744073709551030,32002,18446744073709551614,0,1,9950175685279727419,2,0,8,6113432983750676735,0,3,1,0
PAWN_AUDIT_RESULT,1353,1,1,233,0,0,233,0,0,0,0,0
PAWN_AUDIT_ENTRY,1356,17344542561290420749,2970818349235587661,17752418811295774861,2698508051773410413,528,266,267,233,6,5,1,14,18446744073709541008,18446744073709550278,8,0,1,0,0,0,0,0,0,362,362,18446744073709150960,10,2635,0,0,0,1,18446744073709547901,18446744073709549967,18446744073709551030,32002,18446744073709551614,0,1,9950175685279727419,2,0,8,6113432983750676735,0,0,1,0
PAWN_AUDIT_RESULT,1356,1,1,273,1,5,268,0,2,11,1,1
PAWN_AUDIT_ENTRY,1388,4892982323506193980,16268975268467079051,3444005429757788335,15495823334703010564,3234,18446744073709551349,18446744073709551350,18446744073709551249,6,5,2,2,18446744073709545425,18446744073709550278,9,0,0,0,0,0,0,0,0,18446744073709551263,18446744073709551263,2140636,10,2726,0,0,0,9,18446744073709549378,18446744073709551030,18446744073709551030,18446744073709551293,1,1,1,12268545190071650819,4,0,9,8986930563115939919,0,0,1,0
PAWN_AUDIT_RESULT,1388,2,2,-283,0,0,-283,0,0,0,0,0
PAWN_AUDIT_ENTRY,1389,16268975268467079051,9131641331596949843,3444005429757788335,11001016604358931511,1635,18446744073709551349,18446744073709551350,18446744073709551333,6,5,1,3,18446744073709544754,18446744073709548874,9,0,0,0,0,0,0,0,0,18446744073709551263,18446744073709551263,2140636,10,2727,0,0,0,10,18446744073709549073,18446744073709551030,18446744073709551030,18446744073709551293,1,1,1,12268545190071650819,4,0,9,8986930563115939919,0,5,1,0
PAWN_AUDIT_RESULT,1389,1,1,-399,0,0,-399,0,0,0,0,0
PAWN_AUDIT_ENTRY,1390,9131641331596949843,1828045050328904866,3444005429757788335,9393268051201965639,2915,18446744073709551349,18446744073709551350,18446744073709551333,6,5,1,4,18446744073709544714,18446744073709547758,9,0,0,0,0,0,0,0,0,18446744073709551263,18446744073709551263,2140636,10,2728,0,0,0,10,18446744073709549055,18446744073709551030,18446744073709551030,18446744073709551293,1,1,1,12268545190071650819,4,0,9,8986930563115939919,0,5,1,0
PAWN_AUDIT_RESULT,1390,1,1,-471,0,0,-471,0,0,0,0,0
PAWN_AUDIT_ENTRY,1391,1828045050328904866,253685188695348118,3444005429757788335,12826059890315197131,4079,18446744073709551349,18446744073709551350,18446744073709551333,6,5,1,5,18446744073709541809,18446744073709550278,9,0,0,0,0,0,0,0,0,18446744073709551263,18446744073709551263,2140636,10,2729,0,0,0,12,18446744073709547734,18446744073709551030,18446744073709551030,18446744073709551293,1,1,1,12268545190071650819,4,0,9,8986930563115939919,0,5,1,0
PAWN_AUDIT_RESULT,1391,1,1,-555,0,0,-555,0,0,0,0,0
PAWN_AUDIT_ENTRY,1394,10220330251036182000,17660375760649794682,16014230220261478461,2808645286268142486,3234,18446744073709551349,18446744073709551350,18446744073709551335,8,7,4,2,18446744073709546569,18446744073709550278,7,0,0,0,0,0,0,0,0,18446744073709551287,18446744073709551287,18446744073707786162,10,2733,0,0,0,9,18446744073709550806,18446744073709549748,18446744073709550480,18446744073709551304,3,1,1,12268545190071650819,2,0,7,5085002876901883270,0,0,1,0
PAWN_AUDIT_RESULT,1394,4,4,-340,0,0,-340,0,0,0,0,0
PAWN_AUDIT_ENTRY,1395,17660375760649794682,18395345141239645597,16014230220261478461,7592259086637655205,1635,18446744073709551349,18446744073709551350,18446744073709551335,8,7,4,3,18446744073709543549,18446744073709546870,7,0,0,0,0,0,0,0,0,18446744073709551287,18446744073709551287,18446744073707786162,10,2734,0,0,0,10,18446744073709548156,18446744073709551030,174,18446744073709551304,3,1,1,12268545190071650819,2,0,7,5085002876901883270,0,3,1,0
PAWN_AUDIT_RESULT,1395,4,4,-354,0,0,-354,0,0,0,0,0
PAWN_AUDIT_ENTRY,1398,10111884342252553636,13644931108507689575,16014230220261478461,11171881408191772540,3306,18446744073709551349,18446744073709551350,18446744073709551335,8,7,3,7,18446744073709539653,18446744073709550278,7,0,0,0,0,0,0,0,0,18446744073709551287,18446744073709551287,18446744073707786162,10,2737,0,0,0,11,18446744073709547082,18446744073709550680,18446744073709550714,18446744073709551304,3,1,1,12268545190071650819,2,0,7,5085002876901883270,0,3,1,0
PAWN_AUDIT_RESULT,1398,3,3,-267,0,0,-267,0,7,7,0,0
PAWN_AUDIT_ENTRY,1399,13644931108507689575,9822228951143471137,16014230220261478461,11036717094576351163,3288,18446744073709551349,18446744073709551350,18446744073709551349,8,7,1,9,18446744073709539236,18446744073709550278,7,0,0,0,0,0,0,0,0,18446744073709551287,18446744073709551287,18446744073707786162,10,2745,0,0,0,11,18446744073709547585,18446744073709549878,18446744073709550113,18446744073709551304,3,1,1,12268545190071650819,2,0,7,5085002876901883270,0,3,1,0
PAWN_AUDIT_ENTRY,1407,7624949720765429326,2575445052083392746,11036717094576351163,4244418279599293184,1382,266,267,247,6,5,1,5,18446744073709540027,1406,8,0,1,0,0,0,0,0,0,247,274,18446744073709066644,10,2757,0,0,0,2,18446744073709546541,18446744073709551030,202,247,2,1,1,12268545190071650819,3,0,8,16014230220261478461,0,4,1,0
PAWN_AUDIT_RESULT,1407,1,1,201,0,0,201,0,0,0,0,0
PAWN_AUDIT_ENTRY,1408,2575445052083392746,2366364227116387813,11036717094576351163,16738395047394945672,1826,266,267,247,6,5,1,6,18446744073709548532,18446744073709550278,8,0,1,0,0,0,0,0,0,247,274,18446744073709066644,10,2758,0,0,0,2,18446744073709550791,18446744073709551030,18446744073709551030,247,2,1,1,12268545190071650819,3,0,8,16014230220261478461,0,4,1,0
PAWN_AUDIT_RESULT,1408,1,1,232,0,0,232,0,2,2,0,0
PAWN_AUDIT_ENTRY,1409,2366364227116387813,4014209205594422536,11036717094576351163,3014760866759280614,794,266,267,247,6,5,1,7,18446744073709544714,18446744073709550278,8,0,1,0,0,0,0,0,0,247,274,18446744073709066644,10,2761,0,0,0,3,18446744073709549055,18446744073709551030,18446744073709551030,247,2,1,1,12268545190071650819,3,0,8,16014230220261478461,0,4,1,0
PAWN_AUDIT_RESULT,1409,1,1,212,0,0,212,0,0,0,0,0
PAWN_AUDIT_ENTRY,1410,4014209205594422536,7919049174103249128,11036717094576351163,16785440453572043328,658,266,267,247,6,5,1,8,18446744073709544844,18446744073709550278,8,0,1,0,0,0,0,0,0,247,274,18446744073709066644,10,2762,0,0,0,1,18446744073709549114,18446744073709551030,18446744073709551030,247,2,1,1,12268545190071650819,3,0,8,16014230220261478461,0,0,1,0
PAWN_AUDIT_RESULT,1410,1,1,68,0,0,68,0,0,0,0,0
PAWN_AUDIT_ENTRY,1411,7919049174103249128,6440626839771627906,11036717094576351163,14405220090068343035,1810,266,267,247,6,5,1,9,18446744073709544719,18446744073709550278,8,0,1,0,0,0,0,0,0,247,274,18446744073709066644,10,2763,0,0,0,2,18446744073709549057,18446744073709551030,18446744073709551030,247,2,1,1,12268545190071650819,3,0,8,16014230220261478461,0,4,1,0
PAWN_AUDIT_RESULT,1411,1,1,233,0,0,233,0,0,0,0,0
PAWN_AUDIT_ENTRY,1412,6440626839771627906,299886887033627902,11036717094576351163,2410948265039359710,1814,266,267,247,6,5,1,10,18446744073709544585,18446744073709550278,8,0,1,0,0,0,0,0,0,247,274,18446744073709066644,10,2764,0,0,0,2,18446744073709548996,18446744073709551030,18446744073709551030,247,2,1,1,12268545190071650819,3,0,8,16014230220261478461,0,4,1,0
PAWN_AUDIT_RESULT,1412,1,1,150,0,0,150,0,0,0,0,0
PAWN_AUDIT_ENTRY,1413,299886887033627902,10928105637721748910,11036717094576351163,1249816142156962086,1803,266,267,247,6,5,1,11,18446744073709544088,18446744073709550278,8,0,1,0,0,0,0,0,0,247,274,18446744073709066644,10,2765,0,0,0,2,18446744073709548770,18446744073709551030,18446744073709551030,247,2,1,1,12268545190071650819,3,0,8,16014230220261478461,0,4,1,0
PAWN_AUDIT_RESULT,1413,1,1,155,0,0,155,0,0,0,0,0
PAWN_AUDIT_ENTRY,1414,10928105637721748910,1205650579616451331,11036717094576351163,8946754283867541903,666,266,267,247,6,5,1,12,18446744073709542940,18446744073709550278,8,0,1,0,0,0,0,0,0,247,274,18446744073709066644,10,2766,0,0,0,1,18446744073709548248,18446744073709551030,18446744073709551030,247,2,1,1,12268545190071650819,3,0,8,16014230220261478461,0,0,1,0
PAWN_AUDIT_RESULT,1414,1,1,125,0,0,125,0,0,0,0,0
PAWN_AUDIT_ENTRY,1415,1205650579616451331,2978713649634640453,11036717094576351163,15141895968079112171,1380,266,267,247,6,5,1,14,18446744073709539113,18446744073709550278,8,0,1,0,0,0,0,0,0,247,274,18446744073709066644,10,2767,0,0,0,2,18446744073709546776,18446744073709551030,18446744073709550478,247,2,1,1,12268545190071650819,3,0,8,16014230220261478461,0,4,1,0
PAWN_AUDIT_RESULT,1415,1,1,253,0,0,253,0,0,0,0,0
PAWN_AUDIT_ENTRY,1416,2978713649634640453,13056038936060888801,11036717094576351163,7188528404492333156,157,266,267,253,6,5,1,16,18446744073709537307,18446744073709550278,8,0,1,0,0,0,0,0,0,247,274,18446744073709066644,10,2768,0,0,0,3,18446744073709545687,18446744073709551030,18446744073709551030,247,2,1,1,12268545190071650819,3,0,8,16014230220261478461,0,4,1,0
PAWN_AUDIT_RESULT,1416,1,1,220,0,0,220,0,0,0,0,0
PAWN_AUDIT_ENTRY,1417,13056038936060888801,3479891539766770533,11036717094576351163,10149800959931636354,148,266,267,253,6,5,1,17,18446744073709536751,18446744073709550278,8,0,1,0,0,0,0,0,0,247,274,18446744073709066644,10,2769,0,0,0,3,18446744073709545434,18446744073709551030,18446744073709551030,247,2,1,1,12268545190071650819,3,0,8,16014230220261478461,0,4,1,0
PAWN_AUDIT_RESULT,1417,1,1,218,0,0,218,0,0,0,0,0
PAWN_AUDIT_ENTRY,1418,3479891539766770533,12372778345973816592,11036717094576351163,10583642457287876011,166,266,267,253,6,5,1,18,18446744073709536630,18446744073709550278,8,0,1,0,0,0,0,0,0,247,274,18446744073709066644,10,2770,0,0,0,3,18446744073709545794,18446744073709551030,18446744073709550175,247,2,1,1,12268545190071650819,3,0,8,16014230220261478461,0,4,1,0
PAWN_AUDIT_RESULT,1418,1,1,236,0,0,236,0,0,0,0,0
PAWN_AUDIT_ENTRY,1419,12372778345973816592,1925761807680865086,11036717094576351163,418154273420241434,983,266,267,253,6,5,1,19,18446744073709536322,18446744073709550278,8,0,1,0,0,0,0,0,0,247,274,18446744073709066644,10,2771,0,0,0,1,18446744073709545239,18446744073709551030,18446744073709551030,247,2,1,1,12268545190071650819,3,0,8,16014230220261478461,0,0,1,0
PAWN_AUDIT_RESULT,1419,1,1,211,0,0,211,0,0,0,0,0
PAWN_AUDIT_ENTRY,1420,1925761807680865086,10166868298291925774,11036717094576351163,878164748173617296,1835,266,267,253,6,5,1,32,18446744073709550340,18446744073709550278,8,0,1,0,0,0,0,0,1,247,274,18446744073709066644,10,2772,0,0,0,2,18446744073709551613,18446744073709551030,18446744073709551030,247,2,1,1,12268545190071650819,3,0,8,16014230220261478461,0,4,1,0
PAWN_AUDIT_RESULT,1420,1,1,-736,0,0,-736,0,1,1,0,0
PAWN_AUDIT_ENTRY,1421,10166868298291925774,18293942327032844194,11036717094576351163,15607353730456165365,1837,266,267,253,6,5,1,33,18446744073709550340,18446744073709550278,8,0,1,0,0,0,0,0,1,247,274,18446744073709066644,10,2774,0,0,0,2,18446744073709551613,18446744073709551030,18446744073709551030,247,2,1,1,12268545190071650819,3,0,8,16014230220261478461,0,4,1,0
PAWN_AUDIT_RESULT,1421,1,1,-676,0,0,-676,0,1,1,0,0
PAWN_AUDIT_ENTRY,1422,18293942327032844194,13459000727632193332,11036717094576351163,17548073267029957023,801,266,267,253,6,5,1,34,18446744073709545149,18446744073709550278,8,0,1,0,0,0,0,0,1,247,274,18446744073709066644,10,2776,0,0,0,3,18446744073709549590,18446744073709551030,18446744073709550335,247,2,1,1,12268545190071650819,3,0,8,16014230220261478461,0,4,1,0
PAWN_AUDIT_RESULT,1422,1,1,-1068,0,0,-1068,0,1,1,0,0
PAWN_AUDIT_RESULT,1399,1,1,-247,1,7,-253,0,8,32,1,1
PAWN_AUDIT_ENTRY,1429,876284870538280307,6025023670588829592,3563763592928000114,8377415907898302259,3306,18446744073709551349,18446744073709551350,18446744073709551332,6,5,1,3,18446744073709543245,18446744073709551567,9,0,0,0,0,0,0,0,0,18446744073709551279,18446744073709551279,1404258,10,2792,0,0,1,11,18446744073709548387,18446744073709551030,18446744073709551030,18446744073709551279,0,1,1,12268545190071650819,0,0,9,7897114316349713917,0,1,1,0
PAWN_AUDIT_RESULT,1429,1,1,-275,0,0,-275,0,0,0,0,0
PAWN_AUDIT_ENTRY,1430,6025023670588829592,7816581418434100151,3563763592928000114,8597166246767682021,3297,18446744073709551349,18446744073709551350,18446744073709551341,6,5,1,5,18446744073709542880,18446744073709549418,9,0,0,0,0,0,0,0,0,18446744073709551279,18446744073709551279,1404258,10,2793,0,0,1,11,18446744073709548221,18446744073709551030,18446744073709551030,18446744073709551279,0,1,1,12268545190071650819,0,0,9,7897114316349713917,0,1,1,0
PAWN_AUDIT_RESULT,1430,1,1,-321,0,0,-321,0,0,0,0,0
PAWN_AUDIT_ENTRY,1436,12016262354195378300,13303007825420591327,9994950358278095179,14952712861377963530,3306,18446744073709551349,18446744073709551350,18446744073709551342,8,7,1,4,18446744073709544831,457,7,0,0,0,0,0,0,0,0,18446744073709551299,18446744073709551299,926736,10,2807,0,0,0,11,18446744073709549581,18446744073709551030,18446744073709550055,18446744073709551337,3,1,1,12268545190071650819,2,0,7,5085002876901883270,0,3,1,0
PAWN_AUDIT_RESULT,1436,1,1,-291,0,0,-291,0,0,0,0,0
PAWN_AUDIT_ENTRY,1439,16445375409380902993,7174121096914499094,9994950358278095179,3464963976855972262,3242,18446744073709551349,18446744073709551350,18446744073709551342,8,7,1,9,18446744073709539944,18446744073709550278,7,0,0,0,0,0,0,0,0,18446744073709551299,18446744073709551299,926736,10,2810,0,0,0,9,18446744073709547246,18446744073709551030,18446744073709550288,18446744073709551337,3,1,1,12268545190071650819,2,0,7,5085002876901883270,0,0,1,0
PAWN_AUDIT_RESULT,1439,1,1,-406,0,0,-406,0,0,0,0,0
PAWN_AUDIT_ENTRY,1440,7174121096914499094,12779731552555470378,9994950358278095179,14740140124741687516,3297,18446744073709551349,18446744073709551350,18446744073709551342,8,7,1,10,18446744073709541693,18446744073709549189,7,0,0,0,0,0,0,0,0,18446744073709551299,18446744073709551299,926736,10,2811,0,0,0,11,18446744073709548081,18446744073709551030,18446744073709550206,18446744073709551337,3,1,1,12268545190071650819,2,0,7,5085002876901883270,0,3,1,0
PAWN_AUDIT_RESULT,1440,1,1,-304,0,0,-304,0,0,0,0,0
PAWN_AUDIT_ENTRY,1441,12779731552555470378,13960166509499347472,9994950358278095179,17651484383665583903,1642,18446744073709551349,18446744073709551350,18446744073709551342,8,7,1,11,18446744073709541347,18446744073709549233,7,0,0,0,0,0,0,0,0,18446744073709551299,18446744073709551299,926736,10,2812,0,0,0,10,18446744073709547815,18446744073709551030,18446744073709550430,18446744073709551337,3,1,1,12268545190071650819,2,0,7,5085002876901883270,0,3,1,0
PAWN_AUDIT_RESULT,1441,1,1,-470,0,0,-470,0,0,0,0,0
PAWN_AUDIT_ENTRY,1446,14738414805845146770,10033203660116832467,14493850198524222272,830093029418054725,2910,18446744073709551349,18446744073709551350,18446744073709551300,8,7,2,5,18446744073709539368,18446744073709549962,7,0,0,0,0,0,0,0,0,18446744073709551232,18446744073709551232,3327252,10,2821,0,0,0,10,18446744073709547069,18446744073709551030,18446744073709550113,18446744073709551300,5,1,1,12268545190071650819,2,0,7,11121660158438564768,0,3,1,0
PAWN_AUDIT_RESULT,1446,2,2,-344,0,0,-344,0,0,0,0,0
PAWN_AUDIT_ENTRY,1447,10033203660116832467,9193156608721454895,14493850198524222272,15147844419611960880,2592,18446744073709551349,18446744073709551350,18446744073709551300,8,7,2,6,18446744073709538817,18446744073709550278,7,0,0,0,0,0,0,0,0,18446744073709551232,18446744073709551232,3327252,10,2822,0,0,0,9,18446744073709546529,18446744073709551030,18446744073709550709,18446744073709551300,5,1,1,12268545190071650819,2,0,7,11121660158438564768,0,0,1,0
PAWN_AUDIT_RESULT,1447,2,2,-366,0,0,-366,0,0,0,0,0
PAWN_AUDIT_ENTRY,1448,9193156608721454895,17507210771103209489,4094360091795049426,4351214789075672960,2527,18446744073709551349,18446744073709551350,18446744073709551345,10,9,5,3,18446744073709538378,18446744073709550278,5,0,0,0,0,1,0,0,0,18446744073709551278,18446744073709551278,18446744073707623188,10,2823,0,0,1,9,18446744073709546938,18446744073709550176,18446744073709550335,18446744073709551309,7,1,1,12268545190071650819,0,0,5,4778154540217740269,0,0,1,0
PAWN_AUDIT_RESULT,1448,5,5,-305,0,0,-305,0,0,0,0,0
PAWN_AUDIT_ENTRY,1450,10044775419843283874,16310879747332307215,4094360091795049426,2576513115573368482,2592,18446744073709551349,18446744073709551350,18446744073709551345,10,9,4,7,18446744073709538431,18446744073709550278,5,0,0,0,0,1,0,0,0,18446744073709551278,18446744073709551278,18446744073707623188,10,2825,0,0,1,9,18446744073709546198,18446744073709551030,18446744073709551030,18446744073709551309,7,1,1,12268545190071650819,0,0,5,4778154540217740269,0,0,1,0
PAWN_AUDIT_RESULT,1450,4,4,-357,0,0,-357,0,0,0,0,0
PAWN_AUDIT_ENTRY,1451,16310879747332307215,2424700998055570428,4094360091795049426,14069007455124971728,4087,18446744073709551349,18446744073709551350,18446744073709551345,10,9,4,8,18446744073709537974,18446744073709550278,5,0,0,0,0,1,0,0,0,18446744073709551278,18446744073709551278,18446744073707623188,10,2826,0,0,1,12,18446744073709545990,18446744073709551030,18446744073709551030,18446744073709551309,7,1,1,12268545190071650819,0,0,5,4778154540217740269,0,1,1,0
PAWN_AUDIT_RESULT,1451,4,4,-592,0,0,-592,0,0,0,0,0
PAWN_AUDIT_ENTRY,1452,2424700998055570428,12717619598176671339,4094360091795049426,14971539447003161066,4015,18446744073709551349,18446744073709551350,18446744073709551345,10,9,4,9,18446744073709537884,18446744073709550278,5,0,0,0,0,1,0,0,0,18446744073709551278,18446744073709551278,18446744073707623188,10,2827,0,0,1,10,18446744073709545949,18446744073709551030,18446744073709551030,18446744073709551309,7,1,1,12268545190071650819,0,0,5,4778154540217740269,0,1,1,0
PAWN_AUDIT_RESULT,1452,4,4,-324,0,0,-324,0,0,0,0,0
PAWN_AUDIT_ENTRY,1453,12717619598176671339,15899098137863335944,4094360091795049426,7340028385000261800,3641,18446744073709551349,18446744073709551350,18446744073709551345,10,9,4,10,18446744073709537881,18446744073709550278,5,0,0,0,0,1,0,0,0,18446744073709551278,18446744073709551278,18446744073707623188,10,2828,0,0,1,12,18446744073709545948,18446744073709551030,18446744073709551030,18446744073709551309,7,1,1,12268545190071650819,0,0,5,4778154540217740269,0,1,1,0
PAWN_AUDIT_RESULT,1453,4,4,-369,0,0,-369,0,0,0,0,0
PAWN_AUDIT_ENTRY,1454,15899098137863335944,1857407160750644997,4094360091795049426,714671954177576578,3901,18446744073709551349,18446744073709551350,18446744073709551345,10,9,3,11,18446744073709537604,18446744073709550278,5,0,0,0,0,1,0,0,0,18446744073709551278,18446744073709551278,18446744073707623188,10,2829,0,0,1,14,18446744073709545822,18446744073709551030,18446744073709551030,18446744073709551309,7,1,1,12268545190071650819,0,0,5,4778154540217740269,0,1,1,0
PAWN_AUDIT_RESULT,1454,3,3,-372,0,0,-372,0,0,0,0,0
PAWN_AUDIT_ENTRY,1455,1857407160750644997,17905477426603267542,4094360091795049426,14287404461380681815,3177,18446744073709551349,18446744073709551350,18446744073709551345,10,9,3,14,18446744073709537222,18446744073709550278,5,0,0,0,0,1,0,0,0,18446744073709551278,18446744073709551278,18446744073707623188,10,2830,0,0,1,9,18446744073709545648,18446744073709551030,18446744073709551030,18446744073709551309,7,1,1,12268545190071650819,0,0,5,4778154540217740269,0,0,1,0
PAWN_AUDIT_RESULT,1455,3,3,-374,0,0,-374,0,0,0,0,0
PAWN_AUDIT_ENTRY,1488,13741216044441561315,4736007732432954881,14418586845058681535,7175643128911451758,2908,18446744073709551349,18446744073709551350,18446744073709551349,13,12,10,2,18446744073709546344,18446744073709548874,5,0,0,0,0,1,0,0,0,18446744073709551266,18446744073709551266,2728953,10,2894,0,0,0,10,18446744073709549435,18446744073709549115,2131,18446744073709551313,7,1,1,6448796002632976483,2,0,5,11197480689422135903,0,3,1,0
PAWN_AUDIT_RESULT,1488,10,10,-1049,0,0,-1049,0,2,2,0,0
PAWN_AUDIT_ENTRY,1490,5114841350253777376,9963341321590658257,14418586845058681535,11227515541474513683,3112,18446744073709551349,18446744073709551350,18446744073709551349,13,12,8,4,18446744073709541915,18446744073709549694,5,0,0,0,0,1,0,0,0,18446744073709551266,18446744073709551266,2728953,10,2898,0,0,0,9,18446744073709549288,18446744073709551030,18446744073709547927,18446744073709551313,7,1,1,6448796002632976483,2,0,5,11197480689422135903,0,0,1,0
PAWN_AUDIT_RESULT,1490,8,8,-309,0,0,-309,0,1,1,0,0
PAWN_AUDIT_ENTRY,1491,9963341321590658257,3374055134713294920,14418586845058681535,14776366107304721075,2852,18446744073709551349,18446744073709551350,18446744073709551349,13,12,6,5,18446744073709537833,18446744073709550278,5,0,0,0,0,1,0,0,0,18446744073709551266,18446744073709551266,2728953,10,2900,0,0,0,9,18446744073709545926,18446744073709551030,18446744073709551030,18446744073709551313,7,1,1,6448796002632976483,2,0,5,11197480689422135903,0,0,1,0
PAWN_AUDIT_RESULT,1491,6,6,-521,0,0,-521,0,0,0,0,0
PAWN_AUDIT_ENTRY,1492,3374055134713294920,16128687668007575317,14418586845058681535,10939342821853988342,2935,18446744073709551349,18446744073709551350,18446744073709551349,13,12,6,6,18446744073709541083,18446744073709548761,5,0,0,0,0,1,0,0,0,18446744073709551266,18446744073709551266,2728953,10,2901,0,0,0,10,18446744073709548231,18446744073709551030,18446744073709549326,18446744073709551313,7,1,1,6448796002632976483,2,0,5,11197480689422135903,0,3,1,0
PAWN_AUDIT_RESULT,1492,6,6,-379,0,0,-379,0,2,2,0,0
PAWN_AUDIT_ENTRY,1493,16128687668007575317,11445144674014747898,14418586845058681535,14821643817839506290,53055,18446744073709551349,18446744073709551350,18446744073709551349,13,12,6,7,18446744073709537631,18446744073709550278,5,0,0,0,0,1,0,0,0,18446744073709551266,18446744073709551266,2728953,10,2904,0,0,0,14,18446744073709545834,18446744073709551030,18446744073709551030,18446744073709551313,7,1,1,6448796002632976483,2,0,5,11197480689422135903,0,3,1,0
PAWN_AUDIT_RESULT,1493,6,6,-315,0,0,-315,0,6,6,0,0
PAWN_AUDIT_ENTRY,1498,16385773993448015631,17233723850693072551,14418586845058681535,6209862885161726171,4079,18446744073709551349,18446744073709551350,18446744073709551349,13,12,6,8,18446744073709540373,18446744073709548874,5,0,0,0,0,1,0,0,0,18446744073709551266,18446744073709551266,2728953,10,2911,0,0,0,12,18446744073709547081,18446744073709551030,18446744073709551030,18446744073709551313,7,1,1,6448796002632976483,2,0,5,11197480689422135903,0,3,1,0
PAWN_AUDIT_RESULT,1498,6,6,-553,0,0,-553,0,0,0,0,0
PAWN_AUDIT_ENTRY,1499,17233723850693072551,6763253282060009667,14418586845058681535,14747481544228937453,2527,18446744073709551349,18446744073709551350,18446744073709551349,13,12,5,9,18446744073709540212,18446744073709549629,5,0,0,0,0,1,0,0,0,18446744073709551266,18446744073709551266,2728953,10,2912,0,0,0,9,18446744073709547319,18446744073709551030,18446744073709550389,18446744073709551313,7,1,1,6448796002632976483,2,0,5,11197480689422135903,0,0,1,0
PAWN_AUDIT_RESULT,1499,5,5,-334,0,0,-334,0,0,0,0,0
PAWN_AUDIT_ENTRY,1500,6763253282060009667,18204898574056549153,14418586845058681535,2321199383445910959,3104,18446744073709551349,18446744073709551350,18446744073709551349,13,12,5,10,18446744073709536763,18446744073709550278,5,0,0,0,0,1,0,0,0,18446744073709551266,18446744073709551266,2728953,10,2913,0,0,0,9,18446744073709545595,18446744073709551030,18446744073709550709,18446744073709551313,7,1,1,6448796002632976483,2,0,5,11197480689422135903,0,0,1,0
PAWN_AUDIT_RESULT,1500,5,5,-348,0,0,-348,0,0,0,0,0
PAWN_AUDIT_ENTRY,1501,18204898574056549153,14699246950201930068,14418586845058681535,3930521182511579450,3177,18446744073709551349,18446744073709551350,18446744073709551349,13,12,5,11,18446744073709536267,18446744073709550278,5,0,0,0,0,1,0,0,0,18446744073709551266,18446744073709551266,2728953,10,2914,0,0,0,9,18446744073709545214,18446744073709551030,18446744073709551030,18446744073709551313,7,1,1,6448796002632976483,2,0,5,11197480689422135903,0,0,1,0
PAWN_AUDIT_RESULT,1501,5,5,-447,0,0,-447,0,0,0,0,0
PAWN_AUDIT_ENTRY,1502,14699246950201930068,13448246354610099681,14418586845058681535,7316409173536027735,2915,18446744073709551349,18446744073709551350,18446744073709551349,13,12,5,12,18446744073709542704,18446744073709547758,5,0,0,0,0,1,0,0,0,18446744073709551266,18446744073709551266,2728953,10,2915,0,0,0,10,18446744073709548141,18446744073709551030,18446744073709551030,18446744073709551313,7,1,1,6448796002632976483,2,0,5,11197480689422135903,0,3,1,0
PAWN_AUDIT_RESULT,1502,5,5,-370,0,0,-370,0,0,0,0,0
PAWN_AUDIT_ENTRY,1503,13448246354610099681,9435680855829827247,14418586845058681535,7679508611725615821,2942,18446744073709551349,18446744073709551350,18446744073709551349,13,12,5,13,18446744073709539071,18446744073709548874,5,0,0,0,0,1,0,0,0,18446744073709551266,18446744073709551266,2728953,10,2916,0,0,0,10,18446744073709546889,18446744073709551030,18446744073709550206,18446744073709551313,7,1,1,6448796002632976483,2,0,5,11197480689422135903,0,3,1,0
PAWN_AUDIT_RESULT,1503,5,5,-397,0,0,-397,0,0,0,0,0
PAWN_AUDIT_ENTRY,1504,9435680855829827247,18287956609738120758,14418586845058681535,772497728564929978,2910,18446744073709551349,18446744073709551350,18446744073709551349,13,12,5,14,18446744073709538985,18446744073709548874,5,0,0,0,0,1,0,0,0,18446744073709551266,18446744073709551266,2728953,10,2917,0,0,0,10,18446744073709546895,18446744073709551030,18446744073709550113,18446744073709551313,7,1,1,6448796002632976483,2,0,5,11197480689422135903,0,3,1,0
PAWN_AUDIT_RESULT,1504,5,5,-342,0,0,-342,0,0,0,0,0
PAWN_AUDIT_ENTRY,1505,18287956609738120758,14945989703661318478,14418586845058681535,2680993552692492840,3371,18446744073709551349,18446744073709551350,18446744073709551349,13,12,5,15,18446744073709537255,18446744073709549625,5,0,0,0,0,1,0,0,0,18446744073709551266,18446744073709551266,2728953,10,2918,0,0,0,11,18446744073709545663,18446744073709551030,18446744073709551030,18446744073709551313,7,1,1,6448796002632976483,2,0,5,11197480689422135903,0,3,1,0
PAWN_AUDIT_RESULT,1505,5,5,-340,0,0,-340,0,0,0,0,0
PAWN_AUDIT_ENTRY,1506,14945989703661318478,3827235163810292660,14418586845058681535,862081147538043472,3502,18446744073709551349,18446744073709551350,18446744073709551349,13,12,4,16,18446744073709535666,18446744073709550278,5,0,0,0,0,1,0,0,0,18446744073709551266,18446744073709551266,2728953,10,2919,0,0,0,9,18446744073709545114,18446744073709551030,18446744073709550673,18446744073709551313,7,1,1,6448796002632976483,2,0,5,11197480689422135903,0,0,1,0
PAWN_AUDIT_RESULT,1506,4,4,-397,0,0,-397,0,0,0,0,0
PAWN_AUDIT_ENTRY,1507,3827235163810292660,12239412095643370757,14418586845058681535,15854010215245850752,4093,18446744073709551349,18446744073709551350,18446744073709551349,13,12,5,17,18446744073709537688,18446744073709548874,5,0,0,0,0,1,0,0,0,18446744073709551266,18446744073709551266,2728953,10,2920,0,0,0,12,18446744073709545860,18446744073709551030,18446744073709551030,18446744073709551313,7,1,1,6448796002632976483,2,0,5,11197480689422135903,0,3,1,0
PAWN_AUDIT_RESULT,1507,5,5,-434,0,0,-434,0,0,0,0,0
PAWN_AUDIT_ENTRY,1508,12239412095643370757,493033084283145712,14418586845058681535,4998808441674967548,4094,18446744073709551349,18446744073709551350,18446744073709551349,13,12,5,18,18446744073709537646,18446744073709548874,5,0,0,0,0,1,0,0,0,18446744073709551266,18446744073709551266,2728953,10,2921,0,0,0,12,18446744073709545841,18446744073709551030,18446744073709551030,18446744073709551313,7,1,1,6448796002632976483,2,0,5,11197480689422135903,0,3,1,0
PAWN_AUDIT_RESULT,1508,5,5,-425,0,0,-425,0,0,0,0,0
PAWN_AUDIT_ENTRY,1509,493033084283145712,14927923575473928235,14418586845058681535,10742789858458372549,3641,18446744073709551349,18446744073709551350,18446744073709551349,13,12,4,19,18446744073709537222,18446744073709548874,5,0,0,0,0,1,0,0,0,18446744073709551266,18446744073709551266,2728953,10,2922,0,0,0,12,18446744073709545648,18446744073709551030,18446744073709551030,18446744073709551313,7,1,1,6448796002632976483,2,0,5,11197480689422135903,0,3,1,0
PAWN_AUDIT_RESULT,1509,4,4,-378,0,0,-378,0,0,0,0,0
PAWN_AUDIT_ENTRY,1510,14927923575473928235,17395624269077101086,14418586845058681535,12865975701953330154,3833,18446744073709551349,18446744073709551350,18446744073709551349,13,12,4,20,18446744073709537050,18446744073709548874,5,0,0,0,0,1,0,0,0,18446744073709551266,18446744073709551266,2728953,10,2923,0,0,0,13,18446744073709545570,18446744073709551030,18446744073709551030,18446744073709551313,7,1,1,6448796002632976483,2,0,5,11197480689422135903,0,3,1,0
PAWN_AUDIT_RESULT,1510,4,4,-463,0,0,-463,0,0,0,0,0
PAWN_AUDIT_ENTRY,1511,17395624269077101086,16747820173101605889,14418586845058681535,17951362146971242479,3901,18446744073709551349,18446744073709551350,18446744073709551349,13,12,4,21,18446744073709537000,18446744073709548874,5,0,0,0,0,1,0,0,0,18446744073709551266,18446744073709551266,2728953,10,2924,0,0,0,14,18446744073709545547,18446744073709551030,18446744073709551030,18446744073709551313,7,1,1,6448796002632976483,2,0,5,11197480689422135903,0,3,1,0
PAWN_AUDIT_RESULT,1511,4,4,-380,0,0,-380,0,0,0,0,0
PAWN_AUDIT_ENTRY,1512,16747820173101605889,14425742970651297842,14418586845058681535,2235933088962283621,2745,18446744073709551349,18446744073709551350,18446744073709551349,13,12,4,22,18446744073709536821,18446744073709548874,5,0,0,0,0,1,0,0,0,18446744073709551266,18446744073709551266,2728953,10,2925,0,0,0,10,18446744073709545466,18446744073709551030,18446744073709551030,18446744073709551313,7,1,1,6448796002632976483,2,0,5,11197480689422135903,0,3,1,0
PAWN_AUDIT_RESULT,1512,4,4,-350,0,0,-350,0,0,0,0,0
PAWN_AUDIT_ENTRY,1513,14425742970651297842,3581676675453949838,14418586845058681535,15830736319674708230,3353,18446744073709551349,18446744073709551350,18446744073709551349,13,12,4,23,18446744073709536588,18446744073709548874,5,0,0,0,0,1,0,0,0,18446744073709551266,18446744073709551266,2728953,10,2926,0,0,0,11,18446744073709545360,18446744073709551030,18446744073709551030,18446744073709551313,7,1,1,6448796002632976483,2,0,5,11197480689422135903,0,3,1,0
PAWN_AUDIT_RESULT,1513,4,4,-433,0,0,-433,0,0,0,0,0
PAWN_AUDIT_ENTRY,1514,3581676675453949838,199026861771899317,14418586845058681535,17279670448573473099,3322,18446744073709551349,18446744073709551350,18446744073709551349,13,12,4,24,18446744073709536536,18446744073709548874,5,0,0,0,0,1,0,0,0,18446744073709551266,18446744073709551266,2728953,10,2927,0,0,0,11,18446744073709545336,18446744073709551030,18446744073709551030,18446744073709551313,7,1,1,6448796002632976483,2,0,5,11197480689422135903,0,3,1,0
PAWN_AUDIT_RESULT,1514,4,4,-463,0,0,-463,0,0,0,0,0
PAWN_AUDIT_ENTRY,1515,199026861771899317,6019468258688784418,14418586845058681535,8181352411679480043,3389,18446744073709551349,18446744073709551350,18446744073709551349,13,12,4,25,18446744073709536525,18446744073709548874,5,0,0,0,0,1,0,0,0,18446744073709551266,18446744073709551266,2728953,10,2928,0,0,0,11,18446744073709545331,18446744073709551030,18446744073709551030,18446744073709551313,7,1,1,6448796002632976483,2,0,5,11197480689422135903,0,3,1,0
PAWN_AUDIT_RESULT,1515,4,4,-437,0,0,-437,0,0,0,0,0
PAWN_AUDIT_ENTRY,1516,6019468258688784418,15542953029438235600,14418586845058681535,10008583004584456920,3834,18446744073709551349,18446744073709551350,18446744073709551349,13,12,4,26,18446744073709536503,18446744073709548874,5,0,0,0,0,1,0,0,0,18446744073709551266,18446744073709551266,2728953,10,2929,0,0,0,13,18446744073709545321,18446744073709551030,18446744073709551030,18446744073709551313,7,1,1,6448796002632976483,2,0,5,11197480689422135903,0,3,1,0
PAWN_AUDIT_RESULT,1516,4,4,-383,0,0,-383,0,0,0,0,0
PAWN_AUDIT_ENTRY,1517,15542953029438235600,146446459268994602,14418586845058681535,10690862562763257441,2720,18446744073709551349,18446744073709551350,18446744073709551349,13,12,4,27,18446744073709536761,18446744073709547758,5,0,0,0,0,1,0,0,0,18446744073709551266,18446744073709551266,2728953,10,2930,0,0,0,10,18446744073709545700,18446744073709551030,18446744073709550491,18446744073709551313,7,1,1,6448796002632976483,2,0,5,11197480689422135903,0,3,1,0
PAWN_AUDIT_RESULT,1517,4,4,-367,0,0,-367,0,0,0,0,0
PAWN_AUDIT_ENTRY,1526,7313727765361795984,4760645026350590942,4174684497283897901,15114335106583373117,3104,18446744073709551349,18446744073709551350,18446744073709551349,12,11,6,7,18446744073709536764,18446744073709550278,3,0,0,0,0,1,0,4013,0,18446744073709551300,18446744073709551300,357285,10,2948,0,0,1,9,18446744073709545440,18446744073709551030,18446744073709551030,18446744073709551316,9,1,1,6448796002632976483,0,0,3,4859957513967909394,0,0,1,0
PAWN_AUDIT_RESULT,1526,6,6,-368,0,0,-368,0,0,0,0,0
PAWN_AUDIT_ENTRY,1527,4760645026350590942,16613136063189699106,4174684497283897901,5152186823328090493,3359,18446744073709551349,18446744073709551350,18446744073709551349,12,11,6,9,18446744073709539410,18446744073709548874,3,0,0,0,0,1,0,4013,0,18446744073709551300,18446744073709551300,357285,10,2949,0,0,1,11,18446744073709546643,18446744073709551030,18446744073709551030,18446744073709551316,9,1,1,6448796002632976483,0,0,3,4859957513967909394,0,1,1,0
PAWN_AUDIT_RESULT,1527,6,6,-634,0,0,-634,0,0,0,0,0
PAWN_AUDIT_ENTRY,1528,16613136063189699106,13873500449835313589,4174684497283897901,10409278587449821730,3437,18446744073709551349,18446744073709551350,18446744073709551349,12,11,5,10,18446744073709536050,18446744073709550278,3,0,0,0,0,1,0,4013,0,18446744073709551300,18446744073709551300,357285,10,2950,0,0,1,9,18446744073709545115,18446744073709551030,18446744073709551030,18446744073709551316,9,1,1,6448796002632976483,0,0,3,4859957513967909394,0,0,1,0
PAWN_AUDIT_RESULT,1528,5,5,-408,0,0,-408,0,0,0,0,0
PAWN_AUDIT_ENTRY,1529,13873500449835313589,10143065608410522223,4174684497283897901,14373921050070634920,3177,18446744073709551349,18446744073709551350,18446744073709551349,12,11,5,11,18446744073709535926,18446744073709550278,3,0,0,0,0,1,0,4013,0,18446744073709551300,18446744073709551300,357285,10,2951,0,0,1,9,18446744073709545059,18446744073709551030,18446744073709551030,18446744073709551316,9,1,1,6448796002632976483,0,0,3,4859957513967909394,0,0,1,0
PAWN_AUDIT_RESULT,1529,5,5,-438,0,0,-438,0,0,0,0,0
PAWN_AUDIT_ENTRY,1530,10143065608410522223,16324385683435461563,4174684497283897901,18014630529213194946,3502,18446744073709551349,18446744073709551350,18446744073709551349,12,11,5,12,18446744073709535750,18446744073709550278,3,0,0,0,0,1,0,4013,0,18446744073709551300,18446744073709551300,357285,10,2952,0,0,1,9,18446744073709544979,18446744073709551030,18446744073709551030,18446744073709551316,9,1,1,6448796002632976483,0,0,3,4859957513967909394,0,0,1,0
PAWN_AUDIT_RESULT,1530,5,5,-451,0,0,-451,0,0,0,0,0
PAWN_AUDIT_ENTRY,1531,16324385683435461563,8638721321641673252,4174684497283897901,2599990653223431929,3429,18446744073709551349,18446744073709551350,18446744073709551349,12,11,5,14,18446744073709535786,18446744073709550278,3,0,0,0,0,1,0,4013,0,18446744073709551300,18446744073709551300,357285,10,2953,0,0,1,9,18446744073709545946,18446744073709549959,18446744073709550174,18446744073709551316,9,1,1,6448796002632976483,0,0,3,4859957513967909394,0,0,1,0
PAWN_AUDIT_RESULT,1531,5,5,-402,0,0,-402,0,0,0,0,0
PAWN_AUDIT_ENTRY,1532,8638721321641673252,16357985068920428026,4174684497283897901,14913938914611441685,4015,18446744073709551349,18446744073709551350,18446744073709551349,12,11,5,15,18446744073709537730,18446744073709548874,3,0,0,0,0,1,0,4013,0,18446744073709551300,18446744073709551300,357285,10,2954,0,0,1,10,18446744073709545879,18446744073709551030,18446744073709551030,18446744073709551316,9,1,1,6448796002632976483,0,0,3,4859957513967909394,0,1,1,0
PAWN_AUDIT_RESULT,1532,5,5,-357,0,0,-357,0,0,0,0,0
PAWN_AUDIT_ENTRY,1533,16357985068920428026,7647713658181374019,4174684497283897901,13979811081722196271,4087,18446744073709551349,18446744073709551350,18446744073709551349,12,11,5,16,18446744073709537296,18446744073709548874,3,0,0,0,0,1,0,4013,0,18446744073709551300,18446744073709551300,357285,10,2955,0,0,1,12,18446744073709545682,18446744073709551030,18446744073709551030,18446744073709551316,9,1,1,6448796002632976483,0,0,3,4859957513967909394,0,1,1,0
PAWN_AUDIT_RESULT,1533,5,5,-628,0,0,-628,0,0,0,0,0
PAWN_AUDIT_ENTRY,1534,7647713658181374019,9103285876730854100,4174684497283897901,4422532003901804159,2527,18446744073709551349,18446744073709551350,18446744073709551349,12,11,5,18,18446744073709538758,18446744073709549629,3,0,0,0,0,1,0,4013,0,18446744073709551300,18446744073709551300,357285,10,2956,0,0,1,9,18446744073709547111,18446744073709550176,18446744073709550335,18446744073709551316,9,1,1,6448796002632976483,0,0,3,4859957513967909394,0,0,1,0
PAWN_AUDIT_RESULT,1534,5,5,-316,0,0,-316,0,0,0,0,0
PAWN_AUDIT_ENTRY,1535,9103285876730854100,12583862096796466947,4174684497283897901,17217763257366583543,2745,18446744073709551349,18446744073709551350,18446744073709551349,12,11,5,19,18446744073709536496,18446744073709548069,3,0,0,0,0,1,0,4013,0,18446744073709551300,18446744073709551300,357285,10,2957,0,0,1,10,18446744073709545318,18446744073709551030,18446744073709551030,18446744073709551316,9,1,1,6448796002632976483,0,0,3,4859957513967909394,0,1,1,0
PAWN_AUDIT_RESULT,1535,5,5,-374,0,0,-374,0,0,0,0,0
PAWN_AUDIT_ENTRY,1539,14250422205109197795,8873326216322571716,7313403596794281295,3942712783718540515,3112,18446744073709551349,18446744073709551350,18446744073709551260,7,6,3,3,18446744073709546716,18446744073709549694,7,0,0,0,0,0,0,0,0,18446744073709551298,18446744073709551307,18446744073707483501,10,2969,0,0,1,9,18446744073709550675,18446744073709551030,18446744073709549567,18446744073709551298,3,1,1,6448796002632976483,0,0,7,9553675899393721573,0,0,1,0
PAWN_AUDIT_RESULT,1539,3,3,-316,0,0,-316,0,0,0,0,0
PAWN_AUDIT_ENTRY,1540,8873326216322571716,17321518173653539158,7313403596794281295,2759645639895098352,3494,18446744073709551349,18446744073709551350,18446744073709551300,7,6,1,4,18446744073709539491,18446744073709550278,7,0,0,0,0,0,0,0,0,18446744073709551298,18446744073709551307,18446744073707483501,10,2970,0,0,1,9,18446744073709546680,18446744073709551030,18446744073709551030,18446744073709551298,3,1,1,6448796002632976483,0,0,7,9553675899393721573,0,0,1,0
PAWN_AUDIT_RESULT,1540,1,1,-305,0,0,-305,0,0,0,0,0
PAWN_AUDIT_ENTRY,1541,17321518173653539158,5687807513773943144,7313403596794281295,6977904323898066050,53055,18446744073709551349,18446744073709551350,18446744073709551311,7,6,1,5,18446744073709539027,18446744073709550278,7,0,0,0,0,0,0,0,0,18446744073709551298,18446744073709551307,18446744073707483501,10,2971,0,0,1,14,18446744073709546469,18446744073709551030,18446744073709551030,18446744073709551298,3,1,1,6448796002632976483,0,0,7,9553675899393721573,0,1,1,0
PAWN_AUDIT_RESULT,1541,1,1,-336,0,0,-336,0,0,0,0,0
PAWN_AUDIT_ENTRY,1542,5687807513773943144,18284363018639098836,7313403596794281295,6913282442360628611,3169,18446744073709551349,18446744073709551350,18446744073709551311,7,6,1,8,18446744073709537015,18446744073709550278,7,0,0,0,0,0,0,0,0,18446744073709551298,18446744073709551307,18446744073707483501,10,2972,0,0,1,9,18446744073709545554,18446744073709551030,18446744073709551030,18446744073709551298,3,1,1,6448796002632976483,0,0,7,9553675899393721573,0,0,1,0
PAWN_AUDIT_RESULT,1542,1,1,-442,0,0,-442,0,0,0,0,0
PAWN_AUDIT_ENTRY,1543,18284363018639098836,2749154040659874359,7313403596794281295,7047823153704102173,2527,18446744073709551349,18446744073709551350,18446744073709551311,7,6,1,9,18446744073709539425,18446744073709549629,7,0,0,0,0,0,0,0,0,18446744073709551298,18446744073709551307,18446744073707483501,10,2973,0,0,1,9,18446744073709546987,18446744073709551030,18446744073709550335,18446744073709551298,3,1,1,6448796002632976483,0,0,7,9553675899393721573,0,0,1,0
PAWN_AUDIT_RESULT,1543,1,1,-292,0,0,-292,0,0,0,0,0
PAWN_AUDIT_ENTRY,1547,14845595117699044057,12332615484159952224,2786092860847832348,2522616552989246673,53055,18446744073709551349,18446744073709551350,18446744073709551327,9,8,5,7,18446744073709538381,18446744073709550278,5,0,0,0,0,1,0,0,0,18446744073709551308,18446744073709551326,18446744073703587713,10,2977,0,0,1,14,18446744073709546175,18446744073709551030,18446744073709551030,18446744073709551308,5,1,1,10306054629394671637,0,0,5,5355639697819574823,0,1,1,0
PAWN_AUDIT_RESULT,1547,5,5,-753,0,0,-753,0,0,0,0,0
PAWN_AUDIT_ENTRY,1548,12332615484159952224,13478271795345294972,2786092860847832348,8458614435819676848,3112,18446744073709551349,18446744073709551350,18446744073709551327,9,8,5,11,18446744073709545473,18446744073709550278,5,0,0,0,0,1,0,0,0,18446744073709551308,18446744073709551326,18446744073703587713,10,2978,0,0,1,9,18446744073709550302,18446744073709549226,18446744073709551030,18446744073709551308,5,1,1,10306054629394671637,0,0,5,5355639697819574823,0,0,1,0
PAWN_AUDIT_RESULT,1548,5,5,-660,0,0,-660,0,0,0,0,0
PAWN_AUDIT_ENTRY,1560,8126763983091861041,10465463458751737302,12901783506990422579,4299212570962185241,1242,266,267,263,7,6,1,4,18446744073709550606,18446744073709550278,4,0,1,0,0,0,0,1180,0,288,18446744073709551365,2763165,10,2996,0,0,1,3,118,18446744073709551030,18446744073709551030,288,3,2,1,9016226107714328348,0,0,4,14122557049927430602,0,1,1,0
PAWN_AUDIT_RESULT,1560,1,1,-43,0,0,-43,0,0,0,0,0
PAWN_AUDIT_ENTRY,1566,16554740129508955625,13902407977284033797,13245845922683948120,1450100775398582499,1382,266,267,247,8,7,1,3,18446744073709542356,2171,6,0,1,0,0,1,0,0,0,218,218,18446744073708463938,10,3016,0,0,0,2,18446744073709545521,18446744073709549432,6132,263,5,1,1,6448796002632976483,1,0,6,14524437881370163724,0,2,1,0
PAWN_AUDIT_RESULT,1566,1,1,180,0,0,180,0,0,0,0,0
PAWN_AUDIT_ENTRY,1568,7967634467017763525,13612171663299736320,13245845922683948120,14269976750761200035,658,266,267,247,8,7,1,5,18446744073709547400,18446744073709550689,6,0,1,0,0,1,0,0,0,218,218,18446744073708463938,10,3018,0,0,0,1,18446744073709550278,18446744073709551030,18446744073709551026,263,5,1,1,6448796002632976483,1,0,6,14524437881370163724,0,0,1,0
PAWN_AUDIT_RESULT,1568,1,1,256,0,0,256,0,0,0,0,0
PAWN_AUDIT_ENTRY,1569,13612171663299736320,14347676501656654532,13245845922683948120,3422388318014513635,1228,266,267,256,8,7,1,6,18446744073709549693,18446744073709549919,6,0,1,0,0,1,0,0,0,218,218,18446744073708463938,10,3019,0,0,0,3,18446744073709546698,8574,18446744073709551114,263,5,1,1,6448796002632976483,1,0,6,14524437881370163724,0,2,1,0
PAWN_AUDIT_RESULT,1569,1,1,217,0,0,217,0,0,0,0,0
PAWN_AUDIT_ENTRY,1570,14347676501656654532,137604164870959821,13245845922683948120,4573187854759500402,1242,266,267,256,8,7,1,7,18446744073709547435,18446744073709550323,6,0,1,0,0,1,0,0,0,218,218,18446744073708463938,10,3020,0,0,0,3,18446744073709550292,18446744073709551030,18446744073709551030,263,5,1,1,6448796002632976483,1,0,6,14524437881370163724,0,2,1,0
PAWN_AUDIT_RESULT,1570,1,1,231,0,0,231,0,0,0,0,0
PAWN_AUDIT_ENTRY,1571,137604164870959821,14471794154951320610,13245845922683948120,14317577133284933995,1826,266,267,256,8,7,1,8,18446744073709547902,18446744073709549779,6,0,1,0,0,1,0,0,0,218,218,18446744073708463938,10,3021,0,0,0,2,18446744073709550766,18446744073709551030,18446744073709550491,263,5,1,1,6448796002632976483,1,0,6,14524437881370163724,0,2,1,0
PAWN_AUDIT_RESULT,1571,1,1,203,0,0,203,0,0,0,0,0
PAWN_AUDIT_ENTRY,1572,14471794154951320610,7799820705730759398,13245845922683948120,7276962347881691320,528,266,267,256,8,7,1,10,18446744073709544109,18446744073709550278,6,0,1,0,0,1,0,0,0,218,218,18446744073708463938,10,3022,0,0,0,1,18446744073709549232,18446744073709551542,18446744073709549571,263,5,1,1,6448796002632976483,1,0,6,14524437881370163724,0,0,1,0
PAWN_AUDIT_RESULT,1572,1,1,245,0,0,245,0,0,0,0,0
PAWN_AUDIT_ENTRY,1574,12251819060067286892,620885602874853303,13245845922683948120,16794316973122941720,1810,266,267,263,8,7,1,13,18446744073709543399,18446744073709548607,6,0,1,0,0,1,0,0,0,218,218,18446744073708463938,10,3025,0,0,0,2,18446744073709548780,18446744073709551030,18446744073709550364,263,5,1,1,6448796002632976483,1,0,6,14524437881370163724,0,2,1,0
PAWN_AUDIT_RESULT,1574,1,1,197,0,0,197,0,0,0,0,0
PAWN_AUDIT_ENTRY,1575,620885602874853303,7046606128716336065,13245845922683948120,2510518441215968115,1835,266,267,263,8,7,1,33,18446744073709550340,18446744073709550278,6,0,1,0,0,1,0,0,1,218,218,18446744073708463938,10,3026,0,0,0,2,18446744073709551613,18446744073709551030,18446744073709551030,263,5,1,1,6448796002632976483,1,0,6,14524437881370163724,0,2,1,0
PAWN_AUDIT_RESULT,1575,1,1,-162,0,0,-162,0,0,0,0,0
PAWN_AUDIT_ENTRY,1581,9932289164253607166,8913939835912359473,9881944972457123622,13738448100912949709,3301,18446744073709551349,18446744073709551350,18446744073709551313,6,5,1,3,18446744073709550340,18446744073709550278,5,0,1,0,0,0,0,0,0,18446744073709551360,18446744073709551360,3890070,10,3043,0,0,0,11,18446744073709551613,18446744073709551030,18446744073709551030,32002,18446744073709551614,0,1,8730853517444136283,1,0,5,4973950710908756971,0,2,1,0
PAWN_AUDIT_RESULT,1581,1,1,-329,0,0,-329,0,0,0,0,0
PAWN_AUDIT_ENTRY,1582,8913939835912359473,1364495023495684151,9881944972457123622,8009706524117713440,3308,18446744073709551349,18446744073709551350,18446744073709551313,6,5,1,4,18446744073709550028,18446744073709550278,5,0,1,0,0,0,0,0,0,18446744073709551360,18446744073709551360,3890070,10,3044,0,0,0,11,18446744073709551471,18446744073709551030,18446744073709551030,32002,18446744073709551614,0,1,8730853517444136283,1,0,5,4973950710908756971,0,2,1,0
PAWN_AUDIT_RESULT,1582,1,1,-352,0,0,-352,0,0,0,0,0
PAWN_AUDIT_ENTRY,1583,1364495023495684151,2318800468223637170,9881944972457123622,15774562661876909706,3112,18446744073709551349,18446744073709551350,18446744073709551313,6,5,1,6,18446744073709546423,18446744073709550278,5,0,1,0,0,0,0,0,0,18446744073709551360,18446744073709551360,3890070,10,3045,0,0,0,9,18446744073709549142,794,18446744073709551030,32002,18446744073709551614,0,1,8730853517444136283,1,0,5,4973950710908756971,0,0,1,0
PAWN_AUDIT_RESULT,1583,1,1,-284,0,0,-284,0,0,0,0,0
PAWN_AUDIT_ENTRY,1584,2318800468223637170,14687547310032992105,9881944972457123622,15486470204288389231,2935,18446744073709551349,18446744073709551350,18446744073709551332,6,5,1,8,18446744073709542685,18446744073709550278,5,0,1,0,0,0,0,0,0,18446744073709551360,18446744073709551360,3890070,10,3046,0,0,0,10,18446744073709548132,18446744073709551030,18446744073709551030,32002,18446744073709551614,0,1,8730853517444136283,1,0,5,4973950710908756971,0,2,1,0
PAWN_AUDIT_RESULT,1584,1,1,-501,0,0,-501,0,0,0,0,0
PAWN_AUDIT_ENTRY,1585,14687547310032992105,15712094372679041183,9881944972457123622,5441142577757483043,2910,18446744073709551349,18446744073709551350,18446744073709551332,6,5,1,10,18446744073709539384,18446744073709550278,5,0,1,0,0,0,0,0,0,18446744073709551360,18446744073709551360,3890070,10,3047,0,0,0,10,18446744073709546631,18446744073709551030,18446744073709551030,32002,18446744073709551614,0,1,8730853517444136283,1,0,5,4973950710908756971,0,2,1,0
PAWN_AUDIT_RESULT,1585,1,1,-474,0,0,-474,0,0,0,0,0
PAWN_AUDIT_ENTRY,1586,15712094372679041183,15078821671848634584,9881944972457123622,3146253256395667284,2942,18446744073709551349,18446744073709551350,18446744073709551332,6,5,1,11,18446744073709538882,18446744073709550278,5,0,1,0,0,0,0,0,0,18446744073709551360,18446744073709551360,3890070,10,3048,0,0,0,10,18446744073709546403,18446744073709551030,18446744073709551030,32002,18446744073709551614,0,1,8730853517444136283,1,0,5,4973950710908756971,0,2,1,0
PAWN_AUDIT_RESULT,1586,1,1,-527,0,0,-527,0,0,0,0,0
PAWN_AUDIT_ENTRY,1587,15078821671848634584,10533911054157439524,9881944972457123622,10201551027446041460,2527,18446744073709551349,18446744073709551350,18446744073709551332,6,5,1,12,18446744073709538629,18446744073709550278,5,0,1,0,0,0,0,0,0,18446744073709551360,18446744073709551360,3890070,10,3049,0,0,0,9,18446744073709546917,18446744073709549772,18446744073709551030,32002,18446744073709551614,0,1,8730853517444136283,1,0,5,4973950710908756971,0,0,1,0
PAWN_AUDIT_RESULT,1587,1,1,-295,0,0,-295,0,0,0,0,0
PAWN_AUDIT_ENTRY,1588,10533911054157439524,8661061822593928819,9881944972457123622,10127375421174736619,53055,18446744073709551349,18446744073709551350,18446744073709551332,6,5,1,13,18446744073709537622,18446744073709550278,5,0,1,0,0,0,0,0,0,18446744073709551360,18446744073709551360,3890070,10,3050,0,0,0,14,18446744073709545830,18446744073709551030,18446744073709551030,32002,18446744073709551614,0,1,8730853517444136283,1,0,5,4973950710908756971,0,2,1,0
PAWN_AUDIT_RESULT,1588,1,1,-266,1,5,-248,0,5,16,1,1
PAWN_AUDIT_ENTRY,1598,5935858021489152473,16146359411650378605,4973950710908756971,10820251929000007435,528,266,267,251,8,7,3,3,18446744073709551009,18446744073709550278,4,0,0,0,0,0,0,0,0,232,232,18446744073706133671,10,3070,0,0,1,1,18446744073709549961,850,1965,277,4,1,1,8730853517444136283,0,0,4,114655579483694980,0,0,1,0
PAWN_AUDIT_RESULT,1598,3,3,217,0,0,217,0,0,0,0,0
PAWN_AUDIT_ENTRY,1599,16146359411650378605,12833936005292642465,4973950710908756971,16630242590830102352,1382,266,267,251,8,7,1,4,18446744073709535887,18446744073709550278,4,0,0,0,0,0,0,0,0,232,232,18446744073706133671,10,3071,0,0,1,2,18446744073709545306,18446744073709550832,18446744073709550688,277,4,1,1,8730853517444136283,0,0,4,114655579483694980,0,1,1,0
PAWN_AUDIT_RESULT,1599,1,1,189,0,0,189,0,0,0,0,0
PAWN_AUDIT_ENTRY,1609,5922413922067128534,11958951160637912048,13223006865506756005,12837964278354091112,53055,18446744073709551349,18446744073709551350,18446744073709551349,6,5,1,3,18446744073709546120,18446744073709550278,7,0,1,0,0,1,1,3112,0,18446744073709551345,18446744073709551335,18446744073707419079,10,3095,0,0,1,14,18446744073709550105,18446744073709550724,18446744073709550499,18446744073709551345,3,3,1,17204250065524632976,0,0,7,1616238280340394318,0,1,1,0
PAWN_AUDIT_RESULT,1609,1,1,-399,0,0,-399,0,0,0,0,0
PAWN_AUDIT_ENTRY,1612,8641983003097479811,8108029332690170464,12166975054009011696,12423548297804634530,2527,18446744073709551349,18446744073709551350,18446744073709551349,8,7,1,4,18446744073709549149,18446744073709550278,5,0,1,0,0,1,1,1810,0,18446744073709551345,18446744073709551297,1962959,10,3099,0,0,0,9,18446744073709546480,9344,18446744073709550260,18446744073709551345,2,3,1,14806036804063960078,2,0,5,18027237823450039715,0,0,1,0
PAWN_AUDIT_RESULT,1612,1,1,-316,0,0,-316,0,0,0,0,0
PAWN_AUDIT_ENTRY,1613,8108029332690170464,14374894542704641353,12166975054009011696,12498005223410299965,53055,18446744073709551349,18446744073709551350,18446744073709551349,8,7,1,5,18446744073709544541,18446744073709550278,5,0,1,0,0,1,1,1810,0,18446744073709551345,18446744073709551297,1962959,10,3100,0,0,0,14,18446744073709548984,18446744073709551443,18446744073709550588,18446744073709551345,2,3,1,14806036804063960078,2,0,5,18027237823450039715,0,3,1,0
PAWN_AUDIT_RESULT,1613,1,1,-375,0,0,-375,0,0,0,0,0
PAWN_AUDIT_ENTRY,1617,15230820123617096676,13784078290998791946,5882123834216372594,6055532424030625983,53055,18446744073709551349,18446744073709551350,18446744073709551349,8,7,1,6,18446744073709543816,18446744073709550278,3,0,1,0,0,1,1,2908,0,18446744073709551345,18446744073709551312,10256186,10,3104,0,0,0,14,18446744073709548084,18446744073709551030,573,18446744073709551345,4,3,1,14806036804063960078,0,0,3,10450951340377651609,0,1,1,0
PAWN_AUDIT_RESULT,1617,1,1,-388,0,0,-388,0,0,0,0,0
PAWN_AUDIT_ENTRY,1619,18323844154737032612,3781289852009513992,5882123834216372594,173592853463728350,3112,18446744073709551349,18446744073709551350,18446744073709551349,8,7,1,9,18446744073709540714,18446744073709548932,3,0,1,0,0,1,1,2908,0,18446744073709551345,18446744073709551312,10256186,10,3106,0,0,0,9,18446744073709549378,18446744073709550126,18446744073709547548,18446744073709551345,4,3,1,14806036804063960078,0,0,3,10450951340377651609,0,0,1,0
PAWN_AUDIT_RESULT,1619,1,1,-297,0,0,-297,0,0,0,0,0
PAWN_AUDIT_ENTRY,1697,2028524198833763666,4158480218555096770,9994950358278095179,14817546822509328077,3288,18446744073709551333,18446744073709551334,18446744073709551332,6,5,1,3,18446744073709548553,4959,7,0,0,0,0,0,0,0,0,18446744073709551299,18446744073709551299,917975,10,3272,0,0,0,11,18446744073709549000,18446744073709551030,3124,18446744073709551344,8,1,1,12268545190071650819,2,0,7,5085002876901883270,0,3,1,0
PAWN_AUDIT_RESULT,1697,1,1,-326,0,0,-326,0,0,0,0,0
PAWN_AUDIT_ENTRY,1698,4158480218555096770,16943538491715905655,9994950358278095179,14952712861377963530,3306,18446744073709551333,18446744073709551334,18446744073709551332,6,5,1,4,18446744073709551142,2234,7,0,0,0,0,0,0,0,0,18446744073709551299,18446744073709551299,917975,10,3273,0,0,0,11,835,18446744073709551030,18446744073709550055,18446744073709551344,8,1,1,12268545190071650819,2,0,7,5085002876901883270,0,3,1,0
PAWN_AUDIT_RESULT,1698,1,1,-302,0,0,-302,0,0,0,0,0
PAWN_AUDIT_ENTRY,1701,6976074089025779577,11111743296020277772,9994950358278095179,14740140124741687516,3297,18446744073709551333,18446744073709551334,18446744073709551332,6,5,1,8,18446744073709541873,18446744073709549273,7,0,0,0,0,0,0,0,0,18446744073709551299,18446744073709551299,917975,10,3276,0,0,0,11,18446744073709548163,18446744073709551030,18446744073709550206,18446744073709551344,8,1,1,12268545190071650819,2,0,7,5085002876901883270,0,3,1,0
PAWN_AUDIT_RESULT,1701,1,1,-315,0,0,-315,0,0,0,0,0
PAWN_AUDIT_ENTRY,1702,11111743296020277772,14391900719008570635,9994950358278095179,3464963976855972262,3242,18446744073709551333,18446744073709551334,18446744073709551332,6,5,1,10,18446744073709538721,18446744073709550278,7,0,0,0,0,0,0,0,0,18446744073709551299,18446744073709551299,917975,10,3277,0,0,0,9,18446744073709546690,18446744073709551030,18446744073709550288,18446744073709551344,8,1,1,12268545190071650819,2,0,7,5085002876901883270,0,0,1,0
PAWN_AUDIT_RESULT,1702,1,1,-416,0,0,-416,0,0,0,0,0
PAWN_AUDIT_ENTRY,1703,14391900719008570635,13227568471435401703,4094360091795049426,4351214789075672960,2527,18446744073709551333,18446744073709551334,18446744073709551333,10,9,6,3,18446744073709536792,18446744073709550278,5,0,0,0,0,1,0,0,0,18446744073709551279,18446744073709551279,18446744073707804455,10,3278,0,0,1,9,18446744073709546217,18446744073709550176,18446744073709550335,18446744073709551345,10,1,1,12268545190071650819,0,0,5,4778154540217740269,0,0,1,0
PAWN_AUDIT_RESULT,1703,6,6,-327,0,0,-327,0,3,3,0,0
PAWN_AUDIT_ENTRY,1706,942883524537683058,8852661233563668609,4094360091795049426,603876533205833701,3632,18446744073709551333,18446744073709551334,18446744073709551333,10,9,5,8,18446744073709539799,18446744073709548874,5,0,0,0,0,1,0,0,0,18446744073709551279,18446744073709551279,18446744073707804455,10,3283,0,0,1,12,18446744073709546820,18446744073709551030,18446744073709551030,18446744073709551345,10,1,1,12268545190071650819,0,0,5,4778154540217740269,0,1,1,0
PAWN_AUDIT_RESULT,1706,5,5,-457,0,0,-457,0,0,0,0,0
PAWN_AUDIT_ENTRY,1707,8852661233563668609,4359953604718829759,4094360091795049426,2576513115573368482,2592,18446744073709551333,18446744073709551334,18446744073709551333,10,9,4,9,18446744073709537068,18446744073709550278,5,0,0,0,0,1,0,0,0,18446744073709551279,18446744073709551279,18446744073707804455,10,3284,0,0,1,9,18446744073709545578,18446744073709551030,18446744073709551030,18446744073709551345,10,1,1,12268545190071650819,0,0,5,4778154540217740269,0,0,1,0
PAWN_AUDIT_RESULT,1707,4,4,-369,0,0,-369,0,0,0,0,0
PAWN_AUDIT_ENTRY,1728,14195994113155021352,14632990656819627311,13576831247868917385,5150554630338530486,3964,18446744073709551333,18446744073709551334,18446744073709551333,10,9,7,4,18446744073709547219,18446744073709548874,7,0,0,0,0,1,0,0,0,18446744073709551225,18446744073709551225,18446744073709380616,10,3344,0,0,0,12,18446744073709550194,18446744073709551030,18446744073709551030,18446744073709551293,5,1,1,9822368349299529300,0,0,7,14821643817839506290,0,1,1,0
PAWN_AUDIT_RESULT,1728,7,7,-395,0,0,-395,0,0,0,0,0
PAWN_AUDIT_ENTRY,1729,14632990656819627311,12983882701971789166,13576831247868917385,12669797385608360590,3836,18446744073709551333,18446744073709551334,18446744073709551333,10,9,7,5,18446744073709547219,18446744073709548874,7,0,0,0,0,1,0,0,0,18446744073709551225,18446744073709551225,18446744073709380616,10,3345,0,0,0,13,18446744073709550194,18446744073709551030,18446744073709551030,18446744073709551293,5,1,1,9822368349299529300,0,0,7,14821643817839506290,0,1,1,0
PAWN_AUDIT_RESULT,1729,7,7,-392,0,0,-392,0,0,0,0,0
PAWN_AUDIT_ENTRY,1730,12983882701971789166,3914570173897601946,13576831247868917385,17267823137747480357,3112,18446744073709551333,18446744073709551334,18446744073709551333,10,9,7,6,18446744073709549425,18446744073709550278,7,0,0,0,0,1,0,0,0,18446744073709551225,18446744073709551225,18446744073709380616,10,3346,0,0,0,9,18446744073709551197,18446744073709551030,18446744073709551030,18446744073709551293,5,1,1,9822368349299529300,0,0,7,14821643817839506290,0,0,1,0
PAWN_AUDIT_RESULT,1730,7,7,-370,0,0,-370,0,3,3,0,0
PAWN_AUDIT_ENTRY,1733,14849379795841168164,3837882356992399963,13576831247868917385,1295522805067516001,2915,18446744073709551333,18446744073709551334,18446744073709551333,10,9,5,9,18446744073709541092,18446744073709550278,7,0,0,0,0,1,0,0,0,18446744073709551225,18446744073709551225,18446744073709380616,10,3355,0,0,0,10,18446744073709547408,18446744073709551030,18446744073709551030,18446744073709551293,5,1,1,9822368349299529300,0,0,7,14821643817839506290,0,1,1,0
PAWN_AUDIT_RESULT,1733,5,5,-391,0,0,-391,0,0,0,0,0
PAWN_AUDIT_ENTRY,1735,18038990629349283213,17852726867085556189,13576831247868917385,16403198461712939456,2935,18446744073709551333,18446744073709551334,18446744073709551333,10,9,5,11,18446744073709539856,18446744073709550278,7,0,0,0,0,1,0,0,0,18446744073709551225,18446744073709551225,18446744073709380616,10,3360,0,0,0,10,18446744073709546846,18446744073709551030,18446744073709551030,18446744073709551293,5,1,1,9822368349299529300,0,0,7,14821643817839506290,0,1,1,0
PAWN_AUDIT_RESULT,1735,5,5,-365,0,0,-365,0,0,0,0,0
PAWN_AUDIT_ENTRY,1736,17852726867085556189,3182181663564100185,13576831247868917385,9136663273521355148,2910,18446744073709551333,18446744073709551334,18446744073709551333,10,9,5,15,18446744073709537774,18446744073709550278,7,0,0,0,0,1,0,0,0,18446744073709551225,18446744073709551225,18446744073709380616,10,3361,0,0,0,10,18446744073709545899,18446744073709551030,18446744073709551030,18446744073709551293,5,1,1,9822368349299529300,0,0,7,14821643817839506290,0,1,1,0
PAWN_AUDIT_RESULT,1736,5,5,-387,0,0,-387,0,0,0,0,0
PAWN_AUDIT_ENTRY,1747,3197293682316519773,8306480882720083518,7555952215749064489,15573724795254577012,794,282,283,216,8,7,1,6,18446744073709543188,18446744073709550871,10,0,1,0,0,0,0,0,0,266,266,18446744073708501928,10,3396,0,0,0,3,18446744073709548361,18446744073709551030,18446744073709551030,32002,18446744073709551613,0,0,12268545190071650819,4,0,10,3444005429757788335,0,5,1,0
PAWN_AUDIT_RESULT,1747,1,1,260,0,0,260,0,0,0,0,0
PAWN_AUDIT_ENTRY,1748,8306480882720083518,12897694878672754939,7555952215749064489,13542999855727576009,528,282,283,260,8,7,1,7,18446744073709548124,18446744073709548375,10,0,1,0,0,0,0,0,0,266,266,18446744073708501928,10,3397,0,0,0,1,18446744073709549199,18446744073709551030,2312,32002,18446744073709551613,0,0,12268545190071650819,4,0,10,3444005429757788335,0,0,1,0
PAWN_AUDIT_RESULT,1748,1,1,260,0,0,260,0,2,2,0,0
PAWN_AUDIT_ENTRY,1749,12897694878672754939,8615292844903231436,7555952215749064489,771664314884667136,2455,282,283,260,8,7,1,8,18446744073709544714,18446744073709548874,10,0,1,0,0,0,0,0,0,266,266,18446744073708501928,10,3400,0,0,0,2,18446744073709549055,18446744073709551030,18446744073709551030,32002,18446744073709551613,0,0,12268545190071650819,4,0,10,3444005429757788335,0,5,1,0
PAWN_AUDIT_RESULT,1749,1,1,132,0,0,132,0,0,0,0,0
PAWN_AUDIT_ENTRY,1753,11476474347552305539,2065480876392034574,7555952215749064489,10222934380059885853,666,282,283,282,8,7,1,13,18446744073709540323,18446744073709550278,10,0,1,0,0,0,0,0,0,266,266,18446744073708501928,10,3406,0,0,0,1,18446744073709547058,18446744073709551030,18446744073709551030,32002,18446744073709551613,0,0,12268545190071650819,4,0,10,3444005429757788335,0,0,1,0
PAWN_AUDIT_RESULT,1753,1,1,180,0,0,180,0,0,0,0,0
PAWN_AUDIT_ENTRY,1754,2065480876392034574,2700520243214133987,7555952215749064489,2581894169563658105,1380,282,283,282,8,7,1,14,18446744073709539802,18446744073709550535,10,0,1,0,0,0,0,0,0,266,266,18446744073708501928,10,3407,0,0,0,2,18446744073709547089,18446744073709551030,18446744073709550478,32002,18446744073709551613,0,0,12268545190071650819,4,0,10,3444005429757788335,0,5,1,0
PAWN_AUDIT_RESULT,1754,1,1,225,0,0,225,0,7,7,0,0
PAWN_AUDIT_ENTRY,1755,2700520243214133987,18005508062735123876,7555952215749064489,175973059119892749,801,282,283,282,8,7,1,30,18446744073709545149,18446744073709550278,10,0,1,0,0,0,0,0,1,266,266,18446744073708501928,10,3415,0,0,0,3,18446744073709549590,18446744073709551030,18446744073709550335,32002,18446744073709551613,0,0,12268545190071650819,4,0,10,3444005429757788335,0,5,1,0
PAWN_AUDIT_RESULT,1755,1,1,-736,0,0,-736,0,1,1,0,0
PAWN_AUDIT_ENTRY,1760,4644897267882142172,5141402673609725927,8882043341067014617,9145484341005756436,53055,18446744073709551333,18446744073709551334,18446744073709551290,6,5,1,5,18446744073709544700,18446744073709550278,9,0,1,0,0,0,0,0,0,18446744073709551296,18446744073709551296,4981898,10,3424,0,0,0,14,18446744073709548080,1351,18446744073709551030,18446744073709551297,2,1,1,12268545190071650819,3,0,9,13215784613515586836,0,4,1,0
PAWN_AUDIT_RESULT,1760,1,1,-309,0,0,-309,0,0,0,0,0
PAWN_AUDIT_ENTRY,1763,4776359440457638435,5668843957118623722,8882043341067014617,9476966508475712114,3234,18446744073709551333,18446744073709551334,18446744073709551307,6,5,1,9,18446744073709541788,18446744073709549508,9,0,1,0,0,0,0,0,0,18446744073709551296,18446744073709551296,4981898,10,3427,0,0,0,9,18446744073709548384,18446744073709551030,18446744073709549671,18446744073709551297,2,1,1,12268545190071650819,3,0,9,13215784613515586836,0,0,1,0
PAWN_AUDIT_RESULT,1763,1,1,-311,0,0,-311,0,0,0,0,0
PAWN_AUDIT_ENTRY,1764,5668843957118623722,15625997993122911015,8882043341067014617,4429596318415833166,3297,18446744073709551333,18446744073709551334,18446744073709551307,6,5,1,10,18446744073709541979,18446744073709549273,9,0,1,0,0,0,0,0,0,18446744073709551296,18446744073709551296,4981898,10,3428,0,0,0,11,18446744073709548211,18446744073709551030,18446744073709550206,18446744073709551297,2,1,1,12268545190071650819,3,0,9,13215784613515586836,0,4,1,0
PAWN_AUDIT_RESULT,1764,1,1,-309,0,0,-309,0,0,0,0,0
PAWN_AUDIT_ENTRY,1765,15625997993122911015,8223935459882415335,13872038076169677024,9634578771818581921,3306,18446744073709551333,18446744073709551334,18446744073709551218,8,7,4,2,18446744073709551066,2234,11,0,0,0,0,0,0,0,0,18446744073709551227,18446744073709551227,1151077,10,3432,0,0,1,11,327,18446744073709551030,18446744073709551030,18446744073709551275,2,1,1,12268545190071650819,0,0,11,11272024537943063919,0,1,1,0
PAWN_AUDIT_RESULT,1765,4,4,-341,0,0,-341,0,0,0,0,0
PAWN_AUDIT_ENTRY,1766,8223935459882415335,10916054826941436742,13872038076169677024,14207576940133388589,53055,18446744073709551333,18446744073709551334,18446744073709551275,8,7,3,3,18446744073709543399,18446744073709550278,11,0,0,0,0,0,0,0,0,18446744073709551227,18446744073709551227,1151077,10,3433,0,0,1,14,18446744073709548457,18446744073709551030,18446744073709551030,18446744073709551275,2,1,1,12268545190071650819,0,0,11,11272024537943063919,0,1,1,0
PAWN_AUDIT_RESULT,1766,3,3,-371,0,0,-371,0,0,0,0,0
PAWN_AUDIT_ENTRY,1767,10916054826941436742,7822771204759574154,13872038076169677024,4054586197326773067,3234,18446744073709551333,18446744073709551334,18446744073709551275,8,7,3,5,18446744073709545586,18446744073709549508,11,0,0,0,0,0,0,0,0,18446744073709551227,18446744073709551227,1151077,10,3434,0,0,1,9,18446744073709548671,440,18446744073709551581,18446744073709551275,2,1,1,12268545190071650819,0,0,11,11272024537943063919,0,0,1,0
PAWN_AUDIT_RESULT,1767,3,3,-330,0,0,-330,0,0,0,0,0
PAWN_AUDIT_ENTRY,1768,7822771204759574154,15350039712099263681,13872038076169677024,9707838987433472375,3297,18446744073709551333,18446744073709551334,18446744073709551286,8,7,2,6,18446744073709543641,18446744073709549640,11,0,0,0,0,0,0,0,0,18446744073709551227,18446744073709551227,1151077,10,3435,0,0,1,11,18446744073709548567,18446744073709551030,18446744073709551030,18446744073709551275,2,1,1,12268545190071650819,0,0,11,11272024537943063919,0,1,1,0
PAWN_AUDIT_RESULT,1768,2,2,-408,0,0,-408,0,0,0,0,0
PAWN_AUDIT_ENTRY,1770,101594648777920607,17333708247359430747,8882043341067014617,4500463987072251544,3306,18446744073709551333,18446744073709551334,18446744073709551331,10,9,4,3,18446744073709550071,2234,9,0,0,0,0,0,0,0,0,18446744073709551296,18446744073709551296,4981898,10,3440,0,0,0,11,348,18446744073709551030,18446744073709550055,18446744073709551307,6,1,1,12268545190071650819,3,0,9,13215784613515586836,0,4,1,0
PAWN_AUDIT_RESULT,1770,4,4,-342,0,0,-342,0,0,0,0,0
PAWN_AUDIT_ENTRY,1771,17333708247359430747,1762633106325481092,8882043341067014617,9145484341005756436,53055,18446744073709551333,18446744073709551334,18446744073709551331,10,9,3,5,18446744073709544403,18446744073709550278,9,0,0,0,0,0,0,0,0,18446744073709551296,18446744073709551296,4981898,10,3441,0,0,0,14,18446744073709547945,1351,18446744073709551030,18446744073709551307,6,1,1,12268545190071650819,3,0,9,13215784613515586836,0,4,1,0
PAWN_AUDIT_RESULT,1771,3,3,-309,0,0,-309,0,0,0,0,0
PAWN_AUDIT_ENTRY,1772,1762633106325481092,5858436154723315498,8882043341067014617,9219945269521450379,2527,18446744073709551333,18446744073709551334,18446744073709551331,10,9,2,6,18446744073709535533,18446744073709550278,9,0,0,0,0,0,0,0,0,18446744073709551296,18446744073709551296,4981898,10,3442,0,0,0,9,18446744073709545960,18446744073709549341,18446744073709550545,18446744073709551307,6,1,1,12268545190071650819,3,0,9,13215784613515586836,0,0,1,0
PAWN_AUDIT_RESULT,1772,2,2,-362,0,0,-362,0,0,0,0,0
PAWN_AUDIT_ENTRY,1775,1284739665075913514,13260271181656577140,8882043341067014617,9476966508475712114,3234,18446744073709551333,18446744073709551334,18446744073709551331,10,9,2,9,18446744073709543543,18446744073709549508,9,0,0,0,0,0,0,0,0,18446744073709551296,18446744073709551296,4981898,10,3445,0,0,0,9,18446744073709549182,18446744073709551030,18446744073709549671,18446744073709551307,6,1,1,12268545190071650819,3,0,9,13215784613515586836,0,0,1,0
PAWN_AUDIT_RESULT,1775,2,2,-311,0,0,-311,0,0,0,0,0
PAWN_AUDIT_ENTRY,1776,13260271181656577140,9285389942858910332,8882043341067014617,13970288475421702452,3242,18446744073709551333,18446744073709551334,18446744073709551331,10,9,1,10,18446744073709537740,18446744073709550278,9,0,0,0,0,0,0,0,0,18446744073709551296,18446744073709551296,4981898,10,3446,0,0,0,9,18446744073709546244,18446744073709551030,18446744073709550288,18446744073709551307,6,1,1,12268545190071650819,3,0,9,13215784613515586836,0,0,1,0
PAWN_AUDIT_RESULT,1776,1,1,-408,0,0,-408,0,0,0,0,0
PAWN_AUDIT_ENTRY,1777,9285389942858910332,1150756464478369994,8882043341067014617,8024998101584393190,4093,18446744073709551333,18446744073709551334,18446744073709551331,10,9,1,11,18446744073709537068,18446744073709550278,9,0,0,0,0,0,0,0,0,18446744073709551296,18446744073709551296,4981898,10,3447,0,0,0,12,18446744073709545578,18446744073709551030,18446744073709551030,18446744073709551307,6,1,1,12268545190071650819,3,0,9,13215784613515586836,0,4,1,0
PAWN_AUDIT_RESULT,1777,1,1,-464,0,0,-464,0,0,0,0,0
PAWN_AUDIT_ENTRY,1778,1150756464478369994,1291689343363494480,8882043341067014617,10839753520469680462,3371,18446744073709551333,18446744073709551334,18446744073709551331,10,9,1,12,18446744073709536505,18446744073709550278,9,0,0,0,0,0,0,0,0,18446744073709551296,18446744073709551296,4981898,10,3448,0,0,0,11,18446744073709545322,18446744073709551030,18446744073709551030,18446744073709551307,6,1,1,12268545190071650819,3,0,9,13215784613515586836,0,4,1,0
PAWN_AUDIT_RESULT,1778,1,1,-367,0,0,-367,0,0,0,0,0
PAWN_AUDIT_ENTRY,1779,1291689343363494480,9614244055706947056,8882043341067014617,17727596129483829914,4094,18446744073709551333,18446744073709551334,18446744073709551331,10,9,1,14,18446744073709537033,18446744073709550278,9,0,0,0,0,0,0,0,0,18446744073709551296,18446744073709551296,4981898,10,3449,0,0,0,12,18446744073709545562,18446744073709551030,18446744073709551030,18446744073709551307,6,1,1,12268545190071650819,3,0,9,13215784613515586836,0,4,1,0
PAWN_AUDIT_RESULT,1779,1,1,-459,0,0,-459,0,0,0,0,0
PAWN_AUDIT_ENTRY,1780,9614244055706947056,7949595318994487850,8882043341067014617,4429596318415833166,3297,18446744073709551333,18446744073709551334,18446744073709551331,10,9,2,15,18446744073709540965,18446744073709548367,9,0,0,0,0,0,0,0,0,18446744073709551296,18446744073709551296,4981898,10,3450,0,0,0,11,18446744073709547750,18446744073709551030,18446744073709550206,18446744073709551307,6,1,1,12268545190071650819,3,0,9,13215784613515586836,0,4,1,0
PAWN_AUDIT_RESULT,1780,2,2,-309,0,0,-309,0,0,0,0,0
PAWN_AUDIT_ENTRY,1781,7949595318994487850,4257715485737825457,8882043341067014617,132688721027244172,3833,18446744073709551333,18446744073709551334,18446744073709551331,10,9,1,16,18446744073709536157,18446744073709550278,9,0,0,0,0,0,0,0,0,18446744073709551296,18446744073709551296,4981898,10,3451,0,0,0,13,18446744073709545164,18446744073709551030,18446744073709551030,18446744073709551307,6,1,1,12268545190071650819,3,0,9,13215784613515586836,0,4,1,0
PAWN_AUDIT_RESULT,1781,1,1,-468,0,0,-468,0,0,0,0,0
PAWN_AUDIT_ENTRY,1782,4257715485737825457,13174307403266113574,8882043341067014617,5471920905241955822,3632,18446744073709551333,18446744073709551334,18446744073709551331,10,9,1,17,18446744073709538761,18446744073709548874,9,0,0,0,0,0,0,0,0,18446744073709551296,18446744073709551296,4981898,10,3452,0,0,0,12,18446744073709546348,18446744073709551030,18446744073709551030,18446744073709551307,6,1,1,12268545190071650819,3,0,9,13215784613515586836,0,4,1,0
PAWN_AUDIT_RESULT,1782,1,1,-455,0,0,-455,0,0,0,0,0
PAWN_AUDIT_ENTRY,1783,13174307403266113574,8696176619550038774,8882043341067014617,9643969574503963228,3177,18446744073709551333,18446744073709551334,18446744073709551331,10,9,1,19,18446744073709535434,18446744073709550278,9,0,0,0,0,0,0,0,0,18446744073709551296,18446744073709551296,4981898,10,3453,0,0,0,9,18446744073709544835,18446744073709551030,18446744073709551030,18446744073709551307,6,1,1,12268545190071650819,3,0,9,13215784613515586836,0,0,1,0
PAWN_AUDIT_RESULT,1783,1,1,-432,0,0,-432,0,0,0,0,0
PAWN_AUDIT_ENTRY,1784,8696176619550038774,18240125732376313420,8882043341067014617,6940276362518473897,2592,18446744073709551333,18446744073709551334,18446744073709551331,10,9,1,20,18446744073709536193,18446744073709550278,9,0,0,0,0,0,0,0,0,18446744073709551296,18446744073709551296,4981898,10,3454,0,0,0,9,18446744073709545351,18446744073709551030,18446744073709550678,18446744073709551307,6,1,1,12268545190071650819,3,0,9,13215784613515586836,0,0,1,0
PAWN_AUDIT_RESULT,1784,1,1,-385,0,0,-385,0,0,0,0,0
PAWN_AUDIT_ENTRY,1785,18240125732376313420,6587126006824396154,8882043341067014617,4161297729248504254,3834,18446744073709551333,18446744073709551334,18446744073709551331,10,9,1,21,18446744073709535805,18446744073709550278,9,0,0,0,0,0,0,0,0,18446744073709551296,18446744073709551296,4981898,10,3455,0,0,0,13,18446744073709545004,18446744073709551030,18446744073709551030,18446744073709551307,6,1,1,12268545190071650819,3,0,9,13215784613515586836,0,4,1,0
PAWN_AUDIT_RESULT,1785,1,1,-389,0,0,-389,0,0,0,0,0
PAWN_AUDIT_ENTRY,1786,6587126006824396154,7361851178237208272,8882043341067014617,14037798792129627021,3389,18446744073709551333,18446744073709551334,18446744073709551331,10,9,1,22,18446744073709535819,18446744073709550278,9,0,0,0,0,0,0,0,0,18446744073709551296,18446744073709551296,4981898,10,3456,0,0,0,11,18446744073709545010,18446744073709551030,18446744073709551030,18446744073709551307,6,1,1,12268545190071650819,3,0,9,13215784613515586836,0,4,1,0
PAWN_AUDIT_RESULT,1786,1,1,-468,0,0,-468,0,0,0,0,0
PAWN_AUDIT_ENTRY,1787,7361851178237208272,2823550920642596266,8882043341067014617,13307289415122118966,3502,18446744073709551333,18446744073709551334,18446744073709551331,10,9,1,23,18446744073709535322,18446744073709550278,9,0,0,0,0,0,0,0,0,18446744073709551296,18446744073709551296,4981898,10,3457,0,0,0,9,18446744073709544784,18446744073709551030,18446744073709551030,18446744073709551307,6,1,1,12268545190071650819,3,0,9,13215784613515586836,0,0,1,0
PAWN_AUDIT_RESULT,1787,1,1,-440,0,0,-440,0,0,0,0,0
PAWN_AUDIT_ENTRY,1788,2823550920642596266,8069750151551824518,8882043341067014617,13394322791693762268,2910,18446744073709551333,18446744073709551334,18446744073709551331,10,9,1,24,18446744073709536519,18446744073709549962,9,0,0,0,0,0,0,0,0,18446744073709551296,18446744073709551296,4981898,10,3458,0,0,0,10,18446744073709545616,18446744073709550455,18446744073709551030,18446744073709551307,6,1,1,12268545190071650819,3,0,9,13215784613515586836,0,4,1,0
PAWN_AUDIT_RESULT,1788,1,1,-359,0,0,-359,0,0,0,0,0
PAWN_AUDIT_ENTRY,1789,8069750151551824518,7755198391161024681,8882043341067014617,4741691510448802069,3169,18446744073709551333,18446744073709551334,18446744073709551331,10,9,1,25,18446744073709536527,18446744073709550278,9,0,0,0,0,0,0,0,0,18446744073709551296,18446744073709551296,4981898,10,3459,0,0,0,9,18446744073709545332,18446744073709551030,18446744073709551030,18446744073709551307,6,1,1,12268545190071650819,3,0,9,13215784613515586836,0,0,1,0
PAWN_AUDIT_RESULT,1789,1,1,-412,0,0,-412,0,0,0,0,0
PAWN_AUDIT_ENTRY,1790,7755198391161024681,1061820969900098536,8882043341067014617,360502096950585229,1642,18446744073709551333,18446744073709551334,18446744073709551331,10,9,2,26,18446744073709539876,18446744073709548043,9,0,0,0,0,0,0,0,0,18446744073709551296,18446744073709551296,4981898,10,3460,0,0,0,10,18446744073709547146,18446744073709551030,18446744073709550430,18446744073709551307,6,1,1,12268545190071650819,3,0,9,13215784613515586836,0,4,1,0
PAWN_AUDIT_RESULT,1790,2,2,-467,0,0,-467,0,0,0,0,0
PAWN_AUDIT_ENTRY,1791,1061820969900098536,7328409919020747212,8882043341067014617,16534854359331761085,4079,18446744073709551333,18446744073709551334,18446744073709551331,10,9,1,27,18446744073709538297,18446744073709548874,9,0,0,0,0,0,0,0,0,18446744073709551296,18446744073709551296,4981898,10,3461,0,0,0,12,18446744073709546137,18446744073709551030,18446744073709551030,18446744073709551307,6,1,1,12268545190071650819,3,0,9,13215784613515586836,0,4,1,0
PAWN_AUDIT_RESULT,1791,1,1,-570,0,0,-570,0,0,0,0,0
PAWN_AUDIT_ENTRY,1792,7328409919020747212,3584698806967959965,8882043341067014617,2759661480863273635,3641,18446744073709551333,18446744073709551334,18446744073709551331,10,9,1,28,18446744073709536267,18446744073709548874,9,0,0,0,0,0,0,0,0,18446744073709551296,18446744073709551296,4981898,10,3462,0,0,0,12,18446744073709545214,18446744073709551030,18446744073709551030,18446744073709551307,6,1,1,12268545190071650819,3,0,9,13215784613515586836,0,4,1,0
PAWN_AUDIT_RESULT,1792,1,1,-409,0,0,-409,0,0,0,0,0
PAWN_AUDIT_ENTRY,1793,3584698806967959965,10577441922178625713,8882043341067014617,5366685230975865993,3901,18446744073709551333,18446744073709551334,18446744073709551331,10,9,1,29,18446744073709536236,18446744073709548874,9,0,0,0,0,0,0,0,0,18446744073709551296,18446744073709551296,4981898,10,3463,0,0,0,14,18446744073709545200,18446744073709551030,18446744073709551030,18446744073709551307,6,1,1,12268545190071650819,3,0,9,13215784613515586836,0,4,1,0
PAWN_AUDIT_RESULT,1793,1,1,-384,0,0,-384,0,0,0,0,0
PAWN_AUDIT_ENTRY,1794,10577441922178625713,3263329190634925159,8882043341067014617,15693179305725983147,2942,18446744073709551333,18446744073709551334,18446744073709551331,10,9,1,30,18446744073709536939,18446744073709548874,9,0,0,0,0,0,0,0,0,18446744073709551296,18446744073709551296,4981898,10,3464,0,0,0,10,18446744073709545774,18446744073709550521,18446744073709551030,18446744073709551307,6,1,1,12268545190071650819,3,0,9,13215784613515586836,0,4,1,0
PAWN_AUDIT_RESULT,1794,1,1,-445,0,0,-445,0,0,0,0,0
PAWN_AUDIT_ENTRY,1795,3263329190634925159,13531227660477303983,8882043341067014617,15479817957311098673,2915,18446744073709551333,18446744073709551334,18446744073709551331,10,9,2,31,18446744073709540510,18446744073709546522,9,0,0,0,0,0,0,0,0,18446744073709551296,18446744073709551296,4981898,10,3465,0,0,0,10,18446744073709546820,18446744073709551312,18446744073709551405,18446744073709551307,6,1,1,12268545190071650819,3,0,9,13215784613515586836,0,4,1,0
PAWN_AUDIT_RESULT,1795,2,2,-452,0,0,-452,0,0,0,0,0
PAWN_AUDIT_ENTRY,1796,13531227660477303983,5489663587193456297,8882043341067014617,6672082517542238765,3322,18446744073709551333,18446744073709551334,18446744073709551331,10,9,1,32,18446744073709535825,18446744073709548874,9,0,0,0,0,0,0,0,0,18446744073709551296,18446744073709551296,4981898,10,3466,0,0,0,11,18446744073709545013,18446744073709551030,18446744073709551030,18446744073709551307,6,1,1,12268545190071650819,3,0,9,13215784613515586836,0,4,1,0
PAWN_AUDIT_RESULT,1796,1,1,-413,0,0,-413,0,0,0,0,0
PAWN_AUDIT_ENTRY,1797,5489663587193456297,18319657575496832229,8882043341067014617,14709809423814649153,1635,18446744073709551333,18446744073709551334,18446744073709551331,10,9,2,33,18446744073709540166,18446744073709545887,9,0,0,0,0,0,0,0,0,18446744073709551296,18446744073709551296,4981898,10,3467,0,0,0,10,18446744073709546664,18446744073709551312,18446744073709551405,18446744073709551307,6,1,1,12268545190071650819,3,0,9,13215784613515586836,0,4,1,0
PAWN_AUDIT_RESULT,1797,2,2,-577,0,0,-577,0,0,0,0,0
PAWN_AUDIT_ENTRY,1798,18319657575496832229,15154860599347728711,8882043341067014617,17989534235523351151,3642,18446744073709551333,18446744073709551334,18446744073709551331,10,9,1,34,18446744073709535882,18446744073709548874,9,0,0,0,0,0,0,0,0,18446744073709551296,18446744073709551296,4981898,10,3468,0,0,0,12,18446744073709545039,18446744073709551030,18446744073709551030,18446744073709551307,6,1,1,12268545190071650819,3,0,9,13215784613515586836,0,4,1,0
PAWN_AUDIT_RESULT,1798,1,1,-389,0,0,-389,0,0,0,0,0
PAWN_AUDIT_ENTRY,1799,15154860599347728711,10120364198776927803,14493850198524222272,14813737707031760658,2527,18446744073709551333,18446744073709551334,18446744073709551332,12,11,8,2,18446744073709547813,18446744073709550278,7,0,0,0,0,0,0,0,0,18446744073709551232,18446744073709551232,3407231,10,3469,0,0,0,9,18446744073709545665,9344,18446744073709550688,18446744073709551300,8,1,1,12268545190071650819,1,0,7,11227515541474513683,0,0,1,0
PAWN_AUDIT_RESULT,1799,8,8,-353,0,0,-353,0,4,4,0,0
PAWN_AUDIT_ENTRY,1802,5075583061345682629,18352534491653849264,14493850198524222272,7109040628803585937,2908,18446744073709551333,18446744073709551334,18446744073709551332,12,11,6,3,18446744073709545104,18446744073709550278,7,0,0,0,0,0,0,0,0,18446744073709551232,18446744073709551232,3407231,10,3474,0,0,0,10,18446744073709548721,18446744073709550460,1054,18446744073709551300,8,1,1,12268545190071650819,1,0,7,11227515541474513683,0,2,1,0
PAWN_AUDIT_RESULT,1802,6,6,-392,0,0,-392,0,0,0,0,0
PAWN_AUDIT_ENTRY,1803,18352534491653849264,11269087198085531848,14493850198524222272,14739275695111086733,53055,18446744073709551333,18446744073709551334,18446744073709551332,12,11,5,4,18446744073709542688,18446744073709550278,7,0,0,0,0,0,0,0,0,18446744073709551232,18446744073709551232,3407231,10,3475,0,0,0,14,18446744073709548327,18446744073709551443,18446744073709550206,18446744073709551300,8,1,1,12268545190071650819,1,0,7,11227515541474513683,0,2,1,0
PAWN_AUDIT_RESULT,1803,5,5,-347,0,0,-347,0,0,0,0,0
PAWN_AUDIT_ENTRY,1805,3998353676233862130,3254688656863083650,14493850198524222272,15940950390522100095,4093,18446744073709551333,18446744073709551334,18446744073709551332,12,11,3,7,18446744073709535639,18446744073709548874,7,0,0,0,0,0,0,0,0,18446744073709551232,18446744073709551232,3407231,10,3477,0,0,0,12,18446744073709545351,18446744073709550905,18446744073709550288,18446744073709551300,8,1,1,12268545190071650819,1,0,7,11227515541474513683,0,2,1,0
PAWN_AUDIT_RESULT,1805,3,3,-433,0,0,-433,0,0,0,0,0
PAWN_AUDIT_ENTRY,1806,3254688656863083650,12471703802640683226,14493850198524222272,2596798866540735447,3371,18446744073709551333,18446744073709551334,18446744073709551332,12,11,3,9,18446744073709535622,18446744073709548874,7,0,0,0,0,0,0,0,0,18446744073709551232,18446744073709551232,3407231,10,3478,0,0,0,11,18446744073709545146,18446744073709550579,18446744073709551030,18446744073709551300,8,1,1,12268545190071650819,1,0,7,11227515541474513683,0,2,1,0
PAWN_AUDIT_RESULT,1806,3,3,-369,0,0,-369,0,0,0,0,0
PAWN_AUDIT_ENTRY,1807,12471703802640683226,6827898209513842400,14493850198524222272,4927560779551979523,4094,18446744073709551333,18446744073709551334,18446744073709551332,12,11,3,10,18446744073709535391,18446744073709548874,7,0,0,0,0,0,0,0,0,18446744073709551232,18446744073709551232,3407231,10,3479,0,0,0,12,18446744073709545338,18446744073709550875,18446744073709550113,18446744073709551300,8,1,1,12268545190071650819,1,0,7,11227515541474513683,0,2,1,0
PAWN_AUDIT_RESULT,1807,3,3,-417,0,0,-417,0,0,0,0,0
PAWN_AUDIT_ENTRY,1808,6827898209513842400,13835919083831334051,14493850198524222272,12947922711457901077,3833,18446744073709551333,18446744073709551334,18446744073709551332,12,11,3,11,18446744073709535454,18446744073709548874,7,0,0,0,0,0,0,0,0,18446744073709551232,18446744073709551232,3407231,10,3480,0,0,0,13,18446744073709545019,18446744073709550680,18446744073709551030,18446744073709551300,8,1,1,12268545190071650819,1,0,7,11227515541474513683,0,2,1,0
PAWN_AUDIT_RESULT,1808,3,3,-437,0,0,-437,0,0,0,0,0
PAWN_AUDIT_ENTRY,1809,13835919083831334051,8288792495689325535,14493850198524222272,17984860923412973431,3632,18446744073709551333,18446744073709551334,18446744073709551332,12,11,3,12,18446744073709537928,18446744073709547758,7,0,0,0,0,0,0,0,0,18446744073709551232,18446744073709551232,3407231,10,3481,0,0,0,12,18446744073709545969,18446744073709551030,18446744073709551030,18446744073709551300,8,1,1,12268545190071650819,1,0,7,11227515541474513683,0,2,1,0
PAWN_AUDIT_RESULT,1809,3,3,-472,0,0,-472,0,0,0,0,0
PAWN_AUDIT_ENTRY,1810,8288792495689325535,8008615151783303967,14493850198524222272,15147844419611960880,2592,18446744073709551333,18446744073709551334,18446744073709551332,12,11,3,13,18446744073709535539,18446744073709550278,7,0,0,0,0,0,0,0,0,18446744073709551232,18446744073709551232,3407231,10,3482,0,0,0,9,18446744073709545169,18446744073709550677,18446744073709550804,18446744073709551300,8,1,1,12268545190071650819,1,0,7,11227515541474513683,0,0,1,0
PAWN_AUDIT_RESULT,1810,3,3,-371,0,0,-371,0,0,0,0,0
PAWN_AUDIT_ENTRY,1811,8008615151783303967,14050482620903168547,14493850198524222272,4013102619086377157,3177,18446744073709551333,18446744073709551334,18446744073709551332,12,11,2,14,18446744073709535258,18446744073709550278,7,0,0,0,0,0,0,0,0,18446744073709551232,18446744073709551232,3407231,10,3483,0,0,0,9,18446744073709544755,18446744073709551030,18446744073709551030,18446744073709551300,8,1,1,12268545190071650819,1,0,7,11227515541474513683,0,0,1,0
PAWN_AUDIT_RESULT,1811,2,2,-410,0,0,-410,0,0,0,0,0
PAWN_AUDIT_ENTRY,1812,14050482620903168547,4704765531925504792,14493850198524222272,5070928563503790536,2736,18446744073709551333,18446744073709551334,18446744073709551332,12,11,3,15,18446744073709540925,18446744073709547758,7,0,0,0,0,0,0,0,0,18446744073709551232,18446744073709551232,3407231,10,3484,0,0,0,10,18446744073709547585,18446744073709550518,18446744073709551036,18446744073709551300,8,1,1,12268545190071650819,1,0,7,11227515541474513683,0,2,1,0
PAWN_AUDIT_RESULT,1812,3,3,-454,0,0,-454,0,0,0,0,0
PAWN_AUDIT_ENTRY,1813,4704765531925504792,9123855708517751921,14493850198524222272,830093029418054725,2910,18446744073709551333,18446744073709551334,18446744073709551332,12,11,3,16,18446744073709536676,18446744073709548727,7,0,0,0,0,0,0,0,0,18446744073709551232,18446744073709551232,3407231,10,3485,0,0,0,10,18446744073709545400,18446744073709551030,18446744073709551030,18446744073709551300,8,1,1,12268545190071650819,1,0,7,11227515541474513683,0,2,1,0
PAWN_AUDIT_RESULT,1813,3,3,-354,0,0,-354,0,0,0,0,0
PAWN_AUDIT_ENTRY,1814,9123855708517751921,16284928067328036659,14493850198524222272,10077018115965821735,3834,18446744073709551333,18446744073709551334,18446744073709551332,12,11,2,17,18446744073709534756,18446744073709548874,7,0,0,0,0,0,0,0,0,18446744073709551232,18446744073709551232,3407231,10,3486,0,0,0,13,18446744073709544891,18446744073709550302,18446744073709551030,18446744073709551300,8,1,1,12268545190071650819,1,0,7,11227515541474513683,0,2,1,0
PAWN_AUDIT_RESULT,1814,2,2,-407,0,0,-407,0,0,0,0,0
PAWN_AUDIT_ENTRY,1815,16284928067328036659,17390182293273482336,14493850198524222272,8122069351620004116,3389,18446744073709551333,18446744073709551334,18446744073709551332,12,11,2,18,18446744073709534560,18446744073709548874,7,0,0,0,0,0,0,0,0,18446744073709551232,18446744073709551232,3407231,10,3487,0,0,0,11,18446744073709544896,18446744073709550113,18446744073709551030,18446744073709551300,8,1,1,12268545190071650819,1,0,7,11227515541474513683,0,2,1,0
PAWN_AUDIT_RESULT,1815,2,2,-440,0,0,-440,0,0,0,0,0
PAWN_AUDIT_ENTRY,1816,17390182293273482336,17335764248645482053,14493850198524222272,777954631107339183,3502,18446744073709551333,18446744073709551334,18446744073709551332,12,11,2,19,18446744073709534895,18446744073709550278,7,0,0,0,0,0,0,0,0,18446744073709551232,18446744073709551232,3407231,10,3488,0,0,0,9,18446744073709544714,18446744073709550782,18446744073709551030,18446744073709551300,8,1,1,12268545190071650819,1,0,7,11227515541474513683,0,0,1,0
PAWN_AUDIT_RESULT,1816,2,2,-393,0,0,-393,0,0,0,0,0
PAWN_AUDIT_ENTRY,1817,17335764248645482053,6014874850977617895,14493850198524222272,17558123057483596684,3169,18446744073709551333,18446744073709551334,18446744073709551332,12,11,2,20,18446744073709534271,18446744073709550278,7,0,0,0,0,0,0,0,0,18446744073709551232,18446744073709551232,3407231,10,3489,0,0,0,9,18446744073709545154,18446744073709549981,18446744073709550364,18446744073709551300,8,1,1,12268545190071650819,1,0,7,11227515541474513683,0,0,1,0
PAWN_AUDIT_RESULT,1817,2,2,-398,0,0,-398,0,0,0,0,0
PAWN_AUDIT_ENTRY,1818,6014874850977617895,18325684918274431003,14493850198524222272,6273724036491469092,4079,18446744073709551333,18446744073709551334,18446744073709551332,12,11,2,21,18446744073709536426,18446744073709547758,7,0,0,0,0,0,0,0,0,18446744073709551232,18446744073709551232,3407231,10,3490,0,0,0,12,18446744073709545800,18446744073709550002,18446744073709551030,18446744073709551300,8,1,1,12268545190071650819,1,0,7,11227515541474513683,0,2,1,0
PAWN_AUDIT_RESULT,1818,2,2,-513,0,0,-513,0,0,0,0,0
PAWN_AUDIT_ENTRY,1819,18325684918274431003,3707948364760147532,14493850198524222272,7759275289940620082,2942,18446744073709551333,18446744073709551334,18446744073709551332,12,11,2,22,18446744073709536916,18446744073709547758,7,0,0,0,0,0,0,0,0,18446744073709551232,18446744073709551232,3407231,10,3491,0,0,0,10,18446744073709545509,18446744073709551030,18446744073709551030,18446744073709551300,8,1,1,12268545190071650819,1,0,7,11227515541474513683,0,2,1,0
PAWN_AUDIT_RESULT,1819,2,2,-390,0,0,-390,0,0,0,0,0
PAWN_AUDIT_ENTRY,1820,3707948364760147532,7389543043235740062,14493850198524222272,10763868618859194270,2720,18446744073709551333,18446744073709551334,18446744073709551332,12,11,2,25,18446744073709536615,18446744073709548874,7,0,0,0,0,0,0,0,0,18446744073709551232,18446744073709551232,3407231,10,3492,0,0,0,10,18446744073709545372,18446744073709551030,18446744073709551030,18446744073709551300,8,1,1,12268545190071650819,1,0,7,11227515541474513683,0,2,1,0
PAWN_AUDIT_RESULT,1820,2,2,-475,0,0,-475,0,0,0,0,0
PAWN_AUDIT_ENTRY,1821,7389543043235740062,12875271158829536116,14418586845058681535,2321199383445910959,3104,18446744073709551333,18446744073709551334,18446744073709551333,12,11,9,7,18446744073709535632,18446744073709550278,5,0,0,0,0,1,0,0,0,18446744073709551261,18446744073709551261,2002809,10,3493,0,0,0,9,18446744073709545081,18446744073709551030,18446744073709550709,18446744073709551349,13,1,1,6448796002632976483,2,0,5,11197480689422135903,0,0,1,0
PAWN_AUDIT_RESULT,1821,9,9,-355,0,0,-355,0,3,3,0,0
PAWN_AUDIT_ENTRY,1823,16967634250125793007,12656402442843101187,14418586845058681535,7316409173536027735,2915,18446744073709551333,18446744073709551334,18446744073709551333,12,11,8,8,18446744073709539572,18446744073709547758,5,0,0,0,0,1,0,0,0,18446744073709551261,18446744073709551261,2002809,10,3497,0,0,0,10,18446744073709546348,18446744073709551030,174,18446744073709551349,13,1,1,6448796002632976483,2,0,5,11197480689422135903,0,3,1,0
PAWN_AUDIT_RESULT,1823,8,8,-283,0,0,-283,0,2,2,0,0
PAWN_AUDIT_ENTRY,1824,12656402442843101187,6621883203042643414,14418586845058681535,3930521182511579450,3177,18446744073709551333,18446744073709551334,18446744073709551333,12,11,7,9,18446744073709535117,18446744073709550278,5,0,0,0,0,1,0,0,0,18446744073709551261,18446744073709551261,2002809,10,3500,0,0,0,9,18446744073709544691,18446744073709551030,18446744073709551030,18446744073709551349,13,1,1,6448796002632976483,2,0,5,11197480689422135903,0,0,1,0
PAWN_AUDIT_RESULT,1824,7,7,-452,0,0,-452,0,0,0,0,0
PAWN_AUDIT_ENTRY,1825,6621883203042643414,4998779026661462802,14418586845058681535,6209862885161726171,4079,18446744073709551333,18446744073709551334,18446744073709551333,12,11,7,10,18446744073709536960,18446744073709548874,5,0,0,0,0,1,0,0,0,18446744073709551261,18446744073709551261,2002809,10,3501,0,0,0,12,18446744073709545529,18446744073709551030,18446744073709551030,18446744073709551349,13,1,1,6448796002632976483,2,0,5,11197480689422135903,0,3,1,0
PAWN_AUDIT_RESULT,1825,7,7,-559,0,0,-559,0,0,0,0,0
PAWN_AUDIT_ENTRY,1826,4998779026661462802,14628667528889244624,14418586845058681535,2680993552692492840,3371,18446744073709551333,18446744073709551334,18446744073709551333,12,11,7,11,18446744073709535918,18446744073709549625,5,0,0,0,0,1,0,0,0,18446744073709551261,18446744073709551261,2002809,10,3502,0,0,0,11,18446744073709545055,18446744073709551030,18446744073709551030,18446744073709551349,13,1,1,6448796002632976483,2,0,5,11197480689422135903,0,3,1,0
PAWN_AUDIT_RESULT,1826,7,7,-283,0,0,-283,0,0,0,0,0
PAWN_AUDIT_ENTRY,1827,14628667528889244624,14953299970329225972,14418586845058681535,862081147538043472,3502,18446744073709551333,18446744073709551334,18446744073709551333,12,11,7,12,18446744073709534663,18446744073709550278,5,0,0,0,0,1,0,0,0,18446744073709551261,18446744073709551261,2002809,10,3503,0,0,0,9,18446744073709544658,18446744073709551030,18446744073709550673,18446744073709551349,13,1,1,6448796002632976483,2,0,5,11197480689422135903,0,0,1,0
PAWN_AUDIT_RESULT,1827,7,7,-401,0,0,-401,0,0,0,0,0
PAWN_AUDIT_ENTRY,1828,14953299970329225972,607191448303805941,14418586845058681535,14747481544228937453,2527,18446744073709551333,18446744073709551334,18446744073709551333,12,11,7,13,18446744073709535276,18446744073709549629,5,0,0,0,0,1,0,0,0,18446744073709551261,18446744073709551261,2002809,10,3504,0,0,0,9,18446744073709545653,18446744073709550681,18446744073709549556,18446744073709551349,13,1,1,6448796002632976483,2,0,5,11197480689422135903,0,0,1,0
PAWN_AUDIT_RESULT,1828,7,7,-355,0,0,-355,0,3,3,0,0
PAWN_AUDIT_ENTRY,1830,13622584791049271647,3129962388205250474,14418586845058681535,10939342821853988342,2935,18446744073709551333,18446744073709551334,18446744073709551333,12,11,6,14,18446744073709537167,18446744073709548761,5,0,0,0,0,1,0,0,0,18446744073709551261,18446744073709551261,2002809,10,3508,0,0,0,10,18446744073709546609,18446744073709551030,18446744073709548999,18446744073709551349,13,1,1,6448796002632976483,2,0,5,11197480689422135903,0,3,1,0
PAWN_AUDIT_RESULT,1830,6,6,-389,0,0,-389,0,0,0,0,0
PAWN_AUDIT_ENTRY,1857,1235448338271095473,17387568839740994828,3563763592928000114,8597166246767682021,3297,18446744073709551333,18446744073709551334,18446744073709551333,8,7,1,7,18446744073709542663,18446744073709548367,9,0,0,0,0,0,0,0,0,18446744073709551286,18446744073709551286,2294110,10,3574,0,0,1,11,18446744073709548122,18446744073709551030,18446744073709551030,18446744073709551331,4,1,1,12268545190071650819,0,0,9,7897114316349713917,0,1,1,0
PAWN_AUDIT_RESULT,1857,1,1,-329,0,0,-329,0,0,0,0,0
PAWN_AUDIT_ENTRY,1858,17387568839740994828,6454677643501903965,9994950358278095179,14817546822509328077,3288,18446744073709551333,18446744073709551334,18446744073709551333,7,6,4,2,18446744073709549015,7526,7,0,0,0,0,0,0,0,0,18446744073709551307,18446744073709551307,1982105,10,3575,0,0,0,11,18446744073709548757,18446744073709549959,5160,18446744073709551332,6,1,1,12268545190071650819,3,0,7,5085002876901883270,0,4,1,0
PAWN_AUDIT_RESULT,1858,4,4,-323,0,0,-323,0,0,0,0,0
PAWN_AUDIT_ENTRY,1861,12314934440684100099,17721351112115514301,9994950358278095179,10233790678562149657,2527,18446744073709551333,18446744073709551334,18446744073709551333,7,6,1,5,18446744073709534754,18446744073709550278,7,0,0,0,0,0,0,0,0,18446744073709551307,18446744073709551307,1982105,10,3579,0,0,0,9,18446744073709545606,18446744073709549341,18446744073709550545,18446744073709551332,6,1,1,12268545190071650819,3,0,7,5085002876901883270,0,0,1,0
PAWN_AUDIT_RESULT,1861,1,1,-331,0,0,-331,0,0,0,0,0
PAWN_AUDIT_ENTRY,1864,5284203389065329835,11820251546704064881,9994950358278095179,14740140124741687516,3297,18446744073709551333,18446744073709551334,18446744073709551333,7,6,1,11,18446744073709541484,18446744073709548367,7,0,0,0,0,0,0,0,0,18446744073709551307,18446744073709551307,1982105,10,3582,0,0,0,11,18446744073709547986,18446744073709551030,18446744073709550206,18446744073709551332,6,1,1,12268545190071650819,3,0,7,5085002876901883270,0,4,1,0
PAWN_AUDIT_RESULT,1864,1,1,-311,0,0,-311,0,0,0,0,0
PAWN_AUDIT_ENTRY,1865,11820251546704064881,5573022504382960896,9994950358278095179,3464963976855972262,3242,18446744073709551333,18446744073709551334,18446744073709551333,7,6,1,12,18446744073709536953,18446744073709550278,7,0,0,0,0,0,0,0,0,18446744073709551307,18446744073709551307,1982105,10,3583,0,0,0,9,18446744073709545886,18446744073709551030,18446744073709550288,18446744073709551332,6,1,1,12268545190071650819,3,0,7,5085002876901883270,0,0,1,0
PAWN_AUDIT_RESULT,1865,1,1,-416,0,0,-416,0,0,0,0,0
PAWN_AUDIT_ENTRY,1866,5573022504382960896,3392826228566621410,4094360091795049426,4351214789075672960,2527,18446744073709551333,18446744073709551334,18446744073709551333,12,11,7,3,18446744073709544756,18446744073709550278,5,0,0,0,0,1,0,0,0,18446744073709551293,18446744073709551293,237388,10,3584,0,0,0,9,18446744073709545514,7767,18446744073709549760,18446744073709551333,10,1,1,12268545190071650819,1,0,5,7648885538283062145,0,0,1,0
PAWN_AUDIT_RESULT,1866,7,7,-336,0,0,-336,0,7,7,0,0
PAWN_AUDIT_ENTRY,1871,5071035479126988382,9960228861994200241,4094360091795049426,5097332879575111810,3359,18446744073709551333,18446744073709551334,18446744073709551333,12,11,5,6,18446744073709537677,18446744073709550278,5,0,0,0,0,1,0,0,0,18446744073709551293,18446744073709551293,237388,10,3593,0,0,0,11,18446744073709545855,18446744073709551030,18446744073709551030,18446744073709551333,10,1,1,12268545190071650819,1,0,5,7648885538283062145,0,2,1,0
PAWN_AUDIT_RESULT,1871,5,5,-638,0,0,-638,0,0,0,0,0
PAWN_AUDIT_ENTRY,1872,9960228861994200241,17070203265495642040,4094360091795049426,14971539447003161066,4015,18446744073709551333,18446744073709551334,18446744073709551333,12,11,4,10,18446744073709536595,18446744073709549951,5,0,0,0,0,1,0,0,0,18446744073709551293,18446744073709551293,237388,10,3594,0,0,0,10,18446744073709545363,18446744073709551030,18446744073709551030,18446744073709551333,10,1,1,12268545190071650819,1,0,5,7648885538283062145,0,2,1,0
PAWN_AUDIT_RESULT,1872,4,4,-331,0,0,-331,0,0,0,0,0
PAWN_AUDIT_ENTRY,1873,17070203265495642040,2155779084781354903,4094360091795049426,2576513115573368482,2592,18446744073709551333,18446744073709551334,18446744073709551333,12,11,4,11,18446744073709535319,18446744073709550278,5,0,0,0,0,1,0,0,0,18446744073709551293,18446744073709551293,237388,10,3595,0,0,0,9,18446744073709545069,18446744073709550677,18446744073709550804,18446744073709551333,10,1,1,12268545190071650819,1,0,5,7648885538283062145,0,0,1,0
PAWN_AUDIT_RESULT,1873,4,4,-367,0,0,-367,0,0,0,0,0
PAWN_AUDIT_ENTRY,1874,2155779084781354903,10495470465478048892,4094360091795049426,10468701001749879773,3437,18446744073709551333,18446744073709551334,18446744073709551333,12,11,4,12,18446744073709535209,18446744073709550278,5,0,0,0,0,1,0,0,0,18446744073709551293,18446744073709551293,237388,10,3596,0,0,0,9,18446744073709544871,18446744073709550754,18446744073709551030,18446744073709551333,10,1,1,12268545190071650819,1,0,5,7648885538283062145,0,0,1,0
PAWN_AUDIT_RESULT,1874,4,4,-418,0,0,-418,0,0,0,0,0
PAWN_AUDIT_ENTRY,1875,10495470465478048892,1703828906719663802,4094360091795049426,14287404461380681815,3177,18446744073709551333,18446744073709551334,18446744073709551333,12,11,4,13,18446744073709535005,18446744073709550278,5,0,0,0,0,1,0,0,0,18446744073709551293,18446744073709551293,237388,10,3597,0,0,0,9,18446744073709544640,18446744073709551030,18446744073709551030,18446744073709551333,10,1,1,12268545190071650819,1,0,5,7648885538283062145,0,0,1,0
PAWN_AUDIT_RESULT,1875,4,4,-383,0,0,-383,0,0,0,0,0
PAWN_AUDIT_ENTRY,1876,1703828906719663802,4582079065939835877,4094360091795049426,18103820296690463549,3502,18446744073709551333,18446744073709551334,18446744073709551333,12,11,3,14,18446744073709534673,18446744073709550278,5,0,0,0,0,1,0,0,0,18446744073709551293,18446744073709551293,237388,10,3598,0,0,0,9,18446744073709544613,18446744073709550782,18446744073709551030,18446744073709551333,10,1,1,12268545190071650819,1,0,5,7648885538283062145,0,0,1,0
PAWN_AUDIT_RESULT,1876,3,3,-398,0,0,-398,0,0,0,0,0
PAWN_AUDIT_ENTRY,1877,4582079065939835877,798721567217227455,4094360091795049426,2677502232821432070,3429,18446744073709551333,18446744073709551334,18446744073709551333,12,11,4,15,18446744073709536593,18446744073709550278,5,0,0,0,0,1,0,0,0,18446744073709551293,18446744073709551293,237388,10,3599,0,0,0,9,18446744073709545647,18446744073709550705,18446744073709550778,18446744073709551333,10,1,1,12268545190071650819,1,0,5,7648885538283062145,0,0,1,0
PAWN_AUDIT_RESULT,1877,4,4,-360,0,0,-360,0,0,0,0,0
PAWN_AUDIT_ENTRY,1878,798721567217227455,3630805726454200022,4094360091795049426,170172367725646622,3169,18446744073709551333,18446744073709551334,18446744073709551333,12,11,3,16,18446744073709533956,18446744073709550278,5,0,0,0,0,1,0,0,0,18446744073709551293,18446744073709551293,237388,10,3600,0,0,0,9,18446744073709545011,18446744073709549981,18446744073709550364,18446744073709551333,10,1,1,12268545190071650819,1,0,5,7648885538283062145,0,0,1,0
PAWN_AUDIT_RESULT,1878,3,3,-406,0,0,-406,0,0,0,0,0
PAWN_AUDIT_ENTRY,1879,3630805726454200022,5677778405361709754,4094360091795049426,14069007455124971728,4087,18446744073709551333,18446744073709551334,18446744073709551333,12,11,4,17,18446744073709536318,18446744073709548874,5,0,0,0,0,1,0,0,0,18446744073709551293,18446744073709551293,237388,10,3601,0,0,0,12,18446744073709545237,18446744073709551030,18446744073709551030,18446744073709551333,10,1,1,12268545190071650819,1,0,5,7648885538283062145,0,2,1,0
PAWN_AUDIT_RESULT,1879,4,4,-599,0,0,-599,0,0,0,0,0
PAWN_AUDIT_ENTRY,1880,5677778405361709754,13601345604353837724,4094360091795049426,17279374799315831048,2745,18446744073709551333,18446744073709551334,18446744073709551333,12,11,3,18,18446744073709535418,18446744073709548874,5,0,0,0,0,1,0,0,0,18446744073709551293,18446744073709551293,237388,10,3602,0,0,0,10,18446744073709545027,18446744073709550632,18446744073709551030,18446744073709551333,10,1,1,12268545190071650819,1,0,5,7648885538283062145,0,2,1,0
PAWN_AUDIT_RESULT,1880,3,3,-426,0,0,-426,0,0,0,0,0
PAWN_AUDIT_ENTRY,1881,13601345604353837724,3273624938652505907,4094360091795049426,3132561777220972651,3353,18446744073709551333,18446744073709551334,18446744073709551333,12,11,3,19,18446744073709535149,18446744073709548874,5,0,0,0,0,1,0,0,0,18446744073709551293,18446744073709551293,237388,10,3603,0,0,0,11,18446744073709545029,18446744073709550383,18446744073709551030,18446744073709551333,10,1,1,12268545190071650819,1,0,5,7648885538283062145,0,2,1,0
PAWN_AUDIT_RESULT,1881,3,3,-477,0,0,-477,0,0,0,0,0
PAWN_AUDIT_ENTRY,1882,3273624938652505907,11182434527751749094,4094360091795049426,13234363587381586266,2736,18446744073709551333,18446744073709551334,18446744073709551333,12,11,4,20,18446744073709539555,18446744073709546870,5,0,0,0,0,1,0,0,0,18446744073709551293,18446744073709551293,237388,10,3604,0,0,0,10,18446744073709546962,18446744073709550518,18446744073709551036,18446744073709551333,10,1,1,12268545190071650819,1,0,5,7648885538283062145,0,2,1,0
PAWN_AUDIT_RESULT,1882,4,4,-446,0,0,-446,0,0,0,0,0
PAWN_AUDIT_ENTRY,1883,11182434527751749094,6497049008786247361,4094360091795049426,7248148066097411852,2720,18446744073709551333,18446744073709551334,18446744073709551333,12,11,3,21,18446744073709536206,18446744073709547758,5,0,0,0,0,1,0,0,0,18446744073709551293,18446744073709551293,237388,10,3605,0,0,0,10,18446744073709545186,18446744073709551030,18446744073709551030,18446744073709551333,10,1,1,12268545190071650819,1,0,5,7648885538283062145,0,2,1,0
PAWN_AUDIT_RESULT,1883,3,3,-424,0,0,-424,0,0,0,0,0
PAWN_AUDIT_ENTRY,1885,17818419619950539664,15546782064066815612,4174684497283897901,15114335106583373117,3104,18446744073709551333,18446744073709551334,18446744073709551333,11,10,8,7,18446744073709535832,18446744073709550278,3,0,0,0,0,1,0,4013,0,18446744073709551296,18446744073709551296,18446744073709231561,10,3607,0,0,1,9,18446744073709545016,18446744073709551030,18446744073709551030,18446744073709551349,12,1,1,6448796002632976483,0,0,3,4859957513967909394,0,0,1,0
PAWN_AUDIT_RESULT,1885,8,8,-283,0,0,-283,0,0,0,0,0
PAWN_AUDIT_ENTRY,1886,15546782064066815612,10966209383984508129,4174684497283897901,10409278587449821730,3437,18446744073709551333,18446744073709551334,18446744073709551333,11,10,8,8,18446744073709535322,18446744073709550278,3,0,0,0,0,1,0,4013,0,18446744073709551296,18446744073709551296,18446744073709231561,10,3608,0,0,1,9,18446744073709544784,18446744073709551030,18446744073709551030,18446744073709551349,12,1,1,6448796002632976483,0,0,3,4859957513967909394,0,0,1,0
PAWN_AUDIT_RESULT,1886,8,8,-412,0,0,-412,0,0,0,0,0
PAWN_AUDIT_ENTRY,1887,10966209383984508129,10510855549932397905,4174684497283897901,14373921050070634920,3177,18446744073709551333,18446744073709551334,18446744073709551333,11,10,7,10,18446744073709534915,18446744073709550278,3,0,0,0,0,1,0,4013,0,18446744073709551296,18446744073709551296,18446744073709231561,10,3609,0,0,1,9,18446744073709544599,18446744073709551030,18446744073709551030,18446744073709551349,12,1,1,6448796002632976483,0,0,3,4859957513967909394,0,0,1,0
PAWN_AUDIT_RESULT,1887,7,7,-442,0,0,-442,0,0,0,0,0
PAWN_AUDIT_ENTRY,1888,10510855549932397905,6255673125929426586,4174684497283897901,18014630529213194946,3502,18446744073709551333,18446744073709551334,18446744073709551333,11,10,7,11,18446744073709534866,18446744073709550278,3,0,0,0,0,1,0,4013,0,18446744073709551296,18446744073709551296,18446744073709231561,10,3610,0,0,1,9,18446744073709544577,18446744073709551030,18446744073709551030,18446744073709551349,12,1,1,6448796002632976483,0,0,3,4859957513967909394,0,0,1,0
PAWN_AUDIT_RESULT,1888,7,7,-455,0,0,-455,0,0,0,0,0
PAWN_AUDIT_ENTRY,1889,6255673125929426586,4831438908982535103,4174684497283897901,2599990653223431929,3429,18446744073709551333,18446744073709551334,18446744073709551333,11,10,7,14,18446744073709534640,18446744073709550278,3,0,0,0,0,1,0,4013,0,18446744073709551296,18446744073709551296,18446744073709231561,10,3611,0,0,1,9,18446744073709545425,18446744073709549959,18446744073709550174,18446744073709551349,12,1,1,6448796002632976483,0,0,3,4859957513967909394,0,0,1,0
PAWN_AUDIT_RESULT,1889,7,7,-402,0,0,-402,0,0,0,0,0
PAWN_AUDIT_ENTRY,1890,4831438908982535103,13639511767517761060,4174684497283897901,14913938914611441685,4015,18446744073709551333,18446744073709551334,18446744073709551333,11,10,7,16,18446744073709536481,18446744073709548874,3,0,0,0,0,1,0,4013,0,18446744073709551296,18446744073709551296,18446744073709231561,10,3612,0,0,1,10,18446744073709545311,18446744073709551030,18446744073709551030,18446744073709551349,12,1,1,6448796002632976483,0,0,3,4859957513967909394,0,1,1,0
PAWN_AUDIT_RESULT,1890,7,7,-362,0,0,-362,0,0,0,0,0
PAWN_AUDIT_ENTRY,1891,13639511767517761060,2875158698167793660,4174684497283897901,13979811081722196271,4087,18446744073709551333,18446744073709551334,18446744073709551333,11,10,7,17,18446744073709535968,18446744073709548874,3,0,0,0,0,1,0,4013,0,18446744073709551296,18446744073709551296,18446744073709231561,10,3613,0,0,1,12,18446744073709545078,18446744073709551030,18446744073709551030,18446744073709551349,12,1,1,6448796002632976483,0,0,3,4859957513967909394,0,1,1,0
PAWN_AUDIT_RESULT,1891,7,7,-631,0,0,-631,0,0,0,0,0
PAWN_AUDIT_ENTRY,1918,1025396153088994407,7033932578576167750,12166975054009011696,12423548297804634530,2527,18446744073709551333,18446744073709551334,18446744073709551333,7,6,4,4,18446744073709547836,18446744073709550278,5,0,0,0,0,1,1,1810,0,18446744073709551298,18446744073709551298,2024286,10,3680,0,0,0,9,18446744073709546560,7990,18446744073709550260,18446744073709551349,8,1,1,14806036804063960078,2,0,5,18027237823450039715,0,0,1,0
PAWN_AUDIT_RESULT,1918,4,4,-326,0,0,-326,0,0,0,0,0
PAWN_AUDIT_ENTRY,1920,4366253539426470256,3070899907737988683,12166975054009011696,12498005223410299965,53055,18446744073709551333,18446744073709551334,18446744073709551333,7,6,3,6,18446744073709540063,18446744073709550278,5,0,0,0,0,1,1,1810,0,18446744073709551298,18446744073709551298,2024286,10,3682,0,0,0,14,18446744073709547114,18446744073709551111,18446744073709550588,18446744073709551349,8,1,1,14806036804063960078,2,0,5,18027237823450039715,0,3,1,0
PAWN_AUDIT_RESULT,1920,3,3,-385,0,0,-385,0,0,0,0,0
PAWN_AUDIT_ENTRY,1923,18287865085161331128,12009649003327834194,12166975054009011696,8689241370897834819,1830,18446744073709551333,18446744073709551334,18446744073709551333,7,6,1,10,18446744073709542856,18446744073709548648,5,0,0,0,0,1,1,1810,0,18446744073709551298,18446744073709551298,2024286,10,3688,0,0,0,10,18446744073709548610,18446744073709551030,18446744073709550206,18446744073709551349,8,1,1,14806036804063960078,2,0,5,18027237823450039715,0,3,1,0
PAWN_AUDIT_RESULT,1923,1,1,-333,0,0,-333,0,0,0,0,0
PAWN_AUDIT_ENTRY,1928,12580514382643363578,9149714195790793991,5882123834216372594,1038297931554690619,2935,18446744073709551333,18446744073709551334,18446744073709551333,12,11,8,4,18446744073709534866,18446744073709550527,3,0,0,0,0,1,1,2908,0,18446744073709551302,18446744073709551302,8941547,10,3702,0,0,0,10,18446744073709546589,18446744073709548977,18446744073709548999,18446744073709551349,8,1,1,14806036804063960078,0,0,3,10450951340377651609,0,1,1,0
PAWN_AUDIT_RESULT,1928,8,8,-284,0,0,-284,0,35,35,0,0
PAWN_AUDIT_ENTRY,1944,5631792290297933907,5181596833086289966,5882123834216372594,17522244206749413632,2942,18446744073709551333,18446744073709551334,18446744073709551333,12,11,6,5,18446744073709534147,18446744073709549190,3,0,0,0,0,1,1,2908,0,18446744073709551302,18446744073709551302,8941547,10,3738,0,0,0,10,18446744073709545296,18446744073709550002,18446744073709549934,18446744073709551349,8,1,1,14806036804063960078,0,0,3,10450951340377651609,0,1,1,0
PAWN_AUDIT_RESULT,1944,6,6,-307,0,0,-307,0,3,3,0,0
PAWN_AUDIT_ENTRY,1946,16501608567621579127,9048010896478971878,5882123834216372594,10592724394024121975,2910,18446744073709551333,18446744073709551334,18446744073709551333,12,11,6,6,18446744073709533975,18446744073709548603,3,0,0,0,0,1,1,2908,0,18446744073709551302,18446744073709551302,8941547,10,3742,0,0,0,10,18446744073709545340,18446744073709549878,18446744073709549810,18446744073709551349,8,1,1,14806036804063960078,0,0,3,10450951340377651609,0,1,1,0
PAWN_AUDIT_RESULT,1946,6,6,-312,0,0,-312,0,4,4,0,0
PAWN_AUDIT_ENTRY,1949,1646197398181899168,12058169485121117186,5882123834216372594,6055532424030625983,53055,18446744073709551333,18446744073709551334,18446744073709551333,12,11,6,7,18446744073709540633,18446744073709550278,3,0,0,0,0,1,1,2908,0,18446744073709551302,18446744073709551302,8941547,10,3747,0,0,0,14,18446744073709546584,18446744073709551030,681,18446744073709551349,8,1,1,14806036804063960078,0,0,3,10450951340377651609,0,1,1,0
PAWN_AUDIT_RESULT,1949,6,6,-398,0,0,-398,0,0,0,0,0
PAWN_AUDIT_ENTRY,1952,6481701805514878554,14324074607517443822,5882123834216372594,4758773114401284811,3353,18446744073709551333,18446744073709551334,18446744073709551333,12,11,5,10,18446744073709535601,18446744073709550586,3,0,0,0,0,1,1,2908,0,18446744073709551302,18446744073709551302,8941547,10,3752,0,0,0,11,18446744073709544911,18446744073709551030,18446744073709551030,18446744073709551349,8,1,1,14806036804063960078,0,0,3,10450951340377651609,0,1,1,0
PAWN_AUDIT_RESULT,1952,5,5,-392,0,0,-392,0,0,0,0,0
PAWN_AUDIT_ENTRY,1953,14324074607517443822,9919886163763730579,5882123834216372594,15223698606224968388,3642,18446744073709551333,18446744073709551334,18446744073709551333,12,11,5,11,18446744073709535618,18446744073709549842,3,0,0,0,0,1,1,2908,0,18446744073709551302,18446744073709551302,8941547,10,3753,0,0,0,12,18446744073709544919,18446744073709551030,18446744073709551030,18446744073709551349,8,1,1,14806036804063960078,0,0,3,10450951340377651609,0,1,1,0
PAWN_AUDIT_RESULT,1953,5,5,-373,0,0,-373,0,0,0,0,0
PAWN_AUDIT_ENTRY,1954,9919886163763730579,12142820593467405797,5882123834216372594,13370644871885530722,3104,18446744073709551333,18446744073709551334,18446744073709551333,12,11,5,13,18446744073709535123,18446744073709550278,3,0,0,0,0,1,1,2908,0,18446744073709551302,18446744073709551302,8941547,10,3754,0,0,0,9,18446744073709544900,18446744073709550929,18446744073709550709,18446744073709551349,8,1,1,14806036804063960078,0,0,3,10450951340377651609,0,0,1,0
PAWN_AUDIT_RESULT,1954,5,5,-363,0,0,-363,0,0,0,0,0
PAWN_AUDIT_ENTRY,1955,12142820593467405797,1567405019415689980,5882123834216372594,12624882855152243447,3177,18446744073709551333,18446744073709551334,18446744073709551333,12,11,5,14,18446744073709534842,18446744073709550278,3,0,0,0,0,1,1,2908,0,18446744073709551302,18446744073709551302,8941547,10,3755,0,0,0,9,18446744073709544566,18446744073709551030,18446744073709551030,18446744073709551349,8,1,1,14806036804063960078,0,0,3,10450951340377651609,0,0,1,0
PAWN_AUDIT_RESULT,1955,5,5,-438,0,0,-438,0,0,0,0,0
PAWN_AUDIT_ENTRY,1956,1567405019415689980,17629865901048447053,5882123834216372594,10542405686385729949,3502,18446744073709551333,18446744073709551334,18446744073709551333,12,11,5,15,18446744073709534297,18446744073709550278,3,0,0,0,0,1,1,2908,0,18446744073709551302,18446744073709551302,8941547,10,3756,0,0,0,9,18446744073709544548,18446744073709550917,18446744073709550673,18446744073709551349,8,1,1,14806036804063960078,0,0,3,10450951340377651609,0,0,1,0
PAWN_AUDIT_RESULT,1956,5,5,-375,0,0,-375,0,0,0,0,0
PAWN_AUDIT_ENTRY,1957,17629865901048447053,461667108508476728,5882123834216372594,15917913419450563121,4094,18446744073709551333,18446744073709551334,18446744073709551333,12,11,5,16,18446744073709536146,18446744073709548929,3,0,0,0,0,1,1,2908,0,18446744073709551302,18446744073709551302,8941547,10,3757,0,0,0,12,18446744073709545159,18446744073709551030,18446744073709551030,18446744073709551349,8,1,1,14806036804063960078,0,0,3,10450951340377651609,0,1,1,0
PAWN_AUDIT_RESULT,1957,5,5,-412,0,0,-412,0,0,0,0,0
PAWN_AUDIT_ENTRY,1958,461667108508476728,16802000729458755077,5882123834216372594,5024995097903643469,4093,18446744073709551333,18446744073709551334,18446744073709551333,12,11,5,17,18446744073709536168,18446744073709548874,3,0,0,0,0,1,1,2908,0,18446744073709551302,18446744073709551302,8941547,10,3758,0,0,0,12,18446744073709545169,18446744073709551030,18446744073709551030,18446744073709551349,8,1,1,14806036804063960078,0,0,3,10450951340377651609,0,1,1,0
PAWN_AUDIT_RESULT,1958,5,5,-436,0,0,-436,0,0,0,0,0
PAWN_AUDIT_ENTRY,1959,16802000729458755077,13919175097702038612,5882123834216372594,6129689870171475232,2527,18446744073709551333,18446744073709551334,18446744073709551333,12,11,5,18,18446744073709537346,18446744073709550278,3,0,0,0,0,1,1,2908,0,18446744073709551302,18446744073709551302,8941547,10,3759,0,0,0,9,18446744073709546465,18446744073709550827,18446744073709549672,18446744073709551349,8,1,1,14806036804063960078,0,0,3,10450951340377651609,0,0,1,0
PAWN_AUDIT_RESULT,1959,5,5,-332,0,0,-332,0,0,0,0,0
PAWN_AUDIT_ENTRY,1960,13919175097702038612,16906425000825731225,5882123834216372594,913828666219174408,3641,18446744073709551333,18446744073709551334,18446744073709551333,12,11,5,19,18446744073709535926,18446744073709549331,3,0,0,0,0,1,1,2908,0,18446744073709551302,18446744073709551302,8941547,10,3760,0,0,0,12,18446744073709545059,18446744073709551030,18446744073709551030,18446744073709551349,8,1,1,14806036804063960078,0,0,3,10450951340377651609,0,1,1,0
PAWN_AUDIT_RESULT,1960,5,5,-384,0,0,-384,0,0,0,0,0
PAWN_AUDIT_ENTRY,1961,16906425000825731225,13011389108091402667,5882123834216372594,16731607682455456550,3389,18446744073709551333,18446744073709551334,18446744073709551333,12,11,5,20,18446744073709535366,18446744073709549277,3,0,0,0,0,1,1,2908,0,18446744073709551302,18446744073709551302,8941547,10,3761,0,0,0,11,18446744073709544804,18446744073709551030,18446744073709551030,18446744073709551349,8,1,1,14806036804063960078,0,0,3,10450951340377651609,0,1,1,0
PAWN_AUDIT_RESULT,1961,5,5,-426,0,0,-426,0,0,0,0,0
PAWN_AUDIT_ENTRY,1962,13011389108091402667,1740661126162087609,5882123834216372594,6960472527879134242,3901,18446744073709551333,18446744073709551334,18446744073709551333,12,11,5,21,18446744073709535902,18446744073709549027,3,0,0,0,0,1,1,2908,0,18446744073709551302,18446744073709551302,8941547,10,3762,0,0,0,14,18446744073709545048,18446744073709551030,18446744073709551030,18446744073709551349,8,1,1,14806036804063960078,0,0,3,10450951340377651609,0,1,1,0
PAWN_AUDIT_RESULT,1962,5,5,-386,0,0,-386,0,0,0,0,0
PAWN_AUDIT_ENTRY,1963,1740661126162087609,10418334595418312315,5882123834216372594,9709546862891441064,2745,18446744073709551333,18446744073709551334,18446744073709551333,12,11,5,22,18446744073709535596,18446744073709548983,3,0,0,0,0,1,1,2908,0,18446744073709551302,18446744073709551302,8941547,10,3763,0,0,0,10,18446744073709544909,18446744073709551030,18446744073709551030,18446744073709551349,8,1,1,14806036804063960078,0,0,3,10450951340377651609,0,1,1,0
PAWN_AUDIT_RESULT,1963,5,5,-359,0,0,-359,0,0,0,0,0
PAWN_AUDIT_ENTRY,1964,10418334595418312315,8229678071929607814,5882123834216372594,1001222960633226668,2720,18446744073709551333,18446744073709551334,18446744073709551333,12,11,5,23,18446744073709534591,18446744073709550453,3,0,0,0,0,1,1,2908,0,18446744073709551302,18446744073709551302,8941547,10,3764,0,0,0,10,18446744073709545037,18446744073709550383,18446744073709550491,18446744073709551349,8,1,1,14806036804063960078,0,0,3,10450951340377651609,0,1,1,0
PAWN_AUDIT_RESULT,1964,5,5,-337,0,0,-337,0,0,0,0,0
PAWN_AUDIT_ENTRY,1965,8229678071929607814,9466629871657163255,5882123834216372594,12271377717624205936,4087,18446744073709551333,18446744073709551334,18446744073709551333,12,11,5,26,18446744073709535687,18446744073709548874,3,0,0,0,0,1,1,2908,0,18446744073709551302,18446744073709551302,8941547,10,3765,0,0,0,12,18446744073709544950,18446744073709551030,18446744073709551030,18446744073709551349,8,1,1,14806036804063960078,0,0,3,10450951340377651609,0,1,1,0
PAWN_AUDIT_RESULT,1965,5,5,-568,0,0,-568,0,0,0,0,0
PAWN_AUDIT_ENTRY,2034,5037090960467439243,1405577275969913207,10450951340377651609,18132671661851740093,2124,287,288,285,6,5,2,4,18446744073709541203,5179,2,0,1,0,0,1,1,1828,0,288,288,18446744073701971114,10,3920,0,0,0,3,18446744073709548778,18446744073709547006,840,283,11,2,1,12476096914886272809,1,0,2,3711873112027468267,0,2,1,0
PAWN_AUDIT_RESULT,2034,2,2,-117,0,0,-117,0,0,0,0,0
PAWN_AUDIT_ENTRY,2036,16674953869061865141,11573964916094955568,10450951340377651609,15709018738125191625,1380,287,288,285,6,5,2,6,18446744073709545678,617,2,0,1,0,0,1,1,1828,0,288,288,18446744073701971114,10,3922,0,0,0,2,18446744073709550778,18446744073709550521,18446744073709548907,283,11,2,1,12476096914886272809,1,0,2,3711873112027468267,0,2,1,0
PAWN_AUDIT_RESULT,2036,2,2,268,0,0,268,0,0,0,0,0
PAWN_AUDIT_ENTRY,2037,11573964916094955568,10584296153222828459,10450951340377651609,4766911512836656505,528,287,288,285,6,5,2,7,18446744073709549322,18446744073709549655,2,0,1,0,0,1,1,1828,0,288,288,18446744073701971114,10,3923,0,0,0,1,18446744073709550270,3694,18446744073709548434,283,11,2,1,12476096914886272809,1,0,2,3711873112027468267,0,0,1,0
PAWN_AUDIT_RESULT,2037,2,2,140,0,0,140,0,0,0,0,0
PAWN_AUDIT_ENTRY,2114,324259220624393101,8767709441905085778,3813397950507197281,9365695874381913239,1763,262,263,166,7,6,4,8,18446744073709546190,18446744073709550278,6,0,0,0,0,1,0,0,0,158,221,18446744073700310906,11,4063,0,0,1,1,18446744073709549726,18446744073709551030,18446744073709551030,158,3,1,1,4566645401132409607,0,0,6,10868487815686773400,0,0,1,0
PAWN_AUDIT_RESULT,2114,4,4,147,0,0,147,0,0,0,0,0
PAWN_AUDIT_ENTRY,2115,8767709441905085778,7217297465034497011,3813397950507197281,15125589062774838613,666,262,263,166,7,6,3,9,18446744073709542916,18446744073709550278,6,0,0,0,0,1,0,0,0,158,221,18446744073700310906,11,4064,0,0,1,1,18446744073709548133,18446744073709551050,18446744073709551224,158,3,1,1,4566645401132409607,0,0,6,10868487815686773400,0,0,1,0
PAWN_AUDIT_RESULT,2115,3,3,91,0,0,91,0,0,0,0,0
PAWN_AUDIT_ENTRY,2121,1636706057015821840,15968925087735394249,13223006865506756005,12912108942597173751,2527,18446744073709551353,18446744073709551354,18446744073709551353,6,5,1,3,18446744073709542340,18446744073709548670,7,0,1,0,0,1,0,3112,0,18446744073709551347,18446744073709551344,18446744073708506470,11,4080,0,0,1,9,18446744073709548405,18446744073709550684,18446744073709550501,18446744073709551347,1,3,1,17204250065524632976,0,0,7,1616238280340394318,0,0,1,0
PAWN_AUDIT_RESULT,2121,1,1,-278,0,0,-278,0,0,0,0,0
PAWN_AUDIT_ENTRY,2125,10441821055388587943,9374084658466534310,12166975054009011696,12423548297804634530,2527,18446744073709551353,18446744073709551354,18446744073709551353,8,7,1,5,18446744073709551200,18446744073709550278,5,0,1,0,0,1,0,1810,0,18446744073709551347,18446744073709551312,3808352,11,4084,0,0,0,9,18446744073709548818,6171,18446744073709550633,18446744073709551347,1,3,1,14806036804063960078,2,0,5,18027237823450039715,0,0,1,0
PAWN_AUDIT_RESULT,2125,1,1,-313,0,0,-313,0,0,0,0,0
PAWN_AUDIT_ENTRY,2126,9374084658466534310,489910985668340893,12166975054009011696,8689241370897834819,1830,18446744073709551353,18446744073709551354,18446744073709551353,8,7,1,6,18446744073709542179,18446744073709550348,5,0,1,0,0,1,0,1810,0,18446744073709551347,18446744073709551312,3808352,11,4085,0,0,0,10,18446744073709548302,18446744073709551030,18446744073709550206,18446744073709551347,1,3,1,14806036804063960078,2,0,5,18027237823450039715,0,3,1,0
PAWN_AUDIT_RESULT,2126,1,1,-320,0,0,-320,0,0,0,0,0
PAWN_AUDIT_ENTRY,2129,1372609328792058319,901215969553127455,12166975054009011696,18091239978555987036,3112,18446744073709551353,18446744073709551354,18446744073709551353,8,7,1,13,18446744073709545991,18446744073709548932,5,0,1,0,0,1,0,1810,0,18446744073709551347,18446744073709551312,3808352,11,4088,0,0,0,9,1285,18446744073709546204,18446744073709549273,18446744073709551347,1,3,1,14806036804063960078,2,0,5,18027237823450039715,0,0,1,0
PAWN_AUDIT_RESULT,2129,1,1,-335,0,0,-335,0,0,0,0,0
PAWN_AUDIT_ENTRY,2197,14671892194674516377,15960125670403446844,11546219792344750316,473436241858848855,1221,262,263,18446744073709550884,8,7,4,2,18446744073709546641,18446744073709550049,8,0,0,0,0,0,0,0,0,202,202,18446744073708688652,11,4277,0,0,0,3,18446744073709549308,1138,18446744073709550538,244,1,1,1,8730853517444136283,4,0,8,16032797464832683704,0,5,1,0
PAWN_AUDIT_RESULT,2197,4,4,236,0,0,236,0,0,0,0,0
PAWN_AUDIT_ENTRY,2198,15960125670403446844,1052090604734269120,11546219792344750316,1053741874537296507,1271,262,263,236,8,7,3,3,18446744073709544364,18446744073709550278,8,0,0,0,0,0,0,0,1,202,202,18446744073708688652,11,4278,0,0,0,3,18446744073709549071,18446744073709551030,18446744073709550669,244,1,1,1,8730853517444136283,4,0,8,16032797464832683704,0,5,1,0
PAWN_AUDIT_RESULT,2198,3,3,-329,0,0,-329,0,1,1,0,0
PAWN_AUDIT_ENTRY,2199,1052090604734269120,11472838439999987941,11546219792344750316,17494289560380494015,1249,262,263,236,8,7,2,4,18446744073709541666,18446744073709550278,8,0,0,0,0,0,0,0,0,202,202,18446744073708688652,11,4280,0,0,0,3,18446744073709547798,18446744073709550772,18446744073709551030,244,1,1,1,8730853517444136283,4,0,8,16032797464832683704,0,5,1,0
PAWN_AUDIT_RESULT,2199,2,2,1,0,0,1,0,0,0,0,0
PAWN_AUDIT_ENTRY,2200,11472838439999987941,16564754747436702853,11546219792344750316,16948435363342915772,1380,262,263,236,8,7,2,5,18446744073709542751,18446744073709550278,8,0,0,0,0,0,0,0,0,202,202,18446744073708688652,11,4281,0,0,0,2,18446744073709549579,18446744073709549425,18446744073709549764,244,1,1,1,8730853517444136283,4,0,8,16032797464832683704,0,5,1,0
PAWN_AUDIT_RESULT,2200,2,2,219,0,0,219,0,0,0,0,0
PAWN_AUDIT_ENTRY,2204,12181071287022557123,2508374137855579657,11546219792344750316,13370007052572467684,292,262,263,236,8,7,1,8,18446744073709542063,18446744073709550278,8,0,0,0,0,0,0,0,0,202,202,18446744073708688652,11,4288,0,0,0,4,18446744073709548134,18446744073709550890,18446744073709550588,244,1,1,1,8730853517444136283,4,0,8,16032797464832683704,0,5,1,0
PAWN_AUDIT_RESULT,2204,1,1,182,0,0,182,0,0,0,0,0
PAWN_AUDIT_ENTRY,2205,2508374137855579657,17700835643003274427,10127375421174736619,15575490985622832591,2117,262,263,248,10,9,7,2,18446744073709551087,18446744073709550792,6,0,0,0,0,0,0,0,0,228,228,18446744073707882050,11,4289,0,0,0,3,76,18446744073709551030,18446744073709551567,248,5,1,1,8730853517444136283,2,0,6,9881944972457123622,0,3,1,0
PAWN_AUDIT_ENTRY,2206,17700835643003274427,3851299600943889960,15575490985622832591,872039663304046476,4031,18446744073709551353,18446744073709551354,18446744073709551327,6,5,1,2,18446744073709544714,1729,7,0,1,0,0,0,0,0,0,18446744073709551466,18446744073709551466,286237,11,4291,0,0,0,14,18446744073709549055,18446744073709551030,18446744073709551030,32002,18446744073709551614,0,1,8730853517444136283,3,0,7,10127375421174736619,0,4,1,0
PAWN_AUDIT_RESULT,2206,1,1,-303,0,0,-303,0,0,0,0,0
PAWN_AUDIT_ENTRY,2208,95026900780955624,13197640438093582986,15575490985622832591,10389843410787709618,4023,18446744073709551353,18446744073709551354,18446744073709551351,6,5,1,5,18446744073709550340,18446744073709550278,7,0,1,0,0,0,0,0,0,18446744073709551466,18446744073709551466,286237,11,4293,0,0,0,14,18446744073709551613,18446744073709551030,18446744073709551030,32002,18446744073709551614,0,1,8730853517444136283,3,0,7,10127375421174736619,0,4,1,0
PAWN_AUDIT_RESULT,2208,1,1,-393,0,0,-393,0,0,0,0,0
PAWN_AUDIT_ENTRY,2209,13197640438093582986,17117942154579703160,15575490985622832591,796531122108545296,3294,18446744073709551353,18446744073709551354,18446744073709551351,6,5,1,6,18446744073709549701,18446744073709548976,7,0,1,0,0,0,0,0,0,18446744073709551466,18446744073709551466,286237,11,4294,0,0,0,11,18446744073709551045,18446744073709551585,18446744073709551030,32002,18446744073709551614,0,1,8730853517444136283,3,0,7,10127375421174736619,0,4,1,0
PAWN_AUDIT_RESULT,2209,1,1,-261,1,4,-261,0,1,5,1,1
PAWN_AUDIT_RESULT,2205,7,7,261,0,0,261,0,10,10,0,0
PAWN_AUDIT_ENTRY,2216,11967719565343445661,8495559512111917145,10127375421174736619,14376391443702245051,1380,262,263,261,10,9,2,6,18446744073709545945,18446744073709550267,6,0,0,0,0,0,0,0,0,228,228,18446744073707882050,11,4309,0,0,0,2,18446744073709549571,18446744073709551030,18446744073709551120,248,5,1,1,8730853517444136283,2,0,6,9881944972457123622,0,3,1,0
PAWN_AUDIT_RESULT,2216,2,2,252,0,0,252,0,0,0,0,0
PAWN_AUDIT_ENTRY,2217,8495559512111917145,11496227665789115653,10127375421174736619,18176744363331974230,389,262,263,261,10,9,1,7,18446744073709540450,18446744073709550278,6,0,0,0,0,0,0,0,0,228,228,18446744073707882050,11,4310,0,0,0,6,18446744073709547439,18446744073709551030,18446744073709550364,248,5,1,1,8730853517444136283,2,0,6,9881944972457123622,0,3,1,0
PAWN_AUDIT_RESULT,2217,1,1,177,0,0,177,0,0,0,0,0
PAWN_AUDIT_ENTRY,2218,11496227665789115653,14940397032373274780,10127375421174736619,297862470206862607,268,262,263,261,10,9,1,8,18446744073709540261,18446744073709550278,6,0,0,0,0,0,0,0,0,228,228,18446744073707882050,11,4311,0,0,0,4,18446744073709547321,18446744073709551030,18446744073709550430,248,5,1,1,8730853517444136283,2,0,6,9881944972457123622,0,3,1,0
PAWN_AUDIT_RESULT,2218,1,1,187,0,0,187,0,0,0,0,0
PAWN_AUDIT_ENTRY,2219,14940397032373274780,14997737145631480828,10127375421174736619,6892176855485846027,528,262,263,261,10,9,1,9,18446744073709542113,18446744073709550278,6,0,0,0,0,0,0,0,0,228,228,18446744073707882050,11,4312,0,0,0,1,18446744073709546829,18446744073709551030,1563,248,5,1,1,8730853517444136283,2,0,6,9881944972457123622,0,0,1,0
PAWN_AUDIT_RESULT,2219,1,1,229,0,0,229,0,0,0,0,0
PAWN_AUDIT_ENTRY,2220,14997737145631480828,13091262236903873085,10127375421174736619,5616059613696104688,276,262,263,261,10,9,1,10,18446744073709539817,18446744073709550278,6,0,0,0,0,0,0,0,0,228,228,18446744073707882050,11,4313,0,0,0,4,18446744073709547188,18446744073709551030,18446744073709550288,248,5,1,1,8730853517444136283,2,0,6,9881944972457123622,0,3,1,0
PAWN_AUDIT_RESULT,2220,1,1,172,0,0,172,0,0,0,0,0
PAWN_AUDIT_ENTRY,2221,13091262236903873085,9745548817658816774,10127375421174736619,3406641198119567952,1382,262,263,261,10,9,1,11,18446744073709538695,18446744073709548961,6,0,0,0,0,0,0,0,0,228,228,18446744073707882050,11,4314,0,0,0,2,18446744073709545260,18446744073709551030,1594,248,5,1,1,8730853517444136283,2,0,6,9881944972457123622,0,3,1,0
PAWN_AUDIT_RESULT,2221,1,1,179,0,0,179,0,0,0,0,0
PAWN_AUDIT_ENTRY,2222,9745548817658816774,3939122704567617165,10127375421174736619,13322420920972981237,1164,262,263,261,10,9,1,12,18446744073709537851,18446744073709550278,6,0,0,0,0,0,0,0,0,228,228,18446744073707882050,11,4315,0,0,0,2,18446744073709545934,18446744073709551030,18446744073709551030,248,5,1,1,8730853517444136283,2,0,6,9881944972457123622,0,3,1,0
PAWN_AUDIT_RESULT,2222,1,1,218,0,0,218,0,0,0,0,0
PAWN_AUDIT_ENTRY,2223,3939122704567617165,13807430265726609968,10127375421174736619,14180733753404682625,204,262,263,261,10,9,1,13,18446744073709538018,18446744073709550278,6,0,0,0,0,0,0,0,0,228,228,18446744073707882050,11,4316,0,0,0,5,18446744073709546010,18446744073709551030,18446744073709551030,248,5,1,1,8730853517444136283,2,0,6,9881944972457123622,0,3,1,0
PAWN_AUDIT_RESULT,2223,1,1,214,0,0,214,0,0,0,0,0
PAWN_AUDIT_ENTRY,2224,13807430265726609968,11137690289338078738,10127375421174736619,4660969428880677414,261,262,263,261,10,9,1,14,18446744073709540205,18446744073709548874,6,0,0,0,0,0,0,0,0,228,228,18446744073707882050,11,4317,0,0,0,4,18446744073709547266,18446744073709551030,18446744073709550491,248,5,1,1,8730853517444136283,2,0,6,9881944972457123622,0,3,1,0
PAWN_AUDIT_RESULT,2224,1,1,175,0,0,175,0,0,0,0,0
PAWN_AUDIT_ENTRY,2225,11137690289338078738,15390967318370464284,10127375421174736619,16584125576995494095,2124,262,263,261,10,9,1,15,18446744073709540378,18446744073709550245,6,0,0,0,0,0,0,0,0,228,228,18446744073707882050,11,4318,0,0,0,3,18446744073709547083,18446744073709551030,18446744073709551030,248,5,1,1,8730853517444136283,2,0,6,9881944972457123622,0,3,1,0
PAWN_AUDIT_RESULT,2225,1,1,211,0,0,211,0,0,0,0,0
PAWN_AUDIT_ENTRY,2226,15390967318370464284,2493000128176194144,10127375421174736619,8530707810995024180,157,262,263,261,10,9,1,16,18446744073709536681,18446744073709550278,6,0,0,0,0,0,0,0,0,228,228,18446744073707882050,11,4319,0,0,0,3,18446744073709545402,18446744073709551030,18446744073709551030,248,5,1,1,8730853517444136283,2,0,6,9881944972457123622,0,3,1,0
PAWN_AUDIT_RESULT,2226,1,1,238,0,0,238,0,0,0,0,0
PAWN_AUDIT_ENTRY,2227,2493000128176194144,3004692946480435892,10127375421174736619,3361902889423717613,536,262,263,261,10,9,1,17,18446744073709536360,18446744073709550278,6,0,0,0,0,0,0,0,0,228,228,18446744073707882050,11,4320,0,0,0,1,18446744073709545256,18446744073709551030,18446744073709551030,248,5,1,1,8730853517444136283,2,0,6,9881944972457123622,0,0,1,0
PAWN_AUDIT_RESULT,2227,1,1,209,0,0,209,0,0,0,0,0
PAWN_AUDIT_ENTRY,2228,3004692946480435892,18117156999488352448,10127375421174736619,9746149463217593595,166,262,263,261,10,9,1,18,18446744073709536839,18446744073709550595,6,0,0,0,0,0,0,0,0,228,228,18446744073707882050,11,4321,0,0,0,3,18446744073709545474,18446744073709551030,18446744073709551030,248,5,1,1,8730853517444136283,2,0,6,9881944972457123622,0,3,1,0
PAWN_AUDIT_RESULT,2228,1,1,262,0,0,262,0,4,4,0,0
PAWN_AUDIT_ENTRY,2229,18117156999488352448,7930492650288112680,10127375421174736619,1183449348350307146,983,262,263,262,10,9,1,19,18446744073709536338,18446744073709550278,6,0,0,0,0,0,0,0,0,228,228,18446744073707882050,11,4326,0,0,0,1,18446744073709545246,18446744073709551030,18446744073709551030,248,5,1,1,8730853517444136283,2,0,6,9881944972457123622,0,0,1,0
PAWN_AUDIT_RESULT,2229,1,1,249,0,0,249,0,0,0,0,0
PAWN_AUDIT_ENTRY,2230,7930492650288112680,15216909764258757743,10127375421174736619,3187897007046578355,1176,262,263,262,10,9,1,20,18446744073709535344,18446744073709550278,6,0,0,0,0,0,0,0,0,228,228,18446744073707882050,11,4327,0,0,0,2,18446744073709544794,18446744073709551030,18446744073709551030,248,5,1,1,8730853517444136283,2,0,6,9881944972457123622,0,3,1,0
PAWN_AUDIT_RESULT,2230,1,1,185,0,0,185,0,0,0,0,0
PAWN_AUDIT_ENTRY,2231,15216909764258757743,8924404185551928642,10127375421174736619,3911662801938521533,391,262,263,262,10,9,1,21,18446744073709535234,18446744073709550278,6,0,0,0,0,0,0,0,0,228,228,18446744073707882050,11,4328,0,0,0,6,18446744073709544744,18446744073709551030,18446744073709551030,248,5,1,1,8730853517444136283,2,0,6,9881944972457123622,0,3,1,0
PAWN_AUDIT_RESULT,2231,1,1,182,0,0,182,0,0,0,0,0
PAWN_AUDIT_ENTRY,2232,8924404185551928642,16604483119670988689,10127375421174736619,5511985998026214192,211,262,263,262,10,9,1,22,18446744073709535229,18446744073709550278,6,0,0,0,0,0,0,0,0,228,228,18446744073707882050,11,4329,0,0,0,5,18446744073709544742,18446744073709551030,18446744073709551030,248,5,1,1,8730853517444136283,2,0,6,9881944972457123622,0,3,1,0
PAWN_AUDIT_RESULT,2232,1,1,198,0,0,198,0,0,0,0,0
PAWN_AUDIT_ENTRY,2233,16604483119670988689,12888781509758344249,10127375421174736619,5765052192760729089,991,262,263,262,10,9,1,23,18446744073709535069,18446744073709550278,6,0,0,0,0,0,0,0,0,228,228,18446744073707882050,11,4330,0,0,0,1,18446744073709544669,18446744073709551030,18446744073709551030,248,5,1,1,8730853517444136283,2,0,6,9881944972457123622,0,0,1,0
PAWN_AUDIT_RESULT,2233,1,1,181,0,0,181,0,0,0,0,0
PAWN_AUDIT_ENTRY,2234,12888781509758344249,10919959168440692782,10127375421174736619,12544496198902141170,139,262,263,262,10,9,1,24,18446744073709535489,18446744073709550278,6,0,0,0,0,0,0,0,0,228,228,18446744073707882050,11,4331,0,0,0,3,18446744073709544860,18446744073709551030,18446744073709551030,248,5,1,1,8730853517444136283,2,0,6,9881944972457123622,0,3,1,0
PAWN_AUDIT_RESULT,2234,1,1,205,0,0,205,0,0,0,0,0
PAWN_AUDIT_ENTRY,2235,10919959168440692782,13640857898244003681,10127375421174736619,16128300647027382209,1153,262,263,262,10,9,1,26,18446744073709534970,18446744073709550278,6,0,0,0,0,0,0,0,0,228,228,18446744073707882050,11,4332,0,0,0,2,18446744073709544624,18446744073709551030,18446744073709551030,248,5,1,1,8730853517444136283,2,0,6,9881944972457123622,0,3,1,0
PAWN_AUDIT_RESULT,2235,1,1,180,0,0,180,0,0,0,0,0
PAWN_AUDIT_ENTRY,2238,11321293008014675062,3601792891556300128,6319204902981627471,6663284992077386847,166,262,263,195,6,5,1,2,18446744073709542852,938,6,0,0,0,0,0,0,0,0,131,131,18446744073709251556,11,4339,0,0,1,3,18446744073709548208,18446744073709551030,18446744073709551030,223,2,1,1,8730853517444136283,0,0,6,12235154968394408462,0,1,1,0
PAWN_AUDIT_RESULT,2238,1,1,207,0,0,207,0,0,0,0,0
PAWN_AUDIT_ENTRY,2239,3601792891556300128,10289843332225176821,6319204902981627471,2070190112596192799,1380,262,263,207,6,5,2,3,18446744073709547960,18446744073709551296,6,0,0,0,0,0,0,0,0,131,131,18446744073709251556,11,4340,0,0,1,2,18446744073709550531,18446744073709551030,18446744073709551030,223,2,1,1,8730853517444136283,0,0,6,12235154968394408462,0,1,1,0
PAWN_AUDIT_RESULT,2239,2,2,202,0,0,202,0,0,0,0,0
PAWN_AUDIT_ENTRY,2242,10526116798780703328,8030594772388008092,4973950710908756971,10820251929000007435,528,262,263,262,9,8,3,6,18446744073709540488,18446744073709550278,4,0,0,0,0,1,0,0,0,228,228,18446744073705522984,11,4345,0,0,1,1,18446744073709546865,18446744073709550574,436,251,8,1,1,8730853517444136283,0,0,4,114655579483694980,0,0,1,0
PAWN_AUDIT_RESULT,2242,3,3,214,0,0,214,0,0,0,0,0
PAWN_AUDIT_ENTRY,2243,8030594772388008092,15742522134867295796,4973950710908756971,1013200244469834683,1380,262,263,262,9,8,3,7,18446744073709546100,18446744073709551593,4,0,0,0,0,1,0,0,0,228,228,18446744073705522984,11,4346,0,0,1,2,18446744073709550809,18446744073709549846,18446744073709549934,251,8,1,1,8730853517444136283,0,0,4,114655579483694980,0,1,1,0
PAWN_AUDIT_RESULT,2243,3,3,237,0,0,237,0,0,0,0,0
PAWN_AUDIT_ENTRY,2244,15742522134867295796,3323552103356657606,4973950710908756971,16657494808647238125,536,262,263,262,9,8,2,8,18446744073709536206,18446744073709550278,4,0,0,0,0,1,0,0,0,228,228,18446744073705522984,11,4347,0,0,1,1,18446744073709545186,18446744073709551030,18446744073709551030,251,8,1,1,8730853517444136283,0,0,4,114655579483694980,0,0,1,0
PAWN_AUDIT_RESULT,2244,2,2,201,0,0,201,0,0,0,0,0
PAWN_AUDIT_ENTRY,2245,3323552103356657606,6307656799055994988,4973950710908756971,5678450706622847483,166,262,263,262,9,8,2,28,18446744073709544171,1364,4,0,0,0,0,1,0,0,0,228,228,18446744073705522984,11,4348,0,0,1,3,18446744073709548808,18446744073709551030,18446744073709551030,251,8,1,1,8730853517444136283,0,0,4,114655579483694980,0,1,1,0
PAWN_AUDIT_RESULT,2245,2,2,240,0,0,240,0,0,0,0,0
PAWN_AUDIT_ENTRY,2275,8341596511042725722,13960481989296777337,13245845922683948120,13553688264869983816,166,262,263,262,8,7,5,8,18446744073709544964,18446744073709550278,6,0,0,0,0,1,0,0,0,209,209,18446744073707194577,11,4421,0,0,0,3,18446744073709549328,18446744073709550711,18446744073709551030,263,8,1,1,6448796002632976483,1,0,6,14524437881370163724,0,2,1,0
PAWN_AUDIT_RESULT,2275,5,5,201,0,0,201,0,0,0,0,0
PAWN_AUDIT_ENTRY,2276,13960481989296777337,15032590353380018135,13245845922683948120,18219922794157706248,1380,262,263,262,8,7,4,9,18446744073709544126,18446744073709548957,6,0,0,0,0,1,0,0,0,209,209,18446744073707194577,11,4422,0,0,0,2,18446744073709549865,18446744073709549430,18446744073709550458,263,8,1,1,6448796002632976483,1,0,6,14524437881370163724,0,2,1,0
PAWN_AUDIT_RESULT,2276,4,4,217,0,0,217,0,0,0,0,0
PAWN_AUDIT_ENTRY,2280,3984509139479848592,6264630497517489587,13245845922683948120,2510518441215968115,1835,262,263,262,8,7,5,32,18446744073709550340,18446744073709550278,6,0,0,0,0,1,0,0,1,209,209,18446744073707194577,11,4428,0,0,0,2,18446744073709551613,18446744073709551030,18446744073709551030,263,8,1,1,6448796002632976483,1,0,6,14524437881370163724,0,2,1,0
PAWN_AUDIT_RESULT,2280,5,5,-166,0,0,-166,0,0,0,0,0
PAWN_AUDIT_ENTRY,2283,12922654467460302496,13586261059864401121,12901783506990422579,4299212570962185241,1242,262,263,262,10,9,7,5,18446744073709550913,18446744073709548874,4,0,0,0,0,1,0,1180,0,18446744073709551353,18446744073709551353,1304787,11,4437,0,0,1,3,250,18446744073709551266,18446744073709550802,263,8,1,1,9016226107714328348,0,0,4,14122557049927430602,0,1,1,0
PAWN_AUDIT_RESULT,2283,7,7,-45,0,0,-45,0,0,0,0,0
PAWN_AUDIT_ENTRY,2289,9580985674571538761,13218463775310847579,13504658837961330383,1776485329080085108,2453,262,263,213,6,5,1,5,18446744073709550340,18446744073709550278,4,0,0,0,0,0,0,0,0,18446744073709551397,18446744073709551397,18446744073708003254,11,4449,0,0,1,2,18446744073709551613,18446744073709551030,18446744073709551030,32002,18446744073709551613,0,0,10306054629394671637,0,0,4,3658124150068649250,0,1,1,0
PAWN_AUDIT_RESULT,2289,1,1,34,0,0,34,0,0,0,0,0
PAWN_AUDIT_ENTRY,2295,1307015015795546894,10242563745776464975,13293174656339528066,13678211874853761103,53055,18446744073709551353,18446744073709551354,18446744073709551344,6,5,1,4,18446744073709544555,18446744073709550278,5,0,1,0,0,0,0,0,0,18446744073709551475,18446744073709551475,18446744073706666837,11,4476,0,0,1,14,18446744073709549045,18446744073709550905,18446744073709551030,32002,18446744073709551614,2,1,10306054629394671637,0,0,5,15313341231430751929,0,1,1,0
PAWN_AUDIT_RESULT,2295,1,1,-704,0,0,-704,0,0,0,0,0
PAWN_AUDIT_ENTRY,2297,10464412753316136500,8034805131153514606,13293174656339528066,13603791078521380304,2527,18446744073709551353,18446744073709551354,18446744073709551344,6,5,1,6,18446744073709540859,18446744073709550278,5,0,1,0,0,0,0,0,0,18446744073709551475,18446744073709551475,18446744073706666837,11,4478,0,0,1,9,18446744073709548045,18446744073709549544,18446744073709551030,32002,18446744073709551614,2,1,10306054629394671637,0,0,5,15313341231430751929,0,0,1,0
PAWN_AUDIT_RESULT,2297,1,1,-606,0,0,-606,0,0,0,0,0
PAWN_AUDIT_ENTRY,2298,8034805131153514606,17597741012281973135,13293174656339528066,16984180693838073902,3112,18446744073709551353,18446744073709551354,18446744073709551344,6,5,1,7,18446744073709545369,18446744073709550278,5,0,1,0,0,0,0,0,0,18446744073709551475,18446744073709551475,18446744073706666837,11,4479,0,0,1,9,18446744073709550308,18446744073709549119,18446744073709551030,32002,18446744073709551614,2,1,10306054629394671637,0,0,5,15313341231430751929,0,0,1,0
PAWN_AUDIT_RESULT,2298,1,1,-278,0,0,-278,0,0,0,0,0
PAWN_AUDIT_ENTRY,2299,17597741012281973135,16544816546893173246,13293174656339528066,11925715692454673750,3429,18446744073709551353,18446744073709551354,18446744073709551344,6,5,1,13,18446744073709536176,18446744073709550278,5,0,1,0,0,0,0,0,0,18446744073709551475,18446744073709551475,18446744073706666837,11,4480,0,0,1,9,18446744073709545708,18446744073709549959,18446744073709551030,32002,18446744073709551614,2,1,10306054629394671637,0,0,5,15313341231430751929,0,0,1,0
PAWN_AUDIT_RESULT,2299,1,1,-639,0,0,-639,0,0,0,0,0
PAWN_AUDIT_ENTRY,2300,16544816546893173246,5651472758376092773,13293174656339528066,14046422703871375575,3833,18446744073709551353,18446744073709551354,18446744073709551344,6,5,1,14,18446744073709535379,18446744073709550278,5,0,1,0,0,0,0,0,0,18446744073709551475,18446744073709551475,18446744073706666837,11,4481,0,0,1,13,18446744073709544810,18446744073709551030,18446744073709551030,32002,18446744073709551614,2,1,10306054629394671637,0,0,5,15313341231430751929,0,1,1,0
PAWN_AUDIT_RESULT,2300,1,1,-839,0,0,-839,0,0,0,0,0
PAWN_AUDIT_ENTRY,2301,5651472758376092773,13059162914101102393,13293174656339528066,11506260560832979574,3322,18446744073709551353,18446744073709551354,18446744073709551344,6,5,1,15,18446744073709535370,18446744073709550278,5,0,1,0,0,0,0,0,0,18446744073709551475,18446744073709551475,18446744073706666837,11,4482,0,0,1,11,18446744073709544806,18446744073709551030,18446744073709551030,32002,18446744073709551614,2,1,10306054629394671637,0,0,5,15313341231430751929,0,1,1,0
PAWN_AUDIT_RESULT,2301,1,1,-821,0,0,-821,0,0,0,0,0
PAWN_AUDIT_ENTRY,2302,13059162914101102393,4813136387329909020,13293174656339528066,8026658017114295128,2745,18446744073709551353,18446744073709551354,18446744073709551344,6,5,1,16,18446744073709535289,18446744073709550278,5,0,1,0,0,0,0,0,0,18446744073709551475,18446744073709551475,18446744073706666837,11,4483,0,0,1,10,18446744073709544769,18446744073709551030,18446744073709551030,32002,18446744073709551614,2,1,10306054629394671637,0,0,5,15313341231430751929,0,1,1,0
PAWN_AUDIT_RESULT,2302,1,1,-596,0,0,-596,0,0,0,0,0
PAWN_AUDIT_ENTRY,2303,4813136387329909020,1723422859865566021,13293174656339528066,4870615069725483648,4087,18446744073709551353,18446744073709551354,18446744073709551344,6,5,1,17,18446744073709535280,18446744073709550278,5,0,1,0,0,0,0,0,0,18446744073709551475,18446744073709551475,18446744073706666837,11,4484,0,0,1,12,18446744073709544765,18446744073709551030,18446744073709551030,32002,18446744073709551614,2,1,10306054629394671637,0,0,5,15313341231430751929,0,1,1,0
PAWN_AUDIT_RESULT,2303,1,1,-981,0,0,-981,0,0,0,0,0
PAWN_AUDIT_ENTRY,2304,1723422859865566021,16778732415836350083,13293174656339528066,4223855988092082740,3642,18446744073709551353,18446744073709551354,18446744073709551344,6,5,1,18,18446744073709535258,18446744073709550278,5,0,1,0,0,0,0,0,0,18446744073709551475,18446744073709551475,18446744073706666837,11,4485,0,0,1,12,18446744073709544755,18446744073709551030,18446744073709551030,32002,18446744073709551614,2,1,10306054629394671637,0,0,5,15313341231430751929,0,1,1,0
PAWN_AUDIT_RESULT,2304,1,1,-689,0,0,-689,0,0,0,0,0
PAWN_AUDIT_ENTRY,2305,16778732415836350083,12478327562291385034,13293174656339528066,12380915934629851707,3353,18446744073709551353,18446744073709551354,18446744073709551344,6,5,1,19,18446744073709535225,18446744073709550278,5,0,1,0,0,0,0,0,0,18446744073709551475,18446744073709551475,18446744073706666837,11,4486,0,0,1,11,18446744073709544740,18446744073709551030,18446744073709551030,32002,18446744073709551614,2,1,10306054629394671637,0,0,5,15313341231430751929,0,1,1,0
PAWN_AUDIT_RESULT,2305,1,1,-687,0,0,-687,0,0,0,0,0
PAWN_AUDIT_ENTRY,2306,12478327562291385034,14668202180082644704,13293174656339528066,18052233304878658021,3834,18446744073709551353,18446744073709551354,18446744073709551344,6,5,1,20,18446744073709535196,18446744073709550278,5,0,1,0,0,0,0,0,0,18446744073709551475,18446744073709551475,18446744073706666837,11,4487,0,0,1,13,18446744073709544727,18446744073709551030,18446744073709551030,32002,18446744073709551614,2,1,10306054629394671637,0,0,5,15313341231430751929,0,1,1,0
PAWN_AUDIT_RESULT,2306,1,1,-803,0,0,-803,0,0,0,0,0
PAWN_AUDIT_ENTRY,2307,14668202180082644704,1839307414424119029,13293174656339528066,16446681190041564508,2720,18446744073709551353,18446744073709551354,18446744073709551344,6,5,1,21,18446744073709535702,18446744073709550278,5,0,1,0,0,0,0,0,0,18446744073709551475,18446744073709551475,18446744073706666837,11,4488,0,0,1,10,18446744073709544957,18446744073709551030,18446744073709551030,32002,18446744073709551614,2,1,10306054629394671637,0,0,5,15313341231430751929,0,1,1,0
PAWN_AUDIT_RESULT,2307,1,1,-677,0,0,-677,0,0,0,0,0
PAWN_AUDIT_ENTRY,2308,1839307414424119029,9163210976175024752,13293174656339528066,137864564312169430,3389,18446744073709551353,18446744073709551354,18446744073709551344,6,5,1,22,18446744073709535073,18446744073709550278,5,0,1,0,0,0,0,0,0,18446744073709551475,18446744073709551475,18446744073706666837,11,4489,0,0,1,11,18446744073709544671,18446744073709551030,18446744073709551030,32002,18446744073709551614,2,1,10306054629394671637,0,0,5,15313341231430751929,0,1,1,0
PAWN_AUDIT_RESULT,2308,1,1,-833,0,0,-833,0,0,0,0,0
PAWN_AUDIT_ENTRY,2309,9163210976175024752,13963775450303632227,13293174656339528066,5111532302681260551,3177,18446744073709551353,18446744073709551354,18446744073709551344,6,5,1,23,18446744073709534950,18446744073709550278,5,0,1,0,0,0,0,0,0,18446744073709551475,18446744073709551475,18446744073706666837,11,4490,0,0,1,9,18446744073709544615,18446744073709551030,18446744073709551030,32002,18446744073709551614,2,1,10306054629394671637,0,0,5,15313341231430751929,0,0,1,0
PAWN_AUDIT_RESULT,2309,1,1,-811,0,0,-811,0,0,0,0,0
PAWN_AUDIT_ENTRY,2310,13963775450303632227,8465940403630851074,13293174656339528066,5788608997399869074,3104,18446744073709551353,18446744073709551354,18446744073709551344,6,5,1,24,18446744073709535093,18446744073709550278,5,0,1,0,0,0,0,0,0,18446744073709551475,18446744073709551475,18446744073706666837,11,4491,0,0,1,9,18446744073709544680,18446744073709551030,18446744073709551030,32002,18446744073709551614,2,1,10306054629394671637,0,0,5,15313341231430751929,0,0,1,0
PAWN_AUDIT_RESULT,2310,1,1,-659,0,0,-659,0,0,0,0,0
PAWN_AUDIT_ENTRY,2311,8465940403630851074,17592614099270753441,13293174656339528066,1288184784425507213,3437,18446744073709551353,18446744073709551354,18446744073709551344,6,5,1,25,18446744073709534871,18446744073709550278,5,0,1,0,0,0,0,0,0,18446744073709551475,18446744073709551475,18446744073706666837,11,4492,0,0,1,9,18446744073709544579,18446744073709551030,18446744073709551030,32002,18446744073709551614,2,1,10306054629394671637,0,0,5,15313341231430751929,0,0,1,0
PAWN_AUDIT_RESULT,2311,1,1,-622,0,0,-622,0,0,0,0,0
PAWN_AUDIT_ENTRY,2312,17592614099270753441,12208024570824437479,13293174656339528066,8905148635718676845,3502,18446744073709551353,18446744073709551354,18446744073709551344,6,5,1,26,18446744073709534668,18446744073709550278,5,0,1,0,0,0,0,0,0,18446744073709551475,18446744073709551475,18446744073706666837,11,4493,0,0,1,9,18446744073709544487,18446744073709551030,18446744073709551030,32002,18446744073709551614,2,1,10306054629394671637,0,0,5,15313341231430751929,0,0,1,0
PAWN_AUDIT_RESULT,2312,1,1,-731,0,0,-731,0,0,0,0,0
PAWN_AUDIT_ENTRY,2313,12208024570824437479,5490118102906626294,13293174656339528066,12422909050090728381,4093,18446744073709551353,18446744073709551354,18446744073709551344,6,5,1,29,18446744073709535847,18446744073709548874,5,0,1,0,0,0,0,0,0,18446744073709551475,18446744073709551475,18446744073706666837,11,4494,0,0,1,12,18446744073709545023,18446744073709551030,18446744073709551030,32002,18446744073709551614,2,1,10306054629394671637,0,0,5,15313341231430751929,0,1,1,0
PAWN_AUDIT_RESULT,2313,1,1,-888,0,0,-888,0,0,0,0,0
PAWN_AUDIT_ENTRY,2314,5490118102906626294,8295504972642708053,13293174656339528066,3836115213275540161,4094,18446744073709551353,18446744073709551354,18446744073709551344,6,5,1,30,18446744073709535830,18446744073709548874,5,0,1,0,0,0,0,0,0,18446744073709551475,18446744073709551475,18446744073706666837,11,4495,0,0,1,12,18446744073709545015,18446744073709551030,18446744073709551030,32002,18446744073709551614,2,1,10306054629394671637,0,0,5,15313341231430751929,0,1,1,0
PAWN_AUDIT_RESULT,2314,1,1,-850,0,0,-850,0,0,0,0,0
PAWN_AUDIT_ENTRY,2315,8295504972642708053,2846154178844784633,13293174656339528066,16534339076800940792,3641,18446744073709551353,18446744073709551354,18446744073709551344,6,5,1,32,18446744073709535434,18446744073709548874,5,0,1,0,0,0,0,0,0,18446744073709551475,18446744073709551475,18446744073706666837,11,4496,0,0,1,12,18446744073709544835,18446744073709551030,18446744073709551030,32002,18446744073709551614,2,1,10306054629394671637,0,0,5,15313341231430751929,0,1,1,0
PAWN_AUDIT_RESULT,2315,1,1,-704,0,0,-704,0,0,0,0,0
PAWN_AUDIT_ENTRY,2316,2846154178844784633,3377278251080588486,13293174656339528066,9890968558704086226,3901,18446744073709551353,18446744073709551354,18446744073709551344,6,5,1,33,18446744073709535513,18446744073709548874,5,0,1,0,0,0,0,0,0,18446744073709551475,18446744073709551475,18446744073706666837,11,4497,0,0,1,14,18446744073709544871,18446744073709551030,18446744073709551030,32002,18446744073709551614,2,1,10306054629394671637,0,0,5,15313341231430751929,0,1,1,0
PAWN_AUDIT_RESULT,2316,1,1,-721,0,0,-721,0,0,0,0,0
PAWN_AUDIT_ENTRY,2334,18150742686084989103,4895091883448008374,3304710734200024749,10237184087713188374,1382,262,263,250,8,7,4,2,18446744073709541045,18446744073709548874,4,0,0,0,0,0,0,0,0,198,198,18446744073705649312,11,4522,0,0,1,2,18446744073709544903,2265,1594,242,2,1,1,9016226107714328348,0,0,4,6714165103330919764,0,1,1,0
PAWN_AUDIT_RESULT,2334,4,4,210,0,0,210,0,0,0,0,0
PAWN_AUDIT_ENTRY,2335,4895091883448008374,1430392122357034164,3304710734200024749,7409592881274138365,1380,262,263,250,8,7,4,3,18446744073709546778,18446744073709550136,4,0,0,0,0,0,0,0,0,198,198,18446744073705649312,11,4523,0,0,1,2,18446744073709550027,18446744073709550875,18446744073709551120,242,2,1,1,9016226107714328348,0,0,4,6714165103330919764,0,1,1,0
PAWN_AUDIT_RESULT,2335,4,4,197,0,0,197,0,0,0,0,0
PAWN_AUDIT_ENTRY,2336,1430392122357034164,11599260130486189687,3304710734200024749,8750591013041786249,2117,262,263,250,8,7,3,5,18446744073709549694,18446744073709550278,4,0,0,0,0,0,0,0,0,198,198,18446744073705649312,11,4524,0,0,1,3,18446744073709551482,18446744073709551030,18446744073709550695,242,2,1,1,9016226107714328348,0,0,4,6714165103330919764,0,1,1,0
PAWN_AUDIT_RESULT,2336,3,3,178,0,0,178,0,0,0,0,0
PAWN_AUDIT_ENTRY,2337,11599260130486189687,6188371671993702828,3304710734200024749,11011014231085977947,1763,262,263,250,8,7,2,7,18446744073709543890,18446744073709550278,4,0,0,0,0,0,0,0,0,198,198,18446744073705649312,11,4525,0,0,1,1,18446744073709548680,18446744073709551030,18446744073709551030,242,2,1,1,9016226107714328348,0,0,4,6714165103330919764,0,0,1,0
PAWN_AUDIT_RESULT,2337,2,2,167,0,0,167,0,0,0,0,0
PAWN_AUDIT_ENTRY,2340,5516135912017615108,17813004045866577215,3304710734200024749,2744484248873276605,166,262,263,262,8,7,2,11,18446744073709544374,18446744073709550278,4,0,0,0,0,0,0,0,0,198,198,18446744073705649312,11,4529,0,0,1,3,18446744073709548900,18446744073709551030,18446744073709551030,242,2,1,1,9016226107714328348,0,0,4,6714165103330919764,0,1,1,0
PAWN_AUDIT_RESULT,2340,2,2,208,0,0,208,0,0,0,0,0
PAWN_AUDIT_ENTRY,2355,5800942533407277969,14105814279774941666,9492579135659111485,14462452577801663597,1380,262,263,247,8,7,5,5,18446744073709545957,73,4,0,0,0,0,1,0,0,0,94,94,18446744073707078735,11,4566,0,0,1,2,18446744073709549620,18446744073709551030,18446744073709551030,256,7,1,1,12476096914886272809,0,0,4,9061868693429926012,0,1,1,0
PAWN_AUDIT_RESULT,2355,5,5,194,0,0,194,0,0,0,0,0
PAWN_AUDIT_ENTRY,2408,1876123602350908600,12376208374768869666,6887314135525735766,964049216669185285,2131,262,263,193,8,7,3,4,18446744073709544369,18446744073709551140,2,0,0,0,0,0,0,0,0,66,66,18446744073701828336,11,4706,0,0,0,3,251,18446744073709545092,18446744073709551030,267,4,1,1,7185945528402125798,1,0,2,18239195334891476260,0,2,1,0
PAWN_AUDIT_RESULT,2408,3,3,255,0,0,255,0,12,12,0,0
PAWN_AUDIT_ENTRY,2411,13230577784309910652,4958492356875505114,6887314135525735766,10260195675503407228,1048,262,263,255,8,7,1,5,18446744073709542023,18446744073709550278,2,0,0,0,0,0,0,0,0,66,66,18446744073701828336,11,4719,0,0,0,1,18446744073709547831,18446744073709551030,18446744073709551030,267,4,1,1,7185945528402125798,1,0,2,18239195334891476260,0,0,1,0
PAWN_AUDIT_RESULT,2411,1,1,149,0,0,149,0,0,0,0,0
PAWN_AUDIT_ENTRY,2412,4958492356875505114,14408343365814351907,6887314135525735766,955684480712788574,8,262,263,255,8,7,1,6,18446744073709542427,18446744073709549581,2,0,0,0,0,0,0,0,0,66,66,18446744073701828336,11,4720,0,0,0,4,18446744073709548015,18446744073709551030,18446744073709551030,267,4,1,1,7185945528402125798,1,0,2,18239195334891476260,0,2,1,0
PAWN_AUDIT_RESULT,2412,1,1,157,0,0,157,0,0,0,0,0
PAWN_AUDIT_ENTRY,2416,3794660846865825630,14916006671464992614,6887314135525735766,14619957340537195139,1160,262,263,255,8,7,1,9,18446744073709542955,18446744073709549048,2,0,0,0,0,0,0,0,0,66,66,18446744073701828336,11,4727,0,0,0,2,18446744073709548255,18446744073709551030,18446744073709551030,267,4,1,1,7185945528402125798,1,0,2,18239195334891476260,0,2,1,0
PAWN_AUDIT_RESULT,2416,1,1,148,0,0,148,0,0,0,0,0
PAWN_AUDIT_ENTRY,2505,8723864353645107887,2203135139393291900,3813397950507197281,17514995784546410274,1348,250,251,18446744073709551254,13,12,9,4,18446744073709534851,18446744073709550278,6,0,0,0,0,1,0,0,0,195,201,18446744073697624284,11,4905,0,0,1,2,18446744073709544570,18446744073709551030,18446744073709551030,195,7,1,1,4566645401132409607,0,0,6,10868487815686773400,0,1,1,0
PAWN_AUDIT_RESULT,2505,9,9,225,0,0,225,0,20,20,0,0
PAWN_AUDIT_ENTRY,2513,5126457133839818642,1641418665580208727,3813397950507197281,5487788943570485671,1355,250,251,225,13,12,8,6,18446744073709533841,18446744073709550278,6,0,0,0,0,1,0,0,0,195,201,18446744073697624284,11,4926,0,0,1,2,18446744073709544609,18446744073709550754,18446744073709550288,195,7,1,1,4566645401132409607,0,0,6,10868487815686773400,0,1,1,0
PAWN_AUDIT_ENTRY,2514,1641418665580208727,5076960973190177309,5487788943570485671,3056802656566872828,1812,18446744073709551365,18446744073709551366,18446744073709551232,8,7,1,2,18446744073709550340,18446744073709550278,7,0,1,0,0,0,0,0,0,18446744073709551240,18446744073709551240,771138,11,4928,0,0,0,9,18446744073709551613,18446744073709551030,18446744073709551030,32002,18446744073709551613,0,0,4566645401132409607,1,0,7,3813397950507197281,0,0,1,0
PAWN_AUDIT_RESULT,2514,1,1,-302,0,0,-302,0,0,0,0,0
PAWN_AUDIT_ENTRY,2515,5076960973190177309,16004513726794230514,5487788943570485671,3633018504207955955,2713,18446744073709551365,18446744073709551366,18446744073709551314,8,7,1,3,18446744073709549946,18446744073709550278,7,0,1,0,0,0,0,0,0,18446744073709551240,18446744073709551240,771138,11,4929,0,0,0,10,18446744073709550868,18446744073709551030,580,32002,18446744073709551613,0,0,4566645401132409607,1,0,7,3813397950507197281,0,2,1,0
PAWN_AUDIT_RESULT,2515,1,1,-275,0,0,-275,0,0,0,0,0
PAWN_AUDIT_ENTRY,2523,2245630840064594079,2046229819168014455,9065870255579242838,868040682290472109,658,250,251,183,7,6,1,5,18446744073709551558,18446744073709550278,8,0,0,0,0,0,0,0,0,0,0,18446744073708797658,11,4947,0,0,1,1,551,18446744073709551030,18446744073709551030,221,2,1,1,9016226107714328348,0,0,8,5487788943570485671,0,0,1,0
PAWN_AUDIT_RESULT,2523,1,1,112,0,0,112,0,0,0,0,0
PAWN_AUDIT_ENTRY,2524,2046229819168014455,14587757926090920232,9065870255579242838,17886401280822038945,705,250,251,183,7,6,1,6,18446744073709550340,18446744073709550278,8,0,0,0,0,0,0,0,0,0,0,18446744073708797658,11,4948,0,0,1,2,18446744073709551613,18446744073709551030,18446744073709551030,221,2,1,1,9016226107714328348,0,0,8,5487788943570485671,0,1,1,0
PAWN_AUDIT_RESULT,2524,1,1,-23,0,0,-23,0,0,0,0,0
PAWN_AUDIT_ENTRY,2525,14587757926090920232,11340741748630077345,9065870255579242838,12508091998392042171,730,250,251,183,7,6,1,7,18446744073709550340,18446744073709550278,8,0,0,0,0,0,0,0,0,0,0,18446744073708797658,11,4949,0,0,1,2,18446744073709551613,18446744073709551030,18446744073709551030,221,2,1,1,9016226107714328348,0,0,8,5487788943570485671,0,1,1,0
PAWN_AUDIT_RESULT,2525,1,1,-61,0,0,-61,0,0,0,0,0
PAWN_AUDIT_ENTRY,2526,11340741748630077345,2111686388185830524,9065870255579242838,3419223372740194877,721,250,251,183,7,6,1,8,18446744073709549638,18446744073709550278,8,0,0,0,0,0,0,0,0,0,0,18446744073708797658,11,4950,0,0,1,2,18446744073709551294,18446744073709551030,18446744073709551030,221,2,1,1,9016226107714328348,0,0,8,5487788943570485671,0,1,1,0
PAWN_AUDIT_RESULT,2526,1,1,22,0,0,22,0,0,0,0,0
PAWN_AUDIT_ENTRY,2527,2111686388185830524,15905798235984860899,9065870255579242838,5685385870289123871,853,250,251,183,7,6,1,9,18446744073709547349,18446744073709550278,8,0,0,0,0,0,0,0,0,0,0,18446744073708797658,11,4951,0,0,1,1,18446744073709550253,18446744073709551030,18446744073709551030,221,2,1,1,9016226107714328348,0,0,8,5487788943570485671,0,0,1,0
PAWN_AUDIT_RESULT,2527,1,1,-1,0,0,-1,0,0,0,0,0
PAWN_AUDIT_ENTRY,2528,15905798235984860899,9485608174179955869,9065870255579242838,17743467717285165497,861,250,251,183,7,6,1,10,18446744073709543764,18446744073709550278,8,0,0,0,0,0,0,0,0,0,0,18446744073708797658,11,4952,0,0,1,1,18446744073709548623,18446744073709551030,18446744073709551030,221,2,1,1,9016226107714328348,0,0,8,5487788943570485671,0,0,1,0
PAWN_AUDIT_RESULT,2528,1,1,12,0,0,12,0,0,0,0,0
PAWN_AUDIT_RESULT,2513,8,8,190,0,0,190,0,26,26,0,0
PAWN_AUDIT_ENTRY,2529,9485608174179955869,7605355219132134567,3813397950507197281,4985625161898747546,658,250,251,225,13,12,9,7,18446744073709549741,18446744073709550278,6,0,0,0,0,1,0,0,0,195,201,18446744073697624284,11,4953,0,0,1,1,18446744073709551244,18446744073709550855,18446744073709551409,195,7,1,1,4566645401132409607,0,0,6,10868487815686773400,0,0,1,0
PAWN_AUDIT_RESULT,2529,9,9,-374,0,0,-374,0,3,3,0,0
PAWN_AUDIT_ENTRY,2530,7605355219132134567,1317618497200495677,3813397950507197281,9365695874381913239,1763,250,251,225,13,12,7,8,18446744073709542045,18446744073709550278,6,0,0,0,0,1,0,0,0,195,201,18446744073697624284,11,4957,0,0,1,1,18446744073709547841,18446744073709551030,18446744073709551030,195,7,1,1,4566645401132409607,0,0,6,10868487815686773400,0,0,1,0
PAWN_AUDIT_RESULT,2530,7,7,134,0,0,134,0,0,0,0,0
PAWN_AUDIT_ENTRY,2531,1317618497200495677,4331409322009148079,3813397950507197281,15125589062774838613,666,250,251,225,13,12,7,9,18446744073709543226,18446744073709550278,6,0,0,0,0,1,0,0,0,195,201,18446744073697624284,11,4958,0,0,1,1,18446744073709548274,18446744073709551050,18446744073709551224,195,7,1,1,4566645401132409607,0,0,6,10868487815686773400,0,0,1,0
PAWN_AUDIT_RESULT,2531,7,7,78,0,0,78,0,0,0,0,0
PAWN_AUDIT_ENTRY,2533,9878428293381168588,5140615059674947902,2764857821283217093,6817847606277901315,1355,250,251,142,8,7,4,2,18446744073709546166,2215,8,0,0,0,0,0,0,0,0,18446744073709551514,18446744073709551514,18446744073707412569,11,4962,0,0,1,2,18446744073709549715,18446744073709551030,18446744073709551030,18446744073709551521,2,1,1,4566645401132409607,0,0,8,15573707497262457476,0,1,1,0
PAWN_AUDIT_RESULT,2533,4,4,144,0,0,144,0,0,0,0,0
PAWN_AUDIT_ENTRY,2535,14893366838883781394,3868620775626796839,2764857821283217093,6306492044866857790,658,250,251,144,8,7,3,6,18446744073709546568,18446744073709550278,8,0,0,0,0,0,0,0,0,18446744073709551514,18446744073709551514,18446744073707412569,11,4964,0,0,1,1,18446744073709549898,18446744073709551030,18446744073709551030,18446744073709551521,2,1,1,4566645401132409607,0,0,8,15573707497262457476,0,0,1,0
PAWN_AUDIT_RESULT,2535,3,3,-32,0,0,-32,0,0,0,0,0
PAWN_AUDIT_ENTRY,2536,3868620775626796839,14287602515133814401,3813397950507197281,5642758816302081748,2138,250,251,225,13,12,5,12,18446744073709535799,18446744073709550278,6,0,0,0,0,1,0,0,0,195,201,18446744073697624284,11,4965,0,0,1,3,18446744073709544656,18446744073709551266,18446744073709551498,195,7,1,1,4566645401132409607,0,0,6,10868487815686773400,0,1,1,0
PAWN_AUDIT_RESULT,2536,5,5,37,0,0,37,0,0,0,0,0
PAWN_AUDIT_ENTRY,2537,14287602515133814401,6211624405074944579,3813397950507197281,8983649115012903947,204,250,251,225,13,12,5,13,18446744073709537587,18446744073709550278,6,0,0,0,0,1,0,0,0,195,201,18446744073697624284,11,4966,0,0,1,5,18446744073709545814,18446744073709551030,18446744073709551030,195,7,1,1,4566645401132409607,0,0,6,10868487815686773400,0,1,1,0
PAWN_AUDIT_RESULT,2537,5,5,191,0,0,191,0,0,0,0,0
PAWN_AUDIT_ENTRY,2538,6211624405074944579,13495109405574053372,3813397950507197281,14844826431334741182,157,250,251,225,13,12,5,14,18446744073709535628,18446744073709550278,6,0,0,0,0,1,0,0,0,195,201,18446744073697624284,11,4967,0,0,1,3,18446744073709545539,18446744073709550689,18446744073709550113,195,7,1,1,4566645401132409607,0,0,6,10868487815686773400,0,1,1,0
PAWN_AUDIT_RESULT,2538,5,5,8,0,0,8,0,0,0,0,0
PAWN_AUDIT_ENTRY,2539,13495109405574053372,2363242963889494484,3813397950507197281,12109114637071232704,983,250,251,225,13,12,5,15,18446744073709536881,18446744073709550278,6,0,0,0,0,1,0,0,0,195,201,18446744073697624284,11,4968,0,0,1,1,18446744073709545493,18446744073709551030,18446744073709551030,195,7,1,1,4566645401132409607,0,0,6,10868487815686773400,0,0,1,0
PAWN_AUDIT_RESULT,2539,5,5,87,0,0,87,0,0,0,0,0
PAWN_AUDIT_ENTRY,2540,2363242963889494484,3015080170497356826,3813397950507197281,10864832598614376807,536,250,251,225,13,12,5,16,18446744073709535183,18446744073709550278,6,0,0,0,0,1,0,0,0,195,201,18446744073697624284,11,4969,0,0,1,1,18446744073709544721,18446744073709551030,18446744073709551030,195,7,1,1,4566645401132409607,0,0,6,10868487815686773400,0,0,1,0
PAWN_AUDIT_RESULT,2540,5,5,66,0,0,66,0,0,0,0,0
PAWN_AUDIT_ENTRY,2541,3015080170497356826,16852693530714202084,3813397950507197281,10243797878110476343,391,250,251,225,13,12,5,17,18446744073709534829,18446744073709550278,6,0,0,0,0,1,0,0,0,195,201,18446744073697624284,11,4970,0,0,1,6,18446744073709544560,18446744073709551030,18446744073709551030,195,7,1,1,4566645401132409607,0,0,6,10868487815686773400,0,1,1,0
PAWN_AUDIT_RESULT,2541,5,5,-1,0,0,-1,0,0,0,0,0
PAWN_AUDIT_ENTRY,2542,16852693530714202084,9386924737114610984,3813397950507197281,15962114321591588743,918,250,251,225,13,12,5,20,18446744073709534646,18446744073709550278,6,0,0,0,0,1,0,0,0,195,201,18446744073697624284,11,4971,0,0,1,1,18446744073709544477,18446744073709551030,18446744073709551030,195,7,1,1,4566645401132409607,0,0,6,10868487815686773400,0,0,1,0
PAWN_AUDIT_RESULT,2542,5,5,20,0,0,20,0,0,0,0,0
PAWN_AUDIT_ENTRY,2543,9386924737114610984,15320996640209645246,3813397950507197281,15462595231507702160,196,250,251,225,13,12,5,21,18446744073709534913,18446744073709550278,6,0,0,0,0,1,0,0,0,195,201,18446744073697624284,11,4972,0,0,1,5,18446744073709544598,18446744073709551030,18446744073709551030,195,7,1,1,4566645401132409607,0,0,6,10868487815686773400,0,1,1,0
PAWN_AUDIT_RESULT,2543,5,5,174,0,0,174,0,0,0,0,0
PAWN_AUDIT_ENTRY,2544,15320996640209645246,7161837623079547626,3813397950507197281,5980680794876746917,1,250,251,225,13,12,5,22,18446744073709534880,18446744073709550278,6,0,0,0,0,1,0,0,0,195,201,18446744073697624284,11,4973,0,0,1,4,18446744073709544583,18446744073709551030,18446744073709551030,195,7,1,1,4566645401132409607,0,0,6,10868487815686773400,0,1,1,0
PAWN_AUDIT_RESULT,2544,5,5,41,0,0,41,0,0,0,0,0
PAWN_AUDIT_ENTRY,2545,7161837623079547626,17612455777916450557,3813397950507197281,1618836974675137912,139,250,251,225,13,12,5,23,18446744073709534921,18446744073709550278,6,0,0,0,0,1,0,0,0,195,201,18446744073697624284,11,4974,0,0,1,3,18446744073709544602,18446744073709551030,18446744073709551030,195,7,1,1,4566645401132409607,0,0,6,10868487815686773400,0,1,1,0
PAWN_AUDIT_RESULT,2545,5,5,-40,0,0,-40,0,0,0,0,0
PAWN_AUDIT_ENTRY,2546,17612455777916450557,8620653511819743058,3813397950507197281,8373979153503840201,203,250,251,225,13,12,5,24,18446744073709534759,18446744073709550278,6,0,0,0,0,1,0,0,0,195,201,18446744073697624284,11,4975,0,0,1,5,18446744073709544528,18446744073709551030,18446744073709551030,195,7,1,1,4566645401132409607,0,0,6,10868487815686773400,0,1,1,0
PAWN_AUDIT_RESULT,2546,5,5,-4,0,0,-4,0,0,0,0,0
PAWN_AUDIT_ENTRY,2547,8620653511819743058,11009978055768657327,3813397950507197281,12017169656145690510,593,250,251,225,13,12,4,26,18446744073709534444,18446744073709550278,6,0,0,0,0,1,0,0,0,195,201,18446744073697624284,11,4976,0,0,1,1,18446744073709544504,18446744073709550979,18446744073709550837,195,7,1,1,4566645401132409607,0,0,6,10868487815686773400,0,0,1,0
PAWN_AUDIT_RESULT,2547,4,4,14,0,0,14,0,0,0,0,0
PAWN_AUDIT_ENTRY,2548,11009978055768657327,10590693265146623137,3813397950507197281,2385487997219872344,148,250,251,225,13,12,5,27,18446744073709535854,18446744073709550278,6,0,0,0,0,1,0,0,0,195,201,18446744073697624284,11,4977,0,0,1,3,18446744073709545026,18446744073709551030,18446744073709551030,195,7,1,1,4566645401132409607,0,0,6,10868487815686773400,0,1,1,0
PAWN_AUDIT_RESULT,2548,5,5,93,0,0,93,0,0,0,0,0
PAWN_AUDIT_ENTRY,2549,10590693265146623137,5275884382708578035,3813397950507197281,2065023706060963603,2136,250,251,225,13,12,5,28,18446744073709534765,18446744073709550278,6,0,0,0,0,1,0,0,0,195,201,18446744073697624284,11,4978,0,0,1,3,18446744073709544531,18446744073709551030,18446744073709551030,195,7,1,1,4566645401132409607,0,0,6,10868487815686773400,0,1,1,0
PAWN_AUDIT_RESULT,2549,5,5,16,0,0,16,0,0,0,0,0
PAWN_AUDIT_ENTRY,2550,5275884382708578035,14076933085532260804,3813397950507197281,6793369056524246341,2124,250,251,225,13,12,5,29,18446744073709534837,18446744073709550278,6,0,0,0,0,1,0,0,0,195,201,18446744073697624284,11,4979,0,0,1,3,18446744073709546280,18446744073709550219,18446744073709548329,195,7,1,1,4566645401132409607,0,0,6,10868487815686773400,0,1,1,0
PAWN_AUDIT_RESULT,2550,5,5,86,0,0,86,0,0,0,0,0
PAWN_AUDIT_ENTRY,2551,14076933085532260804,13301374270166886035,3813397950507197281,16700945180306200449,528,250,251,225,13,12,4,31,18446744073709534236,18446744073709550278,6,0,0,0,0,1,0,0,0,195,201,18446744073697624284,11,4980,0,0,1,1,18446744073709545660,18446744073709550313,18446744073709548947,195,7,1,1,4566645401132409607,0,0,6,10868487815686773400,0,0,1,0
PAWN_AUDIT_RESULT,2551,4,4,57,0,0,57,0,0,0,0,0
PAWN_AUDIT_ENTRY,2561,2825684657690765656,3970523475977111505,8235682138338055032,14480843917652065193,1942,18446744073709551365,18446744073709551366,18446744073709551349,7,6,1,2,18446744073709547219,18446744073709550278,11,0,1,0,0,0,0,0,0,18446744073709551392,18446744073709551392,926010,11,5011,0,0,0,9,18446744073709550194,18446744073709551030,18446744073709551030,32002,18446744073709551613,0,0,11523747345243325766,1,0,11,758969278330417598,0,0,1,0
PAWN_AUDIT_RESULT,2561,1,1,-327,0,0,-327,0,0,0,0,0
PAWN_AUDIT_ENTRY,2562,3970523475977111505,1055778759791529752,8235682138338055032,8638774437229669045,53055,18446744073709551365,18446744073709551366,18446744073709551349,7,6,1,3,18446744073709540754,18446744073709550278,11,0,1,0,0,0,0,0,0,18446744073709551392,18446744073709551392,926010,11,5012,0,0,0,14,18446744073709547254,18446744073709551030,18446744073709551030,32002,18446744073709551613,0,0,11523747345243325766,1,0,11,758969278330417598,0,2,1,0
PAWN_AUDIT_RESULT,2562,1,1,-422,0,0,-422,0,0,0,0,0
PAWN_AUDIT_ENTRY,2565,10004650860567353289,16258651722243947521,8235682138338055032,8573601650421892906,2527,18446744073709551365,18446744073709551366,18446744073709551349,7,6,1,6,18446744073709542555,18446744073709550278,11,0,1,0,0,0,0,0,0,18446744073709551392,18446744073709551392,926010,11,5017,0,0,0,9,18446744073709548073,18446744073709551030,18446744073709551030,32002,18446744073709551613,0,0,11523747345243325766,1,0,11,758969278330417598,0,0,1,0
PAWN_AUDIT_RESULT,2565,1,1,-325,0,0,-325,0,0,0,0,0
PAWN_AUDIT_ENTRY,2566,16258651722243947521,8811182705432876986,8235682138338055032,10267650167112319069,3366,18446744073709551365,18446744073709551366,18446744073709551349,7,6,1,8,18446744073709536953,18446744073709550278,11,0,1,0,0,0,0,0,0,18446744073709551392,18446744073709551392,926010,11,5018,0,0,0,11,18446744073709545526,18446744073709551030,18446744073709551030,32002,18446744073709551613,0,0,11523747345243325766,1,0,11,758969278330417598,0,2,1,0
PAWN_AUDIT_RESULT,2566,1,1,-271,0,0,-271,0,0,0,0,0
PAWN_AUDIT_ENTRY,2567,8811182705432876986,3686083223627546331,8235682138338055032,874910771001147432,3359,18446744073709551365,18446744073709551366,18446744073709551349,7,6,1,9,18446744073709536562,18446744073709550278,11,0,1,0,0,0,0,0,0,18446744073709551392,18446744073709551392,926010,11,5019,0,0,0,11,18446744073709545348,18446744073709551030,18446744073709551030,32002,18446744073709551613,0,0,11523747345243325766,1,0,11,758969278330417598,0,2,1,0
PAWN_AUDIT_RESULT,2567,1,1,-309,0,0,-309,0,0,0,0,0
PAWN_AUDIT_ENTRY,2568,3686083223627546331,7434488431055687651,8235682138338055032,17041555526238791964,4079,18446744073709551365,18446744073709551366,18446744073709551349,7,6,1,10,18446744073709536100,18446744073709550278,11,0,1,0,0,0,0,0,0,18446744073709551392,18446744073709551392,926010,11,5020,0,0,0,12,18446744073709545138,18446744073709551030,18446744073709551030,32002,18446744073709551613,0,0,11523747345243325766,1,0,11,758969278330417598,0,2,1,0
PAWN_AUDIT_RESULT,2568,1,1,-354,0,0,-354,0,0,0,0,0
PAWN_AUDIT_ENTRY,2569,7434488431055687651,3278428358807235129,8235682138338055032,3319025146613346214,2720,18446744073709551365,18446744073709551366,18446744073709551349,7,6,1,11,18446744073709535473,18446744073709550278,11,0,1,0,0,0,0,0,0,18446744073709551392,18446744073709551392,926010,11,5021,0,0,0,10,18446744073709544853,18446744073709551030,18446744073709551030,32002,18446744073709551613,0,0,11523747345243325766,1,0,11,758969278330417598,0,2,1,0
PAWN_AUDIT_ENTRY,2575,8708616561340664527,7042522303553272804,3319025146613346214,2105845607761786095,853,250,251,214,6,5,2,2,18446744073709544017,18446744073709550278,12,0,0,0,0,0,0,0,0,171,171,18446744073708582884,11,5040,0,0,0,1,18446744073709548738,18446744073709551030,18446744073709551030,219,2,1,1,11523747345243325766,2,0,12,8235682138338055032,0,0,1,0
PAWN_AUDIT_RESULT,2575,2,2,192,0,0,192,0,0,0,0,0
PAWN_AUDIT_ENTRY,2576,7042522303553272804,17548009060621164877,3319025146613346214,1883129010859493285,1178,250,251,214,6,5,1,5,18446744073709545403,18446744073709550278,12,0,0,0,0,0,0,0,0,171,171,18446744073708582884,11,5041,0,0,0,1,18446744073709549368,18446744073709551030,18446744073709551030,219,2,1,1,11523747345243325766,2,0,12,8235682138338055032,0,0,1,0
PAWN_AUDIT_RESULT,2576,1,1,218,0,0,218,0,0,0,0,0
PAWN_AUDIT_ENTRY,2577,17548009060621164877,6313158719037818948,3319025146613346214,515052125119645101,709,250,251,218,6,5,1,6,18446744073709544208,18446744073709550278,12,0,0,0,0,0,0,0,0,171,171,18446744073708582884,11,5042,0,0,0,2,18446744073709549270,18446744073709551030,18446744073709550113,219,2,1,1,11523747345243325766,2,0,12,8235682138338055032,0,3,1,0
PAWN_AUDIT_RESULT,2577,1,1,187,0,0,187,0,0,0,0,0
PAWN_AUDIT_ENTRY,2578,6313158719037818948,9989877774356324033,3319025146613346214,11953273447671019337,861,250,251,218,6,5,1,8,18446744073709541943,18446744073709550278,12,0,0,0,0,0,0,0,0,171,171,18446744073708582884,11,5043,0,0,0,1,18446744073709547795,18446744073709551030,18446744073709551030,219,2,1,1,11523747345243325766,2,0,12,8235682138338055032,0,0,1,0
PAWN_AUDIT_RESULT,2578,1,1,163,0,0,163,0,0,0,0,0
PAWN_AUDIT_ENTRY,2579,9989877774356324033,1228822967178367764,3319025146613346214,9845459995716214557,1221,250,251,218,6,5,1,10,18446744073709541829,18446744073709550278,12,0,0,0,0,0,0,0,0,171,171,18446744073708582884,11,5044,0,0,0,3,18446744073709548103,18446744073709551030,18446744073709550288,219,2,1,1,11523747345243325766,2,0,12,8235682138338055032,0,3,1,0
PAWN_AUDIT_RESULT,2579,1,1,172,0,0,172,0,0,0,0,0
PAWN_AUDIT_ENTRY,2580,1228822967178367764,2032043711216739835,3319025146613346214,545979642375269722,137,250,251,218,6,5,1,11,18446744073709541020,18446744073709550278,12,0,0,0,0,0,0,0,0,171,171,18446744073708582884,11,5045,0,0,0,3,18446744073709547375,18446744073709551030,18446744073709551030,219,2,1,1,11523747345243325766,2,0,12,8235682138338055032,0,3,1,0
PAWN_AUDIT_RESULT,2580,1,1,168,0,0,168,0,0,0,0,0
PAWN_AUDIT_RESULT,2569,1,1,-219,1,6,-218,0,1,24,1,1
PAWN_AUDIT_ENTRY,2581,2032043711216739835,12487892357695488608,758969278330417598,12404590075203043589,1221,250,251,222,9,8,4,4,18446744073709540479,18446744073709549418,10,0,0,0,0,1,0,0,0,44,44,18446744073704651308,11,5046,0,0,0,3,18446744073709547659,18446744073709550754,18446744073709550223,64,3,1,1,11523747345243325766,0,0,10,4077839185791698903,0,1,1,0
PAWN_AUDIT_RESULT,2581,4,4,32,0,0,32,0,0,0,0,0
PAWN_AUDIT_ENTRY,2582,12487892357695488608,13231799566936997470,758969278330417598,6376037800534833645,1249,250,251,222,9,8,3,8,18446744073709541950,18446744073709550278,10,0,0,0,0,1,0,0,0,44,44,18446744073704651308,11,5047,0,0,0,3,18446744073709547798,18446744073709551030,18446744073709551030,64,3,1,1,11523747345243325766,0,0,10,4077839185791698903,0,1,1,0
PAWN_AUDIT_RESULT,2582,3,3,2,0,0,2,0,0,0,0,0
PAWN_AUDIT_ENTRY,2583,13231799566936997470,11088012011341760041,758969278330417598,4514254560908859837,1178,250,251,222,9,8,4,10,18446744073709546024,18446744073709550278,10,0,0,0,0,1,0,0,0,44,44,18446744073704651308,11,5048,0,0,0,1,18446744073709550075,18446744073709551030,18446744073709550155,64,3,1,1,11523747345243325766,0,0,10,4077839185791698903,0,0,1,0
PAWN_AUDIT_RESULT,2583,4,4,50,0,0,50,0,0,0,0,0
PAWN_AUDIT_ENTRY,2601,15888022407434424973,14558501400899715194,17632674922894424858,11981688799408796489,1249,250,251,241,8,7,2,8,18446744073709540488,18446744073709549146,8,0,0,0,0,1,0,0,0,243,264,18446744073705056711,11,5083,0,0,0,3,18446744073709547133,18446744073709551030,18446744073709551030,243,2,1,1,938631261243042019,0,0,8,13223006865506756005,0,1,1,0
PAWN_AUDIT_RESULT,2601,2,2,190,0,0,190,0,0,0,0,0
PAWN_AUDIT_ENTRY,2602,14558501400899715194,1909334298638516847,17632674922894424858,13615617615865638000,204,250,251,241,8,7,2,9,18446744073709537329,18446744073709550278,8,0,0,0,0,1,0,0,0,243,264,18446744073705056711,11,5084,0,0,0,5,18446744073709545697,18446744073709551030,18446744073709551030,243,2,1,1,938631261243042019,0,0,8,13223006865506756005,0,1,1,0
PAWN_AUDIT_RESULT,2602,2,2,240,0,0,240,0,0,0,0,0
PAWN_AUDIT_ENTRY,2603,1909334298638516847,921563063837307611,17632674922894424858,7517641151084328635,983,250,251,241,8,7,2,10,18446744073709536419,18446744073709550278,8,0,0,0,0,1,0,0,0,243,264,18446744073705056711,11,5085,0,0,0,1,18446744073709545283,18446744073709551030,18446744073709551030,243,2,1,1,938631261243042019,0,0,8,13223006865506756005,0,0,1,0
PAWN_AUDIT_RESULT,2603,2,2,220,0,0,220,0,0,0,0,0
PAWN_AUDIT_ENTRY,2604,921563063837307611,14656819130247008759,17632674922894424858,15938210722084436454,137,250,251,241,8,7,2,23,18446744073709539274,18446744073709547758,8,0,0,0,0,1,0,0,0,243,264,18446744073705056711,11,5086,0,0,0,3,18446744073709546969,18446744073709551030,18446744073709550231,243,2,1,1,938631261243042019,0,0,8,13223006865506756005,0,1,1,0
PAWN_AUDIT_RESULT,2604,2,2,173,0,0,173,0,0,0,0,0
PAWN_AUDIT_ENTRY,2605,14656819130247008759,12673069172240817097,17632674922894424858,7791138082889062049,1228,250,251,241,8,7,2,24,18446744073709538932,18446744073709550278,8,0,0,0,0,1,0,0,0,243,264,18446744073705056711,11,5087,0,0,0,3,18446744073709546646,18446744073709551030,18446744073709550576,243,2,1,1,938631261243042019,0,0,8,13223006865506756005,0,1,1,0
PAWN_AUDIT_RESULT,2605,2,2,210,0,0,210,0,0,0,0,0
PAWN_AUDIT_ENTRY,2606,12673069172240817097,1191886027033122836,1616238280340394318,17587626833561949119,196,250,251,241,10,9,6,2,18446744073709534853,18446744073709549462,6,0,0,0,0,1,0,594,0,18446744073709551554,18446744073709551554,18446744073708239781,11,5088,0,0,1,5,18446744073709544571,18446744073709551030,18446744073709551030,247,4,1,1,14806036804063960078,0,0,6,12166975054009011696,0,1,1,0
PAWN_AUDIT_RESULT,2606,6,6,-304,0,0,-304,0,0,0,0,0
PAWN_AUDIT_ENTRY,2607,1191886027033122836,11460737795196067238,1616238280340394318,15729584136477011331,324,250,251,241,10,9,6,4,18446744073709550812,2388,6,0,0,0,0,1,0,594,0,18446744073709551554,18446744073709551554,18446744073708239781,11,5089,0,0,1,4,18446744073709548936,18446744073709551207,5189,247,4,1,1,14806036804063960078,0,0,6,12166975054009011696,0,1,1,0
PAWN_AUDIT_RESULT,2607,6,6,-453,0,0,-453,0,0,0,0,0
PAWN_AUDIT_ENTRY,2621,1518504548498560539,14712319215282417946,14931016031760200940,6498705731689544647,1835,250,251,224,7,6,1,8,18446744073709550340,18446744073709550278,8,0,0,0,0,0,0,0,1,18446744073709551319,18446744073709551319,18446744073709380616,11,5152,0,0,1,2,18446744073709551613,18446744073709551030,18446744073709551030,208,2,1,1,2066875457984762543,0,0,8,9474921729255169244,0,1,1,0
PAWN_AUDIT_RESULT,2621,1,1,245,0,0,245,0,2,2,0,0
PAWN_AUDIT_ENTRY,2622,14712319215282417946,18015143098264640529,14931016031760200940,10270355352045996194,1837,250,251,245,7,6,1,9,18446744073709550340,18446744073709550278,8,0,0,0,0,0,0,0,1,18446744073709551319,18446744073709551319,18446744073709380616,11,5155,0,0,1,2,18446744073709551613,18446744073709551030,18446744073709551030,208,2,1,1,2066875457984762543,0,0,8,9474921729255169244,0,1,1,0
PAWN_AUDIT_RESULT,2622,1,1,18,0,0,18,0,3,3,0,0
PAWN_AUDIT_ENTRY,2628,12659974856483008372,11132316635763544295,4122254023178371642,4753078803390144764,725,250,251,245,8,7,1,6,18446744073709550001,18446744073709550278,6,0,0,0,0,0,0,0,0,18446744073709551409,18446744073709551409,18446744073709380616,11,5167,0,0,1,2,18446744073709551459,18446744073709551030,18446744073709551030,84,0,1,1,2066875457984762543,0,0,6,9434758116987316069,0,1,1,0
PAWN_AUDIT_RESULT,2628,1,1,-80,0,0,-80,0,0,0,0,0
PAWN_AUDIT_ENTRY,2639,10127556560825331128,2910296514163431010,16017006094441245057,10138601388241396178,2131,250,251,202,7,6,1,3,18446744073709548594,18446744073709550278,6,0,0,0,0,0,0,0,0,18446744073709551614,18446744073709551614,18446744073708335230,11,5187,0,0,1,3,18446744073709550819,18446744073709551030,18446744073709551030,85,0,1,1,4001936679064533168,0,0,6,2785374582411537737,0,1,1,0
PAWN_AUDIT_RESULT,2639,1,1,178,0,0,178,0,0,0,0,0
PAWN_AUDIT_ENTRY,2641,10255823372208093415,16945790079930987749,16017006094441245057,1325020808106005836,324,250,251,202,7,6,1,5,18446744073709546441,18446744073709550278,6,0,0,0,0,0,0,0,0,18446744073709551614,18446744073709551614,18446744073708335230,11,5189,0,0,1,4,18446744073709549840,18446744073709551030,18446744073709551030,85,0,1,1,4001936679064533168,0,0,6,2785374582411537737,0,1,1,0
PAWN_AUDIT_RESULT,2641,1,1,112,0,0,112,0,0,0,0,0
PAWN_AUDIT_ENTRY,2642,16945790079930987749,12240704901312291253,16017006094441245057,9027709987867914678,1359,250,251,202,7,6,1,7,18446744073709545027,18446744073709550278,6,0,0,0,0,0,0,0,0,18446744073709551614,18446744073709551614,18446744073708335230,11,5190,0,0,1,2,18446744073709549197,18446744073709551030,18446744073709551030,85,0,1,1,4001936679064533168,0,0,6,2785374582411537737,0,1,1,0
PAWN_AUDIT_RESULT,2642,1,1,89,0,0,89,0,0,0,0,0
PAWN_AUDIT_ENTRY,2643,12240704901312291253,8816721556341098643,16017006094441245057,1216758422500533997,399,250,251,202,7,6,1,8,18446744073709544714,18446744073709550278,6,0,0,0,0,0,0,0,0,18446744073709551614,18446744073709551614,18446744073708335230,11,5191,0,0,1,6,18446744073709549055,18446744073709551030,18446744073709551030,85,0,1,1,4001936679064533168,0,0,6,2785374582411537737,0,1,1,0
PAWN_AUDIT_RESULT,2643,1,1,90,0,0,90,0,0,0,0,0
PAWN_AUDIT_ENTRY,2670,15100931690850477035,4052301527188421647,3621066328261598258,14450748570820391513,797,250,251,193,8,7,4,3,18446744073709549082,18446744073709550278,8,0,0,0,0,0,0,0,0,203,203,18446744073708363748,11,5260,0,0,1,2,18446744073709551041,18446744073709551030,18446744073709551030,206,0,1,1,14806036804063960078,0,0,8,15196091429420339360,0,1,1,0
PAWN_AUDIT_RESULT,2670,4,4,209,0,0,209,0,0,0,0,0
PAWN_AUDIT_ENTRY,2671,4052301527188421647,5599225617388968563,3621066328261598258,444037582785792300,786,250,251,209,8,7,3,4,18446744073709546962,18446744073709550278,8,0,0,0,0,0,0,0,0,203,203,18446744073708363748,11,5261,0,0,1,2,18446744073709550077,18446744073709551030,18446744073709551030,206,0,1,1,14806036804063960078,0,0,8,15196091429420339360,0,1,1,0
PAWN_AUDIT_RESULT,2671,3,3,167,0,0,167,0,0,0,0,0
PAWN_AUDIT_ENTRY,2672,5599225617388968563,15942706461129713764,3621066328261598258,16191986719279890185,790,250,251,209,8,7,3,5,18446744073709547219,18446744073709550278,8,0,0,0,0,0,0,0,0,203,203,18446744073708363748,11,5262,0,0,1,2,18446744073709550194,18446744073709551030,18446744073709551030,206,0,1,1,14806036804063960078,0,0,8,15196091429420339360,0,1,1,0
PAWN_AUDIT_RESULT,2672,3,3,192,0,0,192,0,0,0,0,0
PAWN_AUDIT_ENTRY,2673,15942706461129713764,16718974170142339497,3621066328261598258,4871498639467305417,658,250,251,209,8,7,2,7,18446744073709544193,18446744073709550278,8,0,0,0,0,0,0,0,0,203,203,18446744073708363748,11,5263,0,0,1,1,18446744073709548818,18446744073709551030,18446744073709551030,206,0,1,1,14806036804063960078,0,0,8,15196091429420339360,0,0,1,0
PAWN_AUDIT_RESULT,2673,2,2,243,0,0,243,0,0,0,0,0
PAWN_AUDIT_ENTRY,2674,16718974170142339497,8205214604442140798,12684126517180475113,16353498018833591994,2131,250,251,248,10,9,6,2,18446744073709543036,4139,6,0,0,0,0,0,0,0,0,214,214,18446744073708359603,11,5264,0,0,0,3,18446744073709550092,18446744073709547948,18446744073709550496,261,2,1,1,14806036804063960078,3,0,6,14863154471790055613,0,4,1,0
PAWN_AUDIT_RESULT,2674,6,6,241,0,0,241,0,25,25,0,0
PAWN_AUDIT_ENTRY,2682,5444911265034080873,17388126074858011118,12684126517180475113,8945183040131340836,324,250,251,248,10,9,4,3,18446744073709550849,2254,6,0,0,0,0,0,0,0,0,214,214,18446744073708359603,11,5290,0,0,0,4,18446744073709547575,7953,18446744073709551030,261,2,1,1,14806036804063960078,3,0,6,14863154471790055613,0,4,1,0
PAWN_AUDIT_RESULT,2682,4,4,167,0,0,167,0,0,0,0,0
PAWN_AUDIT_ENTRY,2684,2332393570293199450,11999314208514014197,12684126517180475113,5389914016790677634,797,250,251,248,10,9,3,5,18446744073709548948,18446744073709550212,6,0,0,0,0,0,0,0,0,214,214,18446744073708359603,11,5292,0,0,0,2,18446744073709550980,18446744073709551030,18446744073709551030,261,2,1,1,14806036804063960078,3,0,6,14863154471790055613,0,4,1,0
PAWN_AUDIT_RESULT,2684,3,3,209,0,0,209,0,0,0,0,0
PAWN_AUDIT_ENTRY,2685,11999314208514014197,6629715422343881877,12684126517180475113,13969188909174874898,658,250,251,248,10,9,3,6,18446744073709548058,18446744073709550278,6,0,0,0,0,0,0,0,0,214,214,18446744073708359603,11,5293,0,0,0,1,18446744073709551405,18446744073709549371,18446744073709551030,261,2,1,1,14806036804063960078,3,0,6,14863154471790055613,0,0,1,0
PAWN_AUDIT_RESULT,2685,3,3,-381,0,0,-381,0,1,1,0,0
PAWN_AUDIT_ENTRY,2686,6629715422343881877,16920507008364492872,12684126517180475113,7130028749965985234,790,250,251,248,10,9,3,7,18446744073709545438,18446744073709549668,6,0,0,0,0,0,0,0,0,214,214,18446744073708359603,11,5295,0,0,0,2,18446744073709549384,18446744073709551030,18446744073709551030,261,2,1,1,14806036804063960078,3,0,6,14863154471790055613,0,4,1,0
PAWN_AUDIT_RESULT,2686,3,3,152,0,0,152,0,0,0,0,0
PAWN_AUDIT_ENTRY,2687,16920507008364492872,17419619348846751131,12684126517180475113,6126052159536681181,666,250,251,248,10,9,2,8,18446744073709543954,18446744073709550278,6,0,0,0,0,0,0,0,0,214,214,18446744073708359603,11,5296,0,0,0,1,18446744073709547515,1802,18446744073709551030,261,2,1,1,14806036804063960078,3,0,6,14863154471790055613,0,0,1,0
PAWN_AUDIT_RESULT,2687,2,2,221,0,0,221,0,0,0,0,0
PAWN_AUDIT_ENTRY,2688,17419619348846751131,13316020804734489726,12684126517180475113,9542569792768078839,786,250,251,248,10,9,2,9,18446744073709544565,18446744073709548907,6,0,0,0,0,0,0,0,0,214,214,18446744073708359603,11,5297,0,0,0,2,18446744073709548987,18446744073709551030,18446744073709551030,261,2,1,1,14806036804063960078,3,0,6,14863154471790055613,0,4,1,0
PAWN_AUDIT_RESULT,2688,2,2,1,0,0,1,0,0,0,0,0
PAWN_AUDIT_ENTRY,2689,13316020804734489726,11334620249672419329,12684126517180475113,1309240487348405487,536,250,251,248,10,9,1,11,18446744073709538273,18446744073709550278,6,0,0,0,0,0,0,0,0,214,214,18446744073708359603,11,5298,0,0,0,1,18446744073709546301,18446744073709550680,18446744073709551030,261,2,1,1,14806036804063960078,3,0,6,14863154471790055613,0,0,1,0
PAWN_AUDIT_RESULT,2689,1,1,221,0,0,221,0,0,0,0,0
PAWN_AUDIT_ENTRY,2690,11334620249672419329,4031411113099351143,12684126517180475113,6442446004505334287,918,250,251,248,10,9,1,14,18446744073709534611,18446744073709550278,6,0,0,0,0,0,0,0,0,214,214,18446744073708359603,11,5299,0,0,0,1,18446744073709544461,18446744073709551030,18446744073709551030,261,2,1,1,14806036804063960078,3,0,6,14863154471790055613,0,0,1,0
PAWN_AUDIT_RESULT,2690,1,1,145,0,0,145,0,0,0,0,0
PAWN_AUDIT_ENTRY,2691,4031411113099351143,12760048401261093686,12684126517180475113,3233812670286506824,983,250,251,248,10,9,1,15,18446744073709537488,18446744073709549871,6,0,0,0,0,0,0,0,0,214,214,18446744073708359603,11,5300,0,0,0,1,18446744073709546133,18446744073709550302,18446744073709551030,261,2,1,1,14806036804063960078,3,0,6,14863154471790055613,0,0,1,0
PAWN_AUDIT_RESULT,2691,1,1,179,0,0,179,0,0,0,0,0
PAWN_AUDIT_ENTRY,2692,12760048401261093686,17079783919898699506,12684126517180475113,2461613877618686470,593,250,251,248,10,9,1,16,18446744073709534646,18446744073709550278,6,0,0,0,0,0,0,0,0,214,214,18446744073708359603,11,5301,0,0,0,1,18446744073709544477,18446744073709551030,18446744073709551030,261,2,1,1,14806036804063960078,3,0,6,14863154471790055613,0,0,1,0
PAWN_AUDIT_RESULT,2692,1,1,168,0,0,168,0,0,0,0,0
PAWN_AUDIT_ENTRY,2693,17079783919898699506,8643031304742864513,12684126517180475113,8646131972966636202,1348,250,251,248,10,9,1,17,18446744073709534787,18446744073709549527,6,0,0,0,0,0,0,0,0,214,214,18446744073708359603,11,5302,0,0,0,2,18446744073709544541,18446744073709551030,18446744073709551030,261,2,1,1,14806036804063960078,3,0,6,14863154471790055613,0,4,1,0
PAWN_AUDIT_RESULT,2693,1,1,203,0,0,203,0,0,0,0,0
PAWN_AUDIT_ENTRY,2694,8643031304742864513,8423673300453509369,12684126517180475113,5399695120981422390,157,250,251,248,10,9,1,20,18446744073709536500,18446744073709547965,6,0,0,0,0,0,0,0,0,214,214,18446744073708359603,11,5303,0,0,0,3,18446744073709545320,18446744073709551030,18446744073709551030,261,2,1,1,14806036804063960078,3,0,6,14863154471790055613,0,4,1,0
PAWN_AUDIT_RESULT,2694,1,1,171,0,0,171,0,0,0,0,0
PAWN_AUDIT_ENTRY,2738,5843370309053548808,3897052468440519419,3270033715806347054,7379684303183159166,1380,250,251,137,8,7,4,2,18446744073709545704,302,10,0,0,0,0,0,0,0,0,18446744073709551612,18446744073709551612,18446744073709380616,11,5404,0,0,1,2,18446744073709549505,18446744073709551030,18446744073709551030,262,0,1,1,8730853517444136283,0,0,10,10443327896292577346,0,1,1,0
PAWN_AUDIT_RESULT,2738,4,4,154,0,0,154,0,0,0,0,0
PAWN_AUDIT_ENTRY,2739,3897052468440519419,12557241641399439920,3270033715806347054,10269438100655626635,194,250,251,154,8,7,4,3,18446744073709549036,18446744073709550278,10,0,0,0,0,0,0,0,0,18446744073709551612,18446744073709551612,18446744073709380616,11,5405,0,0,1,5,18446744073709551020,18446744073709551030,18446744073709551030,262,0,1,1,8730853517444136283,0,0,10,10443327896292577346,0,1,1,0
PAWN_AUDIT_RESULT,2739,4,4,110,0,0,110,0,0,0,0,0
PAWN_AUDIT_ENTRY,2740,12557241641399439920,13816877767490996777,3270033715806347054,13195747078388782798,193,250,251,154,8,7,3,4,18446744073709548671,18446744073709550278,10,0,0,0,0,0,0,0,0,18446744073709551612,18446744073709551612,18446744073709380616,11,5406,0,0,1,5,18446744073709550854,18446744073709551030,18446744073709551030,262,0,1,1,8730853517444136283,0,0,10,10443327896292577346,0,1,1,0
PAWN_AUDIT_RESULT,2740,3,3,44,0,0,44,0,0,0,0,0
PAWN_AUDIT_ENTRY,2741,13816877767490996777,17399317201880233669,3270033715806347054,9520677609925999697,2,250,251,154,8,7,3,5,18446744073709548123,18446744073709550278,10,0,0,0,0,0,0,0,0,18446744073709551612,18446744073709551612,18446744073709380616,11,5407,0,0,1,4,18446744073709550605,18446744073709551030,18446744073709551030,262,0,1,1,8730853517444136283,0,0,10,10443327896292577346,0,1,1,0
PAWN_AUDIT_RESULT,2741,3,3,120,0,0,120,0,0,0,0,0
PAWN_AUDIT_ENTRY,2742,17399317201880233669,9036638419104860329,3270033715806347054,6170526988706184680,1355,250,251,154,8,7,3,6,18446744073709549595,18446744073709548874,10,0,0,0,0,0,0,0,0,18446744073709551612,18446744073709551612,18446744073709380616,11,5408,0,0,1,2,18446744073709551274,18446744073709551030,18446744073709551030,262,0,1,1,8730853517444136283,0,0,10,10443327896292577346,0,1,1,0
PAWN_AUDIT_RESULT,2742,3,3,-74,0,0,-74,0,0,0,0,0
PAWN_AUDIT_ENTRY,2743,9036638419104860329,14801024579492173318,3270033715806347054,9193294098674931581,2131,250,251,154,8,7,2,7,18446744073709547875,18446744073709549345,10,0,0,0,0,0,0,0,0,18446744073709551612,18446744073709551612,18446744073709380616,11,5409,0,0,1,3,18446744073709550492,18446744073709551030,18446744073709551030,262,0,1,1,8730853517444136283,0,0,10,10443327896292577346,0,1,1,0
PAWN_AUDIT_RESULT,2743,2,2,65,0,0,65,0,0,0,0,0
PAWN_AUDIT_ENTRY,2744,14801024579492173318,15332350956685834586,3270033715806347054,1803809440420842032,1164,250,251,154,8,7,2,9,18446744073709544048,18446744073709549962,10,0,0,0,0,0,0,0,0,18446744073709551612,18446744073709551612,18446744073709380616,11,5410,0,0,1,2,18446744073709548752,18446744073709551030,18446744073709551030,262,0,1,1,8730853517444136283,0,0,10,10443327896292577346,0,1,1,0
PAWN_AUDIT_RESULT,2744,2,2,140,0,0,140,0,0,0,0,0
PAWN_AUDIT_ENTRY,2746,5427927823724072527,5919120934826674436,6083198843073683492,413367409642296871,2461,250,251,250,10,9,7,2,18446744073709550340,18446744073709550686,8,0,0,0,0,0,0,0,0,258,258,18446744073709363094,11,5413,0,0,0,3,18446744073709551613,18446744073709551030,18446744073709551030,262,0,1,1,8730853517444136283,4,0,8,9746149463217593595,0,5,1,0
PAWN_AUDIT_RESULT,2746,7,7,184,0,0,184,0,0,0,0,0
PAWN_AUDIT_ENTRY,2747,5919120934826674436,7356935079011654866,6083198843073683492,2261726816904110196,1380,250,251,250,10,9,6,3,18446744073709547081,853,8,0,0,0,0,0,0,0,0,258,258,18446744073709363094,11,5414,0,0,0,2,18446744073709550131,18446744073709551030,18446744073709551030,262,0,1,1,8730853517444136283,4,0,8,9746149463217593595,0,5,1,0
PAWN_AUDIT_RESULT,2747,6,6,-896,0,0,-896,0,4,4,0,0
PAWN_AUDIT_ENTRY,2748,7356935079011654866,4052967583427990003,6083198843073683492,15981227933817452513,2443,250,251,250,10,9,6,4,18446744073709550340,18446744073709549571,8,0,0,0,0,0,0,0,0,258,258,18446744073709363094,11,5419,0,0,0,3,18446744073709551613,18446744073709551030,18446744073709551030,262,0,1,1,8730853517444136283,4,0,8,9746149463217593595,0,5,1,0
PAWN_AUDIT_RESULT,2748,6,6,156,0,0,156,0,0,0,0,0
PAWN_AUDIT_ENTRY,2749,4052967583427990003,11056560094993624603,6083198843073683492,16907934898109889729,2452,250,251,250,10,9,6,5,18446744073709550340,18446744073709549462,8,0,0,0,0,0,0,0,0,258,258,18446744073709363094,11,5420,0,0,0,3,18446744073709551613,18446744073709551030,18446744073709551030,262,0,1,1,8730853517444136283,4,0,8,9746149463217593595,0,5,1,1
PAWN_AUDIT_RESULT,2749,6,7,175,0,0,175,0,0,0,0,0
PAWN_AUDIT_ENTRY,2750,11056560094993624603,6380196872057425424,6083198843073683492,6890841799115397684,2434,250,251,250,10,9,6,6,18446744073709547219,18446744073709550278,8,0,0,0,0,0,0,0,0,258,258,18446744073709363094,11,5421,0,0,0,3,18446744073709550194,18446744073709551030,18446744073709551030,262,0,1,1,8730853517444136283,4,0,8,9746149463217593595,0,5,1,0
PAWN_AUDIT_RESULT,2750,6,6,1,0,0,1,0,0,0,0,0
PAWN_AUDIT_ENTRY,2751,6380196872057425424,14234964018320267090,6083198843073683492,5508145031628718683,2463,250,251,250,10,9,5,7,18446744073709547219,18446744073709550278,8,0,0,0,0,0,0,0,0,258,258,18446744073709363094,11,5422,0,0,0,3,18446744073709550194,18446744073709551030,18446744073709551030,262,0,1,1,8730853517444136283,4,0,8,9746149463217593595,0,5,1,0
PAWN_AUDIT_RESULT,2751,5,5,204,0,0,204,0,0,0,0,0
PAWN_AUDIT_ENTRY,2752,14234964018320267090,7629520614435829785,6083198843073683492,18242567647326503771,2,250,251,250,10,9,5,8,18446744073709547061,18446744073709549723,8,0,0,0,0,0,0,0,0,258,258,18446744073709363094,11,5423,0,0,0,4,18446744073709550122,18446744073709551030,18446744073709551030,262,0,1,1,8730853517444136283,4,0,8,9746149463217593595,0,5,1,0
PAWN_AUDIT_RESULT,2752,5,5,200,0,0,200,0,0,0,0,0
PAWN_AUDIT_ENTRY,2753,7629520614435829785,9115504019156140927,6083198843073683492,17838473085175047809,194,250,251,250,10,9,5,9,18446744073709547283,18446744073709549418,8,0,0,0,0,0,0,0,0,258,258,18446744073709363094,11,5424,0,0,0,5,18446744073709550223,18446744073709551030,18446744073709551030,262,0,1,1,8730853517444136283,4,0,8,9746149463217593595,0,5,1,0
PAWN_AUDIT_RESULT,2753,5,5,227,0,0,227,0,3,3,0,0
PAWN_AUDIT_ENTRY,2755,7481812040303179433,3651855257650764880,6083198843073683492,6918312334172534074,1164,250,251,250,10,9,3,10,18446744073709544250,18446744073709550055,8,0,0,0,0,0,0,0,0,258,258,18446744073709363094,11,5428,0,0,0,2,18446744073709548844,18446744073709551030,18446744073709551030,262,0,1,1,8730853517444136283,4,0,8,9746149463217593595,0,5,1,0
PAWN_AUDIT_RESULT,2755,3,3,186,0,0,186,0,0,0,0,0
PAWN_AUDIT_ENTRY,2756,3651855257650764880,702641592137003593,6083198843073683492,14855709707066829252,193,250,251,250,10,9,3,11,18446744073709545880,18446744073709548874,8,0,0,0,0,0,0,0,0,258,258,18446744073709363094,11,5429,0,0,0,5,18446744073709549585,18446744073709551030,18446744073709551030,262,0,1,1,8730853517444136283,4,0,8,9746149463217593595,0,5,1,0
PAWN_AUDIT_RESULT,2756,3,3,169,0,0,169,0,0,0,0,0
PAWN_AUDIT_ENTRY,2757,702641592137003593,8080617714305727365,6083198843073683492,9747365205556991172,528,250,251,250,10,9,3,12,18446744073709537646,18446744073709550278,8,0,0,0,0,0,0,0,0,258,258,18446744073709363094,11,5430,0,0,0,1,18446744073709545398,300,18446744073709551030,262,0,1,1,8730853517444136283,4,0,8,9746149463217593595,0,0,1,0
PAWN_AUDIT_RESULT,2757,3,3,217,0,0,217,0,0,0,0,0
PAWN_AUDIT_ENTRY,2770,3787367451526378800,8555344508535265122,6083198843073683492,3218031746121695970,1355,250,251,250,10,9,2,16,18446744073709544235,18446744073709547758,8,0,0,0,0,0,0,0,0,258,258,18446744073709363094,11,5460,0,0,0,2,18446744073709548837,18446744073709551030,18446744073709551030,262,0,1,1,8730853517444136283,4,0,8,9746149463217593595,0,5,1,0
PAWN_AUDIT_RESULT,2770,2,2,146,0,0,146,0,0,0,0,0
PAWN_AUDIT_ENTRY,2771,8555344508535265122,14419414821874670158,6083198843073683492,2030104599252105038,204,250,251,250,10,9,2,17,18446744073709541002,18446744073709549842,8,0,0,0,0,0,0,0,0,258,258,18446744073709363094,11,5461,0,0,0,5,18446744073709547367,18446744073709551030,18446744073709551030,262,0,1,1,8730853517444136283,4,0,8,9746149463217593595,0,5,1,0
PAWN_AUDIT_RESULT,2771,2,2,211,0,0,211,0,0,0,0,0
PAWN_AUDIT_ENTRY,2772,14419414821874670158,3755615480533925903,6083198843073683492,17746319477385511458,536,250,251,250,10,9,1,18,18446744073709539289,18446744073709550278,8,0,0,0,0,0,0,0,0,258,258,18446744073709363094,11,5462,0,0,0,1,18446744073709546588,18446744073709551030,18446744073709551030,262,0,1,1,8730853517444136283,4,0,8,9746149463217593595,0,0,1,0
PAWN_AUDIT_RESULT,2772,1,1,195,0,0,195,0,0,0,0,0
PAWN_AUDIT_ENTRY,2773,3755615480533925903,14426681260926769339,6083198843073683492,56072690603393792,2117,250,251,250,10,9,2,19,18446744073709544582,18446744073709549283,8,0,0,0,0,0,0,0,0,258,258,18446744073709363094,11,5463,0,0,0,3,18446744073709548995,18446744073709551030,18446744073709551030,262,0,1,1,8730853517444136283,4,0,8,9746149463217593595,0,5,1,0
PAWN_AUDIT_RESULT,2773,2,2,185,0,0,185,0,0,0,0,0
PAWN_AUDIT_ENTRY,2774,14426681260926769339,8041969056023862247,6083198843073683492,477248581913258103,2131,250,251,250,10,9,2,20,18446744073709545242,18446744073709548132,8,0,0,0,0,0,0,0,0,258,258,18446744073709363094,11,5464,0,0,0,3,18446744073709549295,18446744073709551030,18446744073709551030,262,0,1,1,8730853517444136283,4,0,8,9746149463217593595,0,5,1,0
PAWN_AUDIT_RESULT,2774,2,2,206,0,0,206,0,0,0,0,0
PAWN_AUDIT_ENTRY,2775,8041969056023862247,13219720344986559698,6083198843073683492,14450929420234091909,983,250,251,250,10,9,1,21,18446744073709537692,18446744073709550278,8,0,0,0,0,0,0,0,0,258,258,18446744073709363094,11,5465,0,0,0,1,18446744073709545862,18446744073709551030,18446744073709551030,262,0,1,1,8730853517444136283,4,0,8,9746149463217593595,0,0,1,0
PAWN_AUDIT_RESULT,2775,1,1,250,0,0,250,0,4,4,0,0
PAWN_AUDIT_ENTRY,2776,13219720344986559698,295443280601542363,6083198843073683492,4523532739337805312,2124,250,251,250,10,9,1,22,18446744073709538669,18446744073709549714,8,0,0,0,0,0,0,0,0,258,258,18446744073709363094,11,5470,0,0,0,3,18446744073709546306,18446744073709551030,18446744073709551030,262,0,1,1,8730853517444136283,4,0,8,9746149463217593595,0,5,1,0
PAWN_AUDIT_RESULT,2776,1,1,195,0,0,195,0,0,0,0,0
PAWN_AUDIT_ENTRY,2777,295443280601542363,15982833718743611898,6083198843073683492,9863414503344572622,991,250,251,250,10,9,1,23,18446744073709535531,18446744073709550278,8,0,0,0,0,0,0,0,0,258,258,18446744073709363094,11,5471,0,0,0,1,18446744073709544879,18446744073709551030,18446744073709551030,262,0,1,1,8730853517444136283,4,0,8,9746149463217593595,0,0,1,0
PAWN_AUDIT_RESULT,2777,1,1,174,0,0,174,0,0,0,0,0
PAWN_AUDIT_ENTRY,2778,15982833718743611898,12493202329244131004,6083198843073683492,3638786847153807328,1,250,251,250,10,9,1,25,18446744073709534789,18446744073709550278,8,0,0,0,0,0,0,0,0,258,258,18446744073709363094,11,5472,0,0,0,4,18446744073709544542,18446744073709551030,18446744073709551030,262,0,1,1,8730853517444136283,4,0,8,9746149463217593595,0,5,1,0
PAWN_AUDIT_RESULT,2778,1,1,206,0,0,206,0,0,0,0,0
PAWN_AUDIT_ENTRY,2779,12493202329244131004,8721704232781754267,6083198843073683492,8946475683938335830,2136,250,251,250,10,9,1,26,18446744073709534690,18446744073709550278,8,0,0,0,0,0,0,0,0,258,258,18446744073709363094,11,5473,0,0,0,3,18446744073709544497,18446744073709551030,18446744073709551030,262,0,1,1,8730853517444136283,4,0,8,9746149463217593595,0,5,1,0
PAWN_AUDIT_RESULT,2779,1,1,200,0,0,200,0,0,0,0,0
PAWN_AUDIT_ENTRY,2780,8721704232781754267,5653900714820356043,6083198843073683492,1492500761853633676,203,250,251,250,10,9,1,27,18446744073709534682,18446744073709550278,8,0,0,0,0,0,0,0,0,258,258,18446744073709363094,11,5474,0,0,0,5,18446744073709544493,18446744073709551030,18446744073709551030,262,0,1,1,8730853517444136283,4,0,8,9746149463217593595,0,5,1,0
PAWN_AUDIT_RESULT,2780,1,1,240,0,0,240,0,0,0,0,0
PAWN_AUDIT_ENTRY,2781,5653900714820356043,18228731082829629854,6083198843073683492,12798723808411386714,1375,250,251,250,10,9,1,28,18446744073709534662,18446744073709550278,8,0,0,0,0,0,0,0,0,258,258,18446744073709363094,11,5475,0,0,0,2,18446744073709544484,18446744073709551030,18446744073709551030,262,0,1,1,8730853517444136283,4,0,8,9746149463217593595,0,5,1,0
PAWN_AUDIT_RESULT,2781,1,1,153,0,0,153,0,0,0,0,0
PAWN_AUDIT_ENTRY,2782,18228731082829629854,9646180847702830712,6083198843073683492,13620264347890750658,918,250,251,250,10,9,1,29,18446744073709534598,18446744073709550278,8,0,0,0,0,0,0,0,0,258,258,18446744073709363094,11,5476,0,0,0,1,18446744073709544455,18446744073709551030,18446744073709551030,262,0,1,1,8730853517444136283,4,0,8,9746149463217593595,0,0,1,0
PAWN_AUDIT_RESULT,2782,1,1,147,0,0,147,0,0,0,0,0
PAWN_AUDIT_ENTRY,2783,9646180847702830712,17885669326116281189,6083198843073683492,2639307183809983129,389,250,251,250,10,9,2,30,18446744073709538805,18446744073709548874,8,0,0,0,0,0,0,0,0,258,258,18446744073709363094,11,5477,0,0,0,6,18446744073709546368,18446744073709551030,18446744073709551030,262,0,1,1,8730853517444136283,4,0,8,9746149463217593595,0,5,1,0
PAWN_AUDIT_RESULT,2783,2,2,183,0,0,183,0,0,0,0,0
PAWN_AUDIT_ENTRY,2784,17885669326116281189,11319489583613444592,6083198843073683492,10975096747465792745,261,250,251,250,10,9,2,31,18446744073709538559,18446744073709548874,8,0,0,0,0,0,0,0,0,258,258,18446744073709363094,11,5478,0,0,0,4,18446744073709546256,18446744073709551030,18446744073709551030,262,0,1,1,8730853517444136283,4,0,8,9746149463217593595,0,5,1,0
PAWN_AUDIT_RESULT,2784,2,2,155,0,0,155,0,0,0,0,0
PAWN_AUDIT_ENTRY,2785,11319489583613444592,9707044638969023760,6083198843073683492,15907363701246964672,268,250,251,250,10,9,2,32,18446744073709538121,18446744073709549027,8,0,0,0,0,0,0,0,0,258,258,18446744073709363094,11,5479,0,0,0,4,18446744073709546057,18446744073709551030,18446744073709551030,262,0,1,1,8730853517444136283,4,0,8,9746149463217593595,0,5,1,0
PAWN_AUDIT_RESULT,2785,2,2,158,0,0,158,0,0,0,0,0
PAWN_AUDIT_ENTRY,2786,9707044638969023760,15093204139264197533,6083198843073683492,14287005733084789963,593,250,251,250,10,9,1,33,18446744073709534627,18446744073709550278,8,0,0,0,0,0,0,0,0,258,258,18446744073709363094,11,5480,0,0,0,1,18446744073709544468,18446744073709551030,18446744073709551030,262,0,1,1,8730853517444136283,4,0,8,9746149463217593595,0,0,1,0
PAWN_AUDIT_RESULT,2786,1,1,174,0,0,174,0,0,0,0,0
PAWN_AUDIT_ENTRY,2787,15093204139264197533,90366356205424827,6083198843073683492,10741145727940632127,276,250,251,250,10,9,2,34,18446744073709538449,18446744073709548874,8,0,0,0,0,0,0,0,0,258,258,18446744073709363094,11,5481,0,0,0,4,18446744073709546206,18446744073709551030,18446744073709551030,262,0,1,1,8730853517444136283,4,0,8,9746149463217593595,0,5,1,0
PAWN_AUDIT_RESULT,2787,2,2,219,0,0,219,0,0,0,0,0
PAWN_AUDIT_ENTRY,2788,90366356205424827,11086456957911880513,6083198843073683492,10709266724220997119,211,250,251,250,10,9,1,35,18446744073709534748,18446744073709549353,8,0,0,0,0,0,0,0,0,258,258,18446744073709363094,11,5482,0,0,0,5,18446744073709544523,18446744073709551030,18446744073709551030,262,0,1,1,8730853517444136283,4,0,8,9746149463217593595,0,5,1,0
PAWN_AUDIT_RESULT,2788,1,1,242,0,0,242,0,0,0,0,0
PAWN_AUDIT_ENTRY,2789,11086456957911880513,7637592911299420245,6083198843073683492,17644496580358166140,1176,250,251,250,10,9,1,37,18446744073709534880,18446744073709548961,8,0,0,0,0,0,0,0,0,258,258,18446744073709363094,11,5483,0,0,0,2,18446744073709544583,18446744073709551030,18446744073709551030,262,0,1,1,8730853517444136283,4,0,8,9746149463217593595,0,5,1,0
PAWN_AUDIT_RESULT,2789,1,1,173,0,0,173,0,0,0,0,0
PAWN_AUDIT_ENTRY,2790,7637592911299420245,12507454484829620040,6083198843073683492,17197403921165491058,391,250,251,250,10,9,1,38,18446744073709534734,18446744073709548874,8,0,0,0,0,0,0,0,0,258,258,18446744073709363094,11,5484,0,0,0,6,18446744073709544517,18446744073709551030,18446744073709551030,262,0,1,1,8730853517444136283,4,0,8,9746149463217593595,0,5,1,0
PAWN_AUDIT_RESULT,2790,1,1,187,0,0,187,0,0,0,0,0
PAWN_AUDIT_ENTRY,2791,12507454484829620040,9458564400866838218,6083198843073683492,518842681507975438,1153,250,251,250,10,9,1,39,18446744073709534730,18446744073709548874,8,0,0,0,0,0,0,0,0,258,258,18446744073709363094,11,5485,0,0,0,2,18446744073709544515,18446744073709551030,18446744073709551030,262,0,1,1,8730853517444136283,4,0,8,9746149463217593595,0,5,1,0
PAWN_AUDIT_RESULT,2791,1,1,160,0,0,160,0,0,0,0,0
PAWN_AUDIT_ENTRY,2795,2591985931514018701,5435028652476693427,4796174260485342836,1685765475824704612,2940,18446744073709551365,18446744073709551366,18446744073709551335,6,5,1,4,18446744073709545069,18446744073709550278,9,0,1,0,0,0,0,0,0,18446744073709551289,18446744073709551289,18446744073709380616,11,5499,0,0,1,10,18446744073709549216,18446744073709551030,18446744073709551030,32002,18446744073709551614,2,1,16898433067176904673,0,0,9,6891776138654394538,0,1,1,0
PAWN_AUDIT_RESULT,2795,1,1,-383,0,0,-383,0,0,0,0,0
PAWN_AUDIT_ENTRY,2797,7160205285048023537,14779915630266180552,4796174260485342836,556450117202518325,3306,18446744073709551365,18446744073709551366,18446744073709551335,6,5,1,10,18446744073709548627,18446744073709550278,9,0,1,0,0,0,0,0,0,18446744073709551289,18446744073709551289,18446744073709380616,11,5501,0,0,1,11,18446744073709550834,18446744073709551030,18446744073709551030,32002,18446744073709551614,2,1,16898433067176904673,0,0,9,6891776138654394538,0,1,1,0
PAWN_AUDIT_RESULT,2797,1,1,-371,0,0,-371,0,0,0,0,0
PAWN_AUDIT_ENTRY,2798,14779915630266180552,6424795317496628781,4796174260485342836,17644645758998468901,3324,18446744073709551365,18446744073709551366,18446744073709551335,6,5,1,11,18446744073709545869,18446744073709550278,9,0,1,0,0,0,0,0,0,18446744073709551289,18446744073709551289,18446744073709380616,11,5502,0,0,1,11,18446744073709549580,18446744073709551030,18446744073709551030,32002,18446744073709551614,2,1,16898433067176904673,0,0,9,6891776138654394538,0,1,1,0
PAWN_AUDIT_RESULT,2798,1,1,-470,0,0,-470,0,0,0,0,0
PAWN_AUDIT_ENTRY,2799,6424795317496628781,17354302293435555596,4796174260485342836,13375555824557882443,3964,18446744073709551365,18446744073709551366,18446744073709551335,6,5,1,12,18446744073709544714,18446744073709550278,9,0,1,0,0,0,0,0,0,18446744073709551289,18446744073709551289,18446744073709380616,11,5503,0,0,1,12,18446744073709549055,18446744073709551030,18446744073709551030,32002,18446744073709551614,2,1,16898433067176904673,0,0,9,6891776138654394538,0,1,1,0
PAWN_AUDIT_RESULT,2799,1,1,-379,0,0,-379,0,0,0,0,0
PAWN_AUDIT_ENTRY,2800,17354302293435555596,15187099485288866875,4796174260485342836,5850702145495777907,3836,18446744073709551365,18446744073709551366,18446744073709551335,6,5,1,13,18446744073709544714,18446744073709550278,9,0,1,0,0,0,0,0,0,18446744073709551289,18446744073709551289,18446744073709380616,11,5504,0,0,1,13,18446744073709549055,18446744073709551030,18446744073709551030,32002,18446744073709551614,2,1,16898433067176904673,0,0,9,6891776138654394538,0,1,1,0
PAWN_AUDIT_RESULT,2800,1,1,-595,0,0,-595,0,0,0,0,0
PAWN_AUDIT_ENTRY,2805,6460783787643392655,9955073019073355647,14376391443702245051,1422691261735146744,4031,18446744073709551365,18446744073709551366,18446744073709551339,11,10,1,6,18446744073709539494,1604,7,0,1,0,0,0,0,0,0,18446744073709551392,18446744073709551392,1320006,11,5509,0,0,0,14,18446744073709547081,18446744073709551030,18446744073709550206,32002,18446744073709551614,0,1,8730853517444136283,3,0,7,10127375421174736619,0,4,1,0
PAWN_AUDIT_RESULT,2805,1,1,-345,0,0,-345,0,0,0,0,0
PAWN_AUDIT_ENTRY,2806,9955073019073355647,7932769178137522958,14376391443702245051,11225148770138659429,2720,18446744073709551365,18446744073709551366,18446744073709551339,11,10,2,7,18446744073709549504,18446744073709548874,7,0,1,0,0,0,0,0,0,18446744073709551392,18446744073709551392,1320006,11,5510,0,0,0,10,18446744073709551233,18446744073709551030,18446744073709551030,32002,18446744073709551614,0,1,8730853517444136283,3,0,7,10127375421174736619,0,4,1,0
PAWN_AUDIT_RESULT,2806,2,2,-322,0,0,-322,0,0,0,0,0
PAWN_AUDIT_ENTRY,2807,7932769178137522958,2260552536654716419,14376391443702245051,8201621275030551018,3324,18446744073709551365,18446744073709551366,18446744073709551339,11,10,1,8,18446744073709543632,18446744073709550278,7,0,1,0,0,0,0,0,0,18446744073709551392,18446744073709551392,1320006,11,5511,0,0,0,11,18446744073709548563,18446744073709551030,18446744073709551030,32002,18446744073709551614,0,1,8730853517444136283,3,0,7,10127375421174736619,0,4,1,0
PAWN_AUDIT_RESULT,2807,1,1,-300,0,0,-300,0,0,0,0,0
PAWN_AUDIT_ENTRY,2808,2260552536654716419,11361460667975575254,14376391443702245051,10550058201664568491,2940,18446744073709551365,18446744073709551366,18446744073709551339,11,10,1,9,18446744073709542990,18446744073709550278,7,0,1,0,0,0,0,0,0,18446744073709551392,18446744073709551392,1320006,11,5512,0,0,0,10,18446744073709548271,18446744073709551030,18446744073709551030,32002,18446744073709551614,0,1,8730853517444136283,3,0,7,10127375421174736619,0,4,1,0
PAWN_AUDIT_RESULT,2808,1,1,-379,0,0,-379,0,0,0,0,0
PAWN_AUDIT_ENTRY,2809,11361460667975575254,12239520191460249994,14376391443702245051,4365072065999559812,3964,18446744073709551365,18446744073709551366,18446744073709551339,11,10,1,10,18446744073709542704,18446744073709550278,7,0,1,0,0,0,0,0,0,18446744073709551392,18446744073709551392,1320006,11,5513,0,0,0,12,18446744073709548141,18446744073709551030,18446744073709551030,32002,18446744073709551614,0,1,8730853517444136283,3,0,7,10127375421174736619,0,4,1,0
PAWN_AUDIT_ENTRY,2810,12239520191460249994,11630926344076718241,6110371360466761491,3066950811922645319,2713,18446744073709551365,18446744073709551366,18446744073709551359,6,5,1,2,18446744073709549795,294,11,0,1,0,0,0,0,0,0,18446744073709551472,18446744073709551472,197184,11,5523,0,0,0,10,18446744073709551365,18446744073709551030,18446744073709551030,32002,18446744073709551613,0,0,8730853517444136283,1,0,11,6847313552299117827,0,2,1,0
PAWN_AUDIT_RESULT,2810,1,1,-431,0,0,-431,0,0,0,0,0
PAWN_AUDIT_ENTRY,2811,11630926344076718241,3125678162566172106,6110371360466761491,15299804336896006605,2747,18446744073709551365,18446744073709551366,18446744073709551359,6,5,1,3,18446744073709550340,18446744073709550278,11,0,1,0,0,0,0,0,0,18446744073709551472,18446744073709551472,197184,11,5524,0,0,0,10,18446744073709551613,18446744073709551030,18446744073709551030,32002,18446744073709551613,0,0,8730853517444136283,1,0,11,6847313552299117827,0,2,1,0
PAWN_AUDIT_RESULT,2811,1,1,-515,0,0,-515,0,0,0,0,0
PAWN_AUDIT_ENTRY,2812,3125678162566172106,7454710407733827066,6110371360466761491,15264628645444331447,3897,18446744073709551365,18446744073709551366,18446744073709551359,6,5,1,4,18446744073709550340,18446744073709550278,11,0,1,0,0,0,0,0,0,18446744073709551472,18446744073709551472,197184,11,5525,0,0,0,12,18446744073709551613,18446744073709551030,18446744073709551030,32002,18446744073709551613,0,0,8730853517444136283,1,0,11,6847313552299117827,0,2,1,0
PAWN_AUDIT_RESULT,2812,1,1,-349,0,0,-349,0,0,0,0,0
PAWN_AUDIT_ENTRY,2813,7454710407733827066,8409084764979900282,6110371360466761491,881924381595416443,3898,18446744073709551365,18446744073709551366,18446744073709551359,6,5,1,5,18446744073709550340,18446744073709550278,11,0,1,0,0,0,0,0,0,18446744073709551472,18446744073709551472,197184,11,5526,0,0,0,12,18446744073709551613,18446744073709551030,18446744073709551030,32002,18446744073709551613,0,0,8730853517444136283,1,0,11,6847313552299117827,0,2,1,0
PAWN_AUDIT_RESULT,2813,1,1,-363,0,0,-363,0,0,0,0,0
PAWN_AUDIT_ENTRY,2814,8409084764979900282,1549941329281012518,6110371360466761491,13439189825503864249,3899,18446744073709551365,18446744073709551366,18446744073709551359,6,5,1,6,18446744073709550340,18446744073709550278,11,0,1,0,0,0,0,0,0,18446744073709551472,18446744073709551472,197184,11,5527,0,0,0,12,18446744073709551613,18446744073709551030,18446744073709551030,32002,18446744073709551613,0,0,8730853517444136283,1,0,11,6847313552299117827,0,2,1,0
PAWN_AUDIT_RESULT,2814,1,1,-318,0,0,-318,0,0,0,0,0
PAWN_AUDIT_ENTRY,2815,1549941329281012518,13514889767339433945,6110371360466761491,9380434021968071599,3307,18446744073709551365,18446744073709551366,18446744073709551359,6,5,1,7,18446744073709550340,18446744073709550278,11,0,1,0,0,0,0,0,0,18446744073709551472,18446744073709551472,197184,11,5528,0,0,0,13,18446744073709551613,18446744073709551030,18446744073709551030,32002,18446744073709551613,0,0,8730853517444136283,1,0,11,6847313552299117827,0,2,1,0
PAWN_AUDIT_RESULT,2815,1,1,-246,1,5,-250,0,6,30,1,1
PAWN_AUDIT_ENTRY,2827,8879318787607036507,6888700026404163004,6847313552299117827,13296348683430409221,213,250,251,250,8,7,4,2,18446744073709545060,18446744073709550595,10,0,0,0,0,0,0,0,0,65,65,18446744073709211865,11,5559,0,0,1,5,18446744073709549212,18446744073709551030,18446744073709551030,250,0,1,1,8730853517444136283,0,0,10,8303712730847080295,0,1,1,0
PAWN_AUDIT_RESULT,2827,4,4,157,0,0,157,0,0,0,0,0
PAWN_AUDIT_ENTRY,2828,6888700026404163004,16976565465230125891,6847313552299117827,14114657015958847650,983,250,251,250,8,7,3,3,18446744073709543971,18446744073709550278,10,0,0,0,0,0,0,0,0,65,65,18446744073709211865,11,5560,0,0,1,1,18446744073709548717,18446744073709551030,18446744073709551030,250,0,1,1,8730853517444136283,0,0,10,8303712730847080295,0,0,1,0
PAWN_AUDIT_RESULT,2828,3,3,175,0,0,175,0,0,0,0,0
PAWN_AUDIT_ENTRY,2829,16976565465230125891,17638080790110927080,6847313552299117827,7795862625061885514,853,250,251,250,8,7,2,4,18446744073709540417,18446744073709550278,10,0,0,0,0,0,0,0,0,65,65,18446744073709211865,11,5561,0,0,1,1,18446744073709547101,18446744073709551030,18446744073709551030,250,0,1,1,8730853517444136283,0,0,10,8303712730847080295,0,0,1,0
PAWN_AUDIT_RESULT,2829,2,2,141,0,0,141,0,0,0,0,0
PAWN_AUDIT_ENTRY,2834,5662214421307562634,7862978754420930015,10603106703043032384,14378064589387208292,2117,250,251,151,7,6,2,2,18446744073709542599,18446744073709550278,10,0,0,0,0,0,0,0,0,18446744073709551611,18446744073709551611,18446744073709380616,11,5571,0,0,1,3,18446744073709548093,18446744073709551030,18446744073709551030,250,0,1,1,13851105627198705386,0,0,10,8649388916148174458,0,1,1,0
PAWN_AUDIT_RESULT,2834,2,2,146,0,0,146,0,0,0,0,0
PAWN_AUDIT_ENTRY,2835,7862978754420930015,10111721693006540540,10603106703043032384,11020062388860211024,166,250,251,159,7,6,2,6,18446744073709550164,18446744073709550278,10,0,0,0,0,0,0,0,0,18446744073709551611,18446744073709551611,18446744073709380616,11,5572,0,0,1,3,18446744073709551533,18446744073709551030,18446744073709551030,250,0,1,1,13851105627198705386,0,0,10,8649388916148174458,0,1,1,0
PAWN_AUDIT_RESULT,2835,2,2,131,0,0,131,0,0,0,0,0
PAWN_AUDIT_ENTRY,2836,10111721693006540540,9142740315463389662,10603106703043032384,1135492038536689889,983,250,251,159,7,6,1,7,18446744073709545192,18446744073709550278,10,0,0,0,0,0,0,0,0,18446744073709551611,18446744073709551611,18446744073709380616,11,5573,0,0,1,1,18446744073709549272,18446744073709551030,18446744073709551030,250,0,1,1,13851105627198705386,0,0,10,8649388916148174458,0,0,1,0
PAWN_AUDIT_RESULT,2836,1,1,126,0,0,126,0,0,0,0,0
PAWN_AUDIT_ENTRY,2837,9142740315463389662,5487210002960881137,10603106703043032384,8405221680781888582,213,250,251,159,7,6,1,8,18446744073709544818,18446744073709550278,10,0,0,0,0,0,0,0,0,18446744073709551611,18446744073709551611,18446744073709380616,11,5574,0,0,1,5,18446744073709549102,18446744073709551030,18446744073709551030,250,0,1,1,13851105627198705386,0,0,10,8649388916148174458,0,1,1,0
PAWN_AUDIT_RESULT,2837,1,1,8,0,0,8,0,0,0,0,0
PAWN_AUDIT_ENTRY,2840,3800337354812871681,6683520464054352555,4365072065999559812,3988277149406914196,166,250,251,250,10,9,5,3,18446744073709549685,2871,8,0,0,0,0,0,0,0,0,236,236,18446744073709211865,11,5578,0,0,0,3,18446744073709551315,18446744073709551030,18446744073709551030,250,1,1,1,8730853517444136283,4,0,8,14376391443702245051,0,5,1,0
PAWN_AUDIT_ENTRY,2847,1948972734230373125,1031060611569367380,3988277149406914196,16461693191716821579,3294,18446744073709551365,18446744073709551366,18446744073709551363,8,7,1,2,18446744073709551141,5826,9,0,1,0,0,0,0,0,0,18446744073709551340,18446744073709551340,722844,11,5592,0,0,0,11,18446744073709550328,2712,18446744073709551030,18446744073709551355,5,1,1,8730853517444136283,5,0,9,4365072065999559812,0,6,1,0
PAWN_AUDIT_RESULT,2847,1,1,-291,0,0,-291,0,0,0,0,0
PAWN_AUDIT_ENTRY,2848,1031060611569367380,15857785405457410939,3988277149406914196,987077816851668463,4029,18446744073709551365,18446744073709551366,18446744073709551363,8,7,1,3,18446744073709547219,18446744073709548874,9,0,1,0,0,0,0,0,0,18446744073709551340,18446744073709551340,722844,11,5593,0,0,0,14,18446744073709550194,18446744073709551030,18446744073709551030,18446744073709551355,5,1,1,8730853517444136283,5,0,9,4365072065999559812,0,6,1,0
PAWN_AUDIT_RESULT,2848,1,1,-384,0,0,-384,0,0,0,0,0
PAWN_AUDIT_ENTRY,2849,15857785405457410939,4005886834900643436,3988277149406914196,7246306499245850424,3112,18446744073709551365,18446744073709551366,18446744073709551363,8,7,1,4,18446744073709544459,18446744073709549718,9,0,1,0,0,0,0,0,0,18446744073709551340,18446744073709551340,722844,11,5594,0,0,0,9,18446744073709548939,18446744073709551030,18446744073709551030,18446744073709551355,5,1,1,8730853517444136283,5,0,9,4365072065999559812,0,0,1,0
PAWN_AUDIT_RESULT,2849,1,1,-278,0,0,-278,0,0,0,0,0
PAWN_AUDIT_ENTRY,2851,15052878748573382497,806148586155680834,3988277149406914196,5267712983602909376,2713,18446744073709551365,18446744073709551366,18446744073709551363,8,7,1,7,18446744073709541588,18446744073709549415,9,0,1,0,0,0,0,0,0,18446744073709551340,18446744073709551340,722844,11,5596,0,0,0,10,18446744073709548405,18446744073709550002,18446744073709550499,18446744073709551355,5,1,1,8730853517444136283,5,0,9,4365072065999559812,0,6,1,0
PAWN_AUDIT_RESULT,2851,1,1,-377,0,0,-377,0,0,0,0,0
PAWN_AUDIT_ENTRY,2852,806148586155680834,17391555626039812125,3988277149406914196,9173363913297940969,4023,18446744073709551365,18446744073709551366,18446744073709551363,8,7,1,9,18446744073709544290,18446744073709548379,9,0,1,0,0,0,0,0,0,18446744073709551340,18446744073709551340,722844,11,5597,0,0,0,14,18446744073709548862,18446744073709551030,18446744073709551030,18446744073709551355,5,1,1,8730853517444136283,5,0,9,4365072065999559812,0,6,1,0
PAWN_AUDIT_RESULT,2852,1,1,-592,0,0,-592,0,0,0,0,0
PAWN_AUDIT_ENTRY,2853,17391555626039812125,17776337924853787028,3988277149406914196,15083326814952438674,3308,18446744073709551365,18446744073709551366,18446744073709551363,8,7,1,11,18446744073709542210,18446744073709548379,9,0,1,0,0,0,0,0,0,18446744073709551340,18446744073709551340,722844,11,5598,0,0,0,11,18446744073709547916,18446744073709551030,18446744073709551030,18446744073709551355,5,1,1,8730853517444136283,5,0,9,4365072065999559812,0,6,1,0
PAWN_AUDIT_RESULT,2853,1,1,-367,0,0,-367,0,0,0,0,0
PAWN_AUDIT_ENTRY,2854,17776337924853787028,11557424351873800811,3988277149406914196,59190789489102975,3301,18446744073709551365,18446744073709551366,18446744073709551363,8,7,1,12,18446744073709542115,18446744073709548333,9,0,1,0,0,0,0,0,0,18446744073709551340,18446744073709551340,722844,11,5599,0,0,0,11,18446744073709547873,18446744073709551030,18446744073709551030,18446744073709551355,5,1,1,8730853517444136283,5,0,9,4365072065999559812,0,6,1,0
PAWN_AUDIT_RESULT,2854,1,1,-332,0,0,-332,0,0,0,0,0
PAWN_AUDIT_ENTRY,2855,11557424351873800811,18011702640791048020,3988277149406914196,7718530274084362826,2720,18446744073709551365,18446744073709551366,18446744073709551363,8,7,1,13,18446744073709544178,18446744073709546870,9,0,1,0,0,0,0,0,0,18446744073709551340,18446744073709551340,722844,11,5600,0,0,0,10,18446744073709548811,18446744073709551030,18446744073709551030,18446744073709551355,5,1,1,8730853517444136283,5,0,9,4365072065999559812,0,6,1,0
PAWN_AUDIT_RESULT,2855,1,1,-454,0,0,-454,0,0,0,0,0
PAWN_AUDIT_RESULT,2840,5,5,261,1,9,253,0,10,22,1,1
PAWN_AUDIT_RESULT,2809,1,1,-250,1,10,-252,0,5,87,0,0
PAWN_AUDIT_ENTRY,2856,18011702640791048020,13246427705336476616,14376391443702245051,15293523220736238268,3836,18446744073709551365,18446744073709551366,18446744073709551364,11,10,1,11,18446744073709542704,18446744073709550278,7,0,1,0,0,0,0,0,0,18446744073709551392,18446744073709551392,1320006,11,5601,0,0,0,13,18446744073709548141,18446744073709551030,18446744073709551030,32002,18446744073709551614,0,1,8730853517444136283,3,0,7,10127375421174736619,0,4,1,0
PAWN_AUDIT_RESULT,2856,1,1,-370,0,0,-370,0,0,0,0,0
PAWN_AUDIT_ENTRY,2858,16053748221900566886,1753690721054866390,14376391443702245051,10345985326851314118,4023,18446744073709551365,18446744073709551366,18446744073709551364,11,10,1,13,18446744073709541655,18446744073709547364,7,0,1,0,0,0,0,0,0,18446744073709551392,18446744073709551392,1320006,11,5604,0,0,0,14,18446744073709547987,18446744073709551030,18446744073709550364,32002,18446744073709551614,0,1,8730853517444136283,3,0,7,10127375421174736619,0,4,1,0
PAWN_AUDIT_RESULT,2858,1,1,-408,0,0,-408,0,0,0,0,0
PAWN_AUDIT_ENTRY,2859,1753690721054866390,14663698034569369971,14376391443702245051,14065792609413280489,2527,18446744073709551365,18446744073709551366,18446744073709551364,11,10,1,14,18446744073709539487,18446744073709550406,7,0,1,0,0,0,0,0,0,18446744073709551392,18446744073709551392,1320006,11,5605,0,0,0,9,18446744073709546678,18446744073709551030,18446744073709551030,32002,18446744073709551614,0,1,8730853517444136283,3,0,7,10127375421174736619,0,0,1,0
PAWN_AUDIT_RESULT,2859,1,1,-293,0,0,-293,0,0,0,0,0
PAWN_AUDIT_ENTRY,2860,14663698034569369971,7634515786218953383,14376391443702245051,10685364511185420055,3112,18446744073709551365,18446744073709551366,18446744073709551364,11,10,1,15,18446744073709544723,18446744073709549718,7,0,1,0,0,0,0,0,0,18446744073709551392,18446744073709551392,1320006,11,5606,0,0,0,9,18446744073709549059,18446744073709551030,18446744073709551030,32002,18446744073709551614,0,1,8730853517444136283,3,0,7,10127375421174736619,0,0,1,0
PAWN_AUDIT_ENTRY,2862,4799803651317742787,13920406873745468176,17861092399668145808,11777951142671764916,2117,250,251,206,7,6,2,3,18446744073709543391,18446744073709549393,10,0,0,0,0,0,0,0,0,72,72,18446744073708490838,11,5619,0,0,1,3,18446744073709548453,18446744073709551030,18446744073709551030,250,0,1,1,9950175685279727419,0,0,10,15845182162667080948,0,1,1,0
PAWN_AUDIT_RESULT,2862,2,2,165,0,0,165,0,0,0,0,0
PAWN_AUDIT_ENTRY,2863,13920406873745468176,2902607025133911169,17861092399668145808,7726072802714067761,983,250,251,206,7,6,1,6,18446744073709544653,18446744073709550278,10,0,0,0,0,0,0,0,0,72,72,18446744073708490838,11,5620,0,0,1,1,18446744073709549027,18446744073709551030,18446744073709551030,250,0,1,1,9950175685279727419,0,0,10,15845182162667080948,0,0,1,0
PAWN_AUDIT_RESULT,2863,1,1,175,0,0,175,0,0,0,0,0
PAWN_AUDIT_ENTRY,2872,16344599769372903156,858224160711902505,10685364511185420055,13900046504375671859,2117,250,251,250,9,8,1,5,18446744073709542382,18446744073709549393,8,0,0,0,0,0,0,0,0,243,243,18446744073709064191,11,5642,0,0,0,3,18446744073709548453,18446744073709550113,18446744073709551030,250,1,1,1,9950175685279727419,0,0,8,14376391443702245051,0,1,1,0
PAWN_AUDIT_RESULT,2872,1,1,212,0,0,212,0,0,0,0,0
PAWN_AUDIT_ENTRY,2873,858224160711902505,1800199362034685665,10685364511185420055,13549522913504043877,2136,250,251,250,9,8,1,6,18446744073709532317,18446744073709550278,8,0,0,0,0,0,0,0,0,243,243,18446744073709064191,11,5643,0,0,0,3,18446744073709544488,18446744073709548890,18446744073709551030,250,1,1,1,9950175685279727419,0,0,8,14376391443702245051,0,1,1,0
PAWN_AUDIT_RESULT,2873,1,1,211,0,0,211,0,0,0,0,0
PAWN_AUDIT_ENTRY,2874,1800199362034685665,10809001478226595272,10685364511185420055,15427258192505255447,2323,250,251,250,9,8,2,7,18446744073709550340,18446744073709550278,8,0,0,0,0,0,0,0,0,243,243,18446744073709064191,11,5644,0,0,0,2,18446744073709551613,18446744073709551030,18446744073709551030,250,1,1,1,9950175685279727419,0,0,8,14376391443702245051,0,1,1,0
PAWN_AUDIT_RESULT,2874,2,2,55,0,0,55,0,0,0,0,0
PAWN_AUDIT_ENTRY,2875,10809001478226595272,8234343400495253061,10685364511185420055,18367656724189970739,2124,250,251,250,9,8,1,8,18446744073709534310,18446744073709549260,8,0,0,0,0,0,0,0,0,243,243,18446744073709064191,11,5645,0,0,0,3,18446744073709546010,18446744073709547658,18446744073709551030,250,1,1,1,9950175685279727419,0,0,8,14376391443702245051,0,1,1,0
PAWN_AUDIT_RESULT,2875,1,1,201,0,0,201,0,0,0,0,0
PAWN_AUDIT_ENTRY,2876,8234343400495253061,3327112382955869904,10685364511185420055,625389880963740342,983,250,251,250,9,8,1,9,18446744073709545605,18446744073709550278,8,0,0,0,0,0,0,0,0,243,243,18446744073709064191,11,5646,0,0,0,1,18446744073709549460,18446744073709551030,18446744073709551030,250,1,1,1,9950175685279727419,0,0,8,14376391443702245051,0,0,1,0
PAWN_AUDIT_RESULT,2876,1,1,240,0,0,240,0,0,0,0,0
PAWN_AUDIT_ENTRY,2877,3327112382955869904,5144544971854841991,10685364511185420055,16087583513476841287,2325,250,251,250,9,8,2,10,18446744073709547219,18446744073709548874,8,0,0,0,0,0,0,0,0,243,243,18446744073709064191,11,5647,0,0,0,2,18446744073709550194,18446744073709551030,18446744073709551030,250,1,1,1,9950175685279727419,0,0,8,14376391443702245051,0,1,1,0
PAWN_AUDIT_RESULT,2877,2,2,159,0,0,159,0,0,0,0,0
PAWN_AUDIT_ENTRY,2878,5144544971854841991,10036087157901981595,10685364511185420055,5144322936475667447,528,250,251,250,9,8,1,11,18446744073709535273,604,8,0,0,0,0,0,0,0,0,243,243,18446744073709064191,11,5648,0,0,0,1,18446744073709545340,18446744073709549874,18446744073709551030,250,1,1,1,9950175685279727419,0,0,8,14376391443702245051,0,0,1,0
PAWN_AUDIT_RESULT,2878,1,1,212,0,0,212,0,0,0,0,0
PAWN_AUDIT_ENTRY,2879,10036087157901981595,15105612528707465452,10685364511185420055,8343656783358608913,213,250,251,250,9,8,1,12,18446744073709542788,18446744073709550278,8,0,0,0,0,0,0,0,0,243,243,18446744073709064191,11,5649,0,0,0,5,18446744073709548179,18446744073709551030,18446744073709551030,250,1,1,1,9950175685279727419,0,0,8,14376391443702245051,0,1,1,0
PAWN_AUDIT_RESULT,2879,1,1,174,0,0,174,0,0,0,0,0
PAWN_AUDIT_RESULT,2860,1,1,-250,1,9,-260,0,8,65,0,0
PAWN_AUDIT_ENTRY,2888,15367746207272758512,4716110348401157442,14376391443702245051,2416386689602665405,3308,18446744073709551365,18446744073709551366,18446744073709551364,11,10,1,16,18446744073709540694,18446744073709547364,7,0,1,0,0,0,0,0,0,18446744073709551392,18446744073709551392,1320006,11,5672,0,0,0,11,18446744073709547227,18446744073709551030,18446744073709551030,32002,18446744073709551614,0,1,8730853517444136283,3,0,7,10127375421174736619,0,4,1,0
PAWN_AUDIT_RESULT,2888,1,1,-326,0,0,-326,0,0,0,0,0
PAWN_AUDIT_ENTRY,2889,4716110348401157442,15321024706821929483,14376391443702245051,3075645049226696236,3371,18446744073709551365,18446744073709551366,18446744073709551364,11,10,1,17,18446744073709535561,18446744073709550278,7,0,1,0,0,0,0,0,0,18446744073709551392,18446744073709551392,1320006,11,5673,0,0,0,11,18446744073709544893,18446744073709551030,18446744073709551030,32002,18446744073709551614,0,1,8730853517444136283,3,0,7,10127375421174736619,0,4,1,0
PAWN_AUDIT_RESULT,2889,1,1,-271,0,0,-271,0,0,0,0,0
PAWN_AUDIT_ENTRY,2890,15321024706821929483,1284494107702647374,14376391443702245051,17296160693876920400,3301,18446744073709551365,18446744073709551366,18446744073709551364,11,10,1,18,18446744073709540619,18446744073709547328,7,0,1,0,0,0,0,0,0,18446744073709551392,18446744073709551392,1320006,11,5674,0,0,0,11,18446744073709547193,18446744073709551030,18446744073709551030,32002,18446744073709551614,0,1,8730853517444136283,3,0,7,10127375421174736619,0,4,1,0
PAWN_AUDIT_RESULT,2890,1,1,-285,0,0,-285,0,0,0,0,0
PAWN_AUDIT_ENTRY,2891,1284494107702647374,16601137910158369791,14376391443702245051,5148589708968465193,3641,18446744073709551365,18446744073709551366,18446744073709551364,11,10,1,19,18446744073709534752,18446744073709548379,7,0,1,0,0,0,0,0,0,18446744073709551392,18446744073709551392,1320006,11,5675,0,0,0,12,18446744073709544755,18446744073709550917,18446744073709550673,32002,18446744073709551614,0,1,8730853517444136283,3,0,7,10127375421174736619,0,4,1,0
PAWN_AUDIT_RESULT,2891,1,1,-290,0,0,-290,0,0,0,0,0
PAWN_AUDIT_ENTRY,2892,16601137910158369791,13057484416787105813,14376391443702245051,13625375918422595566,3833,18446744073709551365,18446744073709551366,18446744073709551364,11,10,1,20,18446744073709535214,18446744073709550278,7,0,1,0,0,0,0,0,0,18446744073709551392,18446744073709551392,1320006,11,5676,0,0,0,13,18446744073709544735,18446744073709551030,18446744073709551030,32002,18446744073709551614,0,1,8730853517444136283,3,0,7,10127375421174736619,0,4,1,0
PAWN_AUDIT_RESULT,2892,1,1,-444,0,0,-444,0,0,0,0,0
PAWN_AUDIT_ENTRY,2893,13057484416787105813,4355937183174393473,14376391443702245051,16165555647197793615,3322,18446744073709551365,18446744073709551366,18446744073709551364,11,10,1,21,18446744073709535207,18446744073709550278,7,0,1,0,0,0,0,0,0,18446744073709551392,18446744073709551392,1320006,11,5677,0,0,0,11,18446744073709544732,18446744073709551030,18446744073709551030,32002,18446744073709551614,0,1,8730853517444136283,3,0,7,10127375421174736619,0,4,1,0
PAWN_AUDIT_RESULT,2893,1,1,-332,0,0,-332,0,0,0,0,0
PAWN_AUDIT_ENTRY,2894,4355937183174393473,1880455627427377577,14376391443702245051,1197270042813801569,2745,18446744073709551365,18446744073709551366,18446744073709551364,11,10,1,22,18446744073709535141,18446744073709550278,7,0,1,0,0,0,0,0,0,18446744073709551392,18446744073709551392,1320006,11,5678,0,0,0,10,18446744073709544702,18446744073709551030,18446744073709551030,32002,18446744073709551614,0,1,8730853517444136283,3,0,7,10127375421174736619,0,4,1,0
PAWN_AUDIT_RESULT,2894,1,1,-300,0,0,-300,0,0,0,0,0
PAWN_AUDIT_ENTRY,2895,1880455627427377577,16713991047850514637,14376391443702245051,10995701639213089765,3642,18446744073709551365,18446744073709551366,18446744073709551364,11,10,1,23,18446744073709534663,18446744073709548428,7,0,1,0,0,0,0,0,0,18446744073709551392,18446744073709551392,1320006,11,5679,0,0,0,12,18446744073709544691,18446744073709550929,18446744073709550709,32002,18446744073709551614,0,1,8730853517444136283,3,0,7,10127375421174736619,0,4,1,0
PAWN_AUDIT_RESULT,2895,1,1,-298,0,0,-298,0,0,0,0,0
PAWN_AUDIT_ENTRY,2896,16713991047850514637,5360579249543827374,14376391443702245051,15287536280801664258,3353,18446744073709551365,18446744073709551366,18446744073709551364,11,10,1,24,18446744073709535091,18446744073709550278,7,0,1,0,0,0,0,0,0,18446744073709551392,18446744073709551392,1320006,11,5680,0,0,0,11,18446744073709544679,18446744073709551030,18446744073709551030,32002,18446744073709551614,0,1,8730853517444136283,3,0,7,10127375421174736619,0,4,1,0
PAWN_AUDIT_RESULT,2896,1,1,-269,0,0,-269,0,0,0,0,0
PAWN_AUDIT_ENTRY,2897,5360579249543827374,4123170213309359462,14376391443702245051,9619564258371378908,3834,18446744073709551365,18446744073709551366,18446744073709551364,11,10,1,25,18446744073709535066,18446744073709550278,7,0,1,0,0,0,0,0,0,18446744073709551392,18446744073709551392,1320006,11,5681,0,0,0,13,18446744073709544668,18446744073709551030,18446744073709551030,32002,18446744073709551614,0,1,8730853517444136283,3,0,7,10127375421174736619,0,4,1,0
PAWN_AUDIT_RESULT,2897,1,1,-339,0,0,-339,0,0,0,0,0
PAWN_AUDIT_ENTRY,2898,4123170213309359462,10918430513735837695,14376391443702245051,4113523405343550782,3177,18446744073709551365,18446744073709551366,18446744073709551364,11,10,1,26,18446744073709534871,18446744073709550278,7,0,1,0,0,0,0,0,0,18446744073709551392,18446744073709551392,1320006,11,5682,0,0,0,9,18446744073709544579,18446744073709551030,18446744073709551030,32002,18446744073709551614,0,1,8730853517444136283,3,0,7,10127375421174736619,0,0,1,0
PAWN_AUDIT_RESULT,2898,1,1,-446,0,0,-446,0,0,0,0,0
PAWN_AUDIT_ENTRY,2899,10918430513735837695,18263443388958332002,14376391443702245051,3435297656613083563,3104,18446744073709551365,18446744073709551366,18446744073709551364,11,10,1,27,18446744073709534985,18446744073709550278,7,0,1,0,0,0,0,0,0,18446744073709551392,18446744073709551392,1320006,11,5683,0,0,0,9,18446744073709544631,18446744073709551030,18446744073709551030,32002,18446744073709551614,0,1,8730853517444136283,3,0,7,10127375421174736619,0,0,1,0
PAWN_AUDIT_RESULT,2899,1,1,-287,0,0,-287,0,0,0,0,0
PAWN_AUDIT_ENTRY,2900,18263443388958332002,10948069335451649937,14376391443702245051,318794267546967636,3502,18446744073709551365,18446744073709551366,18446744073709551364,11,10,1,28,18446744073709534644,18446744073709550278,7,0,1,0,0,0,0,0,0,18446744073709551392,18446744073709551392,1320006,11,5684,0,0,0,9,18446744073709544476,18446744073709551030,18446744073709551030,32002,18446744073709551614,0,1,8730853517444136283,3,0,7,10127375421174736619,0,0,1,0
PAWN_AUDIT_RESULT,2900,1,1,-292,0,0,-292,0,0,0,0,0
PAWN_AUDIT_ENTRY,2901,10948069335451649937,1116171069409026416,14376391443702245051,6308487695918535110,3287,18446744073709551365,18446744073709551366,18446744073709551364,11,10,1,29,18446744073709550340,18446744073709550278,7,0,1,0,0,0,0,0,0,18446744073709551392,18446744073709551392,1320006,11,5685,0,0,0,11,18446744073709551613,18446744073709551030,18446744073709551030,32002,18446744073709551614,0,1,8730853517444136283,3,0,7,10127375421174736619,0,4,1,0
PAWN_AUDIT_RESULT,2901,1,1,-595,0,0,-595,0,0,0,0,0
PAWN_AUDIT_ENTRY,2902,1116171069409026416,15502969602640506085,14376391443702245051,10973713015497697778,2935,18446744073709551365,18446744073709551366,18446744073709551364,11,10,1,30,18446744073709539216,18446744073709548474,7,0,1,0,0,0,0,0,0,18446744073709551392,18446744073709551392,1320006,11,5686,0,0,0,10,18446744073709546555,18446744073709551030,18446744073709551030,32002,18446744073709551614,0,1,8730853517444136283,3,0,7,10127375421174736619,0,4,1,0
PAWN_AUDIT_RESULT,2902,1,1,-367,0,0,-367,0,0,0,0,0
PAWN_AUDIT_ENTRY,2903,15502969602640506085,10535882800895140324,14376391443702245051,369956086191032766,2910,18446744073709551365,18446744073709551366,18446744073709551364,11,10,1,31,18446744073709536320,18446744073709548514,7,0,1,0,0,0,0,0,0,18446744073709551392,18446744073709551392,1320006,11,5687,0,0,0,10,18446744073709545238,18446744073709551030,18446744073709551030,32002,18446744073709551614,0,1,8730853517444136283,3,0,7,10127375421174736619,0,4,1,0
PAWN_AUDIT_RESULT,2903,1,1,-303,0,0,-303,0,0,0,0,0
PAWN_AUDIT_ENTRY,2904,10535882800895140324,3837636330536326381,9881944972457123622,6487754992618316793,3294,18446744073709551365,18446744073709551366,18446744073709551365,12,11,7,2,18446744073709550577,5826,5,0,1,0,0,1,0,53055,0,18446744073709551370,18446744073709551370,5181582,11,5688,0,0,0,11,18446744073709550066,346,1863,18446744073709551354,9,2,1,8730853517444136283,1,0,5,4973950710908756971,0,2,1,0
PAWN_AUDIT_ENTRY,2908,13900857441832451477,16293134524136959142,5891781228450716137,9433165027328992566,1971,18446744073709551365,18446744073709551366,18446744073709551059,6,5,2,2,18446744073709550340,18446744073709550278,7,0,0,0,0,0,0,0,0,18446744073709551259,18446744073709551299,545032,11,5709,0,0,0,11,18446744073709551613,18446744073709551030,18446744073709551030,18446744073709551259,1,1,1,8730853517444136283,3,0,7,6487754992618316793,0,4,1,0
PAWN_AUDIT_RESULT,2908,2,2,-459,0,0,-459,0,0,0,0,0
PAWN_AUDIT_ENTRY,2909,16293134524136959142,9272899015865066973,5891781228450716137,10606744134468225591,3819,18446744073709551365,18446744073709551366,18446744073709551157,6,5,2,3,18446744073709548997,18446744073709550666,7,0,0,0,0,0,0,0,0,18446744073709551259,18446744073709551299,545032,11,5710,0,0,0,13,18446744073709549912,1595,18446744073709551030,18446744073709551259,1,1,1,8730853517444136283,3,0,7,6487754992618316793,0,4,1,0
PAWN_AUDIT_RESULT,2909,2,2,-338,0,0,-338,0,0,0,0,0
PAWN_AUDIT_ENTRY,2910,9272899015865066973,4410045974200670002,5891781228450716137,16511885465711258951,3827,18446744073709551365,18446744073709551366,18446744073709551278,6,5,1,5,18446744073709547540,18446744073709550278,7,0,0,0,0,0,0,0,0,18446744073709551259,18446744073709551299,545032,11,5711,0,0,0,13,18446744073709550340,18446744073709551030,18446744073709551030,18446744073709551259,1,1,1,8730853517444136283,3,0,7,6487754992618316793,0,4,1,0
PAWN_AUDIT_RESULT,2910,1,1,-367,0,0,-367,0,0,0,0,0
PAWN_AUDIT_ENTRY,2911,4410045974200670002,6235180739341659791,5891781228450716137,416813686170178830,1978,18446744073709551365,18446744073709551366,18446744073709551278,6,5,1,6,18446744073709550340,18446744073709548874,7,0,0,0,0,0,0,0,0,18446744073709551259,18446744073709551299,545032,11,5712,0,0,0,11,18446744073709551613,18446744073709551030,18446744073709551030,18446744073709551259,1,1,1,8730853517444136283,3,0,7,6487754992618316793,0,4,1,0
PAWN_AUDIT_RESULT,2911,1,1,-500,0,0,-500,0,0,0,0,0
PAWN_AUDIT_ENTRY,2912,6235180739341659791,8283312126377397415,5891781228450716137,11004226624351823871,3891,18446744073709551365,18446744073709551366,18446744073709551278,6,5,1,7,18446744073709547219,18446744073709550278,7,0,0,0,0,0,0,0,0,18446744073709551259,18446744073709551299,545032,11,5713,0,0,0,14,18446744073709550194,18446744073709551030,18446744073709551030,18446744073709551259,1,1,1,8730853517444136283,3,0,7,6487754992618316793,0,4,1,0
PAWN_AUDIT_RESULT,2912,1,1,-785,0,0,-785,0,0,0,0,0
PAWN_AUDIT_ENTRY,2913,8283312126377397415,3052493845653333382,5891781228450716137,13783605604037976931,2931,18446744073709551365,18446744073709551366,18446744073709551344,6,5,1,9,18446744073709546190,18446744073709550278,7,0,0,0,0,0,0,0,0,18446744073709551259,18446744073709551299,545032,11,5714,0,0,0,10,18446744073709549726,18446744073709551030,18446744073709551030,18446744073709551259,1,1,1,8730853517444136283,3,0,7,6487754992618316793,0,4,1,0
PAWN_AUDIT_RESULT,2913,1,1,-499,0,0,-499,0,0,0,0,0
PAWN_AUDIT_ENTRY,2914,3052493845653333382,4541052313107019288,5891781228450716137,147200959423791173,3112,18446744073709551365,18446744073709551366,18446744073709551344,6,5,1,10,18446744073709547406,18446744073709549718,7,0,0,0,0,0,0,0,0,18446744073709551259,18446744073709551299,545032,11,5715,0,0,0,9,18446744073709550279,18446744073709551030,18446744073709551030,18446744073709551259,1,1,1,8730853517444136283,3,0,7,6487754992618316793,0,0,1,0
PAWN_AUDIT_RESULT,2914,1,1,-290,0,0,-290,0,0,0,0,0
PAWN_AUDIT_ENTRY,2915,4541052313107019288,7309592797330202172,5891781228450716137,1555721420009539601,1957,18446744073709551365,18446744073709551366,18446744073709551344,6,5,1,11,18446744073709550340,18446744073709546937,7,0,0,0,0,0,0,0,0,18446744073709551259,18446744073709551299,545032,11,5716,0,0,0,11,18446744073709551613,18446744073709551030,18446744073709551030,18446744073709551259,1,1,1,8730853517444136283,3,0,7,6487754992618316793,0,4,1,0
PAWN_AUDIT_RESULT,2915,1,1,-438,0,0,-438,0,0,0,0,0
PAWN_AUDIT_ENTRY,2916,7309592797330202172,149824191018857048,5891781228450716137,14130039453364167676,1964,18446744073709551365,18446744073709551366,18446744073709551344,6,5,1,12,18446744073709550340,18446744073709546557,7,0,0,0,0,0,0,0,0,18446744073709551259,18446744073709551299,545032,11,5717,0,0,0,11,18446744073709551613,18446744073709551030,18446744073709551030,18446744073709551259,1,1,1,8730853517444136283,3,0,7,6487754992618316793,0,4,1,0
PAWN_AUDIT_RESULT,2916,1,1,-394,0,0,-394,0,0,0,0,0
PAWN_AUDIT_RESULT,2904,7,7,-269,0,0,-269,0,29,29,0,0
PAWN_AUDIT_ENTRY,2917,149824191018857048,14637884872424316591,9881944972457123622,14560681150635311513,3494,18446744073709551365,18446744073709551366,18446744073709551365,12,11,7,3,18446744073709550939,18446744073709550278,5,0,1,0,0,1,0,53055,0,18446744073709551370,18446744073709551370,5181582,11,5718,0,0,0,9,18446744073709550989,1207,18446744073709551030,18446744073709551354,9,2,1,8730853517444136283,1,0,5,4973950710908756971,0,0,1,0
PAWN_AUDIT_RESULT,2917,7,7,-504,0,0,-504,0,0,0,0,0
PAWN_AUDIT_ENTRY,2918,14637884872424316591,15120526566355678867,9881944972457123622,2499398457545524215,2908,18446744073709551365,18446744073709551366,18446744073709551365,12,11,6,4,18446744073709546262,18446744073709546943,5,0,1,0,0,1,0,53055,0,18446744073709551370,18446744073709551370,5181582,11,5719,0,0,0,10,18446744073709550686,18446744073709550754,18446744073709549404,18446744073709551354,9,2,1,8730853517444136283,1,0,5,4973950710908756971,0,2,1,0
PAWN_AUDIT_RESULT,2918,6,6,-369,0,0,-369,0,0,0,0,0
PAWN_AUDIT_ENTRY,2919,15120526566355678867,12015961811433380517,9881944972457123622,15774562661876909706,3112,18446744073709551365,18446744073709551366,18446744073709551365,12,11,6,5,18446744073709546565,18446744073709549718,5,0,1,0,0,1,0,53055,0,18446744073709551370,18446744073709551370,5181582,11,5720,0,0,0,9,18446744073709550474,18446744073709550000,18446744073709550901,18446744073709551354,9,2,1,8730853517444136283,1,0,5,4973950710908756971,0,0,1,0
PAWN_AUDIT_RESULT,2919,6,6,-266,0,0,-266,0,26,26,0,0
PAWN_AUDIT_ENTRY,2928,6330776254424651608,16452143932003002809,9881944972457123622,17825284138222627186,2713,18446744073709551365,18446744073709551366,18446744073709551365,12,11,4,7,18446744073709539157,18446744073709548188,5,0,1,0,0,1,0,53055,0,18446744073709551370,18446744073709551370,5181582,11,5748,0,0,0,10,18446744073709547620,18446744073709548919,18446744073709550955,18446744073709551354,9,2,1,8730853517444136283,1,0,5,4973950710908756971,0,2,1,0
PAWN_AUDIT_RESULT,2928,4,4,-358,0,0,-358,0,0,0,0,0
PAWN_AUDIT_ENTRY,2929,16452143932003002809,18035662940837901674,9881944972457123622,15377318914347426808,2720,18446744073709551365,18446744073709551366,18446744073709551365,12,11,4,8,18446744073709544719,18446744073709546870,5,0,1,0,0,1,0,53055,0,18446744073709551370,18446744073709551370,5181582,11,5749,0,0,0,10,18446744073709547946,1636,18446744073709551030,18446744073709551354,9,2,1,8730853517444136283,1,0,5,4973950710908756971,0,2,1,0
PAWN_AUDIT_RESULT,2929,4,4,-405,0,0,-405,0,0,0,0,0
PAWN_AUDIT_ENTRY,2930,18035662940837901674,14643697984873651768,9881944972457123622,10201551027446041460,2527,18446744073709551365,18446744073709551366,18446744073709551365,12,11,3,9,18446744073709536622,18446744073709550406,5,0,1,0,0,1,0,53055,0,18446744073709551370,18446744073709551370,5181582,11,5750,0,0,0,9,18446744073709546375,18446744073709549241,18446744073709550813,18446744073709551354,9,2,1,8730853517444136283,1,0,5,4973950710908756971,0,0,1,0
PAWN_AUDIT_RESULT,2930,3,3,-277,0,0,-277,0,0,0,0,0
PAWN_AUDIT_ENTRY,2931,14643697984873651768,13663924230331733761,9881944972457123622,11330606434509454617,4093,18446744073709551365,18446744073709551366,18446744073709551365,12,11,3,10,18446744073709535590,18446744073709550278,5,0,1,0,0,1,0,53055,0,18446744073709551370,18446744073709551370,5181582,11,5751,0,0,0,12,18446744073709544906,18446744073709551030,18446744073709551030,18446744073709551354,9,2,1,8730853517444136283,1,0,5,4973950710908756971,0,2,1,0
PAWN_AUDIT_RESULT,2931,3,3,-557,0,0,-557,0,0,0,0,0
PAWN_AUDIT_ENTRY,2932,13663924230331733761,5880986452723638574,9881944972457123622,316924353412791397,4094,18446744073709551365,18446744073709551366,18446744073709551365,12,11,3,11,18446744073709535577,18446744073709550278,5,0,1,0,0,1,0,53055,0,18446744073709551370,18446744073709551370,5181582,11,5752,0,0,0,12,18446744073709544900,18446744073709551030,18446744073709551030,18446744073709551354,9,2,1,8730853517444136283,1,0,5,4973950710908756971,0,2,1,0
PAWN_AUDIT_RESULT,2932,3,3,-469,0,0,-469,0,0,0,0,0
PAWN_AUDIT_ENTRY,2933,5880986452723638574,10793351579801542456,9881944972457123622,8272701206354375716,4087,18446744073709551365,18446744073709551366,18446744073709551365,12,11,3,12,18446744073709535135,18446744073709550278,5,0,1,0,0,1,0,53055,0,18446744073709551370,18446744073709551370,5181582,11,5753,0,0,0,12,18446744073709544699,18446744073709551030,18446744073709551030,18446744073709551354,9,2,1,8730853517444136283,1,0,5,4973950710908756971,0,2,1,0
PAWN_AUDIT_RESULT,2933,3,3,-527,0,0,-527,0,0,0,0,0
PAWN_AUDIT_ENTRY,2934,10793351579801542456,16934403543106782159,9881944972457123622,8626259153793586339,3177,18446744073709551365,18446744073709551366,18446744073709551365,12,11,3,13,18446744073709534534,18446744073709550278,5,0,1,0,0,1,0,53055,0,18446744073709551370,18446744073709551370,5181582,11,5754,0,0,0,9,18446744073709544550,18446744073709550782,18446744073709551030,18446744073709551354,9,2,1,8730853517444136283,1,0,5,4973950710908756971,0,0,1,0
PAWN_AUDIT_RESULT,2934,3,3,-426,0,0,-426,0,0,0,0,0
PAWN_AUDIT_ENTRY,2935,16934403543106782159,6231259026432822735,9881944972457123622,6993010800272236598,3104,18446744073709551365,18446744073709551366,18446744073709551365,12,11,3,14,18446744073709534739,18446744073709550278,5,0,1,0,0,1,0,53055,0,18446744073709551370,18446744073709551370,5181582,11,5755,0,0,0,9,18446744073709544609,18446744073709550850,18446744073709551030,18446744073709551354,9,2,1,8730853517444136283,1,0,5,4973950710908756971,0,0,1,0
PAWN_AUDIT_RESULT,2935,3,3,-308,0,0,-308,0,0,0,0,0
PAWN_AUDIT_ENTRY,2936,6231259026432822735,14496704057129584703,9881944972457123622,5389716886252726217,3502,18446744073709551365,18446744073709551366,18446744073709551365,12,11,3,15,18446744073709534410,18446744073709550278,5,0,1,0,0,1,0,53055,0,18446744073709551370,18446744073709551370,5181582,11,5756,0,0,0,9,18446744073709544470,18446744073709550829,18446744073709551030,18446744073709551354,9,2,1,8730853517444136283,1,0,5,4973950710908756971,0,0,1,0
PAWN_AUDIT_RESULT,2936,3,3,-378,0,0,-378,0,0,0,0,0
PAWN_AUDIT_ENTRY,2937,14496704057129584703,3664651810839710422,9881944972457123622,6790589875737845244,2745,18446744073709551365,18446744073709551366,18446744073709551365,12,11,3,16,18446744073709535044,18446744073709549125,5,0,1,0,0,1,0,53055,0,18446744073709551370,18446744073709551370,5181582,11,5757,0,0,0,10,18446744073709544658,18446744073709551030,18446744073709551030,18446744073709551354,9,2,1,8730853517444136283,1,0,5,4973950710908756971,0,2,1,0
PAWN_AUDIT_RESULT,2937,3,3,-417,0,0,-417,0,0,0,0,0
PAWN_AUDIT_ENTRY,2938,3664651810839710422,5163728046374265294,9881944972457123622,13266100425876642422,3901,18446744073709551365,18446744073709551366,18446744073709551365,12,11,3,17,18446744073709535322,18446744073709548874,5,0,1,0,0,1,0,53055,0,18446744073709551370,18446744073709551370,5181582,11,5758,0,0,0,14,18446744073709544784,18446744073709551030,18446744073709551030,18446744073709551354,9,2,1,8730853517444136283,1,0,5,4973950710908756971,0,2,1,0
PAWN_AUDIT_RESULT,2938,3,3,-293,0,0,-293,0,0,0,0,0
PAWN_AUDIT_ENTRY,2939,5163728046374265294,5729002972966474577,9881944972457123622,17561650906245131891,3833,18446744073709551365,18446744073709551366,18446744073709551365,12,11,3,18,18446744073709535082,18446744073709548874,5,0,1,0,0,1,0,53055,0,18446744073709551370,18446744073709551370,5181582,11,5759,0,0,0,13,18446744073709544675,18446744073709551030,18446744073709551030,18446744073709551354,9,2,1,8730853517444136283,1,0,5,4973950710908756971,0,2,1,0
PAWN_AUDIT_RESULT,2939,3,3,-593,0,0,-593,0,0,0,0,0
PAWN_AUDIT_ENTRY,2940,5729002972966474577,9436528062447995515,9881944972457123622,12607576980894594258,3322,18446744073709551365,18446744073709551366,18446744073709551365,12,11,3,19,18446744073709535075,18446744073709547758,5,0,1,0,0,1,0,53055,0,18446744073709551370,18446744073709551370,5181582,11,5760,0,0,0,11,18446744073709544672,18446744073709551030,18446744073709551030,18446744073709551354,9,2,1,8730853517444136283,1,0,5,4973950710908756971,0,2,1,0
PAWN_AUDIT_RESULT,2940,3,3,-381,0,0,-381,0,0,0,0,0
PAWN_AUDIT_ENTRY,2941,9436528062447995515,9003484615985822393,9881944972457123622,14690467075685672769,3834,18446744073709551365,18446744073709551366,18446744073709551365,12,11,3,20,18446744073709534963,18446744073709548874,5,0,1,0,0,1,0,53055,0,18446744073709551370,18446744073709551370,5181582,11,5761,0,0,0,13,18446744073709544621,18446744073709551030,18446744073709551030,18446744073709551354,9,2,1,8730853517444136283,1,0,5,4973950710908756971,0,2,1,0
PAWN_AUDIT_RESULT,2941,3,3,-391,0,0,-391,0,0,0,0,0
PAWN_AUDIT_ENTRY,2942,9003484615985822393,3443514007451496021,9881944972457123622,3146253256395667284,2942,18446744073709551365,18446744073709551366,18446744073709551365,12,11,3,22,18446744073709535273,18446744073709548550,5,0,1,0,0,1,0,53055,0,18446744073709551370,18446744073709551370,5181582,11,5762,0,0,0,10,18446744073709545228,18446744073709550521,18446744073709550594,18446744073709551354,9,2,1,8730853517444136283,1,0,5,4973950710908756971,0,2,1,0
PAWN_AUDIT_RESULT,2942,3,3,-524,0,0,-524,0,0,0,0,0
PAWN_AUDIT_ENTRY,2943,3443514007451496021,17123254734761328800,9881944972457123622,13738448100912949709,3301,18446744073709551365,18446744073709551366,18446744073709551365,12,11,3,23,18446744073709538232,18446744073709546217,5,0,1,0,0,1,0,53055,0,18446744073709551370,18446744073709551370,5181582,11,5763,0,0,0,11,18446744073709546926,18446744073709550113,18446744073709550288,18446744073709551354,9,2,1,8730853517444136283,1,0,5,4973950710908756971,0,2,1,0
PAWN_AUDIT_RESULT,2943,3,3,-322,0,0,-322,0,0,0,0,0
PAWN_AUDIT_ENTRY,2944,17123254734761328800,15910151870565688446,9881944972457123622,15288782553700424796,3641,18446744073709551365,18446744073709551366,18446744073709551365,12,11,3,24,18446744073709535172,18446744073709547765,5,0,1,0,0,1,0,53055,0,18446744073709551370,18446744073709551370,5181582,11,5764,0,0,0,12,18446744073709544716,18446744073709551030,18446744073709551030,18446744073709551354,9,2,1,8730853517444136283,1,0,5,4973950710908756971,0,2,1,0
PAWN_AUDIT_RESULT,2944,3,3,-356,0,0,-356,0,0,0,0,0
PAWN_AUDIT_ENTRY,2945,15910151870565688446,17707413634395407595,9881944972457123622,848728244255902864,3642,18446744073709551365,18446744073709551366,18446744073709551365,12,11,3,25,18446744073709535029,18446744073709547625,5,0,1,0,0,1,0,53055,0,18446744073709551370,18446744073709551370,5181582,11,5765,0,0,0,12,18446744073709544651,18446744073709551030,18446744073709551030,18446744073709551354,9,2,1,8730853517444136283,1,0,5,4973950710908756971,0,2,1,0
PAWN_AUDIT_RESULT,2945,3,3,-327,0,0,-327,0,0,0,0,0
PAWN_AUDIT_ENTRY,2946,17707413634395407595,15790230781881531071,9881944972457123622,8009706524117713440,3308,18446744073709551365,18446744073709551366,18446744073709551365,12,11,3,26,18446744073709537871,18446744073709545915,5,0,1,0,0,1,0,53055,0,18446744073709551370,18446744073709551370,5181582,11,5766,0,0,0,11,18446744073709546675,18446744073709550213,18446744073709550364,18446744073709551354,9,2,1,8730853517444136283,1,0,5,4973950710908756971,0,2,1,0
PAWN_AUDIT_RESULT,2946,3,3,-345,0,0,-345,0,0,0,0,0
PAWN_AUDIT_ENTRY,2947,15790230781881531071,11036685149276110303,9881944972457123622,15486470204288389231,2935,18446744073709551365,18446744073709551366,18446744073709551365,12,11,3,27,18446744073709537006,18446744073709547440,5,0,1,0,0,1,0,53055,0,18446744073709551370,18446744073709551370,5181582,11,5767,0,0,0,10,18446744073709546135,18446744073709550383,18446744073709550491,18446744073709551354,9,2,1,8730853517444136283,1,0,5,4973950710908756971,0,2,1,0
PAWN_AUDIT_RESULT,2947,3,3,-494,0,0,-494,0,0,0,0,0
PAWN_AUDIT_ENTRY,2948,11036685149276110303,15920587937520005661,9881944972457123622,5441142577757483043,2910,18446744073709551365,18446744073709551366,18446744073709551365,12,11,3,28,18446744073709534858,18446744073709547585,5,0,1,0,0,1,0,53055,0,18446744073709551370,18446744073709551370,5181582,11,5768,0,0,0,10,18446744073709545096,18446744073709550455,18446744073709550545,18446744073709551354,9,2,1,8730853517444136283,1,0,5,4973950710908756971,0,2,1,0
PAWN_AUDIT_RESULT,2948,3,3,-467,0,0,-467,0,0,0,0,0
PAWN_AUDIT_ENTRY,2953,1531019939625634425,13695345231606642278,13643175950121649494,16218239277639022984,2720,18446744073709551365,18446744073709551366,18446744073709551257,7,6,3,2,18446744073709547053,18446744073709550278,7,0,0,0,0,0,0,0,0,18446744073709551296,18446744073709551296,1808491,11,5780,0,0,1,10,18446744073709547252,1215,3464,18446744073709551332,0,1,1,8847008671119735293,0,0,7,2069908384204747197,0,1,1,0
PAWN_AUDIT_RESULT,2953,3,3,-303,0,0,-303,0,0,0,0,0
PAWN_AUDIT_ENTRY,2954,13695345231606642278,15625959063277025911,13643175950121649494,17194591148127329530,3112,18446744073709551365,18446744073709551366,18446744073709551313,7,6,3,3,18446744073709546425,18446744073709550278,7,0,0,0,0,0,0,0,0,18446744073709551296,18446744073709551296,1808491,11,5781,0,0,1,9,18446744073709550626,18446744073709550832,18446744073709549600,18446744073709551332,0,1,1,8847008671119735293,0,0,7,2069908384204747197,0,0,1,0
PAWN_AUDIT_RESULT,2954,3,3,-325,0,0,-325,0,8,8,0,0
PAWN_AUDIT_ENTRY,2958,12206572594394858293,18242476684608522970,13643175950121649494,13330196316249177243,53055,18446744073709551365,18446744073709551366,18446744073709551313,7,6,2,4,18446744073709538317,18446744073709550278,7,0,0,0,0,0,0,0,0,18446744073709551296,18446744073709551296,1808491,11,5790,0,0,1,14,18446744073709547726,18446744073709549575,18446744073709549274,18446744073709551332,0,1,1,8847008671119735293,0,0,7,2069908384204747197,0,1,1,0
PAWN_AUDIT_RESULT,2958,2,2,-316,0,0,-316,0,0,0,0,0
PAWN_AUDIT_ENTRY,2960,7107907683360644984,3028247421287307040,11822546890266234682,685137532725637586,2285,18446744073709551365,18446744073709551366,18446744073709551344,9,8,6,2,18446744073709549863,1839,5,0,0,0,0,0,0,0,0,18446744073709551282,18446744073709551282,18446744073708175617,11,5793,0,0,0,10,18446744073709550590,1026,18446744073709551030,18446744073709551332,3,1,1,6448796002632976483,1,0,5,7509368150563025911,0,2,1,0
PAWN_AUDIT_RESULT,2960,6,6,-341,0,0,-341,0,0,0,0,0
PAWN_AUDIT_ENTRY,2961,3028247421287307040,15695022742770108260,11822546890266234682,1401456359386512290,2265,18446744073709551365,18446744073709551366,18446744073709551344,9,8,5,3,18446744073709544898,1619,5,0,0,0,0,0,0,0,0,18446744073709551282,18446744073709551282,18446744073708175617,11,5794,0,0,0,10,18446744073709550194,18446744073709548919,18446744073709551030,18446744073709551332,3,1,1,6448796002632976483,1,0,5,7509368150563025911,0,2,1,0
PAWN_AUDIT_RESULT,2961,5,5,-456,0,0,-456,0,0,0,0,0
PAWN_AUDIT_ENTRY,2962,15695022742770108260,739283150563196112,11822546890266234682,11430055856562095435,2269,18446744073709551365,18446744073709551366,18446744073709551344,9,8,5,4,18446744073709550340,18446744073709550278,5,0,0,0,0,0,0,0,0,18446744073709551282,18446744073709551282,18446744073708175617,11,5795,0,0,0,10,18446744073709551613,18446744073709551030,18446744073709551030,18446744073709551332,3,1,1,6448796002632976483,1,0,5,7509368150563025911,0,2,1,0
PAWN_AUDIT_RESULT,2962,5,5,-572,0,0,-572,0,0,0,0,0
PAWN_AUDIT_ENTRY,2963,739283150563196112,11829006199898001096,11822546890266234682,15731502451231979886,2713,18446744073709551365,18446744073709551366,18446744073709551344,9,8,3,5,18446744073709537852,1619,5,0,0,0,0,0,0,0,0,18446744073709551282,18446744073709551282,18446744073708175617,11,5796,0,0,0,10,18446744073709546990,18446744073709548919,18446744073709551030,18446744073709551332,3,1,1,6448796002632976483,1,0,5,7509368150563025911,0,2,1,0
PAWN_AUDIT_RESULT,2963,3,3,-332,0,0,-332,0,0,0,0,0
PAWN_AUDIT_ENTRY,2964,11829006199898001096,9959010302123037210,11822546890266234682,16654391713152651653,3494,18446744073709551365,18446744073709551366,18446744073709551344,9,8,4,6,18446744073709545261,18446744073709549508,5,0,0,0,0,0,0,0,0,18446744073709551282,18446744073709551282,18446744073708175617,11,5797,0,0,0,9,18446744073709548407,1207,18446744073709551030,18446744073709551332,3,1,1,6448796002632976483,1,0,5,7509368150563025911,0,0,1,0
PAWN_AUDIT_RESULT,2964,4,4,-343,0,0,-343,0,0,0,0,0
PAWN_AUDIT_ENTRY,2965,9959010302123037210,5838351265487485682,11822546890266234682,17859911024906606230,3112,18446744073709551365,18446744073709551366,18446744073709551344,9,8,4,7,18446744073709548990,18446744073709550582,5,0,0,0,0,0,0,0,0,18446744073709551282,18446744073709551282,18446744073708175617,11,5798,0,0,0,9,18446744073709551514,18446744073709550000,18446744073709551030,18446744073709551332,3,1,1,6448796002632976483,1,0,5,7509368150563025911,0,0,1,0
PAWN_AUDIT_RESULT,2965,4,4,-288,0,0,-288,0,0,0,0,0
PAWN_AUDIT_ENTRY,2966,5838351265487485682,500034314032624289,11822546890266234682,11653641364214658807,53055,18446744073709551365,18446744073709551366,18446744073709551344,9,8,4,8,18446744073709544164,18446744073709548963,5,0,0,0,0,0,0,0,0,18446744073709551282,18446744073709551282,18446744073708175617,11,5799,0,0,0,14,18446744073709547448,2127,18446744073709551030,18446744073709551332,3,1,1,6448796002632976483,1,0,5,7509368150563025911,0,2,1,0
PAWN_AUDIT_RESULT,2966,4,4,-302,0,0,-302,0,0,0,0,0
PAWN_AUDIT_ENTRY,2967,500034314032624289,9003425996695692151,11822546890266234682,14603381578090740497,2281,18446744073709551365,18446744073709551366,18446744073709551344,9,8,4,9,18446744073709547219,18446744073709547793,5,0,0,0,0,0,0,0,0,18446744073709551282,18446744073709551282,18446744073708175617,11,5800,0,0,0,10,18446744073709550194,18446744073709551030,18446744073709551030,18446744073709551332,3,1,1,6448796002632976483,1,0,5,7509368150563025911,0,2,1,0
PAWN_AUDIT_RESULT,2967,4,4,-348,0,0,-348,0,0,0,0,0
PAWN_AUDIT_ENTRY,2969,1691878491353391027,9280912159624358453,11822546890266234682,17894649933938996196,2720,18446744073709551365,18446744073709551366,18446744073709551344,9,8,3,13,18446744073709543021,18446744073709547290,5,0,0,0,0,0,0,0,0,18446744073709551282,18446744073709551282,18446744073708175617,11,5802,0,0,0,10,18446744073709547174,1636,18446744073709551030,18446744073709551332,3,1,1,6448796002632976483,1,0,5,7509368150563025911,0,2,1,0
PAWN_AUDIT_RESULT,2969,3,3,-325,0,0,-325,0,0,0,0,0
PAWN_AUDIT_ENTRY,2971,12859121840076748882,11332519242622024085,114655579483694980,15459146404404929886,2745,18446744073709551365,18446744073709551366,18446744073709551365,12,11,3,4,18446744073709534946,18446744073709550278,3,0,1,0,0,1,0,2851,0,18446744073709551354,18446744073709551139,8183724,11,5804,0,0,1,10,18446744073709544613,18446744073709551030,18446744073709551030,18446744073709551354,10,2,1,11335361066010977016,0,0,3,10450951340377651609,0,1,1,0
PAWN_AUDIT_RESULT,2971,3,3,-573,0,0,-573,0,0,0,0,0
PAWN_AUDIT_ENTRY,2972,11332519242622024085,2925896731783088679,114655579483694980,9211215042078167504,2713,18446744073709551365,18446744073709551366,18446744073709551365,12,11,4,5,18446744073709542911,18446744073709548567,3,0,1,0,0,1,0,2851,0,18446744073709551354,18446744073709551139,8183724,11,5805,0,0,1,10,18446744073709546649,18446744073709550911,2804,18446744073709551354,10,2,1,11335361066010977016,0,0,3,10450951340377651609,0,1,1,0
PAWN_AUDIT_RESULT,2972,4,4,-383,0,0,-383,0,0,0,0,0
PAWN_AUDIT_ENTRY,2973,2925896731783088679,5043699947684295211,114655579483694980,6760985133474716506,2720,18446744073709551365,18446744073709551366,18446744073709551365,12,11,3,6,18446744073709539315,18446744073709548874,3,0,1,0,0,1,0,2851,0,18446744073709551354,18446744073709551139,8183724,11,5806,0,0,1,10,18446744073709546892,18446744073709551030,18446744073709550428,18446744073709551354,10,2,1,11335361066010977016,0,0,3,10450951340377651609,0,1,1,0
PAWN_AUDIT_RESULT,2973,3,3,-579,0,0,-579,0,0,0,0,0
PAWN_AUDIT_ENTRY,2974,5043699947684295211,1603424713869804844,114655579483694980,5935303498390814248,3112,18446744073709551365,18446744073709551366,18446744073709551365,12,11,4,8,18446744073709547635,18446744073709550278,3,0,1,0,0,1,0,2851,0,18446744073709551354,18446744073709551139,8183724,11,5807,0,0,1,9,310,18446744073709550921,18446744073709547963,18446744073709551354,10,2,1,11335361066010977016,0,0,3,10450951340377651609,0,0,1,0
PAWN_AUDIT_RESULT,2974,4,4,-339,0,0,-339,0,0,0,0,0
PAWN_AUDIT_ENTRY,2975,1603424713869804844,13417529969680652460,114655579483694980,306038573109583433,53055,18446744073709551365,18446744073709551366,18446744073709551365,12,11,3,9,18446744073709542638,18446744073709550278,3,0,1,0,0,1,0,2851,0,18446744073709551354,18446744073709551139,8183724,11,5808,0,0,1,14,18446744073709547443,338,18446744073709551454,18446744073709551354,10,2,1,11335361066010977016,0,0,3,10450951340377651609,0,1,1,0
PAWN_AUDIT_RESULT,2975,3,3,-514,0,0,-514,0,0,0,0,0
PAWN_AUDIT_ENTRY,2976,13417529969680652460,7849379845865491936,114655579483694980,4802244991936100667,3494,18446744073709551365,18446744073709551366,18446744073709551365,12,11,3,10,18446744073709545323,18446744073709550278,3,0,1,0,0,1,0,2851,0,18446744073709551354,18446744073709551139,8183724,11,5809,0,0,1,9,18446744073709547694,18446744073709551030,2788,18446744073709551354,10,2,1,11335361066010977016,0,0,3,10450951340377651609,0,0,1,0
PAWN_AUDIT_RESULT,2976,3,3,-731,0,0,-731,0,0,0,0,0
PAWN_AUDIT_ENTRY,2978,6797858265174797632,7385429287469340935,114655579483694980,1552203349755364795,4093,18446744073709551365,18446744073709551366,18446744073709551365,12,11,2,12,18446744073709535383,18446744073709550278,3,0,1,0,0,1,0,2851,0,18446744073709551354,18446744073709551139,8183724,11,5811,0,0,1,12,18446744073709544812,18446744073709551030,18446744073709551030,18446744073709551354,10,2,1,11335361066010977016,0,0,3,10450951340377651609,0,1,1,0
PAWN_AUDIT_RESULT,2978,2,2,-831,0,0,-831,0,0,0,0,0
PAWN_AUDIT_ENTRY,3005,7787212122613364583,1164898550786899154,15880722342368405597,448462663108656481,3234,18446744073709551354,18446744073709551355,18446744073709551349,7,6,3,8,18446744073709545830,18446744073709550278,5,0,0,0,0,1,0,2851,0,18446744073709551328,18446744073709551231,3261348,11,5893,0,0,1,9,18446744073709549810,18446744073709551030,18446744073709550520,18446744073709551328,3,3,1,7958797052010897560,0,0,5,5547804375411603008,0,0,1,0
PAWN_AUDIT_RESULT,3005,3,3,-541,0,0,-541,0,0,0,0,0
PAWN_AUDIT_ENTRY,3011,15089182558424155316,16896686623726087178,3656460333166198804,3895283065523491910,2527,18446744073709551354,18446744073709551355,18446744073709551350,9,8,6,5,18446744073709545348,18446744073709549825,3,0,0,0,0,1,0,2713,0,18446744073709551317,18446744073709551317,2611994,11,5900,0,0,0,9,18446744073709546318,7931,18446744073709548489,18446744073709551333,4,1,1,6780196862689092937,1,0,3,6938359671718365255,0,0,1,0
PAWN_AUDIT_RESULT,3011,6,6,-287,0,0,-287,0,1,1,0,0
PAWN_AUDIT_ENTRY,3012,16896686623726087178,6585552417783471155,3656460333166198804,8181929504947969707,3494,18446744073709551354,18446744073709551355,18446744073709551350,9,8,6,6,18446744073709544221,18446744073709549624,3,0,0,0,0,1,0,2713,0,18446744073709551317,18446744073709551317,2611994,11,5902,0,0,0,9,18446744073709547049,1925,498,18446744073709551333,4,1,1,6780196862689092937,1,0,3,6938359671718365255,0,0,1,0
PAWN_AUDIT_RESULT,3012,6,6,-275,0,0,-275,0,1,1,0,0
PAWN_AUDIT_ENTRY,3013,6585552417783471155,16931696176644278453,3656460333166198804,13674522843208557212,2736,18446744073709551354,18446744073709551355,18446744073709551350,9,8,5,16,18446744073709544419,18446744073709546988,3,0,0,0,0,1,0,2713,0,18446744073709551317,18446744073709551317,2611994,11,5904,0,0,0,10,18446744073709549335,18446744073709550467,18446744073709550756,18446744073709551333,4,1,1,6780196862689092937,1,0,3,6938359671718365255,0,2,1,0
PAWN_AUDIT_RESULT,3013,5,5,-376,0,0,-376,0,0,0,0,0
PAWN_AUDIT_ENTRY,3101,7594425633318030423,8226568018640186356,3656460333166198804,10391035236766918758,4013,18446744073709551338,18446744073709551339,18446744073709551334,12,11,9,3,18446744073709549502,3606,3,0,0,0,0,1,0,2713,0,18446744073709551315,18446744073709551315,2353874,11,6066,0,0,0,10,6931,18446744073709543526,18446744073709543689,18446744073709551350,9,1,1,6780196862689092937,1,0,3,6938359671718365255,0,2,1,0
PAWN_AUDIT_RESULT,3101,9,9,-281,0,0,-281,0,15,15,0,0
PAWN_AUDIT_ENTRY,3109,14744609610360309390,17246240067644054699,3656460333166198804,3895283065523491910,2527,18446744073709551338,18446744073709551339,18446744073709551335,12,11,7,5,18446744073709544493,18446744073709549825,3,0,0,0,0,1,0,2713,0,18446744073709551315,18446744073709551315,2353874,11,6086,0,0,0,9,18446744073709545929,7931,18446744073709548489,18446744073709551350,9,1,1,6780196862689092937,1,0,3,6938359671718365255,0,0,1,0
PAWN_AUDIT_RESULT,3109,7,7,-287,0,0,-287,0,1,1,0,0
PAWN_AUDIT_ENTRY,3110,17246240067644054699,3074095650605884349,3656460333166198804,8181929504947969707,3494,18446744073709551338,18446744073709551339,18446744073709551335,12,11,6,6,18446744073709542022,18446744073709549624,3,0,0,0,0,1,0,2713,0,18446744073709551315,18446744073709551315,2353874,11,6088,0,0,0,9,18446744073709546049,1925,498,18446744073709551350,9,1,1,6780196862689092937,1,0,3,6938359671718365255,0,0,1,0
PAWN_AUDIT_RESULT,3110,6,6,-338,0,0,-338,0,2,2,0,0
PAWN_AUDIT_ENTRY,3111,3074095650605884349,16424006891008377282,3656460333166198804,14711926462831266705,3177,18446744073709551338,18446744073709551339,18446744073709551335,12,11,5,7,18446744073709534712,18446744073709550278,3,0,0,0,0,1,0,2713,0,18446744073709551315,18446744073709551315,2353874,11,6091,0,0,0,9,18446744073709544507,18446744073709551030,18446744073709551030,18446744073709551350,9,1,1,6780196862689092937,1,0,3,6938359671718365255,0,0,1,0
PAWN_AUDIT_RESULT,3111,5,5,-381,0,0,-381,0,0,0,0,0
PAWN_AUDIT_ENTRY,3112,16424006891008377282,9807101846469816059,3656460333166198804,11179061941031440411,3437,18446744073709551338,18446744073709551339,18446744073709551335,12,11,5,8,18446744073709534451,18446744073709550278,3,0,0,0,0,1,0,2713,0,18446744073709551315,18446744073709551315,2353874,11,6092,0,0,0,9,18446744073709544526,18446744073709550754,18446744073709551030,18446744073709551350,9,1,1,6780196862689092937,1,0,3,6938359671718365255,0,0,1,0
PAWN_AUDIT_RESULT,3112,5,5,-415,0,0,-415,0,0,0,0,0
PAWN_AUDIT_ENTRY,3113,9807101846469816059,8780508898206490304,3656460333166198804,17388957980701669627,3502,18446744073709551338,18446744073709551339,18446744073709551335,12,11,5,9,18446744073709534328,18446744073709550278,3,0,0,0,0,1,0,2713,0,18446744073709551315,18446744073709551315,2353874,11,6093,0,0,0,9,18446744073709544456,18446744073709550782,18446744073709551030,18446744073709551350,9,1,1,6780196862689092937,1,0,3,6938359671718365255,0,0,1,0
PAWN_AUDIT_RESULT,3113,5,5,-366,0,0,-366,0,0,0,0,0
PAWN_AUDIT_ENTRY,3114,8780508898206490304,14304677024195528099,3656460333166198804,3003285793167244644,2592,18446744073709551338,18446744073709551339,18446744073709551335,12,11,5,10,18446744073709535042,18446744073709549950,3,0,0,0,0,1,0,2713,0,18446744073709551315,18446744073709551315,2353874,11,6094,0,0,0,9,18446744073709544943,18446744073709550677,18446744073709550804,18446744073709551350,9,1,1,6780196862689092937,1,0,3,6938359671718365255,0,0,1,0
PAWN_AUDIT_RESULT,3114,5,5,-387,0,0,-387,0,0,0,0,0
PAWN_AUDIT_ENTRY,3115,14304677024195528099,7495076437350429325,3656460333166198804,3405895163337618624,3429,18446744073709551338,18446744073709551339,18446744073709551335,12,11,5,12,18446744073709535186,18446744073709549912,3,0,0,0,0,1,0,2713,0,18446744073709551315,18446744073709551315,2353874,11,6095,0,0,0,9,18446744073709545007,18446744073709550705,18446744073709550778,18446744073709551350,9,1,1,6780196862689092937,1,0,3,6938359671718365255,0,0,1,0
PAWN_AUDIT_RESULT,3115,5,5,-374,0,0,-374,0,0,0,0,0
PAWN_AUDIT_ENTRY,3116,7495076437350429325,1673591304898466912,3656460333166198804,7996939112709684426,2720,18446744073709551338,18446744073709551339,18446744073709551335,12,11,5,13,18446744073709538772,18446744073709548874,3,0,0,0,0,1,0,2713,0,18446744073709551315,18446744073709551315,2353874,11,6096,0,0,0,10,18446744073709546236,18446744073709551264,18446744073709551030,18446744073709551350,9,1,1,6780196862689092937,1,0,3,6938359671718365255,0,2,1,0
PAWN_AUDIT_RESULT,3116,5,5,-361,0,0,-361,0,0,0,0,0
PAWN_AUDIT_ENTRY,3117,1673591304898466912,945511243845182440,3656460333166198804,147821653344836643,3632,18446744073709551338,18446744073709551339,18446744073709551335,12,11,5,14,18446744073709537259,18446744073709547758,3,0,0,0,0,1,0,2713,0,18446744073709551315,18446744073709551315,2353874,11,6097,0,0,0,12,18446744073709545665,18446744073709551030,18446744073709551030,18446744073709551350,9,1,1,6780196862689092937,1,0,3,6938359671718365255,0,2,1,0
PAWN_AUDIT_RESULT,3117,5,5,-416,0,0,-416,0,0,0,0,0
PAWN_AUDIT_ENTRY,3118,945511243845182440,18166598256740135080,3656460333166198804,14243155328148990508,4015,18446744073709551338,18446744073709551339,18446744073709551335,12,11,5,15,18446744073709535546,18446744073709548874,3,0,0,0,0,1,0,2713,0,18446744073709551315,18446744073709551315,2353874,11,6098,0,0,0,10,18446744073709544886,18446744073709551030,18446744073709551030,18446744073709551350,9,1,1,6780196862689092937,1,0,3,6938359671718365255,0,2,1,0
PAWN_AUDIT_RESULT,3118,5,5,-353,0,0,-353,0,0,0,0,0
PAWN_AUDIT_ENTRY,3119,18166598256740135080,15290889338299707357,3656460333166198804,254255296395281732,3901,18446744073709551338,18446744073709551339,18446744073709551335,12,11,5,17,18446744073709535130,18446744073709548874,3,0,0,0,0,1,0,2713,0,18446744073709551315,18446744073709551315,2353874,11,6099,0,0,0,14,18446744073709544697,18446744073709551030,18446744073709551030,18446744073709551350,9,1,1,6780196862689092937,1,0,3,6938359671718365255,0,2,1,0
PAWN_AUDIT_RESULT,3119,5,5,-346,0,0,-346,0,0,0,0,0
PAWN_AUDIT_ENTRY,3120,15290889338299707357,12238198299124752479,3656460333166198804,14507055639233866518,4087,18446744073709551338,18446744073709551339,18446744073709551335,12,11,4,18,18446744073709534924,18446744073709548874,3,0,0,0,0,1,0,2713,0,18446744073709551315,18446744073709551315,2353874,11,6100,0,0,0,12,18446744073709544603,18446744073709551030,18446744073709551030,18446744073709551350,9,1,1,6780196862689092937,1,0,3,6938359671718365255,0,2,1,0
PAWN_AUDIT_RESULT,3120,4,4,-501,0,0,-501,0,0,0,0,0
PAWN_AUDIT_ENTRY,3121,12238198299124752479,4944151327503810512,3656460333166198804,8048294746041271150,3641,18446744073709551338,18446744073709551339,18446744073709551335,12,11,4,19,18446744073709534950,18446744073709548874,3,0,0,0,0,1,0,2713,0,18446744073709551315,18446744073709551315,2353874,11,6101,0,0,0,12,18446744073709544615,18446744073709551030,18446744073709551030,18446744073709551350,9,1,1,6780196862689092937,1,0,3,6938359671718365255,0,2,1,0
PAWN_AUDIT_RESULT,3121,4,4,-362,0,0,-362,0,0,0,0,0
PAWN_AUDIT_ENTRY,3122,4944151327503810512,15097866822284710914,3656460333166198804,5200082658805576001,3833,18446744073709551338,18446744073709551339,18446744073709551335,12,11,4,20,18446744073709534506,18446744073709548874,3,0,0,0,0,1,0,2713,0,18446744073709551315,18446744073709551315,2353874,11,6102,0,0,0,13,18446744073709544588,18446744073709550680,18446744073709551030,18446744073709551350,9,1,1,6780196862689092937,1,0,3,6938359671718365255,0,2,1,0
PAWN_AUDIT_RESULT,3122,4,4,-388,0,0,-388,0,0,0,0,0
PAWN_AUDIT_ENTRY,3123,15097866822284710914,13358101155085398199,3656460333166198804,16546478293073380046,2745,18446744073709551338,18446744073709551339,18446744073709551335,12,11,4,21,18446744073709534374,18446744073709548874,3,0,0,0,0,1,0,2713,0,18446744073709551315,18446744073709551315,2353874,11,6103,0,0,0,10,18446744073709544552,18446744073709550632,18446744073709551030,18446744073709551350,9,1,1,6780196862689092937,1,0,3,6938359671718365255,0,2,1,0
PAWN_AUDIT_RESULT,3123,4,4,-395,0,0,-395,0,0,0,0,0
PAWN_AUDIT_ENTRY,3124,13358101155085398199,1803759185537356977,3656460333166198804,2383905954173270957,3353,18446744073709551338,18446744073709551339,18446744073709551335,12,11,4,22,18446744073709534258,18446744073709548874,3,0,0,0,0,1,0,2713,0,18446744073709551315,18446744073709551315,2353874,11,6104,0,0,0,11,18446744073709544624,18446744073709550383,18446744073709551030,18446744073709551350,9,1,1,6780196862689092937,1,0,3,6938359671718365255,0,2,1,0
PAWN_AUDIT_RESULT,3124,4,4,-358,0,0,-358,0,0,0,0,0
PAWN_AUDIT_ENTRY,3125,1803759185537356977,853722324461660322,3656460333166198804,13674522843208557212,2736,18446744073709551338,18446744073709551339,18446744073709551335,12,11,5,25,18446744073709542288,18446744073709546988,3,0,0,0,0,1,0,2713,0,18446744073709551315,18446744073709551315,2353874,11,6105,0,0,0,10,18446744073709548366,18446744073709550467,18446744073709550756,18446744073709551350,9,1,1,6780196862689092937,1,0,3,6938359671718365255,0,2,1,0
PAWN_AUDIT_RESULT,3125,5,5,-386,0,0,-386,0,0,0,0,0
PAWN_AUDIT_ENTRY,3225,11976216274423971713,17257760667422393193,4656263391207093627,1326878481879612712,2131,266,267,262,8,7,4,2,18446744073709549510,18446744073709550468,2,0,0,0,0,0,0,0,0,189,189,3794733,11,6271,0,0,0,3,2979,18446744073709545338,18446744073709549972,267,2,1,1,1180787367515917514,2,0,2,16290745604998389001,0,3,1,0
PAWN_AUDIT_RESULT,3225,4,4,214,0,0,214,0,0,0,0,0
PAWN_AUDIT_ENTRY,3227,14920223744011409853,9961981243193538464,4656263391207093627,15886870182316996826,983,266,267,262,8,7,4,4,18446744073709550664,18446744073709548452,2,0,0,0,0,0,0,0,0,189,189,3794733,11,6273,0,0,0,1,18446744073709550430,18446744073709551298,1879,267,2,1,1,1180787367515917514,2,0,2,16290745604998389001,0,0,1,0
PAWN_AUDIT_RESULT,3227,4,4,212,0,0,212,0,0,0,0,0
PAWN_AUDIT_ENTRY,3229,9748697292664175486,3851899736719652208,4656263391207093627,835074077432476971,1380,266,267,262,8,7,3,6,18446744073709548278,18446744073709549821,2,0,0,0,0,0,0,0,0,189,189,3794733,11,6275,0,0,0,2,18446744073709551227,18446744073709550042,18446744073709550911,267,2,1,1,1180787367515917514,2,0,2,16290745604998389001,0,3,1,0
PAWN_AUDIT_RESULT,3229,3,3,206,0,0,206,0,0,0,0,0
PAWN_AUDIT_ENTRY,3232,9295092780999840085,8773211145128123201,4656263391207093627,1455425933378885215,2117,266,267,262,8,7,1,9,18446744073709539996,18446744073709550201,2,0,0,0,0,0,0,0,0,189,189,3794733,11,6281,0,0,0,3,18446744073709547841,18446744073709549950,18446744073709550223,267,2,1,1,1180787367515917514,2,0,2,16290745604998389001,0,3,1,0
PAWN_AUDIT_RESULT,3232,1,1,203,0,0,203,0,0,0,0,0
PAWN_AUDIT_ENTRY,3303,6730420878021064293,17720882700898297827,13643175950121649494,13330196316249177243,53055,18446744073709551336,18446744073709551337,18446744073709551336,11,10,8,2,18446744073709548267,18446744073709550278,7,0,0,0,0,0,0,0,0,18446744073709551296,18446744073709551296,1748008,12,6414,0,0,1,14,634,18446744073709549575,18446744073709549274,18446744073709551341,7,1,1,8847008671119735293,0,0,7,2069908384204747197,0,1,1,0
PAWN_AUDIT_ENTRY,3305,1226269657316226217,3919266945629151014,13330196316249177243,2601251323897884986,983,279,280,248,7,6,1,3,18446744073709547810,18446744073709550278,8,0,1,0,0,0,0,0,0,436,436,18446744073708911283,12,6420,0,0,0,1,18446744073709549537,1265,18446744073709551030,32002,18446744073709551614,0,1,8847008671119735293,1,0,8,13643175950121649494,0,0,1,0
PAWN_AUDIT_ENTRY,3306,3919266945629151014,8190514994579780877,2601251323897884986,16071493843056757509,3964,18446744073709551336,18446744073709551337,18446744073709551099,7,6,3,2,18446744073709549593,18446744073709550278,9,0,0,0,0,0,0,0,0,18446744073709551266,18446744073709551266,18446744073709416653,12,6423,0,0,0,12,18446744073709550851,18446744073709551030,284,18446744073709551314,1,1,1,5103736746918293392,0,0,9,13330196316249177243,0,1,1,0
PAWN_AUDIT_RESULT,3306,3,3,-353,0,0,-353,0,0,0,0,0
PAWN_AUDIT_ENTRY,3307,8190514994579780877,5486469477452857800,2601251323897884986,8633604984587511958,3112,18446744073709551336,18446744073709551337,18446744073709551263,7,6,3,3,18446744073709548495,18446744073709550278,9,0,0,0,0,0,0,0,0,18446744073709551266,18446744073709551266,18446744073709416653,12,6424,0,0,0,9,18446744073709549680,824,216,18446744073709551314,1,1,1,5103736746918293392,0,0,9,13330196316249177243,0,0,1,0
PAWN_AUDIT_RESULT,3307,3,3,-391,0,0,-391,0,2,2,0,0
PAWN_AUDIT_ENTRY,3309,18110571125330068598,3078164322548782688,2601251323897884986,10540869048401374827,3324,18446744073709551336,18446744073709551337,18446744073709551311,7,6,1,6,18446744073709540723,18446744073709550278,9,0,0,0,0,0,0,0,0,18446744073709551266,18446744073709551266,18446744073709416653,12,6429,0,0,0,11,18446744073709547240,18446744073709551030,18446744073709551030,18446744073709551314,1,1,1,5103736746918293392,0,0,9,13330196316249177243,0,1,1,0
PAWN_AUDIT_RESULT,3309,1,1,-346,0,0,-346,0,0,0,0,0
PAWN_AUDIT_ENTRY,3310,3078164322548782688,8837253837380073795,2601251323897884986,7786408486598116935,4023,18446744073709551336,18446744073709551337,18446744073709551311,7,6,1,7,18446744073709540109,18446744073709550278,9,0,0,0,0,0,0,0,0,18446744073709551266,18446744073709551266,18446744073709416653,12,6430,0,0,0,14,18446744073709547284,18446744073709551030,18446744073709550364,18446744073709551314,1,1,1,5103736746918293392,0,0,9,13330196316249177243,0,1,1,0
PAWN_AUDIT_RESULT,3310,1,1,-460,0,0,-460,0,0,0,0,0
PAWN_AUDIT_RESULT,3305,1,1,302,1,7,305,0,1,10,1,1
PAWN_AUDIT_RESULT,3303,8,8,-301,0,0,-301,0,16,16,0,0
PAWN_AUDIT_ENTRY,3311,8837253837380073795,8386038051072107695,13643175950121649494,16218239277639022984,2720,18446744073709551336,18446744073709551337,18446744073709551336,11,10,6,3,18446744073709542406,18446744073709550082,7,0,0,0,0,0,0,0,0,18446744073709551296,18446744073709551296,1748008,12,6431,0,0,1,10,18446744073709545139,1215,3464,18446744073709551341,7,1,1,8847008671119735293,0,0,7,2069908384204747197,0,1,1,0
PAWN_AUDIT_RESULT,3311,6,6,-293,0,0,-293,0,9,9,0,0
PAWN_AUDIT_ENTRY,3317,17207086624541254676,13582785493253991809,13643175950121649494,14791264525580717930,3373,18446744073709551336,18446744073709551337,18446744073709551336,11,10,4,5,18446744073709535726,18446744073709550278,7,0,0,0,0,0,0,0,0,18446744073709551296,18446744073709551296,1748008,12,6442,0,0,1,11,18446744073709544968,18446744073709551030,18446744073709551030,18446744073709551341,7,1,1,8847008671119735293,0,0,7,2069908384204747197,0,1,1,0
PAWN_AUDIT_RESULT,3317,4,4,-327,0,0,-327,0,0,0,0,0
PAWN_AUDIT_ENTRY,3318,13582785493253991809,15603687088801573960,13643175950121649494,5799401588974532033,3371,18446744073709551336,18446744073709551337,18446744073709551336,11,10,3,8,18446744073709535174,18446744073709550278,7,0,0,0,0,0,0,0,0,18446744073709551296,18446744073709551296,1748008,12,6443,0,0,1,11,18446744073709544717,18446744073709551030,18446744073709551030,18446744073709551341,7,1,1,8847008671119735293,0,0,7,2069908384204747197,0,1,1,0
PAWN_AUDIT_RESULT,3318,3,3,-369,0,0,-369,0,0,0,0,0
PAWN_AUDIT_ENTRY,3319,15603687088801573960,11014386809190600865,13643175950121649494,10119408770278604806,3901,18446744073709551336,18446744073709551337,18446744073709551336,11,10,3,10,18446744073709534935,18446744073709550278,7,0,0,0,0,0,0,0,0,18446744073709551296,18446744073709551296,1748008,12,6444,0,0,1,14,18446744073709544608,18446744073709551030,18446744073709551030,18446744073709551341,7,1,1,8847008671119735293,0,0,7,2069908384204747197,0,1,1,0
PAWN_AUDIT_RESULT,3319,3,3,-340,0,0,-340,0,0,0,0,0
PAWN_AUDIT_ENTRY,3320,11014386809190600865,10341849774113672188,13643175950121649494,13395609914149540100,2527,18446744073709551336,18446744073709551337,18446744073709551336,11,10,3,11,18446744073709537287,18446744073709550278,7,0,0,0,0,0,0,0,0,18446744073709551296,18446744073709551296,1748008,12,6445,0,0,1,9,18446744073709546334,18446744073709550572,18446744073709550150,18446744073709551341,7,1,1,8847008671119735293,0,0,7,2069908384204747197,0,0,1,0
PAWN_AUDIT_RESULT,3320,3,3,-320,0,0,-320,0,0,0,0,0
PAWN_AUDIT_ENTRY,3321,10341849774113672188,1547188733586656051,13643175950121649494,343769739601925890,3389,18446744073709551336,18446744073709551337,18446744073709551336,11,10,3,12,18446744073709534816,18446744073709550278,7,0,0,0,0,0,0,0,0,18446744073709551296,18446744073709551296,1748008,12,6446,0,0,1,11,18446744073709544554,18446744073709551030,18446744073709551030,18446744073709551341,7,1,1,8847008671119735293,0,0,7,2069908384204747197,0,1,1,0
PAWN_AUDIT_RESULT,3321,3,3,-470,0,0,-470,0,0,0,0,0
PAWN_AUDIT_ENTRY,3322,1547188733586656051,4283216264885737053,13643175950121649494,11133717221463420578,3322,18446744073709551336,18446744073709551337,18446744073709551336,11,10,3,13,18446744073709534763,18446744073709550278,7,0,0,0,0,0,0,0,0,18446744073709551296,18446744073709551296,1748008,12,6447,0,0,1,11,18446744073709544530,18446744073709551030,18446744073709551030,18446744073709551341,7,1,1,8847008671119735293,0,0,7,2069908384204747197,0,1,1,0
PAWN_AUDIT_RESULT,3322,3,3,-446,0,0,-446,0,0,0,0,0
PAWN_AUDIT_ENTRY,3323,4283216264885737053,7150898762115010203,13643175950121649494,16166055825329358380,3641,18446744073709551336,18446744073709551337,18446744073709551336,11,10,3,14,18446744073709534754,18446744073709550278,7,0,0,0,0,0,0,0,0,18446744073709551296,18446744073709551296,1748008,12,6448,0,0,1,12,18446744073709544526,18446744073709551030,18446744073709551030,18446744073709551341,7,1,1,8847008671119735293,0,0,7,2069908384204747197,0,1,1,0
PAWN_AUDIT_RESULT,3323,3,3,-382,0,0,-382,0,0,0,0,0
PAWN_AUDIT_ENTRY,3324,7150898762115010203,439160639615764677,13643175950121649494,4589939271524292320,3642,18446744073709551336,18446744073709551337,18446744073709551336,11,10,3,16,18446744073709534748,18446744073709550278,7,0,0,0,0,0,0,0,0,18446744073709551296,18446744073709551296,1748008,12,6449,0,0,1,12,18446744073709544523,18446744073709551030,18446744073709551030,18446744073709551341,7,1,1,8847008671119735293,0,0,7,2069908384204747197,0,1,1,0
PAWN_AUDIT_RESULT,3324,3,3,-392,0,0,-392,0,0,0,0,0
PAWN_AUDIT_ENTRY,3325,439160639615764677,15720535599140207895,13643175950121649494,5096805182358318676,4087,18446744073709551336,18446744073709551337,18446744073709551336,11,10,3,17,18446744073709534741,18446744073709550278,7,0,0,0,0,0,0,0,0,18446744073709551296,18446744073709551296,1748008,12,6450,0,0,1,12,18446744073709544520,18446744073709551030,18446744073709551030,18446744073709551341,7,1,1,8847008671119735293,0,0,7,2069908384204747197,0,1,1,0
PAWN_AUDIT_RESULT,3325,3,3,-530,0,0,-530,0,0,0,0,0
PAWN_AUDIT_ENTRY,3326,15720535599140207895,17343737783195328361,13643175950121649494,14394191404904264707,3833,18446744073709551336,18446744073709551337,18446744073709551336,11,10,3,18,18446744073709534723,18446744073709550278,7,0,0,0,0,0,0,0,0,18446744073709551296,18446744073709551296,1748008,12,6451,0,0,1,13,18446744073709544512,18446744073709551030,18446744073709551030,18446744073709551341,7,1,1,8847008671119735293,0,0,7,2069908384204747197,0,1,1,0
PAWN_AUDIT_RESULT,3326,3,3,-560,0,0,-560,0,0,0,0,0
PAWN_AUDIT_ENTRY,3327,17343737783195328361,17405590706513782184,13643175950121649494,18422802608532241713,3834,18446744073709551336,18446744073709551337,18446744073709551336,11,10,3,19,18446744073709534719,18446744073709550278,7,0,0,0,0,0,0,0,0,18446744073709551296,18446744073709551296,1748008,12,6452,0,0,1,13,18446744073709544510,18446744073709551030,18446744073709551030,18446744073709551341,7,1,1,8847008671119735293,0,0,7,2069908384204747197,0,1,1,0
PAWN_AUDIT_RESULT,3327,3,3,-402,0,0,-402,0,0,0,0,0
PAWN_AUDIT_ENTRY,3328,17405590706513782184,785496325229293332,13643175950121649494,7658636311868409740,2745,18446744073709551336,18446744073709551337,18446744073709551336,11,10,3,20,18446744073709534673,18446744073709550278,7,0,0,0,0,0,0,0,0,18446744073709551296,18446744073709551296,1748008,12,6453,0,0,1,10,18446744073709544489,18446744073709551030,18446744073709551030,18446744073709551341,7,1,1,8847008671119735293,0,0,7,2069908384204747197,0,1,1,0
PAWN_AUDIT_RESULT,3328,3,3,-364,0,0,-364,0,0,0,0,0
PAWN_AUDIT_ENTRY,3329,785496325229293332,12269949190417831279,13643175950121649494,12199004684699314025,4093,18446744073709551336,18446744073709551337,18446744073709551336,11,10,3,21,18446744073709534271,18446744073709550278,7,0,0,0,0,0,0,0,0,18446744073709551296,18446744073709551296,1748008,12,6454,0,0,1,12,18446744073709544676,18446744073709550754,18446744073709550553,18446744073709551341,7,1,1,8847008671119735293,0,0,7,2069908384204747197,0,1,1,0
PAWN_AUDIT_RESULT,3329,3,3,-531,0,0,-531,0,0,0,0,0
PAWN_AUDIT_ENTRY,3330,12269949190417831279,7176120017567360208,13643175950121649494,3463274301416941077,4094,18446744073709551336,18446744073709551337,18446744073709551336,11,10,3,22,18446744073709534205,18446744073709550278,7,0,0,0,0,0,0,0,0,18446744073709551296,18446744073709551296,1748008,12,6455,0,0,1,12,18446744073709544733,18446744073709550689,18446744073709550440,18446744073709551341,7,1,1,8847008671119735293,0,0,7,2069908384204747197,0,1,1,0
PAWN_AUDIT_RESULT,3330,3,3,-495,0,0,-495,0,0,0,0,0
PAWN_AUDIT_ENTRY,3331,7176120017567360208,11853406345606078403,13643175950121649494,4882839169009766099,3177,18446744073709551336,18446744073709551337,18446744073709551336,11,10,3,23,18446744073709533004,18446744073709550278,7,0,0,0,0,0,0,0,0,18446744073709551296,18446744073709551296,1748008,12,6456,0,0,1,9,18446744073709544462,18446744073709550213,18446744073709550364,18446744073709551341,7,1,1,8847008671119735293,0,0,7,2069908384204747197,0,0,1,0
PAWN_AUDIT_RESULT,3331,3,3,-401,0,0,-401,0,0,0,0,0
PAWN_AUDIT_ENTRY,3332,11853406345606078403,638912250049497941,13643175950121649494,11577695718697038210,3429,18446744073709551336,18446744073709551337,18446744073709551336,11,10,3,24,18446744073709533205,18446744073709550278,7,0,0,0,0,0,0,0,0,18446744073709551296,18446744073709551296,1748008,12,6457,0,0,1,9,18446744073709544802,18446744073709549956,18446744073709550116,18446744073709551341,7,1,1,8847008671119735293,0,0,7,2069908384204747197,0,0,1,0
PAWN_AUDIT_RESULT,3332,3,3,-586,0,0,-586,0,0,0,0,0
PAWN_AUDIT_ENTRY,3333,638912250049497941,6894715370890068733,13643175950121649494,6159199020047055430,3104,18446744073709551336,18446744073709551337,18446744073709551336,11,10,3,25,18446744073709532095,18446744073709550278,7,0,0,0,0,0,0,0,0,18446744073709551296,18446744073709551296,1748008,12,6458,0,0,1,9,18446744073709544483,18446744073709549741,18446744073709549955,18446744073709551341,7,1,1,8847008671119735293,0,0,7,2069908384204747197,0,0,1,0
PAWN_AUDIT_RESULT,3333,3,3,-376,0,0,-376,0,0,0,0,0
PAWN_AUDIT_ENTRY,3334,6894715370890068733,13684288325696598171,13643175950121649494,17194591148127329530,3112,18446744073709551336,18446744073709551337,18446744073709551336,11,10,4,26,18446744073709543822,18446744073709550278,7,0,0,0,0,0,0,0,0,18446744073709551296,18446744073709551296,1748008,12,6459,0,0,1,9,18446744073709550769,18446744073709549298,18446744073709548447,18446744073709551341,7,1,1,8847008671119735293,0,0,7,2069908384204747197,0,0,1,0
PAWN_AUDIT_RESULT,3334,4,4,-333,0,0,-333,0,1,1,0,0
PAWN_AUDIT_ENTRY,3335,13684288325696598171,14848254927291219516,13643175950121649494,9131587375420439993,3502,18446744073709551336,18446744073709551337,18446744073709551336,11,10,2,27,18446744073709531704,18446744073709550278,7,0,0,0,0,0,0,0,0,18446744073709551296,18446744073709551296,1748008,12,6461,0,0,1,9,18446744073709544441,18446744073709549584,18446744073709549837,18446744073709551341,7,1,1,8847008671119735293,0,0,7,2069908384204747197,0,0,1,0
PAWN_AUDIT_RESULT,3335,2,2,-390,0,0,-390,0,0,0,0,0
PAWN_AUDIT_ENTRY,3336,14848254927291219516,9091625586574235779,13643175950121649494,1498597970349544793,3437,18446744073709551336,18446744073709551337,18446744073709551336,11,10,1,28,18446744073709531480,18446744073709550278,7,0,0,0,0,0,0,0,0,18446744073709551296,18446744073709551296,1748008,12,6462,0,0,1,9,18446744073709544492,18446744073709549408,18446744073709549704,18446744073709551341,7,1,1,8847008671119735293,0,0,7,2069908384204747197,0,0,1,0
PAWN_AUDIT_RESULT,3336,1,1,-370,0,0,-370,0,0,0,0,0
PAWN_AUDIT_ENTRY,3339,6865014807947786119,5708374988276836197,11822546890266234682,15731502451231979886,2713,18446744073709551336,18446744073709551337,18446744073709551336,11,10,8,4,18446744073709541303,1619,5,0,0,0,0,1,0,0,0,18446744073709551269,18446744073709551269,18446744073706407024,12,6465,0,0,0,10,18446744073709548509,18446744073709549020,18446744073709551030,18446744073709551326,4,1,1,6448796002632976483,1,0,5,7509368150563025911,0,2,1,0
PAWN_AUDIT_RESULT,3339,8,8,-334,0,0,-334,0,21,21,0,0
PAWN_AUDIT_ENTRY,3350,8231649519467403144,14615521802795813548,11822546890266234682,17859911024906606230,3112,18446744073709551336,18446744073709551337,18446744073709551336,11,10,6,8,18446744073709543001,18446744073709550582,5,0,0,0,0,1,0,0,0,18446744073709551269,18446744073709551269,18446744073706407024,12,6508,0,0,0,9,18446744073709550584,18446744073709547171,18446744073709550250,18446744073709551326,4,1,1,6448796002632976483,1,0,5,7509368150563025911,0,0,1,0
PAWN_AUDIT_RESULT,3350,6,6,-287,0,0,-287,0,11,11,0,0
PAWN_AUDIT_ENTRY,3353,13649616750211048236,15778846395665905522,11822546890266234682,14603381578090740497,2281,18446744073709551336,18446744073709551337,18446744073709551336,11,10,5,9,18446744073709544714,18446744073709547793,5,0,0,0,0,1,0,0,0,18446744073709551269,18446744073709551269,18446744073706407024,12,6520,0,0,0,10,18446744073709549055,18446744073709551030,18446744073709551030,18446744073709551326,4,1,1,6448796002632976483,1,0,5,7509368150563025911,0,2,1,0
PAWN_AUDIT_RESULT,3353,5,5,-368,0,0,-368,0,0,0,0,0
PAWN_AUDIT_ENTRY,3354,15778846395665905522,9508269259002430307,11822546890266234682,16654391713152651653,3494,18446744073709551336,18446744073709551337,18446744073709551336,11,10,4,10,18446744073709537221,18446744073709549508,5,0,0,0,0,1,0,0,0,18446744073709551269,18446744073709551269,18446744073706407024,12,6521,0,0,0,9,18446744073709544751,1207,18446744073709551030,18446744073709551326,4,1,1,6448796002632976483,1,0,5,7509368150563025911,0,0,1,0
PAWN_AUDIT_RESULT,3354,4,4,-363,0,0,-363,0,0,0,0,0
PAWN_AUDIT_ENTRY,3355,9508269259002430307,5247787719353713834,11822546890266234682,6523190992426779839,3177,18446744073709551336,18446744073709551337,18446744073709551336,11,10,4,13,18446744073709534328,18446744073709550278,5,0,0,0,0,1,0,0,0,18446744073709551269,18446744073709551269,18446744073706407024,12,6522,0,0,0,9,18446744073709544456,18446744073709550782,18446744073709551030,18446744073709551326,4,1,1,6448796002632976483,1,0,5,7509368150563025911,0,0,1,0
PAWN_AUDIT_RESULT,3355,4,4,-457,0,0,-457,0,0,0,0,0
PAWN_AUDIT_ENTRY,3356,5247787719353713834,17575099172666507292,11822546890266234682,5493702288491294762,3104,18446744073709551336,18446744073709551337,18446744073709551336,11,10,4,14,18446744073709534440,18446744073709550278,5,0,0,0,0,1,0,0,0,18446744073709551269,18446744073709551269,18446744073706407024,12,6523,0,0,0,9,18446744073709544473,18446744073709550850,18446744073709551030,18446744073709551326,4,1,1,6448796002632976483,1,0,5,7509368150563025911,0,0,1,0
PAWN_AUDIT_RESULT,3356,4,4,-359,0,0,-359,0,0,0,0,0
PAWN_AUDIT_ENTRY,3357,17575099172666507292,3970847371404077525,11822546890266234682,7493349494121101269,3502,18446744073709551336,18446744073709551337,18446744073709551336,11,10,4,15,18446744073709534342,18446744073709550278,5,0,0,0,0,1,0,0,0,18446744073709551269,18446744073709551269,18446744073706407024,12,6524,0,0,0,9,18446744073709544439,18446744073709550829,18446744073709551030,18446744073709551326,4,1,1,6448796002632976483,1,0,5,7509368150563025911,0,0,1,0
PAWN_AUDIT_RESULT,3357,4,4,-388,0,0,-388,0,0,0,0,0
PAWN_AUDIT_ENTRY,3358,3970847371404077525,15267223663598507417,11822546890266234682,975105279687319349,3437,18446744073709551336,18446744073709551337,18446744073709551336,11,10,4,16,18446744073709534408,18446744073709550278,5,0,0,0,0,1,0,0,0,18446744073709551269,18446744073709551269,18446744073706407024,12,6525,0,0,0,9,18446744073709544480,18446744073709550807,18446744073709551030,18446744073709551326,4,1,1,6448796002632976483,1,0,5,7509368150563025911,0,0,1,0
PAWN_AUDIT_RESULT,3358,4,4,-358,0,0,-358,0,0,0,0,0
PAWN_AUDIT_ENTRY,3359,15267223663598507417,5164692178621626377,11822546890266234682,5278164866291023789,3371,18446744073709551336,18446744073709551337,18446744073709551336,11,10,4,17,18446744073709535049,18446744073709549625,5,0,0,0,0,1,0,0,0,18446744073709551269,18446744073709551269,18446744073706407024,12,6526,0,0,0,11,18446744073709544660,18446744073709551030,18446744073709551030,18446744073709551326,4,1,1,6448796002632976483,1,0,5,7509368150563025911,0,2,1,0
PAWN_AUDIT_RESULT,3359,4,4,-396,0,0,-396,0,0,0,0,0
PAWN_AUDIT_ENTRY,3360,5164692178621626377,1224850504054960026,11822546890266234682,11574980850013772648,2527,18446744073709551336,18446744073709551337,18446744073709551336,11,10,4,18,18446744073709536666,18446744073709549065,5,0,0,0,0,1,0,0,0,18446744073709551269,18446744073709551269,18446744073706407024,12,6527,0,0,0,9,18446744073709546290,18446744073709549241,18446744073709551030,18446744073709551326,4,1,1,6448796002632976483,1,0,5,7509368150563025911,0,0,1,0
PAWN_AUDIT_RESULT,3360,4,4,-328,0,0,-328,0,0,0,0,0
PAWN_AUDIT_ENTRY,3361,1224850504054960026,10434573250454923274,11822546890266234682,13396079231154256878,3429,18446744073709551336,18446744073709551337,18446744073709551336,11,10,4,20,18446744073709534911,18446744073709549718,5,0,0,0,0,1,0,0,0,18446744073709551269,18446744073709551269,18446744073706407024,12,6528,0,0,0,9,18446744073709544729,18446744073709550767,18446744073709551030,18446744073709551326,4,1,1,6448796002632976483,1,0,5,7509368150563025911,0,0,1,0
PAWN_AUDIT_RESULT,3361,4,4,-515,0,0,-515,0,0,0,0,0
PAWN_AUDIT_ENTRY,3362,10434573250454923274,17610712680981614823,11822546890266234682,15276618164486784262,3373,18446744073709551336,18446744073709551337,18446744073709551336,11,10,4,21,18446744073709535665,18446744073709548874,5,0,0,0,0,1,0,0,0,18446744073709551269,18446744073709551269,18446744073706407024,12,6529,0,0,0,11,18446744073709544940,18446744073709551030,18446744073709551030,18446744073709551326,4,1,1,6448796002632976483,1,0,5,7509368150563025911,0,2,1,0
PAWN_AUDIT_RESULT,3362,4,4,-331,0,0,-331,0,0,0,0,0
PAWN_AUDIT_ENTRY,3363,17610712680981614823,2695264387167996057,11822546890266234682,17894649933938996196,2720,18446744073709551336,18446744073709551337,18446744073709551336,11,10,4,24,18446744073709538493,18446744073709547290,5,0,0,0,0,1,0,0,0,18446744073709551269,18446744073709551269,18446744073706407024,12,6530,0,0,0,10,18446744073709545115,1636,18446744073709551030,18446744073709551326,4,1,1,6448796002632976483,1,0,5,7509368150563025911,0,2,1,0
PAWN_AUDIT_RESULT,3363,4,4,-345,0,0,-345,0,0,0,0,0
PAWN_AUDIT_ENTRY,3440,1036824660802846564,171933945643484247,14418586845058681535,7175643128911451758,2908,18446744073709551336,18446744073709551337,18446744073709551334,14,13,9,3,18446744073709548082,18446744073709548874,5,0,0,0,0,1,0,0,0,18446744073709551263,18446744073709551263,2313284,12,6680,0,0,0,10,18446744073709547330,18446744073709549115,8096,18446744073709551333,12,1,1,6448796002632976483,2,0,5,11197480689422135903,0,3,1,0
PAWN_AUDIT_RESULT,3440,9,9,-615,0,0,-615,0,0,0,0,0
PAWN_AUDIT_ENTRY,3442,6749850903572286759,15617121580854059572,14418586845058681535,14821643817839506290,53055,18446744073709551336,18446744073709551337,18446744073709551334,14,13,8,5,18446744073709544196,18446744073709548963,5,0,0,0,0,1,0,0,0,18446744073709551263,18446744073709551263,2313284,12,6683,0,0,0,14,18446744073709548507,18446744073709550754,342,18446744073709551333,12,1,1,6448796002632976483,2,0,5,11197480689422135903,0,3,1,0
PAWN_AUDIT_RESULT,3442,8,8,-283,0,0,-283,0,0,0,0,0
PAWN_AUDIT_ENTRY,3443,15617121580854059572,11619490209647383506,14418586845058681535,3930521182511579450,3177,18446744073709551336,18446744073709551337,18446744073709551334,14,13,6,7,18446744073709534199,18446744073709550278,5,0,0,0,0,1,0,0,0,18446744073709551263,18446744073709551263,2313284,12,6684,0,0,0,9,18446744073709544447,18446744073709551030,18446744073709550673,18446744073709551333,12,1,1,6448796002632976483,2,0,5,11197480689422135903,0,0,1,0
PAWN_AUDIT_RESULT,3443,6,6,-450,0,0,-450,0,0,0,0,0
PAWN_AUDIT_ENTRY,3444,11619490209647383506,9945641831064256216,14418586845058681535,2321199383445910959,3104,18446744073709551336,18446744073709551337,18446744073709551334,14,13,6,8,18446744073709533992,18446744073709550278,5,0,0,0,0,1,0,0,0,18446744073709551263,18446744073709551263,2313284,12,6685,0,0,0,9,18446744073709544460,18446744073709551030,18446744073709550452,18446744073709551333,12,1,1,6448796002632976483,2,0,5,11197480689422135903,0,0,1,0
PAWN_AUDIT_RESULT,3444,6,6,-355,0,0,-355,0,0,0,0,0
PAWN_AUDIT_ENTRY,3445,9945641831064256216,5215355871641942673,14418586845058681535,862081147538043472,3502,18446744073709551336,18446744073709551337,18446744073709551334,14,13,6,9,18446744073709533871,18446744073709550278,5,0,0,0,0,1,0,0,0,18446744073709551263,18446744073709551263,2313284,12,6686,0,0,0,9,18446744073709544436,18446744073709551030,18446744073709550388,18446744073709551333,12,1,1,6448796002632976483,2,0,5,11197480689422135903,0,0,1,0
PAWN_AUDIT_RESULT,3445,6,6,-399,0,0,-399,0,0,0,0,0
PAWN_AUDIT_ENTRY,3446,5215355871641942673,10928089661744575865,14418586845058681535,7316409173536027735,2915,18446744073709551336,18446744073709551337,18446744073709551334,14,13,6,10,18446744073709538739,18446744073709547758,5,0,0,0,0,1,0,0,0,18446744073709551263,18446744073709551263,2313284,12,6687,0,0,0,10,18446744073709545969,18446744073709551030,174,18446744073709551333,12,1,1,6448796002632976483,2,0,5,11197480689422135903,0,3,1,0
PAWN_AUDIT_RESULT,3446,6,6,-375,0,0,-375,0,0,0,0,0
PAWN_AUDIT_ENTRY,3447,10928089661744575865,10198023135495878375,14418586845058681535,6209862885161726171,4079,18446744073709551336,18446744073709551337,18446744073709551334,14,13,6,11,18446744073709534976,18446744073709548874,5,0,0,0,0,1,0,0,0,18446744073709551263,18446744073709551263,2313284,12,6688,0,0,0,12,18446744073709544627,18446744073709551030,18446744073709551030,18446744073709551333,12,1,1,6448796002632976483,2,0,5,11197480689422135903,0,3,1,0
PAWN_AUDIT_RESULT,3447,6,6,-557,0,0,-557,0,0,0,0,0
PAWN_AUDIT_ENTRY,3448,10198023135495878375,4366193782706862825,14418586845058681535,2680993552692492840,3371,18446744073709551336,18446744073709551337,18446744073709551334,14,13,5,12,18446744073709534871,18446744073709548355,5,0,0,0,0,1,0,0,0,18446744073709551263,18446744073709551263,2313284,12,6689,0,0,0,11,18446744073709544579,18446744073709551030,18446744073709551030,18446744073709551333,12,1,1,6448796002632976483,2,0,5,11197480689422135903,0,3,1,0
PAWN_AUDIT_RESULT,3448,5,5,-345,0,0,-345,0,0,0,0,0
PAWN_AUDIT_ENTRY,3449,4366193782706862825,14916428762996366777,14418586845058681535,10939342821853988342,2935,18446744073709551336,18446744073709551337,18446744073709551334,14,13,5,13,18446744073709533930,18446744073709548761,5,0,0,0,0,1,0,0,0,18446744073709551263,18446744073709551263,2313284,12,6690,0,0,0,10,18446744073709545137,18446744073709551030,18446744073709548999,18446744073709551333,12,1,1,6448796002632976483,2,0,5,11197480689422135903,0,3,1,0
PAWN_AUDIT_RESULT,3449,5,5,-328,0,0,-328,0,0,0,0,0
PAWN_AUDIT_ENTRY,3450,14916428762996366777,13630320001496934050,14418586845058681535,2235933088962283621,2745,18446744073709551336,18446744073709551337,18446744073709551334,14,13,5,14,18446744073709534627,18446744073709548069,5,0,0,0,0,1,0,0,0,18446744073709551263,18446744073709551263,2313284,12,6691,0,0,0,10,18446744073709544468,18446744073709551030,18446744073709551030,18446744073709551333,12,1,1,6448796002632976483,2,0,5,11197480689422135903,0,3,1,0
PAWN_AUDIT_RESULT,3450,5,5,-355,0,0,-355,0,0,0,0,0
PAWN_AUDIT_ENTRY,3451,13630320001496934050,2742977975473178488,14418586845058681535,14747481544228937453,2527,18446744073709551336,18446744073709551337,18446744073709551334,14,13,5,15,18446744073709536943,18446744073709549065,5,0,0,0,0,1,0,0,0,18446744073709551263,18446744073709551263,2313284,12,6692,0,0,0,9,18446744073709545899,18446744073709550681,18446744073709550611,18446744073709551333,12,1,1,6448796002632976483,2,0,5,11197480689422135903,0,0,1,0
PAWN_AUDIT_RESULT,3451,5,5,-355,0,0,-355,0,0,0,0,0
PAWN_AUDIT_ENTRY,3452,2742977975473178488,13938541664837001723,14418586845058681535,4998808441674967548,4094,18446744073709551336,18446744073709551337,18446744073709551334,14,13,5,16,18446744073709534972,18446744073709547758,5,0,0,0,0,1,0,0,0,18446744073709551263,18446744073709551263,2313284,12,6693,0,0,0,12,18446744073709544625,18446744073709551030,18446744073709551030,18446744073709551333,12,1,1,6448796002632976483,2,0,5,11197480689422135903,0,3,1,0
PAWN_AUDIT_RESULT,3452,5,5,-429,0,0,-429,0,0,0,0,0
PAWN_AUDIT_ENTRY,3453,13938541664837001723,710506825924737634,14418586845058681535,772497728564929978,2910,18446744073709551336,18446744073709551337,18446744073709551334,14,13,5,17,18446744073709533848,18446744073709548268,5,0,0,0,0,1,0,0,0,18446744073709551263,18446744073709551263,2313284,12,6694,0,0,0,10,18446744073709544706,18446744073709551030,18446744073709549810,18446744073709551333,12,1,1,6448796002632976483,2,0,5,11197480689422135903,0,3,1,0
PAWN_AUDIT_RESULT,3453,5,5,-347,0,0,-347,0,0,0,0,0
PAWN_AUDIT_ENTRY,3454,710506825924737634,2626416910298873903,14418586845058681535,15854010215245850752,4093,18446744073709551336,18446744073709551337,18446744073709551334,14,13,5,18,18446744073709534891,18446744073709547758,5,0,0,0,0,1,0,0,0,18446744073709551263,18446744073709551263,2313284,12,6695,0,0,0,12,18446744073709544588,18446744073709551030,18446744073709551030,18446744073709551333,12,1,1,6448796002632976483,2,0,5,11197480689422135903,0,3,1,0
PAWN_AUDIT_RESULT,3454,5,5,-438,0,0,-438,0,0,0,0,0
PAWN_AUDIT_ENTRY,3455,2626416910298873903,1154492320784365423,14418586845058681535,17951362146971242479,3901,18446744073709551336,18446744073709551337,18446744073709551334,14,13,5,19,18446744073709534822,18446744073709547758,5,0,0,0,0,1,0,0,0,18446744073709551263,18446744073709551263,2313284,12,6696,0,0,0,14,18446744073709544557,18446744073709551030,18446744073709551030,18446744073709551333,12,1,1,6448796002632976483,2,0,5,11197480689422135903,0,3,1,0
PAWN_AUDIT_RESULT,3455,5,5,-384,0,0,-384,0,0,0,0,0
PAWN_AUDIT_ENTRY,3456,1154492320784365423,2297092903973965966,14418586845058681535,15830736319674708230,3353,18446744073709551336,18446744073709551337,18446744073709551334,14,13,5,20,18446744073709534763,18446744073709547758,5,0,0,0,0,1,0,0,0,18446744073709551263,18446744073709551263,2313284,12,6697,0,0,0,11,18446744073709544530,18446744073709551030,18446744073709551030,18446744073709551333,12,1,1,6448796002632976483,2,0,5,11197480689422135903,0,3,1,0
PAWN_AUDIT_RESULT,3456,5,5,-438,0,0,-438,0,0,0,0,0
PAWN_AUDIT_ENTRY,3457,2297092903973965966,15603346981309264634,14418586845058681535,8181352411679480043,3389,18446744073709551336,18446744073709551337,18446744073709551334,14,13,5,21,18446744073709534719,18446744073709547758,5,0,0,0,0,1,0,0,0,18446744073709551263,18446744073709551263,2313284,12,6698,0,0,0,11,18446744073709544510,18446744073709551030,18446744073709551030,18446744073709551333,12,1,1,6448796002632976483,2,0,5,11197480689422135903,0,3,1,0
PAWN_AUDIT_RESULT,3457,5,5,-442,0,0,-442,0,0,0,0,0
PAWN_AUDIT_ENTRY,3458,15603346981309264634,3089186662827200921,14418586845058681535,17279670448573473099,3322,18446744073709551336,18446744073709551337,18446744073709551334,14,13,5,22,18446744073709534684,18446744073709547758,5,0,0,0,0,1,0,0,0,18446744073709551263,18446744073709551263,2313284,12,6699,0,0,0,11,18446744073709544494,18446744073709551030,18446744073709551030,18446744073709551333,12,1,1,6448796002632976483,2,0,5,11197480689422135903,0,3,1,0
PAWN_AUDIT_RESULT,3458,5,5,-468,0,0,-468,0,0,0,0,0
PAWN_AUDIT_ENTRY,3459,3089186662827200921,14412287648396798508,14418586845058681535,10742789858458372549,3641,18446744073709551336,18446744073709551337,18446744073709551334,14,13,5,23,18446744073709534679,18446744073709547758,5,0,0,0,0,1,0,0,0,18446744073709551263,18446744073709551263,2313284,12,6700,0,0,0,12,18446744073709544492,18446744073709551030,18446744073709551030,18446744073709551333,12,1,1,6448796002632976483,2,0,5,11197480689422135903,0,3,1,0
PAWN_AUDIT_RESULT,3459,5,5,-382,0,0,-382,0,0,0,0,0
PAWN_AUDIT_ENTRY,3460,14412287648396798508,14182263961494637245,14418586845058681535,5403735818170964233,3642,18446744073709551336,18446744073709551337,18446744073709551334,14,13,5,24,18446744073709534675,18446744073709547758,5,0,0,0,0,1,0,0,0,18446744073709551263,18446744073709551263,2313284,12,6701,0,0,0,12,18446744073709544490,18446744073709551030,18446744073709551030,18446744073709551333,12,1,1,6448796002632976483,2,0,5,11197480689422135903,0,3,1,0
PAWN_AUDIT_RESULT,3460,5,5,-382,0,0,-382,0,0,0,0,0
PAWN_AUDIT_ENTRY,3461,14182263961494637245,14666878392617891259,14418586845058681535,12865975701953330154,3833,18446744073709551336,18446744073709551337,18446744073709551334,14,13,5,25,18446744073709534660,18446744073709547758,5,0,0,0,0,1,0,0,0,18446744073709551263,18446744073709551263,2313284,12,6702,0,0,0,13,18446744073709544483,18446744073709551030,18446744073709551030,18446744073709551333,12,1,1,6448796002632976483,2,0,5,11197480689422135903,0,3,1,0
PAWN_AUDIT_RESULT,3461,5,5,-467,0,0,-467,0,0,0,0,0
PAWN_AUDIT_ENTRY,3462,14666878392617891259,17025132676833466990,14418586845058681535,10008583004584456920,3834,18446744073709551336,18446744073709551337,18446744073709551334,14,13,5,26,18446744073709534655,18446744073709547758,5,0,0,0,0,1,0,0,0,18446744073709551263,18446744073709551263,2313284,12,6703,0,0,0,13,18446744073709544481,18446744073709551030,18446744073709551030,18446744073709551333,12,1,1,6448796002632976483,2,0,5,11197480689422135903,0,3,1,0
PAWN_AUDIT_RESULT,3462,5,5,-388,0,0,-388,0,0,0,0,0
PAWN_AUDIT_ENTRY,3463,17025132676833466990,1786514013432515953,14418586845058681535,7679508611725615821,2942,18446744073709551336,18446744073709551337,18446744073709551334,14,13,5,27,18446744073709534281,18446744073709547758,5,0,0,0,0,1,0,0,0,18446744073709551263,18446744073709551263,2313284,12,6704,0,0,0,10,18446744073709544843,18446744073709551030,18446744073709549934,18446744073709551333,12,1,1,6448796002632976483,2,0,5,11197480689422135903,0,3,1,0
PAWN_AUDIT_RESULT,3463,5,5,-405,0,0,-405,0,0,0,0,0
PAWN_AUDIT_ENTRY,3464,1786514013432515953,11140927973830366408,14418586845058681535,10690862562763257441,2720,18446744073709551336,18446744073709551337,18446744073709551334,14,13,5,28,18446744073709535000,18446744073709547290,5,0,0,0,0,1,0,0,0,18446744073709551263,18446744073709551263,2313284,12,6705,0,0,0,10,18446744073709544930,18446744073709551030,18446744073709550428,18446744073709551333,12,1,1,6448796002632976483,2,0,5,11197480689422135903,0,3,1,0
PAWN_AUDIT_RESULT,3464,5,5,-372,0,0,-372,0,0,0,0,0
PAWN_AUDIT_ENTRY,3471,15522364519509211800,483114251604531605,4174684497283897901,10409278587449821730,3437,18446744073709551336,18446744073709551337,18446744073709551335,13,12,6,7,18446744073709534638,18446744073709550278,3,0,0,0,0,1,0,4013,0,18446744073709551286,18446744073709551286,18446744073707952374,12,6718,0,0,1,9,18446744073709544473,18446744073709551030,18446744073709551030,18446744073709551333,11,1,1,6448796002632976483,0,0,3,4859957513967909394,0,0,1,0
PAWN_AUDIT_RESULT,3471,6,6,-413,0,0,-413,0,0,0,0,0
PAWN_AUDIT_ENTRY,3472,483114251604531605,12544640871194472142,4174684497283897901,14373921050070634920,3177,18446744073709551336,18446744073709551337,18446744073709551335,13,12,6,8,18446744073709534574,18446744073709550278,3,0,0,0,0,1,0,4013,0,18446744073709551286,18446744073709551286,18446744073707952374,12,6719,0,0,1,9,18446744073709544444,18446744073709551030,18446744073709551030,18446744073709551333,11,1,1,6448796002632976483,0,0,3,4859957513967909394,0,0,1,0
PAWN_AUDIT_RESULT,3472,6,6,-444,0,0,-444,0,0,0,0,0
PAWN_AUDIT_ENTRY,3473,12544640871194472142,3240651923589004412,4174684497283897901,18014630529213194946,3502,18446744073709551336,18446744073709551337,18446744073709551335,13,12,6,9,18446744073709534554,18446744073709550278,3,0,0,0,0,1,0,4013,0,18446744073709551286,18446744073709551286,18446744073707952374,12,6720,0,0,1,9,18446744073709544435,18446744073709551030,18446744073709551030,18446744073709551333,11,1,1,6448796002632976483,0,0,3,4859957513967909394,0,0,1,0
PAWN_AUDIT_RESULT,3473,6,6,-457,0,0,-457,0,0,0,0,0
PAWN_AUDIT_ENTRY,3474,3240651923589004412,1036962158934631899,4174684497283897901,15114335106583373117,3104,18446744073709551336,18446744073709551337,18446744073709551335,13,12,6,10,18446744073709534609,18446744073709550278,3,0,0,0,0,1,0,4013,0,18446744073709551286,18446744073709551286,18446744073707952374,12,6721,0,0,1,9,18446744073709544460,18446744073709551030,18446744073709551030,18446744073709551333,11,1,1,6448796002632976483,0,0,3,4859957513967909394,0,0,1,0
PAWN_AUDIT_RESULT,3474,6,6,-374,0,0,-374,0,0,0,0,0
PAWN_AUDIT_ENTRY,3475,1036962158934631899,7553427851331011585,4174684497283897901,5331164528306278417,3373,18446744073709551336,18446744073709551337,18446744073709551335,13,12,6,11,18446744073709535634,18446744073709548726,3,0,0,0,0,1,0,4013,0,18446744073709551286,18446744073709551286,18446744073707952374,12,6722,0,0,1,11,18446744073709544926,18446744073709551030,18446744073709551030,18446744073709551333,11,1,1,6448796002632976483,0,0,3,4859957513967909394,0,1,1,0
PAWN_AUDIT_RESULT,3475,6,6,-433,0,0,-433,0,0,0,0,0
PAWN_AUDIT_ENTRY,3476,7553427851331011585,9457175610242398434,4174684497283897901,14913938914611441685,4015,18446744073709551336,18446744073709551337,18446744073709551335,13,12,6,12,18446744073709535190,18446744073709548874,3,0,0,0,0,1,0,4013,0,18446744073709551286,18446744073709551286,18446744073707952374,12,6723,0,0,1,10,18446744073709544724,18446744073709551030,18446744073709551030,18446744073709551333,11,1,1,6448796002632976483,0,0,3,4859957513967909394,0,1,1,0
PAWN_AUDIT_RESULT,3476,6,6,-360,0,0,-360,0,0,0,0,0
PAWN_AUDIT_ENTRY,3477,9457175610242398434,2577734264251199882,4174684497283897901,13979811081722196271,4087,18446744073709551336,18446744073709551337,18446744073709551335,13,12,6,14,18446744073709534671,18446744073709548874,3,0,0,0,0,1,0,4013,0,18446744073709551286,18446744073709551286,18446744073707952374,12,6724,0,0,1,12,18446744073709544488,18446744073709551030,18446744073709551030,18446744073709551333,11,1,1,6448796002632976483,0,0,3,4859957513967909394,0,1,1,0
PAWN_AUDIT_RESULT,3477,6,6,-629,0,0,-629,0,0,0,0,0
PAWN_AUDIT_ENTRY,3478,2577734264251199882,17122503263777774918,4174684497283897901,2599990653223431929,3429,18446744073709551336,18446744073709551337,18446744073709551335,13,12,5,16,18446744073709532343,18446744073709549718,3,0,0,0,0,1,0,4013,0,18446744073709551286,18446744073709551286,18446744073707952374,12,6725,0,0,1,9,18446744073709544670,18446744073709549744,18446744073709549799,18446744073709551333,11,1,1,6448796002632976483,0,0,3,4859957513967909394,0,0,1,0
PAWN_AUDIT_RESULT,3478,5,5,-402,0,0,-402,0,0,0,0,0
PAWN_AUDIT_ENTRY,3479,17122503263777774918,16128599440647050610,4174684497283897901,17217763257366583543,2745,18446744073709551336,18446744073709551337,18446744073709551335,13,12,5,17,18446744073709534616,18446744073709548069,3,0,0,0,0,1,0,4013,0,18446744073709551286,18446744073709551286,18446744073707952374,12,6726,0,0,1,10,18446744073709544463,18446744073709551030,18446744073709551030,18446744073709551333,11,1,1,6448796002632976483,0,0,3,4859957513967909394,0,1,1,0
PAWN_AUDIT_RESULT,3479,5,5,-377,0,0,-377,0,0,0,0,0
PAWN_AUDIT_ENTRY,3480,16128599440647050610,10794910861397898286,4174684497283897901,3045695552691757460,3353,18446744073709551336,18446744073709551337,18446744073709551335,13,12,5,18,18446744073709534719,18446744073709547758,3,0,0,0,0,1,0,4013,0,18446744073709551286,18446744073709551286,18446744073707952374,12,6727,0,0,1,11,18446744073709544510,18446744073709551030,18446744073709551030,18446744073709551333,11,1,1,6448796002632976483,0,0,3,4859957513967909394,0,1,1,0
PAWN_AUDIT_RESULT,3480,5,5,-502,0,0,-502,0,0,0,0,0
PAWN_AUDIT_ENTRY,3481,10794910861397898286,4012030934229468066,4174684497283897901,13478011589606672795,3642,18446744073709551336,18446744073709551337,18446744073709551335,13,12,5,19,18446744073709534649,18446744073709547758,3,0,0,0,0,1,0,4013,0,18446744073709551286,18446744073709551286,18446744073707952374,12,6728,0,0,1,12,18446744073709544478,18446744073709551030,18446744073709551030,18446744073709551333,11,1,1,6448796002632976483,0,0,3,4859957513967909394,0,1,1,0
PAWN_AUDIT_RESULT,3481,5,5,-393,0,0,-393,0,0,0,0,0
PAWN_AUDIT_ENTRY,3521,8463603839088653395,5309967222454863585,17227292050407318009,6626604091445957975,3827,18446744073709551336,18446744073709551337,18446744073709551312,6,5,1,3,18446744073709546399,18446744073709550943,11,0,0,0,0,0,0,0,0,18446744073709551297,18446744073709551297,18446744073706344486,12,6809,0,0,1,13,18446744073709549821,18446744073709551030,18446744073709551030,18446744073709551320,0,1,1,18000118779021529111,0,0,11,12969950636604666998,0,1,1,0
PAWN_AUDIT_RESULT,3521,1,1,-321,0,0,-321,0,0,0,0,0
PAWN_AUDIT_ENTRY,3522,5309967222454863585,3817994067814465607,17227292050407318009,4339561882176970022,1971,18446744073709551336,18446744073709551337,18446744073709551312,6,5,1,5,18446744073709544714,18446744073709550278,11,0,0,0,0,0,0,0,0,18446744073709551297,18446744073709551297,18446744073706344486,12,6810,0,0,1,11,18446744073709549055,18446744073709551030,18446744073709551030,18446744073709551320,0,1,1,18000118779021529111,0,0,11,12969950636604666998,0,1,1,0
PAWN_AUDIT_RESULT,3522,1,1,-493,0,0,-493,0,0,0,0,0
PAWN_AUDIT_ENTRY,3523,3817994067814465607,6596384929276676260,17227292050407318009,13481733025538452766,1978,18446744073709551336,18446744073709551337,18446744073709551312,6,5,1,6,18446744073709544714,18446744073709550278,11,0,0,0,0,0,0,0,0,18446744073709551297,18446744073709551297,18446744073706344486,12,6811,0,0,1,11,18446744073709549055,18446744073709551030,18446744073709551030,18446744073709551320,0,1,1,18000118779021529111,0,0,11,12969950636604666998,0,1,1,0
PAWN_AUDIT_RESULT,3523,1,1,-396,0,0,-396,0,0,0,0,0
PAWN_AUDIT_ENTRY,3524,6596384929276676260,14786571343512043830,17227292050407318009,8847199507984178156,1964,18446744073709551336,18446744073709551337,18446744073709551312,6,5,1,8,18446744073709547219,18446744073709549692,11,0,0,0,0,0,0,0,0,18446744073709551297,18446744073709551297,18446744073706344486,12,6812,0,0,1,11,18446744073709550194,18446744073709551030,18446744073709551030,18446744073709551320,0,1,1,18000118779021529111,0,0,11,12969950636604666998,0,1,1,0
PAWN_AUDIT_RESULT,3524,1,1,-325,0,0,-325,0,0,0,0,0
PAWN_AUDIT_ENTRY,3525,14786571343512043830,2691672953620806345,17227292050407318009,2767093466818945007,3891,18446744073709551336,18446744073709551337,18446744073709551312,6,5,1,9,18446744073709544714,18446744073709550278,11,0,0,0,0,0,0,0,0,18446744073709551297,18446744073709551297,18446744073706344486,12,6813,0,0,1,14,18446744073709549055,18446744073709551030,18446744073709551030,18446744073709551320,0,1,1,18000118779021529111,0,0,11,12969950636604666998,0,1,1,0
PAWN_AUDIT_RESULT,3525,1,1,-748,0,0,-748,0,0,0,0,0
PAWN_AUDIT_ENTRY,3526,2691672953620806345,13308353725893885016,17227292050407318009,3306438726221115943,3819,18446744073709551336,18446744073709551337,18446744073709551312,6,5,1,10,18446744073709544347,18446744073709550278,11,0,0,0,0,0,0,0,0,18446744073709551297,18446744073709551297,18446744073706344486,12,6814,0,0,1,13,18446744073709548888,18446744073709551030,18446744073709551030,18446744073709551320,0,1,1,18000118779021529111,0,0,11,12969950636604666998,0,1,1,0
PAWN_AUDIT_RESULT,3526,1,1,-334,0,0,-334,0,0,0,0,0
PAWN_AUDIT_ENTRY,3531,5277115811371844573,2872827832083480573,6112396960643504320,16156196584540630126,3827,18446744073709551336,18446744073709551337,18446744073709551336,8,7,1,6,18446744073709546071,18446744073709550728,9,0,0,0,0,0,0,0,0,18446744073709551270,18446744073709551270,18446744073707793914,12,6821,0,0,0,13,18446744073709549672,18446744073709551030,18446744073709551030,18446744073709551327,2,1,1,18000118779021529111,0,0,9,9799231056641403936,0,1,1,0
PAWN_AUDIT_RESULT,3531,1,1,-488,0,0,-488,0,0,0,0,0
PAWN_AUDIT_ENTRY,3532,2872827832083480573,8047049239030907772,6112396960643504320,13909274462643905237,1964,18446744073709551336,18446744073709551337,18446744073709551336,8,7,1,8,18446744073709546637,18446744073709549393,9,0,0,0,0,0,0,0,0,18446744073709551270,18446744073709551270,18446744073707793914,12,6822,0,0,0,11,18446744073709549929,18446744073709551030,18446744073709551030,18446744073709551327,2,1,1,18000118779021529111,0,0,9,9799231056641403936,0,1,1,0
PAWN_AUDIT_RESULT,3532,1,1,-456,0,0,-456,0,0,0,0,0
PAWN_AUDIT_ENTRY,3533,8047049239030907772,14418120830261413103,6112396960643504320,10818472032994593566,3819,18446744073709551336,18446744073709551337,18446744073709551336,8,7,1,9,18446744073709543505,18446744073709549668,9,0,0,0,0,0,0,0,0,18446744073709551270,18446744073709551270,18446744073707793914,12,6823,0,0,0,13,18446744073709548505,18446744073709551030,18446744073709551030,18446744073709551327,2,1,1,18000118779021529111,0,0,9,9799231056641403936,0,1,1,0
PAWN_AUDIT_RESULT,3533,1,1,-474,0,0,-474,0,0,0,0,0
PAWN_AUDIT_ENTRY,3541,1882049185641672669,6145982737133577295,6064905647313238204,1233239692029255677,3306,18446744073709551336,18446744073709551337,18446744073709551331,8,7,4,9,18446744073709543645,18446744073709548874,11,0,0,0,0,1,0,0,0,18446744073709551286,18446744073709551286,18446744073707924591,12,6846,0,0,0,11,18446744073709548200,18446744073709551030,174,18446744073709551286,3,1,1,9950175685279727419,2,0,11,5592758958572569012,0,3,1,0
PAWN_AUDIT_RESULT,3541,4,4,-372,0,0,-372,0,0,0,0,0
PAWN_AUDIT_ENTRY,3544,18042368342394019343,18384572837423683515,17228375885727967686,1716105785398590061,3234,18446744073709551336,18446744073709551337,18446744073709551332,10,9,6,3,18446744073709547295,18446744073709550278,9,0,0,0,0,1,0,0,0,18446744073709551159,18446744073709551159,18446744073708055260,12,6852,0,0,1,9,18446744073709547917,2301,1202,18446744073709551297,5,1,1,9950175685279727419,0,0,9,12968778325645655113,0,0,1,0
PAWN_AUDIT_RESULT,3544,6,6,-568,0,0,-568,0,0,0,0,0
PAWN_AUDIT_ENTRY,3551,3260933342428100738,10861212520396258632,6113432983750676735,7233966991924186312,3632,18446744073709551336,18446744073709551337,18446744073709551336,10,9,5,11,18446744073709536722,18446744073709550278,7,0,0,0,0,1,0,3294,0,18446744073709551292,18446744073709551292,18446744073707352155,12,6870,0,0,0,12,18446744073709545421,18446744073709551030,18446744073709551030,18446744073709551328,5,1,1,9950175685279727419,1,0,7,11021429383924198450,0,2,1,0
PAWN_AUDIT_RESULT,3551,5,5,-459,0,0,-459,0,0,0,0,0
PAWN_AUDIT_ENTRY,3552,10861212520396258632,17256491622460149008,6113432983750676735,12888404749693767161,3308,18446744073709551336,18446744073709551337,18446744073709551336,10,9,4,12,18446744073709535612,18446744073709550777,7,0,0,0,0,1,0,3294,0,18446744073709551292,18446744073709551292,18446744073707352155,12,6871,0,0,0,11,18446744073709545648,18446744073709550213,18446744073709550364,18446744073709551328,5,1,1,9950175685279727419,1,0,7,11021429383924198450,0,2,1,0
PAWN_AUDIT_RESULT,3552,4,4,-372,0,0,-372,0,0,0,0,0
PAWN_AUDIT_ENTRY,3553,17256491622460149008,1561768550662934682,6113432983750676735,17182484841737730066,3242,18446744073709551336,18446744073709551337,18446744073709551336,10,9,5,13,18446744073709537686,18446744073709550278,7,0,0,0,0,1,0,3294,0,18446744073709551292,18446744073709551292,18446744073707352155,12,6872,0,0,0,9,18446744073709545598,18446744073709551158,18446744073709551436,18446744073709551328,5,1,1,9950175685279727419,1,0,7,11021429383924198450,0,0,1,0
PAWN_AUDIT_RESULT,3553,5,5,-329,0,0,-329,0,0,0,0,0
PAWN_AUDIT_ENTRY,3554,1561768550662934682,2206881705368965021,6113432983750676735,3068322487721010859,1642,18446744073709551336,18446744073709551337,18446744073709551336,10,9,5,14,18446744073709539337,18446744073709548874,7,0,0,0,0,1,0,3294,0,18446744073709551292,18446744073709551292,18446744073707352155,12,6873,0,0,0,10,18446744073709546610,18446744073709551030,18446744073709551030,18446744073709551328,5,1,1,9950175685279727419,1,0,7,11021429383924198450,0,2,1,0
PAWN_AUDIT_RESULT,3554,5,5,-460,0,0,-460,0,0,0,0,0
PAWN_AUDIT_ENTRY,3555,2206881705368965021,13278528507691435641,6113432983750676735,11799650835308772039,4015,18446744073709551336,18446744073709551337,18446744073709551336,10,9,4,15,18446744073709535073,18446744073709550278,7,0,0,0,0,1,0,3294,0,18446744073709551292,18446744073709551292,18446744073707352155,12,6874,0,0,0,10,18446744073709544671,18446744073709551030,18446744073709551030,18446744073709551328,5,1,1,9950175685279727419,1,0,7,11021429383924198450,0,2,1,0
PAWN_AUDIT_RESULT,3555,4,4,-426,0,0,-426,0,0,0,0,0
PAWN_AUDIT_ENTRY,3556,13278528507691435641,3005822128120073539,6113432983750676735,7951600999984564275,3169,18446744073709551336,18446744073709551337,18446744073709551336,10,9,4,16,18446744073709535568,18446744073709550278,7,0,0,0,0,1,0,3294,0,18446744073709551292,18446744073709551292,18446744073707352155,12,6875,0,0,0,9,18446744073709544896,18446744073709551030,18446744073709551030,18446744073709551328,5,1,1,9950175685279727419,1,0,7,11021429383924198450,0,0,1,0
PAWN_AUDIT_RESULT,3556,4,4,-448,0,0,-448,0,0,0,0,0
PAWN_AUDIT_ENTRY,3557,3005822128120073539,5543814451180767474,6113432983750676735,7344903133280540079,3901,18446744073709551336,18446744073709551337,18446744073709551336,10,9,4,17,18446744073709534767,18446744073709550278,7,0,0,0,0,1,0,3294,0,18446744073709551292,18446744073709551292,18446744073707352155,12,6876,0,0,0,14,18446744073709544532,18446744073709551030,18446744073709551030,18446744073709551328,5,1,1,9950175685279727419,1,0,7,11021429383924198450,0,2,1,0
PAWN_AUDIT_RESULT,3557,4,4,-319,0,0,-319,0,0,0,0,0
PAWN_AUDIT_ENTRY,3558,5543814451180767474,12145314322224566066,6113432983750676735,8287716261522258699,3322,18446744073709551336,18446744073709551337,18446744073709551336,10,9,4,18,18446744073709534655,18446744073709550278,7,0,0,0,0,1,0,3294,0,18446744073709551292,18446744073709551292,18446744073707352155,12,6877,0,0,0,11,18446744073709544481,18446744073709551030,18446744073709551030,18446744073709551328,5,1,1,9950175685279727419,1,0,7,11021429383924198450,0,2,1,0
PAWN_AUDIT_RESULT,3558,4,4,-332,0,0,-332,0,0,0,0,0
PAWN_AUDIT_ENTRY,3559,12145314322224566066,1795127944262519386,6113432983750676735,709410169454252933,3641,18446744073709551336,18446744073709551337,18446744073709551336,10,9,4,19,18446744073709534653,18446744073709550278,7,0,0,0,0,1,0,3294,0,18446744073709551292,18446744073709551292,18446744073707352155,12,6878,0,0,0,12,18446744073709544480,18446744073709551030,18446744073709551030,18446744073709551328,5,1,1,9950175685279727419,1,0,7,11021429383924198450,0,2,1,0
PAWN_AUDIT_RESULT,3559,4,4,-416,0,0,-416,0,0,0,0,0
PAWN_AUDIT_ENTRY,3560,1795127944262519386,14750425156086188168,6113432983750676735,3333642310406005162,3833,18446744073709551336,18446744073709551337,18446744073709551336,10,9,4,20,18446744073709534638,18446744073709550278,7,0,0,0,0,1,0,3294,0,18446744073709551292,18446744073709551292,18446744073707352155,12,6879,0,0,0,13,18446744073709544473,18446744073709551030,18446744073709551030,18446744073709551328,5,1,1,9950175685279727419,1,0,7,11021429383924198450,0,2,1,0
PAWN_AUDIT_RESULT,3560,4,4,-567,0,0,-567,0,0,0,0,0
PAWN_AUDIT_ENTRY,3561,14750425156086188168,618931749986840955,6113432983750676735,1597647055324375192,3834,18446744073709551336,18446744073709551337,18446744073709551336,10,9,4,21,18446744073709534633,18446744073709550278,7,0,0,0,0,1,0,3294,0,18446744073709551292,18446744073709551292,18446744073707352155,12,6880,0,0,0,13,18446744073709544471,18446744073709551030,18446744073709551030,18446744073709551328,5,1,1,9950175685279727419,1,0,7,11021429383924198450,0,2,1,0
PAWN_AUDIT_RESULT,3561,4,4,-406,0,0,-406,0,0,0,0,0
PAWN_AUDIT_ENTRY,3562,618931749986840955,829781029383555322,6113432983750676735,15434882278272582473,3642,18446744073709551336,18446744073709551337,18446744073709551336,10,9,4,22,18446744073709534629,18446744073709550278,7,0,0,0,0,1,0,3294,0,18446744073709551292,18446744073709551292,18446744073707352155,12,6881,0,0,0,12,18446744073709544469,18446744073709551030,18446744073709551030,18446744073709551328,5,1,1,9950175685279727419,1,0,7,11021429383924198450,0,2,1,0
PAWN_AUDIT_RESULT,3562,4,4,-387,0,0,-387,0,0,0,0,0
PAWN_AUDIT_ENTRY,3563,829781029383555322,1583107006566772319,6113432983750676735,5747944562216005007,2592,18446744073709551336,18446744073709551337,18446744073709551336,10,9,4,23,18446744073709535251,18446744073709550278,7,0,0,0,0,1,0,3294,0,18446744073709551292,18446744073709551292,18446744073707352155,12,6882,0,0,0,9,18446744073709544842,18446744073709550850,18446744073709551030,18446744073709551328,5,1,1,9950175685279727419,1,0,7,11021429383924198450,0,0,1,0
PAWN_AUDIT_RESULT,3563,4,4,-394,0,0,-394,0,0,0,0,0
PAWN_AUDIT_ENTRY,3564,1583107006566772319,14210140875520979852,6113432983750676735,18252275923765461232,3437,18446744073709551336,18446744073709551337,18446744073709551336,10,9,4,24,18446744073709534375,18446744073709550278,7,0,0,0,0,1,0,3294,0,18446744073709551292,18446744073709551292,18446744073707352155,12,6883,0,0,0,9,18446744073709544465,18446744073709550807,18446744073709551030,18446744073709551328,5,1,1,9950175685279727419,1,0,7,11021429383924198450,0,0,1,0
PAWN_AUDIT_RESULT,3564,4,4,-495,0,0,-495,0,0,0,0,0
PAWN_AUDIT_ENTRY,3565,14210140875520979852,7390931690631829294,6113432983750676735,10896706152924096528,3502,18446744073709551336,18446744073709551337,18446744073709551336,10,9,4,25,18446744073709534331,18446744073709550278,7,0,0,0,0,1,0,3294,0,18446744073709551292,18446744073709551292,18446744073707352155,12,6884,0,0,0,9,18446744073709544434,18446744073709550829,18446744073709551030,18446744073709551328,5,1,1,9950175685279727419,1,0,7,11021429383924198450,0,0,1,0
PAWN_AUDIT_RESULT,3565,4,4,-440,0,0,-440,0,0,0,0,0
PAWN_AUDIT_ENTRY,3566,7390931690631829294,9887055567844901736,6113432983750676735,12268472307169237882,3177,18446744073709551336,18446744073709551337,18446744073709551336,10,9,4,26,18446744073709534295,18446744073709550278,7,0,0,0,0,1,0,3294,0,18446744073709551292,18446744073709551292,18446744073707352155,12,6885,0,0,0,9,18446744073709544441,18446744073709550782,18446744073709551030,18446744073709551328,5,1,1,9950175685279727419,1,0,7,11021429383924198450,0,0,1,0
PAWN_AUDIT_RESULT,3566,4,4,-433,0,0,-433,0,0,0,0,0
PAWN_AUDIT_ENTRY,3567,9887055567844901736,5306845403855310985,6113432983750676735,5272930384269911083,3429,18446744073709551336,18446744073709551337,18446744073709551336,10,9,4,27,18446744073709534782,18446744073709550278,7,0,0,0,0,1,0,3294,0,18446744073709551292,18446744073709551292,18446744073707352155,12,6886,0,0,0,9,18446744073709544670,18446744073709550767,18446744073709551030,18446744073709551328,5,1,1,9950175685279727419,1,0,7,11021429383924198450,0,0,1,0
PAWN_AUDIT_RESULT,3567,4,4,-748,0,0,-748,0,0,0,0,0
PAWN_AUDIT_ENTRY,3568,5306845403855310985,15499568784131662280,6113432983750676735,1288242327790352318,3306,18446744073709551336,18446744073709551337,18446744073709551336,10,9,5,28,18446744073709541196,18446744073709547758,7,0,0,0,0,1,0,3294,0,18446744073709551292,18446744073709551292,18446744073707352155,12,6887,0,0,0,11,18446744073709547455,18446744073709551030,18446744073709551030,18446744073709551328,5,1,1,9950175685279727419,1,0,7,11021429383924198450,0,2,1,0
PAWN_AUDIT_RESULT,3568,5,5,-420,0,0,-420,0,0,0,0,0
PAWN_AUDIT_ENTRY,3569,15499568784131662280,7888016853451315066,6113432983750676735,5793826954535716013,2527,18446744073709551336,18446744073709551337,18446744073709551336,10,9,4,29,18446744073709535575,18446744073709550278,7,0,0,0,0,1,0,3294,0,18446744073709551292,18446744073709551292,18446744073707352155,12,6888,0,0,0,9,18446744073709545899,18446744073709549241,18446744073709550813,18446744073709551328,5,1,1,9950175685279727419,1,0,7,11021429383924198450,0,0,1,0
PAWN_AUDIT_RESULT,3569,4,4,-360,0,0,-360,0,0,0,0,0
PAWN_AUDIT_ENTRY,3596,16784583690711742420,9023306807929049424,9994950358278095179,14817546822509328077,3288,18446744073709551336,18446744073709551337,18446744073709551334,8,7,4,2,18446744073709546503,7538,7,0,0,0,0,0,0,0,0,18446744073709551297,18446744073709551297,756758,12,6937,0,0,0,11,18446744073709547964,18446744073709549959,4441,18446744073709551333,7,1,1,12268545190071650819,2,0,7,5085002876901883270,0,3,1,0
PAWN_AUDIT_RESULT,3596,4,4,-321,0,0,-321,0,0,0,0,0
PAWN_AUDIT_ENTRY,3603,17719817278432635798,7212563427690898540,9994950358278095179,14952712861377963530,3306,18446744073709551336,18446744073709551337,18446744073709551334,8,7,3,4,18446744073709544390,2643,7,0,0,0,0,0,0,0,0,18446744073709551297,18446744073709551297,756758,12,6957,0,0,0,11,18446744073709549603,18446744073709551030,18446744073709549597,18446744073709551333,7,1,1,12268545190071650819,2,0,7,5085002876901883270,0,3,1,0
PAWN_AUDIT_RESULT,3603,3,3,-297,0,0,-297,0,0,0,0,0
PAWN_AUDIT_ENTRY,3606,11068130315140929744,13276267173253553233,9994950358278095179,14740140124741687516,3297,18446744073709551336,18446744073709551337,18446744073709551334,8,7,3,8,18446744073709541664,18446744073709548367,7,0,0,0,0,0,0,0,0,18446744073709551297,18446744073709551297,756758,12,6960,0,0,0,11,18446744073709548068,18446744073709551030,18446744073709550206,18446744073709551333,7,1,1,12268545190071650819,2,0,7,5085002876901883270,0,3,1,0
PAWN_AUDIT_RESULT,3606,3,3,-310,0,0,-310,0,0,0,0,0
PAWN_AUDIT_ENTRY,3607,13276267173253553233,2356177955307290564,9994950358278095179,3464963976855972262,3242,18446744073709551336,18446744073709551337,18446744073709551334,8,7,2,10,18446744073709536318,18446744073709550278,7,0,0,0,0,0,0,0,0,18446744073709551297,18446744073709551297,756758,12,6961,0,0,0,9,18446744073709545533,18446744073709551158,18446744073709550288,18446744073709551333,7,1,1,12268545190071650819,2,0,7,5085002876901883270,0,0,1,0
PAWN_AUDIT_RESULT,3607,2,2,-414,0,0,-414,0,0,0,0,0
PAWN_AUDIT_ENTRY,3609,13954197308265356539,4275983076903022734,4094360091795049426,4351214789075672960,2527,18446744073709551336,18446744073709551337,18446744073709551335,13,12,6,4,18446744073709532699,18446744073709550278,5,0,0,0,0,1,0,0,0,18446744073709551277,18446744073709551277,18446744073707483473,12,6963,0,0,1,9,18446744073709545620,18446744073709549309,18446744073709548623,18446744073709551333,12,1,1,12268545190071650819,0,0,5,4778154540217740269,0,0,1,0
PAWN_AUDIT_RESULT,3609,6,6,-343,0,0,-343,0,5,5,0,0
PAWN_AUDIT_ENTRY,3612,14729981101672602051,8703067877842248087,4094360091795049426,5242605880235442670,3373,18446744073709551336,18446744073709551337,18446744073709551335,13,12,5,8,18446744073709535418,18446744073709550278,5,0,0,0,0,1,0,0,0,18446744073709551277,18446744073709551277,18446744073707483473,12,6969,0,0,1,11,18446744073709544828,18446744073709551030,18446744073709551030,18446744073709551333,12,1,1,12268545190071650819,0,0,5,4778154540217740269,0,1,1,0
PAWN_AUDIT_RESULT,3612,5,5,-424,0,0,-424,0,0,0,0,0
PAWN_AUDIT_ENTRY,3613,8703067877842248087,16342114931154196508,4094360091795049426,2576513115573368482,2592,18446744073709551336,18446744073709551337,18446744073709551335,13,12,5,9,18446744073709535271,18446744073709550278,5,0,0,0,0,1,0,0,0,18446744073709551277,18446744073709551277,18446744073707483473,12,6970,0,0,1,9,18446744073709544761,18446744073709551030,18446744073709551030,18446744073709551333,12,1,1,12268545190071650819,0,0,5,4778154540217740269,0,0,1,0
PAWN_AUDIT_RESULT,3613,5,5,-367,0,0,-367,0,0,0,0,0
PAWN_AUDIT_ENTRY,3614,16342114931154196508,3104798909956472587,4094360091795049426,14287404461380681815,3177,18446744073709551336,18446744073709551337,18446744073709551335,13,12,5,10,18446744073709534563,18446744073709550278,5,0,0,0,0,1,0,0,0,18446744073709551277,18446744073709551277,18446744073707483473,12,6971,0,0,1,9,18446744073709544439,18446744073709551030,18446744073709551030,18446744073709551333,12,1,1,12268545190071650819,0,0,5,4778154540217740269,0,0,1,0
PAWN_AUDIT_RESULT,3614,5,5,-384,0,0,-384,0,0,0,0,0
PAWN_AUDIT_ENTRY,3615,3104798909956472587,3627288996654893742,4094360091795049426,10468701001749879773,3437,18446744073709551336,18446744073709551337,18446744073709551335,13,12,5,11,18446744073709534605,18446744073709550278,5,0,0,0,0,1,0,0,0,18446744073709551277,18446744073709551277,18446744073707483473,12,6972,0,0,1,9,18446744073709544458,18446744073709551030,18446744073709551030,18446744073709551333,12,1,1,12268545190071650819,0,0,5,4778154540217740269,0,0,1,0
PAWN_AUDIT_RESULT,3615,5,5,-419,0,0,-419,0,0,0,0,0
PAWN_AUDIT_ENTRY,3616,3627288996654893742,2690054070464589517,4094360091795049426,18103820296690463549,3502,18446744073709551336,18446744073709551337,18446744073709551335,13,12,5,12,18446744073709534550,18446744073709550278,5,0,0,0,0,1,0,0,0,18446744073709551277,18446744073709551277,18446744073707483473,12,6973,0,0,1,9,18446744073709544433,18446744073709551030,18446744073709551030,18446744073709551333,12,1,1,12268545190071650819,0,0,5,4778154540217740269,0,0,1,0
PAWN_AUDIT_RESULT,3616,5,5,-399,0,0,-399,0,0,0,0,0
PAWN_AUDIT_ENTRY,3617,2690054070464589517,14809096285063912969,4094360091795049426,14971539447003161066,4015,18446744073709551336,18446744073709551337,18446744073709551335,13,12,5,13,18446744073709534968,18446744073709549951,5,0,0,0,0,1,0,0,0,18446744073709551277,18446744073709551277,18446744073707483473,12,6974,0,0,1,10,18446744073709544623,18446744073709551030,18446744073709551030,18446744073709551333,12,1,1,12268545190071650819,0,0,5,4778154540217740269,0,1,1,0
PAWN_AUDIT_RESULT,3617,5,5,-329,0,0,-329,0,0,0,0,0
PAWN_AUDIT_ENTRY,3618,14809096285063912969,16276805227870908370,4094360091795049426,170172367725646622,3169,18446744073709551336,18446744073709551337,18446744073709551335,13,12,4,14,18446744073709535366,18446744073709550278,5,0,0,0,0,1,0,0,0,18446744073709551277,18446744073709551277,18446744073707483473,12,6975,0,0,1,9,18446744073709544804,18446744073709551030,18446744073709551030,18446744073709551333,12,1,1,12268545190071650819,0,0,5,4778154540217740269,0,0,1,0
PAWN_AUDIT_RESULT,3618,4,4,-406,0,0,-406,0,0,0,0,0
PAWN_AUDIT_ENTRY,3619,16276805227870908370,4714076830181342284,4094360091795049426,13234363587381586266,2736,18446744073709551336,18446744073709551337,18446744073709551335,13,12,5,15,18446744073709541490,18446744073709546870,5,0,0,0,0,1,0,0,0,18446744073709551277,18446744073709551277,18446744073707483473,12,6976,0,0,1,10,18446744073709547589,18446744073709551030,18446744073709551030,18446744073709551333,12,1,1,12268545190071650819,0,0,5,4778154540217740269,0,1,1,0
PAWN_AUDIT_RESULT,3619,5,5,-444,0,0,-444,0,0,0,0,0
PAWN_AUDIT_ENTRY,3620,4714076830181342284,13672230638661942008,4094360091795049426,2677502232821432070,3429,18446744073709551336,18446744073709551337,18446744073709551335,13,12,4,17,18446744073709532239,18446744073709550278,5,0,0,0,0,1,0,0,0,18446744073709551277,18446744073709551277,18446744073707483473,12,6977,0,0,1,9,18446744073709544623,18446744073709549744,18446744073709549799,18446744073709551333,12,1,1,12268545190071650819,0,0,5,4778154540217740269,0,0,1,0
PAWN_AUDIT_RESULT,3620,4,4,-361,0,0,-361,0,0,0,0,0
PAWN_AUDIT_ENTRY,3621,13672230638661942008,12733649528414499329,4094360091795049426,14069007455124971728,4087,18446744073709551336,18446744073709551337,18446744073709551335,13,12,4,18,18446744073709534646,18446744073709548874,5,0,0,0,0,1,0,0,0,18446744073709551277,18446744073709551277,18446744073707483473,12,6978,0,0,1,12,18446744073709544477,18446744073709551030,18446744073709551030,18446744073709551333,12,1,1,12268545190071650819,0,0,5,4778154540217740269,0,1,1,0
PAWN_AUDIT_RESULT,3621,4,4,-598,0,0,-598,0,0,0,0,0
PAWN_AUDIT_ENTRY,3622,12733649528414499329,15377758900046962257,4094360091795049426,17279374799315831048,2745,18446744073709551336,18446744073709551337,18446744073709551335,13,12,4,19,18446744073709534602,18446744073709548874,5,0,0,0,0,1,0,0,0,18446744073709551277,18446744073709551277,18446744073707483473,12,6979,0,0,1,10,18446744073709544457,18446744073709551030,18446744073709551030,18446744073709551333,12,1,1,12268545190071650819,0,0,5,4778154540217740269,0,1,1,0
PAWN_AUDIT_RESULT,3622,4,4,-424,0,0,-424,0,0,0,0,0
PAWN_AUDIT_ENTRY,3623,15377758900046962257,15808620435770763185,3656460333166198804,10391035236766918758,4013,18446744073709551336,18446744073709551337,18446744073709551336,14,13,10,3,18446744073709544862,4175,3,0,0,0,0,1,0,2713,0,18446744073709551303,18446744073709551303,717054,12,6980,0,0,0,10,4281,18446744073709543738,18446744073709544583,18446744073709551335,12,1,1,6780196862689092937,1,0,3,6938359671718365255,0,2,1,0
PAWN_AUDIT_RESULT,3623,10,10,-285,0,0,-285,0,16,16,0,0
PAWN_AUDIT_ENTRY,3631,1116933211763926443,11328793565042248668,2702928762180341325,6968542079265761548,3306,18446744073709551095,18446744073709551096,18446744073709550818,7,6,3,3,18446744073709547499,18446744073709550278,5,0,0,0,0,0,0,0,0,18446744073709550723,18446744073709550723,525924,12,7000,0,0,1,11,18446744073709550321,18446744073709551030,18446744073709551030,18446744073709551008,6,1,1,10362362040105642984,0,0,5,9900484249303541067,0,1,1,0
PAWN_AUDIT_RESULT,3631,3,3,-1222,0,0,-1222,0,0,0,0,0
PAWN_AUDIT_ENTRY,3633,18366648116732753859,16199033510532841481,3656460333166198804,3895283065523491910,2527,18446744073709551336,18446744073709551337,18446744073709551336,14,13,8,5,18446744073709545827,18446744073709549825,3,0,0,0,0,1,0,2713,0,18446744073709551303,18446744073709551303,717054,12,7002,0,0,0,9,18446744073709546336,8330,18446744073709548489,18446744073709551335,12,1,1,6780196862689092937,1,0,3,6938359671718365255,0,0,1,0
PAWN_AUDIT_RESULT,3633,8,8,-287,0,0,-287,0,1,1,0,0
PAWN_AUDIT_ENTRY,3634,16199033510532841481,2168919986231990942,3656460333166198804,14711926462831266705,3177,18446744073709551336,18446744073709551337,18446744073709551336,14,13,6,6,18446744073709534558,18446744073709550278,3,0,0,0,0,1,0,2713,0,18446744073709551303,18446744073709551303,717054,12,7004,0,0,0,9,18446744073709544437,18446744073709551030,18446744073709551030,18446744073709551335,12,1,1,6780196862689092937,1,0,3,6938359671718365255,0,0,1,0
PAWN_AUDIT_RESULT,3634,6,6,-382,0,0,-382,0,0,0,0,0
PAWN_AUDIT_ENTRY,3635,2168919986231990942,13424913572488268758,3656460333166198804,17388957980701669627,3502,18446744073709551336,18446744073709551337,18446744073709551336,14,13,6,7,18446744073709534277,18446744073709550278,3,0,0,0,0,1,0,2713,0,18446744073709551303,18446744073709551303,717054,12,7005,0,0,0,9,18446744073709544433,18446744073709550782,18446744073709551030,18446744073709551335,12,1,1,6780196862689092937,1,0,3,6938359671718365255,0,0,1,0
PAWN_AUDIT_RESULT,3635,6,6,-367,0,0,-367,0,0,0,0,0
PAWN_AUDIT_ENTRY,3636,13424913572488268758,1555987548876880801,3656460333166198804,11179061941031440411,3437,18446744073709551336,18446744073709551337,18446744073709551336,14,13,6,8,18446744073709534290,18446744073709550278,3,0,0,0,0,1,0,2713,0,18446744073709551303,18446744073709551303,717054,12,7006,0,0,0,9,18446744073709544453,18446744073709550754,18446744073709551030,18446744073709551335,12,1,1,6780196862689092937,1,0,3,6938359671718365255,0,0,1,0
PAWN_AUDIT_RESULT,3636,6,6,-416,0,0,-416,0,0,0,0,0
PAWN_AUDIT_ENTRY,3637,1555987548876880801,3502373582408394227,3656460333166198804,8181929504947969707,3494,18446744073709551336,18446744073709551337,18446744073709551336,14,13,6,10,18446744073709538932,18446744073709549624,3,0,0,0,0,1,0,2713,0,18446744073709551303,18446744073709551303,717054,12,7007,0,0,0,9,18446744073709544644,1925,498,18446744073709551335,12,1,1,6780196862689092937,1,0,3,6938359671718365255,0,0,1,0
PAWN_AUDIT_RESULT,3637,6,6,-350,0,0,-350,0,0,0,0,0
PAWN_AUDIT_ENTRY,3638,3502373582408394227,4430301152458157898,3656460333166198804,3003285793167244644,2592,18446744073709551336,18446744073709551337,18446744073709551336,14,13,6,11,18446744073709534499,18446744073709549950,3,0,0,0,0,1,0,2713,0,18446744073709551303,18446744073709551303,717054,12,7008,0,0,0,9,18446744073709544696,18446744073709550677,18446744073709550804,18446744073709551335,12,1,1,6780196862689092937,1,0,3,6938359671718365255,0,0,1,0
PAWN_AUDIT_RESULT,3638,6,6,-388,0,0,-388,0,0,0,0,0
PAWN_AUDIT_ENTRY,3639,4430301152458157898,3624832924722075234,3656460333166198804,3405895163337618624,3429,18446744073709551336,18446744073709551337,18446744073709551336,14,13,5,12,18446744073709534269,18446744073709549912,3,0,0,0,0,1,0,2713,0,18446744073709551303,18446744073709551303,717054,12,7009,0,0,0,9,18446744073709544590,18446744073709550705,18446744073709550778,18446744073709551335,12,1,1,6780196862689092937,1,0,3,6938359671718365255,0,0,1,0
PAWN_AUDIT_RESULT,3639,5,5,-375,0,0,-375,0,0,0,0,0
PAWN_AUDIT_ENTRY,3640,3624832924722075234,16941829231059492185,3656460333166198804,147821653344836643,3632,18446744073709551336,18446744073709551337,18446744073709551336,14,13,5,14,18446744073709536291,18446744073709547758,3,0,0,0,0,1,0,2713,0,18446744073709551303,18446744073709551303,717054,12,7010,0,0,0,12,18446744073709545225,18446744073709551030,18446744073709551030,18446744073709551335,12,1,1,6780196862689092937,1,0,3,6938359671718365255,0,2,1,0
PAWN_AUDIT_RESULT,3640,5,5,-416,0,0,-416,0,0,0,0,0
PAWN_AUDIT_ENTRY,3641,16941829231059492185,8353315257460616153,3656460333166198804,16546478293073380046,2745,18446744073709551336,18446744073709551337,18446744073709551336,14,13,5,15,18446744073709534154,18446744073709548874,3,0,0,0,0,1,0,2713,0,18446744073709551303,18446744073709551303,717054,12,7011,0,0,0,10,18446744073709544452,18446744073709550632,18446744073709551030,18446744073709551335,12,1,1,6780196862689092937,1,0,3,6938359671718365255,0,2,1,0
PAWN_AUDIT_RESULT,3641,5,5,-395,0,0,-395,0,0,0,0,0
PAWN_AUDIT_ENTRY,3642,8353315257460616153,10162724385980508206,3656460333166198804,2383905954173270957,3353,18446744073709551336,18446744073709551337,18446744073709551336,14,13,5,16,18446744073709533972,18446744073709548874,3,0,0,0,0,1,0,2713,0,18446744073709551303,18446744073709551303,717054,12,7012,0,0,0,11,18446744073709544494,18446744073709550383,18446744073709551030,18446744073709551335,12,1,1,6780196862689092937,1,0,3,6938359671718365255,0,2,1,0
PAWN_AUDIT_RESULT,3642,5,5,-358,0,0,-358,0,0,0,0,0
PAWN_AUDIT_ENTRY,3643,10162724385980508206,5959058227846491071,3656460333166198804,8089280959213402227,3834,18446744073709551336,18446744073709551337,18446744073709551336,14,13,5,17,18446744073709533815,18446744073709548874,3,0,0,0,0,1,0,2713,0,18446744073709551303,18446744073709551303,717054,12,7013,0,0,0,13,18446744073709544463,18446744073709550302,18446744073709551030,18446744073709551335,12,1,1,6780196862689092937,1,0,3,6938359671718365255,0,2,1,0
PAWN_AUDIT_RESULT,3643,5,5,-370,0,0,-370,0,0,0,0,0
PAWN_AUDIT_ENTRY,3644,5959058227846491071,13495504921586678453,3656460333166198804,10028750768930722368,3389,18446744073709551336,18446744073709551337,18446744073709551336,14,13,5,18,18446744073709533675,18446744073709548874,3,0,0,0,0,1,0,2713,0,18446744073709551303,18446744073709551303,717054,12,7014,0,0,0,11,18446744073709544494,18446744073709550113,18446744073709551030,18446744073709551335,12,1,1,6780196862689092937,1,0,3,6938359671718365255,0,2,1,0
PAWN_AUDIT_RESULT,3644,5,5,-379,0,0,-379,0,0,0,0,0
PAWN_AUDIT_ENTRY,3645,13495504921586678453,13177139467249444980,3656460333166198804,590217148967196888,3169,18446744073709551336,18446744073709551337,18446744073709551336,14,13,5,19,18446744073709533338,18446744073709549655,3,0,0,0,0,1,0,2713,0,18446744073709551303,18446744073709551303,717054,12,7015,0,0,0,9,18446744073709544730,18446744073709549981,18446744073709550364,18446744073709551335,12,1,1,6780196862689092937,1,0,3,6938359671718365255,0,0,1,0
PAWN_AUDIT_RESULT,3645,5,5,-385,0,0,-385,0,0,0,0,0
PAWN_AUDIT_ENTRY,3646,13177139467249444980,7164221621280407103,3656460333166198804,254255296395281732,3901,18446744073709551336,18446744073709551337,18446744073709551336,14,13,5,20,18446744073709534763,18446744073709547931,3,0,0,0,0,1,0,2713,0,18446744073709551303,18446744073709551303,717054,12,7016,0,0,0,14,18446744073709544530,18446744073709551030,18446744073709551030,18446744073709551335,12,1,1,6780196862689092937,1,0,3,6938359671718365255,0,2,1,0
PAWN_AUDIT_RESULT,3646,5,5,-346,0,0,-346,0,0,0,0,0
PAWN_AUDIT_ENTRY,3647,7164221621280407103,3282397016533299408,3656460333166198804,7996939112709684426,2720,18446744073709551336,18446744073709551337,18446744073709551336,14,13,5,21,18446744073709535684,18446744073709548874,3,0,0,0,0,1,0,2713,0,18446744073709551303,18446744073709551303,717054,12,7017,0,0,0,10,18446744073709544832,18446744073709551264,18446744073709551030,18446744073709551335,12,1,1,6780196862689092937,1,0,3,6938359671718365255,0,2,1,0
PAWN_AUDIT_RESULT,3647,5,5,-361,0,0,-361,0,0,0,0,0
PAWN_AUDIT_ENTRY,3648,3282397016533299408,5074650438606630339,3656460333166198804,14243155328148990508,4015,18446744073709551336,18446744073709551337,18446744073709551336,14,13,5,22,18446744073709534952,18446744073709547758,3,0,0,0,0,1,0,2713,0,18446744073709551303,18446744073709551303,717054,12,7018,0,0,0,10,18446744073709544616,18446744073709551030,18446744073709551030,18446744073709551335,12,1,1,6780196862689092937,1,0,3,6938359671718365255,0,2,1,0
PAWN_AUDIT_RESULT,3648,5,5,-353,0,0,-353,0,0,0,0,0
PAWN_AUDIT_ENTRY,3649,5074650438606630339,9602158189967201970,3656460333166198804,4804557704718289448,3373,18446744073709551336,18446744073709551337,18446744073709551336,14,13,5,23,18446744073709534612,18446744073709547758,3,0,0,0,0,1,0,2713,0,18446744073709551303,18446744073709551303,717054,12,7019,0,0,0,11,18446744073709544749,18446744073709550455,18446744073709551030,18446744073709551335,12,1,1,6780196862689092937,1,0,3,6938359671718365255,0,2,1,0
PAWN_AUDIT_RESULT,3649,5,5,-363,0,0,-363,0,0,0,0,0
PAWN_AUDIT_ENTRY,3650,9602158189967201970,11367693820368051818,3656460333166198804,14507055639233866518,4087,18446744073709551336,18446744073709551337,18446744073709551336,14,13,5,24,18446744073709534627,18446744073709547758,3,0,0,0,0,1,0,2713,0,18446744073709551303,18446744073709551303,717054,12,7020,0,0,0,12,18446744073709544468,18446744073709551030,18446744073709551030,18446744073709551335,12,1,1,6780196862689092937,1,0,3,6938359671718365255,0,2,1,0
PAWN_AUDIT_RESULT,3650,5,5,-501,0,0,-501,0,0,0,0,0
PAWN_AUDIT_ENTRY,3651,11367693820368051818,9599341186291648726,3656460333166198804,12707656231751832482,3642,18446744073709551336,18446744073709551337,18446744073709551336,14,13,5,25,18446744073709533713,18446744073709547985,3,0,0,0,0,1,0,2713,0,18446744073709551303,18446744073709551303,717054,12,7021,0,0,0,12,18446744073709544461,18446744073709550213,18446744073709551030,18446744073709551335,12,1,1,6780196862689092937,1,0,3,6938359671718365255,0,2,1,0
PAWN_AUDIT_RESULT,3651,5,5,-354,0,0,-354,0,0,0,0,0
PAWN_AUDIT_ENTRY,3652,9599341186291648726,4950746192849035308,3656460333166198804,8048294746041271150,3641,18446744073709551336,18446744073709551337,18446744073709551336,14,13,5,26,18446744073709534631,18446744073709547758,3,0,0,0,0,1,0,2713,0,18446744073709551303,18446744073709551303,717054,12,7022,0,0,0,12,18446744073709544470,18446744073709551030,18446744073709551030,18446744073709551335,12,1,1,6780196862689092937,1,0,3,6938359671718365255,0,2,1,0
PAWN_AUDIT_RESULT,3652,5,5,-362,0,0,-362,0,0,0,0,0
PAWN_AUDIT_ENTRY,3653,4950746192849035308,12649256911754336569,3656460333166198804,16110372531078393987,3371,18446744073709551336,18446744073709551337,18446744073709551336,14,13,5,27,18446744073709534348,18446744073709547758,3,0,0,0,0,1,0,2713,0,18446744073709551303,18446744073709551303,717054,12,7023,0,0,0,11,18446744073709544567,18446744073709550579,18446744073709551030,18446744073709551335,12,1,1,6780196862689092937,1,0,3,6938359671718365255,0,2,1,0
PAWN_AUDIT_RESULT,3653,5,5,-381,0,0,-381,0,0,0,0,0
PAWN_AUDIT_ENTRY,3654,12649256911754336569,7910235808617136273,3656460333166198804,5200082658805576001,3833,18446744073709551336,18446744073709551337,18446744073709551336,14,13,5,28,18446744073709534235,18446744073709547758,3,0,0,0,0,1,0,2713,0,18446744073709551303,18446744073709551303,717054,12,7024,0,0,0,13,18446744073709544465,18446744073709550680,18446744073709551030,18446744073709551335,12,1,1,6780196862689092937,1,0,3,6938359671718365255,0,2,1,0
PAWN_AUDIT_RESULT,3654,5,5,-388,0,0,-388,0,0,0,0,0
PAWN_AUDIT_ENTRY,3655,7910235808617136273,5141426000358503464,3656460333166198804,1543326901101341664,3322,18446744073709551336,18446744073709551337,18446744073709551336,14,13,5,29,18446744073709534087,18446744073709547758,3,0,0,0,0,1,0,2713,0,18446744073709551303,18446744073709551303,717054,12,7025,0,0,0,11,18446744073709544477,18446744073709550521,18446744073709551030,18446744073709551335,12,1,1,6780196862689092937,1,0,3,6938359671718365255,0,2,1,0
PAWN_AUDIT_RESULT,3655,5,5,-367,0,0,-367,0,0,0,0,0
PAWN_AUDIT_ENTRY,3656,5141426000358503464,4796171367768696708,3656460333166198804,13674522843208557212,2736,18446744073709551336,18446744073709551337,18446744073709551336,14,13,5,31,18446744073709539207,18446744073709546988,3,0,0,0,0,1,0,2713,0,18446744073709551303,18446744073709551303,717054,12,7026,0,0,0,10,18446744073709546965,18446744073709550467,18446744073709550756,18446744073709551335,12,1,1,6780196862689092937,1,0,3,6938359671718365255,0,2,1,0
PAWN_AUDIT_RESULT,3656,5,5,-386,0,0,-386,0,0,0,0,0
PAWN_AUDIT_ENTRY,3710,4538188560777236977,11176169881379365394,16192256912005589861,11454318772007820593,2713,18446744073709551324,18446744073709551325,18446744073709551309,6,5,3,4,18446744073709543723,18446744073709548649,9,0,0,0,0,1,0,0,0,18446744073709551336,18446744073709551336,1483627,12,7135,0,0,0,10,18446744073709549376,18446744073709550002,18446744073709550499,18446744073709551336,2,1,1,4987955392290122550,2,0,9,16968612157231092085,0,3,1,0
PAWN_AUDIT_RESULT,3710,3,3,-333,0,0,-333,0,0,0,0,0
PAWN_AUDIT_ENTRY,3713,3880549680735228016,8176452970854865520,16192256912005589861,12151013956940651544,4023,18446744073709551324,18446744073709551325,18446744073709551309,6,5,3,9,18446744073709539579,18446744073709550278,9,0,0,0,0,1,0,0,0,18446744073709551336,18446744073709551336,1483627,12,7139,0,0,0,14,18446744073709546720,18446744073709551030,18446744073709551030,18446744073709551336,2,1,1,4987955392290122550,2,0,9,16968612157231092085,0,3,1,0
PAWN_AUDIT_RESULT,3713,3,3,-491,0,0,-491,0,0,0,0,0
PAWN_AUDIT_ENTRY,3714,8176452970854865520,1774130503921204350,16192256912005589861,3786166282196621606,4031,18446744073709551324,18446744073709551325,18446744073709551309,6,5,2,11,18446744073709537556,18446744073709548874,9,0,0,0,0,1,0,0,0,18446744073709551336,18446744073709551336,1483627,12,7140,0,0,0,14,18446744073709545800,18446744073709551030,18446744073709551030,18446744073709551336,2,1,1,4987955392290122550,2,0,9,16968612157231092085,0,3,1,0
PAWN_AUDIT_RESULT,3714,2,2,-424,0,0,-424,0,0,0,0,0
PAWN_AUDIT_ENTRY,3717,10097008224606403889,10025683518841891148,1247804172078906037,16880051585017135242,3964,18446744073709551324,18446744073709551325,18446744073709551229,6,5,2,2,18446744073709547668,18446744073709550278,9,0,0,0,0,0,0,0,0,18446744073709551296,18446744073709551296,18446744073708361770,12,7145,0,0,0,12,18446744073709550398,18446744073709551030,18446744073709551030,18446744073709551350,0,1,1,13115852200211114326,1,0,9,4874387212370031334,0,2,1,0
PAWN_AUDIT_RESULT,3717,2,2,-306,0,0,-306,0,0,0,0,0
PAWN_AUDIT_ENTRY,3718,10025683518841891148,7938674507828318656,1247804172078906037,8003616356109569249,2713,18446744073709551324,18446744073709551325,18446744073709551310,6,5,1,3,18446744073709542976,18446744073709550278,9,0,0,0,0,0,0,0,0,18446744073709551296,18446744073709551296,18446744073708361770,12,7146,0,0,0,10,18446744073709548651,1942,18446744073709547629,18446744073709551350,0,1,1,13115852200211114326,1,0,9,4874387212370031334,0,2,1,0
PAWN_AUDIT_RESULT,3718,1,1,-292,0,0,-292,0,3,3,0,0
PAWN_AUDIT_ENTRY,3721,9647207338631516022,17566213217849061898,1247804172078906037,12033661676712519140,3324,18446744073709551324,18446744073709551325,18446744073709551324,6,5,1,7,18446744073709540182,18446744073709550278,9,0,0,0,0,0,0,0,0,18446744073709551296,18446744073709551296,18446744073708361770,12,7154,0,0,0,11,18446744073709546994,18446744073709551030,18446744073709551030,18446744073709551350,0,1,1,13115852200211114326,1,0,9,4874387212370031334,0,2,1,0
PAWN_AUDIT_RESULT,3721,1,1,-372,0,0,-372,0,0,0,0,0
PAWN_AUDIT_ENTRY,3722,17566213217849061898,1641953489164255685,1247804172078906037,211571080937012914,3836,18446744073709551324,18446744073709551325,18446744073709551324,6,5,1,8,18446744073709539799,18446744073709550278,9,0,0,0,0,0,0,0,0,18446744073709551296,18446744073709551296,18446744073708361770,12,7155,0,0,0,13,18446744073709546820,18446744073709551030,18446744073709551030,18446744073709551350,0,1,1,13115852200211114326,1,0,9,4874387212370031334,0,2,1,0
PAWN_AUDIT_RESULT,3722,1,1,-448,0,0,-448,0,0,0,0,0
PAWN_AUDIT_ENTRY,3856,14899591387397724303,12393491813757721848,14418586845058681535,7175643128911451758,2908,18446744073709551324,18446744073709551325,18446744073709551321,13,12,10,4,18446744073709547361,18446744073709548874,5,0,0,0,0,1,0,0,0,18446744073709551263,18446744073709551263,2346401,12,7356,0,0,0,10,18446744073709546808,18446744073709549115,8496,18446744073709551334,14,1,1,6448796002632976483,2,0,5,11197480689422135903,0,3,1,0
PAWN_AUDIT_RESULT,3856,10,10,-623,0,0,-623,0,0,0,0,0
PAWN_AUDIT_ENTRY,3858,13805771128816719236,8565991837814836408,14418586845058681535,3930521182511579450,3177,18446744073709551324,18446744073709551325,18446744073709551321,13,12,8,7,18446744073709534169,18446744073709550278,5,0,0,0,0,1,0,0,0,18446744073709551263,18446744073709551263,2346401,12,7359,0,0,0,9,18446744073709544433,18446744073709551030,18446744073709550673,18446744073709551334,14,1,1,6448796002632976483,2,0,5,11197480689422135903,0,0,1,0
PAWN_AUDIT_RESULT,3858,8,8,-458,0,0,-458,0,0,0,0,0
PAWN_AUDIT_ENTRY,3859,8565991837814836408,17928599008339742581,14418586845058681535,2321199383445910959,3104,18446744073709551324,18446744073709551325,18446744073709551321,13,12,8,8,18446744073709533950,18446744073709550278,5,0,0,0,0,1,0,0,0,18446744073709551263,18446744073709551263,2346401,12,7360,0,0,0,9,18446744073709544441,18446744073709551030,18446744073709550452,18446744073709551334,14,1,1,6448796002632976483,2,0,5,11197480689422135903,0,0,1,0
PAWN_AUDIT_RESULT,3859,8,8,-348,0,0,-348,0,7,7,0,0
PAWN_AUDIT_ENTRY,3862,14261190260717794393,14308957781713194524,14418586845058681535,862081147538043472,3502,18446744073709551324,18446744073709551325,18446744073709551321,13,12,7,9,18446744073709533864,18446744073709550278,5,0,0,0,0,1,0,0,0,18446744073709551263,18446744073709551263,2346401,12,7368,0,0,0,9,18446744073709544433,18446744073709551030,18446744073709550388,18446744073709551334,14,1,1,6448796002632976483,2,0,5,11197480689422135903,0,0,1,0
PAWN_AUDIT_RESULT,3862,7,7,-407,0,0,-407,0,0,0,0,0
PAWN_AUDIT_ENTRY,3863,14308957781713194524,5078787877971354660,14418586845058681535,7316409173536027735,2915,18446744073709551324,18446744073709551325,18446744073709551321,13,12,7,10,18446744073709538070,18446744073709547758,5,0,0,0,0,1,0,0,0,18446744073709551263,18446744073709551263,2346401,12,7369,0,0,0,10,18446744073709545665,18446744073709551030,174,18446744073709551334,14,1,1,6448796002632976483,2,0,5,11197480689422135903,0,3,1,0
PAWN_AUDIT_RESULT,3863,7,7,-383,0,0,-383,0,0,0,0,0
PAWN_AUDIT_ENTRY,3864,5078787877971354660,13216767813200876634,14418586845058681535,6209862885161726171,4079,18446744073709551324,18446744073709551325,18446744073709551321,13,12,6,11,18446744073709534723,18446744073709548874,5,0,0,0,0,1,0,0,0,18446744073709551263,18446744073709551263,2346401,12,7370,0,0,0,12,18446744073709544512,18446744073709551030,18446744073709551030,18446744073709551334,14,1,1,6448796002632976483,2,0,5,11197480689422135903,0,3,1,0
PAWN_AUDIT_RESULT,3864,6,6,-565,0,0,-565,0,0,0,0,0
PAWN_AUDIT_ENTRY,3865,13216767813200876634,16694044623174849534,14418586845058681535,2680993552692492840,3371,18446744073709551324,18446744073709551325,18446744073709551321,13,12,6,12,18446744073709535623,18446744073709548355,5,0,0,0,0,1,0,0,0,18446744073709551263,18446744073709551263,2346401,12,7371,0,0,0,11,18446744073709544921,18446744073709551030,18446744073709551030,18446744073709551334,14,1,1,6448796002632976483,2,0,5,11197480689422135903,0,3,1,0
PAWN_AUDIT_RESULT,3865,6,6,-401,0,0,-401,0,2,2,0,0
PAWN_AUDIT_ENTRY,3866,16694044623174849534,12135315007597055630,14418586845058681535,10939342821853988342,2935,18446744073709551324,18446744073709551325,18446744073709551321,13,12,6,13,18446744073709533174,18446744073709548761,5,0,0,0,0,1,0,0,0,18446744073709551263,18446744073709551263,2346401,12,7374,0,0,0,10,18446744073709544793,18446744073709551030,18446744073709548999,18446744073709551334,14,1,1,6448796002632976483,2,0,5,11197480689422135903,0,3,1,0
PAWN_AUDIT_RESULT,3866,6,6,-389,0,0,-389,0,0,0,0,0
PAWN_AUDIT_ENTRY,3867,12135315007597055630,11372567591400069893,14418586845058681535,2235933088962283621,2745,18446744073709551324,18446744073709551325,18446744073709551321,13,12,6,14,18446744073709534567,18446744073709548069,5,0,0,0,0,1,0,0,0,18446744073709551263,18446744073709551263,2346401,12,7375,0,0,0,10,18446744073709544441,18446744073709551030,18446744073709551030,18446744073709551334,14,1,1,6448796002632976483,2,0,5,11197480689422135903,0,3,1,0
PAWN_AUDIT_RESULT,3867,6,6,-325,0,0,-325,0,10,10,0,0
PAWN_AUDIT_ENTRY,3872,17525487795519218988,663488915412845205,14418586845058681535,4998808441674967548,4094,18446744073709551324,18446744073709551325,18446744073709551321,13,12,6,15,18446744073709534765,18446744073709547758,5,0,0,0,0,1,0,0,0,18446744073709551263,18446744073709551263,2346401,12,7386,0,0,0,12,18446744073709544531,18446744073709551030,18446744073709551030,18446744073709551334,14,1,1,6448796002632976483,2,0,5,11197480689422135903,0,3,1,0
PAWN_AUDIT_RESULT,3872,6,6,-436,0,0,-436,0,0,0,0,0
PAWN_AUDIT_ENTRY,3873,663488915412845205,536494784104934268,14418586845058681535,15854010215245850752,4093,18446744073709551324,18446744073709551325,18446744073709551321,13,12,6,16,18446744073709534723,18446744073709547758,5,0,0,0,0,1,0,0,0,18446744073709551263,18446744073709551263,2346401,12,7387,0,0,0,12,18446744073709544512,18446744073709551030,18446744073709551030,18446744073709551334,14,1,1,6448796002632976483,2,0,5,11197480689422135903,0,3,1,0
PAWN_AUDIT_RESULT,3873,6,6,-446,0,0,-446,0,0,0,0,0
PAWN_AUDIT_ENTRY,3874,536494784104934268,1064010937685414572,14418586845058681535,17951362146971242479,3901,18446744073709551324,18446744073709551325,18446744073709551321,13,12,6,17,18446744073709534651,18446744073709547758,5,0,0,0,0,1,0,0,0,18446744073709551263,18446744073709551263,2346401,12,7388,0,0,0,14,18446744073709544479,18446744073709551030,18446744073709551030,18446744073709551334,14,1,1,6448796002632976483,2,0,5,11197480689422135903,0,3,1,0
PAWN_AUDIT_RESULT,3874,6,6,-391,0,0,-391,0,0,0,0,0
PAWN_AUDIT_ENTRY,3875,1064010937685414572,2581400436860458945,14418586845058681535,8181352411679480043,3389,18446744073709551324,18446744073709551325,18446744073709551321,13,12,6,18,18446744073709534616,18446744073709547758,5,0,0,0,0,1,0,0,0,18446744073709551263,18446744073709551263,2346401,12,7389,0,0,0,11,18446744073709544463,18446744073709551030,18446744073709551030,18446744073709551334,14,1,1,6448796002632976483,2,0,5,11197480689422135903,0,3,1,0
PAWN_AUDIT_RESULT,3875,6,6,-450,0,0,-450,0,0,0,0,0
PAWN_AUDIT_ENTRY,3876,2581400436860458945,11607272818154778342,14418586845058681535,15830736319674708230,3353,18446744073709551324,18446744073709551325,18446744073709551321,13,12,6,19,18446744073709534613,18446744073709547758,5,0,0,0,0,1,0,0,0,18446744073709551263,18446744073709551263,2346401,12,7390,0,0,0,11,18446744073709544462,18446744073709551030,18446744073709551030,18446744073709551334,14,1,1,6448796002632976483,2,0,5,11197480689422135903,0,3,1,0
PAWN_AUDIT_RESULT,3876,6,6,-446,0,0,-446,0,0,0,0,0
PAWN_AUDIT_ENTRY,3877,11607272818154778342,8318277456107949224,14418586845058681535,14747481544228937453,2527,18446744073709551324,18446744073709551325,18446744073709551321,13,12,6,26,18446744073709536071,18446744073709549065,5,0,0,0,0,1,0,0,0,18446744073709551263,18446744073709551263,2346401,12,7391,0,0,0,9,18446744073709545427,18446744073709550681,18446744073709550767,18446744073709551334,14,1,1,6448796002632976483,2,0,5,11197480689422135903,0,0,1,0
PAWN_AUDIT_RESULT,3877,6,6,-370,0,0,-370,0,3,3,0,0
PAWN_AUDIT_ENTRY,3884,1588988655703254162,6542530204947634678,4174684497283897901,10409278587449821730,3437,18446744073709551324,18446744073709551325,18446744073709551322,12,11,9,7,18446744073709534576,18446744073709550278,3,0,0,0,0,1,0,4013,0,18446744073709551286,18446744073709551286,18446744073707908055,12,7406,0,0,1,9,18446744073709544445,18446744073709551030,18446744073709551030,18446744073709551335,13,1,1,6448796002632976483,0,0,3,4859957513967909394,0,0,1,0
PAWN_AUDIT_RESULT,3884,9,9,-292,0,0,-292,0,0,0,0,0
PAWN_AUDIT_ENTRY,3885,6542530204947634678,18122455968786829998,4174684497283897901,14373921050070634920,3177,18446744073709551324,18446744073709551325,18446744073709551324,12,11,9,8,18446744073709534550,18446744073709550278,3,0,0,0,0,1,0,4013,0,18446744073709551286,18446744073709551286,18446744073707908055,12,7407,0,0,1,9,18446744073709544433,18446744073709551030,18446744073709551030,18446744073709551335,13,1,1,6448796002632976483,0,0,3,4859957513967909394,0,0,1,0
PAWN_AUDIT_RESULT,3885,9,9,-452,0,0,-452,0,0,0,0,0
PAWN_AUDIT_ENTRY,3886,18122455968786829998,7722251418178661375,4174684497283897901,18014630529213194946,3502,18446744073709551324,18446744073709551325,18446744073709551324,12,11,8,9,18446744073709534550,18446744073709550278,3,0,0,0,0,1,0,4013,0,18446744073709551286,18446744073709551286,18446744073707908055,12,7408,0,0,1,9,18446744073709544433,18446744073709551030,18446744073709551030,18446744073709551335,13,1,1,6448796002632976483,0,0,3,4859957513967909394,0,0,1,0
PAWN_AUDIT_RESULT,3886,8,8,-465,0,0,-465,0,0,0,0,0
PAWN_AUDIT_ENTRY,3887,7722251418178661375,9715460875464916687,4174684497283897901,15114335106583373117,3104,18446744073709551324,18446744073709551325,18446744073709551324,12,11,8,10,18446744073709534563,18446744073709550278,3,0,0,0,0,1,0,4013,0,18446744073709551286,18446744073709551286,18446744073707908055,12,7409,0,0,1,9,18446744073709544439,18446744073709551030,18446744073709551030,18446744073709551335,13,1,1,6448796002632976483,0,0,3,4859957513967909394,0,0,1,0
PAWN_AUDIT_RESULT,3887,8,8,-292,0,0,-292,0,0,0,0,0
PAWN_AUDIT_ENTRY,3888,9715460875464916687,8336458830122808183,4174684497283897901,14913938914611441685,4015,18446744073709551324,18446744073709551325,18446744073709551324,12,11,8,13,18446744073709534814,18446744073709548874,3,0,0,0,0,1,0,4013,0,18446744073709551286,18446744073709551286,18446744073707908055,12,7410,0,0,1,10,18446744073709544553,18446744073709551030,18446744073709551030,18446744073709551335,13,1,1,6448796002632976483,0,0,3,4859957513967909394,0,1,1,0
PAWN_AUDIT_RESULT,3888,8,8,-292,0,0,-292,0,8,8,0,0
PAWN_AUDIT_ENTRY,3891,13104031978339296493,3394733739579508871,4174684497283897901,13979811081722196271,4087,18446744073709551324,18446744073709551325,18446744073709551324,12,11,7,14,18446744073709534578,18446744073709548874,3,0,0,0,0,1,0,4013,0,18446744073709551286,18446744073709551286,18446744073707908055,12,7419,0,0,1,12,18446744073709544446,18446744073709551030,18446744073709551030,18446744073709551335,13,1,1,6448796002632976483,0,0,3,4859957513967909394,0,1,1,0
PAWN_AUDIT_RESULT,3891,7,7,-639,0,0,-639,0,0,0,0,0
PAWN_AUDIT_ENTRY,3892,3394733739579508871,6499078090266402572,4174684497283897901,2599990653223431929,3429,18446744073709551324,18446744073709551325,18446744073709551324,12,11,6,16,18446744073709532042,18446744073709549718,3,0,0,0,0,1,0,4013,0,18446744073709551286,18446744073709551286,18446744073707908055,12,7420,0,0,1,9,18446744073709544533,18446744073709549744,18446744073709549799,18446744073709551335,13,1,1,6448796002632976483,0,0,3,4859957513967909394,0,0,1,0
PAWN_AUDIT_RESULT,3892,6,6,-402,0,0,-402,0,0,0,0,0
PAWN_AUDIT_ENTRY,3893,6499078090266402572,14162360642570864773,4174684497283897901,17217763257366583543,2745,18446744073709551324,18446744073709551325,18446744073709551324,12,11,6,17,18446744073709534565,18446744073709548069,3,0,0,0,0,1,0,4013,0,18446744073709551286,18446744073709551286,18446744073707908055,12,7421,0,0,1,10,18446744073709544440,18446744073709551030,18446744073709551030,18446744073709551335,13,1,1,6448796002632976483,0,0,3,4859957513967909394,0,1,1,0
PAWN_AUDIT_RESULT,3893,6,6,-386,0,0,-386,0,0,0,0,0
PAWN_AUDIT_ENTRY,3894,14162360642570864773,8977641113359725156,4174684497283897901,3045695552691757460,3353,18446744073709551324,18446744073709551325,18446744073709551324,12,11,6,18,18446744073709534600,18446744073709547758,3,0,0,0,0,1,0,4013,0,18446744073709551286,18446744073709551286,18446744073707908055,12,7422,0,0,1,11,18446744073709544456,18446744073709551030,18446744073709551030,18446744073709551335,13,1,1,6448796002632976483,0,0,3,4859957513967909394,0,1,1,0
PAWN_AUDIT_RESULT,3894,6,6,-512,0,0,-512,0,0,0,0,0
PAWN_AUDIT_ENTRY,3895,8977641113359725156,14493232597821110919,4174684497283897901,13478011589606672795,3642,18446744073709551324,18446744073709551325,18446744073709551324,12,11,6,19,18446744073709534572,18446744073709547758,3,0,0,0,0,1,0,4013,0,18446744073709551286,18446744073709551286,18446744073707908055,12,7423,0,0,1,12,18446744073709544443,18446744073709551030,18446744073709551030,18446744073709551335,13,1,1,6448796002632976483,0,0,3,4859957513967909394,0,1,1,0
PAWN_AUDIT_RESULT,3895,6,6,-403,0,0,-403,0,0,0,0,0
PAWN_AUDIT_ENTRY,3896,14493232597821110919,3808424215247681287,4174684497283897901,9258391013029365881,3389,18446744073709551324,18446744073709551325,18446744073709551324,12,11,6,20,18446744073709534602,18446744073709547758,3,0,0,0,0,1,0,4013,0,18446744073709551286,18446744073709551286,18446744073707908055,12,7424,0,0,1,11,18446744073709544457,18446744073709551030,18446744073709551030,18446744073709551335,13,1,1,6448796002632976483,0,0,3,4859957513967909394,0,1,1,0
PAWN_AUDIT_RESULT,3896,6,6,-494,0,0,-494,0,0,0,0,0
PAWN_AUDIT_ENTRY,3897,3808424215247681287,4798164600278873258,4174684497283897901,8868652054726091338,3834,18446744073709551324,18446744073709551325,18446744073709551324,12,11,6,21,18446744073709534576,18446744073709547758,3,0,0,0,0,1,0,4013,0,18446744073709551286,18446744073709551286,18446744073707908055,12,7425,0,0,1,13,18446744073709544445,18446744073709551030,18446744073709551030,18446744073709551335,13,1,1,6448796002632976483,0,0,3,4859957513967909394,0,1,1,0
PAWN_AUDIT_RESULT,3897,6,6,-389,0,0,-389,0,0,0,0,0
PAWN_AUDIT_ENTRY,3898,4798164600278873258,13664553834600489063,4174684497283897901,2178565199163912665,3322,18446744073709551324,18446744073709551325,18446744073709551324,12,11,6,22,18446744073709534578,18446744073709547758,3,0,0,0,0,1,0,4013,0,18446744073709551286,18446744073709551286,18446744073707908055,12,7426,0,0,1,11,18446744073709544446,18446744073709551030,18446744073709551030,18446744073709551335,13,1,1,6448796002632976483,0,0,3,4859957513967909394,0,1,1,0
PAWN_AUDIT_RESULT,3898,6,6,-469,0,0,-469,0,0,0,0,0
PAWN_AUDIT_ENTRY,3931,2516717323542471597,9361681272975036267,11176577929515535513,10435336681592206985,166,291,292,256,6,5,1,2,18446744073709546650,18446744073709550278,12,0,1,0,0,0,0,0,0,236,236,1055996,12,7503,0,0,0,3,18446744073709550231,18446744073709548966,931,32002,18446744073709551613,0,0,18000118779021529111,1,0,12,11435550642049480020,0,2,1,0
PAWN_AUDIT_ENTRY,3936,20082524523772359,9158019982068794452,10435336681592206985,7764532723395071158,3964,18446744073709551324,18446744073709551325,18446744073709551319,6,5,2,2,18446744073709548881,18446744073709550278,13,0,0,0,0,0,0,0,0,18446744073709551251,18446744073709551251,18446744073708541237,12,7518,0,0,0,12,18446744073709550996,18446744073709551030,18446744073709550934,18446744073709551279,2,1,1,18000118779021529111,2,0,13,11176577929515535513,0,3,1,0
PAWN_AUDIT_RESULT,3936,2,2,-307,0,0,-307,0,0,0,0,0
PAWN_AUDIT_ENTRY,3937,9158019982068794452,13510978494128020979,10435336681592206985,7500299758326277410,3234,18446744073709551324,18446744073709551325,18446744073709551319,6,5,1,4,18446744073709539480,18446744073709550278,13,0,0,0,0,0,0,0,0,18446744073709551251,18446744073709551251,18446744073708541237,12,7519,0,0,0,9,18446744073709546675,18446744073709551030,18446744073709551030,18446744073709551279,2,1,1,18000118779021529111,2,0,13,11176577929515535513,0,0,1,0
PAWN_AUDIT_RESULT,3937,1,1,-393,0,0,-393,0,0,0,0,0
PAWN_AUDIT_ENTRY,3938,13510978494128020979,1754420563933887291,10435336681592206985,15413081638282023368,3306,18446744073709551324,18446744073709551325,18446744073709551319,6,5,1,6,18446744073709544939,18446744073709550278,13,0,0,0,0,0,0,0,0,18446744073709551251,18446744073709551251,18446744073708541237,12,7520,0,0,0,11,18446744073709549157,18446744073709551030,18446744073709551030,18446744073709551279,2,1,1,18000118779021529111,2,0,13,11176577929515535513,0,3,1,0
PAWN_AUDIT_RESULT,3938,1,1,-352,0,0,-352,0,0,0,0,0
PAWN_AUDIT_RESULT,3931,1,1,337,1,6,297,0,1,18,1,1
PAWN_AUDIT_ENTRY,3940,14422407954295968015,10407631619723257123,11435550642049480020,15817974234477761045,3306,18446744073709551324,18446744073709551325,18446744073709551320,8,7,5,5,18446744073709541714,18446744073709549864,11,0,0,0,0,1,0,0,0,18446744073709551251,18446744073709551295,18446744073704278860,12,7522,0,0,1,11,18446744073709548882,18446744073709549711,18446744073709549934,18446744073709551251,3,1,1,18000118779021529111,0,0,11,14005661590415024347,0,1,1,0
PAWN_AUDIT_RESULT,3940,5,5,-368,0,0,-368,0,0,0,0,0
PAWN_AUDIT_ENTRY,3944,1887833687663607681,2005322619365460983,2698508051773410413,6570926841137592889,1642,18446744073709551324,18446744073709551325,18446744073709551321,10,9,5,4,18446744073709538389,18446744073709549179,9,0,0,0,0,1,0,1619,0,18446744073709551242,18446744073709551242,2525919,12,7529,0,0,0,10,18446744073709546179,18446744073709551030,18446744073709551030,18446744073709551269,5,1,1,18000118779021529111,0,0,9,17752418811295774861,0,1,1,0
PAWN_AUDIT_RESULT,3944,5,5,-377,0,0,-377,0,0,0,0,0
PAWN_AUDIT_ENTRY,3947,13703660659857254447,13655241807284795125,2698508051773410413,6936811971844057900,3306,18446744073709551324,18446744073709551325,18446744073709551321,10,9,4,13,18446744073709543241,18446744073709548566,9,0,0,0,0,1,0,1619,0,18446744073709551242,18446744073709551242,2525919,12,7532,0,0,0,11,18446744073709548016,18446744073709551030,174,18446744073709551269,5,1,1,18000118779021529111,0,0,9,17752418811295774861,0,1,1,0
PAWN_AUDIT_RESULT,3947,4,4,-690,0,0,-690,0,0,0,0,0
PAWN_AUDIT_ENTRY,3950,16658679021014551069,5298088526365216708,6113432983750676735,1288242327790352318,3306,18446744073709551324,18446744073709551325,18446744073709551324,9,8,6,11,18446744073709540872,18446744073709547758,7,0,0,0,0,1,0,3294,0,18446744073709551293,18446744073709551293,18446744073707476382,12,7535,0,0,0,11,18446744073709547308,18446744073709551030,18446744073709551030,18446744073709551336,10,1,1,9950175685279727419,1,0,7,11021429383924198450,0,2,1,0
PAWN_AUDIT_RESULT,3950,6,6,-427,0,0,-427,0,0,0,0,0
PAWN_AUDIT_ENTRY,3951,5298088526365216708,18054884649487207235,6113432983750676735,17182484841737730066,3242,18446744073709551324,18446744073709551325,18446744073709551324,9,8,6,12,18446744073709537063,18446744073709550278,7,0,0,0,0,1,0,3294,0,18446744073709551293,18446744073709551293,18446744073707476382,12,7536,0,0,0,9,18446744073709545315,18446744073709551158,18446744073709551436,18446744073709551336,10,1,1,9950175685279727419,1,0,7,11021429383924198450,0,0,1,0
PAWN_AUDIT_RESULT,3951,6,6,-329,0,0,-329,0,21,21,0,0
PAWN_AUDIT_ENTRY,3986,2818937196692963390,5586981535555996075,3563763592928000114,8530585334034452468,3288,18446744073709551324,18446744073709551325,18446744073709551290,10,9,5,2,18446744073709538361,4318,9,0,0,0,0,0,0,0,0,18446744073709551274,18446744073709551274,709326,12,7619,0,0,1,11,18446744073709547187,18446744073709549878,18446744073709550113,18446744073709551333,8,1,1,12268545190071650819,0,0,9,7897114316349713917,0,1,1,0
PAWN_AUDIT_RESULT,3986,5,5,-319,0,0,-319,0,0,0,0,0
PAWN_AUDIT_ENTRY,3987,5586981535555996075,525721459661035181,3563763592928000114,8377415907898302259,3306,18446744073709551324,18446744073709551325,18446744073709551297,10,9,4,3,18446744073709537003,2643,9,0,0,0,0,0,0,0,0,18446744073709551274,18446744073709551274,709326,12,7620,0,0,1,11,18446744073709546740,18446744073709549711,18446744073709549934,18446744073709551333,8,1,1,12268545190071650819,0,0,9,7897114316349713917,0,1,1,0
PAWN_AUDIT_RESULT,3987,4,4,-304,0,0,-304,0,13,13,0,0
PAWN_AUDIT_ENTRY,3993,17004589038690781259,5986756774755826166,3563763592928000114,8597166246767682021,3297,18446744073709551324,18446744073709551325,18446744073709551312,10,9,3,5,18446744073709543050,18446744073709547355,9,0,0,0,0,0,0,0,0,18446744073709551274,18446744073709551274,709326,12,7634,0,0,1,11,18446744073709548298,18446744073709551030,18446744073709551030,18446744073709551333,8,1,1,12268545190071650819,0,0,9,7897114316349713917,0,1,1,0
PAWN_AUDIT_RESULT,3993,3,3,-338,0,0,-338,0,0,0,0,0
PAWN_AUDIT_ENTRY,3994,5986756774755826166,5382008431746137652,3563763592928000114,10076307319712600223,3242,18446744073709551324,18446744073709551325,18446744073709551312,10,9,2,7,18446744073709536382,18446744073709550278,9,0,0,0,0,0,0,0,0,18446744073709551274,18446744073709551274,709326,12,7635,0,0,1,9,18446744073709545266,18446744073709551030,18446744073709551030,18446744073709551333,8,1,1,12268545190071650819,0,0,9,7897114316349713917,0,0,1,0
PAWN_AUDIT_RESULT,3994,2,2,-456,0,0,-456,0,0,0,0,0
PAWN_AUDIT_ENTRY,3995,5382008431746137652,658609563795471426,3563763592928000114,863437725042499774,3169,18446744073709551324,18446744073709551325,18446744073709551312,10,9,1,8,18446744073709535073,18446744073709550278,9,0,0,0,0,0,0,0,0,18446744073709551274,18446744073709551274,709326,12,7636,0,0,1,9,18446744073709544671,18446744073709551030,18446744073709551030,18446744073709551333,8,1,1,12268545190071650819,0,0,9,7897114316349713917,0,0,1,0
PAWN_AUDIT_RESULT,3995,1,1,-425,0,0,-425,0,0,0,0,0
PAWN_AUDIT_ENTRY,3996,658609563795471426,15921264012934756365,3563763592928000114,3055274342614631682,2592,18446744073709551324,18446744073709551325,18446744073709551312,10,9,1,11,18446744073709535014,18446744073709550278,9,0,0,0,0,0,0,0,0,18446744073709551274,18446744073709551274,709326,12,7637,0,0,1,9,18446744073709544644,18446744073709551030,18446744073709551030,18446744073709551333,8,1,1,12268545190071650819,0,0,9,7897114316349713917,0,0,1,0
PAWN_AUDIT_RESULT,3996,1,1,-393,0,0,-393,0,0,0,0,0
PAWN_AUDIT_ENTRY,3997,15921264012934756365,13374485380852972290,3563763592928000114,17481476703606161565,3502,18446744073709551324,18446744073709551325,18446744073709551312,10,9,1,12,18446744073709534550,18446744073709550278,9,0,0,0,0,0,0,0,0,18446744073709551274,18446744073709551274,709326,12,7638,0,0,1,9,18446744073709544433,18446744073709551030,18446744073709551030,18446744073709551333,8,1,1,12268545190071650819,0,0,9,7897114316349713917,0,0,1,0
PAWN_AUDIT_RESULT,3997,1,1,-494,0,0,-494,0,0,0,0,0
PAWN_AUDIT_ENTRY,3998,13374485380852972290,16561681948779344680,3563763592928000114,11020117853001508989,3437,18446744073709551324,18446744073709551325,18446744073709551312,10,9,1,13,18446744073709534569,18446744073709550278,9,0,0,0,0,0,0,0,0,18446744073709551274,18446744073709551274,709326,12,7639,0,0,1,9,18446744073709544442,18446744073709551030,18446744073709551030,18446744073709551333,8,1,1,12268545190071650819,0,0,9,7897114316349713917,0,0,1,0
PAWN_AUDIT_RESULT,3998,1,1,-425,0,0,-425,0,0,0,0,0
PAWN_AUDIT_ENTRY,4006,10536304610765600050,13231982435102229917,8882043341067014617,4347356195575227999,3288,18446744073709551324,18446744073709551325,18446744073709551291,8,7,4,2,18446744073709542367,4318,9,0,0,0,0,0,0,0,0,18446744073709551290,18446744073709551290,4295444,12,7650,0,0,0,11,18446744073709547187,18446744073709551181,908,18446744073709551331,10,1,1,12268545190071650819,4,0,9,2900096434511997241,0,5,1,0
PAWN_AUDIT_RESULT,4006,4,4,-295,0,0,-295,0,4,4,0,0
PAWN_AUDIT_ENTRY,4008,10328471745580142904,5245555359220378488,8882043341067014617,9145484341005756436,53055,18446744073709551324,18446744073709551325,18446744073709551321,8,7,4,3,18446744073709551058,18446744073709550278,9,0,0,0,0,0,0,0,0,18446744073709551290,18446744073709551290,4295444,12,7655,0,0,0,14,11,18446744073709550754,342,18446744073709551331,10,1,1,12268545190071650819,4,0,9,2900096434511997241,0,5,1,0
PAWN_AUDIT_RESULT,4008,4,4,-316,0,0,-316,0,0,0,0,0
PAWN_AUDIT_ENTRY,4009,5245555359220378488,7898930357487994861,8882043341067014617,4500463987072251544,3306,18446744073709551324,18446744073709551325,18446744073709551321,8,7,3,4,18446744073709544572,2643,9,0,0,0,0,0,0,0,0,18446744073709551290,18446744073709551290,4295444,12,7656,0,0,0,11,18446744073709548826,18446744073709550621,174,18446744073709551331,10,1,1,12268545190071650819,4,0,9,2900096434511997241,0,5,1,0
PAWN_AUDIT_RESULT,4009,3,3,-348,0,0,-348,0,0,0,0,0
PAWN_AUDIT_ENTRY,4012,688165984984352001,597026732741400177,8882043341067014617,9476966508475712114,3234,18446744073709551324,18446744073709551325,18446744073709551321,8,7,2,8,18446744073709539023,18446744073709549508,9,0,0,0,0,0,0,0,0,18446744073709551290,18446744073709551290,4295444,12,7659,0,0,0,9,18446744073709546232,18446744073709551500,18446744073709551030,18446744073709551331,10,1,1,12268545190071650819,4,0,9,2900096434511997241,0,0,1,0
PAWN_AUDIT_RESULT,4012,2,2,-316,0,0,-316,0,0,0,0,0
PAWN_AUDIT_ENTRY,4013,597026732741400177,8677858064040610738,8882043341067014617,4429596318415833166,3297,18446744073709551324,18446744073709551325,18446744073709551321,8,7,2,9,18446744073709543221,18446744073709547355,9,0,0,0,0,0,0,0,0,18446744073709551290,18446744073709551290,4295444,12,7660,0,0,0,11,18446744073709548179,18446744073709551030,18446744073709551436,18446744073709551331,10,1,1,12268545190071650819,4,0,9,2900096434511997241,0,5,1,0
PAWN_AUDIT_RESULT,4013,2,2,-315,0,0,-315,0,0,0,0,0
PAWN_AUDIT_ENTRY,4014,8677858064040610738,8621897361574588373,9994950358278095179,14817546822509328077,3288,18446744073709551324,18446744073709551325,18446744073709551322,9,8,3,3,18446744073709541315,4318,7,0,0,0,0,0,0,0,0,18446744073709551295,18446744073709551295,403915,12,7661,0,0,0,11,18446744073709546828,18446744073709549194,2709,18446744073709551334,8,1,1,12268545190071650819,2,0,7,5085002876901883270,0,3,1,0
PAWN_AUDIT_RESULT,4014,3,3,-330,0,0,-330,0,0,0,0,0
PAWN_AUDIT_ENTRY,4015,8621897361574588373,13634915932973843252,9994950358278095179,14952712861377963530,3306,18446744073709551324,18446744073709551325,18446744073709551322,9,8,3,4,18446744073709541718,2643,7,0,0,0,0,0,0,0,0,18446744073709551295,18446744073709551295,403915,12,7662,0,0,0,11,18446744073709548388,18446744073709551030,18446744073709549597,18446744073709551334,8,1,1,12268545190071650819,2,0,7,5085002876901883270,0,3,1,0
PAWN_AUDIT_RESULT,4015,3,3,-306,0,0,-306,0,0,0,0,0
PAWN_AUDIT_ENTRY,4018,17094195602251932690,11399022553867608670,9994950358278095179,14740140124741687516,3297,18446744073709551324,18446744073709551325,18446744073709551322,9,8,2,8,18446744073709542944,18446744073709547355,7,0,0,0,0,0,0,0,0,18446744073709551295,18446744073709551295,403915,12,7665,0,0,0,11,18446744073709548650,18446744073709551030,18446744073709550206,18446744073709551334,8,1,1,12268545190071650819,2,0,7,5085002876901883270,0,3,1,0
PAWN_AUDIT_RESULT,4018,2,2,-319,0,0,-319,0,0,0,0,0
PAWN_AUDIT_ENTRY,4019,11399022553867608670,15795754786528541920,9994950358278095179,3464963976855972262,3242,18446744073709551324,18446744073709551325,18446744073709551322,9,8,1,10,18446744073709535367,18446744073709550278,7,0,0,0,0,0,0,0,0,18446744073709551295,18446744073709551295,403915,12,7666,0,0,0,9,18446744073709545101,18446744073709551158,18446744073709550288,18446744073709551334,8,1,1,12268545190071650819,2,0,7,5085002876901883270,0,0,1,0
PAWN_AUDIT_RESULT,4019,1,1,-422,0,0,-422,0,0,0,0,0
PAWN_AUDIT_ENTRY,4020,15795754786528541920,6593826394753331913,9994950358278095179,5285699904626456996,3502,18446744073709551324,18446744073709551325,18446744073709551322,9,8,1,11,18446744073709534329,18446744073709550278,7,0,0,0,0,0,0,0,0,18446744073709551295,18446744073709551295,403915,12,7667,0,0,0,9,18446744073709544433,18446744073709550829,18446744073709551030,18446744073709551334,8,1,1,12268545190071650819,2,0,7,5085002876901883270,0,0,1,0
PAWN_AUDIT_RESULT,4020,1,1,-462,0,0,-462,0,0,0,0,0
PAWN_AUDIT_ENTRY,4021,6593826394753331913,11562920504137335601,9994950358278095179,2535360232238698820,3437,18446744073709551324,18446744073709551325,18446744073709551322,9,8,1,12,18446744073709534320,18446744073709550278,7,0,0,0,0,0,0,0,0,18446744073709551295,18446744073709551295,403915,12,7668,0,0,0,9,18446744073709544440,18446744073709550807,18446744073709551030,18446744073709551334,8,1,1,12268545190071650819,2,0,7,5085002876901883270,0,0,1,0
PAWN_AUDIT_RESULT,4021,1,1,-445,0,0,-445,0,0,0,0,0
PAWN_AUDIT_ENTRY,4022,11562920504137335601,12903002947322527440,9994950358278095179,8367734297138023118,3177,18446744073709551324,18446744073709551325,18446744073709551322,9,8,1,13,18446744073709534277,18446744073709550278,7,0,0,0,0,0,0,0,0,18446744073709551295,18446744073709551295,403915,12,7669,0,0,0,9,18446744073709544433,18446744073709550782,18446744073709551030,18446744073709551334,8,1,1,12268545190071650819,2,0,7,5085002876901883270,0,0,1,0
PAWN_AUDIT_RESULT,4022,1,1,-402,0,0,-402,0,0,0,0,0
PAWN_AUDIT_ENTRY,4023,12903002947322527440,3992582859741295769,9994950358278095179,12698944198027598215,3169,18446744073709551324,18446744073709551325,18446744073709551322,9,8,1,14,18446744073709534968,18446744073709550278,7,0,0,0,0,0,0,0,0,18446744073709551295,18446744073709551295,403915,12,7670,0,0,0,9,18446744073709544623,18446744073709551030,18446744073709551030,18446744073709551334,8,1,1,12268545190071650819,2,0,7,5085002876901883270,0,0,1,0
PAWN_AUDIT_RESULT,4023,1,1,-421,0,0,-421,0,0,0,0,0
PAWN_AUDIT_ENTRY,4024,3992582859741295769,17249877766518943724,9994950358278095179,10495280137095625787,2592,18446744073709551324,18446744073709551325,18446744073709551322,9,8,1,16,18446744073709534348,18446744073709550278,7,0,0,0,0,0,0,0,0,18446744073709551295,18446744073709551295,403915,12,7671,0,0,0,9,18446744073709544602,18446744073709550850,18446744073709550678,18446744073709551334,8,1,1,12268545190071650819,2,0,7,5085002876901883270,0,0,1,0
PAWN_AUDIT_RESULT,4024,1,1,-386,0,0,-386,0,0,0,0,0
PAWN_AUDIT_ENTRY,4025,17249877766518943724,12079632287318324609,9994950358278095179,9052995457515629427,4015,18446744073709551324,18446744073709551325,18446744073709551322,9,8,1,17,18446744073709534763,18446744073709549951,7,0,0,0,0,0,0,0,0,18446744073709551295,18446744073709551295,403915,12,7672,0,0,0,10,18446744073709544530,18446744073709551030,18446744073709551030,18446744073709551334,8,1,1,12268545190071650819,2,0,7,5085002876901883270,0,3,1,0
PAWN_AUDIT_RESULT,4025,1,1,-374,0,0,-374,0,0,0,0,0
PAWN_AUDIT_ENTRY,4027,13595632576877953755,8941989819959624352,4094360091795049426,4351214789075672960,2527,18446744073709551324,18446744073709551325,18446744073709551323,13,12,8,4,18446744073709532089,18446744073709550278,5,0,0,0,0,1,0,0,0,18446744073709551272,18446744073709551272,18446744073706928273,12,7676,0,0,1,9,18446744073709545343,18446744073709549309,18446744073709548623,18446744073709551335,13,1,1,12268545190071650819,0,0,5,4778154540217740269,0,0,1,0
PAWN_AUDIT_RESULT,4027,8,8,-340,0,0,-340,0,8,8,0,0
PAWN_AUDIT_ENTRY,4032,12985298679486028223,12350621123310977895,4094360091795049426,14287404461380681815,3177,18446744073709551324,18446744073709551325,18446744073709551323,13,12,7,7,18446744073709534550,18446744073709550278,5,0,0,0,0,1,0,0,0,18446744073709551272,18446744073709551272,18446744073706928273,12,7685,0,0,1,9,18446744073709544433,18446744073709551030,18446744073709551030,18446744073709551335,13,1,1,12268545190071650819,0,0,5,4778154540217740269,0,0,1,0
PAWN_AUDIT_RESULT,4032,7,7,-391,0,0,-391,0,0,0,0,0
PAWN_AUDIT_ENTRY,4033,12350621123310977895,7372765431661326961,4094360091795049426,2576513115573368482,2592,18446744073709551324,18446744073709551325,18446744073709551323,13,12,7,9,18446744073709534847,18446744073709550278,5,0,0,0,0,1,0,0,0,18446744073709551272,18446744073709551272,18446744073706928273,12,7686,0,0,1,9,18446744073709544568,18446744073709551030,18446744073709551030,18446744073709551335,13,1,1,12268545190071650819,0,0,5,4778154540217740269,0,0,1,0
PAWN_AUDIT_RESULT,4033,7,7,-375,0,0,-375,0,0,0,0,0
PAWN_AUDIT_ENTRY,4034,7372765431661326961,1294445282379816225,4094360091795049426,18103820296690463549,3502,18446744073709551324,18446744073709551325,18446744073709551323,13,12,7,10,18446744073709534550,18446744073709550278,5,0,0,0,0,1,0,0,0,18446744073709551272,18446744073709551272,18446744073706928273,12,7687,0,0,1,9,18446744073709544433,18446744073709551030,18446744073709551030,18446744073709551335,13,1,1,12268545190071650819,0,0,5,4778154540217740269,0,0,1,0
PAWN_AUDIT_RESULT,4034,7,7,-407,0,0,-407,0,0,0,0,0
PAWN_AUDIT_ENTRY,4035,1294445282379816225,9959706844933448213,4094360091795049426,10468701001749879773,3437,18446744073709551324,18446744073709551325,18446744073709551323,13,12,6,11,18446744073709534561,18446744073709550278,5,0,0,0,0,1,0,0,0,18446744073709551272,18446744073709551272,18446744073706928273,12,7688,0,0,1,9,18446744073709544438,18446744073709551030,18446744073709551030,18446744073709551335,13,1,1,12268545190071650819,0,0,5,4778154540217740269,0,0,1,0
PAWN_AUDIT_RESULT,4035,6,6,-427,0,0,-427,0,0,0,0,0
PAWN_AUDIT_ENTRY,4036,9959706844933448213,17303721671719451551,4094360091795049426,14971539447003161066,4015,18446744073709551324,18446744073709551325,18446744073709551323,13,12,6,12,18446744073709534719,18446744073709548614,5,0,0,0,0,1,0,0,0,18446744073709551272,18446744073709551272,18446744073706928273,12,7689,0,0,1,10,18446744073709544510,18446744073709551030,18446744073709551030,18446744073709551335,13,1,1,12268545190071650819,0,0,5,4778154540217740269,0,1,1,0
PAWN_AUDIT_RESULT,4036,6,6,-360,0,0,-360,0,13,13,0,0
PAWN_AUDIT_ENTRY,4044,3126447716551206598,5869927780865250779,4094360091795049426,170172367725646622,3169,18446744073709551324,18446744073709551325,18446744073709551323,13,12,6,13,18446744073709534884,18446744073709550278,5,0,0,0,0,1,0,0,0,18446744073709551272,18446744073709551272,18446744073706928273,12,7703,0,0,1,9,18446744073709544585,18446744073709551030,18446744073709551030,18446744073709551335,13,1,1,12268545190071650819,0,0,5,4778154540217740269,0,0,1,0
PAWN_AUDIT_RESULT,4044,6,6,-414,0,0,-414,0,0,0,0,0
PAWN_AUDIT_ENTRY,4045,5869927780865250779,3122758097002377153,4094360091795049426,14069007455124971728,4087,18446744073709551324,18446744073709551325,18446744073709551323,13,12,6,15,18446744073709534572,18446744073709548874,5,0,0,0,0,1,0,0,0,18446744073709551272,18446744073709551272,18446744073706928273,12,7704,0,0,1,12,18446744073709544443,18446744073709551030,18446744073709551030,18446744073709551335,13,1,1,12268545190071650819,0,0,5,4778154540217740269,0,1,1,0
PAWN_AUDIT_RESULT,4045,6,6,-607,0,0,-607,0,0,0,0,0
PAWN_AUDIT_ENTRY,4046,3122758097002377153,7742709188056986721,4094360091795049426,2677502232821432070,3429,18446744073709551324,18446744073709551325,18446744073709551323,13,12,6,16,18446744073709532042,18446744073709550278,5,0,0,0,0,1,0,0,0,18446744073709551272,18446744073709551272,18446744073706928273,12,7705,0,0,1,9,18446744073709544533,18446744073709549744,18446744073709549799,18446744073709551335,13,1,1,12268545190071650819,0,0,5,4778154540217740269,0,0,1,0
PAWN_AUDIT_RESULT,4046,6,6,-368,0,0,-368,0,0,0,0,0
PAWN_AUDIT_ENTRY,4047,7742709188056986721,16986290486124827364,4094360091795049426,17279374799315831048,2745,18446744073709551324,18446744073709551325,18446744073709551323,13,12,6,18,18446744073709534561,18446744073709548874,5,0,0,0,0,1,0,0,0,18446744073709551272,18446744073709551272,18446744073706928273,12,7706,0,0,1,10,18446744073709544438,18446744073709551030,18446744073709551030,18446744073709551335,13,1,1,12268545190071650819,0,0,5,4778154540217740269,0,1,1,0
PAWN_AUDIT_RESULT,4047,6,6,-434,0,0,-434,0,0,0,0,0
PAWN_AUDIT_ENTRY,4048,16986290486124827364,3060083303272337696,4094360091795049426,3132561777220972651,3353,18446744073709551324,18446744073709551325,18446744073709551323,13,12,6,19,18446744073709534589,18446744073709548874,5,0,0,0,0,1,0,0,0,18446744073709551272,18446744073709551272,18446744073706928273,12,7707,0,0,1,11,18446744073709544451,18446744073709551030,18446744073709551030,18446744073709551335,13,1,1,12268545190071650819,0,0,5,4778154540217740269,0,1,1,0
PAWN_AUDIT_RESULT,4048,6,6,-485,0,0,-485,0,0,0,0,0
PAWN_AUDIT_ENTRY,4049,3060083303272337696,13036827718116433111,4094360091795049426,13234363587381586266,2736,18446744073709551324,18446744073709551325,18446744073709551323,13,12,6,20,18446744073709539016,18446744073709546870,5,0,0,0,0,1,0,0,0,18446744073709551272,18446744073709551272,18446744073706928273,12,7708,0,0,1,10,18446744073709546464,18446744073709551030,18446744073709551030,18446744073709551335,13,1,1,12268545190071650819,0,0,5,4778154540217740269,0,1,1,0
PAWN_AUDIT_RESULT,4049,6,6,-454,0,0,-454,0,0,0,0,0
PAWN_AUDIT_ENTRY,4050,13036827718116433111,12236827384293734733,3656460333166198804,10391035236766918758,4013,18446744073709551324,18446744073709551325,18446744073709551324,13,12,10,3,18446744073709543196,4681,3,0,0,0,0,1,0,2713,0,18446744073709551296,18446744073709551296,18446744073709252509,12,7709,0,0,0,10,3237,18446744073709543840,18446744073709545068,18446744073709551336,14,1,1,6780196862689092937,1,0,3,6938359671718365255,0,2,1,0
PAWN_AUDIT_ENTRY,4060,13726088520807844524,13449119231903336795,5808768133422794893,6139797204314992960,53055,18446744073709551324,18446744073709551325,18446744073709551273,6,5,1,7,18446744073709545967,18446744073709550278,5,0,0,0,0,0,0,0,0,18446744073709551197,18446744073709551197,8965935,12,7731,0,0,0,14,18446744073709549250,18446744073709550878,342,18446744073709551326,6,1,1,4487138917534801518,0,0,5,10391035236766918758,0,1,1,0
PAWN_AUDIT_RESULT,4060,1,1,-575,0,0,-575,0,0,0,0,0
PAWN_AUDIT_RESULT,4050,10,10,-338,0,0,-338,0,24,24,0,0
PAWN_AUDIT_ENTRY,4064,16846928876323115436,1856011182673262789,3656460333166198804,3895283065523491910,2527,18446744073709551324,18446744073709551325,18446744073709551324,13,12,9,5,18446744073709545995,18446744073709549825,3,0,0,0,0,1,0,2713,0,18446744073709551296,18446744073709551296,18446744073709252509,12,7736,0,0,0,9,18446744073709546273,8609,18446744073709548489,18446744073709551336,14,1,1,6780196862689092937,1,0,3,6938359671718365255,0,0,1,0
PAWN_AUDIT_ENTRY,4065,1856011182673262789,3706484569207077814,12002296641586530907,15623867640752684047,2713,18446744073709551324,18446744073709551325,18446744073709551237,6,5,2,2,18446744073709549991,18446744073709550278,5,0,0,0,0,0,0,0,0,18446744073709550978,18446744073709550978,279314,12,7741,0,0,1,10,18446744073709551493,18446744073709550953,18446744073709551030,18446744073709551152,3,1,1,14571110064686477062,0,0,5,3895283065523491910,0,1,1,0
PAWN_AUDIT_RESULT,4065,2,2,-430,0,0,-430,0,0,0,0,0
PAWN_AUDIT_RESULT,4064,9,9,-370,0,0,-370,0,7,7,0,0
PAWN_AUDIT_ENTRY,4068,3176769172268255093,7221820470307117896,3656460333166198804,14711926462831266705,3177,18446744073709551324,18446744073709551325,18446744073709551324,13,12,7,6,18446744073709534550,18446744073709550278,3,0,0,0,0,1,0,2713,0,18446744073709551296,18446744073709551296,18446744073709252509,12,7744,0,0,0,9,18446744073709544433,18446744073709551030,18446744073709551030,18446744073709551336,14,1,1,6780196862689092937,1,0,3,6938359671718365255,0,0,1,0
PAWN_AUDIT_RESULT,4068,7,7,-389,0,0,-389,0,0,0,0,0
PAWN_AUDIT_ENTRY,4069,7221820470307117896,14439682254335504850,3656460333166198804,17388957980701669627,3502,18446744073709551324,18446744073709551325,18446744073709551324,13,12,7,7,18446744073709534277,18446744073709550278,3,0,0,0,0,1,0,2713,0,18446744073709551296,18446744073709551296,18446744073709252509,12,7745,0,0,0,9,18446744073709544433,18446744073709550782,18446744073709551030,18446744073709551336,14,1,1,6780196862689092937,1,0,3,6938359671718365255,0,0,1,0
PAWN_AUDIT_RESULT,4069,7,7,-375,0,0,-375,0,0,0,0,0
PAWN_AUDIT_ENTRY,4070,14439682254335504850,4674244102615218055,3656460333166198804,11179061941031440411,3437,18446744073709551324,18446744073709551325,18446744073709551324,13,12,7,8,18446744073709534255,18446744073709550278,3,0,0,0,0,1,0,2713,0,18446744073709551296,18446744073709551296,18446744073709252509,12,7746,0,0,0,9,18446744073709544437,18446744073709550754,18446744073709551030,18446744073709551336,14,1,1,6780196862689092937,1,0,3,6938359671718365255,0,0,1,0
PAWN_AUDIT_RESULT,4070,7,7,-423,0,0,-423,0,0,0,0,0
PAWN_AUDIT_ENTRY,4071,4674244102615218055,2790084191920564323,3656460333166198804,8181929504947969707,3494,18446744073709551324,18446744073709551325,18446744073709551324,13,12,7,10,18446744073709538611,18446744073709549624,3,0,0,0,0,1,0,2713,0,18446744073709551296,18446744073709551296,18446744073709252509,12,7747,0,0,0,9,18446744073709544498,1925,498,18446744073709551336,14,1,1,6780196862689092937,1,0,3,6938359671718365255,0,0,1,0
PAWN_AUDIT_RESULT,4071,7,7,-349,0,0,-349,0,0,0,0,0
PAWN_AUDIT_ENTRY,4072,2790084191920564323,8883350497331663610,3656460333166198804,3003285793167244644,2592,18446744073709551324,18446744073709551325,18446744073709551324,13,12,6,11,18446744073709534160,18446744073709549950,3,0,0,0,0,1,0,2713,0,18446744073709551296,18446744073709551296,18446744073709252509,12,7748,0,0,0,9,18446744073709544542,18446744073709550677,18446744073709550804,18446744073709551336,14,1,1,6780196862689092937,1,0,3,6938359671718365255,0,0,1,0
PAWN_AUDIT_RESULT,4072,6,6,-395,0,0,-395,0,0,0,0,0
PAWN_AUDIT_ENTRY,4073,8883350497331663610,8651736269110820010,3656460333166198804,3405895163337618624,3429,18446744073709551324,18446744073709551325,18446744073709551324,13,12,6,12,18446744073709534106,18446744073709549912,3,0,0,0,0,1,0,2713,0,18446744073709551296,18446744073709551296,18446744073709252509,12,7749,0,0,0,9,18446744073709544516,18446744073709550705,18446744073709550778,18446744073709551336,14,1,1,6780196862689092937,1,0,3,6938359671718365255,0,0,1,0
PAWN_AUDIT_RESULT,4073,6,6,-382,0,0,-382,0,0,0,0,0
PAWN_AUDIT_ENTRY,4074,8651736269110820010,14989288152103041432,3656460333166198804,16546478293073380046,2745,18446744073709551324,18446744073709551325,18446744073709551324,13,12,6,14,18446744073709534121,18446744073709548874,3,0,0,0,0,1,0,2713,0,18446744073709551296,18446744073709551296,18446744073709252509,12,7750,0,0,0,10,18446744073709544437,18446744073709550632,18446744073709551030,18446744073709551336,14,1,1,6780196862689092937,1,0,3,6938359671718365255,0,2,1,0
PAWN_AUDIT_RESULT,4074,6,6,-402,0,0,-402,0,0,0,0,0
PAWN_AUDIT_ENTRY,4075,14989288152103041432,5488501198366951723,3656460333166198804,147821653344836643,3632,18446744073709551324,18446744073709551325,18446744073709551324,13,12,6,15,18446744073709535946,18446744073709547758,3,0,0,0,0,1,0,2713,0,18446744073709551296,18446744073709551296,18446744073709252509,12,7751,0,0,0,12,18446744073709545068,18446744073709551030,18446744073709551030,18446744073709551336,14,1,1,6780196862689092937,1,0,3,6938359671718365255,0,2,1,0
PAWN_AUDIT_RESULT,4075,6,6,-423,0,0,-423,0,0,0,0,0
PAWN_AUDIT_ENTRY,4076,5488501198366951723,3671318212842210774,3656460333166198804,2383905954173270957,3353,18446744073709551324,18446744073709551325,18446744073709551324,13,12,6,16,18446744073709533869,18446744073709548874,3,0,0,0,0,1,0,2713,0,18446744073709551296,18446744073709551296,18446744073709252509,12,7752,0,0,0,11,18446744073709544447,18446744073709550383,18446744073709551030,18446744073709551336,14,1,1,6780196862689092937,1,0,3,6938359671718365255,0,2,1,0
PAWN_AUDIT_RESULT,4076,6,6,-365,0,0,-365,0,0,0,0,0
PAWN_AUDIT_ENTRY,4077,3671318212842210774,5535586628768998471,3656460333166198804,16110372531078393987,3371,18446744073709551324,18446744073709551325,18446744073709551324,13,12,6,17,18446744073709535041,18446744073709547758,3,0,0,0,0,1,0,2713,0,18446744073709551296,18446744073709551296,18446744073709252509,12,7753,0,0,0,11,18446744073709544882,18446744073709550579,18446744073709551030,18446744073709551336,14,1,1,6780196862689092937,1,0,3,6938359671718365255,0,2,1,0
PAWN_AUDIT_RESULT,4077,6,6,-388,0,0,-388,0,0,0,0,0
PAWN_AUDIT_ENTRY,4078,5535586628768998471,10234809629033602418,3656460333166198804,254255296395281732,3901,18446744073709551324,18446744073709551325,18446744073709551324,13,12,6,18,18446744073709534629,18446744073709547931,3,0,0,0,0,1,0,2713,0,18446744073709551296,18446744073709551296,18446744073709252509,12,7754,0,0,0,14,18446744073709544469,18446744073709551030,18446744073709551030,18446744073709551336,14,1,1,6780196862689092937,1,0,3,6938359671718365255,0,2,1,0
PAWN_AUDIT_RESULT,4078,6,6,-292,0,0,-292,0,3,3,0,0
PAWN_AUDIT_ENTRY,4079,10234809629033602418,5952751203053777177,3656460333166198804,590217148967196888,3169,18446744073709551324,18446744073709551325,18446744073709551324,13,12,6,19,18446744073709532951,18446744073709549655,3,0,0,0,0,1,0,2713,0,18446744073709551296,18446744073709551296,18446744073709252509,12,7758,0,0,0,9,18446744073709544554,18446744073709549981,18446744073709550364,18446744073709551336,14,1,1,6780196862689092937,1,0,3,6938359671718365255,0,0,1,0
PAWN_AUDIT_RESULT,4079,6,6,-393,0,0,-393,0,0,0,0,0
PAWN_AUDIT_ENTRY,4080,5952751203053777177,15594462161935704661,3656460333166198804,14243155328148990508,4015,18446744073709551324,18446744073709551325,18446744073709551324,13,12,6,20,18446744073709534712,18446744073709547758,3,0,0,0,0,1,0,2713,0,18446744073709551296,18446744073709551296,18446744073709252509,12,7759,0,0,0,10,18446744073709544507,18446744073709551030,18446744073709551030,18446744073709551336,14,1,1,6780196862689092937,1,0,3,6938359671718365255,0,2,1,0
PAWN_AUDIT_RESULT,4080,6,6,-299,0,0,-299,0,2,2,0,0
PAWN_AUDIT_ENTRY,4081,15594462161935704661,5686079128666560583,3656460333166198804,14507055639233866518,4087,18446744073709551324,18446744073709551325,18446744073709551324,13,12,6,21,18446744073709534567,18446744073709547758,3,0,0,0,0,1,0,2713,0,18446744073709551296,18446744073709551296,18446744073709252509,12,7762,0,0,0,12,18446744073709544441,18446744073709551030,18446744073709551030,18446744073709551336,14,1,1,6780196862689092937,1,0,3,6938359671718365255,0,2,1,0
PAWN_AUDIT_RESULT,4081,6,6,-508,0,0,-508,0,0,0,0,0
PAWN_AUDIT_ENTRY,4082,5686079128666560583,17064034987014021529,3656460333166198804,4804557704718289448,3373,18446744073709551324,18446744073709551325,18446744073709551324,13,12,6,22,18446744073709534397,18446744073709547758,3,0,0,0,0,1,0,2713,0,18446744073709551296,18446744073709551296,18446744073709252509,12,7763,0,0,0,11,18446744073709544651,18446744073709550455,18446744073709551030,18446744073709551336,14,1,1,6780196862689092937,1,0,3,6938359671718365255,0,2,1,0
PAWN_AUDIT_RESULT,4082,6,6,-370,0,0,-370,0,0,0,0,0
PAWN_AUDIT_ENTRY,4083,17064034987014021529,8283179374154922936,3656460333166198804,12707656231751832482,3642,18446744073709551324,18446744073709551325,18446744073709551324,13,12,6,23,18446744073709533669,18446744073709547985,3,0,0,0,0,1,0,2713,0,18446744073709551296,18446744073709551296,18446744073709252509,12,7764,0,0,0,12,18446744073709544441,18446744073709550213,18446744073709551030,18446744073709551336,14,1,1,6780196862689092937,1,0,3,6938359671718365255,0,2,1,0
PAWN_AUDIT_RESULT,4083,6,6,-361,0,0,-361,0,0,0,0,0
PAWN_AUDIT_ENTRY,4084,8283179374154922936,7648954015091088906,3656460333166198804,7996939112709684426,2720,18446744073709551324,18446744073709551325,18446744073709551324,13,12,6,24,18446744073709535192,18446744073709548874,3,0,0,0,0,1,0,2713,0,18446744073709551296,18446744073709551296,18446744073709252509,12,7765,0,0,0,10,18446744073709544608,18446744073709551264,18446744073709551030,18446744073709551336,14,1,1,6780196862689092937,1,0,3,6938359671718365255,0,2,1,0
PAWN_AUDIT_RESULT,4084,6,6,-368,0,0,-368,0,0,0,0,0
PAWN_AUDIT_ENTRY,4085,7648954015091088906,1077267305164520325,3656460333166198804,8048294746041271150,3641,18446744073709551324,18446744073709551325,18446744073709551324,13,12,6,25,18446744073709534576,18446744073709547758,3,0,0,0,0,1,0,2713,0,18446744073709551296,18446744073709551296,18446744073709252509,12,7766,0,0,0,12,18446744073709544445,18446744073709551030,18446744073709551030,18446744073709551336,14,1,1,6780196862689092937,1,0,3,6938359671718365255,0,2,1,0
PAWN_AUDIT_RESULT,4085,6,6,-369,0,0,-369,0,0,0,0,0
PAWN_AUDIT_ENTRY,4086,1077267305164520325,1149772106868844934,3656460333166198804,5200082658805576001,3833,18446744073709551324,18446744073709551325,18446744073709551324,13,12,6,26,18446744073709534191,18446744073709547758,3,0,0,0,0,1,0,2713,0,18446744073709551296,18446744073709551296,18446744073709252509,12,7767,0,0,0,13,18446744073709544445,18446744073709550680,18446744073709551030,18446744073709551336,14,1,1,6780196862689092937,1,0,3,6938359671718365255,0,2,1,0
PAWN_AUDIT_RESULT,4086,6,6,-395,0,0,-395,0,0,0,0,0
PAWN_AUDIT_ENTRY,4087,1149772106868844934,17548836690457666994,3656460333166198804,1543326901101341664,3322,18446744073709551324,18446744073709551325,18446744073709551324,13,12,6,27,18446744073709534012,18446744073709547758,3,0,0,0,0,1,0,2713,0,18446744073709551296,18446744073709551296,18446744073709252509,12,7768,0,0,0,11,18446744073709544443,18446744073709550521,18446744073709551030,18446744073709551336,14,1,1,6780196862689092937,1,0,3,6938359671718365255,0,2,1,0
PAWN_AUDIT_RESULT,4087,6,6,-374,0,0,-374,0,0,0,0,0
PAWN_AUDIT_ENTRY,4088,17548836690457666994,17513612952062005438,3656460333166198804,8089280959213402227,3834,18446744073709551324,18446744073709551325,18446744073709551324,13,12,6,28,18446744073709533769,18446744073709547758,3,0,0,0,0,1,0,2713,0,18446744073709551296,18446744073709551296,18446744073709252509,12,7769,0,0,0,13,18446744073709544442,18446744073709550302,18446744073709551030,18446744073709551336,14,1,1,6780196862689092937,1,0,3,6938359671718365255,0,2,1,0
PAWN_AUDIT_RESULT,4088,6,6,-377,0,0,-377,0,0,0,0,0
PAWN_AUDIT_ENTRY,4089,17513612952062005438,10356548411979990593,3656460333166198804,10028750768930722368,3389,18446744073709551324,18446744073709551325,18446744073709551324,13,12,6,29,18446744073709533583,18446744073709547758,3,0,0,0,0,1,0,2713,0,18446744073709551296,18446744073709551296,18446744073709252509,12,7770,0,0,0,11,18446744073709544452,18446744073709550113,18446744073709551030,18446744073709551336,14,1,1,6780196862689092937,1,0,3,6938359671718365255,0,2,1,0
PAWN_AUDIT_RESULT,4089,6,6,-387,0,0,-387,0,0,0,0,0
PAWN_AUDIT_ENTRY,4090,10356548411979990593,2956681818394583488,3656460333166198804,13674522843208557212,2736,18446744073709551324,18446744073709551325,18446744073709551324,13,12,6,31,18446744073709537221,18446744073709546988,3,0,0,0,0,1,0,2713,0,18446744073709551296,18446744073709551296,18446744073709252509,12,7771,0,0,0,10,18446744073709546062,18446744073709550467,18446744073709550756,18446744073709551336,14,1,1,6780196862689092937,1,0,3,6938359671718365255,0,2,1,0
PAWN_AUDIT_RESULT,4090,6,6,-393,0,0,-393,0,0,0,0,0
PAWN_AUDIT_ENTRY,4260,6308641874064355842,13431889906388558217,14418586845058681535,11227515541474513683,3112,18446744073709551308,18446744073709551309,18446744073709551301,12,11,9,4,18446744073709544250,156,5,0,0,0,0,1,0,0,0,18446744073709551262,18446744073709551262,2165717,12,8092,0,0,0,9,1439,18446744073709548273,18446744073709545194,18446744073709551321,13,1,1,6448796002632976483,2,0,5,11197480689422135903,0,0,1,0
PAWN_AUDIT_RESULT,4260,9,9,-331,0,0,-331,0,5,5,0,0
PAWN_AUDIT_ENTRY,4263,6687464552112052012,14655960778851100286,14418586845058681535,3930521182511579450,3177,18446744073709551308,18446744073709551309,18446744073709551301,12,11,6,7,18446744073709534169,18446744073709550278,5,0,0,0,0,1,0,0,0,18446744073709551262,18446744073709551262,2165717,12,8100,0,0,0,9,18446744073709544433,18446744073709551030,18446744073709550673,18446744073709551321,13,1,1,6448796002632976483,2,0,5,11197480689422135903,0,0,1,0
PAWN_AUDIT_RESULT,4263,6,6,-470,0,0,-470,0,0,0,0,0
PAWN_AUDIT_ENTRY,4264,14655960778851100286,14259511275040300426,14418586845058681535,2321199383445910959,3104,18446744073709551308,18446744073709551309,18446744073709551301,12,11,6,8,18446744073709533933,18446744073709550278,5,0,0,0,0,1,0,0,0,18446744073709551262,18446744073709551262,2165717,12,8101,0,0,0,9,18446744073709544433,18446744073709551030,18446744073709550452,18446744073709551321,13,1,1,6448796002632976483,2,0,5,11197480689422135903,0,0,1,0
PAWN_AUDIT_RESULT,4264,6,6,-355,0,0,-355,0,0,0,0,0
PAWN_AUDIT_ENTRY,4265,14259511275040300426,7958348643699631297,14418586845058681535,862081147538043472,3502,18446744073709551308,18446744073709551309,18446744073709551301,12,11,6,9,18446744073709533864,18446744073709550278,5,0,0,0,0,1,0,0,0,18446744073709551262,18446744073709551262,2165717,12,8102,0,0,0,9,18446744073709544433,18446744073709551030,18446744073709550388,18446744073709551321,13,1,1,6448796002632976483,2,0,5,11197480689422135903,0,0,1,0
PAWN_AUDIT_RESULT,4265,6,6,-419,0,0,-419,0,0,0,0,0
PAWN_AUDIT_ENTRY,4266,7958348643699631297,10793421852514650658,14418586845058681535,6209862885161726171,4079,18446744073709551308,18446744073709551309,18446744073709551301,12,11,6,10,18446744073709534638,18446744073709548874,5,0,0,0,0,1,0,0,0,18446744073709551262,18446744073709551262,2165717,12,8103,0,0,0,12,18446744073709544473,18446744073709551030,18446744073709551030,18446744073709551321,13,1,1,6448796002632976483,2,0,5,11197480689422135903,0,3,1,0
PAWN_AUDIT_RESULT,4266,6,6,-575,0,0,-575,0,0,0,0,0
PAWN_AUDIT_ENTRY,4267,10793421852514650658,13323755031806284125,14418586845058681535,7316409173536027735,2915,18446744073709551308,18446744073709551309,18446744073709551301,12,11,6,11,18446744073709537534,18446744073709547758,5,0,0,0,0,1,0,0,0,18446744073709551262,18446744073709551262,2165717,12,8104,0,0,0,10,18446744073709545421,18446744073709551030,174,18446744073709551321,13,1,1,6448796002632976483,2,0,5,11197480689422135903,0,3,1,0
PAWN_AUDIT_RESULT,4267,6,6,-394,0,0,-394,0,0,0,0,0
PAWN_AUDIT_ENTRY,4268,13323755031806284125,14254721955137725797,14418586845058681535,2680993552692492840,3371,18446744073709551308,18446744073709551309,18446744073709551301,12,11,6,12,18446744073709535058,18446744073709548355,5,0,0,0,0,1,0,0,0,18446744073709551262,18446744073709551262,2165717,12,8105,0,0,0,11,18446744073709544664,18446744073709551030,18446744073709551030,18446744073709551321,13,1,1,6448796002632976483,2,0,5,11197480689422135903,0,3,1,0
PAWN_AUDIT_RESULT,4268,6,6,-398,0,0,-398,0,3,3,0,0
PAWN_AUDIT_ENTRY,4277,3386614922528724736,14285306543013305018,4174684497283897901,14373921050070634920,3177,18446744073709551308,18446744073709551309,18446744073709551308,11,10,6,7,18446744073709534550,18446744073709550278,3,0,0,0,0,1,0,4013,0,18446744073709551283,18446744073709551283,18446744073707541086,12,8128,0,0,1,9,18446744073709544433,18446744073709551030,18446744073709551030,18446744073709551324,12,1,1,6448796002632976483,0,0,3,4859957513967909394,0,0,1,0
PAWN_AUDIT_RESULT,4277,6,6,-463,0,0,-463,0,0,0,0,0
PAWN_AUDIT_ENTRY,4278,14285306543013305018,8952126233753265748,4174684497283897901,18014630529213194946,3502,18446744073709551308,18446744073709551309,18446744073709551308,11,10,6,8,18446744073709534550,18446744073709550278,3,0,0,0,0,1,0,4013,0,18446744073709551283,18446744073709551283,18446744073707541086,12,8129,0,0,1,9,18446744073709544433,18446744073709551030,18446744073709551030,18446744073709551324,12,1,1,6448796002632976483,0,0,3,4859957513967909394,0,0,1,0
PAWN_AUDIT_RESULT,4278,6,6,-477,0,0,-477,0,0,0,0,0
PAWN_AUDIT_ENTRY,4279,8952126233753265748,8973658817403424109,4174684497283897901,10409278587449821730,3437,18446744073709551308,18446744073709551309,18446744073709551308,11,10,6,9,18446744073709534554,18446744073709550278,3,0,0,0,0,1,0,4013,0,18446744073709551283,18446744073709551283,18446744073707541086,12,8130,0,0,1,9,18446744073709544435,18446744073709551030,18446744073709551030,18446744073709551324,12,1,1,6448796002632976483,0,0,3,4859957513967909394,0,0,1,0
PAWN_AUDIT_RESULT,4279,6,6,-433,0,0,-433,0,0,0,0,0
PAWN_AUDIT_ENTRY,4280,8973658817403424109,1868737441289477316,4174684497283897901,15114335106583373117,3104,18446744073709551308,18446744073709551309,18446744073709551308,11,10,6,10,18446744073709534550,18446744073709550278,3,0,0,0,0,1,0,4013,0,18446744073709551283,18446744073709551283,18446744073707541086,12,8131,0,0,1,9,18446744073709544433,18446744073709551030,18446744073709551030,18446744073709551324,12,1,1,6448796002632976483,0,0,3,4859957513967909394,0,0,1,0
PAWN_AUDIT_RESULT,4280,6,6,-394,0,0,-394,0,0,0,0,0
PAWN_AUDIT_ENTRY,4281,1868737441289477316,9775109166146368708,4174684497283897901,14913938914611441685,4015,18446744073709551308,18446744073709551309,18446744073709551308,11,10,6,13,18446744073709534655,18446744073709548874,3,0,0,0,0,1,0,4013,0,18446744073709551283,18446744073709551283,18446744073707541086,12,8132,0,0,1,10,18446744073709544481,18446744073709551030,18446744073709551030,18446744073709551324,12,1,1,6448796002632976483,0,0,3,4859957513967909394,0,1,1,0
PAWN_AUDIT_RESULT,4281,6,6,-381,0,0,-381,0,0,0,0,0
PAWN_AUDIT_ENTRY,4322,4234443333961075527,1810799225448536567,4094360091795049426,4351214789075672960,2527,18446744073709551308,18446744073709551309,18446744073709551296,12,11,7,3,18446744073709532892,18446744073709550278,5,0,0,0,0,1,0,0,0,18446744073709551267,18446744073709551267,18446744073706161465,12,8217,0,0,1,9,18446744073709545708,18446744073709549309,18446744073709548623,18446744073709551305,7,1,1,12268545190071650819,0,0,5,4778154540217740269,0,0,1,0
PAWN_AUDIT_RESULT,4322,7,7,-353,0,0,-353,0,6,6,0,0
PAWN_AUDIT_ENTRY,4332,19761254965820546,16862046120377118800,4094360091795049426,14287404461380681815,3177,18446744073709551308,18446744073709551309,18446744073709551308,12,11,4,7,18446744073709534550,18446744073709550278,5,0,0,0,0,1,0,0,0,18446744073709551267,18446744073709551267,18446744073706161465,12,8242,0,0,1,9,18446744073709544433,18446744073709551030,18446744073709551030,18446744073709551305,7,1,1,12268545190071650819,0,0,5,4778154540217740269,0,0,1,0
PAWN_AUDIT_RESULT,4332,4,4,-403,0,0,-403,0,0,0,0,0
PAWN_AUDIT_ENTRY,4333,16862046120377118800,7626227367044066945,4094360091795049426,18103820296690463549,3502,18446744073709551308,18446744073709551309,18446744073709551308,12,11,4,9,18446744073709534550,18446744073709550278,5,0,0,0,0,1,0,0,0,18446744073709551267,18446744073709551267,18446744073706161465,12,8243,0,0,1,9,18446744073709544433,18446744073709551030,18446744073709551030,18446744073709551305,7,1,1,12268545190071650819,0,0,5,4778154540217740269,0,0,1,0
PAWN_AUDIT_RESULT,4333,4,4,-418,0,0,-418,0,0,0,0,0
PAWN_AUDIT_ENTRY,4334,7626227367044066945,10508088155031809672,4094360091795049426,10468701001749879773,3437,18446744073709551308,18446744073709551309,18446744073709551308,12,11,4,10,18446744073709534552,18446744073709550278,5,0,0,0,0,1,0,0,0,18446744073709551267,18446744073709551267,18446744073706161465,12,8244,0,0,1,9,18446744073709544434,18446744073709551030,18446744073709551030,18446744073709551305,7,1,1,12268545190071650819,0,0,5,4778154540217740269,0,0,1,0
PAWN_AUDIT_RESULT,4334,4,4,-438,0,0,-438,0,0,0,0,0
PAWN_AUDIT_ENTRY,4335,10508088155031809672,359174817938024342,4094360091795049426,2576513115573368482,2592,18446744073709551308,18446744073709551309,18446744073709551308,12,11,4,11,18446744073709534741,18446744073709550278,5,0,0,0,0,1,0,0,0,18446744073709551267,18446744073709551267,18446744073706161465,12,8245,0,0,1,9,18446744073709544520,18446744073709551030,18446744073709551030,18446744073709551305,7,1,1,12268545190071650819,0,0,5,4778154540217740269,0,0,1,0
PAWN_AUDIT_RESULT,4335,4,4,-387,0,0,-387,0,0,0,0,0
PAWN_AUDIT_ENTRY,4336,359174817938024342,1849588925005782527,4094360091795049426,170172367725646622,3169,18446744073709551308,18446744073709551309,18446744073709551308,12,11,4,12,18446744073709534763,18446744073709550278,5,0,0,0,0,1,0,0,0,18446744073709551267,18446744073709551267,18446744073706161465,12,8246,0,0,1,9,18446744073709544530,18446744073709551030,18446744073709551030,18446744073709551305,7,1,1,12268545190071650819,0,0,5,4778154540217740269,0,0,1,0
PAWN_AUDIT_RESULT,4336,4,4,-426,0,0,-426,0,0,0,0,0
PAWN_AUDIT_ENTRY,4337,1849588925005782527,7552722133259215652,4094360091795049426,14069007455124971728,4087,18446744073709551308,18446744073709551309,18446744073709551308,12,11,4,14,18446744073709534556,18446744073709548874,5,0,0,0,0,1,0,0,0,18446744073709551267,18446744073709551267,18446744073706161465,12,8247,0,0,1,12,18446744073709544436,18446744073709551030,18446744073709551030,18446744073709551305,7,1,1,12268545190071650819,0,0,5,4778154540217740269,0,1,1,0
PAWN_AUDIT_RESULT,4337,4,4,-618,0,0,-618,0,0,0,0,0
PAWN_AUDIT_ENTRY,4338,7552722133259215652,10733160633123957547,4094360091795049426,2677502232821432070,3429,18446744073709551308,18446744073709551309,18446744073709551308,12,11,3,15,18446744073709531936,18446744073709550278,5,0,0,0,0,1,0,0,0,18446744073709551267,18446744073709551267,18446744073706161465,12,8248,0,0,1,9,18446744073709544485,18446744073709549744,18446744073709549799,18446744073709551305,7,1,1,12268545190071650819,0,0,5,4778154540217740269,0,0,1,0
PAWN_AUDIT_RESULT,4338,3,3,-380,0,0,-380,0,0,0,0,0
PAWN_AUDIT_ENTRY,4339,10733160633123957547,7143461251027152593,4094360091795049426,17279374799315831048,2745,18446744073709551308,18446744073709551309,18446744073709551308,12,11,3,17,18446744073709534550,18446744073709548874,5,0,0,0,0,1,0,0,0,18446744073709551267,18446744073709551267,18446744073706161465,12,8249,0,0,1,10,18446744073709544433,18446744073709551030,18446744073709551030,18446744073709551305,7,1,1,12268545190071650819,0,0,5,4778154540217740269,0,1,1,0
PAWN_AUDIT_RESULT,4339,3,3,-445,0,0,-445,0,0,0,0,0
PAWN_AUDIT_ENTRY,4340,7143461251027152593,7550923489088804606,4094360091795049426,14971539447003161066,4015,18446744073709551308,18446744073709551309,18446744073709551308,12,11,3,18,18446744073709534633,18446744073709548614,5,0,0,0,0,1,0,0,0,18446744073709551267,18446744073709551267,18446744073706161465,12,8250,0,0,1,10,18446744073709544471,18446744073709551030,18446744073709551030,18446744073709551305,7,1,1,12268545190071650819,0,0,5,4778154540217740269,0,1,1,0
PAWN_AUDIT_RESULT,4340,3,3,-360,0,0,-360,0,0,0,0,0
PAWN_AUDIT_ENTRY,4341,7550923489088804606,3725306948828655571,4094360091795049426,3132561777220972651,3353,18446744073709551308,18446744073709551309,18446744073709551308,12,11,3,19,18446744073709534563,18446744073709548874,5,0,0,0,0,1,0,0,0,18446744073709551267,18446744073709551267,18446744073706161465,12,8251,0,0,1,11,18446744073709544439,18446744073709551030,18446744073709551030,18446744073709551305,7,1,1,12268545190071650819,0,0,5,4778154540217740269,0,1,1,0
PAWN_AUDIT_RESULT,4341,3,3,-496,0,0,-496,0,0,0,0,0
PAWN_AUDIT_ENTRY,4342,3725306948828655571,13848331143714222441,4094360091795049426,7248148066097411852,2720,18446744073709551308,18446744073709551309,18446744073709551308,12,11,3,21,18446744073709534719,18446744073709547758,5,0,0,0,0,1,0,0,0,18446744073709551267,18446744073709551267,18446744073706161465,12,8252,0,0,1,10,18446744073709544510,18446744073709551030,18446744073709551030,18446744073709551305,7,1,1,12268545190071650819,0,0,5,4778154540217740269,0,1,1,0
PAWN_AUDIT_RESULT,4342,3,3,-443,0,0,-443,0,0,0,0,0
PAWN_AUDIT_ENTRY,4343,13848331143714222441,8741489683370439871,4094360091795049426,714671954177576578,3901,18446744073709551308,18446744073709551309,18446744073709551308,12,11,3,22,18446744073709534596,18446744073709547758,5,0,0,0,0,1,0,0,0,18446744073709551267,18446744073709551267,18446744073706161465,12,8253,0,0,1,14,18446744073709544454,18446744073709551030,18446744073709551030,18446744073709551305,7,1,1,12268545190071650819,0,0,5,4778154540217740269,0,1,1,0
PAWN_AUDIT_RESULT,4343,3,3,-399,0,0,-399,0,0,0,0,0
PAWN_AUDIT_ENTRY,4352,12492057551383945936,11718732507459320240,3656460333166198804,3895283065523491910,2527,18446744073709551308,18446744073709551309,18446744073709551308,12,11,8,5,18446744073709546828,18446744073709549825,3,0,0,0,0,1,0,2713,0,18446744073709551295,18446744073709551295,18446744073709033107,12,8285,0,0,0,9,18446744073709546652,8609,18446744073709548489,18446744073709551324,13,1,1,6780196862689092937,1,0,3,6938359671718365255,0,0,1,0
PAWN_AUDIT_RESULT,4352,8,8,-370,0,0,-370,0,0,0,0,0
PAWN_AUDIT_ENTRY,4353,11718732507459320240,2620735095075614100,3656460333166198804,14711926462831266705,3177,18446744073709551308,18446744073709551309,18446744073709551308,12,11,6,6,18446744073709534550,18446744073709550278,3,0,0,0,0,1,0,2713,0,18446744073709551295,18446744073709551295,18446744073709033107,12,8286,0,0,0,9,18446744073709544433,18446744073709551030,18446744073709551030,18446744073709551324,13,1,1,6780196862689092937,1,0,3,6938359671718365255,0,0,1,0
PAWN_AUDIT_RESULT,4353,6,6,-402,0,0,-402,0,0,0,0,0
PAWN_AUDIT_ENTRY,4354,2620735095075614100,10647951259620933973,3656460333166198804,17388957980701669627,3502,18446744073709551308,18446744073709551309,18446744073709551308,12,11,6,7,18446744073709534277,18446744073709550278,3,0,0,0,0,1,0,2713,0,18446744073709551295,18446744073709551295,18446744073709033107,12,8287,0,0,0,9,18446744073709544433,18446744073709550782,18446744073709551030,18446744073709551324,13,1,1,6780196862689092937,1,0,3,6938359671718365255,0,0,1,0
PAWN_AUDIT_RESULT,4354,6,6,-387,0,0,-387,0,0,0,0,0
PAWN_AUDIT_ENTRY,4355,10647951259620933973,10750875533717996676,3656460333166198804,11179061941031440411,3437,18446744073709551308,18446744073709551309,18446744073709551308,12,11,6,8,18446744073709534246,18446744073709550278,3,0,0,0,0,1,0,2713,0,18446744073709551295,18446744073709551295,18446744073709033107,12,8288,0,0,0,9,18446744073709544433,18446744073709550754,18446744073709551030,18446744073709551324,13,1,1,6780196862689092937,1,0,3,6938359671718365255,0,0,1,0
PAWN_AUDIT_RESULT,4355,6,6,-436,0,0,-436,0,0,0,0,0
PAWN_AUDIT_ENTRY,4356,10750875533717996676,16314282476638898515,3656460333166198804,8181929504947969707,3494,18446744073709551308,18446744073709551309,18446744073709551308,12,11,6,10,18446744073709538494,18446744073709549624,3,0,0,0,0,1,0,2713,0,18446744073709551295,18446744073709551295,18446744073709033107,12,8289,0,0,0,9,18446744073709544445,1925,498,18446744073709551324,13,1,1,6780196862689092937,1,0,3,6938359671718365255,0,0,1,0
PAWN_AUDIT_RESULT,4356,6,6,-352,0,0,-352,0,0,0,0,0
PAWN_AUDIT_ENTRY,4357,16314282476638898515,3264199382672096669,3656460333166198804,3003285793167244644,2592,18446744073709551308,18446744073709551309,18446744073709551308,12,11,6,11,18446744073709534074,18446744073709549950,3,0,0,0,0,1,0,2713,0,18446744073709551295,18446744073709551295,18446744073709033107,12,8290,0,0,0,9,18446744073709544503,18446744073709550677,18446744073709550804,18446744073709551324,13,1,1,6780196862689092937,1,0,3,6938359671718365255,0,0,1,0
PAWN_AUDIT_RESULT,4357,6,6,-408,0,0,-408,0,0,0,0,0
PAWN_AUDIT_ENTRY,4358,3264199382672096669,15285014927438549664,3656460333166198804,3405895163337618624,3429,18446744073709551308,18446744073709551309,18446744073709551308,12,11,5,12,18446744073709534018,18446744073709549912,3,0,0,0,0,1,0,2713,0,18446744073709551295,18446744073709551295,18446744073709033107,12,8291,0,0,0,9,18446744073709544476,18446744073709550705,18446744073709550778,18446744073709551324,13,1,1,6780196862689092937,1,0,3,6938359671718365255,0,0,1,0
PAWN_AUDIT_RESULT,4358,5,5,-394,0,0,-394,0,0,0,0,0
PAWN_AUDIT_ENTRY,4359,15285014927438549664,496139217474531552,3656460333166198804,16546478293073380046,2745,18446744073709551308,18446744073709551309,18446744073709551308,12,11,5,14,18446744073709534112,18446744073709548874,3,0,0,0,0,1,0,2713,0,18446744073709551295,18446744073709551295,18446744073709033107,12,8292,0,0,0,10,18446744073709544433,18446744073709550632,18446744073709551030,18446744073709551324,13,1,1,6780196862689092937,1,0,3,6938359671718365255,0,2,1,0
PAWN_AUDIT_RESULT,4359,5,5,-414,0,0,-414,0,0,0,0,0
PAWN_AUDIT_ENTRY,4360,496139217474531552,17126187986563813839,3656460333166198804,2383905954173270957,3353,18446744073709551308,18446744073709551309,18446744073709551308,12,11,5,15,18446744073709533847,18446744073709548874,3,0,0,0,0,1,0,2713,0,18446744073709551295,18446744073709551295,18446744073709033107,12,8293,0,0,0,11,18446744073709544437,18446744073709550383,18446744073709551030,18446744073709551324,13,1,1,6780196862689092937,1,0,3,6938359671718365255,0,2,1,0
PAWN_AUDIT_RESULT,4360,5,5,-377,0,0,-377,0,0,0,0,0
PAWN_AUDIT_ENTRY,4361,17126187986563813839,16230800752528048765,3656460333166198804,147821653344836643,3632,18446744073709551308,18446744073709551309,18446744073709551308,12,11,5,16,18446744073709535669,18446744073709547758,3,0,0,0,0,1,0,2713,0,18446744073709551295,18446744073709551295,18446744073709033107,12,8294,0,0,0,12,18446744073709544942,18446744073709551030,18446744073709551030,18446744073709551324,13,1,1,6780196862689092937,1,0,3,6938359671718365255,0,2,1,0
PAWN_AUDIT_RESULT,4361,5,5,-435,0,0,-435,0,0,0,0,0
PAWN_AUDIT_ENTRY,4362,16230800752528048765,2365758778964622842,3656460333166198804,254255296395281732,3901,18446744073709551308,18446744073709551309,18446744073709551308,12,11,5,17,18446744073709534585,18446744073709547931,3,0,0,0,0,1,0,2713,0,18446744073709551295,18446744073709551295,18446744073709033107,12,8295,0,0,0,14,18446744073709544449,18446744073709551030,18446744073709551030,18446744073709551324,13,1,1,6780196862689092937,1,0,3,6938359671718365255,0,2,1,0
PAWN_AUDIT_RESULT,4362,5,5,-365,0,0,-365,0,0,0,0,0
PAWN_AUDIT_ENTRY,4363,2365758778964622842,13891741410251852689,3656460333166198804,590217148967196888,3169,18446744073709551308,18446744073709551309,18446744073709551308,12,11,5,18,18446744073709532855,18446744073709549655,3,0,0,0,0,1,0,2713,0,18446744073709551295,18446744073709551295,18446744073709033107,12,8296,0,0,0,9,18446744073709544510,18446744073709549981,18446744073709550364,18446744073709551324,13,1,1,6780196862689092937,1,0,3,6938359671718365255,0,0,1,0
PAWN_AUDIT_RESULT,4363,5,5,-405,0,0,-405,0,0,0,0,0
PAWN_AUDIT_ENTRY,4364,13891741410251852689,16689902834923074190,3656460333166198804,16110372531078393987,3371,18446744073709551308,18446744073709551309,18446744073709551308,12,11,5,19,18446744073709534483,18446744073709547758,3,0,0,0,0,1,0,2713,0,18446744073709551295,18446744073709551295,18446744073709033107,12,8297,0,0,0,11,18446744073709544628,18446744073709550579,18446744073709551030,18446744073709551324,13,1,1,6780196862689092937,1,0,3,6938359671718365255,0,2,1,0
PAWN_AUDIT_RESULT,4364,5,5,-400,0,0,-400,0,0,0,0,0
PAWN_AUDIT_ENTRY,4365,16689902834923074190,2874472129405950038,3656460333166198804,14507055639233866518,4087,18446744073709551308,18446744073709551309,18446744073709551308,12,11,5,20,18446744073709534554,18446744073709547758,3,0,0,0,0,1,0,2713,0,18446744073709551295,18446744073709551295,18446744073709033107,12,8298,0,0,0,12,18446744073709544435,18446744073709551030,18446744073709551030,18446744073709551324,13,1,1,6780196862689092937,1,0,3,6938359671718365255,0,2,1,0
PAWN_AUDIT_RESULT,4365,5,5,-520,0,0,-520,0,0,0,0,0
PAWN_AUDIT_ENTRY,4366,2874472129405950038,6161357599893774072,3656460333166198804,14243155328148990508,4015,18446744073709551308,18446744073709551309,18446744073709551308,12,11,5,21,18446744073709534633,18446744073709547758,3,0,0,0,0,1,0,2713,0,18446744073709551295,18446744073709551295,18446744073709033107,12,8299,0,0,0,10,18446744073709544471,18446744073709551030,18446744073709551030,18446744073709551324,13,1,1,6780196862689092937,1,0,3,6938359671718365255,0,2,1,0
PAWN_AUDIT_RESULT,4366,5,5,-372,0,0,-372,0,0,0,0,0
PAWN_AUDIT_ENTRY,4367,6161357599893774072,13002285857372632927,3656460333166198804,12707656231751832482,3642,18446744073709551308,18446744073709551309,18446744073709551308,12,11,5,22,18446744073709533656,18446744073709547985,3,0,0,0,0,1,0,2713,0,18446744073709551295,18446744073709551295,18446744073709033107,12,8300,0,0,0,12,18446744073709544435,18446744073709550213,18446744073709551030,18446744073709551324,13,1,1,6780196862689092937,1,0,3,6938359671718365255,0,2,1,0
PAWN_AUDIT_RESULT,4367,5,5,-372,0,0,-372,0,0,0,0,0
PAWN_AUDIT_ENTRY,4526,17683661953817773755,18142894994078381760,15774562661876909706,703904274443350634,528,308,309,305,7,6,1,3,18446744073709550563,5829,6,0,1,0,0,0,0,2154,0,365,365,3870955,13,8578,0,0,0,1,18446744073709548505,18446744073709550384,6692,281,5,2,1,9950175685279727419,0,0,6,9881944972457123622,0,0,1,0
PAWN_AUDIT_RESULT,4526,1,1,278,0,0,278,0,0,0,0,0
PAWN_AUDIT_ENTRY,4528,16509636276461804078,17043330886242382538,15774562661876909706,12702276548854380718,2124,308,309,305,7,6,1,5,18446744073709545551,18446744073709548611,6,0,1,0,0,0,0,2154,0,365,365,3870955,13,8580,0,0,0,3,18446744073709547766,2753,18446744073709551030,281,5,2,1,9950175685279727419,0,0,6,9881944972457123622,0,1,1,0
PAWN_AUDIT_RESULT,4528,1,1,250,0,0,250,0,0,0,0,0
PAWN_AUDIT_ENTRY,4529,17043330886242382538,9638652951825720588,15774562661876909706,10251998043992565166,2117,308,309,305,7,6,1,6,18446744073709539715,18446744073709548455,6,0,1,0,0,0,0,2154,0,365,365,3870955,13,8581,0,0,0,3,18446744073709547632,18446744073709550113,18446744073709550223,281,5,2,1,9950175685279727419,0,0,6,9881944972457123622,0,1,1,0
PAWN_AUDIT_RESULT,4529,1,1,261,0,0,261,0,0,0,0,0
PAWN_AUDIT_ENTRY,4530,9638652951825720588,16395471921444614314,15774562661876909706,17485533468530662136,2136,308,309,305,7,6,1,7,18446744073709532300,18446744073709549832,6,0,1,0,0,0,0,2154,0,365,365,3870955,13,8582,0,0,0,3,18446744073709544480,18446744073709548890,18446744073709551030,281,5,2,1,9950175685279727419,0,0,6,9881944972457123622,0,1,1,0
PAWN_AUDIT_RESULT,4530,1,1,262,0,0,262,0,0,0,0,0
PAWN_AUDIT_ENTRY,4531,16395471921444614314,4981618351489796959,15774562661876909706,15069163291840806042,166,308,309,305,7,6,1,8,18446744073709549556,1483,6,0,1,0,0,0,0,2154,0,365,365,3870955,13,8583,0,0,0,3,233,18446744073709550160,18446744073709550705,281,5,2,1,9950175685279727419,0,0,6,9881944972457123622,0,1,1,0
PAWN_AUDIT_RESULT,4531,1,1,-46,0,0,-46,0,0,0,0,0
PAWN_AUDIT_ENTRY,4532,4981618351489796959,12455160358286221557,15774562661876909706,10569171346265723360,204,308,309,305,7,6,1,9,18446744073709545966,18446744073709550027,6,0,1,0,0,0,0,2154,0,365,365,3870955,13,8584,0,0,0,5,18446744073709549624,18446744073709551030,18446744073709551030,281,5,2,1,9950175685279727419,0,0,6,9881944972457123622,0,1,1,0
PAWN_AUDIT_RESULT,4532,1,1,301,0,0,301,0,0,0,0,0
PAWN_AUDIT_ENTRY,4537,8878791785449458125,17426198726110995527,15774562661876909706,11685120182583993420,1355,308,309,305,7,6,1,14,18446744073709538600,18446744073709550278,6,0,1,0,0,0,0,2154,0,365,365,3870955,13,8594,0,0,0,2,18446744073709546070,794,18446744073709550030,281,5,2,1,9950175685279727419,0,0,6,9881944972457123622,0,1,1,0
PAWN_AUDIT_RESULT,4537,1,1,193,0,0,193,0,0,0,0,0
PAWN_AUDIT_ENTRY,4538,17426198726110995527,7550484637524919487,15774562661876909706,17186743735307178900,1164,308,309,305,7,6,1,15,18446744073709539815,18446744073709548874,6,0,1,0,0,0,0,2154,0,365,365,3870955,13,8595,0,0,0,2,18446744073709546827,18446744073709551030,18446744073709551030,281,5,2,1,9950175685279727419,0,0,6,9881944972457123622,0,1,1,0
PAWN_AUDIT_RESULT,4538,1,1,254,0,0,254,0,0,0,0,0
PAWN_AUDIT_ENTRY,4539,7550484637524919487,17150204896662131281,15774562661876909706,8702867345217021068,536,308,309,305,7,6,1,16,18446744073709536615,18446744073709550278,6,0,1,0,0,0,0,2154,0,365,365,3870955,13,8596,0,0,0,1,18446744073709545372,18446744073709551030,18446744073709551030,281,5,2,1,9950175685279727419,0,0,6,9881944972457123622,0,0,1,0
PAWN_AUDIT_RESULT,4539,1,1,261,0,0,261,0,0,0,0,0
PAWN_AUDIT_ENTRY,4540,17150204896662131281,8168315878779307131,15774562661876909706,1882409465638267729,211,308,309,305,7,6,1,17,18446744073709535896,18446744073709550278,6,0,1,0,0,0,0,2154,0,365,365,3870955,13,8597,0,0,0,5,18446744073709545045,18446744073709551030,18446744073709551030,281,5,2,1,9950175685279727419,0,0,6,9881944972457123622,0,1,1,0
PAWN_AUDIT_RESULT,4540,1,1,232,0,0,232,0,0,0,0,0
PAWN_AUDIT_ENTRY,4541,8168315878779307131,5259369733250563720,15774562661876909706,1643317297438751303,261,308,309,305,7,6,1,18,18446744073709537190,18446744073709549775,6,0,1,0,0,0,0,2154,0,365,365,3870955,13,8598,0,0,0,4,18446744073709545895,18446744073709551030,18446744073709550491,281,5,2,1,9950175685279727419,0,0,6,9881944972457123622,0,1,1,0
PAWN_AUDIT_RESULT,4541,1,1,189,0,0,189,0,0,0,0,0
PAWN_AUDIT_ENTRY,4542,5259369733250563720,5056006184184490964,15774562661876909706,14923694015948848051,148,308,309,305,7,6,1,19,18446744073709536338,18446744073709550278,6,0,1,0,0,0,0,2154,0,365,365,3870955,13,8599,0,0,0,3,18446744073709545246,18446744073709551030,18446744073709551030,281,5,2,1,9950175685279727419,0,0,6,9881944972457123622,0,1,1,0
PAWN_AUDIT_RESULT,4542,1,1,256,0,0,256,0,0,0,0,0
PAWN_AUDIT_ENTRY,4543,5056006184184490964,1028122528083481157,15774562661876909706,2306409181725725013,157,308,309,305,7,6,1,20,18446744073709535845,18446744073709550278,6,0,1,0,0,0,0,2154,0,365,365,3870955,13,8600,0,0,0,3,18446744073709545022,18446744073709551030,18446744073709551030,281,5,2,1,9950175685279727419,0,0,6,9881944972457123622,0,1,1,0
PAWN_AUDIT_RESULT,4543,1,1,284,0,0,284,0,0,0,0,0
PAWN_AUDIT_ENTRY,4544,1028122528083481157,12604245221124221693,15774562661876909706,11112405301941240354,203,308,309,305,7,6,1,21,18446744073709535273,18446744073709550278,6,0,1,0,0,0,0,2154,0,365,365,3870955,13,8601,0,0,0,5,18446744073709544902,18446744073709551030,18446744073709550741,281,5,2,1,9950175685279727419,0,0,6,9881944972457123622,0,1,1,0
PAWN_AUDIT_RESULT,4544,1,1,234,0,0,234,0,0,0,0,0
PAWN_AUDIT_ENTRY,4545,12604245221124221693,17197342430299443896,15774562661876909706,8817067375678386386,1176,308,309,305,7,6,1,22,18446744073709534756,18446744073709550278,6,0,1,0,0,0,0,2154,0,365,365,3870955,13,8602,0,0,0,2,18446744073709544527,18446744073709551030,18446744073709551030,281,5,2,1,9950175685279727419,0,0,6,9881944972457123622,0,1,1,0
PAWN_AUDIT_RESULT,4545,1,1,164,0,0,164,0,0,0,0,0
PAWN_AUDIT_ENTRY,4546,17197342430299443896,16098765577103935774,15774562661876909706,6928840768183582172,391,308,309,305,7,6,1,23,18446744073709534671,18446744073709550278,6,0,1,0,0,0,0,2154,0,365,365,3870955,13,8603,0,0,0,6,18446744073709544488,18446744073709551030,18446744073709551030,281,5,2,1,9950175685279727419,0,0,6,9881944972457123622,0,1,1,0
PAWN_AUDIT_RESULT,4546,1,1,211,0,0,211,0,0,0,0,0
PAWN_AUDIT_ENTRY,4547,16098765577103935774,6650162162613646482,15774562661876909706,4548476511037629940,1375,308,309,305,7,6,1,25,18446744073709534596,18446744073709550278,6,0,1,0,0,0,0,2154,0,365,365,3870955,13,8604,0,0,0,2,18446744073709544454,18446744073709551030,18446744073709551030,281,5,2,1,9950175685279727419,0,0,6,9881944972457123622,0,1,1,0
PAWN_AUDIT_RESULT,4547,1,1,206,0,0,206,0,0,0,0,0
PAWN_AUDIT_TOTAL,4729,2188959678577916158,2749,1
