PAWN_AUDIT_ENTRY,521,7404459813653123393,10707862786735176854,17913676377648418363,17462455770549664794,3929,18446744073709551392,18446744073709551393,18446744073709551386,6,5,1,4,18446744073709534062,18446744073709551109,4,0,1,0,0,0,0,0,1,18446744073709551608,18446744073709551608,11347540,8,973,0,0,0,11,18446744073709545871,18446744073709548058,18446744073709550672,32002,18446744073709551614,0,1,15612587136633976202,1,0,4,12266077766565928272,0,2,1,0
PAWN_AUDIT_RESULT,521,1,1,-250,0,0,-250,0,3,3,0,0
PAWN_AUDIT_ENTRY,522,10707862786735176854,7728863609929902063,17913676377648418363,12345229079561738135,3112,18446744073709551392,18446744073709551393,18446744073709551386,6,5,1,5,18446744073709541846,18446744073709549694,4,0,1,0,0,0,0,0,0,18446744073709551608,18446744073709551608,11347540,8,977,0,0,0,9,18446744073709548054,18446744073709551030,18446744073709550405,32002,18446744073709551614,0,1,15612587136633976202,1,0,4,12266077766565928272,0,0,1,0
PAWN_AUDIT_RESULT,522,1,1,-272,0,0,-272,0,0,0,0,0
PAWN_AUDIT_ENTRY,523,7728863609929902063,8052936301154258432,17913676377648418363,6806594500002513150,3761,18446744073709551392,18446744073709551393,18446744073709551386,6,5,1,6,18446744073709542830,18446744073709548874,4,0,1,0,0,0,0,0,0,18446744073709551608,18446744073709551608,11347540,8,978,0,0,0,11,18446744073709548198,18446744073709551030,18446744073709551030,32002,18446744073709551614,0,1,15612587136633976202,1,0,4,12266077766565928272,0,2,1,0
PAWN_AUDIT_RESULT,523,1,1,-248,0,0,-248,0,0,0,0,0
PAWN_AUDIT_ENTRY,524,8052936301154258432,16912661245727051470,17913676377648418363,9944837793651706954,3567,18446744073709551392,18446744073709551393,18446744073709551386,6,5,1,7,18446744073709537928,18446744073709550278,4,0,1,0,0,0,0,0,0,18446744073709551608,18446744073709551608,11347540,8,979,0,0,0,9,18446744073709545969,18446744073709551030,18446744073709551030,32002,18446744073709551614,0,1,15612587136633976202,1,0,4,12266077766565928272,0,0,1,0
PAWN_AUDIT_RESULT,524,1,1,-227,0,0,-227,0,0,0,0,0
PAWN_AUDIT_ENTRY,525,16912661245727051470,8842626052173785470,17913676377648418363,284397416685646242,3429,18446744073709551392,18446744073709551393,18446744073709551389,6,5,1,8,18446744073709537928,18446744073709550278,4,0,1,0,0,0,0,0,0,18446744073709551608,18446744073709551608,11347540,8,980,0,0,0,9,18446744073709545969,18446744073709551030,18446744073709551030,32002,18446744073709551614,0,1,15612587136633976202,1,0,4,12266077766565928272,0,0,1,0
PAWN_AUDIT_RESULT,525,1,1,-282,0,0,-282,0,0,0,0,0
PAWN_AUDIT_ENTRY,526,8842626052173785470,9542244358519405128,17913676377648418363,7378045849251561166,3559,18446744073709551392,18446744073709551393,18446744073709551389,6,5,1,10,18446744073709537928,18446744073709550278,4,0,1,0,0,0,0,0,0,18446744073709551608,18446744073709551608,11347540,8,981,0,0,0,9,18446744073709545969,18446744073709551030,18446744073709551030,32002,18446744073709551614,0,1,15612587136633976202,1,0,4,12266077766565928272,0,0,1,0
PAWN_AUDIT_ENTRY,527,9542244358519405128,9427906575408293235,7378045849251561166,5731626331347857225,1958,223,224,205,6,5,2,3,18446744073709550340,18446744073709550278,5,0,0,0,0,0,0,0,0,149,169,2978657,8,988,0,0,0,5,18446744073709551613,18446744073709551030,18446744073709551030,149,1,1,1,16618302098852388531,0,0,5,17913676377648418363,0,1,1,0
PAWN_AUDIT_RESULT,527,2,2,120,0,0,120,0,0,0,0,0
PAWN_AUDIT_ENTRY,528,9427906575408293235,15088184774670628580,7378045849251561166,10157159331972378740,1942,223,224,205,6,5,2,4,18446744073709548574,18446744073709550278,5,0,0,0,0,0,0,0,0,149,169,2978657,8,989,0,0,0,5,18446744073709550810,18446744073709551030,18446744073709551030,149,1,1,1,16618302098852388531,0,0,5,17913676377648418363,0,1,1,0
PAWN_AUDIT_RESULT,528,2,2,143,0,0,143,0,0,0,0,0
PAWN_AUDIT_ENTRY,529,15088184774670628580,1178560224506599446,7378045849251561166,18104166592620487782,1923,223,224,205,6,5,1,5,18446744073709547268,18446744073709550278,5,0,0,0,0,0,0,0,0,149,169,2978657,8,990,0,0,0,5,18446744073709550216,18446744073709551030,18446744073709551030,149,1,1,1,16618302098852388531,0,0,5,17913676377648418363,0,1,1,0
PAWN_AUDIT_RESULT,529,1,1,169,0,0,169,0,0,0,0,0
PAWN_AUDIT_ENTRY,530,1178560224506599446,9261201091550471998,7378045849251561166,13568042720576063148,1941,223,224,205,6,5,1,6,18446744073709547244,18446744073709550278,5,0,0,0,0,0,0,0,0,149,169,2978657,8,991,0,0,0,5,18446744073709550205,18446744073709551030,18446744073709551030,149,1,1,1,16618302098852388531,0,0,5,17913676377648418363,0,1,1,0
PAWN_AUDIT_RESULT,530,1,1,171,0,0,171,0,0,0,0,0
PAWN_AUDIT_ENTRY,531,9261201091550471998,9917916747845051187,7378045849251561166,13619313995646919836,1943,223,224,205,6,5,1,7,18446744073709547219,18446744073709550278,5,0,0,0,0,0,0,0,0,149,169,2978657,8,992,0,0,0,5,18446744073709550194,18446744073709551030,18446744073709551030,149,1,1,1,16618302098852388531,0,0,5,17913676377648418363,0,1,1,0
PAWN_AUDIT_RESULT,531,1,1,132,0,0,132,0,0,0,0,0
PAWN_AUDIT_ENTRY,532,9917916747845051187,12749203037915190871,7378045849251561166,4501683949322075518,1949,223,224,205,6,5,1,8,18446744073709547219,18446744073709550278,5,0,0,0,0,0,0,0,0,149,169,2978657,8,993,0,0,0,5,18446744073709550194,18446744073709551030,18446744073709551030,149,1,1,1,16618302098852388531,0,0,5,17913676377648418363,0,1,1,0
PAWN_AUDIT_RESULT,532,1,1,138,0,0,138,0,0,0,0,0
PAWN_AUDIT_ENTRY,534,1366349729057496308,7751050395823554533,7378045849251561166,4969932223018404055,139,223,224,205,6,5,1,10,18446744073709548891,18446744073709550278,5,0,0,0,0,0,0,0,0,149,169,2978657,8,995,0,0,0,3,18446744073709549619,18446744073709551030,2165,149,1,1,1,16618302098852388531,0,0,5,17913676377648418363,0,1,1,0
PAWN_AUDIT_RESULT,534,1,1,126,0,0,126,0,0,0,0,0
PAWN_AUDIT_ENTRY,535,7751050395823554533,8632633340881666675,7378045849251561166,7903527755750933726,166,223,224,205,6,5,1,14,18446744073709547518,18446744073709550278,5,0,0,0,0,0,0,0,0,149,169,2978657,8,996,0,0,0,3,18446744073709550330,18446744073709551030,18446744073709551030,149,1,1,1,16618302098852388531,0,0,5,17913676377648418363,0,1,1,0
PAWN_AUDIT_RESULT,535,1,1,55,0,0,55,0,0,0,0,0
PAWN_AUDIT_ENTRY,536,8632633340881666675,24597889807537982,7378045849251561166,8328571957083603959,148,223,224,205,6,5,1,15,18446744073709547472,18446744073709550278,5,0,0,0,0,0,0,0,0,149,169,2978657,8,997,0,0,0,3,18446744073709550309,18446744073709551030,18446744073709551030,149,1,1,1,16618302098852388531,0,0,5,17913676377648418363,0,1,1,0
PAWN_AUDIT_RESULT,536,1,1,63,0,0,63,0,0,0,0,0
PAWN_AUDIT_ENTRY,537,24597889807537982,10772490544089554130,7378045849251561166,13296240024981761550,259,223,224,205,6,5,1,16,18446744073709547219,18446744073709550278,5,0,0,0,0,0,0,0,0,149,169,2978657,8,998,0,0,0,6,18446744073709550194,18446744073709551030,18446744073709551030,149,1,1,1,16618302098852388531,0,0,5,17913676377648418363,0,1,1,0
PAWN_AUDIT_RESULT,537,1,1,16,0,0,16,0,0,0,0,0
PAWN_AUDIT_ENTRY,538,10772490544089554130,17482992210834440695,7378045849251561166,288786393159029834,267,223,224,205,6,5,1,17,18446744073709547219,18446744073709550278,5,0,0,0,0,0,0,0,0,149,169,2978657,8,999,0,0,0,6,18446744073709550194,18446744073709551030,18446744073709551030,149,1,1,1,16618302098852388531,0,0,5,17913676377648418363,0,1,1,0
PAWN_AUDIT_RESULT,538,1,1,-60,0,0,-60,0,0,0,0,0
PAWN_AUDIT_ENTRY,539,17482992210834440695,14335232743108637291,7378045849251561166,11280556490115082513,157,223,224,205,6,5,1,18,18446744073709546491,18446744073709550278,5,0,0,0,0,0,0,0,0,149,169,2978657,8,1000,0,0,0,3,18446744073709549863,18446744073709551030,18446744073709551030,149,1,1,1,16618302098852388531,0,0,5,17913676377648418363,0,1,1,0
PAWN_AUDIT_RESULT,539,1,1,47,0,0,47,0,0,0,0,0
PAWN_AUDIT_RESULT,526,1,1,-149,1,6,-214,0,1,20,1,1
PAWN_AUDIT_ENTRY,541,103195011110838910,5642413203300606564,12266077766565928272,3991071894520907768,1923,223,224,215,8,7,3,4,18446744073709546527,18446744073709550278,3,0,0,0,0,0,0,0,0,183,183,18446744073703151966,8,1002,0,0,0,5,18446744073709549879,18446744073709551030,18446744073709551030,228,4,1,1,15612587136633976202,0,0,3,12766112257757339680,0,1,1,0
PAWN_AUDIT_RESULT,541,3,3,148,0,0,148,0,0,0,0,0
PAWN_AUDIT_ENTRY,542,5642413203300606564,14695693864558490566,12266077766565928272,4659171445137757162,1942,223,224,215,8,7,3,5,18446744073709546232,18446744073709549484,3,0,0,0,0,0,0,0,0,183,183,18446744073703151966,8,1003,0,0,0,5,18446744073709549745,18446744073709551030,18446744073709551030,228,4,1,1,15612587136633976202,0,0,3,12766112257757339680,0,1,1,0
PAWN_AUDIT_RESULT,542,3,3,168,0,0,168,0,0,0,0,0
PAWN_AUDIT_ENTRY,543,14695693864558490566,10742514303898365870,12266077766565928272,16127881078441184094,1932,223,224,215,8,7,3,6,18446744073709548985,18446744073709548385,3,0,0,0,0,0,0,0,0,183,183,18446744073703151966,8,1004,0,0,0,5,18446744073709550997,18446744073709551030,18446744073709551030,228,4,1,1,15612587136633976202,0,0,3,12766112257757339680,0,1,1,0
PAWN_AUDIT_RESULT,543,3,3,149,0,0,149,0,0,0,0,0
PAWN_AUDIT_ENTRY,544,10742514303898365870,12809381161697840918,12266077766565928272,14163705278068949635,1959,223,224,215,8,7,3,7,18446744073709550340,18446744073709548155,3,0,0,0,0,0,0,0,0,183,183,18446744073703151966,8,1005,0,0,0,5,18446744073709551613,18446744073709551030,18446744073709551030,228,4,1,1,15612587136633976202,0,0,3,12766112257757339680,0,1,1,0
PAWN_AUDIT_RESULT,544,3,3,146,0,0,146,0,0,0,0,0
PAWN_AUDIT_ENTRY,545,12809381161697840918,159592464019741165,12266077766565928272,7324814937745397393,407,223,224,215,8,7,3,8,18446744073709545728,18446744073709550278,3,0,0,0,0,0,0,0,0,183,183,18446744073703151966,8,1006,0,0,0,2,18446744073709549516,18446744073709551030,18446744073709551030,228,4,1,1,15612587136633976202,0,0,3,12766112257757339680,0,1,1,0
PAWN_AUDIT_RESULT,545,3,3,175,0,0,175,0,0,0,0,0
PAWN_AUDIT_ENTRY,546,159592464019741165,1188971638141271037,12266077766565928272,8168488268457821954,1943,223,224,215,8,7,2,9,18446744073709544714,18446744073709548874,3,0,0,0,0,0,0,0,0,183,183,18446744073703151966,8,1007,0,0,0,5,18446744073709549055,18446744073709551030,18446744073709551030,228,4,1,1,15612587136633976202,0,0,3,12766112257757339680,0,1,1,0
PAWN_AUDIT_RESULT,546,2,2,148,0,0,148,0,0,0,0,0
PAWN_AUDIT_ENTRY,547,1188971638141271037,14346055745472251197,12266077766565928272,17448344179204611808,1949,223,224,215,8,7,2,10,18446744073709544794,18446744073709548874,3,0,0,0,0,0,0,0,0,183,183,18446744073703151966,8,1008,0,0,0,5,18446744073709549091,18446744073709551030,18446744073709551030,228,4,1,1,15612587136633976202,0,0,3,12766112257757339680,0,1,1,0
PAWN_AUDIT_RESULT,547,2,2,135,0,0,135,0,0,0,0,0
PAWN_AUDIT_ENTRY,548,14346055745472251197,7733869184206465389,12266077766565928272,8419605937325329808,259,223,224,215,8,7,2,11,18446744073709544714,18446744073709548874,3,0,0,0,0,0,0,0,0,183,183,18446744073703151966,8,1009,0,0,0,6,18446744073709549055,18446744073709551030,18446744073709551030,228,4,1,1,15612587136633976202,0,0,3,12766112257757339680,0,1,1,0
PAWN_AUDIT_RESULT,548,2,2,88,0,0,88,0,0,0,0,0
PAWN_AUDIT_ENTRY,549,7733869184206465389,13387841338598977819,12266077766565928272,4041881330965742015,593,223,224,215,8,7,2,13,18446744073709543714,18446744073709550278,3,0,0,0,0,0,0,0,0,183,183,18446744073703151966,8,1010,0,0,0,1,18446744073709548600,18446744073709551030,18446744073709551030,228,4,1,1,15612587136633976202,0,0,3,12766112257757339680,0,0,1,0
PAWN_AUDIT_RESULT,549,2,2,174,0,0,174,0,0,0,0,0
PAWN_AUDIT_ENTRY,550,13387841338598977819,1292778939007829865,12266077766565928272,8076809906765129010,1941,223,224,215,8,7,2,14,18446744073709546621,18446744073709548061,3,0,0,0,0,0,0,0,0,183,183,18446744073703151966,8,1011,0,0,0,5,18446744073709549922,18446744073709551030,18446744073709551030,228,4,1,1,15612587136633976202,0,0,3,12766112257757339680,0,1,1,0
PAWN_AUDIT_RESULT,550,2,2,149,0,0,149,0,0,0,0,0
PAWN_AUDIT_ENTRY,551,1292778939007829865,1866129692094606702,12266077766565928272,9445036164463572827,709,223,224,215,8,7,2,15,18446744073709544114,18446744073709549647,3,0,0,0,0,0,0,0,0,183,183,18446744073703151966,8,1012,0,0,0,2,18446744073709548782,18446744073709551030,18446744073709551030,228,4,1,1,15612587136633976202,0,0,3,12766112257757339680,0,1,1,0
PAWN_AUDIT_RESULT,551,2,2,144,0,0,144,0,0,0,0,0
PAWN_AUDIT_ENTRY,552,1866129692094606702,3308749034013779830,12266077766565928272,15844307997693892779,658,223,224,215,8,7,1,16,18446744073709541541,18446744073709550278,3,0,0,0,0,0,0,0,0,183,183,18446744073703151966,8,1013,0,0,0,1,18446744073709547612,18446744073709551030,18446744073709551030,228,4,1,1,15612587136633976202,0,0,3,12766112257757339680,0,0,1,0
PAWN_AUDIT_RESULT,552,1,1,161,0,0,161,0,0,0,0,0
PAWN_AUDIT_ENTRY,553,3308749034013779830,15869892607807400397,12266077766565928272,9441264579258087935,1,223,224,215,8,7,2,21,18446744073709542539,18446744073709549897,3,0,0,0,0,0,0,0,0,183,183,18446744073703151966,8,1014,0,0,0,4,18446744073709548066,18446744073709551030,18446744073709551030,228,4,1,1,15612587136633976202,0,0,3,12766112257757339680,0,1,1,0
PAWN_AUDIT_RESULT,553,2,2,163,0,0,163,0,0,0,0,0
PAWN_AUDIT_ENTRY,554,15869892607807400397,12996121583584858890,12266077766565928272,8725610623955233200,528,223,224,215,8,7,2,23,18446744073709543275,18446744073709550026,3,0,0,0,0,0,0,0,0,183,183,18446744073703151966,8,1015,0,0,0,1,18446744073709548544,18446744073709550743,18446744073709551030,228,4,1,1,15612587136633976202,0,0,3,12766112257757339680,0,0,1,0
PAWN_AUDIT_RESULT,554,2,2,165,0,0,165,0,0,0,0,0
PAWN_AUDIT_ENTRY,555,12996121583584858890,2304152922093967803,12266077766565928272,11029069299996526105,853,223,224,215,8,7,1,24,18446744073709542008,18446744073709550052,3,0,0,0,0,0,0,0,0,183,183,18446744073703151966,8,1016,0,0,0,1,18446744073709547950,18446744073709550779,18446744073709551030,228,4,1,1,15612587136633976202,0,0,3,12766112257757339680,0,0,1,0
PAWN_AUDIT_RESULT,555,1,1,79,0,0,79,0,0,0,0,0
PAWN_AUDIT_ENTRY,556,2304152922093967803,12683940417846482416,12266077766565928272,3953599847181357297,983,223,224,215,8,7,2,25,18446744073709542726,18446744073709550278,3,0,0,0,0,0,0,0,0,183,183,18446744073703151966,8,1017,0,0,0,1,18446744073709548151,18446744073709551030,18446744073709551030,228,4,1,1,15612587136633976202,0,0,3,12766112257757339680,0,0,1,0
PAWN_AUDIT_RESULT,556,2,2,179,0,0,179,0,0,0,0,0
PAWN_AUDIT_ENTRY,557,12683940417846482416,15475417104715949861,12266077766565928272,8553429260110001594,991,223,224,215,8,7,2,30,18446744073709545071,18446744073709549508,3,0,0,0,0,0,0,0,0,183,183,18446744073703151966,8,1018,0,0,0,1,18446744073709549731,18446744073709550002,18446744073709551030,228,4,1,1,15612587136633976202,0,0,3,12766112257757339680,0,0,1,0
PAWN_AUDIT_RESULT,557,2,2,195,0,0,195,0,0,0,0,0
PAWN_AUDIT_ENTRY,558,15475417104715949861,9298700973073953683,12266077766565928272,15202673987877371798,725,223,224,215,8,7,2,31,18446744073709545243,18446744073709548518,3,0,0,0,0,0,0,0,0,183,183,18446744073703151966,8,1019,0,0,0,2,18446744073709549754,18446744073709550113,18446744073709551030,228,4,1,1,15612587136633976202,0,0,3,12766112257757339680,0,1,1,0
PAWN_AUDIT_RESULT,558,2,2,153,0,0,153,0,0,0,0,0
PAWN_AUDIT_ENTRY,559,9298700973073953683,17267433555371759108,12266077766565928272,4474879178407986182,396,223,224,215,8,7,2,32,18446744073709546434,18446744073709549422,3,0,0,0,0,0,0,0,0,183,183,18446744073703151966,8,1020,0,0,0,2,18446744073709550413,18446744073709549878,18446744073709551030,228,4,1,1,15612587136633976202,0,0,3,12766112257757339680,0,1,1,0
PAWN_AUDIT_RESULT,559,2,2,205,0,0,205,0,0,0,0,0
PAWN_AUDIT_ENTRY,560,17267433555371759108,12305649143410426621,12266077766565928272,11818045950013305347,405,223,224,215,8,7,2,33,18446744073709546475,18446744073709547733,3,0,0,0,0,0,0,0,0,183,183,18446744073703151966,8,1021,0,0,0,2,18446744073709550314,18446744073709550113,18446744073709551030,228,4,1,1,15612587136633976202,0,0,3,12766112257757339680,0,1,1,0
PAWN_AUDIT_RESULT,560,2,2,183,0,0,183,0,0,0,0,0
PAWN_AUDIT_ENTRY,768,14962072125066604631,7901736502913805976,15828480294089334478,11775062797879999496,725,286,287,283,6,5,1,2,18446744073709548740,18446744073709551105,5,0,1,0,0,0,0,324,0,296,296,610659,8,1327,0,0,0,2,18446744073709549808,749,259,273,5,2,1,13862688173940149393,0,0,5,7175934500048600089,0,1,1,0
PAWN_AUDIT_RESULT,768,1,1,306,1,5,289,0,2,13,1,1
PAWN_AUDIT_ENTRY,834,614866935543093316,16598054418390275792,11764256427223326382,6451629688095912133,797,309,310,309,6,5,3,2,18446744073709546586,18446744073709550429,3,0,1,0,0,1,0,49415,0,299,299,18446744073706985603,8,1425,0,0,0,2,18446744073709549906,18446744073709551030,18446744073709551030,287,6,2,1,15612587136633976202,0,0,3,13281259528774018014,0,1,1,0
PAWN_AUDIT_RESULT,834,3,3,285,0,0,285,0,0,0,0,0
PAWN_AUDIT_ENTRY,835,16598054418390275792,8239494660924601773,11764256427223326382,8193994295887052181,790,309,310,309,6,5,2,3,18446744073709544648,18446744073709550016,3,0,1,0,0,1,0,49415,0,299,299,18446744073706985603,8,1426,0,0,0,2,18446744073709549025,18446744073709551030,18446744073709551030,287,6,2,1,15612587136633976202,0,0,3,13281259528774018014,0,1,1,0
PAWN_AUDIT_RESULT,835,2,2,268,0,0,268,0,0,0,0,0
PAWN_AUDIT_ENTRY,837,13314822096523613046,12079167041789385106,11764256427223326382,17429209388395023813,721,309,310,309,6,5,2,6,18446744073709542733,18446744073709549457,3,0,1,0,0,1,0,49415,0,299,299,18446744073706985603,8,1428,0,0,0,2,18446744073709548157,182,18446744073709550233,287,6,2,1,15612587136633976202,0,0,3,13281259528774018014,0,1,1,0
PAWN_AUDIT_RESULT,837,2,2,256,0,0,256,0,0,0,0,0
PAWN_AUDIT_ENTRY,838,12079167041789385106,7619204414463468114,11764256427223326382,3991071894520907768,774,309,310,309,6,5,2,7,18446744073709544714,18446744073709548874,3,0,1,0,0,1,0,49415,0,299,299,18446744073706985603,8,1429,0,0,0,2,18446744073709549055,18446744073709551030,18446744073709551030,287,6,2,1,15612587136633976202,0,0,3,13281259528774018014,0,1,1,0
PAWN_AUDIT_RESULT,838,2,2,210,0,0,210,0,0,0,0,0
PAWN_AUDIT_ENTRY,839,7619204414463468114,16651474613737438932,11764256427223326382,3561628218945765953,593,309,310,309,6,5,1,8,18446744073709542104,18446744073709550278,3,0,1,0,0,1,0,49415,0,299,299,18446744073706985603,8,1430,0,0,0,1,18446744073709547868,18446744073709551030,18446744073709551030,287,6,2,1,15612587136633976202,0,0,3,13281259528774018014,0,0,1,0
PAWN_AUDIT_RESULT,839,1,1,265,0,0,265,0,0,0,0,0
PAWN_AUDIT_ENTRY,840,16651474613737438932,5616608697925098375,11764256427223326382,10892551169565477808,786,309,310,309,6,5,2,9,18446744073709542828,18446744073709549081,3,0,1,0,0,1,0,49415,0,299,299,18446744073706985603,8,1431,0,0,0,2,18446744073709548197,18446744073709551030,18446744073709551030,287,6,2,1,15612587136633976202,0,0,3,13281259528774018014,0,1,1,0
PAWN_AUDIT_RESULT,840,2,2,243,0,0,243,0,0,0,0,0
PAWN_AUDIT_ENTRY,841,5616608697925098375,9035345027220062499,11764256427223326382,15175053166188616533,658,309,310,309,6,5,1,10,18446744073709540441,18446744073709550278,3,0,1,0,0,1,0,49415,0,299,299,18446744073706985603,8,1432,0,0,0,1,18446744073709547112,18446744073709551030,18446744073709551030,287,6,2,1,15612587136633976202,0,0,3,13281259528774018014,0,0,1,0
PAWN_AUDIT_RESULT,841,1,1,263,0,0,263,0,0,0,0,0
PAWN_AUDIT_ENTRY,842,9035345027220062499,9224525224247175017,11764256427223326382,5344703726618405448,918,309,310,309,6,5,1,11,18446744073709539918,18446744073709550278,3,0,1,0,0,1,0,49415,0,299,299,18446744073706985603,8,1433,0,0,0,1,18446744073709546874,18446744073709551030,18446744073709551030,287,6,2,1,15612587136633976202,0,0,3,13281259528774018014,0,0,1,0
PAWN_AUDIT_RESULT,842,1,1,239,0,0,239,0,0,0,0,0
PAWN_AUDIT_ENTRY,843,9224525224247175017,3725250179373810076,11764256427223326382,5062049015514130586,666,309,310,309,6,5,1,12,18446744073709540008,18446744073709550278,3,0,1,0,0,1,0,49415,0,299,299,18446744073706985603,8,1434,0,0,0,1,18446744073709546915,18446744073709551030,18446744073709551030,287,6,2,1,15612587136633976202,0,0,3,13281259528774018014,0,0,1,0
PAWN_AUDIT_RESULT,843,1,1,261,0,0,261,0,0,0,0,0
PAWN_AUDIT_ENTRY,930,8200379808836962883,3641568927717007974,15154755491019188977,12161052973051583396,3833,18446744073709551327,18446744073709551328,18446744073709551274,6,5,2,3,18446744073709547701,18446744073709549614,8,0,0,0,0,0,0,0,0,18446744073709551244,18446744073709551244,18446744073709288570,9,1602,0,0,1,13,18446744073709550413,18446744073709551030,18446744073709551030,18446744073709551248,0,1,1,15612587136633976202,0,0,8,3260979750444830308,0,1,1,0
PAWN_AUDIT_RESULT,930,2,2,-349,0,0,-349,0,0,0,0,0
PAWN_AUDIT_ENTRY,931,3641568927717007974,16297131321960270875,15154755491019188977,10424773980568818326,3834,18446744073709551327,18446744073709551328,18446744073709551274,6,5,1,4,18446744073709547250,18446744073709549734,8,0,0,0,0,0,0,0,0,18446744073709551244,18446744073709551244,18446744073709288570,9,1603,0,0,1,13,18446744073709550208,18446744073709551030,18446744073709551030,18446744073709551248,0,1,1,15612587136633976202,0,0,8,3260979750444830308,0,1,1,0
PAWN_AUDIT_RESULT,931,1,1,-343,0,0,-343,0,0,0,0,0
PAWN_AUDIT_ENTRY,932,16297131321960270875,9629810587983387543,15154755491019188977,3513156230428576379,2722,18446744073709551327,18446744073709551328,18446744073709551274,6,5,1,5,18446744073709542616,18446744073709550278,8,0,0,0,0,0,0,0,0,18446744073709551244,18446744073709551244,18446744073709288570,9,1604,0,0,1,9,18446744073709548101,18446744073709551030,18446744073709551030,18446744073709551248,0,1,1,15612587136633976202,0,0,8,3260979750444830308,0,0,1,0
PAWN_AUDIT_RESULT,932,1,1,-443,0,0,-443,0,0,0,0,0
PAWN_AUDIT_ENTRY,936,4855589438095526552,11644471285846979417,7396624064883650661,2619594172707735554,3834,18446744073709551327,18446744073709551328,18446744073709551276,6,5,1,4,18446744073709547015,18446744073709549864,10,0,0,0,0,0,0,0,0,18446744073709551235,18446744073709551235,18446744073708414133,9,1613,0,0,1,13,18446744073709550101,18446744073709551030,18446744073709551030,18446744073709551265,1,1,1,13862688173940149393,0,0,10,6438434537007239294,0,1,1,0
PAWN_AUDIT_RESULT,936,1,1,-360,0,0,-360,0,0,0,0,0
PAWN_AUDIT_ENTRY,937,11644471285846979417,10537984890220350249,7396624064883650661,2031733152901562672,3833,18446744073709551327,18446744073709551328,18446744073709551276,6,5,1,5,18446744073709547156,18446744073709549701,10,0,0,0,0,0,0,0,0,18446744073709551235,18446744073709551235,18446744073708414133,9,1614,0,0,1,13,18446744073709550165,18446744073709551030,18446744073709551030,18446744073709551265,1,1,1,13862688173940149393,0,0,10,6438434537007239294,0,1,1,0
PAWN_AUDIT_RESULT,937,1,1,-363,0,0,-363,0,0,0,0,0
PAWN_AUDIT_ENTRY,946,5207012777139221090,2317679597167890882,17658756992174537776,17983054636733436973,1552,18446744073709551327,18446744073709551328,18446744073709551322,8,7,3,3,18446744073709550340,18446744073709550278,8,0,0,0,0,0,0,0,0,18446744073709551314,18446744073709551322,18446744073708205898,9,1626,0,0,0,9,18446744073709551613,18446744073709551030,18446744073709551030,18446744073709551314,3,1,1,13862688173940149393,1,0,8,4121986240042303741,0,0,1,0
PAWN_AUDIT_RESULT,946,3,3,-309,0,0,-309,0,0,0,0,0
PAWN_AUDIT_ENTRY,947,2317679597167890882,16679421637546088005,17658756992174537776,1054750102787584678,2593,18446744073709551327,18446744073709551328,18446744073709551322,8,7,2,4,18446744073709546142,18446744073709549755,8,0,0,0,0,0,0,0,0,18446744073709551314,18446744073709551322,18446744073708205898,9,1627,0,0,0,11,18446744073709549704,18446744073709551030,18446744073709551030,18446744073709551314,3,1,1,13862688173940149393,1,0,8,4121986240042303741,0,2,1,0
PAWN_AUDIT_RESULT,947,2,2,-319,0,0,-319,0,0,0,0,0
PAWN_AUDIT_ENTRY,948,16679421637546088005,863809323564702244,17658756992174537776,6433408250075083105,2586,18446744073709551327,18446744073709551328,18446744073709551322,8,7,1,5,18446744073709546788,18446744073709549342,8,0,0,0,0,0,0,0,0,18446744073709551314,18446744073709551322,18446744073708205898,9,1628,0,0,0,11,18446744073709549998,18446744073709551030,18446744073709551030,18446744073709551314,3,1,1,13862688173940149393,1,0,8,4121986240042303741,0,2,1,0
PAWN_AUDIT_RESULT,948,1,1,-341,0,0,-341,0,0,0,0,0
PAWN_AUDIT_ENTRY,949,863809323564702244,15319805848277485935,17658756992174537776,13253034376210498647,3834,18446744073709551327,18446744073709551328,18446744073709551322,8,7,1,6,18446744073709546060,18446744073709549353,8,0,0,0,0,0,0,0,0,18446744073709551314,18446744073709551322,18446744073708205898,9,1629,0,0,0,13,18446744073709549667,18446744073709551030,18446744073709551030,18446744073709551314,3,1,1,13862688173940149393,1,0,8,4121986240042303741,0,2,1,0
PAWN_AUDIT_RESULT,949,1,1,-324,0,0,-324,0,0,0,0,0
PAWN_AUDIT_ENTRY,950,15319805848277485935,13300140231782018241,17658756992174537776,10341598455283699045,3833,18446744073709551327,18446744073709551328,18446744073709551322,8,7,1,7,18446744073709546016,18446744073709549113,8,0,0,0,0,0,0,0,0,18446744073709551314,18446744073709551322,18446744073708205898,9,1630,0,0,0,13,18446744073709549647,18446744073709551030,18446744073709551030,18446744073709551314,3,1,1,13862688173940149393,1,0,8,4121986240042303741,0,2,1,0
PAWN_AUDIT_RESULT,950,1,1,-329,0,0,-329,0,0,0,0,0
PAWN_AUDIT_ENTRY,951,13300140231782018241,14840580166490196246,17658756992174537776,7590598046073607628,2609,18446744073709551327,18446744073709551328,18446744073709551322,8,7,1,8,18446744073709547219,18446744073709548493,8,0,0,0,0,0,0,0,0,18446744073709551314,18446744073709551322,18446744073708205898,9,1631,0,0,0,11,18446744073709550194,18446744073709551030,18446744073709551030,18446744073709551314,3,1,1,13862688173940149393,1,0,8,4121986240042303741,0,2,1,0
PAWN_AUDIT_RESULT,951,1,1,-364,0,0,-364,0,0,0,0,0
PAWN_AUDIT_ENTRY,952,14840580166490196246,18437984848999655986,17658756992174537776,1693701754270391482,2722,18446744073709551327,18446744073709551328,18446744073709551322,8,7,1,9,18446744073709541022,18446744073709550278,8,0,0,0,0,0,0,0,0,18446744073709551314,18446744073709551322,18446744073708205898,9,1632,0,0,0,9,18446744073709547376,18446744073709551030,18446744073709551030,18446744073709551314,3,1,1,13862688173940149393,1,0,8,4121986240042303741,0,0,1,0
PAWN_AUDIT_RESULT,952,1,1,-331,0,0,-331,0,0,0,0,0
PAWN_AUDIT_ENTRY,953,18437984848999655986,17603930781866784198,17658756992174537776,8020295706722615493,2618,18446744073709551327,18446744073709551328,18446744073709551322,8,7,1,10,18446744073709544987,18446744073709548874,8,0,0,0,0,0,0,0,0,18446744073709551314,18446744073709551322,18446744073708205898,9,1633,0,0,0,11,18446744073709549179,18446744073709551030,18446744073709551030,18446744073709551314,3,1,1,13862688173940149393,1,0,8,4121986240042303741,0,2,1,0
PAWN_AUDIT_RESULT,953,1,1,-361,0,0,-361,0,0,0,0,0
PAWN_AUDIT_ENTRY,961,5394042422346072974,7213061161589955891,9297743261046137386,2303033074999005919,3559,18446744073709551327,18446744073709551328,18446744073709551323,8,7,1,4,18446744073709535533,18446744073709551607,6,0,0,0,0,0,0,0,0,18446744073709551330,18446744073709551363,18446744073707879041,9,1645,0,0,0,9,18446744073709544880,18446744073709551030,18446744073709551030,18446744073709551330,2,1,1,15612587136633976202,3,0,6,4746014142235836573,0,0,1,0
PAWN_AUDIT_RESULT,961,1,1,-319,0,0,-319,0,0,0,0,0
PAWN_AUDIT_ENTRY,962,7213061161589955891,17000285964025466402,9297743261046137386,14120057358893488717,3834,18446744073709551327,18446744073709551328,18446744073709551323,8,7,2,5,18446744073709545442,18446744073709549613,6,0,0,0,0,0,0,0,0,18446744073709551330,18446744073709551363,18446744073707879041,9,1646,0,0,0,13,18446744073709549386,18446744073709551030,18446744073709551030,18446744073709551330,2,1,1,15612587136633976202,3,0,6,4746014142235836573,0,4,1,0
PAWN_AUDIT_RESULT,962,2,2,-300,0,0,-300,0,0,0,0,0
PAWN_AUDIT_ENTRY,963,17000285964025466402,18155826556222885339,9297743261046137386,7176913797713740448,2722,18446744073709551327,18446744073709551328,18446744073709551323,8,7,1,6,18446744073709540466,18446744073709550278,6,0,0,0,0,0,0,0,0,18446744073709551330,18446744073709551363,18446744073707879041,9,1647,0,0,0,9,18446744073709547123,18446744073709551030,18446744073709551030,18446744073709551330,2,1,1,15612587136633976202,3,0,6,4746014142235836573,0,0,1,0
PAWN_AUDIT_RESULT,963,1,1,-297,0,0,-297,0,0,0,0,0
PAWN_AUDIT_ENTRY,964,18155826556222885339,7095173497991343391,9297743261046137386,3265311355508830075,2586,18446744073709551327,18446744073709551328,18446744073709551323,8,7,2,7,18446744073709543628,18446744073709548578,6,0,0,0,0,0,0,0,0,18446744073709551330,18446744073709551363,18446744073707879041,9,1648,0,0,0,11,18446744073709548561,18446744073709551030,18446744073709551030,18446744073709551330,2,1,1,15612587136633976202,3,0,6,4746014142235836573,0,4,1,0
PAWN_AUDIT_RESULT,964,2,2,-321,0,0,-321,0,0,0,0,0
PAWN_AUDIT_ENTRY,965,7095173497991343391,17544682054593697330,9297743261046137386,18130371524069430143,3833,18446744073709551327,18446744073709551328,18446744073709551323,8,7,2,8,18446744073709545137,18446744073709549348,6,0,0,0,0,0,0,0,0,18446744073709551330,18446744073709551363,18446744073707879041,9,1649,0,0,0,13,18446744073709549247,18446744073709551030,18446744073709551030,18446744073709551330,2,1,1,15612587136633976202,3,0,6,4746014142235836573,0,4,1,0
PAWN_AUDIT_RESULT,965,2,2,-303,0,0,-303,0,0,0,0,0
PAWN_AUDIT_ENTRY,966,17544682054593697330,10299812353705636052,9297743261046137386,8843803538398653628,2593,18446744073709551327,18446744073709551328,18446744073709551323,8,7,2,9,18446744073709544633,18446744073709548243,6,0,0,0,0,0,0,0,0,18446744073709551330,18446744073709551363,18446744073707879041,9,1650,0,0,0,11,18446744073709549018,18446744073709551030,18446744073709551030,18446744073709551330,2,1,1,15612587136633976202,3,0,6,4746014142235836573,0,4,1,0
PAWN_AUDIT_RESULT,966,2,2,-312,0,0,-312,0,0,0,0,0
PAWN_AUDIT_ENTRY,967,10299812353705636052,8621222665649604762,9297743261046137386,1969596568665792223,2618,18446744073709551327,18446744073709551328,18446744073709551323,8,7,1,10,18446744073709542924,18446744073709549027,6,0,0,0,0,0,0,0,0,18446744073709551330,18446744073709551363,18446744073707879041,9,1651,0,0,0,11,18446744073709548241,18446744073709551030,18446744073709551030,18446744073709551330,2,1,1,15612587136633976202,3,0,6,4746014142235836573,0,4,1,0
PAWN_AUDIT_RESULT,967,1,1,-345,0,0,-345,0,0,0,0,0
PAWN_AUDIT_ENTRY,968,8621222665649604762,10628812026344202794,9297743261046137386,2112049015314975702,2609,18446744073709551327,18446744073709551328,18446744073709551323,8,7,2,11,18446744073709544714,18446744073709547404,6,0,0,0,0,0,0,0,0,18446744073709551330,18446744073709551363,18446744073707879041,9,1652,0,0,0,11,18446744073709549055,18446744073709551030,18446744073709551030,18446744073709551330,2,1,1,15612587136633976202,3,0,6,4746014142235836573,0,4,1,0
PAWN_AUDIT_RESULT,968,2,2,-346,0,0,-346,0,0,0,0,0
PAWN_AUDIT_ENTRY,969,10628812026344202794,11259076435599414385,9297743261046137386,8511725477730846738,4015,18446744073709551327,18446744073709551328,18446744073709551323,8,7,1,13,18446744073709535669,18446744073709550278,6,0,0,0,0,0,0,0,0,18446744073709551330,18446744073709551363,18446744073707879041,9,1653,0,0,0,10,18446744073709544942,18446744073709551030,18446744073709551030,18446744073709551330,2,1,1,15612587136633976202,3,0,6,4746014142235836573,0,4,1,0
PAWN_AUDIT_RESULT,969,1,1,-316,0,0,-316,0,0,0,0,0
PAWN_AUDIT_ENTRY,970,11259076435599414385,2491107939225791459,9297743261046137386,4686924775344156495,4020,18446744073709551327,18446744073709551328,18446744073709551323,8,7,1,14,18446744073709535669,18446744073709550278,6,0,0,0,0,0,0,0,0,18446744073709551330,18446744073709551363,18446744073707879041,9,1654,0,0,0,10,18446744073709544942,18446744073709551030,18446744073709551030,18446744073709551330,2,1,1,15612587136633976202,3,0,6,4746014142235836573,0,4,1,0
PAWN_AUDIT_RESULT,970,1,1,-287,1,6,-283,0,2,18,1,1
PAWN_AUDIT_ENTRY,984,2720802425347700300,3139569258102702832,4746014142235836573,7152156193792341636,139,288,289,283,7,6,2,2,18446744073709544220,233,5,0,1,0,0,1,0,49415,0,284,214,2257456,9,1673,0,0,0,3,18446744073709549096,18446744073709550703,18446744073709550819,284,3,2,1,15612587136633976202,2,0,5,15816759713749171304,0,3,1,0
PAWN_AUDIT_RESULT,984,2,2,239,0,0,239,0,0,0,0,0
PAWN_AUDIT_ENTRY,985,3139569258102702832,217587784737615190,4746014142235836573,13481236688464260854,797,288,289,283,7,6,2,3,18446744073709549273,18446744073709549250,5,0,1,0,0,1,0,49415,0,284,214,2257456,9,1674,0,0,0,2,18446744073709550456,18446744073709551355,463,284,3,2,1,15612587136633976202,2,0,5,15816759713749171304,0,3,1,0
PAWN_AUDIT_RESULT,985,2,2,241,0,0,241,0,0,0,0,0
PAWN_AUDIT_ENTRY,986,217587784737615190,17856587854178000103,4746014142235836573,11337535616029157495,991,288,289,283,7,6,1,5,18446744073709546247,18446744073709549508,5,0,1,0,0,1,0,49415,0,284,214,2257456,9,1675,0,0,0,1,18446744073709549752,18446744073709551030,18446744073709551030,284,3,2,1,15612587136633976202,2,0,5,15816759713749171304,0,0,1,0
PAWN_AUDIT_RESULT,986,1,1,258,0,0,258,0,0,0,0,0
PAWN_AUDIT_ENTRY,987,17856587854178000103,8972110476267864627,4746014142235836573,5338973046971841165,166,288,289,283,7,6,1,6,18446744073709544448,18446744073709549611,5,0,1,0,0,1,0,49415,0,284,214,2257456,9,1676,0,0,0,3,18446744073709548934,18446744073709551030,18446744073709551030,284,3,2,1,15612587136633976202,2,0,5,15816759713749171304,0,3,1,0
PAWN_AUDIT_RESULT,987,1,1,237,0,0,237,0,0,0,0,0
PAWN_AUDIT_ENTRY,988,8972110476267864627,12840509222739339134,4746014142235836573,5757504848580931534,1350,288,289,283,7,6,1,8,18446744073709544714,18446744073709548874,5,0,1,0,0,1,0,49415,0,284,214,2257456,9,1677,0,0,0,2,18446744073709549055,18446744073709551030,18446744073709551030,284,3,2,1,15612587136633976202,2,0,5,15816759713749171304,0,3,1,0
PAWN_AUDIT_RESULT,988,1,1,201,0,0,201,0,0,0,0,0
PAWN_AUDIT_ENTRY,1031,1311396350219394711,5259772178881500970,8670544562523647675,9410330484580810960,797,288,289,288,7,6,1,3,18446744073709547891,18446744073709550278,3,0,1,0,0,0,0,0,0,361,361,18446744073706929464,9,1754,0,0,0,2,18446744073709550915,18446744073709551030,18446744073709550174,32002,18446744073709551613,0,0,7155558057702101814,2,0,3,13281259528774018014,0,3,1,0
PAWN_AUDIT_RESULT,1031,1,1,291,1,5,285,0,2,24,0,0
PAWN_AUDIT_ENTRY,1047,3226007991442480425,603152788112872007,8670544562523647675,3093976427659951568,721,288,289,288,7,6,1,4,18446744073709549132,1304,3,0,1,0,0,0,0,0,0,361,361,18446744073706929464,9,1779,0,0,0,2,18446744073709551420,18446744073709551312,18446744073709550005,32002,18446744073709551613,0,0,7155558057702101814,2,0,3,13281259528774018014,0,3,1,0
PAWN_AUDIT_ENTRY,1064,14393305273779436182,5121131651710066252,3093976427659951568,12974377334558625061,3559,18446744073709551327,18446744073709551328,18446744073709551327,6,5,1,3,18446744073709541950,18446744073709550278,4,0,0,0,0,0,0,0,0,18446744073709551253,18446744073709551253,9912936,9,1812,0,0,0,9,18446744073709544704,5602,18446744073709551030,18446744073709551310,2,1,1,7155558057702101814,3,0,4,8670544562523647675,0,0,1,0
PAWN_AUDIT_RESULT,1064,1,1,-348,0,0,-348,0,0,0,0,0
PAWN_AUDIT_ENTRY,1065,5121131651710066252,6017429854375572893,3093976427659951568,16930005513778245813,3390,18446744073709551327,18446744073709551328,18446744073709551327,6,5,1,4,18446744073709544315,18446744073709550278,4,0,0,0,0,0,0,0,0,18446744073709551253,18446744073709551253,9912936,9,1813,0,0,0,10,18446744073709549105,18446744073709551030,18446744073709550553,18446744073709551310,2,1,1,7155558057702101814,3,0,4,8670544562523647675,0,4,1,0
PAWN_AUDIT_RESULT,1065,1,1,-393,0,0,-393,0,0,0,0,0
PAWN_AUDIT_ENTRY,1066,6017429854375572893,9034878979571607743,3093976427659951568,281448276768857996,4094,18446744073709551327,18446744073709551328,18446744073709551327,6,5,1,5,18446744073709543832,18446744073709550278,4,0,0,0,0,0,0,0,0,18446744073709551253,18446744073709551253,9912936,9,1814,0,0,0,12,18446744073709548862,18446744073709551030,18446744073709550601,18446744073709551310,2,1,1,7155558057702101814,3,0,4,8670544562523647675,0,4,1,0
PAWN_AUDIT_RESULT,1066,1,1,-408,0,0,-408,0,0,0,0,0
PAWN_AUDIT_ENTRY,1067,9034878979571607743,1422162085185996431,3093976427659951568,13477349390083519391,3374,18446744073709551327,18446744073709551328,18446744073709551327,6,5,1,6,18446744073709543290,18446744073709550278,4,0,0,0,0,0,0,0,0,18446744073709551253,18446744073709551253,9912936,9,1815,0,0,0,10,18446744073709548665,18446744073709551030,18446744073709550499,18446744073709551310,2,1,1,7155558057702101814,3,0,4,8670544562523647675,0,4,1,0
PAWN_AUDIT_RESULT,1067,1,1,-317,0,0,-317,0,0,0,0,0
PAWN_AUDIT_RESULT,1047,1,1,306,1,6,289,0,2,36,1,1
PAWN_AUDIT_ENTRY,1159,16008989723552637113,3682050940432478864,11787467322429518204,1826158854508661290,391,300,301,292,6,5,1,4,18446744073709536540,1859,5,0,1,0,0,0,0,0,0,288,296,18446744073707541634,9,1950,0,0,0,6,18446744073709546821,18446744073709549519,18446744073709549531,288,5,1,1,15612587136633976202,2,0,5,7175934500048600089,0,3,1,0
PAWN_AUDIT_RESULT,1159,1,1,255,0,0,255,0,0,0,0,0
PAWN_AUDIT_ENTRY,1161,8025410677326518027,9061574904197997110,11787467322429518204,6439792270408228631,797,300,301,292,6,5,1,6,18446744073709548159,18446744073709550142,5,0,1,0,0,0,0,0,0,288,296,18446744073707541634,9,1952,0,0,0,2,18446744073709550182,18446744073709550365,1004,288,5,1,1,15612587136633976202,2,0,5,7175934500048600089,0,3,1,0
PAWN_AUDIT_RESULT,1161,1,1,280,0,0,280,0,0,0,0,0
PAWN_AUDIT_ENTRY,1162,9061574904197997110,8292912377588508016,11787467322429518204,8169702973170225735,790,300,301,292,6,5,1,8,18446744073709544396,18446744073709549549,5,0,1,0,0,0,0,0,0,288,296,18446744073707541634,9,1953,0,0,0,2,18446744073709548910,18446744073709551030,18446744073709551030,288,5,1,1,15612587136633976202,2,0,5,7175934500048600089,0,3,1,0
PAWN_AUDIT_RESULT,1162,1,1,283,0,0,283,0,0,0,0,0
PAWN_AUDIT_ENTRY,1163,8292912377588508016,14749912239635642742,11787467322429518204,3583464564662611347,593,300,301,292,6,5,1,9,18446744073709542095,18446744073709550278,5,0,1,0,0,0,0,0,0,288,296,18446744073707541634,9,1954,0,0,0,1,18446744073709547864,18446744073709551030,18446744073709551030,288,5,1,1,15612587136633976202,2,0,5,7175934500048600089,0,0,1,0
PAWN_AUDIT_RESULT,1163,1,1,274,0,0,274,0,0,0,0,0
PAWN_AUDIT_ENTRY,1164,14749912239635642742,3852243388673668710,11787467322429518204,4571894365913201885,983,300,301,292,6,5,1,10,18446744073709540908,18446744073709550278,5,0,1,0,0,0,0,0,0,288,296,18446744073707541634,9,1955,0,0,0,1,18446744073709547324,18446744073709551030,18446744073709551030,288,5,1,1,15612587136633976202,2,0,5,7175934500048600089,0,0,1,0
PAWN_AUDIT_RESULT,1164,1,1,276,0,0,276,0,0,0,0,0
PAWN_AUDIT_ENTRY,1165,3852243388673668710,13162815738742163762,11787467322429518204,15154306547682243719,658,300,301,292,6,5,1,11,18446744073709539815,18446744073709550278,5,0,1,0,0,0,0,0,0,288,296,18446744073707541634,9,1956,0,0,0,1,18446744073709546827,18446744073709551030,18446744073709551030,288,5,1,1,15612587136633976202,2,0,5,7175934500048600089,0,0,1,0
PAWN_AUDIT_RESULT,1165,1,1,270,0,0,270,0,0,0,0,0
PAWN_AUDIT_ENTRY,1166,13162815738742163762,10654510325946495451,11787467322429518204,14231712742403837624,1,300,301,292,6,5,1,12,18446744073709540276,18446744073709549784,5,0,1,0,0,0,0,0,0,288,296,18446744073707541634,9,1957,0,0,0,4,18446744073709547037,18446744073709551030,18446744073709551030,288,5,1,1,15612587136633976202,2,0,5,7175934500048600089,0,3,1,0
PAWN_AUDIT_RESULT,1166,1,1,268,0,0,268,0,0,0,0,0
PAWN_AUDIT_ENTRY,1181,14053523699499278114,3491268858735413718,14242330651877664789,4570361578888742526,797,289,290,265,6,5,2,3,18446744073709550002,18446744073709550142,9,0,0,0,0,0,0,0,0,216,216,18446744073708639886,9,1989,0,0,0,2,18446744073709550170,18446744073709551355,1736,289,0,1,1,15612587136633976202,6,0,9,6916330404871640288,0,7,1,0
PAWN_AUDIT_RESULT,1181,2,2,264,0,0,264,0,5,5,0,0
PAWN_AUDIT_ENTRY,1182,3491268858735413718,283574392022233671,14242330651877664789,1680703332735208238,790,289,290,265,6,5,1,5,18446744073709544994,18446744073709549549,9,0,0,0,0,0,0,0,0,216,216,18446744073708639886,9,1995,0,0,0,2,18446744073709549182,18446744073709551030,18446744073709551030,289,0,1,1,15612587136633976202,6,0,9,6916330404871640288,0,7,1,0
PAWN_AUDIT_RESULT,1182,1,1,310,1,5,285,0,5,10,0,0
PAWN_AUDIT_ENTRY,1211,11432901882969754161,9336026169508783328,10655235870864222253,5716544259661742279,991,289,290,285,8,7,1,4,18446744073709550562,18446744073709549508,7,0,0,0,0,0,0,0,0,255,255,18446744073708100566,9,2042,0,0,0,1,498,18446744073709551030,18446744073709550206,279,2,1,1,15612587136633976202,4,0,7,17381232025299542551,0,0,1,0
PAWN_AUDIT_RESULT,1211,1,1,190,0,0,190,0,0,0,0,0
PAWN_AUDIT_ENTRY,1212,9336026169508783328,7274049100769150489,10655235870864222253,7571891771983922758,797,289,290,285,8,7,1,5,18446744073709545549,428,7,0,0,0,0,0,0,0,0,255,255,18446744073708100566,9,2043,0,0,0,2,18446744073709549218,18446744073709551463,18446744073709551030,279,2,1,1,15612587136633976202,4,0,7,17381232025299542551,0,5,1,0
PAWN_AUDIT_RESULT,1212,1,1,272,0,0,272,0,0,0,0,0
PAWN_AUDIT_ENTRY,1213,7274049100769150489,16441052668831837243,10655235870864222253,2962715771863520123,391,289,290,285,8,7,1,6,18446744073709538231,1859,7,0,0,0,0,0,0,0,0,255,255,18446744073708100566,9,2044,0,0,0,6,18446744073709546594,18446744073709551030,18446744073709550026,279,2,1,1,15612587136633976202,4,0,7,17381232025299542551,0,5,1,0
PAWN_AUDIT_RESULT,1213,1,1,233,0,0,233,0,0,0,0,0
PAWN_AUDIT_ENTRY,1214,16441052668831837243,17355641113712782772,10655235870864222253,4695814120210991894,790,289,290,285,8,7,1,7,18446744073709551408,1820,7,0,0,0,0,0,0,0,0,255,255,18446744073708100566,9,2045,0,0,0,2,6,18446744073709551385,30,279,2,1,1,15612587136633976202,4,0,7,17381232025299542551,0,5,1,0
PAWN_AUDIT_RESULT,1214,1,1,289,0,0,289,0,0,0,0,0
PAWN_AUDIT_ENTRY,1216,3275467370683347266,7651904319272277403,10655235870864222253,1096870816885155212,983,289,290,289,8,7,1,10,18446744073709540888,18446744073709550278,7,0,0,0,0,0,0,0,0,255,255,18446744073708100566,9,2047,0,0,0,1,18446744073709547315,18446744073709551030,18446744073709551030,279,2,1,1,15612587136633976202,4,0,7,17381232025299542551,0,0,1,0
PAWN_AUDIT_RESULT,1216,1,1,252,0,0,252,0,0,0,0,0
PAWN_AUDIT_ENTRY,1217,7651904319272277403,8976207353914731222,10655235870864222253,15204908827660840069,203,289,290,289,8,7,1,12,18446744073709542814,18446744073709548951,7,0,0,0,0,0,0,0,0,255,255,18446744073708100566,9,2048,0,0,0,5,18446744073709548191,18446744073709551030,18446744073709551030,279,2,1,1,15612587136633976202,4,0,7,17381232025299542551,0,5,1,0
PAWN_AUDIT_RESULT,1217,1,1,233,0,0,233,0,0,0,0,0
PAWN_AUDIT_ENTRY,1218,8976207353914731222,6755980562446339166,10655235870864222253,5992647147143513590,211,289,290,289,8,7,1,13,18446744073709544976,18446744073709547964,7,0,0,0,0,0,0,0,0,255,255,18446744073708100566,9,2049,0,0,0,5,18446744073709549174,18446744073709551030,18446744073709551030,279,2,1,1,15612587136633976202,4,0,7,17381232025299542551,0,5,1,0
PAWN_AUDIT_RESULT,1218,1,1,235,0,0,235,0,0,0,0,0
PAWN_AUDIT_ENTRY,1219,6755980562446339166,2156012816534967869,10655235870864222253,16286307088849366486,658,289,290,289,8,7,1,14,18446744073709539652,18446744073709550278,7,0,0,0,0,0,0,0,0,255,255,18446744073708100566,9,2050,0,0,0,1,18446744073709546753,18446744073709551030,18446744073709551030,279,2,1,1,15612587136633976202,4,0,7,17381232025299542551,0,0,1,0
PAWN_AUDIT_RESULT,1219,1,1,246,0,0,246,0,0,0,0,0
PAWN_AUDIT_ENTRY,1220,2156012816534967869,15964578296959702741,10655235870864222253,7581672901950767090,157,289,290,289,8,7,1,15,18446744073709542238,18446744073709549074,7,0,0,0,0,0,0,0,0,255,255,18446744073708100566,9,2051,0,0,0,3,18446744073709547929,18446744073709551030,18446744073709551030,279,2,1,1,15612587136633976202,4,0,7,17381232025299542551,0,5,1,0
PAWN_AUDIT_RESULT,1220,1,1,238,0,0,238,0,0,0,0,0
PAWN_AUDIT_ENTRY,1221,15964578296959702741,814698810134017556,10655235870864222253,4679596867688848589,528,289,290,289,8,7,1,16,18446744073709540083,18446744073709550026,7,0,0,0,0,0,0,0,0,255,255,18446744073708100566,9,2052,0,0,0,1,18446744073709546949,18446744073709551030,18446744073709551030,279,2,1,1,15612587136633976202,4,0,7,17381232025299542551,0,0,1,0
PAWN_AUDIT_RESULT,1221,1,1,255,0,0,255,0,0,0,0,0
PAWN_AUDIT_ENTRY,1222,814698810134017556,146679357088406268,10655235870864222253,3599301918633822763,536,289,290,289,8,7,1,17,18446744073709539183,18446744073709550278,7,0,0,0,0,0,0,0,0,255,255,18446744073708100566,9,2053,0,0,0,1,18446744073709546540,18446744073709551030,18446744073709551030,279,2,1,1,15612587136633976202,4,0,7,17381232025299542551,0,0,1,0
PAWN_AUDIT_RESULT,1222,1,1,264,0,0,264,0,0,0,0,0
PAWN_AUDIT_ENTRY,1223,146679357088406268,13060931433543984326,10655235870864222253,13942288950336715590,1099,289,290,289,8,7,1,18,18446744073709544059,18446744073709548063,7,0,0,0,0,0,0,0,0,255,255,18446744073708100566,9,2054,0,0,0,2,18446744073709549202,18446744073709551030,18446744073709550113,279,2,1,1,15612587136633976202,4,0,7,17381232025299542551,0,5,1,0
PAWN_AUDIT_RESULT,1223,1,1,-1,0,0,-1,0,0,0,0,0
PAWN_AUDIT_ENTRY,1304,15422457819041069900,7973194959471914404,18401841948811083869,3909287188647471610,1120,295,296,273,7,6,4,4,18446744073709545686,18446744073709548194,5,0,0,0,0,1,0,0,0,218,218,2991214,9,2205,0,0,0,2,18446744073709549497,18446744073709551030,18446744073709551030,274,3,1,1,13862688173940149393,0,0,5,5142122724787659402,0,1,1,0
PAWN_AUDIT_RESULT,1304,4,4,218,0,0,218,0,0,0,0,0
PAWN_AUDIT_ENTRY,1313,7318817658896588204,12418213219249358752,18401841948811083869,7564057749857112241,724,295,296,273,7,6,2,9,18446744073709547219,18446744073709548874,5,0,0,0,0,1,0,0,0,218,218,2991214,9,2222,0,0,0,3,18446744073709550194,18446744073709551030,18446744073709551030,274,3,1,1,13862688173940149393,0,0,5,5142122724787659402,0,1,1,0
PAWN_AUDIT_RESULT,1313,2,2,155,0,0,155,0,0,0,0,0
PAWN_AUDIT_ENTRY,1314,12418213219249358752,8481737496158362446,18401841948811083869,3530643010900773788,407,295,296,273,7,6,2,10,18446744073709543912,18446744073709550278,5,0,0,0,0,1,0,0,0,218,218,2991214,9,2223,0,0,0,2,18446744073709548690,18446744073709551030,18446744073709551030,274,3,1,1,13862688173940149393,0,0,5,5142122724787659402,0,1,1,0
PAWN_AUDIT_RESULT,1314,2,2,215,0,0,215,0,0,0,0,0
PAWN_AUDIT_ENTRY,1315,8481737496158362446,15283993242245955814,18401841948811083869,2587959981277391031,991,295,296,273,7,6,2,11,18446744073709544827,18446744073709550278,5,0,0,0,0,1,0,0,0,218,218,2991214,9,2224,0,0,0,1,18446744073709549106,18446744073709551030,18446744073709551030,274,3,1,1,13862688173940149393,0,0,5,5142122724787659402,0,0,1,0
PAWN_AUDIT_RESULT,1315,2,2,209,0,0,209,0,0,0,0,0
PAWN_AUDIT_ENTRY,1323,17388008871083898411,2544624141999820762,7332097423084754067,17429209388395023813,396,295,296,287,9,8,5,3,18446744073709547894,18446744073709547748,3,0,0,0,0,1,0,139,0,276,283,708148,9,2241,0,0,0,2,823,18446744073709548849,18446744073709549283,276,5,1,1,15612587136633976202,0,0,3,9138749270250121699,0,1,1,0
PAWN_AUDIT_RESULT,1323,5,5,277,0,0,277,0,7,7,0,0
PAWN_AUDIT_ENTRY,1329,3443536389373303720,7850005112316208097,7332097423084754067,7780858215041203136,405,295,296,287,9,8,3,6,18446744073709548465,18446744073709549161,3,0,0,0,0,1,0,139,0,276,283,708148,9,2250,0,0,0,2,18446744073709551539,18446744073709550193,18446744073709550288,276,5,1,1,15612587136633976202,0,0,3,9138749270250121699,0,1,1,0
PAWN_AUDIT_RESULT,1329,3,3,275,0,0,275,0,15,15,0,0
PAWN_AUDIT_ENTRY,1332,17821938659410277504,12079330684387325896,7332097423084754067,8084465220326959530,148,295,296,287,9,8,3,7,18446744073709542091,18446744073709549612,3,0,0,0,0,1,0,139,0,276,283,708148,9,2266,0,0,0,3,18446744073709547862,18446744073709551030,18446744073709551030,276,5,1,1,15612587136633976202,0,0,3,9138749270250121699,0,1,1,0
PAWN_AUDIT_RESULT,1332,3,3,263,0,0,263,0,0,0,0,0
PAWN_AUDIT_ENTRY,1333,12079330684387325896,8296289404951958526,7332097423084754067,550912398796324375,267,295,296,287,9,8,2,8,18446744073709542704,18446744073709548874,3,0,0,0,0,1,0,139,0,276,283,708148,9,2267,0,0,0,6,18446744073709548141,18446744073709551030,18446744073709551030,276,5,1,1,15612587136633976202,0,0,3,9138749270250121699,0,1,1,0
PAWN_AUDIT_RESULT,1333,2,2,130,0,0,130,0,0,0,0,0
PAWN_AUDIT_ENTRY,1334,8296289404951958526,10871015001786142574,7332097423084754067,11468508835755344716,157,295,296,287,9,8,2,9,18446744073709541673,18446744073709548643,3,0,0,0,0,1,0,139,0,276,283,708148,9,2268,0,0,0,3,18446744073709547672,18446744073709551030,18446744073709551030,276,5,1,1,15612587136633976202,0,0,3,9138749270250121699,0,1,1,0
PAWN_AUDIT_RESULT,1334,2,2,246,0,0,246,0,0,0,0,0
PAWN_AUDIT_ENTRY,1335,10871015001786142574,3580436172052788739,7332097423084754067,11904702133312026952,211,295,296,287,9,8,2,11,18446744073709544048,18446744073709547546,3,0,0,0,0,1,0,139,0,276,283,708148,9,2269,0,0,0,5,18446744073709548752,18446744073709551030,18446744073709551030,276,5,1,1,15612587136633976202,0,0,3,9138749270250121699,0,1,1,0
PAWN_AUDIT_RESULT,1335,2,2,210,0,0,210,0,0,0,0,0
PAWN_AUDIT_ENTRY,1336,3580436172052788739,6287874349060237830,7332097423084754067,17953328756277123378,983,295,296,287,9,8,2,12,18446744073709540789,18446744073709550278,3,0,0,0,0,1,0,139,0,276,283,708148,9,2270,0,0,0,1,18446744073709547270,18446744073709551030,18446744073709551030,276,5,1,1,15612587136633976202,0,0,3,9138749270250121699,0,0,1,0
PAWN_AUDIT_RESULT,1336,2,2,234,0,0,234,0,0,0,0,0
PAWN_AUDIT_ENTRY,1337,6287874349060237830,17335987526185932192,7332097423084754067,2674407369768063035,203,295,296,287,9,8,2,13,18446744073709542016,18446744073709548398,3,0,0,0,0,1,0,139,0,276,283,708148,9,2271,0,0,0,5,18446744073709547828,18446744073709551030,18446744073709551030,276,5,1,1,15612587136633976202,0,0,3,9138749270250121699,0,1,1,0
PAWN_AUDIT_RESULT,1337,2,2,220,0,0,220,0,0,0,0,0
PAWN_AUDIT_ENTRY,1338,17335987526185932192,13602230283429094873,7332097423084754067,5548178983198879804,1,295,296,287,9,8,2,14,18446744073709540048,18446744073709549784,3,0,0,0,0,1,0,139,0,276,283,708148,9,2272,0,0,0,4,18446744073709546933,18446744073709551030,18446744073709551030,276,5,1,1,15612587136633976202,0,0,3,9138749270250121699,0,1,1,0
PAWN_AUDIT_RESULT,1338,2,2,228,0,0,228,0,0,0,0,0
PAWN_AUDIT_ENTRY,1339,13602230283429094873,16347169110537343346,7332097423084754067,6266243653510434778,853,295,296,287,9,8,1,16,18446744073709539253,18446744073709550052,3,0,0,0,0,1,0,139,0,276,283,708148,9,2273,0,0,0,1,18446744073709546697,18446744073709550779,18446744073709551030,276,5,1,1,15612587136633976202,0,0,3,9138749270250121699,0,0,1,0
PAWN_AUDIT_RESULT,1339,1,1,186,0,0,186,0,0,0,0,0
PAWN_AUDIT_ENTRY,1340,16347169110537343346,7896697733221704176,7332097423084754067,12276798426912825170,407,295,296,287,9,8,2,17,18446744073709542678,18446744073709548163,3,0,0,0,0,1,0,139,0,276,283,708148,9,2274,0,0,0,2,18446744073709548129,18446744073709551030,18446744073709551030,276,5,1,1,15612587136633976202,0,0,3,9138749270250121699,0,1,1,0
PAWN_AUDIT_RESULT,1340,2,2,264,0,0,264,0,0,0,0,0
PAWN_AUDIT_ENTRY,1341,7896697733221704176,10448503649808633794,7332097423084754067,3991071894520907768,1099,295,296,287,9,8,2,21,18446744073709544413,18446744073709548063,3,0,0,0,0,1,0,139,0,276,283,708148,9,2275,0,0,0,2,18446744073709549363,18446744073709551030,18446744073709550113,276,5,1,1,15612587136633976202,0,0,3,9138749270250121699,0,1,1,0
PAWN_AUDIT_RESULT,1341,2,2,199,0,0,199,0,0,0,0,0
PAWN_AUDIT_ENTRY,1449,9980756265217107085,12284126663557121718,5919680717368404817,566205314935637558,2415,18446744073709551326,18446744073709551327,18446744073709551270,7,6,3,2,18446744073709547219,18446744073709550278,8,0,0,0,0,0,0,0,0,18446744073709551218,18446744073709551218,18446744073709380616,10,2433,0,0,1,10,18446744073709550194,18446744073709551030,18446744073709551030,18446744073709551327,0,1,1,3619664611334409215,0,0,8,8184914657592048771,0,1,1,0
PAWN_AUDIT_RESULT,1449,3,3,-506,0,0,-506,0,0,0,0,0
PAWN_AUDIT_ENTRY,1450,12284126663557121718,3817095768322421614,5919680717368404817,3517140619665006955,2420,18446744073709551326,18446744073709551327,18446744073709551270,7,6,2,3,18446744073709539114,18446744073709550278,8,0,0,0,0,0,0,0,0,18446744073709551218,18446744073709551218,18446744073709380616,10,2434,0,0,1,10,18446744073709546964,18446744073709551030,18446744073709550091,18446744073709551327,0,1,1,3619664611334409215,0,0,8,8184914657592048771,0,1,1,0
PAWN_AUDIT_RESULT,1450,2,2,-446,0,0,-446,0,0,0,0,0
PAWN_AUDIT_ENTRY,1452,4153885605207068981,631446005249820369,5919680717368404817,12733737828073409499,2722,18446744073709551326,18446744073709551327,18446744073709551275,7,6,1,6,18446744073709540120,18446744073709550278,8,0,0,0,0,0,0,0,0,18446744073709551218,18446744073709551218,18446744073709380616,10,2437,0,0,1,9,18446744073709546966,18446744073709551030,18446744073709551030,18446744073709551327,0,1,1,3619664611334409215,0,0,8,8184914657592048771,0,0,1,0
PAWN_AUDIT_ENTRY,1456,1960433671595737463,8422587064606558217,12733737828073409499,8761675197205979772,2065,289,290,281,6,5,1,5,18446744073709549882,18446744073709550278,9,0,1,0,0,0,0,0,0,266,266,18446744073709083778,10,2446,0,0,0,2,18446744073709551613,18446744073709550613,18446744073709551030,277,2,1,1,8097256920112804025,0,0,9,5919680717368404817,0,1,1,0
PAWN_AUDIT_RESULT,1456,1,1,256,0,0,256,0,0,0,0,0
PAWN_AUDIT_ENTRY,1457,8422587064606558217,14828751654842888318,12733737828073409499,7080416816344410336,790,289,290,281,6,5,1,6,18446744073709543683,18446744073709550278,9,0,1,0,0,0,0,0,0,266,266,18446744073709083778,10,2447,0,0,0,2,18446744073709548586,18446744073709551030,18446744073709551030,277,2,1,1,8097256920112804025,0,0,9,5919680717368404817,0,1,1,0
PAWN_AUDIT_RESULT,1457,1,1,228,0,0,228,0,0,0,0,0
PAWN_AUDIT_ENTRY,1458,14828751654842888318,4811342828463123081,12733737828073409499,6259331078054556623,2,289,290,281,6,5,1,7,18446744073709544774,18446744073709550278,9,0,1,0,0,0,0,0,0,266,266,18446744073709083778,10,2448,0,0,0,4,18446744073709549082,18446744073709551030,18446744073709551030,277,2,1,1,8097256920112804025,0,0,9,5919680717368404817,0,1,1,0
PAWN_AUDIT_RESULT,1458,1,1,226,0,0,226,0,0,0,0,0
PAWN_AUDIT_ENTRY,1459,4811342828463123081,8412036479491224465,12733737828073409499,8209883170470804470,770,289,290,281,6,5,1,8,18446744073709544714,18446744073709550278,9,0,1,0,0,0,0,0,0,266,266,18446744073709083778,10,2449,0,0,0,2,18446744073709549055,18446744073709551030,18446744073709551030,277,2,1,1,8097256920112804025,0,0,9,5919680717368404817,0,1,1,0
PAWN_AUDIT_RESULT,1459,1,1,168,0,0,168,0,0,0,0,0
PAWN_AUDIT_ENTRY,1460,8412036479491224465,10535986842531586804,12733737828073409499,10532786529916272066,706,289,290,281,6,5,1,9,18446744073709544714,18446744073709550278,9,0,1,0,0,0,0,0,0,266,266,18446744073709083778,10,2450,0,0,0,3,18446744073709549055,18446744073709551030,18446744073709551030,277,2,1,1,8097256920112804025,0,0,9,5919680717368404817,0,1,1,0
PAWN_AUDIT_RESULT,1460,1,1,87,0,0,87,0,0,0,0,0
PAWN_AUDIT_ENTRY,1461,10535986842531586804,10277037944820491011,12733737828073409499,515434149278919437,722,289,290,281,6,5,1,10,18446744073709544714,18446744073709550278,9,0,1,0,0,0,0,0,0,266,266,18446744073709083778,10,2451,0,0,0,3,18446744073709549055,18446744073709551030,18446744073709551030,277,2,1,1,8097256920112804025,0,0,9,5919680717368404817,0,1,1,0
PAWN_AUDIT_RESULT,1461,1,1,224,0,0,224,0,0,0,0,0
PAWN_AUDIT_ENTRY,1462,10277037944820491011,511193742182047972,12733737828073409499,14426818410156503505,733,289,290,281,6,5,1,12,18446744073709544714,18446744073709550278,9,0,1,0,0,0,0,0,0,266,266,18446744073709083778,10,2452,0,0,0,3,18446744073709549055,18446744073709551030,18446744073709551030,277,2,1,1,8097256920112804025,0,0,9,5919680717368404817,0,1,1,0
PAWN_AUDIT_RESULT,1462,1,1,138,0,0,138,0,0,0,0,0
PAWN_AUDIT_ENTRY,1463,511193742182047972,6363269003890467412,12733737828073409499,3095832551868465723,193,289,290,281,6,5,1,13,18446744073709544714,18446744073709550278,9,0,1,0,0,0,0,0,0,266,266,18446744073709083778,10,2453,0,0,0,5,18446744073709549055,18446744073709551030,18446744073709551030,277,2,1,1,8097256920112804025,0,0,9,5919680717368404817,0,1,1,0
PAWN_AUDIT_RESULT,1463,1,1,165,0,0,165,0,0,0,0,0
PAWN_AUDIT_ENTRY,1464,6363269003890467412,2479598954359371519,12733737828073409499,1392301448918060414,194,289,290,281,6,5,1,14,18446744073709544714,18446744073709550278,9,0,1,0,0,0,0,0,0,266,266,18446744073709083778,10,2454,0,0,0,5,18446744073709549055,18446744073709551030,18446744073709551030,277,2,1,1,8097256920112804025,0,0,9,5919680717368404817,0,1,1,0
PAWN_AUDIT_RESULT,1464,1,1,191,0,0,191,0,0,0,0,0
PAWN_AUDIT_ENTRY,1465,2479598954359371519,12596016053373625517,12733737828073409499,11628626507858358769,2090,289,290,281,6,5,1,15,18446744073709547219,18446744073709548874,9,0,1,0,0,0,0,0,0,266,266,18446744073709083778,10,2455,0,0,0,2,18446744073709550194,18446744073709551030,18446744073709551030,277,2,1,1,8097256920112804025,0,0,9,5919680717368404817,0,1,1,0
PAWN_AUDIT_RESULT,1465,1,1,189,0,0,189,0,0,0,0,0
PAWN_AUDIT_ENTRY,1466,12596016053373625517,4678854728280009900,12733737828073409499,5367324243419178416,797,289,290,281,6,5,1,16,18446744073709542856,18446744073709550278,9,0,1,0,0,0,0,0,0,266,266,18446744073709083778,10,2456,0,0,0,2,18446744073709548210,18446744073709551030,18446744073709551030,277,2,1,1,8097256920112804025,0,0,9,5919680717368404817,0,1,1,0
PAWN_AUDIT_RESULT,1466,1,1,211,0,0,211,0,0,0,0,0
PAWN_AUDIT_RESULT,1452,1,1,-277,1,7,-281,0,4,19,1,1
PAWN_AUDIT_ENTRY,1473,4944655149611847193,5497059166229619136,9677563689184546980,11340160762638990653,2399,18446744073709551326,18446744073709551327,18446744073709551282,8,7,2,6,18446744073709546113,18446744073709549541,8,0,0,0,0,0,0,0,0,18446744073709550986,18446744073709550986,2483976,10,2468,0,0,1,10,18446744073709550136,18446744073709551030,18446744073709550113,18446744073709551222,2,1,1,3619664611334409215,0,0,8,8184914657592048771,0,1,1,0
PAWN_AUDIT_RESULT,1473,2,2,-440,0,0,-440,0,0,0,0,0
PAWN_AUDIT_ENTRY,1475,11101017564177843309,16240770774371114876,9677563689184546980,2022342156229323857,3752,18446744073709551326,18446744073709551327,18446744073709551282,8,7,3,9,18446744073709549943,18446744073709550278,8,0,0,0,0,0,0,0,0,18446744073709550986,18446744073709550986,2483976,10,2470,0,0,1,11,18446744073709551434,18446744073709551030,18446744073709551027,18446744073709551222,2,1,1,3619664611334409215,0,0,8,8184914657592048771,0,1,1,0
PAWN_AUDIT_RESULT,1475,3,3,-398,0,0,-398,0,0,0,0,0
PAWN_AUDIT_ENTRY,1476,16240770774371114876,5708515756343518695,9677563689184546980,10124283445452415621,3929,18446744073709551326,18446744073709551327,18446744073709551282,8,7,1,32,18446744073709534825,18446744073709550278,8,0,0,0,0,0,0,0,1,18446744073709550986,18446744073709550986,2483976,10,2471,0,0,1,11,18446744073709544558,18446744073709551030,18446744073709551030,18446744073709551222,2,1,1,3619664611334409215,0,0,8,8184914657592048771,0,1,1,0
PAWN_AUDIT_RESULT,1476,1,1,-1102,0,0,-1102,0,1,1,0,0
PAWN_AUDIT_ENTRY,1480,7775594397863900071,15065997542119305264,1404879533607925433,9405214252944439542,3374,18446744073709551326,18446744073709551327,18446744073709551306,9,8,4,3,18446744073709548862,18446744073709550045,6,0,0,0,0,0,0,0,0,18446744073709551262,18446744073709551262,3689278,10,2478,0,0,0,10,18446744073709551369,18446744073709551030,18446744073709550148,18446744073709551312,4,1,1,15612587136633976202,1,0,6,3594867438442905760,0,2,1,0
PAWN_AUDIT_RESULT,1480,4,4,-290,0,0,-290,0,1,1,0,0
PAWN_AUDIT_ENTRY,1481,15065997542119305264,8312154698558665779,1404879533607925433,10196464174982219340,3559,18446744073709551326,18446744073709551327,18446744073709551326,9,8,2,4,18446744073709537690,18446744073709549866,6,0,0,0,0,0,0,0,0,18446744073709551262,18446744073709551262,3689278,10,2480,0,0,0,9,18446744073709544489,18446744073709551030,2241,18446744073709551312,4,1,1,15612587136633976202,1,0,6,3594867438442905760,0,0,1,0
PAWN_AUDIT_RESULT,1481,2,2,-339,0,0,-339,0,0,0,0,0
PAWN_AUDIT_ENTRY,1482,8312154698558665779,14218566941152663262,1404879533607925433,9881587943643171404,3752,18446744073709551326,18446744073709551327,18446744073709551326,9,8,3,5,18446744073709544680,1964,6,0,0,0,0,0,0,0,0,18446744073709551262,18446744073709551262,3689278,10,2481,0,0,0,11,866,18446744073709547594,18446744073709547477,18446744073709551312,4,1,1,15612587136633976202,1,0,6,3594867438442905760,0,2,1,0
PAWN_AUDIT_RESULT,1482,3,3,-333,0,0,-333,0,9,9,0,0
PAWN_AUDIT_ENTRY,1487,14615348759248451619,8702668865283836420,1404879533607925433,15239150921806576604,3390,18446744073709551326,18446744073709551327,18446744073709551326,9,8,1,6,18446744073709540423,18446744073709548918,6,0,0,0,0,0,0,0,0,18446744073709551262,18446744073709551262,3689278,10,2491,0,0,0,10,18446744073709547464,18446744073709551030,18446744073709550288,18446744073709551312,4,1,1,15612587136633976202,1,0,6,3594867438442905760,0,2,1,0
PAWN_AUDIT_RESULT,1487,1,1,-397,0,0,-397,0,0,0,0,0
PAWN_AUDIT_ENTRY,1489,95075304695883450,17272585875880093129,1404879533607925433,4208832527445841125,4094,18446744073709551326,18446744073709551327,18446744073709551326,9,8,1,8,18446744073709540109,18446744073709548874,6,0,0,0,0,0,0,0,0,18446744073709551262,18446744073709551262,3689278,10,2495,0,0,0,12,18446744073709547284,18446744073709551030,18446744073709550364,18446744073709551312,4,1,1,15612587136633976202,1,0,6,3594867438442905760,0,2,1,0
PAWN_AUDIT_RESULT,1489,1,1,-431,0,0,-431,0,0,0,0,0
PAWN_AUDIT_ENTRY,1509,9674710283990063413,7563441967154090449,9677563689184546980,2022342156229323857,3752,18446744073709551326,18446744073709551327,18446744073709551273,9,8,4,6,18446744073709550737,507,8,0,0,0,0,0,0,0,0,18446744073709550990,18446744073709550990,2995588,10,2545,0,0,1,11,1902,18446744073709551030,18446744073709547477,18446744073709551282,8,1,1,3619664611334409215,0,0,8,8184914657592048771,0,1,1,0
PAWN_AUDIT_RESULT,1509,4,4,-398,0,0,-398,0,0,0,0,0
PAWN_AUDIT_ENTRY,1510,7563441967154090449,6912993474706753938,9677563689184546980,11340160762638990653,2399,18446744073709551326,18446744073709551327,18446744073709551273,9,8,3,7,18446744073709545980,18446744073709549298,8,0,0,0,0,0,0,0,0,18446744073709550990,18446744073709550990,2995588,10,2546,0,0,1,10,18446744073709549917,18446744073709551030,18446744073709550440,18446744073709551282,8,1,1,3619664611334409215,0,0,8,8184914657592048771,0,1,1,0
PAWN_AUDIT_RESULT,1510,3,3,-440,0,0,-440,0,0,0,0,0
PAWN_AUDIT_ENTRY,1512,18161149593174856879,13029446478879053386,9677563689184546980,10124283445452415621,3929,18446744073709551326,18446744073709551327,18446744073709551273,9,8,1,32,18446744073709532718,18446744073709550278,8,0,0,0,0,0,0,0,1,18446744073709550990,18446744073709550990,2995588,10,2548,0,0,1,11,18446744073709544558,18446744073709551030,18446744073709549056,18446744073709551282,8,1,1,3619664611334409215,0,0,8,8184914657592048771,0,1,1,0
PAWN_AUDIT_RESULT,1512,1,1,-718,0,0,-718,0,0,0,0,0
PAWN_AUDIT_ENTRY,1515,1136623092735020928,13041731970082257633,7675579946759160307,8190050511564188778,2399,18446744073709551326,18446744073709551327,18446744073709551279,9,8,3,3,18446744073709544720,18446744073709551200,6,0,0,0,0,0,0,0,0,18446744073709551252,18446744073709551252,8045943,10,2554,0,0,0,10,18446744073709549673,18446744073709550689,18446744073709550113,18446744073709551327,2,1,1,7155558057702101814,5,0,6,5195335201396996074,0,6,1,0
PAWN_AUDIT_RESULT,1515,3,3,-319,0,0,-319,0,0,0,0,0
PAWN_AUDIT_ENTRY,1517,10427090952618595192,1086094315703638206,7675579946759160307,4573508565895310484,2415,18446744073709551326,18446744073709551327,18446744073709551297,9,8,1,6,18446744073709540591,18446744073709549367,6,0,0,0,0,0,0,0,0,18446744073709551252,18446744073709551252,8045943,10,2557,0,0,0,10,18446744073709547733,18446744073709550724,18446744073709550206,18446744073709551327,2,1,1,7155558057702101814,5,0,6,5195335201396996074,0,6,1,0
PAWN_AUDIT_RESULT,1517,1,1,-439,0,0,-439,0,0,0,0,0
PAWN_AUDIT_ENTRY,1518,1086094315703638206,13447024547023288041,7675579946759160307,4869173873890780079,4094,18446744073709551326,18446744073709551327,18446744073709551297,9,8,1,7,18446744073709539579,18446744073709548874,6,0,0,0,0,0,0,0,0,18446744073709551252,18446744073709551252,8045943,10,2558,0,0,0,12,18446744073709546720,18446744073709551030,18446744073709551030,18446744073709551327,2,1,1,7155558057702101814,5,0,6,5195335201396996074,0,6,1,0
PAWN_AUDIT_RESULT,1518,1,1,-416,0,0,-416,0,0,0,0,0
PAWN_AUDIT_ENTRY,1519,13447024547023288041,13577706152803529320,3093976427659951568,13477349390083519391,3374,18446744073709551326,18446744073709551327,18446744073709551326,8,7,4,3,18446744073709550642,18446744073709551094,4,0,0,0,0,0,0,0,0,18446744073709551258,18446744073709551258,10575160,10,2559,0,0,0,10,447,18446744073709551030,18446744073709550386,18446744073709551327,6,1,1,7155558057702101814,3,0,4,8670544562523647675,0,4,1,0
PAWN_AUDIT_RESULT,1519,4,4,-431,0,0,-431,0,2,2,0,0
PAWN_AUDIT_ENTRY,1520,13577706152803529320,10049984177880705447,3093976427659951568,12974377334558625061,3559,18446744073709551326,18446744073709551327,18446744073709551326,8,7,3,4,18446744073709541473,18446744073709549508,4,0,0,0,0,0,0,0,0,18446744073709551258,18446744073709551258,10575160,10,2562,0,0,0,9,18446744073709544487,5602,18446744073709551030,18446744073709551327,6,1,1,7155558057702101814,3,0,4,8670544562523647675,0,0,1,0
PAWN_AUDIT_RESULT,1520,3,3,-344,0,0,-344,0,0,0,0,0
PAWN_AUDIT_ENTRY,1559,8743030837259430955,2703205061704246180,9114877943743665777,5432748894342782231,729,290,291,290,9,8,4,4,18446744073709550340,18446744073709550278,7,0,0,0,0,0,0,0,0,18446744073709551486,18446744073709551486,2421629,10,2624,0,0,1,3,18446744073709551613,18446744073709551030,18446744073709551030,270,5,1,1,13862688173940149393,0,0,7,6111675005647855768,0,1,1,0
PAWN_AUDIT_RESULT,1559,4,4,-397,0,0,-397,0,0,0,0,0
PAWN_AUDIT_ENTRY,1563,10182042450797289143,15424802165229514918,16917784685069592380,16497799349165492335,405,290,291,18446744073709551574,8,7,4,2,18446744073709548405,2633,7,0,0,0,0,0,0,0,0,28,28,2932184,10,2636,0,0,0,2,18446744073709550733,18446744073709551030,18446744073709551030,265,5,1,1,13862688173940149393,2,0,7,16297367226593841679,0,3,1,0
PAWN_AUDIT_RESULT,1563,4,4,-316,0,0,-316,0,3,3,0,0
PAWN_AUDIT_ENTRY,1564,15424802165229514918,6512562553345484101,16917784685069592380,13288995454318359639,1099,290,291,18446744073709551574,8,7,3,3,18446744073709543250,18446744073709550444,7,0,0,0,0,0,0,0,0,28,28,2932184,10,2640,0,0,0,2,18446744073709548389,18446744073709551030,18446744073709551030,265,5,1,1,13862688173940149393,2,0,7,16297367226593841679,0,3,1,0
PAWN_AUDIT_RESULT,1564,3,3,179,0,0,179,0,0,0,0,0
PAWN_AUDIT_ENTRY,1565,6512562553345484101,1521829648092671937,16917784685069592380,17835261045894133102,2059,290,291,179,8,7,3,4,18446744073709543360,18446744073709550134,7,0,0,0,0,0,0,0,0,28,28,2932184,10,2641,0,0,0,3,18446744073709549015,18446744073709549878,18446744073709551030,265,5,1,1,13862688173940149393,2,0,7,16297367226593841679,0,3,1,0
PAWN_AUDIT_RESULT,1565,3,3,1,0,0,1,0,0,0,0,0
PAWN_AUDIT_ENTRY,1567,9428586773927058056,17920671118580923790,18401841948811083869,3909287188647471610,1120,290,291,290,11,10,6,4,18446744073709544356,18446744073709548194,5,0,0,0,0,1,0,0,0,221,221,3285859,10,2643,0,0,0,2,18446744073709548892,18446744073709551030,18446744073709551030,273,7,1,1,13862688173940149393,0,0,5,5142122724787659402,0,1,1,0
PAWN_AUDIT_RESULT,1567,6,6,213,0,0,213,0,0,0,0,0
PAWN_AUDIT_ENTRY,1568,17920671118580923790,9538416947295781805,18401841948811083869,10251096085880666072,1090,290,291,290,11,10,6,5,18446744073709542820,18446744073709546351,5,0,0,0,0,1,0,0,0,221,221,3285859,10,2644,0,0,0,2,18446744073709548381,18446744073709551030,18446744073709550644,273,7,1,1,13862688173940149393,0,0,5,5142122724787659402,0,1,1,0
PAWN_AUDIT_RESULT,1568,6,6,210,0,0,210,0,0,0,0,0
PAWN_AUDIT_ENTRY,1569,9538416947295781805,2852096759997479285,18401841948811083869,8557717790872573848,742,290,291,290,11,10,6,7,18446744073709550340,18446744073709550278,5,0,0,0,0,1,0,0,0,221,221,3285859,10,2645,0,0,0,3,18446744073709551613,18446744073709551030,18446744073709551030,273,7,1,1,13862688173940149393,0,0,5,5142122724787659402,0,1,1,0
PAWN_AUDIT_RESULT,1569,6,6,56,0,0,56,0,0,0,0,0
PAWN_AUDIT_ENTRY,1570,2852096759997479285,12294549572748824445,18401841948811083869,7728268886917912843,396,290,291,290,11,10,6,8,18446744073709550073,18446744073709548316,5,0,0,0,0,1,0,0,0,221,221,3285859,10,2646,0,0,0,2,171,18446744073709550885,18446744073709550571,273,7,1,1,13862688173940149393,0,0,5,5142122724787659402,0,1,1,0
PAWN_AUDIT_RESULT,1570,6,6,22,0,0,22,0,0,0,0,0
PAWN_AUDIT_ENTRY,1571,12294549572748824445,16447662099522483480,18401841948811083869,7564057749857112241,724,290,291,290,11,10,5,9,18446744073709543142,18446744073709548874,5,0,0,0,0,1,0,0,0,221,221,3285859,10,2647,0,0,0,3,18446744073709548340,18446744073709551030,18446744073709551030,273,7,1,1,13862688173940149393,0,0,5,5142122724787659402,0,1,1,0
PAWN_AUDIT_RESULT,1571,5,5,151,0,0,151,0,0,0,0,0
PAWN_AUDIT_ENTRY,1572,16447662099522483480,7296010544368283339,18401841948811083869,7078119032553478901,222,290,291,290,11,10,5,10,18446744073709541446,18446744073709550278,5,0,0,0,0,1,0,0,0,221,221,3285859,10,2648,0,0,0,5,18446744073709547569,18446744073709551030,18446744073709551030,273,7,1,1,13862688173940149393,0,0,5,5142122724787659402,0,1,1,0
PAWN_AUDIT_RESULT,1572,5,5,102,0,0,102,0,0,0,0,0
PAWN_AUDIT_ENTRY,1573,7296010544368283339,6120203349949485283,18401841948811083869,1792692182623172955,213,290,291,290,11,10,5,11,18446744073709540780,18446744073709550278,5,0,0,0,0,1,0,0,0,221,221,3285859,10,2649,0,0,0,5,18446744073709547266,18446744073709551030,18446744073709551030,273,7,1,1,13862688173940149393,0,0,5,5142122724787659402,0,1,1,0
PAWN_AUDIT_RESULT,1573,5,5,146,0,0,146,0,0,0,0,0
PAWN_AUDIT_ENTRY,1574,6120203349949485283,1328427467710198100,18401841948811083869,2587959981277391031,991,290,291,290,11,10,5,12,18446744073709541660,18446744073709550278,5,0,0,0,0,1,0,0,0,221,221,3285859,10,2650,0,0,0,1,18446744073709547666,18446744073709551030,18446744073709551030,273,7,1,1,13862688173940149393,0,0,5,5142122724787659402,0,0,1,0
PAWN_AUDIT_RESULT,1574,5,5,208,0,0,208,0,0,0,0,0
PAWN_AUDIT_ENTRY,1575,1328427467710198100,1795852548250884389,18401841948811083869,13197734660516599607,204,290,291,290,11,10,5,13,18446744073709540173,18446744073709550278,5,0,0,0,0,1,0,0,0,221,221,3285859,10,2651,0,0,0,5,18446744073709546990,18446744073709551030,18446744073709551030,273,7,1,1,13862688173940149393,0,0,5,5142122724787659402,0,1,1,0
PAWN_AUDIT_RESULT,1575,5,5,148,0,0,148,0,0,0,0,0
PAWN_AUDIT_ENTRY,1576,1795852548250884389,18300457452390949734,18401841948811083869,12428225453920673514,231,290,291,290,11,10,4,14,18446744073709539709,18446744073709550278,5,0,0,0,0,1,0,0,0,221,221,3285859,10,2652,0,0,0,5,18446744073709546779,18446744073709551030,18446744073709551030,273,7,1,1,13862688173940149393,0,0,5,5142122724787659402,0,1,1,0
PAWN_AUDIT_RESULT,1576,4,4,98,0,0,98,0,0,0,0,0
PAWN_AUDIT_ENTRY,1577,18300457452390949734,16027819273420875798,18401841948811083869,3530643010900773788,407,290,291,290,11,10,4,15,18446744073709540663,18446744073709549342,5,0,0,0,0,1,0,0,0,221,221,3285859,10,2653,0,0,0,2,18446744073709547213,18446744073709551030,18446744073709551030,273,7,1,1,13862688173940149393,0,0,5,5142122724787659402,0,1,1,0
PAWN_AUDIT_RESULT,1577,4,4,211,0,0,211,0,0,0,0,0
PAWN_AUDIT_ENTRY,1578,16027819273420875798,5385516792887848933,18401841948811083869,10421099165768801144,268,290,291,290,11,10,4,16,18446744073709537998,18446744073709550278,5,0,0,0,0,1,0,0,0,221,221,3285859,10,2654,0,0,0,6,18446744073709546001,18446744073709551030,18446744073709551030,273,7,1,1,13862688173940149393,0,0,5,5142122724787659402,0,1,1,0
PAWN_AUDIT_RESULT,1578,4,4,10,0,0,10,0,0,0,0,0
PAWN_AUDIT_ENTRY,1579,5385516792887848933,14042302271473615827,18401841948811083869,3192557209502823613,528,290,291,290,11,10,4,17,18446744073709538398,18446744073709550278,5,0,0,0,0,1,0,0,0,221,221,3285859,10,2655,0,0,0,1,18446744073709546183,18446744073709551030,18446744073709551030,273,7,1,1,13862688173940149393,0,0,5,5142122724787659402,0,0,1,0
PAWN_AUDIT_RESULT,1579,4,4,216,0,0,216,0,0,0,0,0
PAWN_AUDIT_ENTRY,1580,14042302271473615827,10490254614567925599,18401841948811083869,1804455417372244041,2,290,291,290,11,10,5,18,18446744073709543300,18446744073709547784,5,0,0,0,0,1,0,0,0,221,221,3285859,10,2656,0,0,0,4,18446744073709548412,18446744073709551030,18446744073709551030,273,7,1,1,13862688173940149393,0,0,5,5142122724787659402,0,1,1,0
PAWN_AUDIT_RESULT,1580,5,5,181,0,0,181,0,0,0,0,0
PAWN_AUDIT_ENTRY,1581,10490254614567925599,2209532659477681527,18401841948811083869,7171884966932270588,983,290,291,290,11,10,4,19,18446744073709537939,18446744073709550278,5,0,0,0,0,1,0,0,0,221,221,3285859,10,2657,0,0,0,1,18446744073709545974,18446744073709551030,18446744073709551030,273,7,1,1,13862688173940149393,0,0,5,5142122724787659402,0,0,1,0
PAWN_AUDIT_RESULT,1581,4,4,190,0,0,190,0,0,0,0,0
PAWN_AUDIT_ENTRY,1582,2209532659477681527,3926156104042457595,18401841948811083869,9791230483633338967,733,290,291,290,11,10,5,20,18446744073709542704,18446744073709547758,5,0,0,0,0,1,0,0,0,221,221,3285859,10,2658,0,0,0,3,18446744073709548141,18446744073709551030,18446744073709551030,273,7,1,1,13862688173940149393,0,0,5,5142122724787659402,0,1,1,0
PAWN_AUDIT_RESULT,1582,5,5,121,0,0,121,0,0,0,0,0
PAWN_AUDIT_ENTRY,1583,3926156104042457595,861154797885439144,18401841948811083869,7287300948265224637,193,290,291,290,11,10,5,21,18446744073709542704,18446744073709547758,5,0,0,0,0,1,0,0,0,221,221,3285859,10,2659,0,0,0,5,18446744073709548141,18446744073709551030,18446744073709551030,273,7,1,1,13862688173940149393,0,0,5,5142122724787659402,0,1,1,0
PAWN_AUDIT_RESULT,1583,5,5,138,0,0,138,0,0,0,0,0
PAWN_AUDIT_ENTRY,1584,861154797885439144,5203575763733665232,18401841948811083869,6666831707007911672,194,290,291,290,11,10,5,22,18446744073709542704,18446744073709547758,5,0,0,0,0,1,0,0,0,221,221,3285859,10,2660,0,0,0,5,18446744073709548141,18446744073709551030,18446744073709551030,273,7,1,1,13862688173940149393,0,0,5,5142122724787659402,0,1,1,0
PAWN_AUDIT_RESULT,1584,5,5,163,0,0,163,0,0,0,0,0
PAWN_AUDIT_ENTRY,1585,5203575763733665232,5525376468696420975,18401841948811083869,10285077307329742246,658,290,291,290,11,10,4,23,18446744073709537912,18446744073709550278,5,0,0,0,0,1,0,0,0,221,221,3285859,10,2661,0,0,0,1,18446744073709545962,18446744073709551030,18446744073709551030,273,7,1,1,13862688173940149393,0,0,5,5142122724787659402,0,0,1,0
PAWN_AUDIT_RESULT,1585,4,4,162,0,0,162,0,0,0,0,0
PAWN_AUDIT_ENTRY,1592,7791130735518083997,581983690794052371,16491657580811125439,8141955533295213545,396,290,291,268,9,8,3,8,18446744073709549513,18446744073709547748,5,0,0,0,0,0,0,0,0,18446744073709551581,18446744073709551581,18446744073709165842,10,2673,0,0,1,2,48,18446744073709550712,18446744073709550478,287,7,1,1,15612587136633976202,0,0,5,14875853607605138518,0,1,1,0
PAWN_AUDIT_RESULT,1592,3,3,-358,0,0,-358,0,0,0,0,0
PAWN_AUDIT_ENTRY,1598,8512459320448865370,6226585255548672795,17412737832455046965,18044962494042848549,166,290,291,255,7,6,1,3,18446744073709543718,18446744073709549140,5,0,0,0,0,0,0,0,0,267,267,1700099,10,2687,0,0,0,3,18446744073709548602,18446744073709551030,18446744073709551030,269,2,1,1,15612587136633976202,2,0,5,7780858215041203136,0,3,1,0
PAWN_AUDIT_RESULT,1598,1,1,254,0,0,254,0,0,0,0,0
PAWN_AUDIT_ENTRY,1600,5480505956724424653,12819863339622853914,17412737832455046965,16453731122718554636,148,290,291,255,7,6,1,5,18446744073709541904,18446744073709549612,5,0,0,0,0,0,0,0,0,267,267,1700099,10,2689,0,0,0,3,18446744073709547777,18446744073709551030,18446744073709551030,269,2,1,1,15612587136633976202,2,0,5,7780858215041203136,0,3,1,0
PAWN_AUDIT_RESULT,1600,1,1,259,0,0,259,0,0,0,0,0
PAWN_AUDIT_ENTRY,1601,12819863339622853914,3466228226112031568,17412737832455046965,5938841196175139726,1382,290,291,259,7,6,1,7,18446744073709541685,18446744073709548797,5,0,0,0,0,0,0,0,0,267,267,1700099,10,2690,0,0,0,2,18446744073709547933,18446744073709550905,18446744073709550632,269,2,1,1,15612587136633976202,2,0,5,7780858215041203136,0,3,1,0
PAWN_AUDIT_RESULT,1601,1,1,223,0,0,223,0,0,0,0,0
PAWN_AUDIT_ENTRY,1602,3466228226112031568,8641982956547997683,17412737832455046965,11746950994516104286,1099,290,291,259,7,6,1,8,18446744073709543635,18446744073709548063,5,0,0,0,0,0,0,0,0,267,267,1700099,10,2691,0,0,0,2,18446744073709548564,18446744073709551030,18446744073709551030,269,2,1,1,15612587136633976202,2,0,5,7780858215041203136,0,3,1,0
PAWN_AUDIT_RESULT,1602,1,1,174,0,0,174,0,0,0,0,0
PAWN_AUDIT_ENTRY,1603,8641982956547997683,12958105727590109759,17412737832455046965,814864606951067882,157,290,291,259,7,6,1,9,18446744073709540974,18446744073709548643,5,0,0,0,0,0,0,0,0,267,267,1700099,10,2692,0,0,0,3,18446744073709547354,18446744073709551030,18446744073709551030,269,2,1,1,15612587136633976202,2,0,5,7780858215041203136,0,3,1,0
PAWN_AUDIT_RESULT,1603,1,1,248,0,0,248,0,0,0,0,0
PAWN_AUDIT_ENTRY,1604,12958105727590109759,5593809362134287110,17412737832455046965,3255054593554280415,991,290,291,259,7,6,1,10,18446744073709541358,18446744073709548977,5,0,0,0,0,0,0,0,0,267,267,1700099,10,2693,0,0,0,1,18446744073709547160,18446744073709551030,174,269,2,1,1,15612587136633976202,2,0,5,7780858215041203136,0,0,1,0
PAWN_AUDIT_RESULT,1604,1,1,266,0,0,266,0,0,0,0,0
PAWN_AUDIT_ENTRY,1605,5593809362134287110,3958296428460838606,17412737832455046965,18419025786964994150,1350,290,291,266,7,6,1,15,18446744073709542986,18446744073709547505,5,0,0,0,0,0,0,0,0,267,267,1700099,10,2694,0,0,0,2,18446744073709548269,18446744073709551030,18446744073709551030,269,2,1,1,15612587136633976202,2,0,5,7780858215041203136,0,3,1,0
PAWN_AUDIT_RESULT,1605,1,1,-1,0,0,-1,0,0,0,0,0
PAWN_AUDIT_ENTRY,1607,15423026370631850423,12978879958805432823,7332097423084754067,8084465220326959530,148,290,291,290,10,9,6,6,18446744073709541869,18446744073709549582,3,0,0,0,0,1,0,139,0,278,278,18446744073709513550,10,2696,0,0,0,3,18446744073709547761,18446744073709551030,18446744073709551030,287,9,1,1,15612587136633976202,0,0,3,9138749270250121699,0,1,1,0
PAWN_AUDIT_RESULT,1607,6,6,270,0,0,270,0,6,6,0,0
PAWN_AUDIT_ENTRY,1610,15315209094827289797,1030759697932847054,7332097423084754067,17429209388395023813,396,290,291,290,10,9,4,7,18446744073709540443,18446744073709547748,3,0,0,0,0,1,0,139,0,278,278,18446744073709513550,10,2703,0,0,0,2,18446744073709550236,18446744073709546479,18446744073709549283,287,9,1,1,15612587136633976202,0,0,3,9138749270250121699,0,1,1,0
PAWN_AUDIT_RESULT,1610,4,4,277,0,0,277,0,0,0,0,0
PAWN_AUDIT_ENTRY,1611,1030759697932847054,5927121726601762782,7332097423084754067,11468508835755344716,157,290,291,290,10,9,4,8,18446744073709540648,18446744073709548369,3,0,0,0,0,1,0,139,0,278,278,18446744073709513550,10,2704,0,0,0,3,18446744073709547206,18446744073709551030,18446744073709551030,287,9,1,1,15612587136633976202,0,0,3,9138749270250121699,0,1,1,0
PAWN_AUDIT_RESULT,1611,4,4,244,0,0,244,0,0,0,0,0
PAWN_AUDIT_ENTRY,1612,5927121726601762782,16087859073221944675,7332097423084754067,2674407369768063035,203,290,291,290,10,9,4,9,18446744073709540540,18446744073709548398,3,0,0,0,0,1,0,139,0,278,278,18446744073709513550,10,2705,0,0,0,5,18446744073709547157,18446744073709551030,18446744073709551030,287,9,1,1,15612587136633976202,0,0,3,9138749270250121699,0,1,1,0
PAWN_AUDIT_RESULT,1612,4,4,218,0,0,218,0,0,0,0,0
PAWN_AUDIT_ENTRY,1613,16087859073221944675,11547459371744346168,7332097423084754067,550912398796324375,267,290,291,290,10,9,4,10,18446744073709541092,18446744073709547758,3,0,0,0,0,1,0,139,0,278,278,18446744073709513550,10,2706,0,0,0,6,18446744073709547408,18446744073709551030,18446744073709551030,287,9,1,1,15612587136633976202,0,0,3,9138749270250121699,0,1,1,0
PAWN_AUDIT_RESULT,1613,4,4,129,0,0,129,0,0,0,0,0
PAWN_AUDIT_ENTRY,1614,11547459371744346168,3855855570676163841,7332097423084754067,11904702133312026952,211,290,291,290,10,9,4,11,18446744073709540815,18446744073709547546,3,0,0,0,0,1,0,139,0,278,278,18446744073709513550,10,2707,0,0,0,5,18446744073709547282,18446744073709551030,18446744073709551030,287,9,1,1,15612587136633976202,0,0,3,9138749270250121699,0,1,1,0
PAWN_AUDIT_RESULT,1614,4,4,208,0,0,208,0,0,0,0,0
PAWN_AUDIT_ENTRY,1615,3855855570676163841,12238948389367733934,7332097423084754067,3991071894520907768,1099,290,291,290,10,9,4,12,18446744073709540859,18446744073709547113,3,0,0,0,0,1,0,139,0,278,278,18446744073709513550,10,2708,0,0,0,2,18446744073709547747,18446744073709551030,18446744073709550113,287,9,1,1,15612587136633976202,0,0,3,9138749270250121699,0,1,1,0
PAWN_AUDIT_RESULT,1615,4,4,197,0,0,197,0,0,0,0,0
PAWN_AUDIT_ENTRY,1616,12238948389367733934,15225949753555924362,7332097423084754067,3280709312077464569,204,290,291,290,10,9,4,13,18446744073709539060,18446744073709548385,3,0,0,0,0,1,0,139,0,278,278,18446744073709513550,10,2709,0,0,0,5,18446744073709546484,18446744073709551030,18446744073709551030,287,9,1,1,15612587136633976202,0,0,3,9138749270250121699,0,1,1,0
PAWN_AUDIT_RESULT,1616,4,4,213,0,0,213,0,0,0,0,0
PAWN_AUDIT_ENTRY,1617,15225949753555924362,8893727382500114095,7332097423084754067,9385574233127382421,213,290,291,290,10,9,4,14,18446744073709539548,18446744073709548061,3,0,0,0,0,1,0,139,0,278,278,18446744073709513550,10,2710,0,0,0,5,18446744073709546706,18446744073709551030,18446744073709551030,287,9,1,1,15612587136633976202,0,0,3,9138749270250121699,0,1,1,0
PAWN_AUDIT_RESULT,1617,4,4,223,0,0,223,0,0,0,0,0
PAWN_AUDIT_ENTRY,1618,8893727382500114095,14669703942619054647,7332097423084754067,738450122610216886,268,290,291,290,10,9,3,15,18446744073709537316,18446744073709548874,3,0,0,0,0,1,0,139,0,278,278,18446744073709513550,10,2711,0,0,0,6,18446744073709545691,18446744073709551030,18446744073709551030,287,9,1,1,15612587136633976202,0,0,3,9138749270250121699,0,1,1,0
PAWN_AUDIT_RESULT,1618,3,3,145,0,0,145,0,0,0,0,0
PAWN_AUDIT_ENTRY,1619,14669703942619054647,17227893919409180222,7332097423084754067,12276798426912825170,407,290,291,290,10,9,3,16,18446744073709539801,18446744073709548163,3,0,0,0,0,1,0,139,0,278,278,18446744073709513550,10,2712,0,0,0,2,18446744073709546821,18446744073709551030,18446744073709551030,287,9,1,1,15612587136633976202,0,0,3,9138749270250121699,0,1,1,0
PAWN_AUDIT_RESULT,1619,3,3,262,0,0,262,0,0,0,0,0
PAWN_AUDIT_ENTRY,1620,17227893919409180222,14718720279622140593,7332097423084754067,17913676377648418363,222,290,291,290,10,9,3,19,18446744073709540083,18446744073709548818,3,0,0,0,0,1,0,139,0,278,278,18446744073709513550,10,2713,0,0,0,5,18446744073709546949,18446744073709551030,18446744073709551030,287,9,1,1,15612587136633976202,0,0,3,9138749270250121699,0,1,1,0
PAWN_AUDIT_RESULT,1620,3,3,215,0,0,215,0,0,0,0,0
PAWN_AUDIT_ENTRY,1623,543182891412680735,1848034300659447243,11117023422688385544,10699540576593392987,1350,290,291,249,6,5,1,4,18446744073709542986,18446744073709550278,5,0,0,0,0,0,0,0,0,175,175,18446744073709187026,10,2724,0,0,1,2,18446744073709548269,18446744073709551030,18446744073709551030,207,2,1,1,15030537116760826319,0,0,5,1905543073678516673,0,1,1,0
PAWN_AUDIT_RESULT,1623,1,1,158,0,0,158,0,0,0,0,0
PAWN_AUDIT_ENTRY,1624,1848034300659447243,4677924864988716640,11117023422688385544,5101918406395474658,991,290,291,249,6,5,1,5,18446744073709541174,18446744073709550278,5,0,0,0,0,0,0,0,0,175,175,18446744073709187026,10,2725,0,0,1,1,18446744073709547445,18446744073709551030,18446744073709551030,207,2,1,1,15030537116760826319,0,0,5,1905543073678516673,0,0,1,0
PAWN_AUDIT_RESULT,1624,1,1,209,0,0,209,0,0,0,0,0
PAWN_AUDIT_ENTRY,1630,14725540213831997946,4466263186715628795,13896677778161497425,14907218642106227202,1350,290,291,272,8,7,1,6,18446744073709541319,18446744073709548874,3,0,0,0,0,0,0,0,0,217,234,18446744073709500002,10,2736,0,0,0,2,18446744073709547511,18446744073709551030,18446744073709551030,217,4,1,1,2389506676643522672,0,0,3,2471165469023622619,0,1,1,0
PAWN_AUDIT_RESULT,1630,1,1,187,0,0,187,0,0,0,0,0
PAWN_AUDIT_ENTRY,1631,4466263186715628795,4764870135449319836,13896677778161497425,16857171503157501786,709,290,291,272,8,7,1,7,18446744073709539117,18446744073709550147,3,0,0,0,0,0,0,0,0,217,234,18446744073709500002,10,2737,0,0,0,2,18446744073709546510,18446744073709551030,18446744073709551030,217,4,1,1,2389506676643522672,0,0,3,2471165469023622619,0,1,1,0
PAWN_AUDIT_RESULT,1631,1,1,252,0,0,252,0,0,0,0,0
PAWN_AUDIT_ENTRY,1786,2817284038545638417,2866227653146690321,9114877943743665777,8089999446560061730,405,288,289,229,11,10,7,2,18446744073709545717,1702,7,0,0,0,0,0,0,0,0,18446744073709551486,18446744073709551486,2421629,11,2976,0,0,1,2,18446744073709549511,18446744073709551030,18446744073709551030,290,9,1,1,13862688173940149393,0,0,7,6111675005647855768,0,1,1,0
PAWN_AUDIT_RESULT,1786,7,7,-319,0,0,-319,0,0,0,0,0
PAWN_AUDIT_ENTRY,1787,2866227653146690321,11833107027475364993,9114877943743665777,7148643992775558179,736,288,289,229,11,10,7,3,18446744073709550415,18446744073709549973,7,0,0,0,0,0,0,0,0,18446744073709551486,18446744073709551486,2421629,11,2977,0,0,1,3,31,18446744073709551030,18446744073709551030,290,9,1,1,13862688173940149393,0,0,7,6111675005647855768,0,1,1,0
PAWN_AUDIT_RESULT,1787,7,7,30,0,0,30,0,0,0,0,0
PAWN_AUDIT_ENTRY,1788,11833107027475364993,13729604359585418493,9114877943743665777,16888119719571492647,396,288,289,229,11,10,6,5,18446744073709550822,18446744073709548316,7,0,0,0,0,0,0,0,0,18446744073709551486,18446744073709551486,2421629,11,2978,0,0,1,2,643,18446744073709550712,18446744073709550478,290,9,1,1,13862688173940149393,0,0,7,6111675005647855768,0,1,1,0
PAWN_AUDIT_RESULT,1788,6,6,-363,0,0,-363,0,0,0,0,0
PAWN_AUDIT_ENTRY,1794,7907445208093409691,7564016423507328614,16917784685069592380,13288995454318359639,1099,288,289,248,12,11,7,2,18446744073709540397,18446744073709550444,7,0,0,0,0,0,0,0,0,28,28,2932184,11,2990,0,0,0,2,18446744073709547092,18446744073709551030,18446744073709551030,192,8,1,1,13862688173940149393,2,0,7,16297367226593841679,0,3,1,0
PAWN_AUDIT_RESULT,1794,7,7,178,0,0,178,0,0,0,0,0
PAWN_AUDIT_ENTRY,1795,7564016423507328614,16295099748968190298,16917784685069592380,16497799349165492335,405,288,289,248,12,11,7,3,18446744073709542946,1702,7,0,0,0,0,0,0,0,0,28,28,2932184,11,2991,0,0,0,2,18446744073709548251,18446744073709551030,18446744073709551030,192,8,1,1,13862688173940149393,2,0,7,16297367226593841679,0,3,1,0
PAWN_AUDIT_RESULT,1795,7,7,11,0,0,11,0,0,0,0,0
PAWN_AUDIT_ENTRY,1796,16295099748968190298,16978642919122308406,16917784685069592380,13807428409316187590,2107,288,289,248,12,11,7,4,18446744073709550340,18446744073709550278,7,0,0,0,0,0,0,0,0,28,28,2932184,11,2992,0,0,0,3,18446744073709551613,18446744073709551030,18446744073709551030,192,8,1,1,13862688173940149393,2,0,7,16297367226593841679,0,3,1,0
PAWN_AUDIT_RESULT,1796,7,7,-15,0,0,-15,0,0,0,0,0
PAWN_AUDIT_ENTRY,1797,16978642919122308406,17611850709672727615,16917784685069592380,17835261045894133102,2059,288,289,248,12,11,6,5,18446744073709543360,18446744073709548760,7,0,0,0,0,0,0,0,0,28,28,2932184,11,2993,0,0,0,3,18446744073709549015,18446744073709549878,18446744073709551030,192,8,1,1,13862688173940149393,2,0,7,16297367226593841679,0,3,1,0
PAWN_AUDIT_RESULT,1797,6,6,1,0,0,1,0,0,0,0,0
PAWN_AUDIT_ENTRY,1798,17611850709672727615,11062736790560999123,16917784685069592380,11235152705129926841,1090,288,289,248,12,11,6,6,18446744073709541154,18446744073709546351,7,0,0,0,0,0,0,0,0,28,28,2932184,11,2994,0,0,0,2,18446744073709547800,18446744073709550302,18446744073709551030,192,8,1,1,13862688173940149393,2,0,7,16297367226593841679,0,3,1,0
PAWN_AUDIT_RESULT,1798,6,6,196,0,0,196,0,0,0,0,0
PAWN_AUDIT_ENTRY,1799,11062736790560999123,17592922165736447087,16917784685069592380,7092393906629453252,2073,288,289,248,12,11,6,7,18446744073709550340,18446744073709548874,7,0,0,0,0,0,0,0,0,28,28,2932184,11,2995,0,0,0,3,18446744073709551613,18446744073709551030,18446744073709551030,192,8,1,1,13862688173940149393,2,0,7,16297367226593841679,0,3,1,0
PAWN_AUDIT_RESULT,1799,6,6,-57,0,0,-57,0,0,0,0,0
PAWN_AUDIT_ENTRY,1800,17592922165736447087,15516540740799167950,16917784685069592380,9144596235421466218,396,288,289,248,12,11,6,8,18446744073709548361,18446744073709548316,7,0,0,0,0,0,0,0,0,28,28,2932184,11,2996,0,0,0,2,18446744073709550713,18446744073709551030,18446744073709551030,192,8,1,1,13862688173940149393,2,0,7,16297367226593841679,0,3,1,0
PAWN_AUDIT_RESULT,1800,6,6,153,0,0,153,0,0,0,0,0
PAWN_AUDIT_ENTRY,1801,15516540740799167950,14459523519540700418,16917784685069592380,3043628295162563303,211,288,289,248,12,11,5,9,18446744073709539577,18446744073709550278,7,0,0,0,0,0,0,0,0,28,28,2932184,11,2997,0,0,0,5,18446744073709546719,18446744073709551030,18446744073709551030,192,8,1,1,13862688173940149393,2,0,7,16297367226593841679,0,3,1,0
PAWN_AUDIT_RESULT,1801,5,5,74,0,0,74,0,0,0,0,0
PAWN_AUDIT_ENTRY,1802,14459523519540700418,14792583528283338777,16917784685069592380,12255907700599006100,203,288,289,248,12,11,5,10,18446744073709539355,18446744073709550278,7,0,0,0,0,0,0,0,0,28,28,2932184,11,2998,0,0,0,5,18446744073709546618,18446744073709551030,18446744073709551030,192,8,1,1,13862688173940149393,2,0,7,16297367226593841679,0,3,1,0
PAWN_AUDIT_RESULT,1802,5,5,174,0,0,174,0,0,0,0,0
PAWN_AUDIT_ENTRY,1803,14792583528283338777,310132611254093149,16917784685069592380,3909746439482150870,991,288,289,248,12,11,5,11,18446744073709539212,18446744073709550278,7,0,0,0,0,0,0,0,0,28,28,2932184,11,2999,0,0,0,1,18446744073709546553,18446744073709551030,18446744073709551030,192,8,1,1,13862688173940149393,2,0,7,16297367226593841679,0,0,1,0
PAWN_AUDIT_RESULT,1803,5,5,223,0,0,223,0,0,0,0,0
PAWN_AUDIT_ENTRY,1804,310132611254093149,9663013034659202145,16917784685069592380,2690671342527540477,407,288,289,248,12,11,5,12,18446744073709539753,18446744073709549342,7,0,0,0,0,0,0,0,0,28,28,2932184,11,3000,0,0,0,2,18446744073709546799,18446744073709551030,18446744073709551030,192,8,1,1,13862688173940149393,2,0,7,16297367226593841679,0,3,1,0
PAWN_AUDIT_RESULT,1804,5,5,212,0,0,212,0,0,0,0,0
PAWN_AUDIT_ENTRY,1805,9663013034659202145,16720904207898127718,16917784685069592380,1166735991684458976,2098,288,289,248,12,11,5,13,18446744073709541093,18446744073709548874,7,0,0,0,0,0,0,0,0,28,28,2932184,11,3001,0,0,0,3,18446744073709547867,18446744073709550113,18446744073709551030,192,8,1,1,13862688173940149393,2,0,7,16297367226593841679,0,3,1,0
PAWN_AUDIT_RESULT,1805,5,5,90,0,0,90,0,0,0,0,0
PAWN_AUDIT_ENTRY,1806,16720904207898127718,5155194043845912445,16917784685069592380,11174447832361575111,658,288,289,248,12,11,4,14,18446744073709537024,18446744073709550278,7,0,0,0,0,0,0,0,0,28,28,2932184,11,3002,0,0,0,1,18446744073709545558,18446744073709551030,18446744073709551030,192,8,1,1,13862688173940149393,2,0,7,16297367226593841679,0,0,1,0
PAWN_AUDIT_RESULT,1806,4,4,84,0,0,84,0,0,0,0,0
PAWN_AUDIT_ENTRY,1807,5155194043845912445,18337821332811879297,16917784685069592380,4172109609569260508,528,288,289,248,12,11,4,15,18446744073709536817,18446744073709550278,7,0,0,0,0,0,0,0,0,28,28,2932184,11,3003,0,0,0,1,18446744073709545464,18446744073709551030,18446744073709551030,192,8,1,1,13862688173940149393,2,0,7,16297367226593841679,0,0,1,0
PAWN_AUDIT_RESULT,1807,4,4,143,0,0,143,0,0,0,0,0
PAWN_AUDIT_ENTRY,1808,18337821332811879297,12057057129723947506,16917784685069592380,8516259793393937053,983,288,289,248,12,11,4,17,18446744073709536577,18446744073709550278,7,0,0,0,0,0,0,0,0,28,28,2932184,11,3004,0,0,0,1,18446744073709545355,18446744073709551030,18446744073709551030,192,8,1,1,13862688173940149393,2,0,7,16297367226593841679,0,0,1,0
PAWN_AUDIT_RESULT,1808,4,4,65,0,0,65,0,0,0,0,0
PAWN_AUDIT_ENTRY,1809,12057057129723947506,4331111858038665688,16917784685069592380,14120978533434033043,1,288,289,248,12,11,4,18,18446744073709536958,18446744073709549908,7,0,0,0,0,0,0,0,0,28,28,2932184,11,3005,0,0,0,4,18446744073709545528,18446744073709551030,18446744073709551030,192,8,1,1,13862688173940149393,2,0,7,16297367226593841679,0,3,1,0
PAWN_AUDIT_RESULT,1809,4,4,46,0,0,46,0,0,0,0,0
PAWN_AUDIT_ENTRY,1810,4331111858038665688,12458029588134656456,16917784685069592380,15708264319035833461,853,288,289,248,12,11,4,19,18446744073709535962,18446744073709550278,7,0,0,0,0,0,0,0,0,28,28,2932184,11,3006,0,0,0,1,18446744073709545075,18446744073709551030,18446744073709551030,192,8,1,1,13862688173940149393,2,0,7,16297367226593841679,0,0,1,0
PAWN_AUDIT_RESULT,1810,4,4,-1,0,0,-1,0,0,0,0,0
PAWN_AUDIT_ENTRY,1811,12458029588134656456,6244993701365072866,16917784685069592380,16205869556655115892,2066,288,289,248,12,11,5,20,18446744073709542467,18446744073709547758,7,0,0,0,0,0,0,0,0,28,28,2932184,11,3007,0,0,0,3,18446744073709548547,18446744073709550002,18446744073709551030,192,8,1,1,13862688173940149393,2,0,7,16297367226593841679,0,3,1,0
PAWN_AUDIT_RESULT,1811,5,5,118,0,0,118,0,0,0,0,0
PAWN_AUDIT_ENTRY,1812,6244993701365072866,3153090346424921065,16917784685069592380,910506594492079912,2,288,289,248,12,11,4,27,18446744073709541570,18446744073709546891,7,0,0,0,0,0,0,0,0,28,28,2932184,11,3008,0,0,0,4,18446744073709547625,18446744073709551030,18446744073709551030,192,8,1,1,13862688173940149393,2,0,7,16297367226593841679,0,3,1,0
PAWN_AUDIT_RESULT,1812,4,4,29,0,0,29,0,0,0,0,0
PAWN_AUDIT_ENTRY,1813,3153090346424921065,8512227437480134292,16917784685069592380,8109227912905813724,193,288,289,248,12,11,4,29,18446744073709541092,18446744073709546870,7,0,0,0,0,0,0,0,0,28,28,2932184,11,3009,0,0,0,5,18446744073709547408,18446744073709551030,18446744073709551030,192,8,1,1,13862688173940149393,2,0,7,16297367226593841679,0,3,1,0
PAWN_AUDIT_RESULT,1813,4,4,3,0,0,3,0,0,0,0,0
PAWN_AUDIT_ENTRY,1814,8512227437480134292,6392218338921236010,16917784685069592380,5272917284596031897,194,288,289,248,12,11,4,30,18446744073709541092,18446744073709546870,7,0,0,0,0,0,0,0,0,28,28,2932184,11,3010,0,0,0,5,18446744073709547408,18446744073709551030,18446744073709551030,192,8,1,1,13862688173940149393,2,0,7,16297367226593841679,0,3,1,0
PAWN_AUDIT_RESULT,1814,4,4,79,0,0,79,0,0,0,0,0
PAWN_AUDIT_ENTRY,1817,17688257334151775117,5265279970527796353,18401841948811083869,7564057749857112241,724,288,289,273,11,10,8,9,18446744073709541444,18446744073709548874,5,0,0,0,0,1,0,0,0,222,222,3492355,11,3013,0,0,0,3,18446744073709547568,18446744073709551030,18446744073709551030,290,11,1,1,13862688173940149393,0,0,5,5142122724787659402,0,1,1,0
PAWN_AUDIT_RESULT,1817,8,8,152,0,0,152,0,0,0,0,0
PAWN_AUDIT_ENTRY,1820,5147655865341934984,1725275416729160732,18401841948811083869,7078119032553478901,222,288,289,286,11,10,8,12,18446744073709539727,18446744073709548874,5,0,0,0,0,1,0,0,0,222,222,3492355,11,3016,0,0,0,5,18446744073709546787,18446744073709551030,18446744073709551030,290,11,1,1,13862688173940149393,0,0,5,5142122724787659402,0,1,1,0
PAWN_AUDIT_RESULT,1820,8,8,104,0,0,104,0,0,0,0,0
PAWN_AUDIT_ENTRY,1821,1725275416729160732,18162869403411103197,18401841948811083869,5255729864725586059,722,288,289,286,11,10,8,13,18446744073709542621,18446744073709546870,5,0,0,0,0,1,0,0,0,222,222,3492355,11,3017,0,0,0,3,18446744073709548361,18446744073709551030,18446744073709550499,290,11,1,1,13862688173940149393,0,0,5,5142122724787659402,0,1,1,0
PAWN_AUDIT_RESULT,1821,8,8,220,0,0,220,0,0,0,0,0
PAWN_AUDIT_ENTRY,1822,18162869403411103197,2388195526312186330,18401841948811083869,12428225453920673514,231,288,289,286,11,10,7,16,18446744073709538689,18446744073709548874,5,0,0,0,0,1,0,0,0,222,222,3492355,11,3018,0,0,0,5,18446744073709546315,18446744073709551030,18446744073709551030,290,11,1,1,13862688173940149393,0,0,5,5142122724787659402,0,1,1,0
PAWN_AUDIT_RESULT,1822,7,7,100,0,0,100,0,0,0,0,0
PAWN_AUDIT_ENTRY,1823,2388195526312186330,16397501185672884479,18401841948811083869,15995892371827783236,706,288,289,286,11,10,8,18,18446744073709541092,18446744073709547758,5,0,0,0,0,1,0,0,0,222,222,3492355,11,3019,0,0,0,3,18446744073709547408,18446744073709551030,18446744073709551030,290,11,1,1,13862688173940149393,0,0,5,5142122724787659402,0,1,1,0
PAWN_AUDIT_RESULT,1823,8,8,57,0,0,57,0,0,0,0,0
PAWN_AUDIT_ENTRY,1839,15393010346111652771,14693622290118561543,15007777309974713019,1172379051470856158,4020,18446744073709551327,18446744073709551328,18446744073709551304,6,5,1,4,18446744073709543879,18446744073709550693,8,0,1,0,0,0,0,0,0,18446744073709551327,18446744073709551344,18446744073709370056,11,3052,0,0,0,10,18446744073709548827,18446744073709551030,18446744073709550717,18446744073709551327,3,1,1,11120698628305700051,1,0,8,8080603906286403269,0,2,1,0
PAWN_AUDIT_RESULT,1839,1,1,-306,0,0,-306,0,0,0,0,0
PAWN_AUDIT_ENTRY,1840,14693622290118561543,167411578701141696,15007777309974713019,3305344392884628282,3901,18446744073709551327,18446744073709551328,18446744073709551310,6,5,1,6,18446744073709544714,18446744073709548874,8,0,1,0,0,0,0,0,0,18446744073709551327,18446744073709551344,18446744073709370056,11,3053,0,0,0,14,18446744073709549055,18446744073709551030,18446744073709551030,18446744073709551327,3,1,1,11120698628305700051,1,0,8,8080603906286403269,0,2,1,0
PAWN_AUDIT_RESULT,1840,1,1,-440,0,0,-440,0,0,0,0,0
PAWN_AUDIT_ENTRY,1841,167411578701141696,5915818004716041258,15007777309974713019,5672399901738181198,3559,18446744073709551327,18446744073709551328,18446744073709551310,6,5,1,7,18446744073709535084,18446744073709550278,8,0,1,0,0,0,0,0,0,18446744073709551327,18446744073709551344,18446744073709370056,11,3054,0,0,0,9,18446744073709544676,18446744073709551030,18446744073709551030,18446744073709551327,3,1,1,11120698628305700051,1,0,8,8080603906286403269,0,0,1,0
PAWN_AUDIT_RESULT,1841,1,1,-346,0,0,-346,0,0,0,0,0
PAWN_AUDIT_ENTRY,1842,5915818004716041258,11646103262589777505,15007777309974713019,9479914777605442327,3112,18446744073709551327,18446744073709551328,18446744073709551310,6,5,1,8,18446744073709537958,18446744073709550278,8,0,1,0,0,0,0,0,0,18446744073709551327,18446744073709551344,18446744073709370056,11,3055,0,0,0,9,18446744073709545983,18446744073709551030,18446744073709551030,18446744073709551327,3,1,1,11120698628305700051,1,0,8,8080603906286403269,0,0,1,0
PAWN_AUDIT_RESULT,1842,1,1,-383,0,0,-383,0,0,0,0,0
PAWN_AUDIT_ENTRY,1843,11646103262589777505,3129335208183391809,15007777309974713019,8550538615060995198,3761,18446744073709551327,18446744073709551328,18446744073709551310,6,5,1,9,18446744073709536865,18446744073709550278,8,0,1,0,0,0,0,0,0,18446744073709551327,18446744073709551344,18446744073709370056,11,3056,0,0,0,11,18446744073709545486,18446744073709551030,18446744073709551030,18446744073709551327,3,1,1,11120698628305700051,1,0,8,8080603906286403269,0,2,1,0
PAWN_AUDIT_RESULT,1843,1,1,-337,0,0,-337,0,0,0,0,0
PAWN_AUDIT_ENTRY,1844,3129335208183391809,9419390226253682832,15007777309974713019,11119099392012442099,3641,18446744073709551327,18446744073709551328,18446744073709551310,6,5,1,10,18446744073709534842,18446744073709550278,8,0,1,0,0,0,0,0,0,18446744073709551327,18446744073709551344,18446744073709370056,11,3057,0,0,0,12,18446744073709544566,18446744073709551030,18446744073709551030,18446744073709551327,3,1,1,11120698628305700051,1,0,8,8080603906286403269,0,2,1,0
PAWN_AUDIT_RESULT,1844,1,1,-321,0,0,-321,0,0,0,0,0
PAWN_AUDIT_ENTRY,1851,1607179622640478156,4233023254620255815,3613142030683046396,8245706334529385190,1739,288,289,1,6,5,3,2,18446744073709550340,18446744073709550278,9,0,0,0,0,0,0,0,0,185,185,18446744073709380616,11,3070,0,0,0,5,18446744073709551613,18446744073709551030,18446744073709551030,261,1,1,1,9411833010598542792,3,0,9,17448916326320426137,0,4,1,0
PAWN_AUDIT_RESULT,1851,3,3,180,0,0,180,0,0,0,0,0
PAWN_AUDIT_ENTRY,1852,4233023254620255815,8101794305547398288,3613142030683046396,7278561498853124798,1746,288,289,180,6,5,2,3,18446744073709550340,18446744073709550278,9,0,0,0,0,0,0,0,0,185,185,18446744073709380616,11,3071,0,0,0,5,18446744073709551613,18446744073709551030,18446744073709551030,261,1,1,1,9411833010598542792,3,0,9,17448916326320426137,0,4,1,0
PAWN_AUDIT_RESULT,1852,2,2,219,0,0,219,0,0,0,0,0
PAWN_AUDIT_ENTRY,1853,8101794305547398288,12686095637237180141,3613142030683046396,6016113988978798768,1748,288,289,219,6,5,2,4,18446744073709550340,18446744073709550278,9,0,0,0,0,0,0,0,0,185,185,18446744073709380616,11,3072,0,0,0,5,18446744073709551613,18446744073709551030,18446744073709551030,261,1,1,1,9411833010598542792,3,0,9,17448916326320426137,0,4,1,0
PAWN_AUDIT_RESULT,1853,2,2,172,0,0,172,0,0,0,0,0
PAWN_AUDIT_ENTRY,1854,12686095637237180141,3362012130497307817,3613142030683046396,11929858339551028443,1752,288,289,219,6,5,2,5,18446744073709550340,18446744073709550278,9,0,0,0,0,0,0,0,0,185,185,18446744073709380616,11,3073,0,0,0,5,18446744073709551613,18446744073709551030,18446744073709551030,261,1,1,1,9411833010598542792,3,0,9,17448916326320426137,0,4,1,0
PAWN_AUDIT_RESULT,1854,2,2,186,0,0,186,0,0,0,0,0
PAWN_AUDIT_ENTRY,1855,3362012130497307817,3109815107328852714,3613142030683046396,6269547384805389466,1757,288,289,219,6,5,2,6,18446744073709550340,18446744073709550278,9,0,0,0,0,0,0,0,0,185,185,18446744073709380616,11,3074,0,0,0,5,18446744073709551613,18446744073709551030,18446744073709551030,261,1,1,1,9411833010598542792,3,0,9,17448916326320426137,0,4,1,0
PAWN_AUDIT_RESULT,1855,2,2,178,0,0,178,0,0,0,0,0
PAWN_AUDIT_ENTRY,1856,3109815107328852714,2510096347990468365,3613142030683046396,12675922855116139750,1758,288,289,219,6,5,2,7,18446744073709550340,18446744073709550278,9,0,0,0,0,0,0,0,0,185,185,18446744073709380616,11,3075,0,0,0,5,18446744073709551613,18446744073709551030,18446744073709551030,261,1,1,1,9411833010598542792,3,0,9,17448916326320426137,0,4,1,0
PAWN_AUDIT_RESULT,1856,2,2,194,0,0,194,0,0,0,0,0
PAWN_AUDIT_ENTRY,1857,2510096347990468365,11251472482346543716,3613142030683046396,16958786707936926441,1759,288,289,219,6,5,2,8,18446744073709550340,18446744073709550278,9,0,0,0,0,0,0,0,0,185,185,18446744073709380616,11,3076,0,0,0,5,18446744073709551613,18446744073709551030,18446744073709551030,261,1,1,1,9411833010598542792,3,0,9,17448916326320426137,0,4,1,0
PAWN_AUDIT_RESULT,1857,2,2,162,0,0,162,0,0,0,0,0
PAWN_AUDIT_ENTRY,1859,3538495759421563555,15697732106406061225,3613142030683046396,11962791867953961130,396,288,289,219,6,5,1,10,18446744073709545924,18446744073709550278,9,0,0,0,0,0,0,0,0,185,185,18446744073709380616,11,3080,0,0,0,2,18446744073709549605,18446744073709551030,18446744073709551030,261,1,1,1,9411833010598542792,3,0,9,17448916326320426137,0,4,1,0
PAWN_AUDIT_RESULT,1859,1,1,169,0,0,169,0,0,0,0,0
PAWN_AUDIT_ENTRY,1860,15697732106406061225,6783304151346406544,3613142030683046396,4332334304556641967,405,288,289,219,6,5,1,11,18446744073709547009,18446744073709550278,9,0,0,0,0,0,0,0,0,185,185,18446744073709380616,11,3081,0,0,0,2,18446744073709551166,18446744073709548895,18446744073709551030,261,1,1,1,9411833010598542792,3,0,9,17448916326320426137,0,4,1,0
PAWN_AUDIT_RESULT,1860,1,1,240,0,0,240,0,0,0,0,0
PAWN_AUDIT_ENTRY,1861,6783304151346406544,10845462067951395741,3613142030683046396,17198767237517207830,991,288,289,240,6,5,1,12,18446744073709544096,18446744073709550278,9,0,0,0,0,0,0,0,0,185,185,18446744073709380616,11,3082,0,0,0,1,18446744073709549108,18446744073709550362,18446744073709551030,261,1,1,1,9411833010598542792,3,0,9,17448916326320426137,0,0,1,0
PAWN_AUDIT_RESULT,1861,1,1,288,0,0,288,0,1,1,0,0
PAWN_AUDIT_ENTRY,1862,10845462067951395741,14779338007911527293,3613142030683046396,4174441639755070444,166,288,289,288,6,5,1,13,18446744073709543478,18446744073709550278,9,0,0,0,0,0,0,0,0,185,185,18446744073709380616,11,3084,0,0,0,3,18446744073709548493,18446744073709551030,18446744073709551030,261,1,1,1,9411833010598542792,3,0,9,17448916326320426137,0,4,1,0
PAWN_AUDIT_RESULT,1862,1,1,288,0,0,288,0,3,3,0,0
PAWN_AUDIT_ENTRY,1863,14779338007911527293,9702166369304654838,3613142030683046396,18283296539823901245,407,288,289,288,6,5,1,14,18446744073709542836,18446744073709550278,9,0,0,0,0,0,0,0,0,185,185,18446744073709380616,11,3088,0,0,0,2,18446744073709548201,18446744073709551030,18446744073709551030,261,1,1,1,9411833010598542792,3,0,9,17448916326320426137,0,4,1,0
PAWN_AUDIT_RESULT,1863,1,1,197,0,0,197,0,0,0,0,0
PAWN_AUDIT_ENTRY,1864,9702166369304654838,14461615745974992007,3613142030683046396,17061284416771641660,259,288,289,288,6,5,1,15,18446744073709542704,18446744073709550278,9,0,0,0,0,0,0,0,0,185,185,18446744073709380616,11,3089,0,0,0,6,18446744073709548141,18446744073709551030,18446744073709551030,261,1,1,1,9411833010598542792,3,0,9,17448916326320426137,0,4,1,0
PAWN_AUDIT_RESULT,1864,1,1,211,0,0,211,0,0,0,0,0
PAWN_AUDIT_ENTRY,1865,14461615745974992007,10040672740770397606,5928223035834736871,8131792203079948030,139,288,289,288,8,7,2,2,18446744073709549536,48,7,0,0,0,0,0,0,0,0,171,171,216180,11,3090,0,0,0,3,389,18446744073709550405,18446744073709550113,270,5,1,1,9411833010598542792,1,0,7,14418299418576903186,0,2,1,0
PAWN_AUDIT_RESULT,1865,2,2,219,0,0,219,0,0,0,0,0
PAWN_AUDIT_ENTRY,1866,10040672740770397606,778606791763158168,5928223035834736871,6664968874884353972,405,288,289,288,8,7,1,3,18446744073709548821,18446744073709550731,7,0,0,0,0,0,0,0,0,171,171,216180,11,3091,0,0,0,2,18446744073709551516,18446744073709551603,18446744073709549216,270,5,1,1,9411833010598542792,1,0,7,14418299418576903186,0,2,1,0
PAWN_AUDIT_RESULT,1866,1,1,247,0,0,247,0,0,0,0,0
PAWN_AUDIT_ENTRY,1867,778606791763158168,16555285249533042342,5928223035834736871,10290577076373473293,991,288,289,288,8,7,1,4,18446744073709548095,18446744073709550278,7,0,0,0,0,0,0,0,0,171,171,216180,11,3092,0,0,0,1,18446744073709550592,18446744073709551030,18446744073709551030,270,5,1,1,9411833010598542792,1,0,7,14418299418576903186,0,0,1,0
PAWN_AUDIT_RESULT,1867,1,1,239,0,0,239,0,0,0,0,0
PAWN_AUDIT_ENTRY,1868,16555285249533042342,3379379371585627333,5928223035834736871,11374513402728098598,407,288,289,288,8,7,1,6,18446744073709541669,18446744073709549277,7,0,0,0,0,0,0,0,0,171,171,216180,11,3093,0,0,0,2,18446744073709547670,18446744073709551030,18446744073709551030,270,5,1,1,9411833010598542792,1,0,7,14418299418576903186,0,2,1,0
PAWN_AUDIT_RESULT,1868,1,1,194,0,0,194,0,0,0,0,0
PAWN_AUDIT_ENTRY,1869,3379379371585627333,6049087063371721402,5928223035834736871,14295952624523016625,396,288,289,288,8,7,1,7,18446744073709542763,18446744073709548874,7,0,0,0,0,0,0,0,0,171,171,216180,11,3094,0,0,0,2,18446744073709548583,18446744073709551030,18446744073709550174,270,5,1,1,9411833010598542792,1,0,7,14418299418576903186,0,2,1,0
PAWN_AUDIT_RESULT,1869,1,1,205,0,0,205,0,0,0,0,0
PAWN_AUDIT_ENTRY,1870,6049087063371721402,14628802211464652253,5928223035834736871,5166854709422005726,148,288,289,288,8,7,1,8,18446744073709541789,18446744073709550278,7,0,0,0,0,0,0,0,0,171,171,216180,11,3095,0,0,0,3,18446744073709547725,18446744073709551030,18446744073709551030,270,5,1,1,9411833010598542792,1,0,7,14418299418576903186,0,2,1,0
PAWN_AUDIT_RESULT,1870,1,1,228,0,0,228,0,0,0,0,0
PAWN_AUDIT_ENTRY,1871,14628802211464652253,249176884385425628,5928223035834736871,12154587257639139128,157,288,289,288,8,7,1,10,18446744073709540133,18446744073709550278,7,0,0,0,0,0,0,0,0,171,171,216180,11,3096,0,0,0,3,18446744073709546972,18446744073709551030,18446744073709551030,270,5,1,1,9411833010598542792,1,0,7,14418299418576903186,0,2,1,0
PAWN_AUDIT_RESULT,1871,1,1,208,0,0,208,0,0,0,0,0
PAWN_AUDIT_ENTRY,1872,249176884385425628,15968979855802857997,5928223035834736871,3467960120828054115,267,288,289,288,8,7,1,11,18446744073709539799,18446744073709550278,7,0,0,0,0,0,0,0,0,171,171,216180,11,3097,0,0,0,6,18446744073709546820,18446744073709551030,18446744073709551030,270,5,1,1,9411833010598542792,1,0,7,14418299418576903186,0,2,1,0
PAWN_AUDIT_RESULT,1872,1,1,87,0,0,87,0,0,0,0,0
PAWN_AUDIT_ENTRY,1874,6622104333244165920,5721223615478246760,16491657580811125439,4058901136417188437,991,288,289,288,10,9,7,4,18446744073709549199,18446744073709548463,5,0,0,0,0,1,0,0,0,18446744073709551581,18446744073709551581,18446744073709257888,11,3099,0,0,1,1,18446744073709551094,18446744073709551030,18446744073709551030,268,9,1,1,15612587136633976202,0,0,5,14875853607605138518,0,0,1,0
PAWN_AUDIT_RESULT,1874,7,7,-296,0,0,-296,0,0,0,0,0
PAWN_AUDIT_ENTRY,1875,5721223615478246760,2418164362485828802,16491657580811125439,16926178459428056556,405,288,289,288,10,9,7,5,18446744073709549646,18446744073709548181,5,0,0,0,0,1,0,0,0,18446744073709551581,18446744073709551581,18446744073709257888,11,3100,0,0,1,2,591,18446744073709550349,18446744073709549857,268,9,1,1,15612587136633976202,0,0,5,14875853607605138518,0,1,1,0
PAWN_AUDIT_RESULT,1875,7,7,-314,0,0,-314,0,0,0,0,0
PAWN_AUDIT_ENTRY,1876,2418164362485828802,12584851493929624204,16491657580811125439,17379178464031063942,148,288,289,288,10,9,6,6,18446744073709542086,18446744073709549582,5,0,0,0,0,1,0,0,0,18446744073709551581,18446744073709551581,18446744073709257888,11,3101,0,0,1,3,18446744073709547860,18446744073709551030,18446744073709551030,268,9,1,1,15612587136633976202,0,0,5,14875853607605138518,0,1,1,0
PAWN_AUDIT_RESULT,1876,6,6,-342,0,0,-342,0,0,0,0,0
PAWN_AUDIT_ENTRY,1885,9121105496855804737,13184395209874771795,7332097423084754067,17429209388395023813,396,288,289,288,10,9,7,6,18446744073709536009,18446744073709547748,3,0,0,0,0,1,0,139,0,279,279,260476,11,3117,0,0,0,2,18446744073709548220,18446744073709546479,18446744073709549283,290,10,1,1,15612587136633976202,0,0,3,9138749270250121699,0,1,1,0
PAWN_AUDIT_RESULT,1885,7,7,272,0,0,272,0,1,1,0,0
PAWN_AUDIT_ENTRY,1886,13184395209874771795,1146300203551799486,7332097423084754067,12276798426912825170,407,288,289,288,10,9,6,7,18446744073709540718,18446744073709548163,3,0,0,0,0,1,0,139,0,279,279,260476,11,3119,0,0,0,2,18446744073709547238,18446744073709551030,18446744073709551030,290,10,1,1,15612587136633976202,0,0,3,9138749270250121699,0,1,1,0
PAWN_AUDIT_RESULT,1886,6,6,258,0,0,258,0,5,5,0,0
PAWN_AUDIT_ENTRY,1888,438325167649193995,7847419251682919540,7332097423084754067,11468508835755344716,157,288,289,288,10,9,5,8,18446744073709539731,18446744073709548369,3,0,0,0,0,1,0,139,0,279,279,260476,11,3125,0,0,0,3,18446744073709546789,18446744073709551030,18446744073709551030,290,10,1,1,15612587136633976202,0,0,3,9138749270250121699,0,1,1,0
PAWN_AUDIT_RESULT,1888,5,5,261,0,0,261,0,4,4,0,0
PAWN_AUDIT_ENTRY,1889,7847419251682919540,7765667471265003603,7332097423084754067,2674407369768063035,203,288,289,288,10,9,5,9,18446744073709539395,18446744073709548398,3,0,0,0,0,1,0,139,0,279,279,260476,11,3130,0,0,0,5,18446744073709546636,18446744073709551030,18446744073709551030,290,10,1,1,15612587136633976202,0,0,3,9138749270250121699,0,1,1,0
PAWN_AUDIT_RESULT,1889,5,5,220,0,0,220,0,0,0,0,0
PAWN_AUDIT_ENTRY,1890,7765667471265003603,7812973053721486562,7332097423084754067,7780858215041203136,405,288,289,288,10,9,5,10,18446744073709544725,18446744073709548181,3,0,0,0,0,1,0,139,0,279,279,260476,11,3131,0,0,0,2,18446744073709550672,18446744073709549453,18446744073709549333,290,10,1,1,15612587136633976202,0,0,3,9138749270250121699,0,1,1,0
PAWN_AUDIT_RESULT,1890,5,5,268,0,0,268,0,0,0,0,0
PAWN_AUDIT_ENTRY,1891,7812973053721486562,3295592389090083753,7332097423084754067,550912398796324375,267,288,289,288,10,9,4,11,18446744073709538761,18446744073709547758,3,0,0,0,0,1,0,139,0,279,279,260476,11,3132,0,0,0,6,18446744073709546348,18446744073709551030,18446744073709551030,290,10,1,1,15612587136633976202,0,0,3,9138749270250121699,0,1,1,0
PAWN_AUDIT_RESULT,1891,4,4,130,0,0,130,0,0,0,0,0
PAWN_AUDIT_ENTRY,1892,3295592389090083753,5518071409055079331,7332097423084754067,11904702133312026952,211,288,289,288,10,9,4,12,18446744073709538583,18446744073709547546,3,0,0,0,0,1,0,139,0,279,279,260476,11,3133,0,0,0,5,18446744073709546267,18446744073709551030,18446744073709551030,290,10,1,1,15612587136633976202,0,0,3,9138749270250121699,0,1,1,0
PAWN_AUDIT_RESULT,1892,4,4,210,0,0,210,0,0,0,0,0
PAWN_AUDIT_ENTRY,1893,5518071409055079331,4484645823784015357,7332097423084754067,3280709312077464569,204,288,289,288,10,9,4,14,18446744073709537675,18446744073709548385,3,0,0,0,0,1,0,139,0,279,279,260476,11,3134,0,0,0,5,18446744073709545854,18446744073709551030,18446744073709551030,290,10,1,1,15612587136633976202,0,0,3,9138749270250121699,0,1,1,0
PAWN_AUDIT_RESULT,1893,4,4,215,0,0,215,0,0,0,0,0
PAWN_AUDIT_ENTRY,1894,4484645823784015357,14464680040987856907,7332097423084754067,3952264025377245732,231,288,289,288,10,9,4,15,18446744073709537870,18446744073709548155,3,0,0,0,0,1,0,139,0,279,279,260476,11,3135,0,0,0,5,18446744073709545943,18446744073709551030,18446744073709551030,290,10,1,1,15612587136633976202,0,0,3,9138749270250121699,0,1,1,0
PAWN_AUDIT_RESULT,1894,4,4,196,0,0,196,0,0,0,0,0
PAWN_AUDIT_ENTRY,1895,14464680040987856907,3582963693837952881,7332097423084754067,17913676377648418363,222,288,289,288,10,9,4,16,18446744073709538702,18446744073709548818,3,0,0,0,0,1,0,139,0,279,279,260476,11,3136,0,0,0,5,18446744073709546321,18446744073709551030,18446744073709551030,290,10,1,1,15612587136633976202,0,0,3,9138749270250121699,0,1,1,0
PAWN_AUDIT_RESULT,1895,4,4,215,0,0,215,0,0,0,0,0
PAWN_AUDIT_ENTRY,1896,3582963693837952881,285530359900776469,7332097423084754067,13351741224490728569,991,288,289,288,10,9,5,19,18446744073709544671,18446744073709548463,3,0,0,0,0,1,0,139,0,279,279,260476,11,3137,0,0,0,1,18446744073709549778,18446744073709550344,18446744073709550206,290,10,1,1,15612587136633976202,0,0,3,9138749270250121699,0,0,1,0
PAWN_AUDIT_RESULT,1896,5,5,276,0,0,276,0,4,4,0,0
PAWN_AUDIT_ENTRY,1907,7180372732905359905,13595879581631933187,1263133286814113267,14846640244689753654,1552,288,289,1,7,6,3,2,18446744073709550340,18446744073709550278,5,0,0,0,0,0,0,0,0,169,169,18446744073707870614,11,3162,0,0,0,5,18446744073709551613,18446744073709551030,18446744073709551030,171,1,1,1,686160663571770301,2,0,5,15097465027897364630,0,3,1,0
PAWN_AUDIT_RESULT,1907,3,3,123,0,0,123,0,0,0,0,0
PAWN_AUDIT_ENTRY,1908,13595879581631933187,11145024750443034160,1263133286814113267,11824395054962251179,1546,288,289,123,7,6,3,3,18446744073709550340,18446744073709549886,5,0,0,0,0,0,0,0,0,169,169,18446744073707870614,11,3163,0,0,0,5,18446744073709551613,18446744073709551030,18446744073709551030,171,1,1,1,686160663571770301,2,0,5,15097465027897364630,0,3,1,0
PAWN_AUDIT_RESULT,1908,3,3,205,0,0,205,0,0,0,0,0
PAWN_AUDIT_ENTRY,1913,14653092595797121801,2569977730884474349,1263133286814113267,5536311926951448242,1553,288,289,284,7,6,2,5,18446744073709550340,18446744073709548983,5,0,0,0,0,0,0,0,0,169,169,18446744073707870614,11,3181,0,0,0,5,18446744073709551613,18446744073709551030,18446744073709551030,171,1,1,1,686160663571770301,2,0,5,15097465027897364630,0,3,1,0
PAWN_AUDIT_RESULT,1913,2,2,175,0,0,175,0,0,0,0,0
PAWN_AUDIT_ENTRY,1914,2569977730884474349,10121591385347561472,1263133286814113267,2714035716110661104,1178,288,289,284,7,6,2,6,18446744073709547534,18446744073709550278,5,0,0,0,0,0,0,0,0,169,169,18446744073707870614,11,3182,0,0,0,1,18446744073709550337,18446744073709551030,18446744073709551030,171,1,1,1,686160663571770301,2,0,5,15097465027897364630,0,0,1,0
PAWN_AUDIT_RESULT,1914,2,2,191,0,0,191,0,0,0,0,0
PAWN_AUDIT_ENTRY,1915,10121591385347561472,16734561159643785207,1263133286814113267,2286829807640851104,405,288,289,284,7,6,1,7,18446744073709545923,18446744073709550278,5,0,0,0,0,0,0,0,0,169,169,18446744073707870614,11,3183,0,0,0,2,18446744073709550672,18446744073709548895,18446744073709551030,171,1,1,1,686160663571770301,2,0,5,15097465027897364630,0,3,1,0
PAWN_AUDIT_RESULT,1915,1,1,238,0,0,238,0,0,0,0,0
PAWN_AUDIT_ENTRY,1916,16734561159643785207,17931976622060395588,1263133286814113267,14775662959866000665,991,288,289,284,7,6,1,8,18446744073709544849,18446744073709550278,5,0,0,0,0,0,0,0,0,169,169,18446744073707870614,11,3184,0,0,0,1,18446744073709549450,18446744073709550362,18446744073709551030,171,1,1,1,686160663571770301,2,0,5,15097465027897364630,0,0,1,0
PAWN_AUDIT_RESULT,1916,1,1,238,0,0,238,0,0,0,0,0
PAWN_AUDIT_ENTRY,1917,17931976622060395588,7128693652567310705,1263133286814113267,14944671209864269107,259,288,289,284,7,6,1,9,18446744073709542042,18446744073709550278,5,0,0,0,0,0,0,0,0,169,169,18446744073707870614,11,3185,0,0,0,6,18446744073709547840,18446744073709551030,18446744073709551030,171,1,1,1,686160663571770301,2,0,5,15097465027897364630,0,3,1,0
PAWN_AUDIT_RESULT,1917,1,1,152,0,0,152,0,0,0,0,0
PAWN_AUDIT_ENTRY,1918,7128693652567310705,5441785936414246608,1263133286814113267,7585450200470929205,725,288,289,284,7,6,1,10,18446744073709543741,18446744073709550867,5,0,0,0,0,0,0,0,0,169,169,18446744073707870614,11,3186,0,0,0,2,18446744073709549680,18446744073709548895,18446744073709551030,171,1,1,1,686160663571770301,2,0,5,15097465027897364630,0,3,1,0
PAWN_AUDIT_RESULT,1918,1,1,222,0,0,222,0,0,0,0,0
PAWN_AUDIT_ENTRY,1919,5441785936414246608,16416380071662186545,1263133286814113267,9630850299559183525,396,288,289,284,7,6,1,13,18446744073709546104,18446744073709550278,5,0,0,0,0,0,0,0,0,169,169,18446744073707870614,11,3187,0,0,0,2,18446744073709549687,18446744073709551030,18446744073709551030,171,1,1,1,686160663571770301,2,0,5,15097465027897364630,0,3,1,0
PAWN_AUDIT_RESULT,1919,1,1,239,0,0,239,0,0,0,0,0
PAWN_AUDIT_ENTRY,1927,150919839298228769,2206710463682952771,5096021088918340099,1448823527662702952,721,288,289,284,9,8,6,3,18446744073709551603,458,3,0,0,0,0,1,0,0,0,173,173,18446744073704486055,11,3197,0,0,0,2,2056,18446744073709548061,18446744073709551030,240,4,1,1,686160663571770301,0,0,3,6749558726404407155,0,1,1,0
PAWN_AUDIT_RESULT,1927,6,6,260,0,0,260,0,2,2,0,0
PAWN_AUDIT_ENTRY,1928,2206710463682952771,18147295804399123712,5096021088918340099,8256514548498557440,1178,288,289,284,9,8,3,4,18446744073709544847,18446744073709550278,3,0,0,0,0,1,0,0,0,173,173,18446744073704486055,11,3200,0,0,0,1,18446744073709549505,18446744073709550251,18446744073709551030,240,4,1,1,686160663571770301,0,0,3,6749558726404407155,0,0,1,0
PAWN_AUDIT_RESULT,1928,3,3,194,0,0,194,0,0,0,0,0
PAWN_AUDIT_ENTRY,1929,18147295804399123712,16534294535592188669,5096021088918340099,3180310455750694939,209,288,289,284,9,8,3,5,18446744073709547461,18446744073709547845,3,0,0,0,0,1,0,0,0,173,173,18446744073704486055,11,3201,0,0,0,5,18446744073709550304,18446744073709551030,18446744073709551030,240,4,1,1,686160663571770301,0,0,3,6749558726404407155,0,1,1,0
PAWN_AUDIT_RESULT,1929,3,3,195,0,0,195,0,0,0,0,0
PAWN_AUDIT_ENTRY,1930,16534294535592188669,11413710529000417953,5096021088918340099,15175053166188616533,396,288,289,284,9,8,3,6,18446744073709542358,18446744073709550898,3,0,0,0,0,1,0,0,0,173,173,18446744073704486055,11,3202,0,0,0,2,18446744073709550259,18446744073709546479,18446744073709551030,240,4,1,1,686160663571770301,0,0,3,6749558726404407155,0,1,1,0
PAWN_AUDIT_RESULT,1930,3,3,252,0,0,252,0,0,0,0,0
PAWN_AUDIT_ENTRY,1931,11413710529000417953,15772356432804758103,5096021088918340099,9883027284167756226,407,288,289,284,9,8,2,7,18446744073709540718,18446744073709550278,3,0,0,0,0,1,0,0,0,173,173,18446744073704486055,11,3203,0,0,0,2,18446744073709547238,18446744073709551030,18446744073709551030,240,4,1,1,686160663571770301,0,0,3,6749558726404407155,0,1,1,0
PAWN_AUDIT_RESULT,1931,2,2,236,0,0,236,0,0,0,0,0
PAWN_AUDIT_ENTRY,1932,15772356432804758103,17556877151712310948,5096021088918340099,5225102172824497488,405,288,289,284,9,8,3,8,18446744073709548734,18446744073709551414,3,0,0,0,0,1,0,0,0,173,173,18446744073704486055,11,3204,0,0,0,2,55,18446744073709549453,18446744073709551030,240,4,1,1,686160663571770301,0,0,3,6749558726404407155,0,1,1,0
PAWN_AUDIT_RESULT,1932,3,3,238,0,0,238,0,0,0,0,0
PAWN_AUDIT_ENTRY,1933,17556877151712310948,14612973671681355678,5096021088918340099,11111095012133432041,991,288,289,284,9,8,3,9,18446744073709546025,18446744073709550278,3,0,0,0,0,1,0,0,0,173,173,18446744073704486055,11,3205,0,0,0,1,18446744073709549994,18446744073709550344,18446744073709551030,240,4,1,1,686160663571770301,0,0,3,6749558726404407155,0,0,1,0
PAWN_AUDIT_RESULT,1933,3,3,229,0,0,229,0,0,0,0,0
PAWN_AUDIT_ENTRY,1934,14612973671681355678,4246968081946077134,5096021088918340099,4502429620567171269,725,288,289,284,9,8,2,16,18446744073709544230,18446744073709551414,3,0,0,0,0,1,0,0,0,173,173,18446744073704486055,11,3206,0,0,0,2,18446744073709549623,18446744073709549453,18446744073709551030,240,4,1,1,686160663571770301,0,0,3,6749558726404407155,0,1,1,0
PAWN_AUDIT_RESULT,1934,2,2,220,0,0,220,0,0,0,0,0
PAWN_AUDIT_ENTRY,1965,3156086071219190259,13528082572948341603,10713633264407026525,17036303186785270171,725,288,289,258,6,5,1,5,18446744073709548169,18446744073709550278,5,0,0,0,0,0,0,0,0,229,229,18446744073704810212,11,3263,0,0,0,2,18446744073709549347,1972,18446744073709551030,247,2,1,1,15822121728783430371,0,0,5,3211766022543571338,0,1,1,0
PAWN_AUDIT_RESULT,1965,1,1,258,0,0,258,0,0,0,0,0
PAWN_AUDIT_ENTRY,1966,13528082572948341603,17125214987599967334,10713633264407026525,40060615099433483,396,288,289,258,6,5,2,6,18446744073709551368,18446744073709550278,5,0,0,0,0,0,0,0,0,229,229,18446744073704810212,11,3264,0,0,0,2,537,18446744073709550885,18446744073709551030,247,2,1,1,15822121728783430371,0,0,5,3211766022543571338,0,1,1,0
PAWN_AUDIT_RESULT,1966,2,2,266,0,0,266,0,0,0,0,0
PAWN_AUDIT_ENTRY,1967,17125214987599967334,9506691224820365340,10713633264407026525,10504855118403295254,463,288,289,266,6,5,1,7,18446744073709544714,18446744073709550278,5,0,0,0,0,0,0,0,0,229,229,18446744073704810212,11,3265,0,0,0,4,18446744073709549055,18446744073709551030,18446744073709551030,247,2,1,1,15822121728783430371,0,0,5,3211766022543571338,0,1,1,0
PAWN_AUDIT_RESULT,1967,1,1,180,0,0,180,0,0,0,0,0
PAWN_AUDIT_ENTRY,1971,666573168226136560,18121352625250380385,16999149722591932178,9207951117377599044,396,288,289,276,8,7,2,3,18446744073709547823,18446744073709550278,3,0,0,0,0,0,0,0,0,250,250,18446744073704341443,11,3271,0,0,0,2,1128,18446744073709546479,18446744073709551030,251,3,1,1,11877139874466203308,0,0,3,17364357699975631458,0,1,1,0
PAWN_AUDIT_RESULT,1971,2,2,263,0,0,263,0,0,0,0,0
PAWN_AUDIT_ENTRY,1972,18121352625250380385,17619307784435655819,16999149722591932178,13351741224490728569,721,288,289,276,8,7,2,4,18446744073709548254,18446744073709550550,3,0,0,0,0,0,0,0,0,250,250,18446744073704341443,11,3272,0,0,0,2,533,18446744073709548061,18446744073709551030,251,3,1,1,11877139874466203308,0,0,3,17364357699975631458,0,1,1,0
PAWN_AUDIT_RESULT,1972,2,2,276,0,0,276,0,0,0,0,0
PAWN_AUDIT_ENTRY,1973,17619307784435655819,11300494524166743232,16999149722591932178,17190198241536306265,463,288,289,276,8,7,1,5,18446744073709542704,18446744073709548874,3,0,0,0,0,0,0,0,0,250,250,18446744073704341443,11,3273,0,0,0,4,18446744073709548141,18446744073709551030,18446744073709551030,251,3,1,1,11877139874466203308,0,0,3,17364357699975631458,0,1,1,0
PAWN_AUDIT_RESULT,1973,1,1,183,0,0,183,0,0,0,0,0
PAWN_AUDIT_ENTRY,1974,11300494524166743232,11658451968411451835,16999149722591932178,2627349308541052115,407,288,289,276,8,7,1,6,18446744073709542478,18446744073709550278,3,0,0,0,0,0,0,0,0,250,250,18446744073704341443,11,3274,0,0,0,2,18446744073709548038,18446744073709551030,18446744073709551030,251,3,1,1,11877139874466203308,0,0,3,17364357699975631458,0,1,1,0
PAWN_AUDIT_RESULT,1974,1,1,256,0,0,256,0,0,0,0,0
PAWN_AUDIT_ENTRY,1975,11658451968411451835,14708508095940089804,16999149722591932178,16560547317748744257,405,288,289,276,8,7,1,7,18446744073709548401,18446744073709550294,3,0,0,0,0,0,0,0,0,250,250,18446744073704341443,11,3275,0,0,0,2,18446744073709551520,18446744073709549453,18446744073709551030,251,3,1,1,11877139874466203308,0,0,3,17364357699975631458,0,1,1,0
PAWN_AUDIT_RESULT,1975,1,1,255,0,0,255,0,0,0,0,0
PAWN_AUDIT_ENTRY,1976,14708508095940089804,2408649283674507434,16999149722591932178,13326301285304578469,231,288,289,276,8,7,1,8,18446744073709536942,18446744073709550278,3,0,0,0,0,0,0,0,0,250,250,18446744073704341443,11,3276,0,0,0,5,18446744073709545521,18446744073709551030,18446744073709551030,251,3,1,1,11877139874466203308,0,0,3,17364357699975631458,0,1,1,0
PAWN_AUDIT_RESULT,1976,1,1,214,0,0,214,0,0,0,0,0
PAWN_AUDIT_ENTRY,1977,2408649283674507434,6742936882667738978,16999149722591932178,10604428287964827092,725,288,289,276,8,7,1,16,18446744073709544768,18446744073709550294,3,0,0,0,0,0,0,0,0,250,250,18446744073704341443,11,3277,0,0,0,2,18446744073709549868,18446744073709549453,18446744073709551030,251,3,1,1,11877139874466203308,0,0,3,17364357699975631458,0,1,1,0
PAWN_AUDIT_RESULT,1977,1,1,249,0,0,249,0,0,0,0,0
PAWN_AUDIT_ENTRY,2076,16526872486927619706,1796836587113550205,4302967405866308909,5925913897350251539,1875,276,277,276,8,7,4,3,18446744073709549157,18446744073709548613,7,0,0,0,0,0,0,0,0,182,182,18446744073706557459,12,3446,0,0,0,2,18446744073709551075,18446744073709551030,18446744073709551030,268,1,1,1,15612587136633976202,4,0,7,6439792270408228631,0,5,1,0
PAWN_AUDIT_RESULT,2076,4,4,219,0,0,219,0,0,0,0,0
PAWN_AUDIT_ENTRY,2077,1796836587113550205,15076490655978280899,4302967405866308909,9328530224473517691,391,276,277,276,8,7,2,4,18446744073709535749,2099,7,0,0,0,0,0,0,0,0,182,182,18446744073706557459,12,3447,0,0,0,6,18446744073709544952,18446744073709551083,18446744073709551030,268,1,1,1,15612587136633976202,4,0,7,6439792270408228631,0,5,1,0
PAWN_AUDIT_RESULT,2077,2,2,194,0,0,194,0,0,0,0,0
PAWN_AUDIT_ENTRY,2078,15076490655978280899,4127238885347050806,4302967405866308909,11152033533519374801,1879,276,277,276,8,7,3,5,18446744073709547219,18446744073709548163,7,0,0,0,0,0,0,0,0,182,182,18446744073706557459,12,3448,0,0,0,2,18446744073709550194,18446744073709551030,18446744073709551030,268,1,1,1,15612587136633976202,4,0,7,6439792270408228631,0,5,1,0
PAWN_AUDIT_RESULT,2078,3,3,160,0,0,160,0,0,0,0,0
PAWN_AUDIT_ENTRY,2081,12248089663017956798,9596525568272261561,4302967405866308909,4860604190059411435,725,276,277,276,8,7,3,8,18446744073709548700,18446744073709548181,7,0,0,0,0,0,0,0,0,182,182,18446744073706557459,12,3452,0,0,0,2,18446744073709551421,18446744073709549959,18446744073709550992,268,1,1,1,15612587136633976202,4,0,7,6439792270408228631,0,5,1,0
PAWN_AUDIT_RESULT,2081,3,3,276,0,0,276,0,3,3,0,0
PAWN_AUDIT_ENTRY,2082,9596525568272261561,8187575787165112915,4302967405866308909,13942288950336715590,1868,276,277,276,8,7,2,9,18446744073709544714,18446744073709547748,7,0,0,0,0,0,0,0,0,182,182,18446744073706557459,12,3456,0,0,0,2,18446744073709549055,18446744073709551030,18446744073709551030,268,1,1,1,15612587136633976202,4,0,7,6439792270408228631,0,5,1,0
PAWN_AUDIT_RESULT,2082,2,2,1,0,0,1,0,0,0,0,0
PAWN_AUDIT_ENTRY,2083,8187575787165112915,13867340787542037775,4302967405866308909,7571891771983922758,721,276,277,276,8,7,2,11,18446744073709544410,18446744073709548822,7,0,0,0,0,0,0,0,0,182,182,18446744073706557459,12,3457,0,0,0,2,18446744073709550156,18446744073709547813,174,268,1,1,1,15612587136633976202,4,0,7,6439792270408228631,0,5,1,0
PAWN_AUDIT_RESULT,2083,2,2,258,0,0,258,0,0,0,0,0
PAWN_AUDIT_ENTRY,2138,17268655620031919208,5527518351037052758,10173614008055796610,2544147544424844568,3386,18446744073709551339,18446744073709551340,18446744073709551339,7,6,1,3,18446744073709549058,18446744073709549701,8,0,1,0,0,0,0,3365,0,18446744073709551350,18446744073709551350,2652389,12,3571,0,0,0,10,18446744073709551030,18446744073709551030,18446744073709551030,18446744073709551344,2,2,1,15612587136633976202,5,0,8,4686924775344156495,0,6,1,0
PAWN_AUDIT_RESULT,2138,1,1,-314,0,0,-314,0,0,0,0,0
PAWN_AUDIT_ENTRY,2139,5527518351037052758,10830849948964350620,10173614008055796610,3824669439315439957,2072,18446744073709551339,18446744073709551340,18446744073709551339,7,6,1,4,18446744073709546588,2920,8,0,1,0,0,0,0,3365,0,18446744073709551350,18446744073709551350,2652389,12,3572,0,0,0,9,318,18446744073709548679,18446744073709549275,18446744073709551344,2,2,1,15612587136633976202,5,0,8,4686924775344156495,0,0,1,0
PAWN_AUDIT_RESULT,2139,1,1,-298,0,0,-298,0,0,0,0,0
PAWN_AUDIT_ENTRY,2140,10830849948964350620,2738170189842052196,10173614008055796610,1138004734505893940,3642,18446744073709551339,18446744073709551340,18446744073709551339,7,6,1,5,18446744073709546971,18446744073709551099,8,0,1,0,0,0,0,3365,0,18446744073709551350,18446744073709551350,2652389,12,3573,0,0,0,12,18446744073709550895,18446744073709549524,18446744073709550904,18446744073709551344,2,2,1,15612587136633976202,5,0,8,4686924775344156495,0,6,1,0
PAWN_AUDIT_RESULT,2140,1,1,-286,0,0,-286,0,0,0,0,0
PAWN_AUDIT_ENTRY,2142,12886737154046199054,2713285645887918090,10173614008055796610,17851086834439906007,3833,18446744073709551339,18446744073709551340,18446744073709551339,7,6,1,8,18446744073709543274,18446744073709548327,8,0,1,0,0,0,0,3365,0,18446744073709551350,18446744073709551350,2652389,12,3578,0,0,0,13,18446744073709548400,18446744073709551030,18446744073709551030,18446744073709551344,2,2,1,15612587136633976202,5,0,8,4686924775344156495,0,6,1,0
PAWN_AUDIT_RESULT,2142,1,1,-312,0,0,-312,0,0,0,0,0
PAWN_AUDIT_ENTRY,2143,2713285645887918090,4378086878333142493,10173614008055796610,14975398301376572389,3834,18446744073709551339,18446744073709551340,18446744073709551339,7,6,1,9,18446744073709542073,18446744073709548458,8,0,1,0,0,0,0,3365,0,18446744073709551350,18446744073709551350,2652389,12,3579,0,0,0,13,18446744073709547854,18446744073709551030,18446744073709551030,18446744073709551344,2,2,1,15612587136633976202,5,0,8,4686924775344156495,0,6,1,0
PAWN_AUDIT_RESULT,2143,1,1,-316,0,0,-316,0,0,0,0,0
PAWN_AUDIT_ENTRY,2144,4378086878333142493,5988012184655543832,10173614008055796610,2411536118149439187,2586,18446744073709551339,18446744073709551340,18446744073709551339,7,6,1,10,18446744073709541172,18446744073709548199,8,0,1,0,0,0,0,3365,0,18446744073709551350,18446744073709551350,2652389,12,3580,0,0,0,11,18446744073709547444,18446744073709551030,18446744073709551030,18446744073709551344,2,2,1,15612587136633976202,5,0,8,4686924775344156495,0,6,1,0
PAWN_AUDIT_RESULT,2144,1,1,-328,0,0,-328,0,0,0,0,0
PAWN_AUDIT_ENTRY,2145,5988012184655543832,10763374946672183546,10173614008055796610,1428147213745251191,3559,18446744073709551339,18446744073709551340,18446744073709551339,7,6,1,11,18446744073709535783,18446744073709549982,8,0,1,0,0,0,0,3365,0,18446744073709551350,18446744073709551350,2652389,12,3581,0,0,0,9,18446744073709545214,18446744073709551030,18446744073709550576,18446744073709551344,2,2,1,15612587136633976202,5,0,8,4686924775344156495,0,0,1,0
PAWN_AUDIT_RESULT,2145,1,1,-323,0,0,-323,0,0,0,0,0
PAWN_AUDIT_ENTRY,2146,10763374946672183546,15934802644540465771,10173614008055796610,8546785649853553940,2593,18446744073709551339,18446744073709551340,18446744073709551339,7,6,1,12,18446744073709541770,18446744073709547489,8,0,1,0,0,0,0,3365,0,18446744073709551350,18446744073709551350,2652389,12,3582,0,0,0,11,18446744073709547716,18446744073709551030,18446744073709551030,18446744073709551344,2,2,1,15612587136633976202,5,0,8,4686924775344156495,0,6,1,0
PAWN_AUDIT_RESULT,2146,1,1,-315,0,0,-315,0,0,0,0,0
PAWN_AUDIT_ENTRY,2147,15934802644540465771,14038971619227756228,10173614008055796610,1689590479681908599,2618,18446744073709551339,18446744073709551340,18446744073709551339,7,6,1,13,18446744073709540356,18446744073709547641,8,0,1,0,0,0,0,3365,0,18446744073709551350,18446744073709551350,2652389,12,3583,0,0,0,11,18446744073709547073,18446744073709551030,18446744073709551030,18446744073709551344,2,2,1,15612587136633976202,5,0,8,4686924775344156495,0,6,1,0
PAWN_AUDIT_RESULT,2147,1,1,-336,0,0,-336,0,0,0,0,0
PAWN_AUDIT_ENTRY,2148,14038971619227756228,16245686971451337424,10173614008055796610,5674630509533965165,3502,18446744073709551339,18446744073709551340,18446744073709551339,7,6,1,14,18446744073709534613,18446744073709549983,8,0,1,0,0,0,0,3365,0,18446744073709551350,18446744073709551350,2652389,12,3584,0,0,0,9,18446744073709544462,18446744073709551030,18446744073709551030,18446744073709551344,2,2,1,15612587136633976202,5,0,8,4686924775344156495,0,0,1,0
PAWN_AUDIT_RESULT,2148,1,1,-373,0,0,-373,0,0,0,0,0
PAWN_AUDIT_ENTRY,2149,16245686971451337424,11507020288477293116,10173614008055796610,5560966364638273255,3390,18446744073709551339,18446744073709551340,18446744073709551339,7,6,1,15,18446744073709539389,18446744073709547793,8,0,1,0,0,0,0,3365,0,18446744073709551350,18446744073709551350,2652389,12,3585,0,0,0,10,18446744073709546865,18446744073709551030,18446744073709550553,18446744073709551344,2,2,1,15612587136633976202,5,0,8,4686924775344156495,0,6,1,0
PAWN_AUDIT_RESULT,2149,1,1,-343,0,0,-343,0,0,0,0,0
PAWN_AUDIT_ENTRY,2150,11507020288477293116,10230465735304430733,10173614008055796610,475124819072419422,3826,18446744073709551339,18446744073709551340,18446744073709551339,7,6,1,17,18446744073709534726,18446744073709549825,8,0,1,0,0,0,0,3365,0,18446744073709551350,18446744073709551350,2652389,12,3586,0,0,0,13,18446744073709544513,18446744073709551030,18446744073709551030,18446744073709551344,2,2,1,15612587136633976202,5,0,8,4686924775344156495,0,6,1,0
PAWN_AUDIT_RESULT,2150,1,1,-297,0,0,-297,0,0,0,0,0
PAWN_AUDIT_ENTRY,2151,10230465735304430733,6619519058309407120,10173614008055796610,15986318151674149382,3817,18446744073709551339,18446744073709551340,18446744073709551339,7,6,1,18,18446744073709534719,18446744073709549754,8,0,1,0,0,0,0,3365,0,18446744073709551350,18446744073709551350,2652389,12,3587,0,0,0,13,18446744073709544510,18446744073709551030,18446744073709551030,18446744073709551344,2,2,1,15612587136633976202,5,0,8,4686924775344156495,0,6,1,0
PAWN_AUDIT_RESULT,2151,1,1,-291,0,0,-291,0,0,0,0,0
PAWN_AUDIT_ENTRY,2152,6619519058309407120,5465692569180280688,10173614008055796610,2645208227564979085,3437,18446744073709551339,18446744073709551340,18446744073709551339,7,6,1,20,18446744073709534642,18446744073709549718,8,0,1,0,0,0,0,3365,0,18446744073709551350,18446744073709551350,2652389,12,3588,0,0,0,9,18446744073709544475,18446744073709551030,18446744073709551030,18446744073709551344,2,2,1,15612587136633976202,5,0,8,4686924775344156495,0,0,1,0
PAWN_AUDIT_RESULT,2152,1,1,-443,0,0,-443,0,0,0,0,0
PAWN_AUDIT_ENTRY,2153,5465692569180280688,5243525032919887132,10173614008055796610,29758920084943041,4094,18446744073709551339,18446744073709551340,18446744073709551339,7,6,1,21,18446744073709538127,18446744073709547758,8,0,1,0,0,0,0,3365,0,18446744073709551350,18446744073709551350,2652389,12,3589,0,0,0,12,18446744073709546268,18446744073709551030,18446744073709550601,18446744073709551344,2,2,1,15612587136633976202,5,0,8,4686924775344156495,0,6,1,0
PAWN_AUDIT_RESULT,2153,1,1,-347,0,0,-347,0,0,0,0,0
PAWN_AUDIT_ENTRY,2154,5243525032919887132,18419934531446554412,10173614008055796610,18426179359999889907,3567,18446744073709551339,18446744073709551340,18446744073709551339,7,6,1,22,18446744073709534622,18446744073709549530,8,0,1,0,0,0,0,3365,0,18446744073709551350,18446744073709551350,2652389,12,3590,0,0,0,9,18446744073709544466,18446744073709551030,18446744073709551030,18446744073709551344,2,2,1,15612587136633976202,5,0,8,4686924775344156495,0,0,1,0
PAWN_AUDIT_RESULT,2154,1,1,-284,0,0,-284,0,0,0,0,0
PAWN_AUDIT_ENTRY,2155,18419934531446554412,13984854506227265208,10173614008055796610,1254333111104535166,2609,18446744073709551339,18446744073709551340,18446744073709551339,7,6,1,26,18446744073709541708,18446744073709546175,8,0,1,0,0,0,0,3365,0,18446744073709551350,18446744073709551350,2652389,12,3591,0,0,0,11,18446744073709547688,18446744073709551030,18446744073709551030,18446744073709551344,2,2,1,15612587136633976202,5,0,8,4686924775344156495,0,6,1,0
PAWN_AUDIT_RESULT,2155,1,1,-341,0,0,-341,0,0,0,0,0
PAWN_AUDIT_ENTRY,2156,13984854506227265208,17161191344598716547,9297743261046137386,4121986240042303741,2072,18446744073709551339,18446744073709551340,18446744073709551339,9,8,3,2,18446744073709535853,2920,6,0,1,0,0,1,0,4020,0,18446744073709551379,18446744073709551379,635771,12,3592,0,0,0,9,169,18446744073709541072,18446744073709547362,18446744073709551331,3,2,1,15612587136633976202,3,0,6,4746014142235836573,0,0,1,0
PAWN_AUDIT_RESULT,2156,3,3,-293,0,0,-293,0,0,0,0,0
PAWN_AUDIT_ENTRY,2157,17161191344598716547,13977191768923819683,9297743261046137386,282822380556562844,3642,18446744073709551339,18446744073709551340,18446744073709551339,9,8,4,3,18446744073709546405,18446744073709551099,6,0,1,0,0,1,0,4020,0,18446744073709551379,18446744073709551379,635771,12,3593,0,0,0,12,18446744073709551173,18446744073709549608,18446744073709549715,18446744073709551331,3,2,1,15612587136633976202,3,0,6,4746014142235836573,0,4,1,0
PAWN_AUDIT_RESULT,2157,4,4,-293,0,0,-293,0,0,0,0,0
PAWN_AUDIT_ENTRY,2158,13977191768923819683,6225428716570235742,9297743261046137386,7176913797713740448,2722,18446744073709551339,18446744073709551340,18446744073709551339,9,8,3,4,18446744073709540653,18446744073709548477,6,0,1,0,0,1,0,4020,0,18446744073709551379,18446744073709551379,635771,12,3594,0,0,0,9,18446744073709548419,18446744073709549191,18446744073709550430,18446744073709551331,3,2,1,15612587136633976202,3,0,6,4746014142235836573,0,0,1,0
PAWN_AUDIT_RESULT,2158,3,3,-294,0,0,-294,0,0,0,0,0
PAWN_AUDIT_ENTRY,2160,17190732858423510624,1180428013883236968,9297743261046137386,18130371524069430143,3833,18446744073709551339,18446744073709551340,18446744073709551339,9,8,3,6,18446744073709541429,18446744073709547922,6,0,1,0,0,1,0,4020,0,18446744073709551379,18446744073709551379,635771,12,3596,0,0,0,13,18446744073709548084,18446744073709550455,18446744073709550545,18446744073709551331,3,2,1,15612587136633976202,3,0,6,4746014142235836573,0,4,1,0
PAWN_AUDIT_RESULT,2160,3,3,-298,0,0,-298,0,0,0,0,0
PAWN_AUDIT_ENTRY,2161,1180428013883236968,220455338507701100,9297743261046137386,2303033074999005919,3559,18446744073709551339,18446744073709551340,18446744073709551339,9,8,2,7,18446744073709532739,18446744073709549982,6,0,1,0,0,1,0,4020,0,18446744073709551379,18446744073709551379,635771,12,3597,0,0,0,9,18446744073709545115,18446744073709548740,18446744073709550288,18446744073709551331,3,2,1,15612587136633976202,3,0,6,4746014142235836573,0,0,1,0
PAWN_AUDIT_RESULT,2161,2,2,-315,0,0,-315,0,0,0,0,0
PAWN_AUDIT_ENTRY,2162,220455338507701100,17393303405932030360,9297743261046137386,14120057358893488717,3834,18446744073709551339,18446744073709551340,18446744073709551339,9,8,2,8,18446744073709539749,18446744073709547962,6,0,1,0,0,1,0,4020,0,18446744073709551379,18446744073709551379,635771,12,3598,0,0,0,13,18446744073709547529,18446744073709550213,18446744073709550364,18446744073709551331,3,2,1,15612587136633976202,3,0,6,4746014142235836573,0,4,1,0
PAWN_AUDIT_RESULT,2162,2,2,-296,0,0,-296,0,0,0,0,0
PAWN_AUDIT_ENTRY,2163,17393303405932030360,9781179122284603485,9297743261046137386,8843803538398653628,2593,18446744073709551339,18446744073709551340,18446744073709551339,9,8,2,9,18446744073709540091,18446744073709547108,6,0,1,0,0,1,0,4020,0,18446744073709551379,18446744073709551379,635771,12,3599,0,0,0,11,18446744073709547419,18446744073709550521,18446744073709550594,18446744073709551331,3,2,1,15612587136633976202,3,0,6,4746014142235836573,0,4,1,0
PAWN_AUDIT_RESULT,2163,2,2,-307,0,0,-307,0,0,0,0,0
PAWN_AUDIT_ENTRY,2164,9781179122284603485,11832877916729994211,9297743261046137386,3265311355508830075,2586,18446744073709551339,18446744073709551340,18446744073709551339,9,8,2,11,18446744073709538899,18446744073709547463,6,0,1,0,0,1,0,4020,0,18446744073709551379,18446744073709551379,635771,12,3600,0,0,0,11,18446744073709546996,18446744073709550383,18446744073709550491,18446744073709551331,3,2,1,15612587136633976202,3,0,6,4746014142235836573,0,4,1,0
PAWN_AUDIT_RESULT,2164,2,2,-316,0,0,-316,0,0,0,0,0
PAWN_AUDIT_ENTRY,2165,11832877916729994211,16803226565785308212,9297743261046137386,4820995993617619653,3502,18446744073709551339,18446744073709551340,18446744073709551339,9,8,1,12,18446744073709534215,18446744073709549983,6,0,1,0,0,1,0,4020,0,18446744073709551379,18446744073709551379,635771,12,3601,0,0,0,9,18446744073709544456,18446744073709550680,18446744073709551030,18446744073709551331,3,2,1,15612587136633976202,3,0,6,4746014142235836573,0,0,1,0
PAWN_AUDIT_RESULT,2165,1,1,-350,0,0,-350,0,0,0,0,0
PAWN_AUDIT_ENTRY,2166,16803226565785308212,817107556520272253,9297743261046137386,15131258684792884142,3817,18446744073709551339,18446744073709551340,18446744073709551339,9,8,1,13,18446744073709534344,18446744073709549865,6,0,1,0,0,1,0,4020,0,18446744073709551379,18446744073709551379,635771,12,3602,0,0,0,13,18446744073709544663,18446744073709550383,18446744073709551030,18446744073709551331,3,2,1,15612587136633976202,3,0,6,4746014142235836573,0,4,1,0
PAWN_AUDIT_RESULT,2166,1,1,-277,0,0,-277,0,1,1,0,0
PAWN_AUDIT_ENTRY,2167,817107556520272253,15329041907258676205,9297743261046137386,17550871561321898075,3567,18446744073709551339,18446744073709551340,18446744073709551339,9,8,1,15,18446744073709535684,18446744073709549530,6,0,1,0,0,1,0,4020,0,18446744073709551379,18446744073709551379,635771,12,3604,0,0,0,9,18446744073709545102,18446744073709550724,18446744073709551030,18446744073709551331,3,2,1,15612587136633976202,3,0,6,4746014142235836573,0,0,1,0
PAWN_AUDIT_RESULT,2167,1,1,-282,0,0,-282,0,0,0,0,0
PAWN_AUDIT_ENTRY,2168,15329041907258676205,12010209304760360089,9297743261046137386,770172381376149494,3826,18446744073709551339,18446744073709551340,18446744073709551339,9,8,1,16,18446744073709534089,18446744073709549723,6,0,1,0,0,1,0,4020,0,18446744073709551379,18446744073709551379,635771,12,3605,0,0,0,13,18446744073709544511,18446744073709550455,18446744073709551030,18446744073709551331,3,2,1,15612587136633976202,3,0,6,4746014142235836573,0,4,1,0
PAWN_AUDIT_RESULT,2168,1,1,-280,0,0,-280,0,0,0,0,0
PAWN_AUDIT_ENTRY,2169,12010209304760360089,14746471612342684599,9297743261046137386,4078894327613943934,3956,18446744073709551339,18446744073709551340,18446744073709551339,9,8,1,17,18446744073709534063,18446744073709549428,6,0,1,0,0,1,0,4020,0,18446744073709551379,18446744073709551379,635771,12,3606,0,0,0,11,18446744073709544499,18446744073709550455,18446744073709551030,18446744073709551331,3,2,1,15612587136633976202,3,0,6,4746014142235836573,0,4,1,0
PAWN_AUDIT_RESULT,2169,1,1,-289,0,0,-289,0,0,0,0,0
PAWN_AUDIT_ENTRY,2170,14746471612342684599,7769692455851981014,9297743261046137386,2923507874129179173,3437,18446744073709551339,18446744073709551340,18446744073709551339,9,8,1,18,18446744073709533822,18446744073709549718,6,0,1,0,0,1,0,4020,0,18446744073709551379,18446744073709551379,635771,12,3607,0,0,0,9,18446744073709544466,18446744073709550302,18446744073709551030,18446744073709551331,3,2,1,15612587136633976202,3,0,6,4746014142235836573,0,0,1,0
PAWN_AUDIT_RESULT,2170,1,1,-392,0,0,-392,0,0,0,0,0
PAWN_AUDIT_ENTRY,2177,9088476904045486144,1651817145174323169,1982461604541247757,1173736729058642717,166,276,277,276,7,6,1,4,18446744073709546047,18446744073709548464,5,0,1,0,0,0,0,0,0,286,299,853874,12,3620,0,0,0,3,18446744073709549661,18446744073709551030,18446744073709551030,286,4,1,1,15612587136633976202,2,0,5,15816759713749171304,0,3,1,0
PAWN_AUDIT_RESULT,2177,1,1,251,0,0,251,0,0,0,0,0
PAWN_AUDIT_ENTRY,2178,1651817145174323169,6572968817109286564,1982461604541247757,14517068425217708598,790,276,277,276,7,6,1,5,18446744073709548191,139,5,0,1,0,0,0,0,0,0,286,299,853874,12,3621,0,0,0,2,18446744073709549744,1408,18446744073709550813,286,4,1,1,15612587136633976202,2,0,5,15816759713749171304,0,3,1,0
PAWN_AUDIT_RESULT,2178,1,1,228,0,0,228,0,2,2,0,0
PAWN_AUDIT_ENTRY,2179,6572968817109286564,14613446325228803494,1982461604541247757,14342030179729889767,991,276,277,276,7,6,1,6,18446744073709544573,18446744073709548463,5,0,1,0,0,0,0,0,0,286,299,853874,12,3624,0,0,0,1,18446744073709548956,18446744073709550362,174,286,4,1,1,15612587136633976202,2,0,5,15816759713749171304,0,0,1,0
PAWN_AUDIT_RESULT,2179,1,1,254,0,0,254,0,3,3,0,0
PAWN_AUDIT_ENTRY,2180,14613446325228803494,1060510045174429811,1982461604541247757,18336107035764150899,1375,276,277,276,7,6,1,7,18446744073709541262,18446744073709549125,5,0,1,0,0,0,0,0,0,286,299,853874,12,3628,0,0,0,2,18446744073709547724,18446744073709551030,18446744073709550538,286,4,1,1,15612587136633976202,2,0,5,15816759713749171304,0,3,1,0
PAWN_AUDIT_RESULT,2180,1,1,219,0,0,219,0,0,0,0,0
PAWN_AUDIT_ENTRY,2181,1060510045174429811,62744549860848984,1982461604541247757,1040898698287549492,148,276,277,276,7,6,1,8,18446744073709540573,18446744073709548321,5,0,1,0,0,0,0,0,0,286,299,853874,12,3629,0,0,0,3,18446744073709547172,18446744073709551030,18446744073709551030,286,4,1,1,15612587136633976202,2,0,5,15816759713749171304,0,3,1,0
PAWN_AUDIT_RESULT,2181,1,1,248,0,0,248,0,0,0,0,0
PAWN_AUDIT_ENTRY,2182,62744549860848984,6939740365400690520,1982461604541247757,13280664520315671990,1382,276,277,276,7,6,1,9,18446744073709540584,18446744073709547901,5,0,1,0,0,0,0,0,0,286,299,853874,12,3630,0,0,0,2,18446744073709547370,18446744073709551030,18446744073709550632,286,4,1,1,15612587136633976202,2,0,5,15816759713749171304,0,3,1,0
PAWN_AUDIT_RESULT,2182,1,1,226,0,0,226,0,0,0,0,0
PAWN_AUDIT_ENTRY,2183,6939740365400690520,8742609312331019894,1982461604541247757,16243249743322310354,157,276,277,276,7,6,1,10,18446744073709539342,18446744073709548369,5,0,1,0,0,0,0,0,0,286,299,853874,12,3631,0,0,0,3,18446744073709546612,18446744073709551030,18446744073709551030,286,4,1,1,15612587136633976202,2,0,5,15816759713749171304,0,3,1,0
PAWN_AUDIT_RESULT,2183,1,1,238,0,0,238,0,0,0,0,0
PAWN_AUDIT_ENTRY,2184,8742609312331019894,17534005899603797120,1982461604541247757,7151854333396702155,1355,276,277,276,7,6,1,11,18446744073709541682,18446744073709547113,5,0,1,0,0,0,0,0,0,286,299,853874,12,3632,0,0,0,2,18446744073709547676,18446744073709551030,18446744073709551030,286,4,1,1,15612587136633976202,2,0,5,15816759713749171304,0,3,1,0
PAWN_AUDIT_RESULT,2184,1,1,1,0,0,1,0,0,0,0,0
PAWN_AUDIT_ENTRY,2185,17534005899603797120,10150144051089183670,1982461604541247757,6583891864074089893,203,276,277,276,7,6,1,12,18446744073709538488,18446744073709548398,5,0,1,0,0,0,0,0,0,286,299,853874,12,3633,0,0,0,5,18446744073709546224,18446744073709551030,18446744073709551030,286,4,1,1,15612587136633976202,2,0,5,15816759713749171304,0,3,1,0
PAWN_AUDIT_RESULT,2185,1,1,230,0,0,230,0,0,0,0,0
PAWN_AUDIT_ENTRY,2186,10150144051089183670,17719905567872968490,1982461604541247757,7663025138188580086,658,276,277,276,7,6,1,13,18446744073709538033,18446744073709549420,5,0,1,0,0,0,0,0,0,286,299,853874,12,3634,0,0,0,1,18446744073709546017,18446744073709551030,18446744073709551030,286,4,1,1,15612587136633976202,2,0,5,15816759713749171304,0,0,1,0
PAWN_AUDIT_RESULT,2186,1,1,253,0,0,253,0,0,0,0,0
PAWN_AUDIT_ENTRY,2187,17719905567872968490,6855976815274761144,1982461604541247757,9920699120694963682,593,276,277,276,7,6,1,14,18446744073709537510,18446744073709549341,5,0,1,0,0,0,0,0,0,286,299,853874,12,3635,0,0,0,1,18446744073709545779,18446744073709551030,18446744073709551030,286,4,1,1,15612587136633976202,2,0,5,15816759713749171304,0,0,1,0
PAWN_AUDIT_RESULT,2187,1,1,258,0,0,258,0,0,0,0,0
PAWN_AUDIT_ENTRY,2188,6855976815274761144,10539304082389750500,1982461604541247757,8783974726190160777,267,276,277,276,7,6,1,15,18446744073709537928,18446744073709547758,5,0,1,0,0,0,0,0,0,286,299,853874,12,3636,0,0,0,6,18446744073709545969,18446744073709551030,18446744073709551030,286,4,1,1,15612587136633976202,2,0,5,15816759713749171304,0,3,1,0
PAWN_AUDIT_RESULT,2188,1,1,152,0,0,152,0,0,0,0,0
PAWN_AUDIT_ENTRY,2189,10539304082389750500,4940218376747597440,1982461604541247757,1565248000198696542,1350,276,277,276,7,6,1,18,18446744073709539980,18446744073709547438,5,0,1,0,0,0,0,0,0,286,299,853874,12,3637,0,0,0,2,18446744073709546902,18446744073709551030,18446744073709551030,286,4,1,1,15612587136633976202,2,0,5,15816759713749171304,0,3,1,0
PAWN_AUDIT_RESULT,2189,1,1,211,0,0,211,0,0,0,0,0
PAWN_AUDIT_ENTRY,2190,4940218376747597440,16482029190621482984,1982461604541247757,15813886605563518166,211,276,277,276,7,6,1,19,18446744073709537785,18446744073709547546,5,0,1,0,0,0,0,0,0,286,299,853874,12,3638,0,0,0,5,18446744073709545904,18446744073709551030,18446744073709551030,286,4,1,1,15612587136633976202,2,0,5,15816759713749171304,0,3,1,0
PAWN_AUDIT_RESULT,2190,1,1,241,0,0,241,0,0,0,0,0
PAWN_AUDIT_ENTRY,2191,16482029190621482984,8920530966419338985,1982461604541247757,17504406600822244843,918,276,277,276,7,6,1,20,18446744073709535339,18446744073709549519,5,0,1,0,0,0,0,0,0,286,299,853874,12,3639,0,0,0,1,18446744073709544792,18446744073709551030,18446744073709551030,286,4,1,1,15612587136633976202,2,0,5,15816759713749171304,0,0,1,0
PAWN_AUDIT_RESULT,2191,1,1,222,0,0,222,0,0,0,0,0
PAWN_AUDIT_ENTRY,2192,8920530966419338985,8135782276303942461,1982461604541247757,1906650820513795440,926,276,277,276,7,6,1,21,18446744073709535005,18446744073709549562,5,0,1,0,0,0,0,0,0,286,299,853874,12,3640,0,0,0,1,18446744073709544640,18446744073709551030,18446744073709551030,286,4,1,1,15612587136633976202,2,0,5,15816759713749171304,0,0,1,0
PAWN_AUDIT_RESULT,2192,1,1,201,0,0,201,0,0,0,0,0
PAWN_AUDIT_ENTRY,2193,8135782276303942461,18390905207491629168,1982461604541247757,13380006231966061323,536,276,277,276,7,6,1,22,18446744073709535876,18446744073709549355,5,0,1,0,0,0,0,0,0,286,299,853874,12,3641,0,0,0,1,18446744073709545036,18446744073709551030,18446744073709551030,286,4,1,1,15612587136633976202,2,0,5,15816759713749171304,0,0,1,0
PAWN_AUDIT_RESULT,2193,1,1,230,0,0,230,0,0,0,0,0
PAWN_AUDIT_ENTRY,2194,18390905207491629168,1549184703533465534,1982461604541247757,9756134843568766124,983,276,277,276,7,6,1,23,18446744073709535416,18446744073709549328,5,0,1,0,0,0,0,0,0,286,299,853874,12,3642,0,0,0,1,18446744073709545094,18446744073709550496,18446744073709551030,286,4,1,1,15612587136633976202,2,0,5,15816759713749171304,0,0,1,0
PAWN_AUDIT_RESULT,2194,1,1,246,0,0,246,0,0,0,0,0
PAWN_AUDIT_ENTRY,2195,1549184703533465534,1528532471589360106,1982461604541247757,14460313277156771309,528,276,277,276,7,6,1,24,18446744073709535326,18446744073709549326,5,0,1,0,0,0,0,0,0,286,299,853874,12,3643,0,0,0,1,18446744073709545022,18446744073709550558,18446744073709551030,286,4,1,1,15612587136633976202,2,0,5,15816759713749171304,0,0,1,0
PAWN_AUDIT_RESULT,2195,1,1,235,0,0,235,0,0,0,0,0
PAWN_AUDIT_ENTRY,2227,18212921572786523389,16230789998659557313,4116207385530369812,12097100244240955361,3559,18446744073709551339,18446744073709551340,18446744073709551339,8,7,1,6,18446744073709535358,18446744073709549982,6,0,1,0,0,0,0,3365,0,18446744073709551380,18446744073709551380,1952954,12,3719,0,0,0,9,18446744073709545021,18446744073709551030,18446744073709550576,18446744073709551355,4,2,1,15612587136633976202,3,0,6,1982461604541247757,0,0,1,0
PAWN_AUDIT_RESULT,2227,1,1,-312,0,0,-312,0,0,0,0,0
PAWN_AUDIT_ENTRY,2228,16230789998659557313,12359162540944994301,4116207385530369812,7632065831090826896,3817,18446744073709551339,18446744073709551340,18446744073709551339,8,7,1,7,18446744073709536102,18446744073709550212,6,0,1,0,0,0,0,3365,0,18446744073709551380,18446744073709551380,1952954,12,3720,0,0,0,13,18446744073709545139,18446744073709551030,18446744073709551030,18446744073709551355,4,2,1,15612587136633976202,3,0,6,1982461604541247757,0,4,1,0
PAWN_AUDIT_RESULT,2228,1,1,-285,0,0,-285,0,0,0,0,0
PAWN_AUDIT_ENTRY,2229,12359162540944994301,4291825684988660483,4116207385530369812,7698496191473082040,3112,18446744073709551339,18446744073709551340,18446744073709551339,8,7,1,8,18446744073709537283,18446744073709549124,6,0,1,0,0,0,0,3365,0,18446744073709551380,18446744073709551380,1952954,12,3721,0,0,0,9,18446744073709545676,18446744073709551030,18446744073709551030,18446744073709551355,4,2,1,15612587136633976202,3,0,6,1982461604541247757,0,0,1,0
PAWN_AUDIT_RESULT,2229,1,1,-333,0,0,-333,0,0,0,0,0
PAWN_AUDIT_ENTRY,2230,4291825684988660483,11348390945680293688,4116207385530369812,12873468368383021768,3826,18446744073709551339,18446744073709551340,18446744073709551339,8,7,1,9,18446744073709535152,18446744073709549867,6,0,1,0,0,0,0,3365,0,18446744073709551380,18446744073709551380,1952954,12,3722,0,0,0,13,18446744073709544707,18446744073709551030,18446744073709551030,18446744073709551355,4,2,1,15612587136633976202,3,0,6,1982461604541247757,0,4,1,0
PAWN_AUDIT_RESULT,2230,1,1,-303,0,0,-303,0,0,0,0,0
PAWN_AUDIT_ENTRY,2231,11348390945680293688,538086701905731067,4116207385530369812,18081973004780683259,3502,18446744073709551339,18446744073709551340,18446744073709551339,8,7,1,10,18446744073709534589,18446744073709549983,6,0,1,0,0,0,0,3365,0,18446744073709551380,18446744073709551380,1952954,12,3723,0,0,0,9,18446744073709544451,18446744073709551030,18446744073709551030,18446744073709551355,4,2,1,15612587136633976202,3,0,6,1982461604541247757,0,0,1,0
PAWN_AUDIT_RESULT,2231,1,1,-369,0,0,-369,0,0,0,0,0
PAWN_AUDIT_ENTRY,2232,538086701905731067,17522921818790199487,4116207385530369812,5442235418036110693,3567,18446744073709551339,18446744073709551340,18446744073709551339,8,7,1,12,18446744073709536250,18446744073709549530,6,0,1,0,0,0,0,3365,0,18446744073709551380,18446744073709551380,1952954,12,3724,0,0,0,9,18446744073709545206,18446744073709551030,18446744073709551030,18446744073709551355,4,2,1,15612587136633976202,3,0,6,1982461604541247757,0,0,1,0
PAWN_AUDIT_RESULT,2232,1,1,-287,0,0,-287,0,0,0,0,0
PAWN_AUDIT_ENTRY,2233,17522921818790199487,17692086311216729865,4116207385530369812,10413991504716076827,3437,18446744073709551339,18446744073709551340,18446744073709551339,8,7,1,13,18446744073709534607,18446744073709549718,6,0,1,0,0,0,0,3365,0,18446744073709551380,18446744073709551380,1952954,12,3725,0,0,0,9,18446744073709544459,18446744073709551030,18446744073709551030,18446744073709551355,4,2,1,15612587136633976202,3,0,6,1982461604541247757,0,0,1,0
PAWN_AUDIT_RESULT,2233,1,1,-364,0,0,-364,0,0,0,0,0
PAWN_AUDIT_ENTRY,2234,17692086311216729865,7795524212654893064,4116207385530369812,8293124453122739292,3641,18446744073709551339,18446744073709551340,18446744073709551339,8,7,1,14,18446744073709534763,18446744073709549173,6,0,1,0,0,0,0,3365,0,18446744073709551380,18446744073709551380,1952954,12,3726,0,0,0,12,18446744073709544530,18446744073709551030,18446744073709551030,18446744073709551355,4,2,1,15612587136633976202,3,0,6,1982461604541247757,0,4,1,0
PAWN_AUDIT_RESULT,2234,1,1,-291,0,0,-291,0,0,0,0,0
PAWN_AUDIT_ENTRY,2235,7795524212654893064,2864137391691653426,4116207385530369812,10230625128523871162,3827,18446744073709551339,18446744073709551340,18446744073709551339,8,7,1,15,18446744073709534642,18446744073709548954,6,0,1,0,0,0,0,3365,0,18446744073709551380,18446744073709551380,1952954,12,3727,0,0,0,13,18446744073709544475,18446744073709551030,18446744073709551030,18446744073709551355,4,2,1,15612587136633976202,3,0,6,1982461604541247757,0,4,1,0
PAWN_AUDIT_RESULT,2235,1,1,-319,0,0,-319,0,0,0,0,0
PAWN_AUDIT_ENTRY,2236,2864137391691653426,14533954842807406977,4116207385530369812,14012946935048894605,3429,18446744073709551339,18446744073709551340,18446744073709551339,8,7,1,16,18446744073709534165,18446744073709549469,6,0,1,0,0,0,0,3365,0,18446744073709551380,18446744073709551380,1952954,12,3728,0,0,0,9,18446744073709544456,18446744073709551030,18446744073709550622,18446744073709551355,4,2,1,15612587136633976202,3,0,6,1982461604541247757,0,0,1,0
PAWN_AUDIT_RESULT,2236,1,1,-419,0,0,-419,0,0,0,0,0
PAWN_AUDIT_ENTRY,2237,14533954842807406977,13278915983213311437,4116207385530369812,17950435198735927921,3390,18446744073709551339,18446744073709551340,18446744073709551339,8,7,1,17,18446744073709538331,18446744073709546898,6,0,1,0,0,0,0,3365,0,18446744073709551380,18446744073709551380,1952954,12,3729,0,0,0,10,18446744073709546384,18446744073709551030,18446744073709550553,18446744073709551355,4,2,1,15612587136633976202,3,0,6,1982461604541247757,0,4,1,0
PAWN_AUDIT_RESULT,2237,1,1,-337,0,0,-337,0,0,0,0,0
PAWN_AUDIT_ENTRY,2238,13278915983213311437,7406988546062498016,4116207385530369812,1155261619837527368,4094,18446744073709551339,18446744073709551340,18446744073709551339,8,7,1,20,18446744073709537329,18446744073709546870,6,0,1,0,0,0,0,3365,0,18446744073709551380,18446744073709551380,1952954,12,3730,0,0,0,12,18446744073709545905,18446744073709551030,18446744073709550601,18446744073709551355,4,2,1,15612587136633976202,3,0,6,1982461604541247757,0,4,1,0
PAWN_AUDIT_RESULT,2238,1,1,-370,0,0,-370,0,0,0,0,0
PAWN_AUDIT_ENTRY,2239,7406988546062498016,7891375749276199739,15816759713749171304,7186741933691150015,2072,18446744073709551339,18446744073709551340,18446744073709551339,11,10,6,3,18446744073709550856,2920,4,0,1,0,0,1,0,3752,0,18446744073709551370,18446744073709551370,4355854,12,3731,0,0,0,9,794,18446744073709547649,1738,18446744073709551331,5,2,1,15612587136633976202,1,0,4,11764256427223326382,0,0,1,0
PAWN_AUDIT_RESULT,2239,6,6,-277,0,0,-277,0,20,20,0,0
PAWN_AUDIT_ENTRY,2252,12715732057075468895,901469583626988802,15816759713749171304,15081809585623076425,3929,18446744073709551339,18446744073709551340,18446744073709551339,11,10,2,5,18446744073709531532,18446744073709548933,4,0,1,0,0,1,0,3752,1,18446744073709551370,18446744073709551370,4355854,12,3761,0,0,0,11,18446744073709544475,18446744073709550285,18446744073709548884,18446744073709551331,5,2,1,15612587136633976202,1,0,4,11764256427223326382,0,2,1,0
PAWN_AUDIT_RESULT,2252,2,2,-281,0,0,-281,0,1,1,0,0
PAWN_AUDIT_ENTRY,2253,901469583626988802,7488352331581397402,15816759713749171304,5007535984458271901,3559,18446744073709551339,18446744073709551340,18446744073709551339,11,10,3,6,18446744073709537526,18446744073709549982,4,0,1,0,0,1,0,3752,0,18446744073709551370,18446744073709551370,4355854,12,3763,0,0,0,9,18446744073709544948,18446744073709550470,1718,18446744073709551331,5,2,1,15612587136633976202,1,0,4,11764256427223326382,0,0,1,0
PAWN_AUDIT_RESULT,2253,3,3,-326,0,0,-326,0,0,0,0,0
PAWN_AUDIT_ENTRY,2254,7488352331581397402,905291537291371195,15816759713749171304,10049031093271287276,3817,18446744073709551339,18446744073709551340,18446744073709551339,11,10,2,7,18446744073709535512,18446744073709550147,4,0,1,0,0,1,0,3752,0,18446744073709551370,18446744073709551370,4355854,12,3764,0,0,0,13,18446744073709545132,18446744073709551030,18446744073709550491,18446744073709551331,5,2,1,15612587136633976202,1,0,4,11764256427223326382,0,2,1,0
PAWN_AUDIT_RESULT,2254,2,2,-277,0,0,-277,0,1,1,0,0
PAWN_AUDIT_ENTRY,2255,905291537291371195,909551270802082278,15816759713749171304,1760851668783416455,3502,18446744073709551339,18446744073709551340,18446744073709551339,11,10,2,8,18446744073709534243,18446744073709549983,4,0,1,0,0,1,0,3752,0,18446744073709551370,18446744073709551370,4355854,12,3766,0,0,0,9,18446744073709544447,18446744073709551030,18446744073709550714,18446744073709551331,5,2,1,15612587136633976202,1,0,4,11764256427223326382,0,0,1,0
PAWN_AUDIT_RESULT,2255,2,2,-379,0,0,-379,0,0,0,0,0
PAWN_AUDIT_ENTRY,2256,909551270802082278,16731687437394207050,15816759713749171304,5780476362366675380,3826,18446744073709551339,18446744073709551340,18446744073709551339,11,10,2,9,18446744073709534582,18446744073709549304,4,0,1,0,0,1,0,3752,0,18446744073709551370,18446744073709551370,4355854,12,3767,0,0,0,13,18446744073709544683,18446744073709551030,18446744073709550545,18446744073709551331,5,2,1,15612587136633976202,1,0,4,11764256427223326382,0,2,1,0
PAWN_AUDIT_RESULT,2256,2,2,-300,0,0,-300,0,0,0,0,0
PAWN_AUDIT_ENTRY,2257,16731687437394207050,1133565902596364703,15816759713749171304,9820471280525747652,3112,18446744073709551339,18446744073709551340,18446744073709551339,11,10,2,11,18446744073709535379,18446744073709549124,4,0,1,0,0,1,0,3752,0,18446744073709551370,18446744073709551370,4355854,12,3768,0,0,0,9,18446744073709545430,18446744073709551030,18446744073709549753,18446744073709551331,5,2,1,15612587136633976202,1,0,4,11764256427223326382,0,0,1,0
PAWN_AUDIT_RESULT,2257,2,2,-347,0,0,-347,0,0,0,0,0
PAWN_AUDIT_ENTRY,2258,1133565902596364703,154608388438115977,15816759713749171304,8221939042536877159,3437,18446744073709551339,18446744073709551340,18446744073709551339,11,10,2,12,18446744073709533953,18446744073709549718,4,0,1,0,0,1,0,3752,0,18446744073709551370,18446744073709551370,4355854,12,3769,0,0,0,9,18446744073709544453,18446744073709551030,18446744073709550430,18446744073709551331,5,2,1,15612587136633976202,1,0,4,11764256427223326382,0,0,1,0
PAWN_AUDIT_RESULT,2258,2,2,-382,0,0,-382,0,0,0,0,0
PAWN_AUDIT_ENTRY,2259,154608388438115977,14559653469181368162,15816759713749171304,10486850698449680160,3641,18446744073709551339,18446744073709551340,18446744073709551339,11,10,2,13,18446744073709534378,18446744073709548972,4,0,1,0,0,1,0,3752,0,18446744073709551370,18446744073709551370,4355854,12,3770,0,0,0,12,18446744073709544526,18446744073709551030,18446744073709550678,18446744073709551331,5,2,1,15612587136633976202,1,0,4,11764256427223326382,0,2,1,0
PAWN_AUDIT_RESULT,2259,2,2,-307,0,0,-307,0,0,0,0,0
PAWN_AUDIT_ENTRY,2260,14559653469181368162,5818985655376456525,15816759713749171304,7067123996535123516,3956,18446744073709551339,18446744073709551340,18446744073709551339,11,10,2,14,18446744073709534173,18446744073709549294,4,0,1,0,0,1,0,3752,0,18446744073709551370,18446744073709551370,4355854,12,3771,0,0,0,11,18446744073709544497,18446744073709551030,18446744073709550545,18446744073709551331,5,2,1,15612587136633976202,1,0,4,11764256427223326382,0,2,1,0
PAWN_AUDIT_RESULT,2260,2,2,-306,0,0,-306,0,0,0,0,0
PAWN_AUDIT_ENTRY,2261,5818985655376456525,15875234015425489387,15816759713749171304,12184888606527946265,3567,18446744073709551339,18446744073709551340,18446744073709551339,11,10,2,15,18446744073709535350,18446744073709549530,4,0,1,0,0,1,0,3752,0,18446744073709551370,18446744073709551370,4355854,12,3772,0,0,0,9,18446744073709545194,18446744073709551030,18446744073709550212,18446744073709551331,5,2,1,15612587136633976202,1,0,4,11764256427223326382,0,0,1,0
PAWN_AUDIT_RESULT,2261,2,2,-302,0,0,-302,0,1,1,0,0
PAWN_AUDIT_ENTRY,2262,15875234015425489387,6928797980953890068,15816759713749171304,2371183789933462513,3429,18446744073709551339,18446744073709551340,18446744073709551339,11,10,2,16,18446744073709533796,18446744073709549469,4,0,1,0,0,1,0,3752,0,18446744073709551370,18446744073709551370,4355854,12,3774,0,0,0,9,18446744073709544451,18446744073709551030,18446744073709550287,18446744073709551331,5,2,1,15612587136633976202,1,0,4,11764256427223326382,0,0,1,0
PAWN_AUDIT_RESULT,2262,2,2,-394,0,0,-394,0,0,0,0,0
PAWN_AUDIT_ENTRY,2263,6928797980953890068,15498952371601703796,15816759713749171304,3213294328501737040,4015,18446744073709551339,18446744073709551340,18446744073709551339,11,10,2,17,18446744073709533846,18446744073709548192,4,0,1,0,0,1,0,3752,0,18446744073709551370,18446744073709551370,4355854,12,3775,0,0,0,10,18446744073709544526,18446744073709550913,18446744073709550300,18446744073709551331,5,2,1,15612587136633976202,1,0,4,11764256427223326382,0,2,1,0
PAWN_AUDIT_RESULT,2263,2,2,-326,0,0,-326,0,0,0,0,0
PAWN_AUDIT_ENTRY,2264,15498952371601703796,12977552114161985174,15816759713749171304,8027003055130233030,3827,18446744073709551339,18446744073709551340,18446744073709551339,11,10,2,18,18446744073709534208,18446744073709548067,4,0,1,0,0,1,0,3752,0,18446744073709551370,18446744073709551370,4355854,12,3776,0,0,0,13,18446744073709544468,18446744073709551030,18446744073709550638,18446744073709551331,5,2,1,15612587136633976202,1,0,4,11764256427223326382,0,2,1,0
PAWN_AUDIT_RESULT,2264,2,2,-319,0,0,-319,0,0,0,0,0
PAWN_AUDIT_ENTRY,2265,12977552114161985174,212324428030495498,15816759713749171304,12035506049157423940,3828,18446744073709551339,18446744073709551340,18446744073709551339,11,10,2,19,18446744073709533852,18446744073709548613,4,0,1,0,0,1,0,3752,0,18446744073709551370,18446744073709551370,4355854,12,3777,0,0,0,13,18446744073709544569,18446744073709551030,18446744073709550096,18446744073709551331,5,2,1,15612587136633976202,1,0,4,11764256427223326382,0,2,1,0
PAWN_AUDIT_RESULT,2265,2,2,-351,0,0,-351,0,0,0,0,0
PAWN_AUDIT_ENTRY,2266,212324428030495498,5349990050024247823,15816759713749171304,18182386052267038620,3763,18446744073709551339,18446744073709551340,18446744073709551339,11,10,2,20,18446744073709534310,18446744073709548567,4,0,1,0,0,1,0,3752,0,18446744073709551370,18446744073709551370,4355854,12,3778,0,0,0,11,18446744073709544587,18446744073709551030,18446744073709550488,18446744073709551331,5,2,1,15612587136633976202,1,0,4,11764256427223326382,0,2,1,0
PAWN_AUDIT_RESULT,2266,2,2,-339,0,0,-339,0,0,0,0,0
PAWN_AUDIT_ENTRY,2267,5349990050024247823,15324456955468066056,15816759713749171304,16020655693208944303,3891,18446744073709551339,18446744073709551340,18446744073709551339,11,10,2,21,18446744073709534062,18446744073709548474,4,0,1,0,0,1,0,3752,0,18446744073709551370,18446744073709551370,4355854,12,3779,0,0,0,14,18446744073709544473,18446744073709551030,18446744073709550491,18446744073709551331,5,2,1,15612587136633976202,1,0,4,11764256427223326382,0,2,1,0
PAWN_AUDIT_RESULT,2267,2,2,-422,0,0,-422,0,0,0,0,0
PAWN_AUDIT_ENTRY,2268,15324456955468066056,7006040457692415053,15816759713749171304,16496541492046100435,3892,18446744073709551339,18446744073709551340,18446744073709551339,11,10,2,22,18446744073709534015,18446744073709548428,4,0,1,0,0,1,0,3752,0,18446744073709551370,18446744073709551370,4355854,12,3780,0,0,0,14,18446744073709544481,18446744073709551030,18446744073709550430,18446744073709551331,5,2,1,15612587136633976202,1,0,4,11764256427223326382,0,2,1,0
PAWN_AUDIT_RESULT,2268,2,2,-471,0,0,-471,0,0,0,0,0
PAWN_AUDIT_ENTRY,2269,7006040457692415053,637440598390222772,15816759713749171304,9038622520117768877,3761,18446744073709551339,18446744073709551340,18446744073709551339,11,10,2,23,18446744073709535242,18446744073709545611,4,0,1,0,0,1,0,3752,0,18446744073709551370,18446744073709551370,4355854,12,3781,0,0,0,11,18446744073709545332,18446744073709550899,18446744073709549961,18446744073709551331,5,2,1,15612587136633976202,1,0,4,11764256427223326382,0,2,1,0
PAWN_AUDIT_RESULT,2269,2,2,-315,0,0,-315,0,0,0,0,0
PAWN_AUDIT_ENTRY,2303,7905729976601473066,8208049155195906098,1982461604541247757,16233468620101558118,797,300,301,292,6,5,2,3,18446744073709550574,18446744073709550753,5,0,1,0,0,1,0,139,0,303,303,1329846,12,3861,0,0,0,2,18446744073709551367,18446744073709550700,480,277,9,2,1,15612587136633976202,2,0,5,15816759713749171304,0,3,1,0
PAWN_AUDIT_RESULT,2303,2,2,288,0,0,288,0,3,3,0,0
PAWN_AUDIT_ENTRY,2304,8208049155195906098,7316429409151493240,1982461604541247757,1173736729058642717,166,300,301,292,6,5,1,4,18446744073709544767,18446744073709548500,5,0,1,0,0,1,0,139,0,303,303,1329846,12,3865,0,0,0,3,18446744073709549079,18446744073709551030,18446744073709551030,277,9,2,1,15612587136633976202,2,0,5,15816759713749171304,0,3,1,0
PAWN_AUDIT_RESULT,2304,1,1,276,0,0,276,0,0,0,0,0
PAWN_AUDIT_ENTRY,2305,7316429409151493240,17979314205398323757,1982461604541247757,14342030179729889767,991,300,301,292,6,5,1,5,18446744073709545044,18446744073709548463,5,0,1,0,0,1,0,139,0,303,303,1329846,12,3866,0,0,0,1,18446744073709549312,18446744073709550253,18446744073709551610,277,9,2,1,15612587136633976202,2,0,5,15816759713749171304,0,0,1,0
PAWN_AUDIT_RESULT,2305,1,1,262,0,0,262,0,1,1,0,0
PAWN_AUDIT_ENTRY,2306,17979314205398323757,4213693488848791357,1982461604541247757,18336107035764150899,1375,300,301,292,6,5,1,6,18446744073709539899,18446744073709549125,5,0,1,0,0,1,0,139,0,303,303,1329846,12,3868,0,0,0,2,18446744073709547104,18446744073709551030,18446744073709550538,277,9,2,1,15612587136633976202,2,0,5,15816759713749171304,0,3,1,0
PAWN_AUDIT_RESULT,2306,1,1,243,0,0,243,0,0,0,0,0
PAWN_AUDIT_ENTRY,2307,4213693488848791357,12837570420323547841,1982461604541247757,1040898698287549492,148,300,301,292,6,5,1,7,18446744073709540204,18446744073709548010,5,0,1,0,0,1,0,139,0,303,303,1329846,12,3869,0,0,0,3,18446744073709547004,18446744073709551030,18446744073709551030,277,9,2,1,15612587136633976202,2,0,5,15816759713749171304,0,3,1,0
PAWN_AUDIT_RESULT,2307,1,1,273,0,0,273,0,0,0,0,0
PAWN_AUDIT_ENTRY,2308,12837570420323547841,8618088296008462189,1982461604541247757,14517068425217708598,790,300,301,292,6,5,1,8,18446744073709544256,18446744073709550760,5,0,1,0,0,1,0,139,0,303,303,1329846,12,3870,0,0,0,2,18446744073709548346,1408,18446744073709550007,277,9,2,1,15612587136633976202,2,0,5,15816759713749171304,0,3,1,0
PAWN_AUDIT_RESULT,2308,1,1,240,0,0,240,0,1,1,0,0
PAWN_AUDIT_ENTRY,2309,8618088296008462189,16920391855452181743,1982461604541247757,13280664520315671990,1382,300,301,292,6,5,1,9,18446744073709539555,18446744073709547901,5,0,1,0,0,1,0,139,0,303,303,1329846,12,3872,0,0,0,2,18446744073709546902,18446744073709551030,18446744073709550632,277,9,2,1,15612587136633976202,2,0,5,15816759713749171304,0,3,1,0
PAWN_AUDIT_RESULT,2309,1,1,250,0,0,250,0,0,0,0,0
PAWN_AUDIT_ENTRY,2310,16920391855452181743,14206586207797045831,1982461604541247757,7663025138188580086,658,300,301,292,6,5,1,10,18446744073709537877,18446744073709549420,5,0,1,0,0,1,0,139,0,303,303,1329846,12,3873,0,0,0,1,18446744073709545946,18446744073709551030,18446744073709551030,277,9,2,1,15612587136633976202,2,0,5,15816759713749171304,0,0,1,0
PAWN_AUDIT_RESULT,2310,1,1,273,0,0,273,0,0,0,0,0
PAWN_AUDIT_ENTRY,2311,14206586207797045831,362435664759559748,1982461604541247757,16243249743322310354,157,300,301,292,6,5,1,11,18446744073709538843,18446744073709547835,5,0,1,0,0,1,0,139,0,303,303,1329846,12,3874,0,0,0,3,18446744073709546385,18446744073709551030,18446744073709551030,277,9,2,1,15612587136633976202,2,0,5,15816759713749171304,0,3,1,0
PAWN_AUDIT_RESULT,2311,1,1,263,0,0,263,0,0,0,0,0
PAWN_AUDIT_ENTRY,2312,362435664759559748,15816012823023233725,1982461604541247757,7151854333396702155,1355,300,301,292,6,5,1,12,18446744073709540272,18446744073709547113,5,0,1,0,0,1,0,139,0,303,303,1329846,12,3875,0,0,0,2,18446744073709547035,18446744073709551030,18446744073709551030,277,9,2,1,15612587136633976202,2,0,5,15816759713749171304,0,3,1,0
PAWN_AUDIT_RESULT,2312,1,1,-1,0,0,-1,0,0,0,0,0
PAWN_AUDIT_ENTRY,2330,7008817230925627161,6173977722411748367,3993826546600765937,15419570019399747963,2722,18446744073709551315,18446744073709551316,18446744073709551303,6,5,3,3,18446744073709550756,18446744073709550278,10,0,0,0,0,0,0,0,0,18446744073709551318,18446744073709551327,18446744073709178542,12,3942,0,0,0,9,18446744073709550100,18446744073709551030,2921,18446744073709551318,1,1,1,13862688173940149393,5,0,10,14818865830728255386,0,0,1,0
PAWN_AUDIT_RESULT,2330,3,3,-321,0,0,-321,0,13,13,0,0
PAWN_AUDIT_ENTRY,2335,16104325464110507452,10471807149059898013,3993826546600765937,8420185466680783242,3808,18446744073709551315,18446744073709551316,18446744073709551303,6,5,1,5,18446744073709542276,18446744073709550519,10,0,0,0,0,0,0,0,0,18446744073709551318,18446744073709551327,18446744073709178542,12,3956,0,0,0,13,18446744073709547946,18446744073709551030,18446744073709551030,18446744073709551318,1,1,1,13862688173940149393,5,0,10,14818865830728255386,0,6,1,0
PAWN_AUDIT_RESULT,2335,1,1,-337,0,0,-337,0,0,0,0,0
PAWN_AUDIT_ENTRY,2337,17057748531984897296,8781921782802275948,3993826546600765937,7102619239621428374,2415,18446744073709551315,18446744073709551316,18446744073709551303,6,5,1,7,18446744073709539494,18446744073709550278,10,0,0,0,0,0,0,0,0,18446744073709551318,18446744073709551327,18446744073709178542,12,3959,0,0,0,10,18446744073709547081,18446744073709551030,18446744073709550206,18446744073709551318,1,1,1,13862688173940149393,5,0,10,14818865830728255386,0,6,1,0
PAWN_AUDIT_RESULT,2337,1,1,-409,0,0,-409,0,0,0,0,0
PAWN_AUDIT_ENTRY,2338,8781921782802275948,17096704033992043028,3993826546600765937,3188874894592099432,2399,18446744073709551315,18446744073709551316,18446744073709551303,6,5,1,8,18446744073709541057,18446744073709549484,10,0,0,0,0,0,0,0,0,18446744073709551318,18446744073709551327,18446744073709178542,12,3960,0,0,0,10,18446744073709547837,18446744073709551030,18446744073709550113,18446744073709551318,1,1,1,13862688173940149393,5,0,10,14818865830728255386,0,6,1,0
PAWN_AUDIT_RESULT,2338,1,1,-336,0,0,-336,0,0,0,0,0
PAWN_AUDIT_ENTRY,2339,17096704033992043028,17474686162488517447,3993826546600765937,13414716444419852978,4094,18446744073709551315,18446744073709551316,18446744073709551303,6,5,1,9,18446744073709537147,18446744073709550278,10,0,0,0,0,0,0,0,0,18446744073709551318,18446744073709551327,18446744073709178542,12,3961,0,0,0,12,18446744073709545614,18446744073709551030,18446744073709551030,18446744073709551318,1,1,1,13862688173940149393,5,0,10,14818865830728255386,0,6,1,0
PAWN_AUDIT_RESULT,2339,1,1,-359,0,0,-359,0,0,0,0,0
PAWN_AUDIT_ENTRY,2340,17474686162488517447,2313909894074242920,3993826546600765937,7465230628940267637,3817,18446744073709551315,18446744073709551316,18446744073709551303,6,5,1,10,18446744073709536547,18446744073709550278,10,0,0,0,0,0,0,0,0,18446744073709551318,18446744073709551327,18446744073709178542,12,3962,0,0,0,13,18446744073709545341,18446744073709551030,18446744073709551030,18446744073709551318,1,1,1,13862688173940149393,5,0,10,14818865830728255386,0,6,1,0
PAWN_AUDIT_RESULT,2340,1,1,-329,0,0,-329,0,0,0,0,0
PAWN_AUDIT_ENTRY,2341,2313909894074242920,9842303344871119540,3993826546600765937,5041195516107352960,3567,18446744073709551315,18446744073709551316,18446744073709551303,6,5,1,11,18446744073709536542,18446744073709550278,10,0,0,0,0,0,0,0,0,18446744073709551318,18446744073709551327,18446744073709178542,12,3963,0,0,0,9,18446744073709545339,18446744073709551030,18446744073709551030,18446744073709551318,1,1,1,13862688173940149393,5,0,10,14818865830728255386,0,0,1,0
PAWN_AUDIT_RESULT,2341,1,1,-319,0,0,-319,0,0,0,0,0
PAWN_AUDIT_ENTRY,2342,9842303344871119540,15148668203029306686,3993826546600765937,7252437679289806941,3112,18446744073709551315,18446744073709551316,18446744073709551303,6,5,1,12,18446744073709536309,18446744073709550278,10,0,0,0,0,0,0,0,0,18446744073709551318,18446744073709551327,18446744073709178542,12,3964,0,0,0,9,18446744073709545233,18446744073709551030,18446744073709551030,18446744073709551318,1,1,1,13862688173940149393,5,0,10,14818865830728255386,0,0,1,0
PAWN_AUDIT_RESULT,2342,1,1,-338,0,0,-338,0,0,0,0,0
PAWN_AUDIT_ENTRY,2343,15148668203029306686,8122041395602199621,3993826546600765937,6162444814276764619,2420,18446744073709551315,18446744073709551316,18446744073709551303,6,5,1,33,18446744073709535056,18446744073709551106,10,0,0,0,0,0,0,0,0,18446744073709551318,18446744073709551327,18446744073709178542,12,3965,0,0,0,10,18446744073709545312,18446744073709551611,18446744073709549095,18446744073709551318,1,1,1,13862688173940149393,5,0,10,14818865830728255386,0,6,1,0
PAWN_AUDIT_RESULT,2343,1,1,-376,0,0,-376,0,0,0,0,0
PAWN_AUDIT_ENTRY,2347,13916792875510724787,9722904394174099199,13667004529275296987,6862158843316010065,2722,18446744073709551315,18446744073709551316,18446744073709551299,7,6,1,3,18446744073709550530,18446744073709550278,10,0,0,0,0,0,0,0,0,18446744073709551232,18446744073709551232,2203491,12,3975,0,0,0,9,18446744073709550616,18446744073709551030,1646,18446744073709551300,1,1,1,9851794657757734989,1,0,10,5143453640438674096,0,0,1,0
PAWN_AUDIT_RESULT,2347,1,1,-329,0,0,-329,0,0,0,0,0
PAWN_AUDIT_ENTRY,2348,9722904394174099199,5112970096194384634,13667004529275296987,10167303298437906668,3632,18446744073709551315,18446744073709551316,18446744073709551299,7,6,1,5,18446744073709548647,18446744073709549516,10,0,0,0,0,0,0,0,0,18446744073709551232,18446744073709551232,2203491,12,3976,0,0,0,12,18446744073709550843,18446744073709551030,18446744073709551030,18446744073709551300,1,1,1,9851794657757734989,1,0,10,5143453640438674096,0,2,1,0
PAWN_AUDIT_RESULT,2348,1,1,-371,0,0,-371,0,0,0,0,0
PAWN_AUDIT_ENTRY,2349,5112970096194384634,9357534863649681430,13667004529275296987,3194141491861705364,3374,18446744073709551315,18446744073709551316,18446744073709551299,7,6,1,6,18446744073709547244,18446744073709550278,10,0,0,0,0,0,0,0,0,18446744073709551232,18446744073709551232,2203491,12,3977,0,0,0,10,18446744073709550939,18446744073709551090,18446744073709549456,18446744073709551300,1,1,1,9851794657757734989,1,0,10,5143453640438674096,0,2,1,0
PAWN_AUDIT_RESULT,2349,1,1,-324,0,0,-324,0,0,0,0,0
PAWN_AUDIT_ENTRY,2350,9357534863649681430,3240507954018911858,13667004529275296987,3408411999663676460,3624,18446744073709551315,18446744073709551316,18446744073709551299,7,6,1,7,18446744073709547219,18446744073709548874,10,0,0,0,0,0,0,0,0,18446744073709551232,18446744073709551232,2203491,12,3978,0,0,0,12,18446744073709550194,18446744073709551030,18446744073709551030,18446744073709551300,1,1,1,9851794657757734989,1,0,10,5143453640438674096,0,2,1,0
PAWN_AUDIT_RESULT,2350,1,1,-392,0,0,-392,0,0,0,0,0
PAWN_AUDIT_ENTRY,2358,9773921617939964594,9624855976502225672,14976781548209233726,7041773601633616292,3386,18446744073709551315,18446744073709551316,18446744073709551300,6,5,1,6,18446744073709546999,18446744073709550278,10,0,0,0,0,0,0,3374,0,18446744073709551271,18446744073709551271,18446744073707108256,12,3993,0,0,0,10,18446744073709550094,18446744073709551030,18446744073709551030,18446744073709551315,0,1,1,13862688173940149393,5,0,10,3824669439315439957,0,6,1,0
PAWN_AUDIT_RESULT,2358,1,1,-347,0,0,-347,0,0,0,0,0
PAWN_AUDIT_ENTRY,2359,9624855976502225672,12985262887856029910,14976781548209233726,10119123763797755717,3808,18446744073709551315,18446744073709551316,18446744073709551300,6,5,1,8,18446744073709541636,18446744073709549911,10,0,0,0,0,0,0,3374,0,18446744073709551271,18446744073709551271,18446744073707108256,12,3994,0,0,0,13,18446744073709547655,18446744073709551030,18446744073709551030,18446744073709551315,0,1,1,13862688173940149393,5,0,10,3824669439315439957,0,6,1,0
PAWN_AUDIT_RESULT,2359,1,1,-338,0,0,-338,0,0,0,0,0
PAWN_AUDIT_ENTRY,2360,12985262887856029910,1385635055021209643,14976781548209233726,5565541186083982472,3642,18446744073709551315,18446744073709551316,18446744073709551300,6,5,1,9,18446744073709544383,18446744073709551142,10,0,0,0,0,0,0,3374,0,18446744073709551271,18446744073709551271,18446744073707108256,12,3995,0,0,0,12,18446744073709550851,18446744073709551030,18446744073709547019,18446744073709551315,0,1,1,13862688173940149393,5,0,10,3824669439315439957,0,6,1,0
PAWN_AUDIT_RESULT,2360,1,1,-335,0,0,-335,0,0,0,0,0
PAWN_AUDIT_ENTRY,2361,1385635055021209643,6595597991282649204,14976781548209233726,3777270193719677352,2593,18446744073709551315,18446744073709551316,18446744073709551300,6,5,1,10,18446744073709539996,18446744073709549544,10,0,0,0,0,0,0,3374,0,18446744073709551271,18446744073709551271,18446744073707108256,12,3996,0,0,0,11,18446744073709547121,18446744073709551030,18446744073709550594,18446744073709551315,0,1,1,13862688173940149393,5,0,10,3824669439315439957,0,6,1,0
PAWN_AUDIT_RESULT,2361,1,1,-343,0,0,-343,0,0,0,0,0
PAWN_AUDIT_ENTRY,2362,6595597991282649204,431280070986502688,14976781548209233726,10170405690035775321,3834,18446744073709551315,18446744073709551316,18446744073709551300,6,5,1,11,18446744073709540291,18446744073709549353,10,0,0,0,0,0,0,3374,0,18446744073709551271,18446744073709551271,18446744073707108256,12,3997,0,0,0,13,18446744073709547367,18446744073709551030,18446744073709550364,18446744073709551315,0,1,1,13862688173940149393,5,0,10,3824669439315439957,0,6,1,0
PAWN_AUDIT_RESULT,2362,1,1,-344,0,0,-344,0,0,0,0,0
PAWN_AUDIT_ENTRY,2372,6119732831423007153,3306462333033127536,4519239073703101423,2029757167427073526,139,300,301,284,6,5,1,3,18446744073709544423,18446744073709549496,9,0,1,0,0,1,0,0,0,297,311,1931588,12,4019,0,0,0,3,18446744073709548424,90,18446744073709551361,297,5,1,1,13862688173940149393,4,0,9,12632215460695805344,0,5,1,0
PAWN_AUDIT_RESULT,2372,1,1,294,0,0,294,0,1,1,0,0
PAWN_AUDIT_ENTRY,2373,3306462333033127536,13029619832314761957,4519239073703101423,17024289922192744660,790,300,301,294,6,5,1,4,18446744073709542807,18446744073709549001,9,0,1,0,0,1,0,0,0,297,311,1931588,12,4021,0,0,0,2,18446744073709549161,18446744073709549485,18446744073709550616,297,5,1,1,13862688173940149393,4,0,9,12632215460695805344,0,5,1,0
PAWN_AUDIT_RESULT,2373,1,1,294,0,0,294,0,0,0,0,0
PAWN_AUDIT_ENTRY,2374,13029619832314761957,4934656727747796845,4519239073703101423,3854345686945708543,166,300,301,294,6,5,1,5,18446744073709545233,18446744073709547813,9,0,1,0,0,1,0,0,0,297,311,1931588,12,4022,0,0,0,3,18446744073709549291,18446744073709551030,18446744073709551030,297,5,1,1,13862688173940149393,4,0,9,12632215460695805344,0,5,1,0
PAWN_AUDIT_RESULT,2374,1,1,293,0,0,293,0,0,0,0,0
PAWN_AUDIT_ENTRY,2375,4934656727747796845,4767482682390142658,4519239073703101423,5722977188835608084,658,300,301,294,6,5,1,6,18446744073709539124,18446744073709550278,9,0,1,0,0,1,0,0,0,297,311,1931588,12,4023,0,0,0,1,18446744073709546513,18446744073709551030,18446744073709551030,297,5,1,1,13862688173940149393,4,0,9,12632215460695805344,0,0,1,0
PAWN_AUDIT_RESULT,2375,1,1,297,0,0,297,0,0,0,0,0
PAWN_AUDIT_ENTRY,2376,4767482682390142658,13420228280876551635,4519239073703101423,12437243309236559616,593,300,301,297,6,5,1,7,18446744073709538548,18446744073709550278,9,0,1,0,0,1,0,0,0,297,311,1931588,12,4024,0,0,0,1,18446744073709546251,18446744073709551030,18446744073709551030,297,5,1,1,13862688173940149393,4,0,9,12632215460695805344,0,0,1,0
PAWN_AUDIT_RESULT,2376,1,1,295,0,0,295,0,0,0,0,0
PAWN_AUDIT_ENTRY,2377,13420228280876551635,10397354624086428936,4519239073703101423,3118340822575300310,148,300,301,297,6,5,1,8,18446744073709540806,18446744073709549203,9,0,1,0,0,1,0,0,0,297,311,1931588,12,4025,0,0,0,3,18446744073709547278,18446744073709551030,18446744073709551030,297,5,1,1,13862688173940149393,4,0,9,12632215460695805344,0,5,1,0
PAWN_AUDIT_RESULT,2377,1,1,293,0,0,293,0,0,0,0,0
PAWN_AUDIT_ENTRY,2378,10397354624086428936,14798877716223243364,4519239073703101423,9544571408275765433,391,300,301,297,6,5,1,9,18446744073709535528,1799,9,0,1,0,0,1,0,0,0,297,311,1931588,12,4026,0,0,0,6,18446744073709544878,18446744073709551030,18446744073709551030,297,5,1,1,13862688173940149393,4,0,9,12632215460695805344,0,5,1,0
PAWN_AUDIT_RESULT,2378,1,1,274,0,0,274,0,0,0,0,0
PAWN_AUDIT_ENTRY,2379,14798877716223243364,12379878389398677266,4519239073703101423,9109162917740398407,203,300,301,297,6,5,1,11,18446744073709537574,18446744073709549529,9,0,1,0,0,1,0,0,0,297,311,1931588,12,4027,0,0,0,5,18446744073709545808,18446744073709551030,18446744073709551030,297,5,1,1,13862688173940149393,4,0,9,12632215460695805344,0,5,1,0
PAWN_AUDIT_RESULT,2379,1,1,261,0,0,261,0,0,0,0,0
PAWN_AUDIT_ENTRY,2395,16035792092336548348,14225882177245748091,16387634145214883744,16525566381148012179,3370,18446744073709551315,18446744073709551316,18446744073709551271,6,5,2,4,18446744073709550340,18446744073709550278,8,0,0,0,0,0,0,0,0,18446744073709551180,18446744073709551180,1611056,12,4062,0,0,1,10,18446744073709551613,18446744073709551030,18446744073709551030,18446744073709551249,1,1,1,16181860050169201040,0,0,8,4163474458883486512,0,1,1,0
PAWN_AUDIT_RESULT,2395,2,2,-365,0,0,-365,0,0,0,0,0
PAWN_AUDIT_ENTRY,2398,4989039533916320819,12197497115306422183,17997743716510154325,7176913797713740448,3752,18446744073709551315,18446744073709551316,18446744073709551277,8,7,5,2,18446744073709548206,18446744073709550278,6,0,0,0,0,0,0,0,0,18446744073709551318,18446744073709551318,18446744073706065657,12,4065,0,0,0,11,3760,18446744073709541563,18446744073709551030,18446744073709551320,4,1,1,11155293981311553228,1,0,6,4112303237443771618,0,2,1,0
PAWN_AUDIT_RESULT,2398,5,5,-311,0,0,-311,0,17,17,0,0
PAWN_AUDIT_ENTRY,2405,17115063494782103552,18161525753545133424,17997743716510154325,10089373843049321053,2202,18446744073709551315,18446744073709551316,18446744073709551305,8,7,3,3,18446744073709551220,18446744073709550278,6,0,0,0,0,0,0,0,0,18446744073709551318,18446744073709551318,18446744073706065657,12,4083,0,0,0,9,18446744073709551018,18446744073709551030,1464,18446744073709551320,4,1,1,11155293981311553228,1,0,6,4112303237443771618,0,0,1,0
PAWN_AUDIT_RESULT,2405,3,3,-327,0,0,-327,0,0,0,0,0
PAWN_AUDIT_ENTRY,2406,18161525753545133424,5633030384839246260,17997743716510154325,4753778187999239298,2072,18446744073709551315,18446744073709551316,18446744073709551305,8,7,2,4,18446744073709543288,18446744073709550278,6,0,0,0,0,0,0,0,0,18446744073709551318,18446744073709551318,18446744073706065657,12,4084,0,0,0,9,2237,18446744073709540137,18446744073709551030,18446744073709551320,4,1,1,11155293981311553228,1,0,6,4112303237443771618,0,0,1,0
PAWN_AUDIT_RESULT,2406,2,2,-322,0,0,-322,0,0,0,0,0
PAWN_AUDIT_ENTRY,2408,6599645530217707957,6861050957087768982,17997743716510154325,7438513745195585184,3559,18446744073709551315,18446744073709551316,18446744073709551305,8,7,1,6,18446744073709532973,18446744073709550278,6,0,0,0,0,0,0,0,0,18446744073709551318,18446744073709551318,18446744073706065657,12,4086,0,0,0,9,18446744073709544861,18446744073709548740,18446744073709551030,18446744073709551320,4,1,1,11155293981311553228,1,0,6,4112303237443771618,0,0,1,0
PAWN_AUDIT_RESULT,2408,1,1,-365,0,0,-365,0,0,0,0,0
PAWN_AUDIT_ENTRY,2409,6861050957087768982,7100951760056637012,17997743716510154325,12191784244605556689,3817,18446744073709551315,18446744073709551316,18446744073709551305,8,7,1,7,18446744073709535734,18446744073709550278,6,0,0,0,0,0,0,0,0,18446744073709551318,18446744073709551318,18446744073706065657,12,4087,0,0,0,13,18446744073709545295,18446744073709550383,18446744073709551030,18446744073709551320,4,1,1,11155293981311553228,1,0,6,4112303237443771618,0,2,1,0
PAWN_AUDIT_RESULT,2409,1,1,-303,0,0,-303,0,0,0,0,0
PAWN_AUDIT_ENTRY,2410,7100951760056637012,17945855259055129019,17997743716510154325,10042415859452623908,3567,18446744073709551315,18446744073709551316,18446744073709551313,8,7,1,8,18446744073709536190,18446744073709550278,6,0,0,0,0,0,0,0,0,18446744073709551318,18446744073709551318,18446744073706065657,12,4088,0,0,0,9,18446744073709545332,18446744073709550724,18446744073709551030,18446744073709551320,4,1,1,11155293981311553228,1,0,6,4112303237443771618,0,0,1,0
PAWN_AUDIT_RESULT,2410,1,1,-314,0,0,-314,0,0,0,0,0
PAWN_AUDIT_ENTRY,2411,17945855259055129019,11966944288718823350,17997743716510154325,12253711004240242681,3112,18446744073709551315,18446744073709551316,18446744073709551313,8,7,1,9,18446744073709535314,18446744073709550278,6,0,0,0,0,0,0,0,0,18446744073709551318,18446744073709551318,18446744073706065657,12,4089,0,0,0,9,18446744073709545161,18446744073709550269,18446744073709551030,18446744073709551320,4,1,1,11155293981311553228,1,0,6,4112303237443771618,0,0,1,0
PAWN_AUDIT_RESULT,2411,1,1,-371,0,0,-371,0,0,0,0,0
PAWN_AUDIT_ENTRY,2412,11966944288718823350,4553251858354406474,17997743716510154325,6857606667821281424,3761,18446744073709551315,18446744073709551316,18446744073709551313,8,7,1,10,18446744073709535558,18446744073709550278,6,0,0,0,0,0,0,0,0,18446744073709551318,18446744073709551318,18446744073706065657,12,4090,0,0,0,11,18446744073709545223,18446744073709550367,18446744073709551030,18446744073709551320,4,1,1,11155293981311553228,1,0,6,4112303237443771618,0,2,1,0
PAWN_AUDIT_RESULT,2412,1,1,-338,0,0,-338,0,0,0,0,0
PAWN_AUDIT_ENTRY,2413,4553251858354406474,13778498642624538146,17997743716510154325,8249713831845637001,3826,18446744073709551315,18446744073709551316,18446744073709551313,8,7,1,11,18446744073709534436,18446744073709550278,6,0,0,0,0,0,0,0,0,18446744073709551318,18446744073709551318,18446744073706065657,12,4091,0,0,0,13,18446744073709544669,18446744073709550455,18446744073709551030,18446744073709551320,4,1,1,11155293981311553228,1,0,6,4112303237443771618,0,2,1,0
PAWN_AUDIT_RESULT,2413,1,1,-314,0,0,-314,0,0,0,0,0
PAWN_AUDIT_ENTRY,2414,13778498642624538146,10151643106967862729,17997743716510154325,11874803297444986159,3641,18446744073709551315,18446744073709551316,18446744073709551313,8,7,1,12,18446744073709534297,18446744073709550278,6,0,0,0,0,0,0,0,0,18446744073709551318,18446744073709551318,18446744073706065657,12,4092,0,0,0,12,18446744073709544517,18446744073709550632,18446744073709551030,18446744073709551320,4,1,1,11155293981311553228,1,0,6,4112303237443771618,0,2,1,0
PAWN_AUDIT_RESULT,2414,1,1,-326,0,0,-326,0,0,0,0,0
PAWN_AUDIT_ENTRY,2415,10151643106967862729,5011994858936833448,17997743716510154325,4191570210724775610,3502,18446744073709551315,18446744073709551316,18446744073709551313,8,7,1,13,18446744073709534189,18446744073709550278,6,0,0,0,0,0,0,0,0,18446744073709551318,18446744073709551318,18446744073706065657,12,4093,0,0,0,9,18446744073709544444,18446744073709550680,18446744073709551030,18446744073709551320,4,1,1,11155293981311553228,1,0,6,4112303237443771618,0,0,1,0
PAWN_AUDIT_RESULT,2415,1,1,-407,0,0,-407,0,0,0,0,0
PAWN_AUDIT_ENTRY,2416,5011994858936833448,9502006432459698020,17997743716510154325,1068291612502578285,4015,18446744073709551315,18446744073709551316,18446744073709551313,8,7,1,14,18446744073709534334,18446744073709550278,6,0,0,0,0,0,0,0,0,18446744073709551318,18446744073709551318,18446744073706065657,12,4094,0,0,0,10,18446744073709544510,18446744073709550680,18446744073709551030,18446744073709551320,4,1,1,11155293981311553228,1,0,6,4112303237443771618,0,2,1,0
PAWN_AUDIT_RESULT,2416,1,1,-360,0,0,-360,0,0,0,0,0
PAWN_AUDIT_ENTRY,2417,9502006432459698020,9615800198683301298,17997743716510154325,5557753216027986683,3827,18446744073709551315,18446744073709551316,18446744073709551313,8,7,1,15,18446744073709534120,18446744073709550278,6,0,0,0,0,0,0,0,0,18446744073709551318,18446744073709551318,18446744073706065657,12,4095,0,0,0,13,18446744073709544463,18446744073709550579,18446744073709551030,18446744073709551320,4,1,1,11155293981311553228,1,0,6,4112303237443771618,0,2,1,0
PAWN_AUDIT_RESULT,2417,1,1,-332,0,0,-332,0,0,0,0,0
PAWN_AUDIT_ENTRY,2418,9615800198683301298,11252208222813292251,17997743716510154325,16001413045624870305,3763,18446744073709551315,18446744073709551316,18446744073709551313,8,7,1,16,18446744073709534181,18446744073709550278,6,0,0,0,0,0,0,0,0,18446744073709551318,18446744073709551318,18446744073706065657,12,4096,0,0,0,11,18446744073709544556,18446744073709550449,18446744073709551030,18446744073709551320,4,1,1,11155293981311553228,1,0,6,4112303237443771618,0,2,1,0
PAWN_AUDIT_RESULT,2418,1,1,-320,0,0,-320,0,0,0,0,0
PAWN_AUDIT_ENTRY,2419,11252208222813292251,18050344984673409023,17997743716510154325,4636394731670875137,3956,18446744073709551315,18446744073709551316,18446744073709551313,8,7,1,17,18446744073709534045,18446744073709550278,6,0,0,0,0,0,0,0,0,18446744073709551318,18446744073709551318,18446744073706065657,12,4097,0,0,0,11,18446744073709544491,18446744073709550455,18446744073709551030,18446744073709551320,4,1,1,11155293981311553228,1,0,6,4112303237443771618,0,2,1,0
PAWN_AUDIT_RESULT,2419,1,1,-327,0,0,-327,0,0,0,0,0
PAWN_AUDIT_ENTRY,2420,18050344984673409023,10116865973466893109,17997743716510154325,3508803896701567043,3891,18446744073709551315,18446744073709551316,18446744073709551313,8,7,1,19,18446744073709533909,18446744073709550278,6,0,0,0,0,0,0,0,0,18446744073709551318,18446744073709551318,18446744073706065657,12,4098,0,0,0,14,18446744073709544465,18446744073709550383,18446744073709551030,18446744073709551320,4,1,1,11155293981311553228,1,0,6,4112303237443771618,0,2,1,0
PAWN_AUDIT_RESULT,2420,1,1,-590,0,0,-590,0,0,0,0,0
PAWN_AUDIT_ENTRY,2421,10116865973466893109,18128272667929722347,17997743716510154325,723521398081833279,3892,18446744073709551315,18446744073709551316,18446744073709551313,8,7,1,20,18446744073709533833,18446744073709550278,6,0,0,0,0,0,0,0,0,18446744073709551318,18446744073709551318,18446744073706065657,12,4099,0,0,0,14,18446744073709544471,18446744073709550302,18446744073709551030,18446744073709551320,4,1,1,11155293981311553228,1,0,6,4112303237443771618,0,2,1,0
PAWN_AUDIT_RESULT,2421,1,1,-601,0,0,-601,0,0,0,0,0
PAWN_AUDIT_ENTRY,2422,18128272667929722347,10411144573430226810,17997743716510154325,192701221621416396,3429,18446744073709551315,18446744073709551316,18446744073709551313,8,7,1,21,18446744073709534414,18446744073709550278,6,0,0,0,0,0,0,0,0,18446744073709551318,18446744073709551318,18446744073706065657,12,4100,0,0,0,9,18446744073709544447,18446744073709550879,18446744073709551030,18446744073709551320,4,1,1,11155293981311553228,1,0,6,4112303237443771618,0,0,1,0
PAWN_AUDIT_RESULT,2422,1,1,-479,0,0,-479,0,0,0,0,0
PAWN_AUDIT_ENTRY,2519,14525531593512479968,3215337007229339028,5737657886189561150,15816759713749171304,396,301,302,293,10,9,7,2,18446744073709550838,18446744073709547748,3,0,0,0,0,0,0,0,0,239,239,2248576,12,4265,0,0,0,2,3740,18446744073709545173,18446744073709549818,285,4,1,1,15612587136633976202,0,0,3,6103444820835194958,0,1,1,0
PAWN_AUDIT_RESULT,2519,7,7,301,0,0,301,0,15,15,0,0
PAWN_AUDIT_ENTRY,2524,3823091933392230052,8691730066905442741,5737657886189561150,4929942372598062894,166,301,302,301,10,9,3,3,18446744073709546192,18446744073709548500,3,0,0,0,0,0,0,0,0,239,239,2248576,12,4281,0,0,0,3,18446744073709549727,18446744073709551030,18446744073709551030,285,4,1,1,15612587136633976202,0,0,3,6103444820835194958,0,1,1,0
PAWN_AUDIT_RESULT,2524,3,3,262,0,0,262,0,0,0,0,0
PAWN_AUDIT_ENTRY,2525,8691730066905442741,18011639136260970168,5737657886189561150,6508085157623011335,148,301,302,301,10,9,2,4,18446744073709541970,18446744073709548010,3,0,0,0,0,0,0,0,0,239,239,2248576,12,4282,0,0,0,3,18446744073709547807,18446744073709551030,18446744073709551030,285,4,1,1,15612587136633976202,0,0,3,6103444820835194958,0,1,1,0
PAWN_AUDIT_RESULT,2525,2,2,257,0,0,257,0,0,0,0,0
PAWN_AUDIT_ENTRY,2526,18011639136260970168,3711556084666055481,5737657886189561150,9241216764086103807,407,301,302,301,10,9,1,6,18446744073709543215,18446744073709547192,3,0,0,0,0,0,0,0,0,239,239,2248576,12,4283,0,0,0,2,18446744073709548373,18446744073709551030,18446744073709551030,285,4,1,1,15612587136633976202,0,0,3,6103444820835194958,0,1,1,0
PAWN_AUDIT_RESULT,2526,1,1,271,0,0,271,0,0,0,0,0
PAWN_AUDIT_ENTRY,2527,3711556084666055481,9798082094276322097,5737657886189561150,17036335799576592773,1382,301,302,301,10,9,1,7,18446744073709538864,18446744073709547901,3,0,0,0,0,0,0,0,0,239,239,2248576,12,4284,0,0,0,2,18446744073709546588,18446744073709551030,18446744073709550632,285,4,1,1,15612587136633976202,0,0,3,6103444820835194958,0,1,1,0
PAWN_AUDIT_RESULT,2527,1,1,247,0,0,247,0,0,0,0,0
PAWN_AUDIT_ENTRY,2528,9798082094276322097,12294390917392364795,5737657886189561150,13062904802204873441,157,301,302,301,10,9,1,8,18446744073709538532,18446744073709547835,3,0,0,0,0,0,0,0,0,239,239,2248576,12,4285,0,0,0,3,18446744073709546244,18446744073709551030,18446744073709551030,285,4,1,1,15612587136633976202,0,0,3,6103444820835194958,0,1,1,0
PAWN_AUDIT_RESULT,2528,1,1,252,0,0,252,0,0,0,0,0
PAWN_AUDIT_ENTRY,2529,12294390917392364795,9904142013282994351,5737657886189561150,10604428287964827092,991,301,302,301,10,9,1,9,18446744073709547070,18446744073709549120,3,0,0,0,0,0,0,0,0,239,239,2248576,12,4286,0,0,0,1,18446744073709549830,18446744073709549921,1167,285,4,1,1,15612587136633976202,0,0,3,6103444820835194958,0,0,1,0
PAWN_AUDIT_RESULT,2529,1,1,264,0,0,264,0,0,0,0,0
PAWN_AUDIT_ENTRY,2530,9904142013282994351,2157009149626165111,5737657886189561150,3991071894520907768,1355,301,302,301,10,9,1,11,18446744073709539139,18446744073709547113,3,0,0,0,0,0,0,0,0,239,239,2248576,12,4287,0,0,0,2,18446744073709546520,18446744073709551030,18446744073709551030,285,4,1,1,15612587136633976202,0,0,3,6103444820835194958,0,1,1,0
PAWN_AUDIT_RESULT,2530,1,1,219,0,0,219,0,0,0,0,0
PAWN_AUDIT_ENTRY,2531,2157009149626165111,6062592118006211404,5737657886189561150,1116314251313308054,203,301,302,301,10,9,1,12,18446744073709537299,18446744073709547679,3,0,0,0,0,0,0,0,0,239,239,2248576,12,4288,0,0,0,5,18446744073709545683,18446744073709551030,18446744073709551030,285,4,1,1,15612587136633976202,0,0,3,6103444820835194958,0,1,1,0
PAWN_AUDIT_RESULT,2531,1,1,220,0,0,220,0,0,0,0,0
PAWN_AUDIT_ENTRY,2532,6062592118006211404,12932340069429193012,5737657886189561150,10328276996134521061,211,301,302,301,10,9,1,13,18446744073709537481,18446744073709547146,3,0,0,0,0,0,0,0,0,239,239,2248576,12,4289,0,0,0,5,18446744073709545766,18446744073709551030,18446744073709551030,285,4,1,1,15612587136633976202,0,0,3,6103444820835194958,0,1,1,0
PAWN_AUDIT_RESULT,2532,1,1,242,0,0,242,0,0,0,0,0
PAWN_AUDIT_ENTRY,2540,2857463724393709079,13370030810349976686,2517239424645749801,3030057539312789786,3814,18446744073709551314,18446744073709551315,18446744073709551310,6,5,1,2,18446744073709540417,18446744073709550278,6,0,1,0,0,0,0,0,0,18446744073709551391,18446744073709551391,901908,12,4305,0,0,0,13,18446744073709547101,18446744073709551030,18446744073709551030,32002,18446744073709551614,2,1,14076655773642951672,0,0,6,16542960985891867313,0,1,1,0
PAWN_AUDIT_RESULT,2540,1,1,-357,0,0,-357,0,0,0,0,0
PAWN_AUDIT_ENTRY,2541,13370030810349976686,4782391239198508201,2517239424645749801,11156264506751237886,2072,18446744073709551314,18446744073709551315,18446744073709551310,6,5,1,3,18446744073709545790,18446744073709551190,6,0,1,0,0,0,0,0,0,18446744073709551391,18446744073709551391,901908,12,4306,0,0,0,9,18446744073709550510,1866,18446744073709546514,32002,18446744073709551614,2,1,14076655773642951672,0,0,6,16542960985891867313,0,0,1,0
PAWN_AUDIT_RESULT,2541,1,1,-273,1,5,-295,0,2,13,1,1
PAWN_AUDIT_ENTRY,2552,15069725487192642374,15677331063788992432,16542960985891867313,16209196113346841082,463,301,302,296,8,7,1,7,18446744073709541092,18446744073709548874,5,0,0,0,0,0,0,0,0,248,248,3427878,12,4329,0,0,0,4,18446744073709547408,18446744073709551030,18446744073709551030,257,1,1,1,11877139874466203308,2,0,5,9207951117377599044,0,3,1,0
PAWN_AUDIT_RESULT,2552,1,1,199,0,0,199,0,0,0,0,0
PAWN_AUDIT_ENTRY,2564,1114214394835906776,14599295568686197676,16999149722591932178,2627349308541052115,407,301,302,296,10,9,4,5,18446744073709544618,18446744073709550429,3,0,0,0,0,1,0,0,0,254,254,18446744073704859191,12,4346,0,0,0,2,18446744073709549011,18446744073709551030,18446744073709551030,276,8,1,1,11877139874466203308,0,0,3,17364357699975631458,0,1,1,0
PAWN_AUDIT_RESULT,2564,4,4,268,0,0,268,0,0,0,0,0
PAWN_AUDIT_ENTRY,2565,14599295568686197676,13064204917259615863,16999149722591932178,16560547317748744257,405,301,302,296,10,9,4,6,18446744073709547749,18446744073709549466,3,0,0,0,0,1,0,0,0,254,254,18446744073704859191,12,4347,0,0,0,2,18446744073709550808,18446744073709551381,18446744073709549900,276,8,1,1,11877139874466203308,0,0,3,17364357699975631458,0,1,1,0
PAWN_AUDIT_RESULT,2565,4,4,269,0,0,269,0,0,0,0,0
PAWN_AUDIT_ENTRY,2566,13064204917259615863,10793789671877901155,16999149722591932178,13351741224490728569,721,301,302,296,10,9,4,7,18446744073709547355,18446744073709550550,3,0,0,0,0,1,0,0,0,254,254,18446744073704859191,12,4348,0,0,0,2,1845,18446744073709545796,18446744073709549818,276,8,1,1,11877139874466203308,0,0,3,17364357699975631458,0,1,1,0
PAWN_AUDIT_RESULT,2566,4,4,276,0,0,276,0,0,0,0,0
PAWN_AUDIT_ENTRY,2567,10793789671877901155,166488799801159106,16999149722591932178,17190198241536306265,463,301,302,296,10,9,3,8,18446744073709539799,18446744073709547758,3,0,0,0,0,1,0,0,0,254,254,18446744073704859191,12,4349,0,0,0,4,18446744073709546820,18446744073709551030,18446744073709551030,276,8,1,1,11877139874466203308,0,0,3,17364357699975631458,0,1,1,0
PAWN_AUDIT_RESULT,2567,3,3,194,0,0,194,0,0,0,0,0
PAWN_AUDIT_ENTRY,2568,166488799801159106,7045389732721030930,16999149722591932178,8553429260110001594,222,301,302,299,10,9,3,11,18446744073709537809,18446744073709549864,3,0,0,0,0,1,0,0,0,254,254,18446744073704859191,12,4350,0,0,0,5,18446744073709545915,18446744073709551030,18446744073709551030,276,8,1,1,11877139874466203308,0,0,3,17364357699975631458,0,1,1,0
PAWN_AUDIT_RESULT,2568,3,3,258,0,0,258,0,0,0,0,0
PAWN_AUDIT_ENTRY,2569,7045389732721030930,11433328765364343027,16999149722591932178,11111095012133432041,658,301,302,299,10,9,2,15,18446744073709537343,18446744073709550278,3,0,0,0,0,1,0,0,0,254,254,18446744073704859191,12,4351,0,0,0,1,18446744073709546580,18446744073709549276,18446744073709551030,276,8,1,1,11877139874466203308,0,0,3,17364357699975631458,0,0,1,0
PAWN_AUDIT_RESULT,2569,2,2,243,0,0,243,0,0,0,0,0
PAWN_AUDIT_ENTRY,2643,5134893119554278978,10286151841128892670,1517072148404631507,10946359928482079845,3642,18446744073709551309,18446744073709551310,18446744073709551303,6,5,2,7,18446744073709547875,18446744073709551214,10,0,0,0,0,1,0,0,0,18446744073709551305,18446744073709551306,18446744073704390592,13,4468,0,0,0,12,18446744073709550924,18446744073709551030,18446744073709550140,18446744073709551305,1,1,1,15612587136633976202,7,0,10,17277632209420376504,0,8,1,0
PAWN_AUDIT_RESULT,2643,2,2,-322,0,0,-322,0,0,0,0,0
PAWN_AUDIT_ENTRY,2652,8725592424543701777,6779245381584649860,2078089070852021709,1665267511569360861,166,306,307,294,7,6,1,4,18446744073709546588,18446744073709548500,9,0,1,0,0,1,0,139,0,307,307,2924694,13,4482,0,0,0,3,18446744073709549907,18446744073709551030,18446744073709551030,304,2,2,1,15612587136633976202,6,0,9,10173614008055796610,0,7,1,0
PAWN_AUDIT_RESULT,2652,1,1,285,0,0,285,0,0,0,0,0
PAWN_AUDIT_ENTRY,2653,6779245381584649860,16924041703550669333,2078089070852021709,14853778109302161142,790,306,307,294,7,6,1,5,18446744073709540201,18446744073709549821,9,0,1,0,0,1,0,139,0,307,307,2924694,13,4483,0,0,0,2,18446744073709547976,18446744073709549485,18446744073709550616,304,2,2,1,15612587136633976202,6,0,9,10173614008055796610,0,7,1,0
PAWN_AUDIT_RESULT,2653,1,1,292,0,0,292,0,0,0,0,0
PAWN_AUDIT_ENTRY,2654,16924041703550669333,5780424636313805006,2078089070852021709,11967317798524446363,391,306,307,294,7,6,1,6,18446744073709535390,1561,9,0,1,0,0,1,0,139,0,307,307,2924694,13,4484,0,0,0,6,18446744073709544815,18446744073709551030,18446744073709551030,304,2,2,1,15612587136633976202,6,0,9,10173614008055796610,0,7,1,0
PAWN_AUDIT_RESULT,2654,1,1,278,0,0,278,0,0,0,0,0
PAWN_AUDIT_ENTRY,2655,5780424636313805006,7139369161861070401,2078089070852021709,659715177617367284,148,306,307,294,7,6,1,7,18446744073709541970,18446744073709548010,9,0,1,0,0,1,0,139,0,307,307,2924694,13,4485,0,0,0,3,18446744073709547807,18446744073709551030,18446744073709551030,304,2,2,1,15612587136633976202,6,0,9,10173614008055796610,0,7,1,0
PAWN_AUDIT_RESULT,2655,1,1,287,0,0,287,0,0,0,0,0
PAWN_AUDIT_ENTRY,2656,7139369161861070401,10405708478544839985,2078089070852021709,10302164352840761634,593,306,307,294,7,6,1,8,18446744073709539236,18446744073709548989,9,0,1,0,0,1,0,139,0,307,307,2924694,13,4486,0,0,0,1,18446744073709546564,18446744073709551030,18446744073709551030,304,2,2,1,15612587136633976202,6,0,9,10173614008055796610,0,0,1,0
PAWN_AUDIT_RESULT,2656,1,1,287,0,0,287,0,0,0,0,0
PAWN_AUDIT_ENTRY,2657,10405708478544839985,14528061105060175971,2078089070852021709,7858020967859607606,658,306,307,294,7,6,1,9,18446744073709538123,18446744073709548859,9,0,1,0,0,1,0,139,0,307,307,2924694,13,4487,0,0,0,1,18446744073709546058,18446744073709551030,18446744073709551030,304,2,2,1,15612587136633976202,6,0,9,10173614008055796610,0,0,1,0
PAWN_AUDIT_RESULT,2657,1,1,284,0,0,284,0,0,0,0,0
PAWN_AUDIT_ENTRY,2658,14528061105060175971,9313557614233663956,2078089070852021709,7790580875205906288,389,306,307,294,7,6,1,11,18446744073709540972,18446744073709547263,9,0,1,0,0,1,0,139,0,307,307,2924694,13,4488,0,0,0,6,18446744073709547753,18446744073709551030,18446744073709550206,304,2,2,1,15612587136633976202,6,0,9,10173614008055796610,0,7,1,0
PAWN_AUDIT_RESULT,2658,1,1,240,0,0,240,0,0,0,0,0
PAWN_AUDIT_ENTRY,2671,8524570335982037535,10043828439244642121,11349479415062906789,18404234311469174175,3365,18446744073709551334,18446744073709551335,18446744073709551315,6,5,1,2,18446744073709547231,682,8,0,1,0,0,0,0,0,0,18446744073709551414,18446744073709551414,18446744073708171888,13,4519,0,0,0,10,1270,18446744073709549454,18446744073709547118,32002,18446744073709551614,0,1,11877139874466203308,0,0,8,4686924775344156495,0,1,1,0
PAWN_AUDIT_ENTRY,2677,11200086174468146300,437174099195752665,18404234311469174175,17627674559496566671,166,281,282,235,6,5,1,5,18446744073709546916,18446744073709550278,9,0,0,0,0,0,0,0,0,153,153,4066699,13,4527,0,0,0,3,18446744073709550056,18446744073709551030,18446744073709551030,235,2,1,1,11877139874466203308,1,0,9,11349479415062906789,0,2,1,0
PAWN_AUDIT_RESULT,2677,1,1,195,0,0,195,0,0,0,0,0
PAWN_AUDIT_ENTRY,2678,437174099195752665,1254957665578682850,18404234311469174175,6658556457805288872,1359,281,282,235,6,5,1,6,18446744073709547969,18446744073709549212,9,0,0,0,0,0,0,0,0,153,153,4066699,13,4528,0,0,0,2,18446744073709550535,18446744073709551030,18446744073709551030,235,2,1,1,11877139874466203308,1,0,9,11349479415062906789,0,2,1,0
PAWN_AUDIT_RESULT,2678,1,1,159,0,0,159,0,0,0,0,0
PAWN_AUDIT_ENTRY,2679,1254957665578682850,18320623168142615472,18404234311469174175,3588776130902557427,399,281,282,235,6,5,1,7,18446744073709547219,18446744073709548874,9,0,0,0,0,0,0,0,0,153,153,4066699,13,4529,0,0,0,6,18446744073709550194,18446744073709551030,18446744073709551030,235,2,1,1,11877139874466203308,1,0,9,11349479415062906789,0,2,1,0
PAWN_AUDIT_RESULT,2679,1,1,169,0,0,169,0,0,0,0,0
PAWN_AUDIT_ENTRY,2680,18320623168142615472,7286402326497353021,18404234311469174175,3286813104696012452,790,281,282,235,6,5,1,8,18446744073709542983,18446744073709550278,9,0,0,0,0,0,0,0,0,153,153,4066699,13,4530,0,0,0,2,18446744073709548340,18446744073709550885,18446744073709551030,235,2,1,1,11877139874466203308,1,0,9,11349479415062906789,0,2,1,0
PAWN_AUDIT_RESULT,2680,1,1,196,0,0,196,0,0,0,0,0
PAWN_AUDIT_ENTRY,2681,7286402326497353021,13452588689399152929,18404234311469174175,4076553150798524892,1348,281,282,235,6,5,1,9,18446744073709543116,18446744073709550278,9,0,0,0,0,0,0,0,0,153,153,4066699,13,4531,0,0,0,2,18446744073709548328,18446744073709551030,18446744073709551030,235,2,1,1,11877139874466203308,1,0,9,11349479415062906789,0,2,1,0
PAWN_AUDIT_RESULT,2681,1,1,142,0,0,142,0,0,0,0,0
PAWN_AUDIT_RESULT,2671,1,1,-235,1,6,-235,0,3,12,1,1
PAWN_AUDIT_ENTRY,2736,9390153812751202746,10262922547136881869,15828995193050233729,513935264166220651,991,281,282,251,6,5,2,4,18446744073709546311,18446744073709549177,9,0,0,0,0,0,0,324,0,275,275,6292917,13,4633,0,0,0,1,18446744073709550264,205,18446744073709549220,290,0,1,1,13862688173940149393,2,0,9,1993008006621411044,0,0,1,0
PAWN_AUDIT_RESULT,2736,2,2,247,0,0,247,0,0,0,0,0
PAWN_AUDIT_ENTRY,2737,10262922547136881869,2814253408360394691,15828995193050233729,17199368080641175783,729,281,282,251,6,5,2,6,18446744073709547219,18446744073709547758,9,0,0,0,0,0,0,324,0,275,275,6292917,13,4634,0,0,0,3,18446744073709550194,18446744073709551030,18446744073709551030,290,0,1,1,13862688173940149393,2,0,9,1993008006621411044,0,3,1,0
PAWN_AUDIT_RESULT,2737,2,2,238,0,0,238,0,0,0,0,0
PAWN_AUDIT_ENTRY,2738,2814253408360394691,10863907297021091724,15828995193050233729,15236750763941751644,708,281,282,251,6,5,2,7,18446744073709544714,18446744073709548874,9,0,0,0,0,0,0,324,0,275,275,6292917,13,4635,0,0,0,3,18446744073709549055,18446744073709551030,18446744073709551030,290,0,1,1,13862688173940149393,2,0,9,1993008006621411044,0,3,1,0
PAWN_AUDIT_RESULT,2738,2,2,182,0,0,182,0,0,0,0,0
PAWN_AUDIT_ENTRY,2739,10863907297021091724,6774412119984094033,15828995193050233729,5297810246165227374,593,281,282,251,6,5,1,8,18446744073709540540,18446744073709550278,9,0,0,0,0,0,0,324,0,275,275,6292917,13,4636,0,0,0,1,18446744073709547157,18446744073709551030,18446744073709551030,290,0,1,1,13862688173940149393,2,0,9,1993008006621411044,0,0,1,0
PAWN_AUDIT_RESULT,2739,1,1,254,0,0,254,0,0,0,0,0
PAWN_AUDIT_ENTRY,2740,6774412119984094033,12604408981054130929,15828995193050233729,674978923661220026,790,281,282,254,6,5,1,9,18446744073709542810,18446744073709548921,9,0,0,0,0,0,0,324,0,275,275,6292917,13,4637,0,0,0,2,18446744073709547322,1279,18446744073709550895,290,0,1,1,13862688173940149393,2,0,9,1993008006621411044,0,3,1,0
PAWN_AUDIT_RESULT,2740,1,1,189,0,0,189,0,0,0,0,0
PAWN_AUDIT_ENTRY,2741,12604408981054130929,1536043522175380118,15828995193050233729,12281445733274074746,658,281,282,254,6,5,1,10,18446744073709538040,18446744073709550278,9,0,0,0,0,0,0,324,0,275,275,6292917,13,4638,0,0,0,1,18446744073709546020,18446744073709551030,18446744073709551030,290,0,1,1,13862688173940149393,2,0,9,1993008006621411044,0,0,1,0
PAWN_AUDIT_RESULT,2741,1,1,244,0,0,244,0,0,0,0,0
PAWN_AUDIT_ENTRY,2742,1536043522175380118,9917922592138459061,15828995193050233729,2040633823098210242,1348,281,282,254,6,5,1,11,18446744073709540252,18446744073709549625,9,0,0,0,0,0,0,324,0,275,275,6292917,13,4639,0,0,0,2,18446744073709547026,18446744073709551030,18446744073709551030,290,0,1,1,13862688173940149393,2,0,9,1993008006621411044,0,3,1,0
PAWN_AUDIT_RESULT,2742,1,1,210,0,0,210,0,0,0,0,0
PAWN_AUDIT_ENTRY,2743,9917922592138459061,3258760843019491087,15828995193050233729,5911120192453979204,742,281,282,254,6,5,1,12,18446744073709543344,18446744073709547200,9,0,0,0,0,0,0,324,0,275,275,6292917,13,4640,0,0,0,3,18446744073709548432,18446744073709551030,18446744073709551030,290,0,1,1,13862688173940149393,2,0,9,1993008006621411044,0,3,1,0
PAWN_AUDIT_RESULT,2743,1,1,211,0,0,211,0,0,0,0,0
PAWN_AUDIT_ENTRY,2753,12023926071413219652,16113784571338548933,15815960969436255315,574115021278395577,991,281,282,270,8,7,2,4,18446744073709547195,18446744073709549177,7,0,0,0,0,0,0,0,0,210,210,5771315,13,4654,0,0,0,1,18446744073709550403,18446744073709550590,18446744073709551030,293,3,1,1,13862688173940149393,0,0,7,7152156193792341636,0,0,1,0
PAWN_AUDIT_RESULT,2753,2,2,234,0,0,234,0,0,0,0,0
PAWN_AUDIT_ENTRY,2754,16113784571338548933,15826334043267166846,15815960969436255315,5283828120082008252,593,281,282,270,8,7,1,6,18446744073709540448,18446744073709550278,7,0,0,0,0,0,0,0,0,210,210,5771315,13,4655,0,0,0,1,18446744073709547115,18446744073709551030,18446744073709551030,293,3,1,1,13862688173940149393,0,0,7,7152156193792341636,0,0,1,0
PAWN_AUDIT_RESULT,2754,1,1,224,0,0,224,0,0,0,0,0
PAWN_AUDIT_ENTRY,2755,15826334043267166846,7379940893972605950,15815960969436255315,15368087484487645952,1350,281,282,270,8,7,1,7,18446744073709538906,18446744073709550278,7,0,0,0,0,0,0,0,0,210,210,5771315,13,4656,0,0,0,2,18446744073709546414,18446744073709551030,18446744073709551030,293,3,1,1,13862688173940149393,0,0,7,7152156193792341636,0,1,1,0
PAWN_AUDIT_RESULT,2755,1,1,184,0,0,184,0,0,0,0,0
PAWN_AUDIT_ENTRY,2836,3462398801334225781,15174758572249357016,2926150578200338358,5789559557119655280,725,104,105,104,6,5,3,2,18446744073709551213,762,9,0,0,0,0,0,0,0,0,95,95,18446744073709158568,13,4800,0,0,1,2,1063,18446744073709550689,18446744073709550003,99,0,1,1,683866580799896363,0,0,9,17839755687110502880,0,1,1,0
PAWN_AUDIT_RESULT,2836,3,3,56,0,0,56,0,0,0,0,0
PAWN_AUDIT_ENTRY,2837,15174758572249357016,5688162470494260195,2926150578200338358,16852518519089996205,276,104,105,104,6,5,2,3,18446744073709547219,18446744073709548874,9,0,0,0,0,0,0,0,0,95,95,18446744073709158568,13,4801,0,0,1,4,18446744073709550194,18446744073709551030,18446744073709551030,99,0,1,1,683866580799896363,0,0,9,17839755687110502880,0,1,1,0
PAWN_AUDIT_RESULT,2837,2,2,39,0,0,39,0,0,0,0,0
PAWN_AUDIT_ENTRY,2838,5688162470494260195,12152917043065960057,2926150578200338358,4688778511413759624,1875,104,105,104,6,5,1,5,18446744073709548266,18446744073709550278,9,0,0,0,0,0,0,0,0,95,95,18446744073709158568,13,4802,0,0,1,2,18446744073709550670,18446744073709551030,18446744073709551030,99,0,1,1,683866580799896363,0,0,9,17839755687110502880,0,1,1,0
PAWN_AUDIT_RESULT,2838,1,1,31,0,0,31,0,0,0,0,0
PAWN_AUDIT_ENTRY,2839,12152917043065960057,8338833197129024949,2926150578200338358,15154618872453001693,1868,104,105,104,6,5,1,6,18446744073709544714,18446744073709550278,9,0,0,0,0,0,0,0,0,95,95,18446744073709158568,13,4803,0,0,1,2,18446744073709549055,18446744073709551030,18446744073709551030,99,0,1,1,683866580799896363,0,0,9,17839755687110502880,0,1,1,0
PAWN_AUDIT_RESULT,2839,1,1,-8,0,0,-8,0,0,0,0,0
PAWN_AUDIT_ENTRY,2840,8338833197129024949,12815491812141875602,2926150578200338358,9939175090119451466,1879,104,105,104,6,5,1,7,18446744073709542704,18446744073709550278,9,0,0,0,0,0,0,0,0,95,95,18446744073709158568,13,4804,0,0,1,2,18446744073709548141,18446744073709551030,18446744073709551030,99,0,1,1,683866580799896363,0,0,9,17839755687110502880,0,1,1,0
PAWN_AUDIT_RESULT,2840,1,1,-13,0,0,-13,0,0,0,0,0
PAWN_AUDIT_ENTRY,2843,6345986467272691193,8844974841517747659,2926150578200338358,13453869916040643417,593,104,105,104,6,5,1,10,18446744073709539821,18446744073709550278,9,0,0,0,0,0,0,0,0,95,95,18446744073709158568,13,4808,0,0,1,1,18446744073709546830,18446744073709551030,18446744073709551030,99,0,1,1,683866580799896363,0,0,9,17839755687110502880,0,0,1,0
PAWN_AUDIT_RESULT,2843,1,1,63,0,0,63,0,0,0,0,0
PAWN_AUDIT_ENTRY,2844,8844974841517747659,17460622375170501698,2926150578200338358,6363771588423666955,389,104,105,104,6,5,1,11,18446744073709539562,18446744073709550278,9,0,0,0,0,0,0,0,0,95,95,18446744073709158568,13,4809,0,0,1,6,18446744073709547112,18446744073709551030,18446744073709550206,99,0,1,1,683866580799896363,0,0,9,17839755687110502880,0,1,1,0
PAWN_AUDIT_RESULT,2844,1,1,-38,0,0,-38,0,0,0,0,0
PAWN_AUDIT_ENTRY,2848,4545652660914965164,16787675483810658306,15217065887538790504,12388983668390765230,725,281,282,281,8,7,3,4,18446744073709548260,18446744073709551469,11,0,0,0,0,0,0,0,0,46,46,666127,13,4817,0,0,0,2,255,18446744073709549619,18446744073709550003,104,4,1,1,683866580799896363,2,0,11,15993185769918331039,0,3,1,0
PAWN_AUDIT_RESULT,2848,3,3,200,0,0,200,0,2,2,0,0
PAWN_AUDIT_ENTRY,2849,16787675483810658306,8607259445581915021,15217065887538790504,1043483150538730001,2518,281,282,281,8,7,3,5,18446744073709546618,18446744073709548874,11,0,0,0,0,0,0,0,0,46,46,666127,13,4820,0,0,0,2,18446744073709550194,18446744073709550885,18446744073709550616,104,4,1,1,683866580799896363,2,0,11,15993185769918331039,0,3,1,0
PAWN_AUDIT_RESULT,2849,3,3,110,0,0,110,0,0,0,0,0
PAWN_AUDIT_ENTRY,2851,13924184949179251042,2655025173805828496,15217065887538790504,17840498990269964090,2541,281,282,281,8,7,2,28,18446744073709550340,18446744073709550278,11,0,0,0,0,0,0,0,1,46,46,666127,13,4822,0,0,0,2,18446744073709551613,18446744073709551030,18446744073709551030,104,4,1,1,683866580799896363,2,0,11,15993185769918331039,0,3,1,0
PAWN_AUDIT_RESULT,2851,2,2,-466,0,0,-466,0,2,2,0,0
PAWN_AUDIT_ENTRY,2859,2482025520707447564,2343134721977656454,5596471272973348814,18217318003353339353,1115,281,282,194,7,6,2,4,18446744073709550340,18446744073709550278,11,0,0,0,0,0,0,0,0,73,73,18446744073708605059,13,4841,0,0,0,2,18446744073709551613,18446744073709551030,18446744073709551030,194,2,1,1,683866580799896363,2,0,11,4860647943757600569,0,3,1,0
PAWN_AUDIT_RESULT,2859,2,2,170,0,0,170,0,0,0,0,0
PAWN_AUDIT_ENTRY,2862,8881038227452325784,6275715842137935324,1285646787735405650,14798184974182001848,991,281,282,281,10,9,4,3,18446744073709549469,18446744073709550278,9,0,0,0,0,0,0,0,0,126,126,201323,13,4845,0,0,1,1,18446744073709551217,18446744073709551030,18446744073709551030,220,2,1,1,683866580799896363,0,0,9,14906850740789178884,0,0,1,0
PAWN_AUDIT_RESULT,2862,4,4,133,0,0,133,0,0,0,0,0
PAWN_AUDIT_ENTRY,2864,5186728144618221482,1814344832808014831,1285646787735405650,16483028656540115835,2525,281,282,281,10,9,2,5,18446744073709540475,18446744073709547270,9,0,0,0,0,0,0,0,0,126,126,201323,13,4847,0,0,1,2,18446744073709547734,18446744073709550694,18446744073709550126,220,2,1,1,683866580799896363,0,0,9,14906850740789178884,0,1,1,0
PAWN_AUDIT_RESULT,2864,2,2,103,0,0,103,0,0,0,0,0
PAWN_AUDIT_ENTRY,2865,1814344832808014831,4802765247337990216,1285646787735405650,14736158796499316267,2518,281,282,281,10,9,3,6,18446744073709544714,18446744073709547758,9,0,0,0,0,0,0,0,0,126,126,201323,13,4848,0,0,1,2,18446744073709549055,18446744073709551030,18446744073709551030,220,2,1,1,683866580799896363,0,0,9,14906850740789178884,0,1,1,0
PAWN_AUDIT_RESULT,2865,3,3,100,0,0,100,0,0,0,0,0
PAWN_AUDIT_ENTRY,2867,3039281395307813874,8386417994745634434,1285646787735405650,9509898082919307453,593,281,282,281,10,9,1,8,18446744073709539456,18446744073709550278,9,0,0,0,0,0,0,0,0,126,126,201323,13,4851,0,0,1,1,18446744073709546664,18446744073709551030,18446744073709551030,220,2,1,1,683866580799896363,0,0,9,14906850740789178884,0,0,1,0
PAWN_AUDIT_RESULT,2867,1,1,177,0,0,177,0,0,0,0,0
PAWN_AUDIT_ENTRY,2868,8386417994745634434,17652099573994998741,1285646787735405650,10127881920778542842,222,281,282,281,10,9,1,9,18446744073709537622,18446744073709550278,9,0,0,0,0,0,0,0,0,126,126,201323,13,4852,0,0,1,5,18446744073709545830,18446744073709551030,18446744073709551030,220,2,1,1,683866580799896363,0,0,9,14906850740789178884,0,1,1,0
PAWN_AUDIT_RESULT,2868,1,1,211,0,0,211,0,0,0,0,0
PAWN_AUDIT_ENTRY,2869,17652099573994998741,18307140778480291011,1285646787735405650,6920940130337358249,658,281,282,281,10,9,1,10,18446744073709537567,18446744073709550278,9,0,0,0,0,0,0,0,0,126,126,201323,13,4853,0,0,1,1,18446744073709545805,18446744073709551030,18446744073709551030,220,2,1,1,683866580799896363,0,0,9,14906850740789178884,0,0,1,0
PAWN_AUDIT_RESULT,2869,1,1,229,0,0,229,0,0,0,0,0
PAWN_AUDIT_ENTRY,2870,18307140778480291011,14438963644191078241,1285646787735405650,17557931558601623203,196,281,282,281,10,9,1,11,18446744073709538130,18446744073709550278,9,0,0,0,0,0,0,0,0,126,126,201323,13,4854,0,0,1,5,18446744073709546061,18446744073709551030,18446744073709551030,220,2,1,1,683866580799896363,0,0,9,14906850740789178884,0,1,1,0
PAWN_AUDIT_RESULT,2870,1,1,-112,0,0,-112,0,0,0,0,0
PAWN_AUDIT_ENTRY,2871,14438963644191078241,162545935891637673,1285646787735405650,8629957591551277974,1,281,282,281,10,9,1,12,18446744073709535456,18446744073709550278,9,0,0,0,0,0,0,0,0,126,126,201323,13,4855,0,0,1,4,18446744073709544845,18446744073709551030,18446744073709551030,220,2,1,1,683866580799896363,0,0,9,14906850740789178884,0,1,1,0
PAWN_AUDIT_RESULT,2871,1,1,175,0,0,175,0,0,0,0,0
PAWN_AUDIT_ENTRY,2872,162545935891637673,14580510499095717223,1285646787735405650,3849530340827732736,2541,281,282,281,10,9,1,23,18446744073709550340,18446744073709550278,9,0,0,0,0,0,0,0,1,126,126,201323,13,4856,0,0,1,2,18446744073709551613,18446744073709551030,18446744073709551030,220,2,1,1,683866580799896363,0,0,9,14906850740789178884,0,1,1,0
PAWN_AUDIT_RESULT,2872,1,1,-392,0,0,-392,0,2,2,0,0
PAWN_AUDIT_ENTRY,2874,4022095497657988681,16766392462978903110,1517072148404631507,8639087061594815977,2420,18446744073709551334,18446744073709551335,18446744073709551307,7,6,1,2,18446744073709539780,5748,10,0,1,0,0,1,0,0,0,18446744073709551303,18446744073709551313,18446744073705295218,13,4863,0,0,0,10,18446744073709545138,18446744073709548141,5838,18446744073709551303,6,1,1,15612587136633976202,7,0,10,15648043178610445086,0,8,1,0
PAWN_AUDIT_RESULT,2874,1,1,-363,0,0,-363,0,0,0,0,0
PAWN_AUDIT_ENTRY,2875,16766392462978903110,3086435778816952416,1517072148404631507,17842140487255316313,2722,18446744073709551334,18446744073709551335,18446744073709551307,7,6,1,4,18446744073709547202,18446744073709548477,10,0,1,0,0,1,0,0,0,18446744073709551303,18446744073709551313,18446744073705295218,13,4864,0,0,0,9,18446744073709550847,18446744073709550462,18446744073709550253,18446744073709551303,6,1,1,15612587136633976202,7,0,10,15648043178610445086,0,0,1,0
PAWN_AUDIT_RESULT,2875,1,1,-313,0,0,-313,0,0,0,0,0
PAWN_AUDIT_ENTRY,2876,3086435778816952416,13850943632689290478,1517072148404631507,12479964444197197060,2072,18446744073709551334,18446744073709551335,18446744073709551307,7,6,1,6,18446744073709544349,2601,10,0,1,0,0,1,0,0,0,18446744073709551303,18446744073709551313,18446744073705295218,13,4865,0,0,0,9,18446744073709550597,18446744073709548264,18446744073709550360,18446744073709551303,6,1,1,15612587136633976202,7,0,10,15648043178610445086,0,0,1,0
PAWN_AUDIT_RESULT,2876,1,1,-317,0,0,-317,0,0,0,0,0
PAWN_AUDIT_ENTRY,2878,18375616673124598127,11836031956123256664,1517072148404631507,10946359928482079845,3642,18446744073709551334,18446744073709551335,18446744073709551307,7,6,1,8,18446744073709542109,18446744073709551214,10,0,1,0,0,1,0,0,0,18446744073709551303,18446744073709551313,18446744073705295218,13,4867,0,0,0,12,18446744073709551352,18446744073709547960,18446744073709547019,18446744073709551303,6,1,1,15612587136633976202,7,0,10,15648043178610445086,0,8,1,0
PAWN_AUDIT_RESULT,2878,1,1,-306,0,0,-306,0,0,0,0,0
PAWN_AUDIT_ENTRY,2879,11836031956123256664,11502997045585615294,1517072148404631507,1017951863287372362,2399,18446744073709551334,18446744073709551335,18446744073709551310,7,6,1,9,18446744073709541451,18446744073709549249,10,0,1,0,0,1,0,0,0,18446744073709551303,18446744073709551313,18446744073705295218,13,4868,0,0,0,10,18446744073709547571,18446744073709551030,18446744073709551030,18446744073709551303,6,1,1,15612587136633976202,7,0,10,15648043178610445086,0,8,1,0
PAWN_AUDIT_RESULT,2879,1,1,-320,0,0,-320,0,0,0,0,0
PAWN_AUDIT_ENTRY,2880,11502997045585615294,9897121022237544079,4860604190059411435,1405521533202603631,3817,18446744073709551334,18446744073709551335,18446744073709551313,10,9,3,2,18446744073709548816,6821,8,0,1,0,0,0,0,3752,0,18446744073709551358,18446744073709551358,18446744073707998503,13,4869,0,0,0,13,18446744073709550929,18446744073709551585,18446744073709550440,18446744073709551340,4,2,1,15612587136633976202,5,0,8,4302967405866308909,0,6,1,0
PAWN_AUDIT_RESULT,2880,3,3,-295,0,0,-295,0,0,0,0,0
PAWN_AUDIT_ENTRY,2892,12128945246389265333,10994743535070287880,4860604190059411435,2422337640365293009,2420,18446744073709551334,18446744073709551335,18446744073709551331,10,9,1,4,18446744073709536845,2895,8,0,1,0,0,0,0,3752,0,18446744073709551358,18446744073709551358,18446744073707998503,13,4888,0,0,0,10,18446744073709544998,2250,18446744073709549095,18446744073709551340,4,2,1,15612587136633976202,5,0,8,4302967405866308909,0,6,1,0
PAWN_AUDIT_RESULT,2892,1,1,-347,0,0,-347,0,0,0,0,0
PAWN_AUDIT_ENTRY,2893,10994743535070287880,10436403265861435830,4860604190059411435,18106811759702496572,2072,18446744073709551334,18446744073709551335,18446744073709551331,10,9,2,5,18446744073709545161,2601,8,0,1,0,0,0,0,3752,0,18446744073709551358,18446744073709551358,18446744073707998503,13,4889,0,0,0,9,18446744073709550760,18446744073709547132,335,18446744073709551340,4,2,1,15612587136633976202,5,0,8,4302967405866308909,0,0,1,0
PAWN_AUDIT_RESULT,2893,2,2,-308,0,0,-308,0,0,0,0,0
PAWN_AUDIT_ENTRY,2895,2657589392330393951,16406962238059006831,4860604190059411435,6366279000532130418,2399,18446744073709551334,18446744073709551335,18446744073709551331,10,9,1,7,18446744073709540175,18446744073709548990,8,0,1,0,0,0,0,3752,0,18446744073709551358,18446744073709551358,18446744073707998503,13,4892,0,0,0,10,18446744073709547436,18446744073709551030,18446744073709550113,18446744073709551340,4,2,1,15612587136633976202,5,0,8,4302967405866308909,0,6,1,0
PAWN_AUDIT_RESULT,2895,1,1,-316,0,0,-316,0,0,0,0,0
PAWN_AUDIT_ENTRY,2896,16406962238059006831,7967384087778319437,4860604190059411435,15963687934287234846,3559,18446744073709551334,18446744073709551335,18446744073709551331,10,9,1,8,18446744073709534343,18446744073709549982,8,0,1,0,0,0,0,3752,0,18446744073709551358,18446744073709551358,18446744073707998503,13,4893,0,0,0,9,18446744073709544619,18446744073709550470,18446744073709551030,18446744073709551340,4,2,1,15612587136633976202,5,0,8,4302967405866308909,0,0,1,0
PAWN_AUDIT_RESULT,2896,1,1,-302,0,0,-302,0,0,0,0,0
PAWN_AUDIT_ENTRY,2897,7967384087778319437,11843923080506209694,4860604190059411435,3597625460872394138,3567,18446744073709551334,18446744073709551335,18446744073709551331,10,9,1,9,18446744073709536131,18446744073709549530,8,0,1,0,0,0,0,3752,0,18446744073709551358,18446744073709551358,18446744073707998503,13,4894,0,0,0,9,18446744073709545152,18446744073709551030,18446744073709551030,18446744073709551340,4,2,1,15612587136633976202,5,0,8,4302967405866308909,0,0,1,0
PAWN_AUDIT_RESULT,2897,1,1,-306,0,0,-306,0,0,0,0,0
PAWN_AUDIT_ENTRY,2898,11843923080506209694,12533819163381187118,4860604190059411435,9267268569144692484,3502,18446744073709551334,18446744073709551335,18446744073709551331,10,9,1,10,18446744073709534558,18446744073709549983,8,0,1,0,0,0,0,3752,0,18446744073709551358,18446744073709551358,18446744073707998503,13,4895,0,0,0,9,18446744073709544437,18446744073709551030,18446744073709551030,18446744073709551340,4,2,1,15612587136633976202,5,0,8,4302967405866308909,0,0,1,0
PAWN_AUDIT_RESULT,2898,1,1,-339,0,0,-339,0,0,0,0,0
PAWN_AUDIT_ENTRY,2899,12533819163381187118,9402729144353051538,4860604190059411435,19706573553117524,3494,18446744073709551334,18446744073709551335,18446744073709551331,10,9,1,11,18446744073709534591,18446744073709549871,8,0,1,0,0,0,0,3752,0,18446744073709551358,18446744073709551358,18446744073707998503,13,4896,0,0,0,9,18446744073709544452,18446744073709551030,18446744073709551030,18446744073709551340,4,2,1,15612587136633976202,5,0,8,4302967405866308909,0,0,1,0
PAWN_AUDIT_RESULT,2899,1,1,-351,0,0,-351,0,0,0,0,0
PAWN_AUDIT_ENTRY,2900,9402729144353051538,3162606725832000214,4860604190059411435,10947089048874039373,2388,18446744073709551334,18446744073709551335,18446744073709551331,10,9,2,12,18446744073709550340,18446744073709550278,8,0,1,0,0,0,0,3752,0,18446744073709551358,18446744073709551358,18446744073707998503,13,4897,0,0,0,10,18446744073709551613,18446744073709551030,18446744073709551030,18446744073709551340,4,2,1,15612587136633976202,5,0,8,4302967405866308909,0,6,1,0
PAWN_AUDIT_RESULT,2900,2,2,-285,0,0,-285,0,0,0,0,0
PAWN_AUDIT_ENTRY,2901,3162606725832000214,3522656241151193849,4860604190059411435,7815391090694192046,2390,18446744073709551334,18446744073709551335,18446744073709551331,10,9,2,13,18446744073709550340,18446744073709550278,8,0,1,0,0,0,0,3752,0,18446744073709551358,18446744073709551358,18446744073707998503,13,4898,0,0,0,10,18446744073709551613,18446744073709551030,18446744073709551030,18446744073709551340,4,2,1,15612587136633976202,5,0,8,4302967405866308909,0,6,1,0
PAWN_AUDIT_RESULT,2901,2,2,-332,0,0,-332,0,0,0,0,0
PAWN_AUDIT_ENTRY,2902,3522656241151193849,13686926302634941019,4860604190059411435,10699113990253564367,2411,18446744073709551334,18446744073709551335,18446744073709551331,10,9,2,14,18446744073709550340,18446744073709550278,8,0,1,0,0,0,0,3752,0,18446744073709551358,18446744073709551358,18446744073707998503,13,4899,0,0,0,10,18446744073709551613,18446744073709551030,18446744073709551030,18446744073709551340,4,2,1,15612587136633976202,5,0,8,4302967405866308909,0,6,1,0
PAWN_AUDIT_RESULT,2902,2,2,-392,0,0,-392,0,0,0,0,0
PAWN_AUDIT_ENTRY,2903,13686926302634941019,10419840536135513553,4860604190059411435,16928484636205328356,3437,18446744073709551334,18446744073709551335,18446744073709551331,10,9,1,15,18446744073709534567,18446744073709549718,8,0,1,0,0,0,0,3752,0,18446744073709551358,18446744073709551358,18446744073707998503,13,4900,0,0,0,9,18446744073709544441,18446744073709551030,18446744073709551030,18446744073709551340,4,2,1,15612587136633976202,5,0,8,4302967405866308909,0,0,1,0
PAWN_AUDIT_RESULT,2903,1,1,-405,0,0,-405,0,0,0,0,0
PAWN_AUDIT_ENTRY,2904,10419840536135513553,16742372629247489057,4860604190059411435,14469043377550008887,3826,18446744073709551334,18446744073709551335,18446744073709551331,10,9,1,16,18446744073709535308,18446744073709548968,8,0,1,0,0,0,0,3752,0,18446744073709551358,18446744073709551358,18446744073707998503,13,4901,0,0,0,13,18446744073709544778,18446744073709551030,18446744073709551030,18446744073709551340,4,2,1,15612587136633976202,5,0,8,4302967405866308909,0,6,1,0
PAWN_AUDIT_RESULT,2904,1,1,-310,0,0,-310,0,0,0,0,0
PAWN_AUDIT_ENTRY,2905,16742372629247489057,4137108294354998963,4860604190059411435,1206239518787104327,3112,18446744073709551334,18446744073709551335,18446744073709551331,10,9,1,17,18446744073709535834,18446744073709549124,8,0,1,0,0,0,0,3752,0,18446744073709551358,18446744073709551358,18446744073707998503,13,4902,0,0,0,9,18446744073709545017,18446744073709551030,18446744073709551030,18446744073709551340,4,2,1,15612587136633976202,5,0,8,4302967405866308909,0,0,1,0
PAWN_AUDIT_RESULT,2905,1,1,-341,0,0,-341,0,0,0,0,0
PAWN_AUDIT_ENTRY,2906,4137108294354998963,2788433976669723264,4860604190059411435,18079499761096009151,3956,18446744073709551334,18446744073709551335,18446744073709551331,10,9,1,18,18446744073709534629,18446744073709548781,8,0,1,0,0,0,0,3752,0,18446744073709551358,18446744073709551358,18446744073707998503,13,4903,0,0,0,11,18446744073709544469,18446744073709551030,18446744073709551030,18446744073709551340,4,2,1,15612587136633976202,5,0,8,4302967405866308909,0,6,1,0
PAWN_AUDIT_RESULT,2906,1,1,-290,0,0,-290,0,0,0,0,0
PAWN_AUDIT_ENTRY,2907,2788433976669723264,3799644199771070739,4860604190059411435,1623876721676671628,2415,18446744073709551334,18446744073709551335,18446744073709551331,10,9,1,19,18446744073709538213,18446744073709547344,8,0,1,0,0,0,0,3752,0,18446744073709551358,18446744073709551358,18446744073707998503,13,4904,0,0,0,10,18446744073709546557,18446744073709550913,18446744073709550206,18446744073709551340,4,2,1,15612587136633976202,5,0,8,4302967405866308909,0,6,1,0
PAWN_AUDIT_RESULT,2907,1,1,-372,0,0,-372,0,0,0,0,0
PAWN_AUDIT_ENTRY,2908,3799644199771070739,281232619560057636,4860604190059411435,2196428274069370001,3641,18446744073709551334,18446744073709551335,18446744073709551331,10,9,1,20,18446744073709534664,18446744073709548461,8,0,1,0,0,0,0,3752,0,18446744073709551358,18446744073709551358,18446744073707998503,13,4905,0,0,0,12,18446744073709544485,18446744073709551030,18446744073709551030,18446744073709551340,4,2,1,15612587136633976202,5,0,8,4302967405866308909,0,6,1,0
PAWN_AUDIT_RESULT,2908,1,1,-302,0,0,-302,0,0,0,0,0
PAWN_AUDIT_ENTRY,2909,281232619560057636,384719578345292490,4860604190059411435,7251060575702785055,3763,18446744073709551334,18446744073709551335,18446744073709551331,10,9,1,21,18446744073709534772,18446744073709547514,8,0,1,0,0,0,0,3752,0,18446744073709551358,18446744073709551358,18446744073707998503,13,4906,0,0,0,11,18446744073709544534,18446744073709551030,18446744073709551030,18446744073709551340,4,2,1,15612587136633976202,5,0,8,4302967405866308909,0,6,1,0
PAWN_AUDIT_RESULT,2909,1,1,-329,0,0,-329,0,0,0,0,0
PAWN_AUDIT_ENTRY,2910,384719578345292490,3328306958364339348,4860604190059411435,17839209290028352325,3827,18446744073709551334,18446744073709551335,18446744073709551331,10,9,1,22,18446744073709534578,18446744073709547396,8,0,1,0,0,0,0,3752,0,18446744073709551358,18446744073709551358,18446744073707998503,13,4907,0,0,0,13,18446744073709544446,18446744073709551030,18446744073709551030,18446744073709551340,4,2,1,15612587136633976202,5,0,8,4302967405866308909,0,6,1,0
PAWN_AUDIT_RESULT,2910,1,1,-319,0,0,-319,0,0,0,0,0
PAWN_AUDIT_ENTRY,2911,3328306958364339348,2103887589108260792,4860604190059411435,9944308352676284925,3891,18446744073709551334,18446744073709551335,18446744073709551331,10,9,1,23,18446744073709534578,18446744073709547440,8,0,1,0,0,0,0,3752,0,18446744073709551358,18446744073709551358,18446744073707998503,13,4908,0,0,0,14,18446744073709544446,18446744073709551030,18446744073709551030,18446744073709551340,4,2,1,15612587136633976202,5,0,8,4302967405866308909,0,6,1,0
PAWN_AUDIT_RESULT,2911,1,1,-435,0,0,-435,0,0,0,0,0
PAWN_AUDIT_ENTRY,2912,2103887589108260792,4289090000752920837,4860604190059411435,4607897198362470599,3828,18446744073709551334,18446744073709551335,18446744073709551331,10,9,1,24,18446744073709534690,18446744073709547550,8,0,1,0,0,0,0,3752,0,18446744073709551358,18446744073709551358,18446744073707998503,13,4909,0,0,0,13,18446744073709544497,18446744073709551030,18446744073709551030,18446744073709551340,4,2,1,15612587136633976202,5,0,8,4302967405866308909,0,6,1,0
PAWN_AUDIT_RESULT,2912,1,1,-352,0,0,-352,0,0,0,0,0
PAWN_AUDIT_ENTRY,2913,4289090000752920837,4713047233678172671,4860604190059411435,12734763227793113217,3892,18446744073709551334,18446744073709551335,18446744073709551331,10,9,1,25,18446744073709534587,18446744073709547403,8,0,1,0,0,0,0,3752,0,18446744073709551358,18446744073709551358,18446744073707998503,13,4910,0,0,0,14,18446744073709544450,18446744073709551030,18446744073709551030,18446744073709551340,4,2,1,15612587136633976202,5,0,8,4302967405866308909,0,6,1,0
PAWN_AUDIT_RESULT,2913,1,1,-492,0,0,-492,0,0,0,0,0
PAWN_AUDIT_ENTRY,2914,4713047233678172671,17797967270548582180,4860604190059411435,14857969316385608872,4094,18446744073709551334,18446744073709551335,18446744073709551331,10,9,1,26,18446744073709536404,18446744073709546164,8,0,1,0,0,0,0,3752,0,18446744073709551358,18446744073709551358,18446744073707998503,13,4911,0,0,0,12,18446744073709545400,18446744073709550782,18446744073709551030,18446744073709551340,4,2,1,15612587136633976202,5,0,8,4302967405866308909,0,6,1,0
PAWN_AUDIT_RESULT,2914,1,1,-333,0,0,-333,0,0,0,0,0
PAWN_AUDIT_ENTRY,2915,17797967270548582180,10025179678737710106,4860604190059411435,5312390502285002186,3929,18446744073709551334,18446744073709551335,18446744073709551331,10,9,1,27,18446744073709532898,18446744073709548432,8,0,1,0,0,0,0,3752,0,18446744073709551358,18446744073709551358,18446744073707998503,13,4912,0,0,0,11,18446744073709544453,18446744073709549488,18446744073709551030,18446744073709551340,4,2,1,15612587136633976202,5,0,8,4302967405866308909,0,6,1,0
PAWN_AUDIT_RESULT,2915,1,1,-359,0,0,-359,0,0,0,0,0
PAWN_AUDIT_ENTRY,2916,10025179678737710106,12331821794002460051,4860604190059411435,16544990973835966766,3761,18446744073709551334,18446744073709551335,18446744073709551331,10,9,1,28,18446744073709535609,18446744073709545336,8,0,1,0,0,0,0,3752,0,18446744073709551358,18446744073709551358,18446744073707998503,13,4913,0,0,0,11,18446744073709544980,18446744073709550899,18446744073709551030,18446744073709551340,4,2,1,15612587136633976202,5,0,8,4302967405866308909,0,6,1,0
PAWN_AUDIT_RESULT,2916,1,1,-312,0,0,-312,0,0,0,0,0
PAWN_AUDIT_ENTRY,2927,8886340927415087219,410210268742804684,6439792270408228631,14052336312547402722,3752,18446744073709551334,18446744073709551335,18446744073709551334,11,10,5,4,18446744073709551110,6804,6,0,1,0,0,1,0,3365,0,18446744073709551344,18446744073709551344,429040,13,4930,0,0,0,11,3144,18446744073709548900,18446744073709547462,18446744073709551340,7,2,1,15612587136633976202,3,0,6,11787467322429518204,0,4,1,0
PAWN_AUDIT_RESULT,2927,5,5,-289,0,0,-289,0,6,6,0,0
PAWN_AUDIT_ENTRY,2931,16595942235510199071,12662164666128164696,6439792270408228631,16240745987920362944,2072,18446744073709551334,18446744073709551335,18446744073709551334,11,10,5,5,18446744073709548636,2601,6,0,1,0,0,1,0,3365,0,18446744073709551344,18446744073709551344,429040,13,4937,0,0,0,9,846,18446744073709551049,18446744073709547665,18446744073709551340,7,2,1,15612587136633976202,3,0,6,11787467322429518204,0,0,1,0
PAWN_AUDIT_RESULT,2931,5,5,-303,0,0,-303,0,1,1,0,0
PAWN_AUDIT_ENTRY,2935,8430735913440990696,6628348097574379060,6439792270408228631,11146719795284158456,3502,18446744073709551334,18446744073709551335,18446744073709551334,11,10,3,8,18446744073709534556,18446744073709549983,6,0,1,0,0,1,0,3365,0,18446744073709551344,18446744073709551344,429040,13,4944,0,0,0,9,18446744073709544436,18446744073709551030,18446744073709551030,18446744073709551340,7,2,1,15612587136633976202,3,0,6,11787467322429518204,0,0,1,0
PAWN_AUDIT_RESULT,2935,3,3,-327,0,0,-327,0,0,0,0,0
PAWN_AUDIT_ENTRY,2936,6628348097574379060,11193280454373894699,6439792270408228631,1904154266476904872,3494,18446744073709551334,18446744073709551335,18446744073709551334,11,10,3,9,18446744073709534583,18446744073709549871,6,0,1,0,0,1,0,3365,0,18446744073709551344,18446744073709551344,429040,13,4945,0,0,0,9,18446744073709544448,18446744073709551030,18446744073709551030,18446744073709551340,7,2,1,15612587136633976202,3,0,6,11787467322429518204,0,0,1,0
PAWN_AUDIT_RESULT,2936,3,3,-368,0,0,-368,0,0,0,0,0
PAWN_AUDIT_ENTRY,2937,11193280454373894699,16651648688240789262,6439792270408228631,3154697299935501670,3567,18446744073709551334,18446744073709551335,18446744073709551334,11,10,3,10,18446744073709536050,18446744073709549530,6,0,1,0,0,1,0,3365,0,18446744073709551344,18446744073709551344,429040,13,4946,0,0,0,9,18446744073709545115,18446744073709551030,18446744073709551030,18446744073709551340,7,2,1,15612587136633976202,3,0,6,11787467322429518204,0,0,1,0
PAWN_AUDIT_RESULT,2937,3,3,-318,0,0,-318,0,0,0,0,0
PAWN_AUDIT_ENTRY,2938,16651648688240789262,6877059826309922006,6439792270408228631,763225183630575291,3112,18446744073709551334,18446744073709551335,18446744073709551334,11,10,3,11,18446744073709535579,18446744073709549124,6,0,1,0,0,1,0,3365,0,18446744073709551344,18446744073709551344,429040,13,4947,0,0,0,9,18446744073709544901,18446744073709551030,18446744073709551030,18446744073709551340,7,2,1,15612587136633976202,3,0,6,11787467322429518204,0,0,1,0
PAWN_AUDIT_RESULT,2938,3,3,-361,0,0,-361,0,0,0,0,0
PAWN_AUDIT_ENTRY,2939,6877059826309922006,14553711062285161238,6439792270408228631,17349244709516873496,3437,18446744073709551334,18446744073709551335,18446744073709551334,11,10,3,12,18446744073709534563,18446744073709549718,6,0,1,0,0,1,0,3365,0,18446744073709551344,18446744073709551344,429040,13,4948,0,0,0,9,18446744073709544439,18446744073709551030,18446744073709551030,18446744073709551340,7,2,1,15612587136633976202,3,0,6,11787467322429518204,0,0,1,0
PAWN_AUDIT_RESULT,2939,3,3,-433,0,0,-433,0,0,0,0,0
PAWN_AUDIT_ENTRY,2940,14553711062285161238,13003922535075781703,6439792270408228631,11688799005325746318,3429,18446744073709551334,18446744073709551335,18446744073709551334,11,10,3,13,18446744073709534125,18446744073709549469,6,0,1,0,0,1,0,3365,0,18446744073709551344,18446744073709551344,429040,13,4949,0,0,0,9,18446744073709544438,18446744073709551030,18446744073709550622,18446744073709551340,7,2,1,15612587136633976202,3,0,6,11787467322429518204,0,0,1,0
PAWN_AUDIT_RESULT,2940,3,3,-440,0,0,-440,0,0,0,0,0
PAWN_AUDIT_ENTRY,2941,13003922535075781703,17774911869860467207,6439792270408228631,15197035735412574923,3826,18446744073709551334,18446744073709551335,18446744073709551334,11,10,3,14,18446744073709535258,18446744073709548589,6,0,1,0,0,1,0,3365,0,18446744073709551344,18446744073709551344,429040,13,4950,0,0,0,13,18446744073709544755,18446744073709551030,18446744073709551030,18446744073709551340,7,2,1,15612587136633976202,3,0,6,11787467322429518204,0,4,1,0
PAWN_AUDIT_RESULT,2941,3,3,-327,0,0,-327,0,0,0,0,0
PAWN_AUDIT_ENTRY,2942,17774911869860467207,15923961048440379995,6439792270408228631,311222064155352173,3641,18446744073709551334,18446744073709551335,18446744073709551334,11,10,3,15,18446744073709534660,18446744073709548285,6,0,1,0,0,1,0,3365,0,18446744073709551344,18446744073709551344,429040,13,4951,0,0,0,12,18446744073709544483,18446744073709551030,18446744073709551030,18446744073709551340,7,2,1,15612587136633976202,3,0,6,11787467322429518204,0,4,1,0
PAWN_AUDIT_RESULT,2942,3,3,-322,0,0,-322,0,0,0,0,0
PAWN_AUDIT_ENTRY,2943,15923961048440379995,5413352668773575409,6439792270408228631,11051210649220633202,3390,18446744073709551334,18446744073709551335,18446744073709551334,11,10,3,16,18446744073709537482,18446744073709546186,6,0,1,0,0,1,0,3365,0,18446744073709551344,18446744073709551344,429040,13,4952,0,0,0,10,18446744073709545998,18446744073709551030,18446744073709550553,18446744073709551340,7,2,1,15612587136633976202,3,0,6,11787467322429518204,0,4,1,0
PAWN_AUDIT_RESULT,2943,3,3,-359,0,0,-359,0,0,0,0,0
PAWN_AUDIT_ENTRY,2944,5413352668773575409,3889130434828243917,6439792270408228631,17130412481156754361,3827,18446744073709551334,18446744073709551335,18446744073709551334,11,10,3,17,18446744073709534574,18446744073709546948,6,0,1,0,0,1,0,3365,0,18446744073709551344,18446744073709551344,429040,13,4953,0,0,0,13,18446744073709544444,18446744073709551030,18446744073709551030,18446744073709551340,7,2,1,15612587136633976202,3,0,6,11787467322429518204,0,4,1,0
PAWN_AUDIT_RESULT,2944,3,3,-348,0,0,-348,0,0,0,0,0
PAWN_AUDIT_ENTRY,2945,3889130434828243917,1805698525554480278,6439792270408228631,15283235188753595476,4094,18446744073709551334,18446744073709551335,18446744073709551334,11,10,3,18,18446744073709535860,18446744073709545685,6,0,1,0,0,1,0,3365,0,18446744073709551344,18446744073709551344,429040,13,4954,0,0,0,12,18446744073709545237,18446744073709551030,18446744073709550601,18446744073709551340,7,2,1,15612587136633976202,3,0,6,11787467322429518204,0,4,1,0
PAWN_AUDIT_RESULT,2945,3,3,-374,0,0,-374,0,0,0,0,0
PAWN_AUDIT_ENTRY,2946,1805698525554480278,13861401716370325061,6439792270408228631,9118126905397327075,3763,18446744073709551334,18446744073709551335,18446744073709551334,11,10,3,19,18446744073709534737,18446744073709546877,6,0,1,0,0,1,0,3365,0,18446744073709551344,18446744073709551344,429040,13,4955,0,0,0,11,18446744073709544518,18446744073709551030,18446744073709551030,18446744073709551340,7,2,1,15612587136633976202,3,0,6,11787467322429518204,0,4,1,0
PAWN_AUDIT_RESULT,2946,3,3,-347,0,0,-347,0,0,0,0,0
PAWN_AUDIT_ENTRY,2947,13861401716370325061,8113030792444518328,6439792270408228631,10388589325175578881,3891,18446744073709551334,18446744073709551335,18446744073709551334,11,10,3,20,18446744073709534572,18446744073709546617,6,0,1,0,0,1,0,3365,0,18446744073709551344,18446744073709551344,429040,13,4956,0,0,0,14,18446744073709544443,18446744073709551030,18446744073709551030,18446744073709551340,7,2,1,15612587136633976202,3,0,6,11787467322429518204,0,4,1,0
PAWN_AUDIT_RESULT,2947,3,3,-481,0,0,-481,0,0,0,0,0
PAWN_AUDIT_ENTRY,2948,8113030792444518328,2901091914479165170,6439792270408228631,18424635716151562706,3761,18446744073709551334,18446744073709551335,18446744073709551334,11,10,3,21,18446744073709535660,18446744073709545187,6,0,1,0,0,1,0,3365,0,18446744073709551344,18446744073709551344,429040,13,4957,0,0,0,11,18446744073709544938,18446744073709551030,18446744073709551030,18446744073709551340,7,2,1,15612587136633976202,3,0,6,11787467322429518204,0,4,1,0
PAWN_AUDIT_RESULT,2948,3,3,-335,0,0,-335,0,0,0,0,0
PAWN_AUDIT_ENTRY,2949,2901091914479165170,17102111507878686428,7175934500048600089,17999581453667860716,3752,18446744073709551334,18446744073709551335,18446744073709551334,12,11,7,2,18446744073709547297,6804,4,0,1,0,0,1,0,4020,0,18446744073709551340,18446744073709551305,18446744073709306044,13,4958,0,0,0,11,3293,18446744073709540977,129,18446744073709551340,8,2,1,15612587136633976202,1,0,4,11764256427223326382,0,2,1,0
PAWN_AUDIT_ENTRY,2967,8209553687218623564,9433620805530210401,3886578709860334625,10219760607464840950,2072,18446744073709551334,18446744073709551335,18446744073709551334,9,8,3,3,18446744073709549869,2601,6,0,0,0,0,0,0,0,0,18446744073709551272,18446744073709551272,18446744073706528337,13,4997,0,0,0,9,1799,18446744073709548045,18446744073709549951,18446744073709551298,3,1,1,15612587136633976202,3,0,6,17999581453667860716,0,0,1,0
PAWN_AUDIT_RESULT,2967,3,3,-291,0,0,-291,0,1,1,0,0
PAWN_AUDIT_ENTRY,2968,9433620805530210401,13866766259988033855,3886578709860334625,15527949272135638187,2722,18446744073709551334,18446744073709551335,18446744073709551334,9,8,2,4,18446744073709550894,18446744073709548477,6,0,0,0,0,0,0,0,0,18446744073709551272,18446744073709551272,18446744073706528337,13,4999,0,0,0,9,2240,18446744073709548947,18446744073709549073,18446744073709551298,3,1,1,15612587136633976202,3,0,6,17999581453667860716,0,0,1,0
PAWN_AUDIT_RESULT,2968,2,2,-337,0,0,-337,0,0,0,0,0
PAWN_AUDIT_ENTRY,2972,4721700196850031066,15068630548288136370,3886578709860334625,13189662260628778903,3642,18446744073709551334,18446744073709551335,18446744073709551334,9,8,1,6,18446744073709543785,348,6,0,0,0,0,0,0,0,0,18446744073709551272,18446744073709551272,18446744073706528337,13,5005,0,0,0,12,498,18446744073709547960,18446744073709547019,18446744073709551298,3,1,1,15612587136633976202,3,0,6,17999581453667860716,0,4,1,0
PAWN_AUDIT_RESULT,2972,1,1,-312,0,0,-312,0,0,0,0,0
PAWN_AUDIT_ENTRY,2973,15068630548288136370,10279701481120005616,3886578709860334625,5727411401110703476,3833,18446744073709551334,18446744073709551335,18446744073709551334,9,8,1,7,18446744073709541545,18446744073709547322,6,0,0,0,0,0,0,0,0,18446744073709551272,18446744073709551272,18446744073706528337,13,5006,0,0,0,13,18446744073709547849,18446744073709551030,18446744073709550545,18446744073709551298,3,1,1,15612587136633976202,3,0,6,17999581453667860716,0,4,1,0
PAWN_AUDIT_RESULT,2973,1,1,-347,0,0,-347,0,0,0,0,0
PAWN_AUDIT_ENTRY,2974,10279701481120005616,17476230856059833347,3886578709860334625,8580302724434838598,3834,18446744073709551334,18446744073709551335,18446744073709551334,9,8,1,8,18446744073709540113,18446744073709547962,6,0,0,0,0,0,0,0,0,18446744073709551272,18446744073709551272,18446744073706528337,13,5007,0,0,0,13,18446744073709547286,18446744073709551030,18446744073709550364,18446744073709551298,3,1,1,15612587136633976202,3,0,6,17999581453667860716,0,4,1,0
PAWN_AUDIT_RESULT,2974,1,1,-344,0,0,-344,0,0,0,0,0
PAWN_AUDIT_RESULT,2949,7,7,-282,0,0,-282,0,49,49,0,0
PAWN_AUDIT_ENTRY,2979,1929377883992568567,3447362902439373698,7175934500048600089,15828480294089334478,2072,18446744073709551334,18446744073709551335,18446744073709551334,12,11,5,4,18446744073709546758,2601,4,0,1,0,0,1,0,4020,0,18446744073709551340,18446744073709551305,18446744073709306044,13,5014,0,0,0,9,3431,18446744073709540187,153,18446744073709551340,8,2,1,15612587136633976202,1,0,4,11764256427223326382,0,0,1,0
PAWN_AUDIT_RESULT,2979,5,5,-282,0,0,-282,0,24,24,0,0
PAWN_AUDIT_ENTRY,2998,7208304508352964475,6826329757620349251,7175934500048600089,18259904280720346348,3559,18446744073709551334,18446744073709551335,18446744073709551334,12,11,3,6,18446744073709534887,18446744073709549982,4,0,1,0,0,1,0,4020,0,18446744073709551340,18446744073709551305,18446744073709306044,13,5052,0,0,0,9,18446744073709544613,18446744073709548740,1718,18446744073709551340,8,2,1,15612587136633976202,1,0,4,11764256427223326382,0,0,1,0
PAWN_AUDIT_RESULT,2998,3,3,-320,0,0,-320,0,1,1,0,0
PAWN_AUDIT_ENTRY,2999,6826329757620349251,6186621773781501058,7175934500048600089,11563462650198934774,3502,18446744073709551334,18446744073709551335,18446744073709551334,12,11,3,7,18446744073709533832,18446744073709549983,4,0,1,0,0,1,0,4020,0,18446744073709551340,18446744073709551305,18446744073709306044,13,5054,0,0,0,9,18446744073709544435,18446744073709550680,18446744073709550714,18446744073709551340,8,2,1,15612587136633976202,1,0,4,11764256427223326382,0,0,1,0
PAWN_AUDIT_RESULT,2999,3,3,-383,0,0,-383,0,0,0,0,0
PAWN_AUDIT_ENTRY,3000,6186621773781501058,4486616983556565376,7175934500048600089,2352106800754877094,3494,18446744073709551334,18446744073709551335,18446744073709551334,12,11,3,8,18446744073709533551,18446744073709549871,4,0,1,0,0,1,0,4020,0,18446744073709551340,18446744073709551305,18446744073709306044,13,5055,0,0,0,9,18446744073709544445,18446744073709550521,18446744073709550594,18446744073709551340,8,2,1,15612587136633976202,1,0,4,11764256427223326382,0,0,1,0
PAWN_AUDIT_RESULT,3000,3,3,-423,0,0,-423,0,0,0,0,0
PAWN_AUDIT_ENTRY,3001,4486616983556565376,7165589188321349914,7175934500048600089,15709987701010394701,3956,18446744073709551334,18446744073709551335,18446744073709551334,12,11,3,9,18446744073709534106,18446744073709549008,4,0,1,0,0,1,0,4020,0,18446744073709551340,18446744073709551305,18446744073709306044,13,5056,0,0,0,11,18446744073709544754,18446744073709550455,18446744073709550545,18446744073709551340,8,2,1,15612587136633976202,1,0,4,11764256427223326382,0,2,1,0
PAWN_AUDIT_RESULT,3001,3,3,-324,0,0,-324,0,0,0,0,0
PAWN_AUDIT_ENTRY,3002,7165589188321349914,4929391860481652083,7175934500048600089,14559100478902561814,3437,18446744073709551334,18446744073709551335,18446744073709551334,12,11,2,10,18446744073709533118,18446744073709549718,4,0,1,0,0,1,0,4020,0,18446744073709551340,18446744073709551305,18446744073709306044,13,5057,0,0,0,9,18446744073709544437,18446744073709550302,18446744073709550430,18446744073709551340,8,2,1,15612587136633976202,1,0,4,11764256427223326382,0,0,1,0
PAWN_AUDIT_RESULT,3002,2,2,-410,0,0,-410,0,0,0,0,0
PAWN_AUDIT_ENTRY,3003,4929391860481652083,7149587046604653232,7175934500048600089,11024321887151948672,3429,18446744073709551334,18446744073709551335,18446744073709551334,12,11,2,11,18446744073709533599,18446744073709549469,4,0,1,0,0,1,0,4020,0,18446744073709551340,18446744073709551305,18446744073709306044,13,5058,0,0,0,9,18446744073709544437,18446744073709550879,18446744073709550287,18446744073709551340,8,2,1,15612587136633976202,1,0,4,11764256427223326382,0,0,1,0
PAWN_AUDIT_RESULT,3003,2,2,-372,0,0,-372,0,0,0,0,0
PAWN_AUDIT_ENTRY,3004,7149587046604653232,1446512864267233581,7175934500048600089,3485561647598020021,3112,18446744073709551334,18446744073709551335,18446744073709551334,12,11,2,12,18446744073709533175,18446744073709549124,4,0,1,0,0,1,0,4020,0,18446744073709551340,18446744073709551305,18446744073709306044,13,5059,0,0,0,9,18446744073709544808,18446744073709550269,18446744073709549753,18446744073709551340,8,2,1,15612587136633976202,1,0,4,11764256427223326382,0,0,1,0
PAWN_AUDIT_RESULT,3004,2,2,-363,0,0,-363,0,0,0,0,0
PAWN_AUDIT_ENTRY,3005,1446512864267233581,12717677439369994863,7175934500048600089,1229213188112449128,3567,18446744073709551334,18446744073709551335,18446744073709551334,12,11,2,13,18446744073709534717,18446744073709549530,4,0,1,0,0,1,0,4020,0,18446744073709551340,18446744073709551305,18446744073709306044,13,5060,0,0,0,9,18446744073709545059,18446744073709550724,18446744073709550212,18446744073709551340,8,2,1,15612587136633976202,1,0,4,11764256427223326382,0,0,1,0
PAWN_AUDIT_RESULT,3005,2,2,-318,0,0,-318,0,0,0,0,0
PAWN_AUDIT_ENTRY,3006,12717677439369994863,10081670128103365143,7175934500048600089,11884422248099116916,3807,18446744073709551334,18446744073709551335,18446744073709551334,12,11,2,14,18446744073709533577,18446744073709548550,4,0,1,0,0,1,0,4020,0,18446744073709551340,18446744073709551305,18446744073709306044,13,5061,0,0,0,13,18446744073709544457,18446744073709550521,18446744073709550594,18446744073709551340,8,2,1,15612587136633976202,1,0,4,11764256427223326382,0,2,1,0
PAWN_AUDIT_RESULT,3006,2,2,-377,0,0,-377,0,0,0,0,0
PAWN_AUDIT_ENTRY,3007,10081670128103365143,7054023240959722938,7175934500048600089,4510663210614832995,3641,18446744073709551334,18446744073709551335,18446744073709551334,12,11,2,15,18446744073709533835,18446744073709547791,4,0,1,0,0,1,0,4020,0,18446744073709551340,18446744073709551305,18446744073709306044,13,5062,0,0,0,12,18446744073709544478,18446744073709550632,18446744073709550678,18446744073709551340,8,2,1,15612587136633976202,1,0,4,11764256427223326382,0,2,1,0
PAWN_AUDIT_RESULT,3007,2,2,-319,0,0,-319,0,0,0,0,0
PAWN_AUDIT_ENTRY,3008,7054023240959722938,6944366361131920365,7175934500048600089,16730311730769422789,3826,18446744073709551334,18446744073709551335,18446744073709551334,12,11,2,16,18446744073709534024,18446744073709547676,4,0,1,0,0,1,0,4020,0,18446744073709551340,18446744073709551305,18446744073709306044,13,5063,0,0,0,13,18446744073709544717,18446744073709550455,18446744073709550545,18446744073709551340,8,2,1,15612587136633976202,1,0,4,11764256427223326382,0,2,1,0
PAWN_AUDIT_RESULT,3008,2,2,-326,0,0,-326,0,0,0,0,0
PAWN_AUDIT_ENTRY,3009,6944366361131920365,12138349668713381715,7175934500048600089,7743342267321551146,3814,18446744073709551334,18446744073709551335,18446744073709551334,12,11,3,17,18446744073709538549,18446744073709546871,4,0,1,0,0,1,0,4020,0,18446744073709551340,18446744073709551305,18446744073709306044,13,5064,0,0,0,13,18446744073709545416,18446744073709549093,3131,18446744073709551340,8,2,1,15612587136633976202,1,0,4,11764256427223326382,0,2,1,0
PAWN_AUDIT_RESULT,3009,3,3,-412,0,0,-412,0,0,0,0,0
PAWN_AUDIT_ENTRY,3044,18117480455315883427,17500098648859420525,1405521533202603631,3539197082111617142,139,306,307,291,7,6,1,3,18446744073709547551,1876,9,0,1,0,0,0,0,324,0,326,326,4366815,13,5137,0,0,0,3,1325,18446744073709551030,18446744073709545681,282,1,2,1,15612587136633976202,6,0,9,4860604190059411435,0,7,1,0
PAWN_AUDIT_RESULT,3044,1,1,262,0,0,262,0,0,0,0,0
PAWN_AUDIT_ENTRY,3047,10841250821397812431,7060172951116398677,1405521533202603631,14919110851654284933,991,306,307,291,7,6,1,6,18446744073709545475,18446744073709549120,9,0,1,0,0,0,0,324,0,326,326,4366815,13,5142,0,0,0,1,18446744073709548550,18446744073709551030,1167,282,1,2,1,15612587136633976202,6,0,9,4860604190059411435,0,0,1,0
PAWN_AUDIT_RESULT,3047,1,1,262,0,0,262,0,0,0,0,0
PAWN_AUDIT_ENTRY,3048,7060172951116398677,17184166660490952059,1405521533202603631,12196808531981624633,391,306,307,291,7,6,1,7,18446744073709538163,230,9,0,1,0,0,0,0,324,0,326,326,4366815,13,5143,0,0,0,6,18446744073709544678,18446744073709551004,2321,282,1,2,1,15612587136633976202,6,0,9,4860604190059411435,0,7,1,0
PAWN_AUDIT_RESULT,3048,1,1,259,0,0,259,0,0,0,0,0
PAWN_AUDIT_ENTRY,3049,17184166660490952059,9910637961079474248,1405521533202603631,7087255084691774356,658,306,307,291,7,6,1,8,18446744073709541474,18446744073709548859,9,0,1,0,0,0,0,324,0,326,326,4366815,13,5144,0,0,0,1,18446744073709547197,18446744073709551030,206,282,1,2,1,15612587136633976202,6,0,9,4860604190059411435,0,0,1,0
PAWN_AUDIT_RESULT,3049,1,1,285,0,0,285,0,0,0,0,0
PAWN_AUDIT_ENTRY,3050,9910637961079474248,13666721549477894726,1405521533202603631,8794209728190615377,1875,306,307,291,7,6,1,9,18446744073709543380,18446744073709547510,9,0,1,0,0,0,0,324,0,326,326,4366815,13,5145,0,0,0,2,18446744073709548448,18446744073709551030,18446744073709551030,282,1,2,1,15612587136633976202,6,0,9,4860604190059411435,0,7,1,0
PAWN_AUDIT_RESULT,3050,1,1,262,0,0,262,0,0,0,0,0
PAWN_AUDIT_ENTRY,3051,13666721549477894726,14469576880765784879,1405521533202603631,12895396744415699603,1879,306,307,291,7,6,1,10,18446744073709541092,18446744073709547992,9,0,1,0,0,0,0,324,0,326,326,4366815,13,5146,0,0,0,2,18446744073709547408,18446744073709551030,18446744073709551030,282,1,2,1,15612587136633976202,6,0,9,4860604190059411435,0,7,1,0
PAWN_AUDIT_RESULT,3051,1,1,202,0,0,202,0,0,0,0,0
PAWN_AUDIT_ENTRY,3052,14469576880765784879,2137086611477990490,1405521533202603631,9344709164874695296,593,306,307,291,7,6,1,11,18446744073709538869,18446744073709548989,9,0,1,0,0,0,0,324,0,326,326,4366815,13,5147,0,0,0,1,18446744073709546397,18446744073709551030,18446744073709551030,282,1,2,1,15612587136633976202,6,0,9,4860604190059411435,0,0,1,0
PAWN_AUDIT_RESULT,3052,1,1,292,0,0,292,0,0,0,0,0
PAWN_AUDIT_ENTRY,3053,2137086611477990490,9281553177586618967,1405521533202603631,15310902304354427436,1348,306,307,292,7,6,1,13,18446744073709539124,18446744073709548113,9,0,1,0,0,0,0,324,0,326,326,4366815,13,5148,0,0,0,2,18446744073709546513,18446744073709551030,18446744073709551030,282,1,2,1,15612587136633976202,6,0,9,4860604190059411435,0,7,1,0
PAWN_AUDIT_RESULT,3053,1,1,223,0,0,223,0,0,0,0,0
PAWN_AUDIT_ENTRY,3054,9281553177586618967,3493353038354361699,1405521533202603631,16810434942787301380,1868,306,307,292,7,6,1,14,18446744073709539684,18446744073709547748,9,0,1,0,0,0,0,324,0,326,326,4366815,13,5149,0,0,0,2,18446744073709548141,18446744073709551030,18446744073709548200,282,1,2,1,15612587136633976202,6,0,9,4860604190059411435,0,7,1,0
PAWN_AUDIT_RESULT,3054,1,1,243,0,0,243,0,0,0,0,0
PAWN_AUDIT_ENTRY,3055,3493353038354361699,2457320629634243636,1405521533202603631,12802925562220100713,536,306,307,292,7,6,1,16,18446744073709535278,18446744073709549221,9,0,1,0,0,0,0,324,0,326,326,4366815,13,5150,0,0,0,1,18446744073709544764,18446744073709551030,18446744073709551030,282,1,2,1,15612587136633976202,6,0,9,4860604190059411435,0,0,1,0
PAWN_AUDIT_RESULT,3055,1,1,260,0,0,260,0,0,0,0,0
PAWN_AUDIT_ENTRY,3056,2457320629634243636,1285243113178674029,1405521533202603631,10333145146446975950,983,306,307,292,7,6,1,18,18446744073709535592,18446744073709549208,9,0,1,0,0,0,0,324,0,326,326,4366815,13,5151,0,0,0,1,18446744073709544907,18446744073709551030,18446744073709551030,282,1,2,1,15612587136633976202,6,0,9,4860604190059411435,0,0,1,0
PAWN_AUDIT_RESULT,3056,1,1,278,0,0,278,0,0,0,0,0
PAWN_AUDIT_ENTRY,3057,1285243113178674029,11662550260463621780,1405521533202603631,1330739892054041106,926,306,307,292,7,6,1,19,18446744073709534717,18446744073709549370,9,0,1,0,0,0,0,324,0,326,326,4366815,13,5152,0,0,0,1,18446744073709544509,18446744073709551030,18446744073709551030,282,1,2,1,15612587136633976202,6,0,9,4860604190059411435,0,0,1,0
PAWN_AUDIT_ENTRY,3060,10448021664477180044,13342026378058635934,1330739892054041106,5155146466125598581,2415,18446744073709551309,18446744073709551310,18446744073709551253,7,6,1,4,18446744073709538297,18446744073709550278,10,0,0,0,0,0,0,0,0,18446744073709551253,18446744073709551279,18446744073708672582,13,5159,0,0,0,10,18446744073709546137,18446744073709551030,18446744073709551030,18446744073709551253,2,1,1,8766533126470652475,0,0,10,1405521533202603631,0,1,1,0
PAWN_AUDIT_RESULT,3060,1,1,-350,0,0,-350,0,0,0,0,0
PAWN_AUDIT_ENTRY,3061,13342026378058635934,1154148848596435309,1330739892054041106,7624497879386342790,2674,18446744073709551309,18446744073709551310,18446744073709551266,7,6,2,7,18446744073709549397,18446744073709550278,10,0,0,0,0,0,0,0,0,18446744073709551253,18446744073709551279,18446744073708672582,13,5160,0,0,0,13,18446744073709551184,18446744073709551030,18446744073709551030,18446744073709551253,2,1,1,8766533126470652475,0,0,10,1405521533202603631,0,1,1,0
PAWN_AUDIT_RESULT,3061,2,2,-439,0,0,-439,0,0,0,0,0
PAWN_AUDIT_ENTRY,3062,1154148848596435309,6413636618917916321,1330739892054041106,737415149710239712,2657,18446744073709551309,18446744073709551310,18446744073709551266,7,6,2,8,18446744073709548913,18446744073709550278,10,0,0,0,0,0,0,0,0,18446744073709551253,18446744073709551279,18446744073708672582,13,5161,0,0,0,13,18446744073709550964,18446744073709551030,18446744073709551030,18446744073709551253,2,1,1,8766533126470652475,0,0,10,1405521533202603631,0,1,1,0
PAWN_AUDIT_RESULT,3062,2,2,-493,0,0,-493,0,0,0,0,0
PAWN_AUDIT_ENTRY,3063,6413636618917916321,11631393793084207692,1330739892054041106,10010369626930138894,2649,18446744073709551309,18446744073709551310,18446744073709551266,7,6,2,9,18446744073709548163,18446744073709550278,10,0,0,0,0,0,0,0,0,18446744073709551253,18446744073709551279,18446744073708672582,13,5162,0,0,0,13,18446744073709550623,18446744073709551030,18446744073709551030,18446744073709551253,2,1,1,8766533126470652475,0,0,10,1405521533202603631,0,1,1,0
PAWN_AUDIT_RESULT,3063,2,2,-525,0,0,-525,0,0,0,0,0
PAWN_AUDIT_ENTRY,3064,11631393793084207692,14042909285882652855,1330739892054041106,11016823970962022671,2681,18446744073709551309,18446744073709551310,18446744073709551266,7,6,1,10,18446744073709548308,18446744073709550278,10,0,0,0,0,0,0,0,0,18446744073709551253,18446744073709551279,18446744073708672582,13,5163,0,0,0,13,18446744073709550689,18446744073709551030,18446744073709551030,18446744073709551253,2,1,1,8766533126470652475,0,0,10,1405521533202603631,0,1,1,0
PAWN_AUDIT_RESULT,3064,1,1,-487,0,0,-487,0,0,0,0,0
PAWN_AUDIT_ENTRY,3065,14042909285882652855,7798206683593187344,1330739892054041106,13070562264760917506,2673,18446744073709551309,18446744073709551310,18446744073709551266,7,6,1,11,18446744073709548020,18446744073709550278,10,0,0,0,0,0,0,0,0,18446744073709551253,18446744073709551279,18446744073708672582,13,5164,0,0,0,13,18446744073709550558,18446744073709551030,18446744073709551030,18446744073709551253,2,1,1,8766533126470652475,0,0,10,1405521533202603631,0,1,1,0
PAWN_AUDIT_RESULT,3065,1,1,-465,0,0,-465,0,0,0,0,0
PAWN_AUDIT_ENTRY,3066,7798206683593187344,5188386133363596027,1330739892054041106,5706008589936691772,2664,18446744073709551309,18446744073709551310,18446744073709551266,7,6,1,13,18446744073709547292,18446744073709550278,10,0,0,0,0,0,0,0,0,18446744073709551253,18446744073709551279,18446744073708672582,13,5165,0,0,0,13,18446744073709550227,18446744073709551030,18446744073709551030,18446744073709551253,2,1,1,8766533126470652475,0,0,10,1405521533202603631,0,1,1,0
PAWN_AUDIT_RESULT,3066,1,1,-483,0,0,-483,0,0,0,0,0
PAWN_AUDIT_ENTRY,3067,5188386133363596027,7721686937622611908,1330739892054041106,8104134916097486089,3899,18446744073709551309,18446744073709551310,18446744073709551266,7,6,1,15,18446744073709544714,18446744073709550278,10,0,0,0,0,0,0,0,0,18446744073709551253,18446744073709551279,18446744073708672582,13,5166,0,0,0,14,18446744073709549055,18446744073709551030,18446744073709551030,18446744073709551253,2,1,1,8766533126470652475,0,0,10,1405521533202603631,0,1,1,0
PAWN_AUDIT_RESULT,3067,1,1,-613,0,0,-613,0,0,0,0,0
PAWN_AUDIT_ENTRY,3068,7721686937622611908,13896457083172878259,1330739892054041106,4792537267507989398,2683,18446744073709551309,18446744073709551310,18446744073709551266,7,6,1,16,18446744073709542400,18446744073709550278,10,0,0,0,0,0,0,0,0,18446744073709551253,18446744073709551279,18446744073708672582,13,5167,0,0,0,13,18446744073709548211,18446744073709551030,18446744073709550601,18446744073709551253,2,1,1,8766533126470652475,0,0,10,1405521533202603631,0,1,1,0
PAWN_AUDIT_RESULT,3068,1,1,-458,0,0,-458,0,0,0,0,0
PAWN_AUDIT_ENTRY,3069,13896457083172878259,7574554836112973460,1330739892054041106,12271104465368006853,2072,18446744073709551309,18446744073709551310,18446744073709551266,7,6,1,17,18446744073709549741,18446744073709550278,10,0,0,0,0,0,0,0,0,18446744073709551253,18446744073709551279,18446744073708672582,13,5168,0,0,0,9,320,18446744073709551030,18446744073709549803,18446744073709551253,2,1,1,8766533126470652475,0,0,10,1405521533202603631,0,0,1,0
PAWN_AUDIT_RESULT,3069,1,1,-389,0,0,-389,0,0,0,0,0
PAWN_AUDIT_RESULT,3057,1,1,363,1,7,350,0,2,18,1,1
PAWN_AUDIT_ENTRY,3089,3972513566931951072,5881217866201045175,2837963273066114328,5954326122706256144,2202,18446744073709551309,18446744073709551310,18446744073709551303,7,6,2,4,18446744073709543503,18446744073709550278,12,0,0,0,0,0,0,0,0,18446744073709551105,18446744073709551105,18446744073709378732,13,5217,0,0,1,9,18446744073709548504,18446744073709551030,18446744073709551030,18446744073709551306,2,1,1,5411365798353617005,0,0,12,10053536390199739934,0,0,1,0
PAWN_AUDIT_RESULT,3089,2,2,-985,0,0,-985,0,0,0,0,0
PAWN_AUDIT_ENTRY,3090,5881217866201045175,11151891540319201285,2837963273066114328,11483752512584880079,2072,18446744073709551309,18446744073709551310,18446744073709551303,7,6,2,5,18446744073709546496,18446744073709550278,12,0,0,0,0,0,0,0,0,18446744073709551105,18446744073709551105,18446744073709378732,13,5218,0,0,1,9,18446744073709550225,18446744073709551030,18446744073709550288,18446744073709551306,2,1,1,5411365798353617005,0,0,12,10053536390199739934,0,0,1,0
PAWN_AUDIT_RESULT,3090,2,2,-833,0,0,-833,0,0,0,0,0
PAWN_AUDIT_ENTRY,3091,11151891540319201285,14476979221073118001,6092555701451173960,14902493348384197821,3752,18446744073709551309,18446744073709551310,18446744073709551304,9,8,5,2,18446744073709549642,18446744073709551003,10,0,0,0,0,0,0,0,0,18446744073709551291,18446744073709551291,18446744073708735722,13,5219,0,0,0,11,887,18446744073709549935,18446744073709549670,18446744073709551330,4,1,1,11155293981311553228,1,0,10,11665986506215397217,0,2,1,0
PAWN_AUDIT_ENTRY,3105,7749405890681003354,15641230874052828817,14902493348384197821,14926789800754770112,926,306,307,279,7,6,1,3,18446744073709547370,18446744073709550278,11,0,1,0,0,0,0,0,0,281,308,365833,13,5248,0,0,0,1,18446744073709550549,18446744073709551030,18446744073709550440,281,5,1,1,11155293981311553228,2,0,11,6092555701451173960,0,0,1,0
PAWN_AUDIT_RESULT,3105,1,1,294,0,0,294,0,0,0,0,0
PAWN_AUDIT_ENTRY,3106,15641230874052828817,14650754049858618088,14902493348384197821,8363998560601782251,391,306,307,294,7,6,1,4,18446744073709535860,18446744073709549971,11,0,1,0,0,0,0,0,0,281,308,365833,13,5249,0,0,0,6,18446744073709544566,340,18446744073709551030,281,5,1,1,11155293981311553228,2,0,11,6092555701451173960,0,3,1,0
PAWN_AUDIT_RESULT,3106,1,1,178,0,0,178,0,0,0,0,0
PAWN_AUDIT_ENTRY,3108,6491209519156013377,1065126187285027162,14902493348384197821,14202848797118789293,166,306,307,294,7,6,1,8,18446744073709541495,18446744073709548903,11,0,1,0,0,0,0,0,0,281,308,365833,13,5251,0,0,0,3,18446744073709547591,18446744073709551030,18446744073709551030,281,5,1,1,11155293981311553228,2,0,11,6092555701451173960,0,3,1,0
PAWN_AUDIT_RESULT,3108,1,1,263,0,0,263,0,0,0,0,0
PAWN_AUDIT_ENTRY,3109,1065126187285027162,14103300268965262056,14902493348384197821,13766338778247039302,658,306,307,294,7,6,1,9,18446744073709538052,18446744073709550278,11,0,1,0,0,0,0,0,0,281,308,365833,13,5252,0,0,0,1,18446744073709546213,18446744073709551030,18446744073709550644,281,5,1,1,11155293981311553228,2,0,11,6092555701451173960,0,0,1,0
PAWN_AUDIT_RESULT,3109,1,1,253,0,0,253,0,0,0,0,0
PAWN_AUDIT_ENTRY,3110,14103300268965262056,10673288365980275375,14902493348384197821,7862496502227888134,1382,306,307,294,7,6,1,10,18446744073709537610,18446744073709550278,11,0,1,0,0,0,0,0,0,281,308,365833,13,5253,0,0,0,2,18446744073709545887,18446744073709550905,18446744073709551030,281,5,1,1,11155293981311553228,2,0,11,6092555701451173960,0,3,1,0
PAWN_AUDIT_RESULT,3110,1,1,88,0,0,88,0,0,0,0,0
PAWN_AUDIT_ENTRY,3111,10673288365980275375,12157212264426260245,14902493348384197821,660446239681851646,1348,306,307,294,7,6,1,11,18446744073709537772,18446744073709550278,11,0,1,0,0,0,0,0,0,281,308,365833,13,5254,0,0,0,2,18446744073709545898,18446744073709551030,18446744073709551030,281,5,1,1,11155293981311553228,2,0,11,6092555701451173960,0,3,1,0
PAWN_AUDIT_RESULT,3111,1,1,86,0,0,86,0,0,0,0,0
PAWN_AUDIT_ENTRY,3112,12157212264426260245,16428668791476983975,14902493348384197821,6700850079219732562,593,306,307,294,7,6,1,13,18446744073709537569,18446744073709550278,11,0,1,0,0,0,0,0,0,281,308,365833,13,5255,0,0,0,1,18446744073709545806,18446744073709551030,18446744073709551030,281,5,1,1,11155293981311553228,2,0,11,6092555701451173960,0,0,1,0
PAWN_AUDIT_RESULT,3112,1,1,206,0,0,206,0,0,0,0,0
PAWN_AUDIT_ENTRY,3113,16428668791476983975,9820820041951385878,14902493348384197821,1406979157355554500,2518,306,307,294,7,6,1,14,18446744073709539025,18446744073709549886,11,0,1,0,0,0,0,0,0,281,308,365833,13,5256,0,0,0,2,18446744073709546520,18446744073709551389,18446744073709550553,281,5,1,1,11155293981311553228,2,0,11,6092555701451173960,0,3,1,0
PAWN_AUDIT_RESULT,3113,1,1,199,0,0,199,0,0,0,0,0
PAWN_AUDIT_ENTRY,3114,9820820041951385878,5376662065942814998,14902493348384197821,10236112583295731733,203,306,307,294,7,6,1,15,18446744073709536102,18446744073709550278,11,0,1,0,0,0,0,0,0,281,308,365833,13,5257,0,0,0,5,18446744073709545139,18446744073709551030,18446744073709551030,281,5,1,1,11155293981311553228,2,0,11,6092555701451173960,0,3,1,0
PAWN_AUDIT_RESULT,3114,1,1,137,0,0,137,0,0,0,0,0
PAWN_AUDIT_ENTRY,3115,5376662065942814998,7194841532063014341,14902493348384197821,12160852573150114681,1,306,307,294,7,6,1,17,18446744073709535339,18446744073709550278,11,0,1,0,0,0,0,0,0,281,308,365833,13,5258,0,0,0,4,18446744073709544792,18446744073709551030,18446744073709551030,281,5,1,1,11155293981311553228,2,0,11,6092555701451173960,0,3,1,0
PAWN_AUDIT_RESULT,3115,1,1,178,0,0,178,0,0,0,0,0
PAWN_AUDIT_ENTRY,3116,7194841532063014341,4879172071231393113,14902493348384197821,2161180964364793949,528,306,307,294,7,6,1,18,18446744073709535238,18446744073709550278,11,0,1,0,0,0,0,0,0,281,308,365833,13,5259,0,0,0,1,18446744073709544746,18446744073709551030,18446744073709551030,281,5,1,1,11155293981311553228,2,0,11,6092555701451173960,0,0,1,0
PAWN_AUDIT_RESULT,3116,1,1,176,0,0,176,0,0,0,0,0
PAWN_AUDIT_ENTRY,3117,4879172071231393113,16698963582731686065,14902493348384197821,5924366691638034716,983,306,307,294,7,6,1,19,18446744073709535443,18446744073709550278,11,0,1,0,0,0,0,0,0,281,308,365833,13,5260,0,0,0,1,18446744073709544839,18446744073709551030,18446744073709551030,281,5,1,1,11155293981311553228,2,0,11,6092555701451173960,0,0,1,0
PAWN_AUDIT_RESULT,3117,1,1,210,0,0,210,0,0,0,0,0
PAWN_AUDIT_ENTRY,3118,16698963582731686065,16655040724342039620,14902493348384197821,2864133106116638811,918,306,307,294,7,6,1,21,18446744073709534844,18446744073709550278,11,0,1,0,0,0,0,0,0,281,308,365833,13,5261,0,0,0,1,18446744073709544567,18446744073709551030,18446744073709551030,281,5,1,1,11155293981311553228,2,0,11,6092555701451173960,0,0,1,0
PAWN_AUDIT_RESULT,3118,1,1,173,0,0,173,0,0,0,0,0
PAWN_AUDIT_ENTRY,3119,16655040724342039620,16252823009373671123,14902493348384197821,7853152031309983419,536,306,307,294,7,6,1,22,18446744073709535115,18446744073709550278,11,0,1,0,0,0,0,0,0,281,308,365833,13,5262,0,0,0,1,18446744073709544690,18446744073709551030,18446744073709551030,281,5,1,1,11155293981311553228,2,0,11,6092555701451173960,0,0,1,0
PAWN_AUDIT_RESULT,3119,1,1,177,0,0,177,0,0,0,0,0
PAWN_AUDIT_ENTRY,3120,16252823009373671123,13946876285621349401,14902493348384197821,3762979014376528738,157,306,307,294,7,6,1,23,18446744073709537048,18446744073709548874,11,0,1,0,0,0,0,0,0,281,308,365833,13,5263,0,0,0,3,18446744073709545569,18446744073709551030,18446744073709551030,281,5,1,1,11155293981311553228,2,0,11,6092555701451173960,0,3,1,0
PAWN_AUDIT_RESULT,3120,1,1,198,0,0,198,0,0,0,0,0
PAWN_AUDIT_ENTRY,3121,13946876285621349401,8436895685598890064,14902493348384197821,13119875713340878459,1355,306,307,294,7,6,1,24,18446744073709537015,18446744073709548874,11,0,1,0,0,0,0,0,0,281,308,365833,13,5264,0,0,0,2,18446744073709545554,18446744073709551030,18446744073709551030,281,5,1,1,11155293981311553228,2,0,11,6092555701451173960,0,3,1,0
PAWN_AUDIT_RESULT,3121,1,1,55,0,0,55,0,0,0,0,0
PAWN_AUDIT_ENTRY,3122,8436895685598890064,5223465822923917850,14902493348384197821,4303393352695475092,2525,306,307,294,7,6,1,25,18446744073709535577,18446744073709549777,11,0,1,0,0,0,0,0,0,281,308,365833,13,5265,0,0,0,2,18446744073709546160,18446744073709549714,18446744073709549790,281,5,1,1,11155293981311553228,2,0,11,6092555701451173960,0,3,1,0
PAWN_AUDIT_RESULT,3122,1,1,1,0,0,1,0,0,0,0,0
PAWN_AUDIT_ENTRY,3123,5223465822923917850,17459529603040335176,14902493348384197821,16891741321314210799,2541,306,307,294,7,6,1,27,18446744073709550340,18446744073709550278,11,0,1,0,0,0,0,0,1,281,308,365833,13,5266,0,0,0,2,18446744073709551613,18446744073709551030,18446744073709551030,281,5,1,1,11155293981311553228,2,0,11,6092555701451173960,0,3,1,0
PAWN_AUDIT_RESULT,3123,1,1,-122,0,0,-122,0,0,0,0,0
PAWN_AUDIT_RESULT,3091,5,5,-281,1,8,-294,0,25,47,1,1
PAWN_AUDIT_ENTRY,3129,9999046066669138310,14410156229088527234,11665986506215397217,1956609757133138999,391,306,307,305,8,7,1,9,18446744073709543527,18446744073709549971,9,0,1,0,0,1,0,1895,0,285,259,4030858,13,5276,0,0,0,6,18446744073709544539,5243,1601,285,5,2,1,11155293981311553228,0,0,9,4860604190059411435,0,1,1,0
PAWN_AUDIT_RESULT,3129,1,1,233,0,0,233,0,0,0,0,0
PAWN_AUDIT_ENTRY,3188,17472624733405925363,14111946361312605166,684457606623722723,13861873684082054468,1120,281,282,248,8,7,3,4,18446744073709541965,18446744073709548194,9,0,0,0,0,0,0,0,0,263,263,3363100,13,5414,0,0,0,2,18446744073709547805,18446744073709551030,18446744073709551030,269,3,1,1,13862688173940149393,0,0,9,12773239951755320884,0,1,1,0
PAWN_AUDIT_RESULT,3188,3,3,215,0,0,215,0,0,0,0,0
PAWN_AUDIT_ENTRY,3189,14111946361312605166,18074096873256018183,684457606623722723,1455848457739873969,736,281,282,248,8,7,3,5,18446744073709549616,18446744073709550913,9,0,0,0,0,0,0,0,0,263,263,3363100,13,5415,0,0,0,3,18446744073709551115,18446744073709550021,801,269,3,1,1,13862688173940149393,0,0,9,12773239951755320884,0,1,1,0
PAWN_AUDIT_RESULT,3189,3,3,266,0,0,266,0,0,0,0,0
PAWN_AUDIT_ENTRY,3190,18074096873256018183,6299085402777820747,684457606623722723,8673056312038968166,1090,281,282,266,8,7,2,6,18446744073709542514,18446744073709547675,9,0,0,0,0,0,0,0,0,263,263,3363100,13,5416,0,0,0,2,18446744073709548242,18446744073709551030,18446744073709550644,269,3,1,1,13862688173940149393,0,0,9,12773239951755320884,0,1,1,0
PAWN_AUDIT_RESULT,3190,2,2,209,0,0,209,0,0,0,0,0
PAWN_AUDIT_ENTRY,3191,6299085402777820747,8846543190332718091,684457606623722723,615154850308047006,926,281,282,266,8,7,3,7,18446744073709546041,18446744073709550236,9,0,0,0,0,0,0,0,0,263,263,3363100,13,5417,0,0,0,1,18446744073709549652,18446744073709551042,18446744073709551030,269,3,1,1,13862688173940149393,0,0,9,12773239951755320884,0,0,1,0
PAWN_AUDIT_RESULT,3191,3,3,183,0,0,183,0,0,0,0,0
PAWN_AUDIT_ENTRY,3192,8846543190332718091,17090460907515608684,684457606623722723,12951508443262158773,391,281,282,266,8,7,2,8,18446744073709539439,2033,9,0,0,0,0,0,0,0,0,263,263,3363100,13,5418,0,0,0,6,18446744073709544523,2324,811,269,3,1,1,13862688173940149393,0,0,9,12773239951755320884,0,1,1,0
PAWN_AUDIT_RESULT,3192,2,2,188,0,0,188,0,0,0,0,0
PAWN_AUDIT_ENTRY,3193,17090460907515608684,6378194254578379943,684457606623722723,119237387341130814,708,281,282,266,8,7,2,11,18446744073709542704,18446744073709547758,9,0,0,0,0,0,0,0,0,263,263,3363100,13,5419,0,0,0,3,18446744073709548141,18446744073709551030,18446744073709551030,269,3,1,1,13862688173940149393,0,0,9,12773239951755320884,0,1,1,0
PAWN_AUDIT_RESULT,3193,2,2,170,0,0,170,0,0,0,0,0
PAWN_AUDIT_ENTRY,3194,6378194254578379943,16546975829986054708,10655235870864222253,6916330404871640288,324,281,282,267,7,6,4,4,18446744073709540245,4699,7,0,0,0,0,1,0,0,0,270,280,1881219,13,5420,0,0,0,4,18446744073709550075,18446744073709546775,18446744073709549125,270,3,1,1,15612587136633976202,4,0,7,17381232025299542551,0,5,1,0
PAWN_AUDIT_RESULT,3194,4,4,267,0,0,267,0,1,1,0,0
PAWN_AUDIT_ENTRY,3195,16546975829986054708,9166354393459869011,10655235870864222253,4066312145415882984,1122,281,282,267,7,6,3,5,18446744073709546087,3280,7,0,0,0,0,1,0,0,0,270,280,1881219,13,5422,0,0,0,2,6198,18446744073709546161,18446744073709539285,270,3,1,1,15612587136633976202,4,0,7,17381232025299542551,0,5,1,0
PAWN_AUDIT_RESULT,3195,3,3,259,0,0,259,0,0,0,0,0
PAWN_AUDIT_ENTRY,3230,18096967431819327026,11555490799545659804,7763550480507646256,10481688222833975131,797,281,282,249,7,6,1,3,18446744073709535499,18446744073709551445,5,0,0,0,0,0,0,0,0,251,251,2762464,13,5492,0,0,0,2,18446744073709546797,18446744073709549859,18446744073709548255,274,4,1,1,15612587136633976202,2,0,5,17429209388395023813,0,3,1,0
PAWN_AUDIT_RESULT,3230,1,1,264,0,0,264,0,0,0,0,0
PAWN_AUDIT_ENTRY,3231,11555490799545659804,11744682200803980181,7763550480507646256,13838679638009369077,1122,281,282,264,7,6,1,4,18446744073709551054,3280,5,0,0,0,0,0,0,0,0,251,251,2762464,13,5493,0,0,0,2,6743,18446744073709549366,18446744073709539514,274,4,1,1,15612587136633976202,2,0,5,17429209388395023813,0,3,1,0
PAWN_AUDIT_RESULT,3231,1,1,215,0,0,215,0,2,2,0,0
PAWN_AUDIT_ENTRY,3232,11744682200803980181,704072904042921725,7763550480507646256,7659350306389364045,926,281,282,264,7,6,1,5,18446744073709540935,18446744073709551291,5,0,0,0,0,0,0,0,0,251,251,2762464,13,5496,0,0,0,1,18446744073709547792,18446744073709551030,18446744073709550091,274,4,1,1,15612587136633976202,2,0,5,17429209388395023813,0,0,1,0
PAWN_AUDIT_RESULT,3232,1,1,171,0,0,171,0,0,0,0,0
PAWN_AUDIT_ENTRY,3234,17979992554492298673,6861773019376858381,7763550480507646256,9100844170106899465,148,281,282,264,7,6,1,8,18446744073709541510,18446744073709547552,5,0,0,0,0,0,0,0,0,251,251,2762464,13,5498,0,0,0,3,18446744073709547598,18446744073709551030,18446744073709551030,274,4,1,1,15612587136633976202,2,0,5,17429209388395023813,0,3,1,0
PAWN_AUDIT_RESULT,3234,1,1,240,0,0,240,0,0,0,0,0
PAWN_AUDIT_ENTRY,3241,5150365221828453912,6296056001899697121,2405429170456080549,2990996783724774806,3814,18446744073709551334,18446744073709551335,18446744073709551324,6,5,1,2,18446744073709544628,8192,6,0,1,0,0,0,0,0,0,18446744073709551387,18446744073709551387,911473,13,5516,0,0,0,13,18446744073709545221,18446744073709549093,9228,32002,18446744073709551614,0,1,13862688173940149393,1,0,6,16263852416770298386,0,2,1,0
PAWN_AUDIT_RESULT,3241,1,1,-391,0,0,-391,0,0,0,0,0
PAWN_AUDIT_ENTRY,3242,6296056001899697121,625083832832795161,2405429170456080549,14505636778722217909,3104,18446744073709551334,18446744073709551335,18446744073709551324,6,5,1,3,18446744073709545878,18446744073709551500,6,0,1,0,0,0,0,0,0,18446744073709551387,18446744073709551387,911473,13,5517,0,0,0,9,18446744073709550443,18446744073709551044,18446744073709549246,32002,18446744073709551614,0,1,13862688173940149393,1,0,6,16263852416770298386,0,0,1,0
PAWN_AUDIT_RESULT,3242,1,1,-290,0,0,-290,0,0,0,0,0
PAWN_AUDIT_ENTRY,3243,625083832832795161,7500805775305741742,2405429170456080549,13491830696593673296,3752,18446744073709551334,18446744073709551335,18446744073709551326,6,5,1,4,18446744073709542970,3230,6,0,1,0,0,0,0,0,0,18446744073709551387,18446744073709551387,911473,13,5518,0,0,0,11,4518,18446744073709540320,18446744073709545844,32002,18446744073709551614,0,1,13862688173940149393,1,0,6,16263852416770298386,0,2,1,0
PAWN_AUDIT_RESULT,3243,1,1,-292,0,0,-292,0,1,1,0,0
PAWN_AUDIT_ENTRY,3244,7500805775305741742,697511797517335047,2405429170456080549,14118908247731179567,2722,18446744073709551334,18446744073709551335,18446744073709551326,6,5,1,5,18446744073709548814,18446744073709550677,6,0,1,0,0,0,0,0,0,18446744073709551387,18446744073709551387,911473,13,5520,0,0,0,9,18446744073709550849,18446744073709551131,18446744073709551070,32002,18446744073709551614,0,1,13862688173940149393,1,0,6,16263852416770298386,0,0,1,0
PAWN_AUDIT_RESULT,3244,1,1,-284,0,0,-284,0,0,0,0,0
PAWN_AUDIT_ENTRY,3246,2052643293327820801,11510843313096865909,2405429170456080549,7122340636059396318,3808,18446744073709551334,18446744073709551335,18446744073709551332,6,5,1,8,18446744073709541644,18446744073709549880,6,0,1,0,0,0,0,0,0,18446744073709551387,18446744073709551387,911473,13,5522,0,0,0,13,18446744073709546733,18446744073709551030,1322,32002,18446744073709551614,0,1,13862688173940149393,1,0,6,16263852416770298386,0,2,1,0
PAWN_AUDIT_RESULT,3246,1,1,-291,0,0,-291,0,0,0,0,0
PAWN_AUDIT_ENTRY,3247,11510843313096865909,14444226246486450743,2405429170456080549,9870649867616690346,3437,18446744073709551334,18446744073709551335,18446744073709551332,6,5,1,10,18446744073709533756,18446744073709550278,6,0,1,0,0,0,0,0,0,18446744073709551387,18446744073709551387,911473,13,5523,0,0,0,9,18446744073709544436,18446744073709550302,18446744073709551030,32002,18446744073709551614,0,1,13862688173940149393,1,0,6,16263852416770298386,0,0,1,0
PAWN_AUDIT_RESULT,3247,1,1,-454,0,0,-454,0,0,0,0,0
PAWN_AUDIT_ENTRY,3255,15244210346031962496,6443023514050024090,14111355001303125040,13989108539629269069,926,281,282,230,8,7,1,4,18446744073709544817,18446744073709551291,5,0,0,0,0,0,0,0,0,250,250,3648380,13,5541,0,0,0,1,18446744073709547128,18446744073709551030,3480,271,2,1,1,15612587136633976202,2,0,5,6451629688095912133,0,0,1,0
PAWN_AUDIT_RESULT,3255,1,1,179,0,0,179,0,0,0,0,0
PAWN_AUDIT_ENTRY,3258,10414931809697731147,8771641576617126254,14111355001303125040,6813775368027543192,222,281,282,230,8,7,1,7,18446744073709544758,18446744073709546417,5,0,0,0,0,0,0,0,0,250,250,3648380,13,5545,0,0,0,5,18446744073709549075,18446744073709551030,18446744073709551030,271,2,1,1,15612587136633976202,2,0,5,6451629688095912133,0,3,1,0
PAWN_AUDIT_RESULT,3258,1,1,223,0,0,223,0,0,0,0,0
PAWN_AUDIT_ENTRY,3259,8771641576617126254,8795659505091696722,14111355001303125040,12276742076010913038,1875,281,282,230,8,7,1,9,18446744073709540627,18446744073709546736,5,0,0,0,0,0,0,0,0,250,250,3648380,13,5546,0,0,0,2,18446744073709547348,18446744073709551030,18446744073709550718,271,2,1,1,15612587136633976202,2,0,5,6451629688095912133,0,3,1,0
PAWN_AUDIT_RESULT,3259,1,1,229,0,0,229,0,0,0,0,0
PAWN_AUDIT_ENTRY,3293,4068139182530079532,16356026299738530757,15860925122909901935,5413642314491430650,216,281,282,281,6,5,1,5,18446744073709549383,18446744073709550278,5,0,0,0,0,0,0,0,0,208,208,1955265,13,5618,0,0,0,5,18446744073709551178,18446744073709551030,18446744073709551030,249,1,1,1,11339263188077746290,1,0,5,5062049015514130586,0,2,1,0
PAWN_AUDIT_RESULT,3293,1,1,227,0,0,227,0,0,0,0,0
PAWN_AUDIT_ENTRY,3294,16356026299738530757,8556067358981595847,15860925122909901935,6794526709486753134,202,281,282,281,6,5,1,6,18446744073709548227,18446744073709550550,5,0,0,0,0,0,0,0,0,208,208,1955265,13,5619,0,0,0,5,18446744073709550652,18446744073709551030,18446744073709551030,249,1,1,1,11339263188077746290,1,0,5,5062049015514130586,0,2,1,0
PAWN_AUDIT_RESULT,3294,1,1,222,0,0,222,0,0,0,0,0
PAWN_AUDIT_ENTRY,3295,8556067358981595847,8995730803270574900,15860925122909901935,11879986270487180969,725,281,282,281,6,5,1,7,18446744073709550838,18446744073709551049,5,0,0,0,0,0,0,0,0,208,208,1955265,13,5620,0,0,0,2,3669,18446744073709544139,18446744073709551030,249,1,1,1,11339263188077746290,1,0,5,5062049015514130586,0,2,1,0
PAWN_AUDIT_RESULT,3295,1,1,198,0,0,198,0,0,0,0,0
PAWN_AUDIT_ENTRY,3296,8995730803270574900,2888386833380324000,15860925122909901935,13152583427092287095,209,281,282,281,6,5,1,8,18446744073709545739,18446744073709550278,5,0,0,0,0,0,0,0,0,208,208,1955265,13,5621,0,0,0,5,18446744073709549521,18446744073709551030,18446744073709551030,249,1,1,1,11339263188077746290,1,0,5,5062049015514130586,0,2,1,0
PAWN_AUDIT_RESULT,3296,1,1,179,0,0,179,0,0,0,0,0
PAWN_AUDIT_ENTRY,3316,2891621920732703378,15498159425902172324,12987297216679738813,13059637050916442114,795,281,282,231,6,5,3,2,18446744073709550340,18446744073709550278,13,0,0,0,0,0,0,0,0,137,137,18446744073708373101,13,5668,0,0,0,2,18446744073709551613,18446744073709551030,18446744073709551030,32002,18446744073709551613,0,0,15172092792737259535,4,0,13,8376505613314633944,0,5,1,0
PAWN_AUDIT_RESULT,3316,3,3,218,0,0,218,0,0,0,0,0
PAWN_AUDIT_ENTRY,3318,13179271302631100374,6620893280679687744,12987297216679738813,13099546902674522560,926,281,282,231,6,5,1,4,18446744073709543284,18446744073709550278,13,0,0,0,0,0,0,0,0,137,137,18446744073708373101,13,5670,0,0,0,1,18446744073709546167,556,2848,32002,18446744073709551613,0,0,15172092792737259535,4,0,13,8376505613314633944,0,0,1,0
PAWN_AUDIT_RESULT,3318,1,1,90,0,0,90,0,0,0,0,0
PAWN_AUDIT_ENTRY,3319,6620893280679687744,7731638658703149493,12987297216679738813,4440339493871495800,742,281,282,231,6,5,1,5,18446744073709541605,18446744073709550278,13,0,0,0,0,0,0,0,0,137,137,18446744073708373101,13,5671,0,0,0,3,18446744073709547641,18446744073709551030,18446744073709551030,32002,18446744073709551613,0,0,15172092792737259535,4,0,13,8376505613314633944,0,5,1,0
PAWN_AUDIT_RESULT,3319,1,1,178,0,0,178,0,0,0,0,0
PAWN_AUDIT_ENTRY,3320,7731638658703149493,12979098423785487513,12987297216679738813,264663118934203755,722,281,282,231,6,5,1,6,18446744073709541482,18446744073709550278,13,0,0,0,0,0,0,0,0,137,137,18446744073708373101,13,5672,0,0,0,3,18446744073709547585,18446744073709551030,18446744073709551030,32002,18446744073709551613,0,0,15172092792737259535,4,0,13,8376505613314633944,0,5,1,0
PAWN_AUDIT_RESULT,3320,1,1,195,0,0,195,0,0,0,0,0
PAWN_AUDIT_ENTRY,3322,14328101691695539874,15872832870262599736,12987297216679738813,13611027437066022240,708,281,282,231,6,5,1,8,18446744073709541092,18446744073709550278,13,0,0,0,0,0,0,0,0,137,137,18446744073708373101,13,5675,0,0,0,3,18446744073709547408,18446744073709551030,18446744073709551030,32002,18446744073709551613,0,0,15172092792737259535,4,0,13,8376505613314633944,0,5,1,0
PAWN_AUDIT_RESULT,3322,1,1,126,0,0,126,0,0,0,0,0
PAWN_AUDIT_ENTRY,3323,15872832870262599736,13924516155801495254,12987297216679738813,14753000716828788663,733,281,282,231,6,5,1,9,18446744073709541092,18446744073709550278,13,0,0,0,0,0,0,0,0,137,137,18446744073708373101,13,5676,0,0,0,3,18446744073709547408,18446744073709551030,18446744073709551030,32002,18446744073709551613,0,0,15172092792737259535,4,0,13,8376505613314633944,0,5,1,0
PAWN_AUDIT_RESULT,3323,1,1,153,0,0,153,0,0,0,0,0
PAWN_AUDIT_ENTRY,3324,13924516155801495254,6221214860034454460,12987297216679738813,2124966214282911426,2,281,282,231,6,5,1,10,18446744073709540182,18446744073709550278,13,0,0,0,0,0,0,0,0,137,137,18446744073708373101,13,5677,0,0,0,4,18446744073709546994,18446744073709551030,18446744073709551030,32002,18446744073709551613,0,0,15172092792737259535,4,0,13,8376505613314633944,0,5,1,0
PAWN_AUDIT_RESULT,3324,1,1,185,0,0,185,0,0,0,0,0
PAWN_AUDIT_ENTRY,3325,6221214860034454460,13807275777728628511,13036322188334092911,13108660491931664336,795,281,282,237,9,8,5,2,18446744073709550993,18446744073709550686,11,0,0,0,0,0,0,0,0,117,117,170679,13,5678,0,0,0,2,294,18446744073709551030,18446744073709551030,212,1,1,1,15172092792737259535,2,0,11,3366159705246969498,0,3,1,0
PAWN_AUDIT_RESULT,3325,5,5,67,0,0,67,0,2,2,0,0
PAWN_AUDIT_ENTRY,3326,13807275777728628511,10579644773658719612,13036322188334092911,250567996384703161,722,281,282,237,9,8,2,4,18446744073709541077,18446744073709549864,11,0,0,0,0,0,0,0,0,117,117,170679,13,5681,0,0,0,3,18446744073709547401,18446744073709551030,18446744073709551030,212,1,1,1,15172092792737259535,2,0,11,3366159705246969498,0,3,1,0
PAWN_AUDIT_RESULT,3326,2,2,175,0,0,175,0,0,0,0,0
PAWN_AUDIT_ENTRY,3328,3708389582872233147,10304477097619153982,13036322188334092911,5944925853257722491,2,281,282,281,9,8,1,7,18446744073709539612,18446744073709549560,11,0,0,0,0,0,0,0,0,117,117,170679,13,5685,0,0,0,4,18446744073709546735,18446744073709551030,18446744073709551030,212,1,1,1,15172092792737259535,2,0,11,3366159705246969498,0,3,1,0
PAWN_AUDIT_RESULT,3328,1,1,170,0,0,170,0,0,0,0,0
PAWN_AUDIT_ENTRY,3329,10304477097619153982,11120920314542570744,13036322188334092911,10842129578761839734,706,281,282,281,9,8,1,8,18446744073709539799,18446744073709550278,11,0,0,0,0,0,0,0,0,117,117,170679,13,5686,0,0,0,3,18446744073709546820,18446744073709551030,18446744073709551030,212,1,1,1,15172092792737259535,2,0,11,3366159705246969498,0,3,1,0
PAWN_AUDIT_RESULT,3329,1,1,147,0,0,147,0,0,0,0,0
PAWN_AUDIT_ENTRY,3330,11120920314542570744,6200504291052596621,13445261601654241228,8433006714000538637,407,281,282,281,11,10,7,2,18446744073709544409,18446744073709550278,9,0,0,0,0,0,0,0,0,279,279,216180,13,5687,0,0,0,2,18446744073709548916,18446744073709551030,18446744073709551030,290,4,1,1,15172092792737259535,0,0,9,5960717434993051868,0,1,1,0
PAWN_AUDIT_RESULT,3330,7,7,239,0,0,239,0,3,3,0,0
PAWN_AUDIT_ENTRY,3332,2252599071298237982,2499450649101501726,13445261601654241228,2868181855901887844,222,281,282,281,11,10,5,3,18446744073709543632,18446744073709550278,9,0,0,0,0,0,0,0,0,279,279,216180,13,5691,0,0,0,5,18446744073709548563,18446744073709551030,18446744073709551030,290,4,1,1,15172092792737259535,0,0,9,5960717434993051868,0,1,1,0
PAWN_AUDIT_ENTRY,3338,13104397325919651779,3786312028747259587,2868181855901887844,3120415334611453305,1552,18446744073709551334,18446744073709551335,18446744073709551311,9,8,1,3,18446744073709546978,18446744073709550278,10,0,1,0,0,0,0,0,0,18446744073709551285,18446744073709551285,569749,13,5700,0,0,0,9,18446744073709550057,18446744073709551030,18446744073709551086,18446744073709551313,5,1,1,15172092792737259535,1,0,10,13445261601654241228,0,0,1,0
PAWN_AUDIT_RESULT,3338,1,1,-353,0,0,-353,0,0,0,0,0
PAWN_AUDIT_ENTRY,3339,3786312028747259587,1734687240603552497,2868181855901887844,6073371082222490147,2267,18446744073709551334,18446744073709551335,18446744073709551311,9,8,1,4,18446744073709544714,18446744073709550278,10,0,1,0,0,0,0,0,0,18446744073709551285,18446744073709551285,569749,13,5701,0,0,0,9,18446744073709549055,18446744073709551030,18446744073709551030,18446744073709551313,5,1,1,15172092792737259535,1,0,10,13445261601654241228,0,0,1,0
PAWN_AUDIT_RESULT,3339,1,1,-392,0,0,-392,0,0,0,0,0
PAWN_AUDIT_ENTRY,3340,1734687240603552497,14038149595974362529,2868181855901887844,15732605080442164453,3901,18446744073709551334,18446744073709551335,18446744073709551311,9,8,1,5,18446744073709542704,18446744073709550278,10,0,1,0,0,0,0,0,0,18446744073709551285,18446744073709551285,569749,13,5702,0,0,0,14,18446744073709548141,18446744073709551030,18446744073709551030,18446744073709551313,5,1,1,15172092792737259535,1,0,10,13445261601654241228,0,2,1,0
PAWN_AUDIT_RESULT,3340,1,1,-366,0,0,-366,0,0,0,0,0
PAWN_AUDIT_ENTRY,3341,14038149595974362529,17689669746299191216,2868181855901887844,34087410439076193,3632,18446744073709551334,18446744073709551335,18446744073709551311,9,8,1,6,18446744073709544873,18446744073709548874,10,0,1,0,0,0,0,0,0,18446744073709551285,18446744073709551285,569749,13,5703,0,0,0,12,18446744073709549127,18446744073709551030,18446744073709551030,18446744073709551313,5,1,1,15172092792737259535,1,0,10,13445261601654241228,0,2,1,0
PAWN_AUDIT_RESULT,3341,1,1,-373,0,0,-373,0,0,0,0,0
PAWN_AUDIT_ENTRY,3342,17689669746299191216,4083249506442852044,2868181855901887844,13345265660283182481,3559,18446744073709551334,18446744073709551335,18446744073709551311,9,8,1,7,18446744073709539843,18446744073709550278,10,0,1,0,0,0,0,0,0,18446744073709551285,18446744073709551285,569749,13,5704,0,0,0,9,18446744073709544601,1655,1718,18446744073709551313,5,1,1,15172092792737259535,1,0,10,13445261601654241228,0,0,1,0
PAWN_AUDIT_RESULT,3342,1,1,-308,0,0,-308,0,0,0,0,0
PAWN_AUDIT_ENTRY,3343,4083249506442852044,11792516540668942480,2868181855901887844,11686140151232587169,3624,18446744073709551334,18446744073709551335,18446744073709551311,9,8,1,8,18446744073709542909,18446744073709548874,10,0,1,0,0,0,0,0,0,18446744073709551285,18446744073709551285,569749,13,5705,0,0,0,12,18446744073709548234,18446744073709551030,18446744073709551030,18446744073709551313,5,1,1,15172092792737259535,1,0,10,13445261601654241228,0,2,1,0
PAWN_AUDIT_RESULT,3343,1,1,-475,0,0,-475,0,0,0,0,0
PAWN_AUDIT_RESULT,3332,5,5,303,1,10,286,0,5,14,1,1
PAWN_AUDIT_ENTRY,3362,1013682654513572326,9579646729889144840,6983353118463046220,13431312773839594979,3,281,282,191,6,5,2,3,18446744073709550340,18446744073709550278,13,0,0,0,0,0,0,0,0,143,143,18446744073709380616,13,5740,0,0,1,4,18446744073709551613,18446744073709551030,18446744073709551030,281,0,1,1,3058730106135607206,0,0,13,14326516813048825281,0,1,1,0
PAWN_AUDIT_RESULT,3362,2,2,158,0,0,158,0,0,0,0,0
PAWN_AUDIT_ENTRY,3363,9579646729889144840,18412799103349420703,6983353118463046220,9186278713544104124,1561,281,282,191,6,5,2,4,18446744073709550340,18446744073709550278,13,0,0,0,0,0,0,0,0,143,143,18446744073709380616,13,5741,0,0,1,5,18446744073709551613,18446744073709551030,18446744073709551030,281,0,1,1,3058730106135607206,0,0,13,14326516813048825281,0,1,1,0
PAWN_AUDIT_RESULT,3363,2,2,101,0,0,101,0,0,0,0,0
PAWN_AUDIT_ENTRY,3364,18412799103349420703,16407439123615492604,6983353118463046220,3644059570340837825,1565,281,282,191,6,5,1,5,18446744073709550340,18446744073709550278,13,0,0,0,0,0,0,0,0,143,143,18446744073709380616,13,5742,0,0,1,5,18446744073709551613,18446744073709551030,18446744073709551030,281,0,1,1,3058730106135607206,0,0,13,14326516813048825281,0,1,1,0
PAWN_AUDIT_RESULT,3364,1,1,154,0,0,154,0,0,0,0,0
PAWN_AUDIT_ENTRY,3365,16407439123615492604,16053787441644873983,6983353118463046220,2997540877332922863,1568,281,282,191,6,5,1,7,18446744073709550340,18446744073709550278,13,0,0,0,0,0,0,0,0,143,143,18446744073709380616,13,5743,0,0,1,5,18446744073709551613,18446744073709551030,18446744073709551030,281,0,1,1,3058730106135607206,0,0,13,14326516813048825281,0,1,1,0
PAWN_AUDIT_RESULT,3365,1,1,144,0,0,144,0,0,0,0,0
PAWN_AUDIT_ENTRY,3366,16053787441644873983,12120746970341765547,6983353118463046220,4841006010436716894,49408,281,282,191,6,5,1,8,18446744073709550340,18446744073709550278,13,0,0,0,0,0,0,0,0,143,143,18446744073709380616,13,5744,0,0,1,6,18446744073709551613,18446744073709551030,18446744073709551030,281,0,1,1,3058730106135607206,0,0,13,14326516813048825281,0,1,1,0
PAWN_AUDIT_RESULT,3366,1,1,213,0,0,213,0,0,0,0,0
PAWN_AUDIT_ENTRY,3367,12120746970341765547,5013963248441239505,6983353118463046220,9052871099714854942,736,281,282,213,6,5,1,9,18446744073709549647,18446744073709550278,13,0,0,0,0,0,0,0,0,143,143,18446744073709380616,13,5745,0,0,1,3,18446744073709551298,18446744073709551030,18446744073709551030,281,0,1,1,3058730106135607206,0,0,13,14326516813048825281,0,1,1,0
PAWN_AUDIT_RESULT,3367,1,1,224,0,0,224,0,0,0,0,0
PAWN_AUDIT_ENTRY,3368,5013963248441239505,8337488944226666491,6983353118463046220,13792145237895657865,1552,281,282,224,6,5,1,10,18446744073709547219,18446744073709550278,13,0,0,0,0,0,0,0,0,143,143,18446744073709380616,13,5746,0,0,1,5,18446744073709550194,18446744073709551030,18446744073709551030,281,0,1,1,3058730106135607206,0,0,13,14326516813048825281,0,1,1,0
PAWN_AUDIT_RESULT,3368,1,1,113,0,0,113,0,0,0,0,0
PAWN_AUDIT_ENTRY,3369,8337488944226666491,11778926447391850687,6983353118463046220,4448072074840170765,1553,281,282,224,6,5,1,11,18446744073709547219,18446744073709550278,13,0,0,0,0,0,0,0,0,143,143,18446744073709380616,13,5747,0,0,1,5,18446744073709550194,18446744073709551030,18446744073709551030,281,0,1,1,3058730106135607206,0,0,13,14326516813048825281,0,1,1,0
PAWN_AUDIT_RESULT,3369,1,1,69,0,0,69,0,0,0,0,0
PAWN_AUDIT_ENTRY,3370,11778926447391850687,16987972201823696621,6983353118463046220,7985484917950176543,405,281,282,224,6,5,1,12,18446744073709548119,18446744073709550278,13,0,0,0,0,0,0,0,0,143,143,18446744073709380616,13,5748,0,0,1,2,18446744073709550603,18446744073709551030,18446744073709551030,281,0,1,1,3058730106135607206,0,0,13,14326516813048825281,0,1,1,0
PAWN_AUDIT_RESULT,3370,1,1,228,0,0,228,0,0,0,0,0
PAWN_AUDIT_ENTRY,3371,16987972201823696621,3859689910085930965,11391883172612936030,276267991846255684,1947,281,282,234,8,7,4,2,18446744073709550340,3460,11,0,0,0,0,0,0,0,0,161,161,1930717,13,5749,0,0,0,5,18446744073709551613,18446744073709551030,18446744073709551030,281,1,1,1,11120698628305700051,3,0,11,1144252498148794129,0,4,1,0
PAWN_AUDIT_ENTRY,3382,13992517757333899970,4624015804579772470,276267991846255684,16999088078367593896,2975,18446744073709551334,18446744073709551335,18446744073709551328,6,5,1,2,18446744073709550267,18446744073709551261,12,0,1,0,0,0,0,0,0,18446744073709551334,18446744073709551375,18446744073705054908,13,5778,0,0,0,10,18446744073709551580,18446744073709551030,18446744073709551030,18446744073709551334,5,1,1,11120698628305700051,4,0,12,11391883172612936030,0,5,1,0
PAWN_AUDIT_RESULT,3382,1,1,-292,0,0,-292,0,0,0,0,0
PAWN_AUDIT_ENTRY,3383,4624015804579772470,11201814452517727741,276267991846255684,14617601130954324312,53055,18446744073709551334,18446744073709551335,18446744073709551328,6,5,1,3,18446744073709551066,18446744073709550278,12,0,1,0,0,0,0,0,0,18446744073709551334,18446744073709551375,18446744073705054908,13,5779,0,0,0,14,327,18446744073709551030,18446744073709551030,18446744073709551334,5,1,1,11120698628305700051,4,0,12,11391883172612936030,0,5,1,0
PAWN_AUDIT_RESULT,3383,1,1,-282,0,0,-282,0,0,0,0,0
PAWN_AUDIT_ENTRY,3384,11201814452517727741,9518940818633987839,276267991846255684,17003923802523927380,3104,18446744073709551334,18446744073709551335,18446744073709551334,6,5,1,5,18446744073709543603,18446744073709551223,12,0,1,0,0,0,0,0,0,18446744073709551334,18446744073709551375,18446744073705054908,13,5780,0,0,0,9,18446744073709548680,18446744073709551030,18446744073709550761,18446744073709551334,5,1,1,11120698628305700051,4,0,12,11391883172612936030,0,0,1,0
PAWN_AUDIT_RESULT,3384,1,1,-282,0,0,-282,0,0,0,0,0
PAWN_AUDIT_ENTRY,3385,9518940818633987839,12228847203885291948,276267991846255684,10532981303468716555,2996,18446744073709551334,18446744073709551335,18446744073709551334,6,5,1,6,18446744073709545973,18446744073709550122,12,0,1,0,0,0,0,0,0,18446744073709551334,18446744073709551375,18446744073705054908,13,5781,0,0,0,10,18446744073709548088,2493,18446744073709551030,18446744073709551334,5,1,1,11120698628305700051,4,0,12,11391883172612936030,0,5,1,0
PAWN_AUDIT_RESULT,3385,1,1,-343,0,0,-343,0,0,0,0,0
PAWN_AUDIT_ENTRY,3386,12228847203885291948,6071008063690631508,276267991846255684,12971774614266982614,3005,18446744073709551334,18446744073709551335,18446744073709551334,6,5,1,8,18446744073709547219,18446744073709548874,12,0,1,0,0,0,0,0,0,18446744073709551334,18446744073709551375,18446744073705054908,13,5782,0,0,0,10,18446744073709550194,18446744073709551030,18446744073709551030,18446744073709551334,5,1,1,11120698628305700051,4,0,12,11391883172612936030,0,5,1,0
PAWN_AUDIT_RESULT,3386,1,1,-350,0,0,-350,0,0,0,0,0
PAWN_AUDIT_ENTRY,3387,6071008063690631508,5481321482583791545,276267991846255684,12941642573084499812,4093,18446744073709551334,18446744073709551335,18446744073709551334,6,5,1,9,18446744073709547219,18446744073709548874,12,0,1,0,0,0,0,0,0,18446744073709551334,18446744073709551375,18446744073705054908,13,5783,0,0,0,12,18446744073709550194,18446744073709551030,18446744073709551030,18446744073709551334,5,1,1,11120698628305700051,4,0,12,11391883172612936030,0,5,1,0
PAWN_AUDIT_RESULT,3387,1,1,-390,0,0,-390,0,0,0,0,0
PAWN_AUDIT_ENTRY,3389,2983905066958373515,3070659774086929102,276267991846255684,11325352518930336945,3559,18446744073709551334,18446744073709551335,18446744073709551334,6,5,1,11,18446744073709536591,18446744073709550278,12,0,1,0,0,0,0,0,0,18446744073709551334,18446744073709551375,18446744073705054908,13,5785,0,0,0,9,18446744073709545361,18446744073709551030,18446744073709551030,18446744073709551334,5,1,1,11120698628305700051,4,0,12,11391883172612936030,0,0,1,0
PAWN_AUDIT_RESULT,3389,1,1,-338,0,0,-338,0,0,0,0,0
PAWN_AUDIT_ENTRY,3390,3070659774086929102,6997657935841449587,276267991846255684,8164041855034031669,3567,18446744073709551334,18446744073709551335,18446744073709551334,6,5,1,12,18446744073709535893,18446744073709550278,12,0,1,0,0,0,0,0,0,18446744073709551334,18446744073709551375,18446744073705054908,13,5786,0,0,0,9,18446744073709545044,18446744073709551030,18446744073709551030,18446744073709551334,5,1,1,11120698628305700051,4,0,12,11391883172612936030,0,0,1,0
PAWN_AUDIT_RESULT,3390,1,1,-295,0,0,-295,0,0,0,0,0
PAWN_AUDIT_ENTRY,3391,6997657935841449587,8497823770625240054,276267991846255684,3081135983238848024,4094,18446744073709551334,18446744073709551335,18446744073709551334,6,5,1,13,18446744073709535968,18446744073709550278,12,0,1,0,0,0,0,0,0,18446744073709551334,18446744073709551375,18446744073705054908,13,5787,0,0,0,12,18446744073709545078,18446744073709551030,18446744073709551030,18446744073709551334,5,1,1,11120698628305700051,4,0,12,11391883172612936030,0,5,1,0
PAWN_AUDIT_RESULT,3391,1,1,-393,0,0,-393,0,0,0,0,0
PAWN_AUDIT_ENTRY,3392,8497823770625240054,287588762484559930,276267991846255684,18324342602956801477,3901,18446744073709551334,18446744073709551335,18446744073709551334,6,5,1,23,18446744073709539799,18446744073709547758,12,0,1,0,0,0,0,0,0,18446744073709551334,18446744073709551375,18446744073705054908,13,5788,0,0,0,14,18446744073709546820,18446744073709551030,18446744073709551030,18446744073709551334,5,1,1,11120698628305700051,4,0,12,11391883172612936030,0,5,1,0
PAWN_AUDIT_RESULT,3392,1,1,-413,0,0,-413,0,0,0,0,0
PAWN_AUDIT_RESULT,3371,4,4,282,1,7,282,0,23,39,1,1
PAWN_AUDIT_ENTRY,3394,117534281710949996,11900325497946493394,1144252498148794129,10789606604657124324,3752,18446744073709551334,18446744073709551335,18446744073709551334,9,8,2,3,18446744073709549672,1489,10,0,1,0,0,0,0,3374,0,18446744073709551346,18446744073709551346,18446744073708715383,13,5792,0,0,0,11,1471,18446744073709549451,18446744073709548994,18446744073709551335,2,2,1,11120698628305700051,2,0,10,10573270597717935545,0,3,1,0
PAWN_AUDIT_RESULT,3394,2,2,-369,0,0,-369,0,0,0,0,0
PAWN_AUDIT_ENTRY,3395,11900325497946493394,15618859908938033369,1144252498148794129,14332869727367207437,53055,18446744073709551334,18446744073709551335,18446744073709551334,9,8,1,4,18446744073709551066,18446744073709550278,10,0,1,0,0,0,0,3374,0,18446744073709551346,18446744073709551346,18446744073708715383,13,5793,0,0,0,14,327,18446744073709551030,18446744073709551030,18446744073709551335,2,2,1,11120698628305700051,2,0,10,10573270597717935545,0,3,1,0
PAWN_AUDIT_RESULT,3395,1,1,-367,0,0,-367,0,1,1,0,0
PAWN_AUDIT_ENTRY,3396,15618859908938033369,12111269860802222568,1144252498148794129,16703465400392933377,3104,18446744073709551334,18446744073709551335,18446744073709551334,9,8,1,5,18446744073709546598,18446744073709551223,10,0,1,0,0,0,0,3374,0,18446744073709551346,18446744073709551346,18446744073708715383,13,5795,0,0,0,9,18446744073709548680,2290,18446744073709550604,18446744073709551335,2,2,1,11120698628305700051,2,0,10,10573270597717935545,0,0,1,0
PAWN_AUDIT_RESULT,3396,1,1,-309,0,0,-309,0,0,0,0,0
PAWN_AUDIT_ENTRY,3397,12111269860802222568,13498878041638172694,1144252498148794129,243500666191951628,1552,18446744073709551334,18446744073709551335,18446744073709551334,9,8,1,6,18446744073709545009,18446744073709550278,10,0,1,0,0,0,0,3374,0,18446744073709551346,18446744073709551346,18446744073708715383,13,5796,0,0,0,9,18446744073709549264,18446744073709551030,18446744073709550875,18446744073709551335,2,2,1,11120698628305700051,2,0,10,10573270597717935545,0,0,1,0
PAWN_AUDIT_RESULT,3397,1,1,-299,0,0,-299,0,0,0,0,0
PAWN_AUDIT_ENTRY,3398,13498878041638172694,10111381017661700800,1144252498148794129,8963312747353989206,2267,18446744073709551334,18446744073709551335,18446744073709551334,9,8,1,7,18446744073709542403,18446744073709550278,10,0,1,0,0,0,0,3374,0,18446744073709551346,18446744073709551346,18446744073708715383,13,5797,0,0,0,9,18446744073709548004,18446744073709551030,18446744073709551030,18446744073709551335,2,2,1,11120698628305700051,2,0,10,10573270597717935545,0,0,1,0
PAWN_AUDIT_RESULT,3398,1,1,-313,0,0,-313,0,0,0,0,0
PAWN_AUDIT_ENTRY,3399,10111381017661700800,15310701521261548762,1144252498148794129,13811766592650574897,4093,18446744073709551334,18446744073709551335,18446744073709551334,9,8,1,8,18446744073709544714,18446744073709548874,10,0,1,0,0,0,0,3374,0,18446744073709551346,18446744073709551346,18446744073708715383,13,5798,0,0,0,12,18446744073709549055,18446744073709551030,18446744073709551030,18446744073709551335,2,2,1,11120698628305700051,2,0,10,10573270597717935545,0,3,1,0
PAWN_AUDIT_RESULT,3399,1,1,-382,0,0,-382,0,0,0,0,0
PAWN_AUDIT_ENTRY,3400,15310701521261548762,3993654241761471757,1144252498148794129,10457094243383406564,3559,18446744073709551334,18446744073709551335,18446744073709551334,9,8,1,9,18446744073709538166,18446744073709550278,10,0,1,0,0,0,0,3374,0,18446744073709551346,18446744073709551346,18446744073708715383,13,5799,0,0,0,9,18446744073709545177,1655,18446744073709550576,18446744073709551335,2,2,1,11120698628305700051,2,0,10,10573270597717935545,0,0,1,0
PAWN_AUDIT_RESULT,3400,1,1,-294,0,0,-294,0,0,0,0,0
PAWN_AUDIT_ENTRY,3401,3993654241761471757,4822203375352616681,1144252498148794129,14979613300377080436,3390,18446744073709551334,18446744073709551335,18446744073709551334,9,8,1,10,18446744073709536801,18446744073709550278,10,0,1,0,0,0,0,3374,0,18446744073709551346,18446744073709551346,18446744073708715383,13,5800,0,0,0,10,18446744073709545688,18446744073709551030,18446744073709550553,18446744073709551335,2,2,1,11120698628305700051,2,0,10,10573270597717935545,0,3,1,0
PAWN_AUDIT_RESULT,3401,1,1,-437,0,0,-437,0,0,0,0,0
PAWN_AUDIT_ENTRY,3402,4822203375352616681,14049417402947866073,1144252498148794129,9041032447666691424,3567,18446744073709551334,18446744073709551335,18446744073709551334,9,8,1,11,18446744073709535635,18446744073709550278,10,0,1,0,0,0,0,3374,0,18446744073709551346,18446744073709551346,18446744073708715383,13,5801,0,0,0,9,18446744073709545027,18446744073709550829,18446744073709551030,18446744073709551335,2,2,1,11120698628305700051,2,0,10,10573270597717935545,0,0,1,0
PAWN_AUDIT_RESULT,3402,1,1,-320,0,0,-320,0,0,0,0,0
PAWN_AUDIT_ENTRY,3403,14049417402947866073,6469509366954488281,1144252498148794129,9536715383630793421,3826,18446744073709551334,18446744073709551335,18446744073709551334,9,8,1,12,18446744073709535137,18446744073709550278,10,0,1,0,0,0,0,3374,0,18446744073709551346,18446744073709551346,18446744073708715383,13,5802,0,0,0,13,18446744073709544700,18446744073709551030,18446744073709551030,18446744073709551335,2,2,1,11120698628305700051,2,0,10,10573270597717935545,0,3,1,0
PAWN_AUDIT_RESULT,3403,1,1,-418,0,0,-418,0,6,6,0,0
PAWN_AUDIT_ENTRY,3405,113368413149520479,12959945034211328378,1144252498148794129,6640568801174800061,3112,18446744073709551334,18446744073709551335,18446744073709551334,9,8,1,13,18446744073709534937,18446744073709550278,10,0,1,0,0,0,0,3374,0,18446744073709551346,18446744073709551346,18446744073708715383,13,5809,0,0,0,9,18446744073709544733,18446744073709550782,18446744073709551030,18446744073709551335,2,2,1,11120698628305700051,2,0,10,10573270597717935545,0,0,1,0
PAWN_AUDIT_RESULT,3405,1,1,-381,0,0,-381,0,0,0,0,0
PAWN_AUDIT_ENTRY,3406,12959945034211328378,6579825616077917992,1144252498148794129,2897388488617735397,3763,18446744073709551334,18446744073709551335,18446744073709551334,9,8,1,14,18446744073709534699,18446744073709550278,10,0,1,0,0,0,0,3374,0,18446744073709551346,18446744073709551346,18446744073708715383,13,5810,0,0,0,11,18446744073709544501,18446744073709551030,18446744073709551030,18446744073709551335,2,2,1,11120698628305700051,2,0,10,10573270597717935545,0,3,1,0
PAWN_AUDIT_RESULT,3406,1,1,-372,0,0,-372,0,0,0,0,0
PAWN_AUDIT_ENTRY,3407,6579825616077917992,3109120847164122500,1144252498148794129,13476173074784725951,3827,18446744073709551334,18446744073709551335,18446744073709551334,9,8,1,16,18446744073709534567,18446744073709550278,10,0,1,0,0,0,0,3374,0,18446744073709551346,18446744073709551346,18446744073708715383,13,5811,0,0,0,13,18446744073709544441,18446744073709551030,18446744073709551030,18446744073709551335,2,2,1,11120698628305700051,2,0,10,10573270597717935545,0,3,1,0
PAWN_AUDIT_RESULT,3407,1,1,-345,0,0,-345,0,0,0,0,0
PAWN_AUDIT_ENTRY,3408,3109120847164122500,9442738918841659875,1144252498148794129,735658790719299030,3891,18446744073709551334,18446744073709551335,18446744073709551334,9,8,1,17,18446744073709534567,18446744073709550278,10,0,1,0,0,0,0,3374,0,18446744073709551346,18446744073709551346,18446744073708715383,13,5812,0,0,0,14,18446744073709544441,18446744073709551030,18446744073709551030,18446744073709551335,2,2,1,11120698628305700051,2,0,10,10573270597717935545,0,3,1,0
PAWN_AUDIT_RESULT,3408,1,1,-432,0,0,-432,0,0,0,0,0
PAWN_AUDIT_ENTRY,3409,9442738918841659875,9719024763260672997,1144252498148794129,11996297766053220126,3437,18446744073709551334,18446744073709551335,18446744073709551334,9,8,1,18,18446744073709534554,18446744073709550278,10,0,1,0,0,0,0,3374,0,18446744073709551346,18446744073709551346,18446744073708715383,13,5813,0,0,0,9,18446744073709544435,18446744073709551030,18446744073709551030,18446744073709551335,2,2,1,11120698628305700051,2,0,10,10573270597717935545,0,0,1,0
PAWN_AUDIT_RESULT,3409,1,1,-342,0,0,-342,0,0,0,0,0
PAWN_AUDIT_ENTRY,3410,9719024763260672997,15720397660328417599,1144252498148794129,14703854753272834046,3502,18446744073709551334,18446744073709551335,18446744073709551334,9,8,1,19,18446744073709534552,18446744073709550278,10,0,1,0,0,0,0,3374,0,18446744073709551346,18446744073709551346,18446744073708715383,13,5814,0,0,0,9,18446744073709544434,18446744073709551030,18446744073709551030,18446744073709551335,2,2,1,11120698628305700051,2,0,10,10573270597717935545,0,0,1,0
PAWN_AUDIT_RESULT,3410,1,1,-447,0,0,-447,0,0,0,0,0
PAWN_AUDIT_ENTRY,3411,15720397660328417599,8801284798417645449,1144252498148794129,17620750965766316168,3429,18446744073709551334,18446744073709551335,18446744073709551334,9,8,1,20,18446744073709533923,18446744073709550278,10,0,1,0,0,0,0,3374,0,18446744073709551346,18446744073709551346,18446744073708715383,13,5815,0,0,0,9,18446744073709544436,18446744073709550850,18446744073709550622,18446744073709551335,2,2,1,11120698628305700051,2,0,10,10573270597717935545,0,0,1,0
PAWN_AUDIT_RESULT,3411,1,1,-364,0,0,-364,0,0,0,0,0
PAWN_AUDIT_ENTRY,3412,8801284798417645449,2910468644718989960,1144252498148794129,5037733146454332505,3641,18446744073709551334,18446744073709551335,18446744073709551334,9,8,1,21,18446744073709534644,18446744073709549734,10,0,1,0,0,0,0,3374,0,18446744073709551346,18446744073709551346,18446744073708715383,13,5816,0,0,0,12,18446744073709544476,18446744073709551030,18446744073709551030,18446744073709551335,2,2,1,11120698628305700051,2,0,10,10573270597717935545,0,3,1,0
PAWN_AUDIT_RESULT,3412,1,1,-297,0,0,-297,0,0,0,0,0
PAWN_AUDIT_ENTRY,3413,2910468644718989960,8450130253707270550,1144252498148794129,17472162604557362832,3901,18446744073709551334,18446744073709551335,18446744073709551334,9,8,1,22,18446744073709538761,18446744073709547758,10,0,1,0,0,0,0,3374,0,18446744073709551346,18446744073709551346,18446744073708715383,13,5817,0,0,0,14,18446744073709546348,18446744073709551030,18446744073709551030,18446744073709551335,2,2,1,11120698628305700051,2,0,10,10573270597717935545,0,3,1,0
PAWN_AUDIT_RESULT,3413,1,1,-375,0,0,-375,0,0,0,0,0
PAWN_AUDIT_ENTRY,3414,8450130253707270550,16183535643462507276,1144252498148794129,12181951076404974036,3761,18446744073709551334,18446744073709551335,18446744073709551334,9,8,1,23,18446744073709535244,18446744073709549244,10,0,1,0,0,0,0,3374,0,18446744073709551346,18446744073709551346,18446744073708715383,13,5818,0,0,0,11,18446744073709544860,18446744073709550807,18446744073709551030,18446744073709551335,2,2,1,11120698628305700051,2,0,10,10573270597717935545,0,3,1,0
PAWN_AUDIT_RESULT,3414,1,1,-356,0,0,-356,0,0,0,0,0
PAWN_AUDIT_ENTRY,3415,16183535643462507276,12636346672659063377,1144252498148794129,2807667854871985485,4094,18446744073709551334,18446744073709551335,18446744073709551334,9,8,1,24,18446744073709535229,18446744073709548874,10,0,1,0,0,0,0,3374,0,18446744073709551346,18446744073709551346,18446744073708715383,13,5819,0,0,0,12,18446744073709544950,18446744073709551030,18446744073709550601,18446744073709551335,2,2,1,11120698628305700051,2,0,10,10573270597717935545,0,3,1,0
PAWN_AUDIT_RESULT,3415,1,1,-377,0,0,-377,0,0,0,0,0
PAWN_AUDIT_ENTRY,3416,12636346672659063377,3489611979947722604,5960717434993051868,6789350059970339009,1552,18446744073709551334,18446744073709551335,18446744073709551334,12,11,3,4,18446744073709545156,18446744073709550278,8,0,1,0,0,0,0,3104,0,18446744073709551394,18446744073709551394,18446744073708725334,13,5820,0,0,1,9,18446744073709549256,18446744073709551030,18446744073709551030,18446744073709551326,6,2,1,11120698628305700051,0,0,8,9114877943743665777,0,0,1,0
PAWN_AUDIT_RESULT,3416,3,3,-336,0,0,-336,0,0,0,0,0
PAWN_AUDIT_ENTRY,3417,3489611979947722604,6760566730215579027,5960717434993051868,2395244353866823579,2267,18446744073709551334,18446744073709551335,18446744073709551334,12,11,2,5,18446744073709541921,18446744073709550278,8,0,1,0,0,0,0,3104,0,18446744073709551394,18446744073709551394,18446744073708725334,13,5821,0,0,1,9,18446744073709547785,18446744073709551030,18446744073709551030,18446744073709551326,6,2,1,11120698628305700051,0,0,8,9114877943743665777,0,0,1,0
PAWN_AUDIT_RESULT,3417,2,2,-322,0,0,-322,0,0,0,0,0
PAWN_AUDIT_ENTRY,3418,6760566730215579027,17893918151067755989,5960717434993051868,14719598357061859369,3559,18446744073709551334,18446744073709551335,18446744073709551334,12,11,2,6,18446744073709536828,18446744073709550278,8,0,1,0,0,0,0,3104,0,18446744073709551394,18446744073709551394,18446744073708725334,13,5822,0,0,1,9,18446744073709545469,18446744073709551030,18446744073709551030,18446744073709551326,6,2,1,11120698628305700051,0,0,8,9114877943743665777,0,0,1,0
PAWN_AUDIT_RESULT,3418,2,2,-329,0,0,-329,0,0,0,0,0
PAWN_AUDIT_ENTRY,3419,17893918151067755989,2649132061200610705,5960717434993051868,12619117120932770141,3901,18446744073709551334,18446744073709551335,18446744073709551334,12,11,2,7,18446744073709537928,18446744073709546870,8,0,1,0,0,0,0,3104,0,18446744073709551394,18446744073709551394,18446744073708725334,13,5823,0,0,1,14,18446744073709545969,18446744073709551030,18446744073709551030,18446744073709551326,6,2,1,11120698628305700051,0,0,8,9114877943743665777,0,1,1,0
PAWN_AUDIT_RESULT,3419,2,2,-424,0,0,-424,0,0,0,0,0
PAWN_AUDIT_ENTRY,3420,2649132061200610705,1391981366493458944,5960717434993051868,2315334426156468909,3567,18446744073709551334,18446744073709551335,18446744073709551334,12,11,1,8,18446744073709535735,18446744073709550278,8,0,1,0,0,0,0,3104,0,18446744073709551394,18446744073709551394,18446744073708725334,13,5824,0,0,1,9,18446744073709544972,18446744073709551030,18446744073709551030,18446744073709551326,6,2,1,11120698628305700051,0,0,8,9114877943743665777,0,0,1,0
PAWN_AUDIT_RESULT,3420,1,1,-303,0,0,-303,0,0,0,0,0
PAWN_AUDIT_ENTRY,3421,1391981366493458944,3483393256788634717,5960717434993051868,15636695155823549696,3826,18446744073709551334,18446744073709551335,18446744073709551334,12,11,1,9,18446744073709537985,18446744073709551185,8,0,1,0,0,0,0,3104,0,18446744073709551394,18446744073709551394,18446744073708725334,13,5825,0,0,1,13,18446744073709545995,18446744073709551030,18446744073709551030,18446744073709551326,6,2,1,11120698628305700051,0,0,8,9114877943743665777,0,1,1,0
PAWN_AUDIT_RESULT,3421,1,1,-293,0,0,-293,0,0,0,0,0
PAWN_AUDIT_ENTRY,3422,3483393256788634717,18193385542761899889,5960717434993051868,10472873022694502451,3502,18446744073709551334,18446744073709551335,18446744073709551334,12,11,1,10,18446744073709534550,18446744073709550278,8,0,1,0,0,0,0,3104,0,18446744073709551394,18446744073709551394,18446744073708725334,13,5826,0,0,1,9,18446744073709544433,18446744073709551030,18446744073709551030,18446744073709551326,6,2,1,11120698628305700051,0,0,8,9114877943743665777,0,0,1,0
PAWN_AUDIT_RESULT,3422,1,1,-426,0,0,-426,0,0,0,0,0
PAWN_AUDIT_ENTRY,3423,18193385542761899889,17860533546573975657,5960717434993051868,16599555168979401842,3827,18446744073709551334,18446744073709551335,18446744073709551334,12,11,1,11,18446744073709534563,18446744073709548874,8,0,1,0,0,0,0,3104,0,18446744073709551394,18446744073709551394,18446744073708725334,13,5827,0,0,1,13,18446744073709544439,18446744073709551030,18446744073709551030,18446744073709551326,6,2,1,11120698628305700051,0,0,8,9114877943743665777,0,1,1,0
PAWN_AUDIT_RESULT,3423,1,1,-340,0,0,-340,0,0,0,0,0
PAWN_AUDIT_ENTRY,3424,17860533546573975657,924245598310000367,5960717434993051868,10791541236210762673,3807,18446744073709551334,18446744073709551335,18446744073709551334,12,11,1,12,18446744073709534591,18446744073709550278,8,0,1,0,0,0,0,3104,0,18446744073709551394,18446744073709551394,18446744073708725334,13,5828,0,0,1,13,18446744073709544452,18446744073709551030,18446744073709551030,18446744073709551326,6,2,1,11120698628305700051,0,0,8,9114877943743665777,0,1,1,0
PAWN_AUDIT_RESULT,3424,1,1,-292,0,0,-292,0,0,0,0,0
PAWN_AUDIT_ENTRY,3425,924245598310000367,14011607108352251874,5960717434993051868,8461168595288957736,3763,18446744073709551334,18446744073709551335,18446744073709551334,12,11,1,13,18446744073709534668,18446744073709548874,8,0,1,0,0,0,0,3104,0,18446744073709551394,18446744073709551394,18446744073708725334,13,5829,0,0,1,11,18446744073709544487,18446744073709551030,18446744073709551030,18446744073709551326,6,2,1,11120698628305700051,0,0,8,9114877943743665777,0,1,1,0
PAWN_AUDIT_RESULT,3425,1,1,-354,0,0,-354,0,0,0,0,0
PAWN_AUDIT_ENTRY,3426,14011607108352251874,10732270192569241628,5960717434993051868,1264084506049418851,3494,18446744073709551334,18446744073709551335,18446744073709551334,12,11,1,14,18446744073709534569,18446744073709550278,8,0,1,0,0,0,0,3104,0,18446744073709551394,18446744073709551394,18446744073708725334,13,5830,0,0,1,9,18446744073709544442,18446744073709551030,18446744073709551030,18446744073709551326,6,2,1,11120698628305700051,0,0,8,9114877943743665777,0,0,1,0
PAWN_AUDIT_RESULT,3426,1,1,-490,0,0,-490,0,0,0,0,0
PAWN_AUDIT_ENTRY,3427,10732270192569241628,6898087503261872482,5960717434993051868,6299443777526925851,3891,18446744073709551334,18446744073709551335,18446744073709551334,12,11,1,15,18446744073709534563,18446744073709548874,8,0,1,0,0,0,0,3104,0,18446744073709551394,18446744073709551394,18446744073708725334,13,5831,0,0,1,14,18446744073709544439,18446744073709551030,18446744073709551030,18446744073709551326,6,2,1,11120698628305700051,0,0,8,9114877943743665777,0,1,1,0
PAWN_AUDIT_RESULT,3427,1,1,-439,0,0,-439,0,0,0,0,0
PAWN_AUDIT_ENTRY,3428,6898087503261872482,16289201955681247493,5960717434993051868,7914987078694273895,3892,18446744073709551334,18446744073709551335,18446744073709551334,12,11,1,16,18446744073709534578,18446744073709550278,8,0,1,0,0,0,0,3104,0,18446744073709551394,18446744073709551394,18446744073708725334,13,5832,0,0,1,14,18446744073709544446,18446744073709551030,18446744073709551030,18446744073709551326,6,2,1,11120698628305700051,0,0,8,9114877943743665777,0,1,1,0
PAWN_AUDIT_RESULT,3428,1,1,-464,0,0,-464,0,0,0,0,0
PAWN_AUDIT_ENTRY,3429,16289201955681247493,7558362785677471165,5960717434993051868,18096274995621927123,3437,18446744073709551334,18446744073709551335,18446744073709551334,12,11,1,17,18446744073709534552,18446744073709550278,8,0,1,0,0,0,0,3104,0,18446744073709551394,18446744073709551394,18446744073708725334,13,5833,0,0,1,9,18446744073709544434,18446744073709551030,18446744073709551030,18446744073709551326,6,2,1,11120698628305700051,0,0,8,9114877943743665777,0,0,1,0
PAWN_AUDIT_RESULT,3429,1,1,-347,0,0,-347,0,0,0,0,0
PAWN_AUDIT_ENTRY,3430,7558362785677471165,17467448402536522126,5960717434993051868,11938824837681177316,4015,18446744073709551334,18446744073709551335,18446744073709551334,12,11,1,18,18446744073709534642,18446744073709550278,8,0,1,0,0,0,0,3104,0,18446744073709551394,18446744073709551394,18446744073708725334,13,5834,0,0,1,10,18446744073709544475,18446744073709551030,18446744073709551030,18446744073709551326,6,2,1,11120698628305700051,0,0,8,9114877943743665777,0,1,1,0
PAWN_AUDIT_RESULT,3430,1,1,-318,0,0,-318,0,0,0,0,0
PAWN_AUDIT_ENTRY,3431,17467448402536522126,13191690699971415912,5960717434993051868,104006501062857072,3112,18446744073709551334,18446744073709551335,18446744073709551334,12,11,1,19,18446744073709535077,18446744073709550278,8,0,1,0,0,0,0,3104,0,18446744073709551394,18446744073709551394,18446744073708725334,13,5835,0,0,1,9,18446744073709544673,18446744073709551030,18446744073709551030,18446744073709551326,6,2,1,11120698628305700051,0,0,8,9114877943743665777,0,0,1,0
PAWN_AUDIT_RESULT,3431,1,1,-352,0,0,-352,0,0,0,0,0
PAWN_AUDIT_ENTRY,3432,13191690699971415912,8628489797958388492,5960717434993051868,12236545022306121541,3429,18446744073709551334,18446744073709551335,18446744073709551334,12,11,1,20,18446744073709534554,18446744073709550278,8,0,1,0,0,0,0,3104,0,18446744073709551394,18446744073709551394,18446744073708725334,13,5836,0,0,1,9,18446744073709544435,18446744073709551030,18446744073709551030,18446744073709551326,6,2,1,11120698628305700051,0,0,8,9114877943743665777,0,0,1,0
PAWN_AUDIT_RESULT,3432,1,1,-393,0,0,-393,0,0,0,0,0
PAWN_AUDIT_ENTRY,3433,8628489797958388492,403971678235486890,5960717434993051868,1778944820838990740,3641,18446744073709551334,18446744073709551335,18446744073709551334,12,11,1,21,18446744073709534884,18446744073709549813,8,0,1,0,0,0,0,3104,0,18446744073709551394,18446744073709551394,18446744073708725334,13,5837,0,0,1,12,18446744073709544585,18446744073709551030,18446744073709551030,18446744073709551326,6,2,1,11120698628305700051,0,0,8,9114877943743665777,0,1,1,0
PAWN_AUDIT_RESULT,3433,1,1,-296,0,0,-296,0,0,0,0,0
PAWN_AUDIT_ENTRY,3434,403971678235486890,6300885145028681,5960717434993051868,3332214271169828848,3828,18446744073709551334,18446744073709551335,18446744073709551334,12,11,1,22,18446744073709534662,18446744073709550278,8,0,1,0,0,0,0,3104,0,18446744073709551394,18446744073709551394,18446744073708725334,13,5838,0,0,1,13,18446744073709544484,18446744073709551030,18446744073709551030,18446744073709551326,6,2,1,11120698628305700051,0,0,8,9114877943743665777,0,1,1,0
PAWN_AUDIT_RESULT,3434,1,1,-313,0,0,-313,0,0,0,0,0
PAWN_AUDIT_ENTRY,3435,6300885145028681,10201347723569915168,5960717434993051868,17606665026485110297,3761,18446744073709551334,18446744073709551335,18446744073709551334,12,11,1,23,18446744073709535302,18446744073709548052,8,0,1,0,0,0,0,3104,0,18446744073709551394,18446744073709551394,18446744073708725334,13,5839,0,0,1,11,18446744073709544775,18446744073709551030,18446744073709551030,18446744073709551326,6,2,1,11120698628305700051,0,0,8,9114877943743665777,0,1,1,0
PAWN_AUDIT_RESULT,3435,1,1,-328,0,0,-328,0,0,0,0,0
PAWN_AUDIT_ENTRY,3452,8844908975933334066,8227795376279522689,10723771593759419901,11162598160931979950,405,281,282,277,8,7,1,3,18446744073709549886,3005,7,0,1,0,0,0,0,0,0,464,464,18446744073708545923,13,5881,0,0,0,2,1860,18446744073709547490,18446744073709550413,32002,18446744073709551614,0,1,13862688173940149393,2,0,7,6111675005647855768,0,3,1,0
PAWN_AUDIT_ENTRY,3476,14535636686874291910,6596502969616075799,17870293351270729876,8109817485931909292,2195,281,282,276,6,5,1,9,18446744073709544058,18446744073709548448,9,0,1,0,0,0,0,0,0,277,335,18446744073704217795,13,5934,0,0,0,2,18446744073709549082,18446744073709550850,18446744073709550545,277,5,1,1,13862688173940149393,4,0,9,11162598160931979950,0,5,1,0
PAWN_AUDIT_RESULT,3476,1,1,239,0,0,239,0,0,0,0,0
PAWN_AUDIT_ENTRY,3477,6596502969616075799,12278783414179948793,17870293351270729876,2632977655098974334,991,281,282,276,6,5,1,10,18446744073709539141,18446744073709549177,9,0,1,0,0,0,0,0,0,277,335,18446744073704217795,13,5935,0,0,0,1,18446744073709546349,18446744073709550421,395,277,5,1,1,13862688173940149393,4,0,9,11162598160931979950,0,0,1,0
PAWN_AUDIT_RESULT,3477,1,1,278,0,0,278,0,0,0,0,0
PAWN_AUDIT_ENTRY,3478,12278783414179948793,3927895912797512352,17870293351270729876,9933708841362525551,658,281,282,278,6,5,1,11,18446744073709536856,18446744073709550278,9,0,1,0,0,0,0,0,0,277,335,18446744073704217795,13,5936,0,0,0,1,18446744073709545657,18446744073709550811,18446744073709550894,277,5,1,1,13862688173940149393,4,0,9,11162598160931979950,0,0,1,0
PAWN_AUDIT_RESULT,3478,1,1,271,0,0,271,0,0,0,0,0
PAWN_AUDIT_ENTRY,3479,3927895912797512352,16467270774980057242,17870293351270729876,12018794815952163910,454,281,282,278,6,5,1,12,18446744073709536034,18446744073709550278,9,0,1,0,0,0,0,0,0,277,335,18446744073704217795,13,5937,0,0,0,4,18446744073709545108,18446744073709551030,18446744073709551030,277,5,1,1,13862688173940149393,4,0,9,11162598160931979950,0,5,1,0
PAWN_AUDIT_RESULT,3479,1,1,243,0,0,243,0,0,0,0,0
PAWN_AUDIT_ENTRY,3480,16467270774980057242,9361708499445108239,17870293351270729876,16623798576715472743,453,281,282,278,6,5,1,13,18446744073709536003,18446744073709550278,9,0,1,0,0,0,0,0,0,277,335,18446744073704217795,13,5938,0,0,0,4,18446744073709545094,18446744073709551030,18446744073709551030,277,5,1,1,13862688173940149393,4,0,9,11162598160931979950,0,5,1,0
PAWN_AUDIT_RESULT,3480,1,1,193,0,0,193,0,0,0,0,0
PAWN_AUDIT_ENTRY,3481,9361708499445108239,13222063873063209668,17870293351270729876,7651175987509580923,593,281,282,278,6,5,1,14,18446744073709536075,18446744073709550278,9,0,1,0,0,0,0,0,0,277,335,18446744073704217795,13,5939,0,0,0,1,18446744073709545390,18446744073709550884,18446744073709550638,277,5,1,1,13862688173940149393,4,0,9,11162598160931979950,0,0,1,0
PAWN_AUDIT_RESULT,3481,1,1,276,0,0,276,0,0,0,0,0
PAWN_AUDIT_ENTRY,3482,13222063873063209668,18055098832908646958,17870293351270729876,17743047352525498311,1350,281,282,278,6,5,1,22,18446744073709537354,18446744073709548874,9,0,1,0,0,0,0,0,0,277,335,18446744073704217795,13,5940,0,0,0,2,18446744073709545708,18446744073709551030,18446744073709551030,277,5,1,1,13862688173940149393,4,0,9,11162598160931979950,0,5,1,0
PAWN_AUDIT_RESULT,3482,1,1,1,0,0,1,0,0,0,0,0
PAWN_AUDIT_ENTRY,3483,18055098832908646958,9220654138757527096,17870293351270729876,14779552256639665138,729,281,282,278,6,5,1,24,18446744073709542166,18446744073709546635,9,0,1,0,0,0,0,0,0,277,335,18446744073704217795,13,5941,0,0,0,3,18446744073709547896,18446744073709551030,18446744073709551030,277,5,1,1,13862688173940149393,4,0,9,11162598160931979950,0,5,1,0
PAWN_AUDIT_RESULT,3483,1,1,264,0,0,264,0,0,0,0,0
PAWN_AUDIT_ENTRY,3484,9220654138757527096,10212783851522232473,17870293351270729876,5733199601320683586,722,281,282,278,6,5,1,31,18446744073709539872,18446744073709546870,9,0,1,0,0,0,0,0,0,277,335,18446744073704217795,13,5942,0,0,0,3,18446744073709546923,18446744073709550890,18446744073709551030,277,5,1,1,13862688173940149393,4,0,9,11162598160931979950,0,5,1,0
PAWN_AUDIT_RESULT,3484,1,1,252,0,0,252,0,0,0,0,0
PAWN_AUDIT_RESULT,3452,1,1,333,1,8,278,0,1,61,0,0
PAWN_AUDIT_ENTRY,3485,10212783851522232473,5222213457230428574,10723771593759419901,2042849057646917061,2195,281,282,278,8,7,1,8,18446744073709542959,18446744073709548448,7,0,1,0,0,0,0,0,0,464,464,18446744073708545923,13,5943,0,0,0,2,18446744073709548298,18446744073709550948,18446744073709551030,32002,18446744073709551614,0,1,13862688173940149393,2,0,7,6111675005647855768,0,3,1,0
PAWN_AUDIT_RESULT,3485,1,1,232,0,0,232,0,0,0,0,0
PAWN_AUDIT_ENTRY,3486,5222213457230428574,3620530161853034458,10723771593759419901,68212776035824811,396,281,282,278,8,7,1,9,18446744073709548753,18446744073709550486,7,0,1,0,0,0,0,0,0,464,464,18446744073708545923,13,5944,0,0,0,2,18446744073709551490,18446744073709550931,18446744073709549899,32002,18446744073709551614,0,1,13862688173940149393,2,0,7,6111675005647855768,0,3,1,0
PAWN_AUDIT_RESULT,3486,1,1,293,1,7,278,0,2,12,0,0
PAWN_AUDIT_ENTRY,3491,72388464692256678,4756093113080665761,10723771593759419901,10746903659008938368,926,281,282,278,8,7,1,10,18446744073709544499,18446744073709550236,7,0,1,0,0,0,0,0,0,464,464,18446744073708545923,13,5957,0,0,0,1,18446744073709548604,447,18446744073709550693,32002,18446744073709551614,0,1,13862688173940149393,2,0,7,6111675005647855768,0,0,1,0
PAWN_AUDIT_RESULT,3491,1,1,238,0,0,238,0,0,0,0,0
PAWN_AUDIT_ENTRY,3493,2803057257186419518,11799906177687246958,10723771593759419901,16503981668447692806,658,281,282,278,8,7,1,12,18446744073709537048,18446744073709550278,7,0,1,0,0,0,0,0,0,464,464,18446744073708545923,13,5960,0,0,0,1,18446744073709545619,18446744073709550930,18446744073709551030,32002,18446744073709551614,0,1,13862688173940149393,2,0,7,6111675005647855768,0,0,1,0
PAWN_AUDIT_ENTRY,3504,7665835848440914154,15534506995016831404,16503981668447692806,13113589601766867330,3817,18446744073709551334,18446744073709551335,18446744073709551334,6,5,1,4,18446744073709547087,18446744073709550278,8,0,0,0,0,0,0,0,0,18446744073709551274,18446744073709551274,6256188,13,5983,0,0,0,13,18446744073709550443,18446744073709551030,18446744073709550393,18446744073709551334,1,1,1,1246546322611901094,0,0,8,10723771593759419901,0,1,1,0
PAWN_AUDIT_RESULT,3504,1,1,-353,0,0,-353,0,0,0,0,0
PAWN_AUDIT_ENTRY,3505,15534506995016831404,16115893706640553659,16503981668447692806,12015469554535886973,3808,18446744073709551334,18446744073709551335,18446744073709551334,6,5,1,5,18446744073709539445,18446744073709550278,8,0,0,0,0,0,0,0,0,18446744073709551274,18446744073709551274,6256188,13,5984,0,0,0,13,18446744073709546659,18446744073709551030,18446744073709551030,18446744073709551334,1,1,1,1246546322611901094,0,0,8,10723771593759419901,0,1,1,0
PAWN_AUDIT_RESULT,3505,1,1,-354,0,0,-354,0,0,0,0,0
PAWN_AUDIT_ENTRY,3506,16115893706640553659,14101867184952343497,16503981668447692806,947578085221586710,3104,18446744073709551334,18446744073709551335,18446744073709551334,6,5,1,7,18446744073709547464,18446744073709550278,8,0,0,0,0,0,0,0,0,18446744073709551274,18446744073709551274,6256188,13,5985,0,0,0,9,18446744073709548459,3520,18446744073709550604,18446744073709551334,1,1,1,1246546322611901094,0,0,8,10723771593759419901,0,0,1,0
PAWN_AUDIT_RESULT,3506,1,1,-321,0,0,-321,0,0,0,0,0
PAWN_AUDIT_RESULT,3493,1,1,282,1,6,282,0,2,25,1,1
PAWN_AUDIT_ENTRY,3507,14101867184952343497,8947547533036017113,6111675005647855768,14883369371262966893,3752,18446744073709551334,18446744073709551335,18446744073709551334,13,12,7,3,18446744073709550295,842,6,0,1,0,0,1,0,3938,0,18446744073709551343,18446744073709551286,236237,13,5986,0,0,0,11,1752,138,18446744073709546626,18446744073709551343,11,2,1,13862688173940149393,1,0,6,18401841948811083869,0,2,1,0
PAWN_AUDIT_RESULT,3507,7,7,-1441,0,0,-1441,0,1,1,0,0
PAWN_AUDIT_ENTRY,3508,8947547533036017113,13768886855234441305,6111675005647855768,13618492561084112776,3104,18446744073709551334,18446744073709551335,18446744073709551334,13,12,5,4,18446744073709540953,18446744073709551500,6,0,1,0,0,1,0,3938,0,18446744073709551343,18446744073709551286,236237,13,5988,0,0,0,9,18446744073709548585,18446744073709551118,18446744073709548384,18446744073709551343,11,2,1,13862688173940149393,1,0,6,18401841948811083869,0,0,1,0
PAWN_AUDIT_RESULT,3508,5,5,-327,0,0,-327,0,4,4,0,0
PAWN_AUDIT_ENTRY,3510,542951376856953492,15679684372329622648,6111675005647855768,298424672133187868,3817,18446744073709551334,18446744073709551335,18446744073709551334,13,12,5,5,18446744073709546564,18446744073709549287,6,0,1,0,0,1,0,3938,0,18446744073709551343,18446744073709551286,236237,13,5993,0,0,0,13,18446744073709549697,18446744073709551030,18446744073709551440,18446744073709551343,11,2,1,13862688173940149393,1,0,6,18401841948811083869,0,2,1,0
PAWN_AUDIT_RESULT,3510,5,5,-331,0,0,-331,0,0,0,0,0
PAWN_AUDIT_ENTRY,3511,15679684372329622648,15099419834108370475,6111675005647855768,6363917278772463749,1552,18446744073709551334,18446744073709551335,18446744073709551334,13,12,4,6,18446744073709542972,18446744073709550052,6,0,1,0,0,1,0,3938,0,18446744073709551343,18446744073709551286,236237,13,5994,0,0,0,9,18446744073709548303,18446744073709551030,18446744073709550947,18446744073709551343,11,2,1,13862688173940149393,1,0,6,18401841948811083869,0,0,1,0
PAWN_AUDIT_RESULT,3511,4,4,-309,0,0,-309,0,0,0,0,0
PAWN_AUDIT_ENTRY,3512,15099419834108370475,16133065775028721624,6111675005647855768,14568920853143310445,3559,18446744073709551334,18446744073709551335,18446744073709551334,13,12,3,7,18446744073709536377,18446744073709550278,6,0,1,0,0,1,0,3938,0,18446744073709551343,18446744073709551286,236237,13,5995,0,0,0,9,18446744073709545264,18446744073709551030,18446744073709551030,18446744073709551343,11,2,1,13862688173940149393,1,0,6,18401841948811083869,0,0,1,0
PAWN_AUDIT_RESULT,3512,3,3,-352,0,0,-352,0,0,0,0,0
PAWN_AUDIT_ENTRY,3513,16133065775028721624,8969766267432059509,6111675005647855768,16098402199466685764,3826,18446744073709551334,18446744073709551335,18446744073709551334,13,12,3,8,18446744073709537815,18446744073709550278,6,0,1,0,0,1,0,3938,0,18446744073709551343,18446744073709551286,236237,13,5996,0,0,0,13,18446744073709545918,18446744073709551030,18446744073709551030,18446744073709551343,11,2,1,13862688173940149393,1,0,6,18401841948811083869,0,2,1,0
PAWN_AUDIT_RESULT,3513,3,3,-341,0,0,-341,0,0,0,0,0
PAWN_AUDIT_ENTRY,3514,8969766267432059509,13818318369686695162,6111675005647855768,17096250178234561228,3956,18446744073709551334,18446744073709551335,18446744073709551334,13,12,3,9,18446744073709535220,18446744073709550278,6,0,1,0,0,1,0,3938,0,18446744073709551343,18446744073709551286,236237,13,5997,0,0,0,11,18446744073709544738,18446744073709551030,18446744073709551030,18446744073709551343,11,2,1,13862688173940149393,1,0,6,18401841948811083869,0,2,1,0
PAWN_AUDIT_RESULT,3514,3,3,-362,0,0,-362,0,0,0,0,0
PAWN_AUDIT_ENTRY,3515,13818318369686695162,765031921602474881,6111675005647855768,511213227528812852,3112,18446744073709551334,18446744073709551335,18446744073709551334,13,12,2,10,18446744073709534972,18446744073709550278,6,0,1,0,0,1,0,3938,0,18446744073709551343,18446744073709551286,236237,13,5998,0,0,0,9,18446744073709544625,18446744073709551030,18446744073709551030,18446744073709551343,11,2,1,13862688173940149393,1,0,6,18401841948811083869,0,0,1,0
PAWN_AUDIT_RESULT,3515,2,2,-376,0,0,-376,0,0,0,0,0
PAWN_AUDIT_ENTRY,3516,765031921602474881,12848131840534510154,6111675005647855768,10640582534333311989,3807,18446744073709551334,18446744073709551335,18446744073709551334,13,12,2,11,18446744073709534589,18446744073709550278,6,0,1,0,0,1,0,3938,0,18446744073709551343,18446744073709551286,236237,13,5999,0,0,0,13,18446744073709544451,18446744073709551030,18446744073709551030,18446744073709551343,11,2,1,13862688173940149393,1,0,6,18401841948811083869,0,2,1,0
PAWN_AUDIT_RESULT,3516,2,2,-342,0,0,-342,0,0,0,0,0
PAWN_AUDIT_ENTRY,3517,12848131840534510154,16935441942390491543,6111675005647855768,7763676017697893155,3892,18446744073709551334,18446744073709551335,18446744073709551334,13,12,2,12,18446744073709534572,18446744073709550278,6,0,1,0,0,1,0,3938,0,18446744073709551343,18446744073709551286,236237,13,6000,0,0,0,14,18446744073709544443,18446744073709551030,18446744073709551030,18446744073709551343,11,2,1,13862688173940149393,1,0,6,18401841948811083869,0,2,1,0
PAWN_AUDIT_RESULT,3517,2,2,-579,0,0,-579,0,0,0,0,0
PAWN_AUDIT_ENTRY,3518,16935441942390491543,9678916904221576280,6111675005647855768,10898339886864078967,3502,18446744073709551334,18446744073709551335,18446744073709551334,13,12,2,13,18446744073709534550,18446744073709550278,6,0,1,0,0,1,0,3938,0,18446744073709551343,18446744073709551286,236237,13,6001,0,0,0,9,18446744073709544433,18446744073709551030,18446744073709551030,18446744073709551343,11,2,1,13862688173940149393,1,0,6,18401841948811083869,0,0,1,0
PAWN_AUDIT_RESULT,3518,2,2,-400,0,0,-400,0,0,0,0,0
PAWN_AUDIT_ENTRY,3519,9678916904221576280,12661680189314914121,6111675005647855768,2758464121609462505,3567,18446744073709551334,18446744073709551335,18446744073709551334,13,12,2,14,18446744073709535623,18446744073709550278,6,0,1,0,0,1,0,3938,0,18446744073709551343,18446744073709551286,236237,13,6002,0,0,0,9,18446744073709544921,18446744073709551030,18446744073709551030,18446744073709551343,11,2,1,13862688173940149393,1,0,6,18401841948811083869,0,0,1,0
PAWN_AUDIT_RESULT,3519,2,2,-346,0,0,-346,0,0,0,0,0
PAWN_AUDIT_ENTRY,3520,12661680189314914121,6465622405595174552,6111675005647855768,1721323719099268647,3494,18446744073709551334,18446744073709551335,18446744073709551334,13,12,2,15,18446744073709534565,18446744073709550278,6,0,1,0,0,1,0,3938,0,18446744073709551343,18446744073709551286,236237,13,6003,0,0,0,9,18446744073709544440,18446744073709551030,18446744073709551030,18446744073709551343,11,2,1,13862688173940149393,1,0,6,18401841948811083869,0,0,1,0
PAWN_AUDIT_RESULT,3520,2,2,-474,0,0,-474,0,0,0,0,0
PAWN_AUDIT_ENTRY,3521,6465622405595174552,3539074855751674827,6111675005647855768,18251773031216001175,3437,18446744073709551334,18446744073709551335,18446744073709551334,13,12,2,17,18446744073709534550,18446744073709550278,6,0,1,0,0,1,0,3938,0,18446744073709551343,18446744073709551286,236237,13,6004,0,0,0,9,18446744073709544433,18446744073709551030,18446744073709551030,18446744073709551343,11,2,1,13862688173940149393,1,0,6,18401841948811083869,0,0,1,0
PAWN_AUDIT_RESULT,3521,2,2,-397,0,0,-397,0,0,0,0,0
PAWN_AUDIT_ENTRY,3522,3539074855751674827,13296638433662733003,6111675005647855768,2222988245088218064,3641,18446744073709551334,18446744073709551335,18446744073709551334,13,12,2,18,18446744073709534862,18446744073709549799,6,0,1,0,0,1,0,3938,0,18446744073709551343,18446744073709551286,236237,13,6005,0,0,0,12,18446744073709544575,18446744073709551030,18446744073709551030,18446744073709551343,11,2,1,13862688173940149393,1,0,6,18401841948811083869,0,2,1,0
PAWN_AUDIT_RESULT,3522,2,2,-330,0,0,-330,0,0,0,0,0
PAWN_AUDIT_ENTRY,3523,13296638433662733003,6865527552433825085,6111675005647855768,12662222445145120513,3429,18446744073709551334,18446744073709551335,18446744073709551334,13,12,2,19,18446744073709534552,18446744073709550278,6,0,1,0,0,1,0,3938,0,18446744073709551343,18446744073709551286,236237,13,6006,0,0,0,9,18446744073709544434,18446744073709551030,18446744073709551030,18446744073709551343,11,2,1,13862688173940149393,1,0,6,18401841948811083869,0,0,1,0
PAWN_AUDIT_RESULT,3523,2,2,-455,0,0,-455,0,0,0,0,0
PAWN_AUDIT_ENTRY,3529,16775603262569355123,3154982242593442856,5142122724787659402,1704967596427610894,3817,18446744073709551334,18446744073709551335,18446744073709551334,12,11,5,4,18446744073709548839,4316,4,0,1,0,0,1,0,2072,0,18446744073709551330,18446744073709551315,1417894,13,6017,0,0,0,13,18446744073709551560,18446744073709551030,18446744073709549733,18446744073709551330,10,2,1,15612587136633976202,1,0,4,7332097423084754067,0,2,1,0
PAWN_AUDIT_RESULT,3529,5,5,-316,0,0,-316,0,3,3,0,0
PAWN_AUDIT_ENTRY,3532,7638380778855844426,6683587904375360136,5142122724787659402,15682168342327317119,3559,18446744073709551334,18446744073709551335,18446744073709551334,12,11,4,6,18446744073709538581,18446744073709549982,4,0,1,0,0,1,0,2072,0,18446744073709551330,18446744073709551315,1417894,13,6024,0,0,0,9,18446744073709545148,18446744073709551030,1718,18446744073709551330,10,2,1,15612587136633976202,1,0,4,7332097423084754067,0,0,1,0
PAWN_AUDIT_RESULT,3532,4,4,-334,0,0,-334,0,0,0,0,0
PAWN_AUDIT_ENTRY,3533,6683587904375360136,5930358428070274515,5142122724787659402,9562227450258758245,3502,18446744073709551334,18446744073709551335,18446744073709551334,12,11,3,7,18446744073709534212,18446744073709549983,4,0,1,0,0,1,0,2072,0,18446744073709551330,18446744073709551315,1417894,13,6025,0,0,0,9,18446744073709544433,18446744073709551030,18446744073709550714,18446744073709551330,10,2,1,15612587136633976202,1,0,4,7332097423084754067,0,0,1,0
PAWN_AUDIT_RESULT,3533,3,3,-392,0,0,-392,0,0,0,0,0
PAWN_AUDIT_ENTRY,3534,5930358428070274515,4813420142297315420,5142122724787659402,319240572209806389,3494,18446744073709551334,18446744073709551335,18446744073709551334,12,11,3,8,18446744073709534095,18446744073709549871,4,0,1,0,0,1,0,2072,0,18446744073709551330,18446744073709551315,1417894,13,6026,0,0,0,9,18446744073709544438,18446744073709551030,18446744073709550594,18446744073709551330,10,2,1,15612587136633976202,1,0,4,7332097423084754067,0,0,1,0
PAWN_AUDIT_RESULT,3534,3,3,-471,0,0,-471,0,0,0,0,0
PAWN_AUDIT_ENTRY,3535,4813420142297315420,11827533846984304407,5142122724787659402,18361001560882393310,3956,18446744073709551334,18446744073709551335,18446744073709551334,12,11,3,9,18446744073709534577,18446744073709549008,4,0,1,0,0,1,0,2072,0,18446744073709551330,18446744073709551315,1417894,13,6027,0,0,0,11,18446744073709544681,18446744073709551030,18446744073709550545,18446744073709551330,10,2,1,15612587136633976202,1,0,4,7332097423084754067,0,2,1,0
PAWN_AUDIT_RESULT,3535,3,3,-341,0,0,-341,0,0,0,0,0
PAWN_AUDIT_ENTRY,3536,11827533846984304407,5773047789109138467,5142122724787659402,17205482892332348037,3437,18446744073709551334,18446744073709551335,18446744073709551334,12,11,3,10,18446744073709533909,18446744073709549718,4,0,1,0,0,1,0,2072,0,18446744073709551330,18446744073709551315,1417894,13,6028,0,0,0,9,18446744073709544433,18446744073709551030,18446744073709550430,18446744073709551330,10,2,1,15612587136633976202,1,0,4,7332097423084754067,0,0,1,0
PAWN_AUDIT_RESULT,3536,3,3,-403,0,0,-403,0,0,0,0,0
PAWN_AUDIT_ENTRY,3537,5773047789109138467,17708128602015454796,5142122724787659402,13561523130420354323,3429,18446744073709551334,18446744073709551335,18446744073709551334,12,11,3,11,18446744073709533757,18446744073709549469,4,0,1,0,0,1,0,2072,0,18446744073709551330,18446744073709551315,1417894,13,6029,0,0,0,9,18446744073709544433,18446744073709551030,18446744073709550287,18446744073709551330,10,2,1,15612587136633976202,1,0,4,7332097423084754067,0,0,1,0
PAWN_AUDIT_RESULT,3537,3,3,-442,0,0,-442,0,0,0,0,0
PAWN_AUDIT_ENTRY,3538,17708128602015454796,17811568477688501974,5142122724787659402,14764056146276562774,3826,18446744073709551334,18446744073709551335,18446744073709551334,12,11,3,12,18446744073709536997,18446744073709547676,4,0,1,0,0,1,0,2072,0,18446744073709551330,18446744073709551315,1417894,13,6030,0,0,0,13,18446744073709545781,18446744073709551030,18446744073709550545,18446744073709551330,10,2,1,15612587136633976202,1,0,4,7332097423084754067,0,2,1,0
PAWN_AUDIT_RESULT,3538,3,3,-318,0,0,-318,0,0,0,0,0
PAWN_AUDIT_ENTRY,3539,17811568477688501974,9719765134744189900,5142122724787659402,9234494863146297831,3807,18446744073709551334,18446744073709551335,18446744073709551334,12,11,3,13,18446744073709534119,18446744073709548550,4,0,1,0,0,1,0,2072,0,18446744073709551330,18446744073709551315,1417894,13,6031,0,0,0,13,18446744073709544449,18446744073709551030,18446744073709550594,18446744073709551330,10,2,1,15612587136633976202,1,0,4,7332097423084754067,0,2,1,0
PAWN_AUDIT_RESULT,3539,3,3,-329,0,0,-329,0,0,0,0,0
PAWN_AUDIT_ENTRY,3540,9719765134744189900,8641626412865630309,5142122724787659402,3874641414412935419,3567,18446744073709551334,18446744073709551335,18446744073709551334,12,11,3,14,18446744073709534624,18446744073709549530,4,0,1,0,0,1,0,2072,0,18446744073709551330,18446744073709551315,1417894,13,6032,0,0,0,9,18446744073709544864,18446744073709551030,18446744073709550212,18446744073709551330,10,2,1,15612587136633976202,1,0,4,7332097423084754067,0,0,1,0
PAWN_AUDIT_RESULT,3540,3,3,-338,0,0,-338,0,0,0,0,0
PAWN_AUDIT_ENTRY,3541,8641626412865630309,7995735453729079443,5142122724787659402,960622768178768322,3641,18446744073709551334,18446744073709551335,18446744073709551334,12,11,3,15,18446744073709534471,18446744073709547791,4,0,1,0,0,1,0,2072,0,18446744073709551330,18446744073709551315,1417894,13,6033,0,0,0,12,18446744073709544568,18446744073709551030,18446744073709550678,18446744073709551330,10,2,1,15612587136633976202,1,0,4,7332097423084754067,0,2,1,0
PAWN_AUDIT_RESULT,3541,3,3,-317,0,0,-317,0,0,0,0,0
PAWN_AUDIT_ENTRY,3542,7995735453729079443,1860819968120513508,5142122724787659402,1483167442682084134,3112,18446744073709551334,18446744073709551335,18446744073709551334,12,11,3,16,18446744073709533525,18446744073709549124,4,0,1,0,0,1,0,2072,0,18446744073709551330,18446744073709551315,1417894,13,6034,0,0,0,9,18446744073709544587,18446744073709551030,18446744073709549753,18446744073709551330,10,2,1,15612587136633976202,1,0,4,7332097423084754067,0,0,1,0
PAWN_AUDIT_RESULT,3542,3,3,-376,0,0,-376,0,0,0,0,0
PAWN_AUDIT_ENTRY,3543,1860819968120513508,12111268720286120574,5142122724787659402,12703524653122668722,4015,18446744073709551334,18446744073709551335,18446744073709551334,12,11,3,17,18446744073709533511,18446744073709546541,4,0,1,0,0,1,0,2072,0,18446744073709551330,18446744073709551315,1417894,13,6035,0,0,0,10,18446744073709544468,18446744073709550724,18446744073709550300,18446744073709551330,10,2,1,15612587136633976202,1,0,4,7332097423084754067,0,2,1,0
PAWN_AUDIT_RESULT,3543,3,3,-327,0,0,-327,0,0,0,0,0
PAWN_AUDIT_ENTRY,3544,12111268720286120574,17898618467096926689,5142122724787659402,8661384580473989425,3892,18446744073709551334,18446744073709551335,18446744073709551334,12,11,3,18,18446744073709533927,18446744073709546588,4,0,1,0,0,1,0,2072,0,18446744073709551330,18446744073709551315,1417894,13,6036,0,0,0,14,18446744073709544441,18446744073709551030,18446744073709550430,18446744073709551330,10,2,1,15612587136633976202,1,0,4,7332097423084754067,0,2,1,0
PAWN_AUDIT_RESULT,3544,3,3,-548,0,0,-548,0,0,0,0,0
PAWN_AUDIT_ENTRY,3545,17898618467096926689,15136332303084501403,5142122724787659402,17562264796552205860,3827,18446744073709551334,18446744073709551335,18446744073709551334,12,11,3,19,18446744073709534140,18446744073709546226,4,0,1,0,0,1,0,2072,0,18446744073709551330,18446744073709551315,1417894,13,6037,0,0,0,13,18446744073709544437,18446744073709551030,18446744073709550638,18446744073709551330,10,2,1,15612587136633976202,1,0,4,7332097423084754067,0,2,1,0
PAWN_AUDIT_RESULT,3545,3,3,-339,0,0,-339,0,0,0,0,0
PAWN_AUDIT_ENTRY,3546,15136332303084501403,10245937290948992471,5142122724787659402,4312938312282357158,3828,18446744073709551334,18446744073709551335,18446744073709551334,12,11,2,20,18446744073709533272,18446744073709546705,4,0,1,0,0,1,0,2072,0,18446744073709551330,18446744073709551315,1417894,13,6038,0,0,0,13,18446744073709544476,18446744073709550689,18446744073709550096,18446744073709551330,10,2,1,15612587136633976202,1,0,4,7332097423084754067,0,2,1,0
PAWN_AUDIT_RESULT,3546,2,2,-383,0,0,-383,0,0,0,0,0
PAWN_AUDIT_ENTRY,3547,10245937290948992471,5932621450162957179,5142122724787659402,6956048978164058494,3763,18446744073709551334,18446744073709551335,18446744073709551334,12,11,3,21,18446744073709534066,18446744073709546170,4,0,1,0,0,1,0,2072,0,18446744073709551330,18446744073709551315,1417894,13,6039,0,0,0,11,18446744073709544476,18446744073709551030,18446744073709550488,18446744073709551330,10,2,1,15612587136633976202,1,0,4,7332097423084754067,0,2,1,0
PAWN_AUDIT_RESULT,3547,3,3,-358,0,0,-358,0,0,0,0,0
PAWN_AUDIT_ENTRY,3548,5932621450162957179,17734083999599888925,5142122724787659402,4794322663614586957,3891,18446744073709551334,18446744073709551335,18446744073709551334,12,11,3,22,18446744073709533983,18446744073709545963,4,0,1,0,0,1,0,2072,0,18446744073709551330,18446744073709551315,1417894,13,6040,0,0,0,14,18446744073709544437,18446744073709551030,18446744073709550491,18446744073709551330,10,2,1,15612587136633976202,1,0,4,7332097423084754067,0,2,1,0
PAWN_AUDIT_RESULT,3548,3,3,-502,0,0,-502,0,0,0,0,0
PAWN_AUDIT_ENTRY,3549,17734083999599888925,3424864001789720441,5142122724787659402,16263541950607780943,3761,18446744073709551334,18446744073709551335,18446744073709551334,12,11,3,24,18446744073709534011,18446744073709544907,4,0,1,0,0,1,0,2072,0,18446744073709551330,18446744073709551315,1417894,13,6041,0,0,0,11,18446744073709544707,18446744073709551030,18446744073709549961,18446744073709551330,10,2,1,15612587136633976202,1,0,4,7332097423084754067,0,2,1,0
PAWN_AUDIT_RESULT,3549,3,3,-351,0,0,-351,0,0,0,0,0
PAWN_AUDIT_ENTRY,3550,3424864001789720441,12209215038247325820,5142122724787659402,5589336153119641771,3929,18446744073709551334,18446744073709551335,18446744073709551334,12,11,2,28,18446744073709531635,18446744073709547406,4,0,1,0,0,1,0,2072,0,18446744073709551330,18446744073709551315,1417894,13,6042,0,0,0,11,18446744073709544449,18446744073709551030,18446744073709548266,18446744073709551330,10,2,1,15612587136633976202,1,0,4,7332097423084754067,0,2,1,0
PAWN_AUDIT_RESULT,3550,2,2,-365,0,0,-365,0,0,0,0,0
PAWN_AUDIT_ENTRY,3554,1413685187764562160,11934160967226602727,11262521820454359711,14752029096543566619,3817,18446744073709551334,18446744073709551335,18446744073709551304,7,6,3,4,18446744073709550421,18446744073709548354,4,0,0,0,0,0,0,0,0,18446744073709551227,18446744073709551227,10755443,13,6049,0,0,0,13,343,18446744073709551030,18446744073709550393,32002,18446744073709551613,0,0,7155558057702101814,3,0,4,13749535227748557958,0,4,1,0
PAWN_AUDIT_RESULT,3554,3,3,-359,0,0,-359,0,0,0,0,0
PAWN_AUDIT_ENTRY,3555,11934160967226602727,371029218751588745,9138749270250121699,3325454964849786983,3817,18446744073709551334,18446744073709551335,18446744073709551334,13,12,8,3,18446744073709546666,18446744073709547947,2,0,1,0,0,1,0,2592,0,18446744073709551328,18446744073709551310,15543246,13,6050,0,0,0,13,18446744073709551360,18446744073709550772,18446744073709548375,18446744073709551328,9,2,1,7155558057702101814,1,0,2,3202245661494786696,0,2,1,0
PAWN_AUDIT_RESULT,3555,8,8,-311,0,0,-311,0,6,6,0,0
PAWN_AUDIT_ENTRY,3560,17036666667564165045,6052440857984712218,9138749270250121699,16153673335207303446,3559,18446744073709551334,18446744073709551335,18446744073709551334,13,12,6,4,18446744073709542514,18446744073709548887,2,0,1,0,0,1,0,2592,0,18446744073709551328,18446744073709551310,15543246,13,6057,0,0,0,9,18446744073709545071,5693,18446744073709550708,18446744073709551328,9,2,1,7155558057702101814,1,0,2,3202245661494786696,0,0,1,0
PAWN_AUDIT_RESULT,3560,6,6,-372,0,0,-372,0,0,0,0,0
PAWN_AUDIT_ENTRY,3561,6052440857984712218,1494160784475226580,9138749270250121699,11259809562303285609,2722,18446744073709551334,18446744073709551335,18446744073709551334,13,12,6,5,18446744073709542373,18446744073709550113,2,0,1,0,0,1,0,2592,0,18446744073709551328,18446744073709551310,15543246,13,6058,0,0,0,9,18446744073709551124,18446744073709550413,18446744073709545209,18446744073709551328,9,2,1,7155558057702101814,1,0,2,3202245661494786696,0,0,1,0
PAWN_AUDIT_RESULT,3561,6,6,-337,0,0,-337,0,3,3,0,0
PAWN_AUDIT_ENTRY,3562,1494160784475226580,2753980203176268692,9138749270250121699,8367246976563092418,3929,18446744073709551334,18446744073709551335,18446744073709551334,13,12,4,6,18446744073709524436,18446744073709547979,2,0,1,0,0,1,0,2592,1,18446744073709551328,18446744073709551310,15543246,13,6062,0,0,0,11,18446744073709544445,18446744073709546936,18446744073709545748,18446744073709551328,9,2,1,7155558057702101814,1,0,2,3202245661494786696,0,2,1,0
PAWN_AUDIT_RESULT,3562,4,4,-322,0,0,-322,0,5,5,0,0
PAWN_AUDIT_ENTRY,3564,16331868647339820461,5575945504831448566,9138749270250121699,17684324579541810239,3826,18446744073709551334,18446744073709551335,18446744073709551334,13,12,5,7,18446744073709535493,18446744073709548357,2,0,1,0,0,1,0,2592,0,18446744073709551328,18446744073709551310,15543246,13,6068,0,0,0,13,18446744073709545733,18446744073709551030,18446744073709549235,18446744073709551328,9,2,1,7155558057702101814,1,0,2,3202245661494786696,0,2,1,0
PAWN_AUDIT_RESULT,3564,5,5,-335,0,0,-335,0,0,0,0,0
PAWN_AUDIT_ENTRY,3565,5575945504831448566,8159911357017982001,9138749270250121699,3808901811562242731,3641,18446744073709551334,18446744073709551335,18446744073709551334,13,12,4,8,18446744073709533276,18446744073709548701,2,0,1,0,0,1,0,2592,0,18446744073709551328,18446744073709551310,15543246,13,6069,0,0,0,12,18446744073709544563,18446744073709551030,18446744073709549569,18446744073709551328,9,2,1,7155558057702101814,1,0,2,3202245661494786696,0,2,1,0
PAWN_AUDIT_RESULT,3565,4,4,-353,0,0,-353,0,0,0,0,0
PAWN_AUDIT_ENTRY,3566,8159911357017982001,5730409172444118577,9138749270250121699,4736742511471649368,3892,18446744073709551334,18446744073709551335,18446744073709551334,13,12,4,9,18446744073709533106,18446744073709548155,2,0,1,0,0,1,0,2592,0,18446744073709551328,18446744073709551310,15543246,13,6070,0,0,0,14,18446744073709544439,18446744073709551030,18446744073709549665,18446744073709551328,9,2,1,7155558057702101814,1,0,2,3202245661494786696,0,2,1,0
PAWN_AUDIT_RESULT,3566,4,4,-519,0,0,-519,0,0,0,0,0
PAWN_AUDIT_ENTRY,3567,5730409172444118577,586205124756692104,9138749270250121699,14357547039615187895,3956,18446744073709551334,18446744073709551335,18446744073709551334,13,12,4,10,18446744073709533537,18446744073709548105,2,0,1,0,0,1,0,2592,0,18446744073709551328,18446744073709551310,15543246,13,6071,0,0,0,11,18446744073709544647,18446744073709551030,18446744073709549640,18446744073709551328,9,2,1,7155558057702101814,1,0,2,3202245661494786696,0,2,1,0
PAWN_AUDIT_RESULT,3567,4,4,-355,0,0,-355,0,0,0,0,0
PAWN_AUDIT_ENTRY,3568,586205124756692104,5466432440171906209,9138749270250121699,13378124609748066958,3807,18446744073709551334,18446744073709551335,18446744073709551334,13,12,4,11,18446744073709533160,18446744073709548115,2,0,1,0,0,1,0,2592,0,18446744073709551328,18446744073709551310,15543246,13,6072,0,0,0,13,18446744073709544447,18446744073709551030,18446744073709549699,18446744073709551328,9,2,1,7155558057702101814,1,0,2,3202245661494786696,0,2,1,0
PAWN_AUDIT_RESULT,3568,4,4,-385,0,0,-385,0,0,0,0,0
PAWN_AUDIT_ENTRY,3569,5466432440171906209,15410571825137753664,9138749270250121699,13636049066438250764,3502,18446744073709551334,18446744073709551335,18446744073709551334,13,12,4,12,18446744073709532784,18446744073709548992,2,0,1,0,0,1,0,2592,0,18446744073709551328,18446744073709551310,15543246,13,6073,0,0,0,9,18446744073709544433,18446744073709551030,18446744073709549376,18446744073709551328,9,2,1,7155558057702101814,1,0,2,3202245661494786696,0,0,1,0
PAWN_AUDIT_RESULT,3569,4,4,-422,0,0,-422,0,0,0,0,0
PAWN_AUDIT_ENTRY,3570,15410571825137753664,13635246543666893566,9138749270250121699,4458856989753472860,3494,18446744073709551334,18446744073709551335,18446744073709551334,13,12,4,13,18446744073709532727,18446744073709548989,2,0,1,0,0,1,0,2592,0,18446744073709551328,18446744073709551310,15543246,13,6074,0,0,0,9,18446744073709544437,18446744073709551030,18446744073709549314,18446744073709551328,9,2,1,7155558057702101814,1,0,2,3202245661494786696,0,0,1,0
PAWN_AUDIT_RESULT,3570,4,4,-510,0,0,-510,0,0,0,0,0
PAWN_AUDIT_ENTRY,3571,13635246543666893566,2621049345677056932,9138749270250121699,168185551729718991,3828,18446744073709551334,18446744073709551335,18446744073709551334,13,12,4,14,18446744073709532631,18446744073709548142,2,0,1,0,0,1,0,2592,0,18446744073709551328,18446744073709551310,15543246,13,6075,0,0,0,13,18446744073709544467,18446744073709550875,18446744073709549322,18446744073709551328,9,2,1,7155558057702101814,1,0,2,3202245661494786696,0,2,1,0
PAWN_AUDIT_RESULT,3571,4,4,-408,0,0,-408,0,0,0,0,0
PAWN_AUDIT_ENTRY,3572,2621049345677056932,7494056799345560478,9138749270250121699,9636318068825265786,3429,18446744073709551334,18446744073709551335,18446744073709551334,13,12,4,15,18446744073709531943,18446744073709549077,2,0,1,0,0,1,0,2592,0,18446744073709551328,18446744073709551310,15543246,13,6076,0,0,0,9,18446744073709544433,18446744073709550455,18446744073709549180,18446744073709551328,9,2,1,7155558057702101814,1,0,2,3202245661494786696,0,0,1,0
PAWN_AUDIT_RESULT,3572,4,4,-441,0,0,-441,0,0,0,0,0
PAWN_AUDIT_ENTRY,3573,7494056799345560478,11207398761197717647,9138749270250121699,9927302507782702043,4015,18446744073709551334,18446744073709551335,18446744073709551334,13,12,4,16,18446744073709533181,18446744073709547792,2,0,1,0,0,1,0,2592,0,18446744073709551328,18446744073709551310,15543246,13,6077,0,0,0,10,18446744073709544465,18446744073709550890,18446744073709549826,18446744073709551328,9,2,1,7155558057702101814,1,0,2,3202245661494786696,0,2,1,0
PAWN_AUDIT_RESULT,3573,4,4,-350,0,0,-350,0,0,0,0,0
PAWN_AUDIT_ENTRY,3574,11207398761197717647,12018199443899306350,9138749270250121699,8865329658869771044,3891,18446744073709551334,18446744073709551335,18446744073709551334,13,12,4,17,18446744073709532945,18446744073709548037,2,0,1,0,0,1,0,2592,0,18446744073709551328,18446744073709551310,15543246,13,6078,0,0,0,14,18446744073709544436,18446744073709551030,18446744073709549520,18446744073709551328,9,2,1,7155558057702101814,1,0,2,3202245661494786696,0,2,1,0
PAWN_AUDIT_RESULT,3574,4,4,-470,0,0,-470,0,0,0,0,0
PAWN_AUDIT_ENTRY,3575,12018199443899306350,1779557739236675913,9138749270250121699,15512937938659277292,3437,18446744073709551334,18446744073709551335,18446744073709551334,13,12,4,18,18446744073709532026,18446744073709548979,2,0,1,0,0,1,0,2592,0,18446744073709551328,18446744073709551310,15543246,13,6079,0,0,0,9,18446744073709544433,18446744073709550531,18446744073709549180,18446744073709551328,9,2,1,7155558057702101814,1,0,2,3202245661494786696,0,0,1,0
PAWN_AUDIT_RESULT,3575,4,4,-420,0,0,-420,0,0,0,0,0
PAWN_AUDIT_ENTRY,3576,1779557739236675913,17464888606979008233,9138749270250121699,6415369860221551127,3763,18446744073709551334,18446744073709551335,18446744073709551334,13,12,4,19,18446744073709532806,18446744073709548374,2,0,1,0,0,1,0,2592,0,18446744073709551328,18446744073709551310,15543246,13,6080,0,0,0,11,18446744073709544467,18446744073709551030,18446744073709549326,18446744073709551328,9,2,1,7155558057702101814,1,0,2,3202245661494786696,0,2,1,0
PAWN_AUDIT_RESULT,3576,4,4,-349,0,0,-349,0,0,0,0,0
PAWN_AUDIT_ENTRY,3577,17464888606979008233,14409729116795864182,9138749270250121699,14570995949391797581,3827,18446744073709551334,18446744073709551335,18446744073709551334,13,12,4,20,18446744073709532985,18446744073709548042,2,0,1,0,0,1,0,2592,0,18446744073709551328,18446744073709551310,15543246,13,6081,0,0,0,13,18446744073709544436,18446744073709551030,18446744073709549558,18446744073709551328,9,2,1,7155558057702101814,1,0,2,3202245661494786696,0,2,1,0
PAWN_AUDIT_RESULT,3577,4,4,-386,0,0,-386,0,0,0,0,0
PAWN_AUDIT_ENTRY,3578,14409729116795864182,7408196726039251017,9138749270250121699,885621996470758290,3567,18446744073709551334,18446744073709551335,18446744073709551334,13,12,4,21,18446744073709532224,18446744073709548712,2,0,1,0,0,1,0,2592,0,18446744073709551328,18446744073709551310,15543246,13,6082,0,0,0,9,18446744073709544810,18446744073709550383,18446744073709548741,18446744073709551328,9,2,1,7155558057702101814,1,0,2,3202245661494786696,0,0,1,0
PAWN_AUDIT_RESULT,3578,4,4,-359,0,0,-359,0,0,0,0,0
PAWN_AUDIT_ENTRY,3579,7408196726039251017,16277933449173032156,9138749270250121699,15581491991523043110,3761,18446744073709551334,18446744073709551335,18446744073709551334,13,12,4,22,18446744073709532480,18446744073709546758,2,0,1,0,0,1,0,2592,0,18446744073709551328,18446744073709551310,15543246,13,6083,0,0,0,11,18446744073709544657,18446744073709550302,18446744073709549379,18446744073709551328,9,2,1,7155558057702101814,1,0,2,3202245661494786696,0,2,1,0
PAWN_AUDIT_RESULT,3579,4,4,-367,0,0,-367,0,0,0,0,0
PAWN_AUDIT_ENTRY,3604,11386285565263257065,14293088156970080130,18192979096464351992,7891248756224847031,2996,18446744073709551309,18446744073709551310,18446744073709551180,9,8,4,4,18446744073709548315,18446744073709550278,14,0,0,0,0,0,0,0,0,18446744073709551284,18446744073709551284,18446744073709380616,13,6140,0,0,1,10,18446744073709547365,18446744073709551030,6269,18446744073709551326,2,1,1,7497684965950227389,0,0,14,11063323216478372017,0,1,1,0
PAWN_AUDIT_RESULT,3604,4,4,-479,0,0,-479,0,0,0,0,0
PAWN_AUDIT_ENTRY,3605,14293088156970080130,3026292963536319339,18192979096464351992,5452436482096836202,3005,18446744073709551309,18446744073709551310,18446744073709551180,9,8,3,8,18446744073709544714,18446744073709550278,14,0,0,0,0,0,0,0,0,18446744073709551284,18446744073709551284,18446744073709380616,13,6141,0,0,1,10,18446744073709549055,18446744073709551030,18446744073709551030,18446744073709551326,2,1,1,7497684965950227389,0,0,14,11063323216478372017,0,1,1,0
PAWN_AUDIT_RESULT,3605,3,3,-528,0,0,-528,0,0,0,0,0
PAWN_AUDIT_ENTRY,3606,3026292963536319339,17131004671255196222,18192979096464351992,5491577918303044056,4093,18446744073709551309,18446744073709551310,18446744073709551180,9,8,3,9,18446744073709542704,18446744073709550278,14,0,0,0,0,0,0,0,0,18446744073709551284,18446744073709551284,18446744073709380616,13,6142,0,0,1,12,18446744073709548141,18446744073709551030,18446744073709551030,18446744073709551326,2,1,1,7497684965950227389,0,0,14,11063323216478372017,0,1,1,0
PAWN_AUDIT_RESULT,3606,3,3,-532,0,0,-532,0,0,0,0,0
PAWN_AUDIT_ENTRY,3607,17131004671255196222,17271646517247701700,18192979096464351992,9722795461319234477,3833,18446744073709551309,18446744073709551310,18446744073709551180,9,8,2,10,18446744073709540808,18446744073709550278,14,0,0,0,0,0,0,0,0,18446744073709551284,18446744073709551284,18446744073709380616,13,6143,0,0,1,13,18446744073709547514,18446744073709551030,18446744073709550545,18446744073709551326,2,1,1,7497684965950227389,0,0,14,11063323216478372017,0,1,1,0
PAWN_AUDIT_RESULT,3607,2,2,-327,0,0,-327,0,0,0,0,0
PAWN_AUDIT_ENTRY,3608,17271646517247701700,18309605008204399948,18192979096464351992,6934922482724014852,2609,18446744073709551309,18446744073709551310,18446744073709551289,9,8,2,11,18446744073709539916,18446744073709550278,14,0,0,0,0,0,0,0,0,18446744073709551284,18446744073709551284,18446744073709380616,13,6144,0,0,1,11,18446744073709547044,18446744073709551030,18446744073709550678,18446744073709551326,2,1,1,7497684965950227389,0,0,14,11063323216478372017,0,1,1,0
PAWN_AUDIT_RESULT,3608,2,2,-393,0,0,-393,0,0,0,0,0
PAWN_AUDIT_ENTRY,3609,18309605008204399948,15349748592619535758,18192979096464351992,561202094135749742,2593,18446744073709551309,18446744073709551310,18446744073709551289,9,8,2,12,18446744073709539851,18446744073709550278,14,0,0,0,0,0,0,0,0,18446744073709551284,18446744073709551284,18446744073709380616,13,6145,0,0,1,11,18446744073709547055,18446744073709551030,18446744073709550594,18446744073709551326,2,1,1,7497684965950227389,0,0,14,11063323216478372017,0,1,1,0
PAWN_AUDIT_RESULT,3609,2,2,-349,0,0,-349,0,2,2,0,0
PAWN_AUDIT_ENTRY,3610,15349748592619535758,8863314450409169093,18192979096464351992,7609180641241299324,3642,18446744073709551309,18446744073709551310,18446744073709551289,9,8,2,13,18446744073709541073,18446744073709550278,14,0,0,0,0,0,0,0,0,18446744073709551284,18446744073709551284,18446744073709380616,13,6148,0,0,1,12,18446744073709549657,18446744073709551030,18446744073709546378,18446744073709551326,2,1,1,7497684965950227389,0,0,14,11063323216478372017,0,1,1,0
PAWN_AUDIT_RESULT,3610,2,2,-473,0,0,-473,0,0,0,0,0
PAWN_AUDIT_ENTRY,3611,8863314450409169093,7876388613005495091,18192979096464351992,13728888635658214047,3834,18446744073709551309,18446744073709551310,18446744073709551289,9,8,2,14,18446744073709539603,18446744073709550278,14,0,0,0,0,0,0,0,0,18446744073709551284,18446744073709551284,18446744073709380616,13,6149,0,0,1,13,18446744073709547054,18446744073709551030,18446744073709550364,18446744073709551326,2,1,1,7497684965950227389,0,0,14,11063323216478372017,0,1,1,0
PAWN_AUDIT_RESULT,3611,2,2,-369,0,0,-369,0,0,0,0,0
PAWN_AUDIT_ENTRY,3612,7876388613005495091,11763966665359834402,18192979096464351992,10376105493224332735,2267,18446744073709551309,18446744073709551310,18446744073709551289,9,8,2,15,18446744073709539430,18446744073709550278,14,0,0,0,0,0,0,0,0,18446744073709551284,18446744073709551284,18446744073709380616,13,6150,0,0,1,9,18446744073709546652,18446744073709551030,18446744073709551030,18446744073709551326,2,1,1,7497684965950227389,0,0,14,11063323216478372017,0,0,1,0
PAWN_AUDIT_RESULT,3612,2,2,-402,0,0,-402,0,0,0,0,0
PAWN_AUDIT_ENTRY,3613,11763966665359834402,10221911338810258186,18192979096464351992,7360891175191289357,2618,18446744073709551309,18446744073709551310,18446744073709551289,9,8,2,16,18446744073709538877,18446744073709550278,14,0,0,0,0,0,0,0,0,18446744073709551284,18446744073709551284,18446744073709380616,13,6151,0,0,1,11,18446744073709546591,18446744073709551030,18446744073709550638,18446744073709551326,2,1,1,7497684965950227389,0,0,14,11063323216478372017,0,1,1,0
PAWN_AUDIT_RESULT,3613,2,2,-433,0,0,-433,0,0,0,0,0
PAWN_AUDIT_ENTRY,3614,10221911338810258186,18076419309572757437,18192979096464351992,5774456133755711401,2586,18446744073709551309,18446744073709551310,18446744073709551289,9,8,2,17,18446744073709538824,18446744073709550278,14,0,0,0,0,0,0,0,0,18446744073709551284,18446744073709551284,18446744073709380616,13,6152,0,0,1,11,18446744073709546638,18446744073709551030,18446744073709550491,18446744073709551326,2,1,1,7497684965950227389,0,0,14,11063323216478372017,0,1,1,0
PAWN_AUDIT_RESULT,3614,2,2,-409,0,0,-409,0,2,2,0,0
PAWN_AUDIT_ENTRY,3615,18076419309572757437,18292929699916887739,276267991846255684,16999088078367593896,2975,18446744073709551309,18446744073709551310,18446744073709551291,11,10,8,2,18446744073709549350,18446744073709550676,12,0,0,0,0,0,0,0,0,18446744073709551334,18446744073709551344,18446744073700909526,13,6155,0,0,0,10,18446744073709551163,18446744073709551030,18446744073709551030,18446744073709551334,6,1,1,11120698628305700051,4,0,12,11391883172612936030,0,5,1,0
PAWN_AUDIT_ENTRY,3619,8220075986578201129,4923711516278365315,10239575088684234721,10752207280776501880,2021,18446744073709551309,18446744073709551310,18446744073709551285,7,6,3,2,18446744073709550340,18446744073709550278,14,0,0,0,0,0,0,0,0,18446744073709551217,18446744073709551217,18446744073709380616,13,6165,0,0,1,10,18446744073709551613,18446744073709551030,18446744073709551030,18446744073709551290,0,1,1,7497684965950227389,0,0,14,16999088078367593896,0,1,1,0
PAWN_AUDIT_RESULT,3619,3,3,-452,0,0,-452,0,0,0,0,0
PAWN_AUDIT_ENTRY,3621,9778847578745961291,15826368398932020233,10239575088684234721,7360891175191289357,2030,18446744073709551309,18446744073709551310,18446744073709551285,7,6,2,4,18446744073709550340,18446744073709550278,14,0,0,0,0,0,0,0,0,18446744073709551217,18446744073709551217,18446744073709380616,13,6167,0,0,1,10,18446744073709551613,18446744073709551030,18446744073709551030,18446744073709551290,0,1,1,7497684965950227389,0,0,14,16999088078367593896,0,1,1,0
PAWN_AUDIT_RESULT,3621,2,2,-433,0,0,-433,0,0,0,0,0
PAWN_AUDIT_ENTRY,3622,15826368398932020233,7376908222783244797,10239575088684234721,7365027611929970929,3104,18446744073709551309,18446744073709551310,18446744073709551285,7,6,2,6,18446744073709546573,18446744073709550278,14,0,0,0,0,0,0,0,0,18446744073709551217,18446744073709551217,18446744073709380616,13,6168,0,0,1,9,18446744073709549900,18446744073709551030,18446744073709551030,18446744073709551290,0,1,1,7497684965950227389,0,0,14,16999088078367593896,0,0,1,0
PAWN_AUDIT_RESULT,3622,2,2,-362,0,0,-362,0,0,0,0,0
PAWN_AUDIT_ENTRY,3623,7376908222783244797,10778346169255642053,10239575088684234721,10549413630246226464,2005,18446744073709551309,18446744073709551310,18446744073709551285,7,6,1,25,18446744073709550340,18446744073709550278,14,0,0,0,0,0,0,0,1,18446744073709551217,18446744073709551217,18446744073709380616,13,6169,0,0,1,10,18446744073709551613,18446744073709551030,18446744073709551030,18446744073709551290,0,1,1,7497684965950227389,0,0,14,16999088078367593896,0,1,1,0
PAWN_AUDIT_RESULT,3623,1,1,-1617,0,0,-1617,0,1,1,0,0
PAWN_AUDIT_RESULT,3615,8,8,-328,0,0,-328,0,15,15,0,0
PAWN_AUDIT_ENTRY,3625,14726480955876200903,14263868222626895911,14188547022521538059,3226911089805715739,3104,18446744073709551309,18446744073709551310,18446744073709551303,7,6,4,2,18446744073709550659,18446744073709551223,14,0,0,0,0,0,0,0,0,18446744073709551290,18446744073709551290,18446744073706191832,13,6177,0,0,0,9,18446744073709549866,3198,18446744073709551030,18446744073709551334,0,1,1,11120698628305700051,6,0,14,14617601130954324312,0,0,1,0
PAWN_AUDIT_RESULT,3625,4,4,-335,0,0,-335,0,0,0,0,0
PAWN_AUDIT_ENTRY,3626,14263868222626895911,6445971594253480723,14188547022521538059,4205160913322172066,3007,18446744073709551309,18446744073709551310,18446744073709551303,7,6,3,5,18446744073709550340,18446744073709550278,14,0,0,0,0,0,0,0,0,18446744073709551290,18446744073709551290,18446744073706191832,13,6178,0,0,0,10,18446744073709551613,18446744073709551030,18446744073709551030,18446744073709551334,0,1,1,11120698628305700051,6,0,14,14617601130954324312,0,7,1,0
PAWN_AUDIT_RESULT,3626,3,3,-423,0,0,-423,0,0,0,0,0
PAWN_AUDIT_ENTRY,3627,6445971594253480723,3122026814980047744,14188547022521538059,4609208149745249332,3964,18446744073709551309,18446744073709551310,18446744073709551303,7,6,2,6,18446744073709550340,18446744073709550278,14,0,0,0,0,0,0,0,0,18446744073709551290,18446744073709551290,18446744073706191832,13,6179,0,0,0,12,18446744073709551613,18446744073709551030,18446744073709551030,18446744073709551334,0,1,1,11120698628305700051,6,0,14,14617601130954324312,0,7,1,0
PAWN_AUDIT_RESULT,3627,2,2,-392,0,0,-392,0,0,0,0,0
PAWN_AUDIT_ENTRY,3628,3122026814980047744,10311364836001810997,14188547022521538059,15517550374992941580,3836,18446744073709551309,18446744073709551310,18446744073709551303,7,6,2,7,18446744073709550340,18446744073709550278,14,0,0,0,0,0,0,0,0,18446744073709551290,18446744073709551290,18446744073706191832,13,6180,0,0,0,13,18446744073709551613,18446744073709551030,18446744073709551030,18446744073709551334,0,1,1,11120698628305700051,6,0,14,14617601130954324312,0,7,1,0
PAWN_AUDIT_RESULT,3628,2,2,-391,0,0,-391,0,0,0,0,0
PAWN_AUDIT_ENTRY,3629,10311364836001810997,11272683984710784252,14188547022521538059,1214425593945416776,4031,18446744073709551309,18446744073709551310,18446744073709551303,7,6,2,8,18446744073709550340,18446744073709550278,14,0,0,0,0,0,0,0,0,18446744073709551290,18446744073709551290,18446744073706191832,13,6181,0,0,0,14,18446744073709551613,18446744073709551030,18446744073709551030,18446744073709551334,0,1,1,11120698628305700051,6,0,14,14617601130954324312,0,7,1,0
PAWN_AUDIT_RESULT,3629,2,2,-421,0,0,-421,0,0,0,0,0
PAWN_AUDIT_ENTRY,3630,11272683984710784252,9011379792267153028,14188547022521538059,6133606519646296132,2996,18446744073709551309,18446744073709551310,18446744073709551303,7,6,1,9,18446744073709544750,18446744073709550122,14,0,0,0,0,0,0,0,0,18446744073709551290,18446744073709551290,18446744073706191832,13,6182,0,0,0,10,18446744073709546785,3986,18446744073709551030,18446744073709551334,0,1,1,11120698628305700051,6,0,14,14617601130954324312,0,7,1,0
PAWN_AUDIT_RESULT,3630,1,1,-370,0,0,-370,0,0,0,0,0
PAWN_AUDIT_ENTRY,3632,7796019417968654992,13789215423731642384,276267991846255684,17003923802523927380,3104,18446744073709551309,18446744073709551310,18446744073709551304,11,10,4,4,18446744073709546191,18446744073709551223,12,0,0,0,0,0,0,0,0,18446744073709551334,18446744073709551344,18446744073700909526,13,6185,0,0,0,9,18446744073709549857,18446744073709551030,18446744073709550761,18446744073709551334,6,1,1,11120698628305700051,4,0,12,11391883172612936030,0,0,1,0
PAWN_AUDIT_RESULT,3632,4,4,-307,0,0,-307,0,8,8,0,0
PAWN_AUDIT_ENTRY,3636,925934941125875676,4465701842191081421,276267991846255684,7473851346893038469,2973,18446744073709551309,18446744073709551310,18446744073709551309,11,10,5,5,18446744073709550340,18446744073709550278,12,0,0,0,0,0,0,0,0,18446744073709551334,18446744073709551344,18446744073700909526,13,6194,0,0,0,10,18446744073709551613,18446744073709551030,18446744073709551030,18446744073709551334,6,1,1,11120698628305700051,4,0,12,11391883172612936030,0,5,1,0
PAWN_AUDIT_RESULT,3636,5,5,-442,0,0,-442,0,0,0,0,0
PAWN_AUDIT_ENTRY,3637,4465701842191081421,8946691972931333827,276267991846255684,10532981303468716555,2996,18446744073709551309,18446744073709551310,18446744073709551309,11,10,4,6,18446744073709541516,18446744073709549048,12,0,0,0,0,0,0,0,0,18446744073709551334,18446744073709551344,18446744073700909526,13,6195,0,0,0,10,18446744073709546061,2493,18446744073709551030,18446744073709551334,6,1,1,11120698628305700051,4,0,12,11391883172612936030,0,5,1,0
PAWN_AUDIT_RESULT,3637,4,4,-363,0,0,-363,0,0,0,0,0
PAWN_AUDIT_ENTRY,3638,8946691972931333827,52338767564550243,276267991846255684,1104970991571588185,1552,18446744073709551309,18446744073709551310,18446744073709551309,11,10,4,7,18446744073709543898,18446744073709550278,12,0,0,0,0,0,0,0,0,18446744073709551334,18446744073709551344,18446744073700909526,13,6196,0,0,0,9,18446744073709548801,18446744073709551030,18446744073709550788,18446744073709551334,6,1,1,11120698628305700051,4,0,12,11391883172612936030,0,0,1,0
PAWN_AUDIT_ENTRY,3656,15334986785231993882,4123240019907187120,1104970991571588185,3211852389166083915,49408,306,307,270,9,8,1,3,18446744073709551363,18446744073709550278,13,0,1,0,0,0,0,0,0,282,318,1601413,13,6226,0,0,0,6,462,18446744073709551030,18446744073709551030,282,4,1,1,3900589905048090370,0,0,13,276267991846255684,0,1,1,0
PAWN_AUDIT_RESULT,3656,1,1,281,0,0,281,0,0,0,0,0
PAWN_AUDIT_ENTRY,3657,4123240019907187120,18046876004805618240,1104970991571588185,1305548730782451211,736,306,307,281,9,8,1,4,18446744073709550410,18446744073709550278,13,0,1,0,0,0,0,0,0,282,318,1601413,13,6227,0,0,0,3,29,18446744073709551030,18446744073709551030,282,4,1,1,3900589905048090370,0,0,13,276267991846255684,0,1,1,0
PAWN_AUDIT_RESULT,3657,1,1,254,0,0,254,0,0,0,0,0
PAWN_AUDIT_ENTRY,3658,18046876004805618240,6201403219881152867,1104970991571588185,10563259338827905347,1758,306,307,281,9,8,1,5,18446744073709542485,18446744073709548874,13,0,1,0,0,0,0,0,0,282,318,1601413,13,6228,0,0,0,5,18446744073709548344,18446744073709551030,18446744073709550406,282,4,1,1,3900589905048090370,0,0,13,276267991846255684,0,1,1,0
PAWN_AUDIT_RESULT,3658,1,1,106,0,0,106,0,0,0,0,0
PAWN_AUDIT_ENTRY,3659,6201403219881152867,1880858751104774336,1104970991571588185,15409598445430195190,3,306,307,281,9,8,1,6,18446744073709545453,18446744073709549288,13,0,1,0,0,0,0,0,0,282,318,1601413,13,6229,0,0,0,4,18446744073709549391,18446744073709551030,18446744073709551030,282,4,1,1,3900589905048090370,0,0,13,276267991846255684,0,1,1,0
PAWN_AUDIT_RESULT,3659,1,1,263,0,0,263,0,0,0,0,0
PAWN_AUDIT_ENTRY,3660,1880858751104774336,7124021842012543272,1104970991571588185,11024405310494372222,1752,306,307,281,9,8,1,7,18446744073709544831,18446744073709548874,13,0,1,0,0,0,0,0,0,282,318,1601413,13,6230,0,0,0,5,18446744073709549108,18446744073709551030,18446744073709551030,282,4,1,1,3900589905048090370,0,0,13,276267991846255684,0,1,1,0
PAWN_AUDIT_RESULT,3660,1,1,179,0,0,179,0,0,0,0,0
PAWN_AUDIT_ENTRY,3661,7124021842012543272,14204379743366155175,1104970991571588185,14931660529687957040,1747,306,307,281,9,8,1,8,18446744073709544714,18446744073709548874,13,0,1,0,0,0,0,0,0,282,318,1601413,13,6231,0,0,0,5,18446744073709549055,18446744073709551030,18446744073709551030,282,4,1,1,3900589905048090370,0,0,13,276267991846255684,0,1,1,0
PAWN_AUDIT_RESULT,3661,1,1,97,0,0,97,0,0,0,0,0
PAWN_AUDIT_ENTRY,3662,14204379743366155175,16165818338189277224,1104970991571588185,7929808735412626709,1748,306,307,281,9,8,1,9,18446744073709544714,18446744073709548874,13,0,1,0,0,0,0,0,0,282,318,1601413,13,6232,0,0,0,5,18446744073709549055,18446744073709551030,18446744073709551030,282,4,1,1,3900589905048090370,0,0,13,276267991846255684,0,1,1,0
PAWN_AUDIT_RESULT,3662,1,1,195,0,0,195,0,0,0,0,0
PAWN_AUDIT_ENTRY,3663,16165818338189277224,17822988967053903410,1104970991571588185,2854793861833965634,1753,306,307,281,9,8,1,10,18446744073709544714,18446744073709548874,13,0,1,0,0,0,0,0,0,282,318,1601413,13,6233,0,0,0,5,18446744073709549055,18446744073709551030,18446744073709551030,282,4,1,1,3900589905048090370,0,0,13,276267991846255684,0,1,1,0
PAWN_AUDIT_RESULT,3663,1,1,145,0,0,145,0,0,0,0,0
PAWN_AUDIT_ENTRY,3664,17822988967053903410,15222632713694387477,1104970991571588185,11202016986513673487,396,306,307,281,9,8,1,11,18446744073709546182,18446744073709549277,13,0,1,0,0,0,0,0,0,282,318,1601413,13,6234,0,0,0,2,18446744073709549853,18446744073709551030,18446744073709550761,282,4,1,1,3900589905048090370,0,0,13,276267991846255684,0,1,1,0
PAWN_AUDIT_RESULT,3664,1,1,263,0,0,263,0,0,0,0,0
PAWN_AUDIT_ENTRY,3665,15222632713694387477,13170088598363169754,1104970991571588185,6373567455693930267,1746,306,307,281,9,8,1,12,18446744073709544248,18446744073709548874,13,0,1,0,0,0,0,0,0,282,318,1601413,13,6235,0,0,0,5,18446744073709548843,18446744073709551030,18446744073709551030,282,4,1,1,3900589905048090370,0,0,13,276267991846255684,0,1,1,0
PAWN_AUDIT_RESULT,3665,1,1,226,0,0,226,0,0,0,0,0
PAWN_AUDIT_ENTRY,3666,13170088598363169754,4531316619480293746,1104970991571588185,15110714761069528217,259,306,307,281,9,8,1,14,18446744073709543932,18446744073709548874,13,0,1,0,0,0,0,0,0,282,318,1601413,13,6236,0,0,0,6,18446744073709548699,18446744073709551030,18446744073709551030,282,4,1,1,3900589905048090370,0,0,13,276267991846255684,0,1,1,0
PAWN_AUDIT_RESULT,3666,1,1,226,0,0,226,0,0,0,0,0
PAWN_AUDIT_ENTRY,3667,4531316619480293746,13380520386291824760,1104970991571588185,4201339640578088767,729,306,307,281,9,8,1,15,18446744073709540274,18446744073709550278,13,0,1,0,0,0,0,0,0,282,318,1601413,13,6237,0,0,0,3,18446744073709547036,18446744073709551030,18446744073709551030,282,4,1,1,3900589905048090370,0,0,13,276267991846255684,0,1,1,0
PAWN_AUDIT_RESULT,3667,1,1,203,0,0,203,0,0,0,0,0
PAWN_AUDIT_ENTRY,3668,13380520386291824760,13928998900676075371,1104970991571588185,13314266629800555663,722,306,307,281,9,8,1,17,18446744073709539307,18446744073709550278,13,0,1,0,0,0,0,0,0,282,318,1601413,13,6238,0,0,0,3,18446744073709546596,18446744073709551030,18446744073709551030,282,4,1,1,3900589905048090370,0,0,13,276267991846255684,0,1,1,0
PAWN_AUDIT_RESULT,3668,1,1,259,0,0,259,0,0,0,0,0
PAWN_AUDIT_ENTRY,3669,13928998900676075371,15715618718525326119,1104970991571588185,1054814012838701092,926,306,307,281,9,8,1,18,18446744073709539227,18446744073709550278,13,0,1,0,0,0,0,0,0,282,318,1601413,13,6239,0,0,0,1,18446744073709546560,18446744073709551030,18446744073709551030,282,4,1,1,3900589905048090370,0,0,13,276267991846255684,0,0,1,0
PAWN_AUDIT_RESULT,3669,1,1,179,0,0,179,0,0,0,0,0
PAWN_AUDIT_ENTRY,3670,15715618718525326119,12554347282846016867,1104970991571588185,15267092125348478131,991,306,307,281,9,8,1,19,18446744073709538873,18446744073709550278,13,0,1,0,0,0,0,0,0,282,318,1601413,13,6240,0,0,0,1,18446744073709546399,18446744073709551030,18446744073709551030,282,4,1,1,3900589905048090370,0,0,13,276267991846255684,0,0,1,0
PAWN_AUDIT_RESULT,3670,1,1,296,0,0,296,0,2,2,0,0
PAWN_AUDIT_ENTRY,3671,12554347282846016867,5597511447420468164,1104970991571588185,9119283276981866914,658,306,307,296,9,8,1,21,18446744073709538607,18446744073709550278,13,0,1,0,0,0,0,0,0,282,318,1601413,13,6243,0,0,0,1,18446744073709546278,18446744073709551030,18446744073709551030,282,4,1,1,3900589905048090370,0,0,13,276267991846255684,0,0,1,0
PAWN_AUDIT_RESULT,3671,1,1,158,0,0,158,0,0,0,0,0
PAWN_AUDIT_ENTRY,3672,5597511447420468164,18078309573704132194,1104970991571588185,11010512674604582069,724,306,307,296,9,8,1,22,18446744073709538442,18446744073709550278,13,0,1,0,0,0,0,0,0,282,318,1601413,13,6244,0,0,0,3,18446744073709546203,18446744073709551030,18446744073709551030,282,4,1,1,3900589905048090370,0,0,13,276267991846255684,0,1,1,0
PAWN_AUDIT_RESULT,3672,1,1,214,0,0,214,0,0,0,0,0
PAWN_AUDIT_ENTRY,3673,18078309573704132194,16697149554069316461,1104970991571588185,16807269046649646157,2,306,307,296,9,8,1,23,18446744073709538104,18446744073709550278,13,0,1,0,0,0,0,0,0,282,318,1601413,13,6245,0,0,0,4,18446744073709546049,18446744073709551030,18446744073709551030,282,4,1,1,3900589905048090370,0,0,13,276267991846255684,0,1,1,0
PAWN_AUDIT_RESULT,3673,1,1,253,0,0,253,0,0,0,0,0
PAWN_AUDIT_ENTRY,3674,16697149554069316461,10500338857209831348,1104970991571588185,3299185651208217152,706,306,307,296,9,8,1,24,18446744073709537259,18446744073709550278,13,0,1,0,0,0,0,0,0,282,318,1601413,13,6246,0,0,0,3,18446744073709545665,18446744073709551030,18446744073709551030,282,4,1,1,3900589905048090370,0,0,13,276267991846255684,0,1,1,0
PAWN_AUDIT_RESULT,3674,1,1,201,0,0,201,0,0,0,0,0
PAWN_AUDIT_ENTRY,3675,10500338857209831348,9188793386508593362,1104970991571588185,13892058519555596184,407,306,307,296,9,8,1,25,18446744073709538517,18446744073709550278,13,0,1,0,0,0,0,0,0,282,318,1601413,13,6247,0,0,0,2,18446744073709546237,18446744073709551030,18446744073709551030,282,4,1,1,3900589905048090370,0,0,13,276267991846255684,0,1,1,0
PAWN_AUDIT_RESULT,3675,1,1,244,0,0,244,0,0,0,0,0
PAWN_AUDIT_ENTRY,3676,9188793386508593362,10005700619256087447,1104970991571588185,11347905963261282486,593,306,307,296,9,8,1,26,18446744073709536628,18446744073709550278,13,0,1,0,0,0,0,0,0,282,318,1601413,13,6248,0,0,0,1,18446744073709545378,18446744073709551030,18446744073709551030,282,4,1,1,3900589905048090370,0,0,13,276267991846255684,0,0,1,0
PAWN_AUDIT_ENTRY,3689,3158266534110850619,15036826622038760851,11347905963261282486,3074652699705705508,3005,18446744073709551309,18446744073709551310,18446744073709551307,8,7,1,6,18446744073709542704,18446744073709550278,14,0,0,0,0,0,0,0,0,18446744073709551204,18446744073709551204,18446744073705324850,13,6272,0,0,0,10,18446744073709548141,18446744073709551030,18446744073709551030,18446744073709551301,2,1,1,358867832041271329,0,0,14,1104970991571588185,0,1,1,0
PAWN_AUDIT_RESULT,3689,1,1,-425,0,0,-425,0,0,0,0,0
PAWN_AUDIT_ENTRY,3691,9277646395812206300,706182507999400188,11347905963261282486,3258265570250959766,4093,18446744073709551309,18446744073709551310,18446744073709551307,8,7,1,8,18446744073709541092,18446744073709550278,14,0,0,0,0,0,0,0,0,18446744073709551204,18446744073709551204,18446744073705324850,13,6275,0,0,0,12,18446744073709547408,18446744073709551030,18446744073709551030,18446744073709551301,2,1,1,358867832041271329,0,0,14,1104970991571588185,0,1,1,0
PAWN_AUDIT_RESULT,3691,1,1,-462,0,0,-462,0,0,0,0,0
PAWN_AUDIT_RESULT,3676,1,1,315,1,8,309,0,3,27,1,1
PAWN_AUDIT_RESULT,3638,4,4,-282,1,10,-308,0,18,79,0,0
PAWN_AUDIT_ENTRY,3692,706182507999400188,7950199813617756526,276267991846255684,12971774614266982614,3005,18446744073709551309,18446744073709551310,18446744073709551309,11,10,3,8,18446744073709541092,18446744073709548874,12,0,0,0,0,0,0,0,0,18446744073709551334,18446744073709551344,18446744073700909526,13,6276,0,0,0,10,18446744073709547408,18446744073709551030,18446744073709551030,18446744073709551334,6,1,1,11120698628305700051,4,0,12,11391883172612936030,0,5,1,0
PAWN_AUDIT_RESULT,3692,3,3,-370,0,0,-370,0,0,0,0,0
PAWN_AUDIT_ENTRY,3694,3378728711751426797,14211342388246291619,276267991846255684,11325352518930336945,3559,18446744073709551309,18446744073709551310,18446744073709551309,11,10,3,10,18446744073709538192,18446744073709550278,12,0,0,0,0,0,0,0,0,18446744073709551334,18446744073709551344,18446744073700909526,13,6278,0,0,0,9,18446744073709546089,18446744073709551030,18446744073709551030,18446744073709551334,6,1,1,11120698628305700051,4,0,12,11391883172612936030,0,0,1,0
PAWN_AUDIT_RESULT,3694,3,3,-361,0,0,-361,0,0,0,0,0
PAWN_AUDIT_ENTRY,3695,14211342388246291619,16682812906809207746,276267991846255684,9830667282326251928,3826,18446744073709551309,18446744073709551310,18446744073709551309,11,10,3,11,18446744073709537118,18446744073709550790,12,0,0,0,0,0,0,0,0,18446744073709551334,18446744073709551344,18446744073700909526,13,6279,0,0,0,13,18446744073709545601,18446744073709551030,18446744073709551030,18446744073709551334,6,1,1,11120698628305700051,4,0,12,11391883172612936030,0,5,1,0
PAWN_AUDIT_RESULT,3695,3,3,-320,0,0,-320,0,8,8,0,0
PAWN_AUDIT_ENTRY,3699,16918647525371132716,2883035155828820082,276267991846255684,12941642573084499812,4093,18446744073709551309,18446744073709551310,18446744073709551309,11,10,3,12,18446744073709539799,18446744073709547758,12,0,0,0,0,0,0,0,0,18446744073709551334,18446744073709551344,18446744073700909526,13,6288,0,0,0,12,18446744073709546820,18446744073709551030,18446744073709551030,18446744073709551334,6,1,1,11120698628305700051,4,0,12,11391883172612936030,0,5,1,0
PAWN_AUDIT_RESULT,3699,3,3,-415,0,0,-415,0,0,0,0,0
PAWN_AUDIT_ENTRY,3700,2883035155828820082,11084154578090516444,276267991846255684,8164041855034031669,3567,18446744073709551309,18446744073709551310,18446744073709551309,11,10,2,13,18446744073709535214,18446744073709550278,12,0,0,0,0,0,0,0,0,18446744073709551334,18446744073709551344,18446744073700909526,13,6289,0,0,0,9,18446744073709544735,18446744073709551030,18446744073709551030,18446744073709551334,6,1,1,11120698628305700051,4,0,12,11391883172612936030,0,0,1,0
PAWN_AUDIT_RESULT,3700,2,2,-318,0,0,-318,0,0,0,0,0
PAWN_AUDIT_ENTRY,3701,11084154578090516444,9246642560150477675,276267991846255684,12272267828801268811,3437,18446744073709551309,18446744073709551310,18446744073709551309,11,10,2,14,18446744073709534550,18446744073709550278,12,0,0,0,0,0,0,0,0,18446744073709551334,18446744073709551344,18446744073700909526,13,6290,0,0,0,9,18446744073709544433,18446744073709551030,18446744073709551030,18446744073709551334,6,1,1,11120698628305700051,4,0,12,11391883172612936030,0,0,1,0
PAWN_AUDIT_ENTRY,3708,13642001680231143125,14755467190043238290,12272267828801268811,9910370445098538841,49408,306,307,279,9,8,1,5,18446744073709549893,18446744073709550278,13,0,1,0,0,0,0,0,0,142,142,2784513,13,6302,0,0,0,6,18446744073709551543,18446744073709551030,18446744073709550755,290,3,1,1,10609304282144870160,0,0,13,276267991846255684,0,1,1,0
PAWN_AUDIT_RESULT,3708,1,1,266,0,0,266,0,0,0,0,0
PAWN_AUDIT_ENTRY,3709,14755467190043238290,17970157472748538301,12272267828801268811,8558498131972719777,991,306,307,306,9,8,1,7,18446744073709544141,18446744073709550278,13,0,1,0,0,0,0,0,0,142,142,2784513,13,6303,0,0,0,1,18446744073709548884,18446744073709551030,18446744073709550845,290,3,1,1,10609304282144870160,0,0,13,276267991846255684,0,0,1,0
PAWN_AUDIT_RESULT,3709,1,1,246,0,0,246,0,0,0,0,0
PAWN_AUDIT_ENTRY,3710,17970157472748538301,18089022362727448932,12272267828801268811,8125509637813074916,3,306,307,306,9,8,1,11,18446744073709541604,18446744073709550278,13,0,1,0,0,0,0,0,0,142,142,2784513,13,6304,0,0,0,4,18446744073709547932,18446744073709551030,18446744073709550430,290,3,1,1,10609304282144870160,0,0,13,276267991846255684,0,1,1,0
PAWN_AUDIT_RESULT,3710,1,1,187,0,0,187,0,0,0,0,0
PAWN_AUDIT_ENTRY,3711,18089022362727448932,9173669198195304866,12272267828801268811,4499079310431302941,396,306,307,306,9,8,1,15,18446744073709543200,18446744073709550278,13,0,1,0,0,0,0,0,0,142,142,2784513,13,6305,0,0,0,2,18446744073709548666,18446744073709551030,18446744073709550413,290,3,1,1,10609304282144870160,0,0,13,276267991846255684,0,1,1,0
PAWN_AUDIT_RESULT,3711,1,1,209,0,0,209,0,0,0,0,0
PAWN_AUDIT_RESULT,3701,2,2,-290,1,10,-306,0,4,15,1,1
PAWN_AUDIT_ENTRY,3724,6172711669133566131,15052003180277232198,10386400199612038669,6425019776728627985,53055,18446744073709551309,18446744073709551310,18446744073709551309,10,9,3,5,18446744073709549164,18446744073709548323,12,0,0,0,0,0,0,0,0,18446744073709551303,18446744073709551306,18446744073705762063,13,6333,0,0,0,14,18446744073709551356,18446744073709551030,18446744073709550458,18446744073709551303,5,1,1,11120698628305700051,4,0,12,11391883172612936030,0,5,1,0
PAWN_AUDIT_RESULT,3724,3,3,-318,0,0,-318,0,0,0,0,0
PAWN_AUDIT_ENTRY,3726,8274549250590466756,1520399979467596639,10386400199612038669,1989443673443134417,3826,18446744073709551309,18446744073709551310,18446744073709551309,10,9,1,8,18446744073709538146,18446744073709551036,12,0,0,0,0,0,0,0,0,18446744073709551303,18446744073709551306,18446744073705762063,13,6335,0,0,0,13,18446744073709546239,18446744073709551030,18446744073709550678,18446744073709551303,5,1,1,11120698628305700051,4,0,12,11391883172612936030,0,5,1,0
PAWN_AUDIT_RESULT,3726,1,1,-331,0,0,-331,0,0,0,0,0
PAWN_AUDIT_ENTRY,3727,1520399979467596639,15729466033357316481,10386400199612038669,133644562990166082,2996,18446744073709551309,18446744073709551310,18446744073709551309,10,9,1,11,18446744073709541034,18446744073709548635,12,0,0,0,0,0,0,0,0,18446744073709551303,18446744073709551306,18446744073705762063,13,6336,0,0,0,10,18446744073709545382,3986,18446744073709550440,18446744073709551303,5,1,1,11120698628305700051,4,0,12,11391883172612936030,0,5,1,0
PAWN_AUDIT_RESULT,3727,1,1,-436,0,0,-436,0,0,0,0,0
PAWN_AUDIT_ENTRY,3728,15729466033357316481,12457702467145877937,10386400199612038669,1071253807206141688,3559,18446744073709551309,18446744073709551310,18446744073709551309,10,9,1,12,18446744073709536038,18446744073709549912,12,0,0,0,0,0,0,0,0,18446744073709551303,18446744073709551306,18446744073705762063,13,6337,0,0,0,9,18446744073709545580,18446744073709550470,18446744073709550638,18446744073709551303,5,1,1,11120698628305700051,4,0,12,11391883172612936030,0,0,1,0
PAWN_AUDIT_RESULT,3728,1,1,-322,0,0,-322,0,0,0,0,0
PAWN_AUDIT_ENTRY,3729,12457702467145877937,13015195253804571572,10386400199612038669,14117340357699577761,3112,18446744073709551309,18446744073709551310,18446744073709551309,10,9,1,13,18446744073709534820,18446744073709550278,12,0,0,0,0,0,0,0,0,18446744073709551303,18446744073709551306,18446744073705762063,13,6338,0,0,0,9,18446744073709544556,18446744073709551030,18446744073709551030,18446744073709551303,5,1,1,11120698628305700051,4,0,12,11391883172612936030,0,0,1,0
PAWN_AUDIT_RESULT,3729,1,1,-394,0,0,-394,0,0,0,0,0
PAWN_AUDIT_ENTRY,3730,13015195253804571572,9985191582323826206,10386400199612038669,2878758923714015903,3005,18446744073709551309,18446744073709551310,18446744073709551309,10,9,1,14,18446744073709538540,18446744073709548550,12,0,0,0,0,0,0,0,0,18446744073709551303,18446744073709551306,18446744073705762063,13,6339,0,0,0,10,18446744073709546459,18446744073709551030,18446744073709550594,18446744073709551303,5,1,1,11120698628305700051,4,0,12,11391883172612936030,0,5,1,0
PAWN_AUDIT_RESULT,3730,1,1,-454,0,0,-454,0,0,0,0,0
PAWN_AUDIT_ENTRY,3731,9985191582323826206,4807905324772879029,10386400199612038669,7731466437825888660,3429,18446744073709551309,18446744073709551310,18446744073709551309,10,9,1,15,18446744073709534550,18446744073709550278,12,0,0,0,0,0,0,0,0,18446744073709551303,18446744073709551306,18446744073705762063,13,6340,0,0,0,9,18446744073709544433,18446744073709551030,18446744073709551030,18446744073709551303,5,1,1,11120698628305700051,4,0,12,11391883172612936030,0,0,1,0
PAWN_AUDIT_RESULT,3731,1,1,-358,0,0,-358,0,0,0,0,0
PAWN_AUDIT_ENTRY,3732,4807905324772879029,13417675160553326088,10386400199612038669,16337625109556427900,3567,18446744073709551309,18446744073709551310,18446744073709551309,10,9,1,16,18446744073709534836,18446744073709550013,12,0,0,0,0,0,0,0,0,18446744073709551303,18446744073709551306,18446744073705762063,13,6341,0,0,0,9,18446744073709544701,18446744073709551030,18446744073709550746,18446744073709551303,5,1,1,11120698628305700051,4,0,12,11391883172612936030,0,0,1,0
PAWN_AUDIT_RESULT,3732,1,1,-351,0,0,-351,0,0,0,0,0
PAWN_AUDIT_ENTRY,3733,13417675160553326088,14030745115700439837,10386400199612038669,2337250489586130221,4093,18446744073709551309,18446744073709551310,18446744073709551309,10,9,1,20,18446744073709537962,18446744073709547571,12,0,0,0,0,0,0,0,0,18446744073709551303,18446744073709551306,18446744073705762063,13,6342,0,0,0,12,18446744073709546138,18446744073709551030,18446744073709550714,18446744073709551303,5,1,1,11120698628305700051,4,0,12,11391883172612936030,0,5,1,0
PAWN_AUDIT_RESULT,3733,1,1,-461,0,0,-461,0,0,0,0,0
PAWN_AUDIT_ENTRY,3738,14406668618368503823,7793004463942521058,7176108716138153314,10068142241673525874,3104,18446744073709551132,18446744073709551133,18446744073709550994,6,5,1,5,18446744073709549218,18446744073709550278,12,0,0,0,0,0,0,0,0,18446744073709550795,18446744073709550795,18446744073707319182,13,6349,0,0,1,9,18446744073709551103,18446744073709551030,18446744073709551030,18446744073709551101,0,1,1,3316860655935322799,0,0,12,11996297766053220126,0,0,1,0
PAWN_AUDIT_RESULT,3738,1,1,-843,0,0,-843,0,0,0,0,0
PAWN_AUDIT_ENTRY,3742,14820908206677277297,13671674128972254039,3873838026718642612,18215659339255383208,53055,18446744073709551309,18446744073709551310,18446744073709551171,10,9,5,4,18446744073709550551,18446744073709550278,12,0,0,0,0,0,0,0,0,18446744073709551147,18446744073709551147,18446744073709380616,13,6355,0,0,1,14,93,18446744073709551030,18446744073709551030,18446744073709551311,2,1,1,7497684965950227389,0,0,12,7856733407613605163,0,1,1,0
PAWN_AUDIT_RESULT,3742,5,5,-377,0,0,-377,0,0,0,0,0
PAWN_AUDIT_ENTRY,3743,13671674128972254039,6053001066904839819,3873838026718642612,15991492779696389796,3104,18446744073709551309,18446744073709551310,18446744073709551239,10,9,5,5,18446744073709547053,18446744073709550278,12,0,0,0,0,0,0,0,0,18446744073709551147,18446744073709551147,18446744073709380616,13,6356,0,0,1,9,18446744073709549785,18446744073709551030,101,18446744073709551311,2,1,1,7497684965950227389,0,0,12,7856733407613605163,0,0,1,0
PAWN_AUDIT_RESULT,3743,5,5,-513,0,0,-513,0,2,2,0,0
PAWN_AUDIT_ENTRY,3744,6053001066904839819,16149831877289365543,3873838026718642612,3382036118857591853,2399,18446744073709551309,18446744073709551310,18446744073709551239,10,9,5,6,18446744073709549503,18446744073709548874,12,0,0,0,0,0,0,0,0,18446744073709551147,18446744073709551147,18446744073709380616,13,6359,0,0,1,10,18446744073709550615,18446744073709551030,686,18446744073709551311,2,1,1,7497684965950227389,0,0,12,7856733407613605163,0,1,1,0
PAWN_AUDIT_RESULT,3744,5,5,-443,0,0,-443,0,0,0,0,0
PAWN_AUDIT_ENTRY,3745,16149831877289365543,2712808125397875482,3873838026718642612,12338912399147036993,3559,18446744073709551309,18446744073709551310,18446744073709551239,10,9,3,7,18446744073709537917,18446744073709550278,12,0,0,0,0,0,0,0,0,18446744073709551147,18446744073709551147,18446744073709380616,13,6360,0,0,1,9,18446744073709545964,18446744073709551030,18446744073709551030,18446744073709551311,2,1,1,7497684965950227389,0,0,12,7856733407613605163,0,0,1,0
PAWN_AUDIT_RESULT,3745,3,3,-432,0,0,-432,0,0,0,0,0
PAWN_AUDIT_ENTRY,3746,2712808125397875482,13112733969830690576,3873838026718642612,5064163403039768307,2267,18446744073709551309,18446744073709551310,18446744073709551239,10,9,3,8,18446744073709538464,18446744073709550278,12,0,0,0,0,0,0,0,0,18446744073709551147,18446744073709551147,18446744073709380616,13,6361,0,0,1,9,18446744073709546213,18446744073709551030,18446744073709551030,18446744073709551311,2,1,1,7497684965950227389,0,0,12,7856733407613605163,0,0,1,0
PAWN_AUDIT_RESULT,3746,3,3,-462,0,0,-462,0,0,0,0,0
PAWN_AUDIT_ENTRY,3747,13112733969830690576,4985761591510136267,3873838026718642612,13725468226276889704,3826,18446744073709551309,18446744073709551310,18446744073709551239,10,9,3,9,18446744073709538477,18446744073709550278,12,0,0,0,0,0,0,0,0,18446744073709551147,18446744073709551147,18446744073709380616,13,6362,0,0,1,13,18446744073709546219,18446744073709551030,18446744073709551030,18446744073709551311,2,1,1,7497684965950227389,0,0,12,7856733407613605163,0,1,1,0
PAWN_AUDIT_RESULT,3747,3,3,-381,0,0,-381,0,0,0,0,0
PAWN_AUDIT_ENTRY,3748,4985761591510136267,16950508782842800226,3873838026718642612,14436860272947066933,3901,18446744073709551309,18446744073709551310,18446744073709551239,10,9,3,10,18446744073709537259,18446744073709550278,12,0,0,0,0,0,0,0,0,18446744073709551147,18446744073709551147,18446744073709380616,13,6363,0,0,1,14,18446744073709545665,18446744073709551030,18446744073709551030,18446744073709551311,2,1,1,7497684965950227389,0,0,12,7856733407613605163,0,1,1,0
PAWN_AUDIT_RESULT,3748,3,3,-612,0,0,-612,0,0,0,0,0
PAWN_AUDIT_ENTRY,3749,16950508782842800226,3795993144086857213,3873838026718642612,6935505688003308755,2415,18446744073709551309,18446744073709551310,18446744073709551239,10,9,3,11,18446744073709537222,18446744073709550278,12,0,0,0,0,0,0,0,0,18446744073709551147,18446744073709551147,18446744073709380616,13,6364,0,0,1,10,18446744073709546048,18446744073709551030,18446744073709550206,18446744073709551311,2,1,1,7497684965950227389,0,0,12,7856733407613605163,0,1,1,0
PAWN_AUDIT_RESULT,3749,3,3,-617,0,0,-617,0,0,0,0,0
PAWN_AUDIT_ENTRY,3750,3795993144086857213,14651874717606201324,3873838026718642612,2077645647403115496,4094,18446744073709551309,18446744073709551310,18446744073709551239,10,9,2,12,18446744073709535460,18446744073709550278,12,0,0,0,0,0,0,0,0,18446744073709551147,18446744073709551147,18446744073709380616,13,6365,0,0,1,12,18446744073709544847,18446744073709551030,18446744073709551030,18446744073709551311,2,1,1,7497684965950227389,0,0,12,7856733407613605163,0,1,1,0
PAWN_AUDIT_RESULT,3750,2,2,-577,0,0,-577,0,0,0,0,0
PAWN_AUDIT_ENTRY,3751,14651874717606201324,12704883299335720424,3873838026718642612,9208189050537315068,3641,18446744073709551309,18446744073709551310,18446744073709551239,10,9,2,13,18446744073709534783,18446744073709550278,12,0,0,0,0,0,0,0,0,18446744073709551147,18446744073709551147,18446744073709380616,13,6366,0,0,1,12,18446744073709544539,18446744073709551030,18446744073709551030,18446744073709551311,2,1,1,7497684965950227389,0,0,12,7856733407613605163,0,1,1,0
PAWN_AUDIT_RESULT,3751,2,2,-388,0,0,-388,0,0,0,0,0
PAWN_AUDIT_ENTRY,3752,12704883299335720424,8951603618475708751,1144252498148794129,10789606604657124324,3752,18446744073709551309,18446744073709551310,18446744073709551309,13,12,7,4,18446744073709543164,2589,10,0,0,0,0,0,0,3374,0,18446744073709551312,18446744073709551312,18446744073704206421,13,6367,0,0,0,11,18446744073709550133,18446744073709549129,18446744073709549315,18446744073709551334,9,1,1,11120698628305700051,2,0,10,10573270597717935545,0,3,1,0
PAWN_AUDIT_RESULT,3752,7,7,-382,0,0,-382,0,4,4,0,0
PAWN_AUDIT_ENTRY,3755,14462865792153775880,281271443518177107,1144252498148794129,16703465400392933377,3104,18446744073709551309,18446744073709551310,18446744073709551309,13,12,8,5,18446744073709550542,18446744073709550514,10,0,0,0,0,0,0,3374,0,18446744073709551312,18446744073709551312,18446744073704206421,13,6372,0,0,0,9,18446744073709550847,1993,18446744073709550141,18446744073709551334,9,1,1,11120698628305700051,2,0,10,10573270597717935545,0,0,1,0
PAWN_AUDIT_RESULT,3755,8,8,-314,0,0,-314,0,4,4,0,0
PAWN_AUDIT_ENTRY,3758,7465282773021097469,8703111360942359086,1144252498148794129,14332869727367207437,53055,18446744073709551309,18446744073709551310,18446744073709551309,13,12,7,6,18446744073709550489,18446744073709548323,10,0,0,0,0,0,0,3374,0,18446744073709551312,18446744073709551312,18446744073704206421,13,6377,0,0,0,14,343,18446744073709550799,18446744073709550695,18446744073709551334,9,1,1,11120698628305700051,2,0,10,10573270597717935545,0,3,1,0
PAWN_AUDIT_ENTRY,3764,1831946484645808937,11094928248709212639,11394827604106923666,18215659339255383208,3365,18446744073709551309,18446744073709551310,18446744073709551270,7,6,3,2,18446744073709548946,18446744073709548874,12,0,0,0,0,0,0,0,0,18446744073709551199,18446744073709551199,18446744073708499583,13,6391,0,0,1,10,18446744073709550979,18446744073709551030,18446744073709551030,18446744073709551206,0,1,1,7497684965950227389,0,0,12,14332869727367207437,0,1,1,0
PAWN_AUDIT_RESULT,3764,3,3,-376,0,0,-376,0,0,0,0,0
PAWN_AUDIT_ENTRY,3765,11094928248709212639,5258668449845770847,11394827604106923666,8506487743984578946,3104,18446744073709551309,18446744073709551310,18446744073709551270,7,6,3,3,18446744073709550846,18446744073709550278,12,0,0,0,0,0,0,0,0,18446744073709551199,18446744073709551199,18446744073708499583,13,6392,0,0,1,9,227,18446744073709551030,18446744073709551030,18446744073709551206,0,1,1,7497684965950227389,0,0,12,14332869727367207437,0,0,1,0
PAWN_AUDIT_RESULT,3765,3,3,-319,0,0,-319,0,4,4,0,0
PAWN_AUDIT_ENTRY,3767,726457327353703294,6445586657912633011,11394827604106923666,7292002238022546605,3964,18446744073709551309,18446744073709551310,18446744073709551297,7,6,1,5,18446744073709547219,18446744073709550278,12,0,0,0,0,0,0,0,0,18446744073709551199,18446744073709551199,18446744073708499583,13,6398,0,0,1,12,18446744073709550194,18446744073709551030,18446744073709551030,18446744073709551206,0,1,1,7497684965950227389,0,0,12,14332869727367207437,0,1,1,0
PAWN_AUDIT_RESULT,3767,1,1,-413,0,0,-413,0,0,0,0,0
PAWN_AUDIT_ENTRY,3768,6445586657912633011,10376884656700617896,11394827604106923666,10204099966476372629,3836,18446744073709551309,18446744073709551310,18446744073709551297,7,6,1,6,18446744073709547219,18446744073709550278,12,0,0,0,0,0,0,0,0,18446744073709551199,18446744073709551199,18446744073708499583,13,6399,0,0,1,13,18446744073709550194,18446744073709551030,18446744073709551030,18446744073709551206,0,1,1,7497684965950227389,0,0,12,14332869727367207437,0,1,1,0
PAWN_AUDIT_RESULT,3768,1,1,-420,0,0,-420,0,0,0,0,0
PAWN_AUDIT_ENTRY,3769,10376884656700617896,8971418512510300292,11394827604106923666,5341223691848727761,4031,18446744073709551309,18446744073709551310,18446744073709551297,7,6,1,7,18446744073709547219,18446744073709550278,12,0,0,0,0,0,0,0,0,18446744073709551199,18446744073709551199,18446744073708499583,13,6400,0,0,1,14,18446744073709550194,18446744073709551030,18446744073709551030,18446744073709551206,0,1,1,7497684965950227389,0,0,12,14332869727367207437,0,1,1,0
PAWN_AUDIT_RESULT,3769,1,1,-451,0,0,-451,0,0,0,0,0
PAWN_AUDIT_RESULT,3758,7,7,-317,0,0,-317,0,23,23,0,0
PAWN_AUDIT_ENTRY,3770,8971418512510300292,3694100327637427626,1144252498148794129,243500666191951628,1552,18446744073709551309,18446744073709551310,18446744073709551309,13,12,5,7,18446744073709543881,18446744073709549825,10,0,0,0,0,0,0,3374,0,18446744073709551312,18446744073709551312,18446744073704206421,13,6401,0,0,0,9,18446744073709548490,18446744073709551224,18446744073709551213,18446744073709551334,9,1,1,11120698628305700051,2,0,10,10573270597717935545,0,0,1,0
PAWN_AUDIT_RESULT,3770,5,5,-468,0,0,-468,0,7,7,0,0
PAWN_AUDIT_ENTRY,3772,12195207210442013945,7027964883568000288,1144252498148794129,9536715383630793421,3826,18446744073709551309,18446744073709551310,18446744073709551309,13,12,5,8,18446744073709538600,18446744073709550951,10,0,0,0,0,0,0,3374,0,18446744073709551312,18446744073709551312,18446744073704206421,13,6409,0,0,0,13,18446744073709546450,18446744073709550899,18446744073709550804,18446744073709551334,9,1,1,11120698628305700051,2,0,10,10573270597717935545,0,3,1,0
PAWN_AUDIT_RESULT,3772,5,5,-321,0,0,-321,0,10,10,0,0
PAWN_AUDIT_ENTRY,3781,6713696745056765181,4107191817455729556,1144252498148794129,8963312747353989206,2267,18446744073709551309,18446744073709551310,18446744073709551309,13,12,4,9,18446744073709537690,18446744073709550278,10,0,0,0,0,0,0,3374,0,18446744073709551312,18446744073709551312,18446744073704206421,13,6420,0,0,0,9,18446744073709545861,18446744073709551030,18446744073709551030,18446744073709551334,9,1,1,11120698628305700051,2,0,10,10573270597717935545,0,0,1,0
PAWN_AUDIT_RESULT,3781,4,4,-331,0,0,-331,0,0,0,0,0
PAWN_AUDIT_ENTRY,3782,4107191817455729556,2261476213078184893,1144252498148794129,10457094243383406564,3559,18446744073709551309,18446744073709551310,18446744073709551309,13,12,5,10,18446744073709538753,18446744073709549912,10,0,0,0,0,0,0,3374,0,18446744073709551312,18446744073709551312,18446744073704206421,13,6421,0,0,0,9,18446744073709545661,1485,18446744073709550304,18446744073709551334,9,1,1,11120698628305700051,2,0,10,10573270597717935545,0,0,1,0
PAWN_AUDIT_RESULT,3782,5,5,-445,0,0,-445,0,1,1,0,0
PAWN_AUDIT_ENTRY,3783,2261476213078184893,12494973511632073223,1144252498148794129,5535879767944364462,3494,18446744073709551309,18446744073709551310,18446744073709551309,13,12,4,11,18446744073709534556,18446744073709550278,10,0,0,0,0,0,0,3374,0,18446744073709551312,18446744073709551312,18446744073704206421,13,6423,0,0,0,9,18446744073709544436,18446744073709551030,18446744073709551030,18446744073709551334,9,1,1,11120698628305700051,2,0,10,10573270597717935545,0,0,1,0
PAWN_AUDIT_RESULT,3783,4,4,-522,0,0,-522,0,0,0,0,0
PAWN_AUDIT_ENTRY,3784,12494973511632073223,4205484968942643047,1144252498148794129,14703854753272834046,3502,18446744073709551309,18446744073709551310,18446744073709551309,13,12,4,12,18446744073709534550,18446744073709550278,10,0,0,0,0,0,0,3374,0,18446744073709551312,18446744073709551312,18446744073704206421,13,6424,0,0,0,9,18446744073709544433,18446744073709551030,18446744073709551030,18446744073709551334,9,1,1,11120698628305700051,2,0,10,10573270597717935545,0,0,1,0
PAWN_AUDIT_RESULT,3784,4,4,-466,0,0,-466,0,0,0,0,0
PAWN_AUDIT_ENTRY,3785,4205484968942643047,18193444179814583915,1144252498148794129,6640568801174800061,3112,18446744073709551309,18446744073709551310,18446744073709551309,13,12,4,13,18446744073709534492,18446744073709550278,10,0,0,0,0,0,0,3374,0,18446744073709551312,18446744073709551312,18446744073704206421,13,6425,0,0,0,9,18446744073709544531,18446744073709550782,18446744073709551030,18446744073709551334,9,1,1,11120698628305700051,2,0,10,10573270597717935545,0,0,1,0
PAWN_AUDIT_RESULT,3785,4,4,-400,0,0,-400,0,0,0,0,0
PAWN_AUDIT_ENTRY,3786,18193444179814583915,7413980723218818653,1144252498148794129,17620750965766316168,3429,18446744073709551309,18446744073709551310,18446744073709551309,13,12,4,14,18446744073709533916,18446744073709550278,10,0,0,0,0,0,0,3374,0,18446744073709551312,18446744073709551312,18446744073704206421,13,6426,0,0,0,9,18446744073709544433,18446744073709550850,18446744073709550622,18446744073709551334,9,1,1,11120698628305700051,2,0,10,10573270597717935545,0,0,1,0
PAWN_AUDIT_RESULT,3786,4,4,-383,0,0,-383,0,0,0,0,0
PAWN_AUDIT_ENTRY,3787,7413980723218818653,10502986603574360424,1144252498148794129,9041032447666691424,3567,18446744073709551309,18446744073709551310,18446744073709551309,13,12,4,15,18446744073709534550,18446744073709550013,10,0,0,0,0,0,0,3374,0,18446744073709551312,18446744073709551312,18446744073704206421,13,6427,0,0,0,9,18446744073709544675,18446744073709550724,18446744073709550847,18446744073709551334,9,1,1,11120698628305700051,2,0,10,10573270597717935545,0,0,1,0
PAWN_AUDIT_RESULT,3787,4,4,-338,0,0,-338,0,0,0,0,0
PAWN_AUDIT_ENTRY,3788,10502986603574360424,11008698918843840714,1144252498148794129,14979613300377080436,3390,18446744073709551309,18446744073709551310,18446744073709551309,13,12,4,16,18446744073709536255,18446744073709548874,10,0,0,0,0,0,0,3374,0,18446744073709551312,18446744073709551312,18446744073704206421,13,6428,0,0,0,10,18446744073709545440,18446744073709551030,18446744073709550553,18446744073709551334,9,1,1,11120698628305700051,2,0,10,10573270597717935545,0,3,1,0
PAWN_AUDIT_RESULT,3788,4,4,-462,0,0,-462,0,0,0,0,0
PAWN_AUDIT_ENTRY,3789,11008698918843840714,18270818918047765365,1144252498148794129,5037733146454332505,3641,18446744073709551309,18446744073709551310,18446744073709551309,13,12,4,17,18446744073709534778,18446744073709549387,10,0,0,0,0,0,0,3374,0,18446744073709551312,18446744073709551312,18446744073704206421,13,6429,0,0,0,12,18446744073709544537,18446744073709551030,18446744073709551030,18446744073709551334,9,1,1,11120698628305700051,2,0,10,10573270597717935545,0,3,1,0
PAWN_AUDIT_RESULT,3789,4,4,-312,0,0,-312,0,4,4,0,0
PAWN_AUDIT_ENTRY,3790,18270818918047765365,5038933854247684574,1144252498148794129,2807667854871985485,4094,18446744073709551309,18446744073709551310,18446744073709551309,13,12,4,18,18446744073709534822,18446744073709547758,10,0,0,0,0,0,0,3374,0,18446744073709551312,18446744073709551312,18446744073704206421,13,6434,0,0,0,12,18446744073709544765,18446744073709551030,18446744073709550601,18446744073709551334,9,1,1,11120698628305700051,2,0,10,10573270597717935545,0,3,1,0
PAWN_AUDIT_RESULT,3790,4,4,-400,0,0,-400,0,0,0,0,0
PAWN_AUDIT_ENTRY,3791,5038933854247684574,5239666967018297883,1144252498148794129,13811766592650574897,4093,18446744073709551309,18446744073709551310,18446744073709551309,13,12,4,19,18446744073709537213,18446744073709546722,10,0,0,0,0,0,0,3374,0,18446744073709551312,18446744073709551312,18446744073704206421,13,6435,0,0,0,12,18446744073709545801,18446744073709550913,18446744073709550827,18446744073709551334,9,1,1,11120698628305700051,2,0,10,10573270597717935545,0,3,1,0
PAWN_AUDIT_RESULT,3791,4,4,-406,0,0,-406,0,0,0,0,0
PAWN_AUDIT_ENTRY,3792,5239666967018297883,3322716224985538705,1144252498148794129,2897388488617735397,3763,18446744073709551309,18446744073709551310,18446744073709551309,13,12,4,20,18446744073709534611,18446744073709547758,10,0,0,0,0,0,0,3374,0,18446744073709551312,18446744073709551312,18446744073704206421,13,6436,0,0,0,11,18446744073709544461,18446744073709551030,18446744073709551030,18446744073709551334,9,1,1,11120698628305700051,2,0,10,10573270597717935545,0,3,1,0
PAWN_AUDIT_RESULT,3792,4,4,-397,0,0,-397,0,0,0,0,0
PAWN_AUDIT_ENTRY,3793,3322716224985538705,7902439377075257253,1144252498148794129,13476173074784725951,3827,18446744073709551309,18446744073709551310,18446744073709551309,13,12,4,21,18446744073709534554,18446744073709547758,10,0,0,0,0,0,0,3374,0,18446744073709551312,18446744073709551312,18446744073704206421,13,6437,0,0,0,13,18446744073709544435,18446744073709551030,18446744073709551030,18446744073709551334,9,1,1,11120698628305700051,2,0,10,10573270597717935545,0,3,1,0
PAWN_AUDIT_RESULT,3793,4,4,-369,0,0,-369,0,0,0,0,0
PAWN_AUDIT_ENTRY,3794,7902439377075257253,4324312844351950348,1144252498148794129,735658790719299030,3891,18446744073709551309,18446744073709551310,18446744073709551309,13,12,4,22,18446744073709534554,18446744073709547758,10,0,0,0,0,0,0,3374,0,18446744073709551312,18446744073709551312,18446744073704206421,13,6438,0,0,0,14,18446744073709544435,18446744073709551030,18446744073709551030,18446744073709551334,9,1,1,11120698628305700051,2,0,10,10573270597717935545,0,3,1,0
PAWN_AUDIT_RESULT,3794,4,4,-456,0,0,-456,0,0,0,0,0
PAWN_AUDIT_ENTRY,3795,4324312844351950348,5765213684804650861,1144252498148794129,17472162604557362832,3901,18446744073709551309,18446744073709551310,18446744073709551309,13,12,4,23,18446744073709536722,18446744073709546164,10,0,0,0,0,0,0,3374,0,18446744073709551312,18446744073709551312,18446744073704206421,13,6439,0,0,0,14,18446744073709545421,18446744073709551030,18446744073709551030,18446744073709551334,9,1,1,11120698628305700051,2,0,10,10573270597717935545,0,3,1,0
PAWN_AUDIT_RESULT,3795,4,4,-399,0,0,-399,0,0,0,0,0
PAWN_AUDIT_ENTRY,3796,5765213684804650861,11393804649250933626,1144252498148794129,12181951076404974036,3761,18446744073709551309,18446744073709551310,18446744073709551309,13,12,4,24,18446744073709534698,18446744073709547104,10,0,0,0,0,0,0,3374,0,18446744073709551312,18446744073709551312,18446744073704206421,13,6440,0,0,0,11,18446744073709544612,18446744073709550807,18446744073709551030,18446744073709551334,9,1,1,11120698628305700051,2,0,10,10573270597717935545,0,3,1,0
PAWN_AUDIT_RESULT,3796,4,4,-381,0,0,-381,0,0,0,0,0
PAWN_AUDIT_ENTRY,3801,11761855282148455798,17371441879178683501,14805153092520916859,3946771781033654765,2593,18446744073709551132,18446744073709551133,18446744073709550990,6,5,2,2,18446744073709550094,3228,12,0,0,0,0,0,0,0,0,18446744073709551057,18446744073709551084,18446744073708950934,13,6451,0,0,1,11,18446744073709551501,18446744073709551030,18446744073709551030,18446744073709551057,2,1,1,7497684965950227389,0,0,12,10789606604657124324,0,1,1,0
PAWN_AUDIT_RESULT,3801,2,2,-481,1,6,-481,0,5,15,1,1
PAWN_AUDIT_ENTRY,3820,15572555270310874783,12105654583528488137,14805153092520916859,7272225552177899380,3437,18446744073709551309,18446744073709551310,18446744073709551304,10,9,6,2,18446744073709544080,18446744073709549422,12,0,0,0,0,0,0,2593,0,18446744073709551135,18446744073709551100,1662572,13,6477,0,0,1,9,18446744073709546952,18446744073709549878,4339,18446744073709551135,6,2,1,7497684965950227389,0,0,12,10789606604657124324,0,0,1,0
PAWN_AUDIT_RESULT,3820,6,6,-512,0,0,-512,0,0,0,0,0
PAWN_AUDIT_ENTRY,3821,12105654583528488137,3308991690648381710,14805153092520916859,18120756921920908375,2572,18446744073709551309,18446744073709551310,18446744073709551304,10,9,6,3,18446744073709548686,18446744073709550278,12,0,0,0,0,0,0,2593,0,18446744073709551135,18446744073709551100,1662572,13,6478,0,0,1,11,18446744073709550861,18446744073709551030,18446744073709551030,18446744073709551135,6,2,1,7497684965950227389,0,0,12,10789606604657124324,0,1,1,0
PAWN_AUDIT_RESULT,3821,6,6,-541,0,0,-541,0,0,0,0,0
PAWN_AUDIT_ENTRY,3822,3308991690648381710,13540572806426172105,14805153092520916859,6669640548269635892,3374,18446744073709551309,18446744073709551310,18446744073709551304,10,9,5,4,18446744073709545753,18446744073709549616,12,0,0,0,0,0,0,2593,0,18446744073709551135,18446744073709551100,1662572,13,6479,0,0,1,10,18446744073709549823,18446744073709551030,18446744073709550421,18446744073709551135,6,2,1,7497684965950227389,0,0,12,10789606604657124324,0,1,1,0
PAWN_AUDIT_RESULT,3822,5,5,-450,0,0,-450,0,0,0,0,0
PAWN_AUDIT_ENTRY,3823,13540572806426172105,12302408437984106850,14805153092520916859,324222658681188967,53055,18446744073709551309,18446744073709551310,18446744073709551304,10,9,5,6,18446744073709550919,18446744073709548874,12,0,0,0,0,0,0,2593,0,18446744073709551135,18446744073709551100,1662572,13,6480,0,0,1,14,423,18446744073709551030,18446744073709550695,18446744073709551135,6,2,1,7497684965950227389,0,0,12,10789606604657124324,0,1,1,0
PAWN_AUDIT_RESULT,3823,5,5,-411,0,0,-411,0,0,0,0,0
PAWN_AUDIT_ENTRY,3825,11245589829919043254,15812510955593586507,14805153092520916859,7140220764623907297,3386,18446744073709551309,18446744073709551310,18446744073709551304,10,9,4,8,18446744073709546008,18446744073709550278,12,0,0,0,0,0,0,2593,0,18446744073709551135,18446744073709551100,1662572,13,6482,0,0,1,10,18446744073709549643,18446744073709551030,18446744073709551030,18446744073709551135,6,2,1,7497684965950227389,0,0,12,10789606604657124324,0,1,1,0
PAWN_AUDIT_RESULT,3825,4,4,-646,0,0,-646,0,0,0,0,0
PAWN_AUDIT_ENTRY,3826,15812510955593586507,3666914280392054701,14805153092520916859,7002806121680665130,2586,18446744073709551309,18446744073709551310,18446744073709551304,10,9,3,9,18446744073709543085,18446744073709550844,12,0,0,0,0,0,0,2593,0,18446744073709551135,18446744073709551100,1662572,13,6483,0,0,1,11,18446744073709548314,18446744073709551030,18446744073709551030,18446744073709551135,6,2,1,7497684965950227389,0,0,12,10789606604657124324,0,1,1,0
PAWN_AUDIT_RESULT,3826,3,3,-354,0,0,-354,0,0,0,0,0
PAWN_AUDIT_ENTRY,3827,3666914280392054701,15701037786364627219,14805153092520916859,13250228540707161646,3833,18446744073709551309,18446744073709551310,18446744073709551304,10,9,3,10,18446744073709542313,18446744073709550671,12,0,0,0,0,0,0,2593,0,18446744073709551135,18446744073709551100,1662572,13,6484,0,0,1,13,18446744073709547963,18446744073709551030,18446744073709551030,18446744073709551135,6,2,1,7497684965950227389,0,0,12,10789606604657124324,0,1,1,0
PAWN_AUDIT_RESULT,3827,3,3,-349,0,0,-349,0,0,0,0,0
PAWN_AUDIT_ENTRY,3828,15701037786364627219,11397254653158293478,14805153092520916859,5102142710625477287,3826,18446744073709551309,18446744073709551310,18446744073709551304,10,9,3,11,18446744073709541737,18446744073709550459,12,0,0,0,0,0,0,2593,0,18446744073709551135,18446744073709551100,1662572,13,6485,0,0,1,13,18446744073709547811,18446744073709551030,18446744073709550804,18446744073709551135,6,2,1,7497684965950227389,0,0,12,10789606604657124324,0,1,1,0
PAWN_AUDIT_RESULT,3828,3,3,-400,0,0,-400,0,0,0,0,0
PAWN_AUDIT_ENTRY,3829,11397254653158293478,8839753941866271429,14805153092520916859,6019135742437574542,3559,18446744073709551309,18446744073709551310,18446744073709551304,10,9,3,12,18446744073709538288,18446744073709550278,12,0,0,0,0,0,0,2593,0,18446744073709551135,18446744073709551100,1662572,13,6486,0,0,1,9,18446744073709546485,18446744073709551030,18446744073709550304,18446744073709551135,6,2,1,7497684965950227389,0,0,12,10789606604657124324,0,0,1,0
PAWN_AUDIT_RESULT,3829,3,3,-474,0,0,-474,0,0,0,0,0
PAWN_AUDIT_ENTRY,3830,8839753941866271429,16335887787704467297,14805153092520916859,13759445372759754812,2267,18446744073709551309,18446744073709551310,18446744073709551304,10,9,2,13,18446744073709537626,18446744073709550278,12,0,0,0,0,0,0,2593,0,18446744073709551135,18446744073709551100,1662572,13,6487,0,0,1,9,18446744073709545832,18446744073709551030,18446744073709551030,18446744073709551135,6,2,1,7497684965950227389,0,0,12,10789606604657124324,0,0,1,0
PAWN_AUDIT_RESULT,3830,2,2,-472,0,0,-472,0,0,0,0,0
PAWN_AUDIT_ENTRY,3831,16335887787704467297,5023599506357684867,14805153092520916859,6383068694202166527,3642,18446744073709551309,18446744073709551310,18446744073709551304,10,9,3,23,18446744073709542630,18446744073709548874,12,0,0,0,0,0,0,2593,0,18446744073709551135,18446744073709551100,1662572,13,6488,0,0,1,12,18446744073709548625,18446744073709551030,18446744073709549963,18446744073709551135,6,2,1,7497684965950227389,0,0,12,10789606604657124324,0,1,1,0
PAWN_AUDIT_RESULT,3831,3,3,-537,0,0,-537,0,0,0,0,0
PAWN_AUDIT_ENTRY,3833,12049897131226695009,12586667644926623520,6178682989031566977,95514955217589707,2565,18446744073709551309,18446744073709551310,18446744073709551305,13,12,8,4,18446744073709547219,18446744073709550278,10,0,0,0,0,0,0,0,0,18446744073709551282,18446744073709551282,18446744073706199614,13,6492,0,0,0,11,18446744073709550194,18446744073709551030,18446744073709551030,18446744073709551297,5,1,1,11120698628305700051,2,0,10,14476233253800244265,0,3,1,0
PAWN_AUDIT_RESULT,3833,8,8,-649,0,0,-649,0,0,0,0,0
PAWN_AUDIT_ENTRY,3834,12586667644926623520,10948998085379178190,6178682989031566977,7183438574858958253,2572,18446744073709551309,18446744073709551310,18446744073709551305,13,12,7,5,18446744073709545263,18446744073709550278,10,0,0,0,0,0,0,0,0,18446744073709551282,18446744073709551282,18446744073706199614,13,6493,0,0,0,11,18446744073709549591,18446744073709551030,18446744073709550440,18446744073709551297,5,1,1,11120698628305700051,2,0,10,14476233253800244265,0,3,1,0
PAWN_AUDIT_RESULT,3834,7,7,-623,0,0,-623,0,0,0,0,0
PAWN_AUDIT_ENTRY,3835,10948998085379178190,4691407530360757581,6178682989031566977,6430914267637843612,1552,18446744073709551309,18446744073709551310,18446744073709551305,13,12,7,6,18446744073709544853,18446744073709549825,10,0,0,0,0,0,0,0,0,18446744073709551282,18446744073709551282,18446744073706199614,13,6494,0,0,0,9,18446744073709548979,18446744073709551224,18446744073709551117,18446744073709551297,5,1,1,11120698628305700051,2,0,10,14476233253800244265,0,0,1,0
PAWN_AUDIT_RESULT,3835,7,7,-372,0,0,-372,0,1,1,0,0
PAWN_AUDIT_ENTRY,3836,4691407530360757581,15773292587784489319,6178682989031566977,15998788061260135261,3826,18446744073709551309,18446744073709551310,18446744073709551305,13,12,7,7,18446744073709541982,18446744073709550951,10,0,0,0,0,0,0,0,0,18446744073709551282,18446744073709551282,18446744073706199614,13,6496,0,0,0,13,18446744073709547878,18446744073709550899,18446744073709551030,18446744073709551297,5,1,1,11120698628305700051,2,0,10,14476233253800244265,0,3,1,0
PAWN_AUDIT_RESULT,3836,7,7,-1101,0,0,-1101,0,4,4,0,0
PAWN_AUDIT_ENTRY,3837,15773292587784489319,3535787201260380063,6178682989031566977,18007528941651321808,2586,18446744073709551309,18446744073709551310,18446744073709551305,13,12,7,8,18446744073709547240,18446744073709550278,10,0,0,0,0,0,0,0,0,18446744073709551282,18446744073709551282,18446744073706199614,13,6501,0,0,0,11,18446744073709550465,18446744073709551030,18446744073709550491,18446744073709551297,5,1,1,11120698628305700051,2,0,10,14476233253800244265,0,3,1,0
PAWN_AUDIT_RESULT,3837,7,7,-379,0,0,-379,0,0,0,0,0
PAWN_AUDIT_ENTRY,3838,3535787201260380063,11230452745447311721,6178682989031566977,3398858297520054228,3833,18446744073709551309,18446744073709551310,18446744073709551305,13,12,7,9,18446744073709547269,18446744073709550278,10,0,0,0,0,0,0,0,0,18446744073709551282,18446744073709551282,18446744073706199614,13,6502,0,0,0,13,18446744073709550452,18446744073709551030,18446744073709550545,18446744073709551297,5,1,1,11120698628305700051,2,0,10,14476233253800244265,0,3,1,0
PAWN_AUDIT_RESULT,3838,7,7,-313,0,0,-313,0,8,8,0,0
PAWN_AUDIT_ENTRY,3839,11230452745447311721,13332175646256196417,6178682989031566977,14646034929265991284,3559,18446744073709551309,18446744073709551310,18446744073709551305,13,12,6,10,18446744073709539655,18446744073709549912,10,0,0,0,0,0,0,0,0,18446744073709551282,18446744073709551282,18446744073706199614,13,6511,0,0,0,9,18446744073709546079,1485,18446744073709550288,18446744073709551297,5,1,1,11120698628305700051,2,0,10,14476233253800244265,0,0,1,0
PAWN_AUDIT_RESULT,3839,6,6,-523,0,0,-523,0,1,1,0,0
PAWN_AUDIT_ENTRY,3840,13332175646256196417,7662686985393594384,6178682989031566977,1676370480454096614,3834,18446744073709551309,18446744073709551310,18446744073709551305,13,12,6,11,18446744073709538798,18446744073709550278,10,0,0,0,0,0,0,0,0,18446744073709551282,18446744073709551282,18446744073706199614,13,6513,0,0,0,13,18446744073709546688,18446744073709551030,18446744073709550364,18446744073709551297,5,1,1,11120698628305700051,2,0,10,14476233253800244265,0,3,1,0
PAWN_AUDIT_RESULT,3840,6,6,-450,0,0,-450,0,0,0,0,0
PAWN_AUDIT_ENTRY,3841,7662686985393594384,1621830155844827063,6178682989031566977,14979613300377080436,2618,18446744073709551309,18446744073709551310,18446744073709551305,13,12,6,12,18446744073709537938,18446744073709550278,10,0,0,0,0,0,0,0,0,18446744073709551282,18446744073709551282,18446744073706199614,13,6514,0,0,0,11,18446744073709546164,18446744073709551030,18446744073709550638,18446744073709551297,5,1,1,11120698628305700051,2,0,10,14476233253800244265,0,3,1,0
PAWN_AUDIT_RESULT,3841,6,6,-462,0,0,-462,0,0,0,0,0
PAWN_AUDIT_ENTRY,3842,1621830155844827063,4787880106680095688,6178682989031566977,2754568620355441094,2267,18446744073709551309,18446744073709551310,18446744073709551305,13,12,5,13,18446744073709537017,18446744073709550278,10,0,0,0,0,0,0,0,0,18446744073709551282,18446744073709551282,18446744073706199614,13,6515,0,0,0,9,18446744073709545555,18446744073709551030,18446744073709551030,18446744073709551297,5,1,1,11120698628305700051,2,0,10,14476233253800244265,0,0,1,0
PAWN_AUDIT_RESULT,3842,5,5,-880,0,0,-880,0,1,1,0,0
PAWN_AUDIT_ENTRY,3843,4787880106680095688,3622906508471304213,6178682989031566977,13861050588123608325,3642,18446744073709551309,18446744073709551310,18446744073709551305,13,12,5,14,18446744073709536980,18446744073709548874,10,0,0,0,0,0,0,0,0,18446744073709551282,18446744073709551282,18446744073706199614,13,6517,0,0,0,12,18446744073709547796,18446744073709551030,18446744073709546378,18446744073709551297,5,1,1,11120698628305700051,2,0,10,14476233253800244265,0,3,1,0
PAWN_AUDIT_RESULT,3843,5,5,-454,0,0,-454,0,0,0,0,0
PAWN_AUDIT_ENTRY,3844,3622906508471304213,17032897566827869850,6178682989031566977,10831351831280391790,3502,18446744073709551309,18446744073709551310,18446744073709551305,13,12,5,16,18446744073709534550,18446744073709550278,10,0,0,0,0,0,0,0,0,18446744073709551282,18446744073709551282,18446744073706199614,13,6518,0,0,0,9,18446744073709544433,18446744073709551030,18446744073709551030,18446744073709551297,5,1,1,11120698628305700051,2,0,10,14476233253800244265,0,0,1,0
PAWN_AUDIT_RESULT,3844,5,5,-404,0,0,-404,0,0,0,0,0
PAWN_AUDIT_ENTRY,3845,17032897566827869850,119655059444930593,6178682989031566977,12598643219251974424,3429,18446744073709551309,18446744073709551310,18446744073709551305,13,12,5,17,18446744073709534352,18446744073709550278,10,0,0,0,0,0,0,0,0,18446744073709551282,18446744073709551282,18446744073706199614,13,6519,0,0,0,9,18446744073709544433,18446744073709550850,18446744073709551030,18446744073709551297,5,1,1,11120698628305700051,2,0,10,14476233253800244265,0,0,1,0
PAWN_AUDIT_RESULT,3845,5,5,-427,0,0,-427,0,0,0,0,0
PAWN_AUDIT_ENTRY,3846,119655059444930593,13243632629789148054,6178682989031566977,2820968574616513776,3567,18446744073709551309,18446744073709551310,18446744073709551305,13,12,5,18,18446744073709534717,18446744073709550013,10,0,0,0,0,0,0,0,0,18446744073709551282,18446744073709551282,18446744073706199614,13,6520,0,0,0,9,18446744073709544662,18446744073709550724,18446744073709551030,18446744073709551297,5,1,1,11120698628305700051,2,0,10,14476233253800244265,0,0,1,0
PAWN_AUDIT_RESULT,3846,5,5,-389,0,0,-389,0,0,0,0,0
PAWN_AUDIT_ENTRY,3847,13243632629789148054,1494838835132552472,6178682989031566977,2285501493989975497,3641,18446744073709551309,18446744073709551310,18446744073709551305,13,12,5,20,18446744073709535594,18446744073709549387,10,0,0,0,0,0,0,0,0,18446744073709551282,18446744073709551282,18446744073706199614,13,6521,0,0,0,12,18446744073709544908,18446744073709551030,18446744073709551030,18446744073709551297,5,1,1,11120698628305700051,2,0,10,14476233253800244265,0,3,1,0
PAWN_AUDIT_RESULT,3847,5,5,-369,0,0,-369,0,0,0,0,0
PAWN_AUDIT_ENTRY,3848,1494838835132552472,5531423623465462950,6178682989031566977,6630169778866219741,2579,18446744073709551309,18446744073709551310,18446744073709551305,13,12,6,21,18446744073709550340,18446744073709550278,10,0,0,0,0,0,0,0,0,18446744073709551282,18446744073709551282,18446744073706199614,13,6522,0,0,0,11,18446744073709551613,18446744073709551030,18446744073709551030,18446744073709551297,5,1,1,11120698628305700051,2,0,10,14476233253800244265,0,3,1,0
PAWN_AUDIT_RESULT,3848,6,6,-506,0,0,-506,0,0,0,0,0
PAWN_AUDIT_ENTRY,3849,5531423623465462950,4187772581185407201,6178682989031566977,11720783451674920121,4015,18446744073709551309,18446744073709551310,18446744073709551305,13,12,5,22,18446744073709534270,18446744073709549157,10,0,0,0,0,0,0,0,0,18446744073709551282,18446744073709551282,18446744073706199614,13,6523,0,0,0,10,18446744073709544459,18446744073709551030,18446744073709550714,18446744073709551297,5,1,1,11120698628305700051,2,0,10,14476233253800244265,0,3,1,0
PAWN_AUDIT_RESULT,3849,5,5,-573,0,0,-573,0,1,1,0,0
PAWN_AUDIT_ENTRY,3850,4187772581185407201,8870612781696358545,6178682989031566977,14553573687258662781,2609,18446744073709551309,18446744073709551310,18446744073709551305,13,12,5,23,18446744073709538536,18446744073709547104,10,0,0,0,0,0,0,0,0,18446744073709551282,18446744073709551282,18446744073706199614,13,6525,0,0,0,11,18446744073709546528,18446744073709550807,18446744073709550678,18446744073709551297,5,1,1,11120698628305700051,2,0,10,14476233253800244265,0,3,1,0
PAWN_AUDIT_RESULT,3850,5,5,-473,0,0,-473,0,0,0,0,0
PAWN_AUDIT_ENTRY,3851,8870612781696358545,13564052183307621032,6178682989031566977,7696653190324135226,3892,18446744073709551309,18446744073709551310,18446744073709551305,13,12,5,24,18446744073709534558,18446744073709548874,10,0,0,0,0,0,0,0,0,18446744073709551282,18446744073709551282,18446744073706199614,13,6526,0,0,0,14,18446744073709544437,18446744073709551030,18446744073709551030,18446744073709551297,5,1,1,11120698628305700051,2,0,10,14476233253800244265,0,3,1,0
PAWN_AUDIT_RESULT,3851,5,5,-496,0,0,-496,0,0,0,0,0
PAWN_AUDIT_ENTRY,3852,13564052183307621032,15241728683751292848,6178682989031566977,2970626043701113261,3828,18446744073709551309,18446744073709551310,18446744073709551305,13,12,5,25,18446744073709534609,18446744073709549299,10,0,0,0,0,0,0,0,0,18446744073709551282,18446744073709551282,18446744073706199614,13,6527,0,0,0,13,18446744073709544460,18446744073709551030,18446744073709551030,18446744073709551297,5,1,1,11120698628305700051,2,0,10,14476233253800244265,0,3,1,0
PAWN_AUDIT_RESULT,3852,5,5,-376,0,0,-376,0,0,0,0,0
PAWN_AUDIT_ENTRY,3853,15241728683751292848,13457828181507766448,6178682989031566977,16238529889316149807,3827,18446744073709551309,18446744073709551310,18446744073709551305,13,12,5,26,18446744073709534552,18446744073709547758,10,0,0,0,0,0,0,0,0,18446744073709551282,18446744073709551282,18446744073706199614,13,6528,0,0,0,13,18446744073709544434,18446744073709551030,18446744073709551030,18446744073709551297,5,1,1,11120698628305700051,2,0,10,14476233253800244265,0,3,1,0
PAWN_AUDIT_RESULT,3853,5,5,-401,0,0,-401,0,0,0,0,0
PAWN_AUDIT_ENTRY,3854,13457828181507766448,14133863273802529565,6178682989031566977,5794920101401406534,3891,18446744073709551309,18446744073709551310,18446744073709551305,13,12,5,27,18446744073709534552,18446744073709547758,10,0,0,0,0,0,0,0,0,18446744073709551282,18446744073709551282,18446744073706199614,13,6529,0,0,0,14,18446744073709544434,18446744073709551030,18446744073709551030,18446744073709551297,5,1,1,11120698628305700051,2,0,10,14476233253800244265,0,3,1,0
PAWN_AUDIT_RESULT,3854,5,5,-464,0,0,-464,0,0,0,0,0
PAWN_AUDIT_ENTRY,3855,14133863273802529565,16671380804244483373,6178682989031566977,12116850916191885056,3901,18446744073709551309,18446744073709551310,18446744073709551305,13,12,5,28,18446744073709536291,18446744073709546164,10,0,0,0,0,0,0,0,0,18446744073709551282,18446744073709551282,18446744073706199614,13,6530,0,0,0,14,18446744073709545225,18446744073709551030,18446744073709551030,18446744073709551297,5,1,1,11120698628305700051,2,0,10,14476233253800244265,0,3,1,0
PAWN_AUDIT_RESULT,3855,5,5,-402,0,0,-402,0,0,0,0,0
PAWN_AUDIT_ENTRY,3872,15195550817444586663,17163359546934828101,14719598357061859369,6802966158461756614,593,306,307,304,9,8,1,3,18446744073709543946,18446744073709550278,9,0,1,0,0,0,0,0,0,422,422,3436890,13,6551,0,0,0,1,18446744073709547140,18446744073709551030,2640,32002,18446744073709551614,0,1,11844384030504710122,0,0,9,5960717434993051868,0,0,1,0
PAWN_AUDIT_RESULT,3872,1,1,301,0,0,301,0,0,0,0,0
PAWN_AUDIT_ENTRY,3873,17163359546934828101,5695574016772899164,14719598357061859369,13663096807118224850,658,306,307,304,9,8,1,4,18446744073709536904,18446744073709550278,9,0,1,0,0,0,0,0,0,422,422,3436890,13,6552,0,0,0,1,18446744073709545551,18446744073709551030,18446744073709550932,32002,18446744073709551614,0,1,11844384030504710122,0,0,9,5960717434993051868,0,0,1,0
PAWN_AUDIT_RESULT,3873,1,1,294,0,0,294,0,0,0,0,0
PAWN_AUDIT_ENTRY,3874,5695574016772899164,15008545932667630901,14719598357061859369,1210547538871652547,991,306,307,304,9,8,1,5,18446744073709542668,18446744073709550278,9,0,1,0,0,0,0,0,0,422,422,3436890,13,6553,0,0,0,1,18446744073709548177,18446744073709551030,18446744073709550922,32002,18446744073709551614,0,1,11844384030504710122,0,0,9,5960717434993051868,0,0,1,0
PAWN_AUDIT_RESULT,3874,1,1,300,0,0,300,0,0,0,0,0
PAWN_AUDIT_ENTRY,3875,15008545932667630901,11350427872171041370,14719598357061859369,8044455242409492108,194,306,307,304,9,8,1,9,18446744073709538607,18446744073709549745,9,0,1,0,0,0,0,0,0,422,422,3436890,13,6554,0,0,0,5,18446744073709546278,18446744073709551030,18446744073709551030,32002,18446744073709551614,0,1,11844384030504710122,0,0,9,5960717434993051868,0,1,1,0
PAWN_AUDIT_RESULT,3875,1,1,292,0,0,292,0,0,0,0,0
PAWN_AUDIT_ENTRY,3876,11350427872171041370,5478857936070547433,14719598357061859369,13026535792874144291,733,306,307,304,9,8,1,10,18446744073709537928,18446744073709548874,9,0,1,0,0,0,0,0,0,422,422,3436890,13,6555,0,0,0,3,18446744073709545969,18446744073709551030,18446744073709551030,32002,18446744073709551614,0,1,11844384030504710122,0,0,9,5960717434993051868,0,1,1,0
PAWN_AUDIT_RESULT,3876,1,1,248,0,0,248,0,0,0,0,0
PAWN_AUDIT_ENTRY,3877,5478857936070547433,15384706916850712507,14719598357061859369,6199007992326353353,193,306,307,304,9,8,1,11,18446744073709537928,18446744073709548874,9,0,1,0,0,0,0,0,0,422,422,3436890,13,6556,0,0,0,5,18446744073709545969,18446744073709551030,18446744073709551030,32002,18446744073709551614,0,1,11844384030504710122,0,0,9,5960717434993051868,0,1,1,0
PAWN_AUDIT_RESULT,3877,1,1,247,0,0,247,0,0,0,0,0
PAWN_AUDIT_ENTRY,3878,15384706916850712507,14099644759165760665,14719598357061859369,17968528878775874383,729,306,307,304,9,8,1,12,18446744073709537762,18446744073709548874,9,0,1,0,0,0,0,0,0,422,422,3436890,13,6557,0,0,0,3,18446744073709545960,18446744073709551030,18446744073709550893,32002,18446744073709551614,0,1,11844384030504710122,0,0,9,5960717434993051868,0,1,1,0
PAWN_AUDIT_RESULT,3878,1,1,244,0,0,244,0,0,0,0,0
PAWN_AUDIT_ENTRY,3879,14099644759165760665,14636492594703508949,14719598357061859369,6369971059444031871,396,306,307,304,9,8,1,13,18446744073709540962,18446744073709550278,9,0,1,0,0,0,0,0,0,422,422,3436890,13,6558,0,0,0,2,18446744073709548348,18446744073709551030,18446744073709548971,32002,18446744073709551614,0,1,11844384030504710122,0,0,9,5960717434993051868,0,1,1,0
PAWN_AUDIT_RESULT,3879,1,1,249,0,0,249,0,1,1,0,0
PAWN_AUDIT_ENTRY,3880,14636492594703508949,17325017136284441370,14719598357061859369,8923573706664270079,722,306,307,304,9,8,1,14,18446744073709537629,18446744073709549135,9,0,1,0,0,0,0,0,0,422,422,3436890,13,6560,0,0,0,3,18446744073709545893,18446744073709551030,18446744073709550907,32002,18446744073709551614,0,1,11844384030504710122,0,0,9,5960717434993051868,0,1,1,0
PAWN_AUDIT_RESULT,3880,1,1,295,0,0,295,0,0,0,0,0
PAWN_AUDIT_ENTRY,3881,17325017136284441370,11294733538436323675,14719598357061859369,6619749410687035589,724,306,307,304,9,8,1,15,18446744073709537062,18446744073709549407,9,0,1,0,0,0,0,0,0,422,422,3436890,13,6561,0,0,0,3,18446744073709545614,18446744073709551030,18446744073709550950,32002,18446744073709551614,0,1,11844384030504710122,0,0,9,5960717434993051868,0,1,1,0
PAWN_AUDIT_RESULT,3881,1,1,270,0,0,270,0,0,0,0,0
PAWN_AUDIT_ENTRY,3882,11294733538436323675,4131145495664788999,14719598357061859369,3038887217429495869,2,306,307,304,9,8,1,16,18446744073709537347,18446744073709550278,9,0,1,0,0,0,0,0,0,422,422,3436890,13,6562,0,0,0,4,18446744073709545740,18446744073709551030,18446744073709550958,32002,18446744073709551614,0,1,11844384030504710122,0,0,9,5960717434993051868,0,1,1,0
PAWN_AUDIT_RESULT,3882,1,1,288,0,0,288,0,0,0,0,0
PAWN_AUDIT_ENTRY,3883,4131145495664788999,1231752456715288870,14719598357061859369,9511946325284876099,204,306,307,304,9,8,1,17,18446744073709536076,18446744073709550278,9,0,1,0,0,0,0,0,0,422,422,3436890,13,6563,0,0,0,5,18446744073709545127,18446744073709551030,18446744073709551030,32002,18446744073709551614,0,1,11844384030504710122,0,0,9,5960717434993051868,0,1,1,0
PAWN_AUDIT_RESULT,3883,1,1,288,0,0,288,0,0,0,0,0
PAWN_AUDIT_ENTRY,3884,1231752456715288870,858648733552464843,14719598357061859369,17211119685331897904,706,306,307,304,9,8,1,18,18446744073709536562,18446744073709550278,9,0,1,0,0,0,0,0,0,422,422,3436890,13,6564,0,0,0,3,18446744073709545379,18446744073709551030,18446744073709550966,32002,18446744073709551614,0,1,11844384030504710122,0,0,9,5960717434993051868,0,1,1,0
PAWN_AUDIT_RESULT,3884,1,1,250,0,0,250,0,0,0,0,0
PAWN_AUDIT_ENTRY,3885,858648733552464843,18020082041574529241,14719598357061859369,3154227814736298287,213,306,307,304,9,8,1,19,18446744073709536489,18446744073709550278,9,0,1,0,0,0,0,0,0,422,422,3436890,13,6565,0,0,0,5,18446744073709545315,18446744073709551030,18446744073709551030,32002,18446744073709551614,0,1,11844384030504710122,0,0,9,5960717434993051868,0,1,1,0
PAWN_AUDIT_ENTRY,3889,1075433818677546545,9717070191068341673,3154227814736298287,3420089741393089917,2527,18446744073709551309,18446744073709551310,18446744073709551297,8,7,5,2,18446744073709550531,18446744073709550278,10,0,0,0,0,0,0,0,0,18446744073709551294,18446744073709551300,18446744073708841054,13,6574,0,0,0,9,84,18446744073709551030,18446744073709551030,18446744073709551294,1,1,1,11844384030504710122,1,0,10,14719598357061859369,0,0,1,0
PAWN_AUDIT_RESULT,3889,5,5,-348,0,0,-348,0,0,0,0,0
PAWN_AUDIT_ENTRY,3892,9495583871923203100,9947095548877645989,3154227814736298287,8393175954126121778,4087,18446744073709551309,18446744073709551310,18446744073709551297,8,7,1,5,18446744073709547219,18446744073709550278,10,0,0,0,0,0,0,0,0,18446744073709551294,18446744073709551300,18446744073708841054,13,6581,0,0,0,12,18446744073709550194,18446744073709551030,18446744073709551030,18446744073709551294,1,1,1,11844384030504710122,1,0,10,14719598357061859369,0,2,1,0
PAWN_AUDIT_RESULT,3892,1,1,-454,0,0,-454,0,0,0,0,0
PAWN_AUDIT_ENTRY,3893,9947095548877645989,10432974063603215722,3154227814736298287,9393466123399893280,3437,18446744073709551309,18446744073709551310,18446744073709551297,8,7,1,6,18446744073709538994,18446744073709550278,10,0,0,0,0,0,0,0,0,18446744073709551294,18446744073709551300,18446744073708841054,13,6582,0,0,0,9,18446744073709546454,18446744073709551030,18446744073709551030,18446744073709551294,1,1,1,11844384030504710122,1,0,10,14719598357061859369,0,0,1,0
PAWN_AUDIT_RESULT,3893,1,1,-369,0,0,-369,0,0,0,0,0
PAWN_AUDIT_ENTRY,3894,10432974063603215722,4633466834996569410,3154227814736298287,11564710532415067379,3826,18446744073709551309,18446744073709551310,18446744073709551297,8,7,1,8,18446744073709541847,18446744073709550278,10,0,0,0,0,0,0,0,0,18446744073709551294,18446744073709551300,18446744073708841054,13,6583,0,0,0,13,18446744073709547751,18446744073709551030,18446744073709551030,18446744073709551294,1,1,1,11844384030504710122,1,0,10,14719598357061859369,0,2,1,0
PAWN_AUDIT_RESULT,3894,1,1,-336,0,0,-336,0,0,0,0,0
PAWN_AUDIT_ENTRY,3895,4633466834996569410,17320758897262334715,3154227814736298287,6359988249703972456,2267,18446744073709551309,18446744073709551310,18446744073709551297,8,7,1,9,18446744073709536830,18446744073709550278,10,0,0,0,0,0,0,0,0,18446744073709551294,18446744073709551300,18446744073708841054,13,6584,0,0,0,9,18446744073709545470,18446744073709551030,18446744073709551030,18446744073709551294,1,1,1,11844384030504710122,1,0,10,14719598357061859369,0,0,1,0
PAWN_AUDIT_RESULT,3895,1,1,-410,0,0,-410,0,0,0,0,0
PAWN_AUDIT_RESULT,3885,1,1,322,1,8,319,0,1,19,1,1
PAWN_AUDIT_ENTRY,3909,17522244624837410679,5033808901481979166,15636695155823549696,12167360555068774651,658,306,307,287,8,7,1,5,18446744073709535370,18446744073709550278,9,0,1,0,0,0,0,0,0,338,338,8747795,13,6606,0,0,0,1,18446744073709545176,18446744073709551030,18446744073709550268,32002,18446744073709551614,0,1,11120698628305700051,1,0,9,5960717434993051868,0,0,1,0
PAWN_AUDIT_RESULT,3909,1,1,239,0,0,239,0,0,0,0,0
PAWN_AUDIT_ENTRY,3910,5033808901481979166,5424956909283004870,15636695155823549696,399286826564351466,991,306,307,287,8,7,1,6,18446744073709539607,18446744073709550278,9,0,1,0,0,0,0,0,0,338,338,8747795,13,6607,0,0,0,1,18446744073709547075,18446744073709551030,18446744073709550325,32002,18446744073709551614,0,1,11120698628305700051,1,0,9,5960717434993051868,0,0,1,0
PAWN_AUDIT_RESULT,3910,1,1,271,0,0,271,0,0,0,0,0
PAWN_AUDIT_ENTRY,3911,5424956909283004870,13338800950142977546,15636695155823549696,5417490049068073455,593,306,307,287,8,7,1,7,18446744073709539713,18446744073709549422,9,0,1,0,0,0,0,0,0,338,338,8747795,13,6608,0,0,0,1,18446744073709546228,18446744073709549878,1740,32002,18446744073709551614,0,1,11120698628305700051,1,0,9,5960717434993051868,0,0,1,0
PAWN_AUDIT_RESULT,3911,1,1,254,0,0,254,0,0,0,0,0
PAWN_AUDIT_ENTRY,3912,13338800950142977546,5833955307955262370,15636695155823549696,15633795199728722301,926,306,307,287,8,7,1,8,18446744073709537916,18446744073709550278,9,0,1,0,0,0,0,0,0,338,338,8747795,13,6609,0,0,0,1,18446744073709546017,18446744073709551030,18446744073709550920,32002,18446744073709551614,0,1,11120698628305700051,1,0,9,5960717434993051868,0,0,1,0
PAWN_AUDIT_RESULT,3912,1,1,179,0,0,179,0,0,0,0,0
PAWN_AUDIT_ENTRY,3913,5833955307955262370,9363840354194958376,15636695155823549696,5810721425390783173,742,306,307,287,8,7,1,9,18446744073709539034,18446744073709548874,9,0,1,0,0,0,0,0,0,338,338,8747795,13,6610,0,0,0,3,18446744073709546472,18446744073709551030,18446744073709551030,32002,18446744073709551614,0,1,11120698628305700051,1,0,9,5960717434993051868,0,2,1,0
PAWN_AUDIT_RESULT,3913,1,1,187,0,0,187,0,0,0,0,0
PAWN_AUDIT_ENTRY,3914,9363840354194958376,15322526847510803591,15636695155823549696,10468352468085934698,204,306,307,287,8,7,1,10,18446744073709535482,18446744073709550278,9,0,1,0,0,0,0,0,0,338,338,8747795,13,6611,0,0,0,5,18446744073709544968,18446744073709551030,18446744073709550801,32002,18446744073709551614,0,1,11120698628305700051,1,0,9,5960717434993051868,0,2,1,0
PAWN_AUDIT_RESULT,3914,1,1,278,0,0,278,0,0,0,0,0
PAWN_AUDIT_ENTRY,3915,15322526847510803591,527327782412026719,15636695155823549696,9951028381367894967,231,306,307,287,8,7,1,11,18446744073709535834,18446744073709550278,9,0,1,0,0,0,0,0,0,338,338,8747795,13,6612,0,0,0,5,18446744073709545017,18446744073709551030,18446744073709551030,32002,18446744073709551614,0,1,11120698628305700051,1,0,9,5960717434993051868,0,2,1,0
PAWN_AUDIT_RESULT,3915,1,1,279,0,0,279,0,0,0,0,0
PAWN_AUDIT_ENTRY,3916,527327782412026719,15337271436775940107,15636695155823549696,13186509879267788325,268,306,307,287,8,7,1,12,18446744073709535396,18446744073709550278,9,0,1,0,0,0,0,0,0,338,338,8747795,13,6613,0,0,0,6,18446744073709544818,18446744073709551030,18446744073709551030,32002,18446744073709551614,0,1,11120698628305700051,1,0,9,5960717434993051868,0,2,1,0
PAWN_AUDIT_RESULT,3916,1,1,138,0,0,138,0,0,0,0,0
PAWN_AUDIT_ENTRY,3917,15337271436775940107,3848229436263509275,15636695155823549696,14989279045738109423,601,306,307,287,8,7,1,13,18446744073709535223,18446744073709550278,9,0,1,0,0,0,0,0,0,338,338,8747795,13,6614,0,0,0,1,18446744073709544739,18446744073709551030,18446744073709551030,32002,18446744073709551614,0,1,11120698628305700051,1,0,9,5960717434993051868,0,0,1,0
PAWN_AUDIT_RESULT,3917,1,1,254,0,0,254,0,0,0,0,0
PAWN_AUDIT_ENTRY,3918,3848229436263509275,576562881979953636,15636695155823549696,5037115405070307489,983,306,307,287,8,7,1,14,18446744073709535198,18446744073709550278,9,0,1,0,0,0,0,0,0,338,338,8747795,13,6615,0,0,0,1,18446744073709544728,18446744073709551030,18446744073709551030,32002,18446744073709551614,0,1,11120698628305700051,1,0,9,5960717434993051868,0,0,1,0
PAWN_AUDIT_RESULT,3918,1,1,255,0,0,255,0,0,0,0,0
PAWN_AUDIT_ENTRY,3919,576562881979953636,4212866966326240792,15636695155823549696,17311682778918713775,1,306,307,287,8,7,1,15,18446744073709535115,18446744073709550278,9,0,1,0,0,0,0,0,0,338,338,8747795,13,6616,0,0,0,4,18446744073709544690,18446744073709551030,18446744073709551030,32002,18446744073709551614,0,1,11120698628305700051,1,0,9,5960717434993051868,0,2,1,0
PAWN_AUDIT_RESULT,3919,1,1,263,0,0,263,0,0,0,0,0
PAWN_AUDIT_ENTRY,3920,4212866966326240792,16705285914949061382,15636695155823549696,16075148893469708154,261,306,307,287,8,7,1,16,18446744073709535060,18446744073709550278,9,0,1,0,0,0,0,0,0,338,338,8747795,13,6617,0,0,0,6,18446744073709544665,18446744073709551030,18446744073709551030,32002,18446744073709551614,0,1,11120698628305700051,1,0,9,5960717434993051868,0,2,1,0
PAWN_AUDIT_RESULT,3920,1,1,220,0,0,220,0,0,0,0,0
PAWN_AUDIT_ENTRY,3921,16705285914949061382,4267961644583174604,15636695155823549696,733795888801802720,528,306,307,287,8,7,1,17,18446744073709535036,18446744073709550278,9,0,1,0,0,0,0,0,0,338,338,8747795,13,6618,0,0,0,1,18446744073709544654,18446744073709551030,18446744073709551030,32002,18446744073709551614,0,1,11120698628305700051,1,0,9,5960717434993051868,0,0,1,0
PAWN_AUDIT_RESULT,3921,1,1,243,0,0,243,0,0,0,0,0
PAWN_AUDIT_ENTRY,3922,4267961644583174604,16011457830413931599,15636695155823549696,13006271021598854818,861,306,307,287,8,7,1,19,18446744073709534789,18446744073709550278,9,0,1,0,0,0,0,0,0,338,338,8747795,13,6619,0,0,0,1,18446744073709544542,18446744073709551030,18446744073709551030,32002,18446744073709551614,0,1,11120698628305700051,1,0,9,5960717434993051868,0,0,1,0
PAWN_AUDIT_RESULT,3922,1,1,268,0,0,268,0,0,0,0,0
PAWN_AUDIT_ENTRY,3923,16011457830413931599,10096725909185743638,15636695155823549696,3490158016750447078,918,306,307,287,8,7,1,20,18446744073709534737,18446744073709550278,9,0,1,0,0,0,0,0,0,338,338,8747795,13,6620,0,0,0,1,18446744073709544518,18446744073709551030,18446744073709551030,32002,18446744073709551614,0,1,11120698628305700051,1,0,9,5960717434993051868,0,0,1,0
PAWN_AUDIT_RESULT,3923,1,1,216,0,0,216,0,0,0,0,0
PAWN_AUDIT_ENTRY,3924,10096725909185743638,3461802159382846250,15636695155823549696,16876764342989620809,853,306,307,287,8,7,1,21,18446744073709534728,18446744073709550278,9,0,1,0,0,0,0,0,0,338,338,8747795,13,6621,0,0,0,1,18446744073709544514,18446744073709551030,18446744073709551030,32002,18446744073709551614,0,1,11120698628305700051,1,0,9,5960717434993051868,0,0,1,0
PAWN_AUDIT_RESULT,3924,1,1,205,0,0,205,0,0,0,0,0
PAWN_AUDIT_ENTRY,3925,3461802159382846250,8762584909139915140,15636695155823549696,7967097348197858774,722,306,307,287,8,7,1,22,18446744073709536558,18446744073709549886,9,0,1,0,0,0,0,0,0,338,338,8747795,13,6622,0,0,0,3,18446744073709545559,18446744073709551030,18446744073709550592,32002,18446744073709551614,0,1,11120698628305700051,1,0,9,5960717434993051868,0,2,1,0
PAWN_AUDIT_RESULT,3925,1,1,293,0,0,293,0,0,0,0,0
PAWN_AUDIT_ENTRY,3926,8762584909139915140,2275954680893586792,15636695155823549696,5557610438744163414,396,306,307,293,8,7,1,23,18446744073709539133,18446744073709549136,9,0,1,0,0,0,0,0,0,338,338,8747795,13,6623,0,0,0,2,18446744073709547675,18446744073709551030,18446744073709548644,32002,18446744073709551614,0,1,11120698628305700051,1,0,9,5960717434993051868,0,2,1,0
PAWN_AUDIT_RESULT,3926,1,1,280,0,0,280,0,0,0,0,0
PAWN_AUDIT_ENTRY,3933,13572376610215770320,6548108727110505642,5577176432956935846,15455448021129188636,1371,281,282,18446744073709550955,8,7,4,2,18446744073709547669,18446744073709550278,11,0,0,0,0,0,0,0,0,261,261,3430699,13,6641,0,0,0,2,18446744073709550934,18446744073709549959,18446744073709551030,269,0,1,1,11120698628305700051,3,0,11,15509075458680222291,0,4,1,0
PAWN_AUDIT_RESULT,3933,4,4,210,0,0,210,0,0,0,0,0
PAWN_AUDIT_ENTRY,3934,6548108727110505642,9806502466073370798,5577176432956935846,5517132641527313115,926,281,282,210,8,7,3,3,18446744073709542794,18446744073709550278,11,0,0,0,0,0,0,0,0,261,261,3430699,13,6642,0,0,0,1,18446744073709545704,18446744073709550430,5137,269,0,1,1,11120698628305700051,3,0,11,15509075458680222291,0,0,1,0
PAWN_AUDIT_RESULT,3934,3,3,172,0,0,172,0,0,0,0,0
PAWN_AUDIT_ENTRY,3935,9806502466073370798,8696989698668340988,5577176432956935846,4376807221586185053,658,281,282,210,8,7,2,4,18446744073709535340,18446744073709550278,11,0,0,0,0,0,0,0,0,261,261,3430699,13,6643,0,0,0,1,18446744073709545029,18446744073709550689,18446744073709550894,269,0,1,1,11120698628305700051,3,0,11,15509075458680222291,0,0,1,0
PAWN_AUDIT_RESULT,3935,2,2,196,0,0,196,0,0,0,0,0
PAWN_AUDIT_ENTRY,3936,8696989698668340988,13641059200920721151,5577176432956935846,10514816955975165516,991,281,282,210,8,7,2,5,18446744073709539479,18446744073709550278,11,0,0,0,0,0,0,0,0,261,261,3430699,13,6644,0,0,0,1,18446744073709546799,18446744073709549829,395,269,0,1,1,11120698628305700051,3,0,11,15509075458680222291,0,0,1,0
PAWN_AUDIT_RESULT,3936,2,2,241,0,0,241,0,0,0,0,0
PAWN_AUDIT_ENTRY,3937,13641059200920721151,3877722266108295828,5577176432956935846,4854285539205439989,1350,281,282,241,8,7,2,6,18446744073709537354,18446744073709550278,11,0,0,0,0,0,0,0,0,261,261,3430699,13,6645,0,0,0,2,18446744073709545708,18446744073709551030,18446744073709551030,269,0,1,1,11120698628305700051,3,0,11,15509075458680222291,0,4,1,0
PAWN_AUDIT_RESULT,3937,2,2,1,0,0,1,0,0,0,0,0
PAWN_AUDIT_ENTRY,3938,3877722266108295828,2699704214570668218,5577176432956935846,12147318748769906136,1375,281,282,241,8,7,2,7,18446744073709537078,18446744073709550278,11,0,0,0,0,0,0,0,0,261,261,3430699,13,6646,0,0,0,2,18446744073709545899,18446744073709550875,18446744073709550538,269,0,1,1,11120698628305700051,3,0,11,15509075458680222291,0,4,1,0
PAWN_AUDIT_RESULT,3938,2,2,126,0,0,126,0,0,0,0,0
PAWN_AUDIT_ENTRY,3939,2699704214570668218,15407861118554836691,5577176432956935846,17197949817969486365,1382,281,282,241,8,7,1,8,18446744073709536552,18446744073709550278,11,0,0,0,0,0,0,0,0,261,261,3430699,13,6647,0,0,0,2,18446744073709545599,18446744073709550905,18446744073709550632,269,0,1,1,11120698628305700051,3,0,11,15509075458680222291,0,4,1,0
PAWN_AUDIT_RESULT,3939,1,1,153,0,0,153,0,0,0,0,0
PAWN_AUDIT_ENTRY,3940,15407861118554836691,4413514976950222457,5577176432956935846,16089221200677540425,593,281,282,241,8,7,1,9,18446744073709537364,18446744073709549422,11,0,0,0,0,0,0,0,0,261,261,3430699,13,6648,0,0,0,1,18446744073709545903,18446744073709551030,18446744073709550638,269,0,1,1,11120698628305700051,3,0,11,15509075458680222291,0,0,1,0
PAWN_AUDIT_RESULT,3940,1,1,227,0,0,227,0,0,0,0,0
PAWN_AUDIT_ENTRY,3963,7812015638263182429,4829813273817292717,9951028381367894967,15834709440608615666,3257,18446744073709551334,18446744073709551335,18446744073709551333,6,5,1,2,18446744073709547855,498,10,0,1,0,0,0,0,0,0,18446744073709551402,18446744073709551402,18446744073707120143,13,6718,0,0,0,13,18446744073709550483,18446744073709551030,18446744073709551030,32002,18446744073709551614,0,1,11120698628305700051,2,0,10,15636695155823549696,0,3,1,0
PAWN_AUDIT_RESULT,3963,1,1,-293,0,0,-293,0,0,0,0,0
PAWN_AUDIT_ENTRY,3991,8731253642923074496,5065226549131535594,9951028381367894967,7077043197191552167,3104,18446744073709551334,18446744073709551335,18446744073709551333,6,5,1,4,18446744073709550148,18446744073709550514,10,0,1,0,0,0,0,0,0,18446744073709551402,18446744073709551402,18446744073707120143,13,6754,0,0,0,9,18446744073709550467,1531,18446744073709551030,32002,18446744073709551614,0,1,11120698628305700051,2,0,10,15636695155823549696,0,0,1,0
PAWN_AUDIT_RESULT,3991,1,1,-300,0,0,-300,0,2,2,0,0
PAWN_AUDIT_ENTRY,3992,5065226549131535594,1796877080559475538,9951028381367894967,17744279830205039615,3249,18446744073709551334,18446744073709551335,18446744073709551333,6,5,1,5,18446744073709542704,18446744073709548874,10,0,1,0,0,0,0,0,0,18446744073709551402,18446744073709551402,18446744073707120143,13,6757,0,0,0,13,18446744073709548141,18446744073709551030,18446744073709551030,32002,18446744073709551614,0,1,11120698628305700051,2,0,10,15636695155823549696,0,3,1,0
PAWN_AUDIT_RESULT,3992,1,1,-339,0,0,-339,0,0,0,0,0
PAWN_AUDIT_ENTRY,3993,1796877080559475538,5032791876408402751,9951028381367894967,117423579990169195,3259,18446744073709551334,18446744073709551335,18446744073709551333,6,5,1,6,18446744073709542704,18446744073709548874,10,0,1,0,0,0,0,0,0,18446744073709551402,18446744073709551402,18446744073707120143,13,6758,0,0,0,13,18446744073709548141,18446744073709551030,18446744073709551030,32002,18446744073709551614,0,1,11120698628305700051,2,0,10,15636695155823549696,0,3,1,0
PAWN_AUDIT_RESULT,3993,1,1,-347,0,0,-347,0,0,0,0,0
PAWN_AUDIT_ENTRY,3994,5032791876408402751,2504443995182800353,9951028381367894967,15984070505343111819,3252,18446744073709551334,18446744073709551335,18446744073709551333,6,5,1,7,18446744073709550340,18446744073709548282,10,0,1,0,0,0,0,0,0,18446744073709551402,18446744073709551402,18446744073707120143,13,6759,0,0,0,13,18446744073709551613,18446744073709551030,18446744073709551030,32002,18446744073709551614,0,1,11120698628305700051,2,0,10,15636695155823549696,0,3,1,0
PAWN_AUDIT_RESULT,3994,1,1,-319,0,0,-319,0,0,0,0,0
PAWN_AUDIT_ENTRY,3995,2504443995182800353,14944113497906508955,9951028381367894967,2646010888813637757,3899,18446744073709551334,18446744073709551335,18446744073709551333,6,5,1,9,18446744073709541092,18446744073709548874,10,0,1,0,0,0,0,0,0,18446744073709551402,18446744073709551402,18446744073707120143,13,6760,0,0,0,14,18446744073709547408,18446744073709551030,18446744073709551030,32002,18446744073709551614,0,1,11120698628305700051,2,0,10,15636695155823549696,0,3,1,0
PAWN_AUDIT_RESULT,3995,1,1,-498,0,0,-498,0,0,0,0,0
PAWN_AUDIT_ENTRY,3996,14944113497906508955,15862553111480970547,9951028381367894967,1563245140088387849,3251,18446744073709551334,18446744073709551335,18446744073709551333,6,5,1,11,18446744073709544714,18446744073709546164,10,0,1,0,0,0,0,0,0,18446744073709551402,18446744073709551402,18446744073707120143,13,6761,0,0,0,13,18446744073709549055,18446744073709551030,18446744073709551030,32002,18446744073709551614,0,1,11120698628305700051,2,0,10,15636695155823549696,0,3,1,0
PAWN_AUDIT_RESULT,3996,1,1,-357,0,0,-357,0,0,0,0,0
PAWN_AUDIT_ENTRY,3997,15862553111480970547,8339666378914666324,9951028381367894967,17986252620611943664,2267,18446744073709551334,18446744073709551335,18446744073709551333,6,5,1,12,18446744073709536247,18446744073709550278,10,0,1,0,0,0,0,0,0,18446744073709551402,18446744073709551402,18446744073707120143,13,6762,0,0,0,9,18446744073709545205,18446744073709551030,18446744073709551030,32002,18446744073709551614,0,1,11120698628305700051,2,0,10,15636695155823549696,0,0,1,0
PAWN_AUDIT_RESULT,3997,1,1,-328,0,0,-328,0,0,0,0,0
PAWN_AUDIT_ENTRY,4066,5886550039106731222,9248171211035744770,8237459652322721247,1690195943622084793,1757,281,282,154,6,5,2,2,18446744073709547219,18446744073709548874,11,0,0,0,0,0,0,0,0,92,92,704298,13,6939,0,0,0,5,18446744073709550194,18446744073709551030,18446744073709551030,173,1,1,1,9411833010598542792,5,0,11,1204958181710444517,0,6,1,0
PAWN_AUDIT_RESULT,4066,2,2,196,0,0,196,0,0,0,0,0
PAWN_AUDIT_ENTRY,4071,8396763067573853453,10913918833196122899,3613142030683046396,10540167000263880066,1731,281,282,281,9,8,4,4,18446744073709550340,18446744073709550278,9,0,0,0,0,0,0,0,0,179,179,18446744073708596033,13,6944,0,0,0,5,18446744073709551613,18446744073709551030,18446744073709551030,288,6,1,1,9411833010598542792,3,0,9,17448916326320426137,0,4,1,0
PAWN_AUDIT_RESULT,4071,4,4,1,0,0,1,0,0,0,0,0
PAWN_AUDIT_ENTRY,4072,10913918833196122899,7289411681033364310,3613142030683046396,4899884614924092423,658,281,282,281,9,8,3,5,18446744073709544208,18446744073709550278,9,0,0,0,0,0,0,0,0,179,179,18446744073708596033,13,6945,0,0,0,1,18446744073709545760,5705,18446744073709550864,288,6,1,1,9411833010598542792,3,0,9,17448916326320426137,0,0,1,0
PAWN_AUDIT_RESULT,4072,3,3,149,0,0,149,0,0,0,0,0
PAWN_AUDIT_ENTRY,4073,7289411681033364310,11660359703445884290,3613142030683046396,11532043618095209747,593,281,282,281,9,8,3,6,18446744073709543967,18446744073709550278,9,0,0,0,0,0,0,0,0,179,179,18446744073708596033,13,6946,0,0,0,1,18446744073709545346,432,5307,288,6,1,1,9411833010598542792,3,0,9,17448916326320426137,0,0,1,0
PAWN_AUDIT_RESULT,4073,3,3,145,0,0,145,0,2,2,0,0
PAWN_AUDIT_ENTRY,4074,11660359703445884290,17036969249718452004,3613142030683046396,4174441639755070444,166,281,282,281,9,8,1,7,18446744073709540835,280,9,0,0,0,0,0,0,0,0,179,179,18446744073708596033,13,6949,0,0,0,3,18446744073709547291,18446744073709551030,18446744073709551030,288,6,1,1,9411833010598542792,3,0,9,17448916326320426137,0,4,1,0
PAWN_AUDIT_RESULT,4074,1,1,174,0,0,174,0,3,3,0,0
PAWN_AUDIT_ENTRY,4075,17036969249718452004,1589090754876066138,3613142030683046396,8245706334529385190,1739,281,282,281,9,8,1,8,18446744073709547219,18446744073709548874,9,0,0,0,0,0,0,0,0,179,179,18446744073708596033,13,6953,0,0,0,5,18446744073709550194,18446744073709551030,18446744073709551030,288,6,1,1,9411833010598542792,3,0,9,17448916326320426137,0,4,1,0
PAWN_AUDIT_RESULT,4075,1,1,173,0,0,173,0,0,0,0,0
PAWN_AUDIT_ENTRY,4076,1589090754876066138,15259064483300743110,3613142030683046396,6269547384805389466,1757,281,282,281,9,8,1,9,18446744073709547536,18446744073709549064,9,0,0,0,0,0,0,0,0,179,179,18446744073708596033,13,6954,0,0,0,5,18446744073709550338,18446744073709551030,18446744073709551030,288,6,1,1,9411833010598542792,3,0,9,17448916326320426137,0,4,1,0
PAWN_AUDIT_RESULT,4076,1,1,171,0,0,171,0,0,0,0,0
PAWN_AUDIT_ENTRY,4077,15259064483300743110,15981456684137623376,3613142030683046396,16958786707936926441,1759,281,282,281,9,8,1,10,18446744073709546883,18446744073709548874,9,0,0,0,0,0,0,0,0,179,179,18446744073708596033,13,6955,0,0,0,5,18446744073709550194,18446744073709550724,18446744073709551030,288,6,1,1,9411833010598542792,3,0,9,17448916326320426137,0,4,1,0
PAWN_AUDIT_RESULT,4077,1,1,155,0,0,155,0,0,0,0,0
PAWN_AUDIT_ENTRY,4078,15981456684137623376,8416632481177371649,3613142030683046396,2870314695803616453,148,281,282,281,9,8,1,12,18446744073709541076,18446744073709550398,9,0,0,0,0,0,0,0,0,179,179,18446744073708596033,13,6956,0,0,0,3,18446744073709547486,18446744073709551005,18446744073709550880,288,6,1,1,9411833010598542792,3,0,9,17448916326320426137,0,4,1,0
PAWN_AUDIT_RESULT,4078,1,1,223,0,0,223,0,0,0,0,0
PAWN_AUDIT_ENTRY,4079,8416632481177371649,4291267085316421554,3613142030683046396,7278561498853124798,1746,281,282,281,9,8,1,13,18446744073709541082,18446744073709549951,9,0,0,0,0,0,0,0,0,179,179,18446744073708596033,13,6957,0,0,0,5,18446744073709547583,18446744073709550977,18446744073709550714,288,6,1,1,9411833010598542792,3,0,9,17448916326320426137,0,4,1,0
PAWN_AUDIT_RESULT,4079,1,1,212,0,0,212,0,0,0,0,0
PAWN_AUDIT_ENTRY,4080,4291267085316421554,16040914812316435782,3613142030683046396,17061284416771641660,259,281,282,281,9,8,1,14,18446744073709540981,18446744073709549701,9,0,0,0,0,0,0,0,0,179,179,18446744073708596033,13,6958,0,0,0,6,18446744073709547519,18446744073709550982,18446744073709550746,288,6,1,1,9411833010598542792,3,0,9,17448916326320426137,0,4,1,0
PAWN_AUDIT_RESULT,4080,1,1,204,0,0,204,0,0,0,0,0
PAWN_AUDIT_ENTRY,4081,16040914812316435782,8084200421606706448,3613142030683046396,11962791867953961130,396,281,282,281,9,8,1,15,18446744073709546662,18446744073709548874,9,0,0,0,0,0,0,0,0,179,179,18446744073708596033,13,6959,0,0,0,2,18446744073709550113,18446744073709551284,18446744073709550413,288,6,1,1,9411833010598542792,3,0,9,17448916326320426137,0,4,1,0
PAWN_AUDIT_RESULT,4081,1,1,162,0,0,162,0,0,0,0,0
PAWN_AUDIT_ENTRY,4085,15194535389410708066,11705276786957407747,5928223035834736871,8131792203079948030,139,281,282,281,8,7,3,3,18446744073709549725,78,7,0,0,0,0,0,0,0,0,208,208,5003573,13,6965,0,0,0,3,4316,18446744073709543940,18446744073709548859,288,8,1,1,9411833010598542792,1,0,7,14418299418576903186,0,2,1,0
PAWN_AUDIT_RESULT,4085,3,3,221,0,0,221,0,0,0,0,0
PAWN_AUDIT_ENTRY,4086,11705276786957407747,3641326448750076541,5928223035834736871,13098106790588733921,213,281,282,281,8,7,2,4,18446744073709547322,18446744073709549440,7,0,0,0,0,0,0,0,0,208,208,5003573,13,6966,0,0,0,5,18446744073709547633,18446744073709551030,4787,288,8,1,1,9411833010598542792,1,0,7,14418299418576903186,0,2,1,0
PAWN_AUDIT_RESULT,4086,2,2,223,0,0,223,0,0,0,0,0
PAWN_AUDIT_ENTRY,4087,3641326448750076541,6376576483103971031,5928223035834736871,98185854083350096,231,281,282,281,8,7,2,5,18446744073709545511,18446744073709550278,7,0,0,0,0,0,0,0,0,208,208,5003573,13,6967,0,0,0,5,18446744073709547353,18446744073709551030,3667,288,8,1,1,9411833010598542792,1,0,7,14418299418576903186,0,2,1,0
PAWN_AUDIT_RESULT,4087,2,2,194,0,0,194,0,0,0,0,0
PAWN_AUDIT_ENTRY,4088,6376576483103971031,7824905736861378820,5928223035834736871,6664968874884353972,405,281,282,281,8,7,2,6,18446744073709549824,361,7,0,0,0,0,0,0,0,0,208,208,5003573,13,6968,0,0,0,2,1411,18446744073709545733,1474,288,8,1,1,9411833010598542792,1,0,7,14418299418576903186,0,2,1,0
PAWN_AUDIT_RESULT,4088,2,2,241,0,0,241,0,0,0,0,0
PAWN_AUDIT_ENTRY,4089,7824905736861378820,14788423327867049720,5928223035834736871,5166854709422005726,148,281,282,281,8,7,1,10,18446744073709540914,18446744073709550412,7,0,0,0,0,0,0,0,0,208,208,5003573,13,6969,0,0,0,3,18446744073709547503,18446744073709551030,18446744073709550667,288,8,1,1,9411833010598542792,1,0,7,14418299418576903186,0,2,1,0
PAWN_AUDIT_RESULT,4089,1,1,224,0,0,224,0,0,0,0,0
PAWN_AUDIT_ENTRY,4090,14788423327867049720,11825393341255673391,5928223035834736871,14295952624523016625,396,281,282,281,8,7,1,11,18446744073709542025,18446744073709548874,7,0,0,0,0,0,0,0,0,208,208,5003573,13,6970,0,0,0,2,18446744073709548990,18446744073709551030,18446744073709548644,288,8,1,1,9411833010598542792,1,0,7,14418299418576903186,0,2,1,0
PAWN_AUDIT_RESULT,4090,1,1,200,0,0,200,0,0,0,0,0
PAWN_AUDIT_ENTRY,4091,11825393341255673391,14370351916471164823,5928223035834736871,13865244509407951880,593,281,282,281,8,7,1,12,18446744073709542394,18446744073709550278,7,0,0,0,0,0,0,0,0,208,208,5003573,13,6971,0,0,0,1,18446744073709547179,18446744073709551030,1105,288,8,1,1,9411833010598542792,1,0,7,14418299418576903186,0,0,1,0
PAWN_AUDIT_RESULT,4091,1,1,231,0,0,231,0,0,0,0,0
PAWN_AUDIT_ENTRY,4095,1435172248031431890,14332086952151661848,16491657580811125439,242832618787961785,213,281,282,281,13,12,9,5,18446744073709547361,18446744073709547325,5,0,0,0,0,1,0,0,0,18446744073709551582,18446744073709551582,18446744073709338248,13,6975,0,0,1,5,18446744073709547490,1468,3002,288,10,1,1,15612587136633976202,0,0,5,14875853607605138518,0,1,1,0
PAWN_AUDIT_RESULT,4095,9,9,-374,0,0,-374,0,0,0,0,0
PAWN_AUDIT_ENTRY,4096,14332086952151661848,11522452330840366223,16491657580811125439,10738188590983300932,658,281,282,281,13,12,8,7,18446744073709540576,18446744073709548460,5,0,0,0,0,1,0,0,0,18446744073709551582,18446744073709551582,18446744073709338248,13,6976,0,0,1,1,18446744073709545497,18446744073709550537,3376,288,10,1,1,15612587136633976202,0,0,5,14875853607605138518,0,0,1,0
PAWN_AUDIT_RESULT,4096,8,8,-331,0,0,-331,0,0,0,0,0
PAWN_AUDIT_ENTRY,4097,11522452330840366223,13078999177410814064,16491657580811125439,13242755280792230920,231,281,282,281,13,12,8,8,18446744073709544626,18446744073709547269,5,0,0,0,0,1,0,0,0,18446744073709551582,18446744073709551582,18446744073709338248,13,6977,0,0,1,5,18446744073709546856,1007,2221,288,10,1,1,15612587136633976202,0,0,5,14875853607605138518,0,1,1,0
PAWN_AUDIT_RESULT,4097,8,8,-390,0,0,-390,0,0,0,0,0
PAWN_AUDIT_ENTRY,4098,13078999177410814064,8075726261567038601,16491657580811125439,17379178464031063942,148,281,282,281,13,12,7,9,18446744073709540711,18446744073709547401,5,0,0,0,0,1,0,0,0,18446744073709551582,18446744073709551582,18446744073709338248,13,6978,0,0,1,3,18446744073709547376,18446744073709550925,18446744073709550847,288,10,1,1,15612587136633976202,0,0,5,14875853607605138518,0,1,1,0
PAWN_AUDIT_RESULT,4098,7,7,-348,0,0,-348,0,0,0,0,0
PAWN_AUDIT_ENTRY,4099,8075726261567038601,9324287605625897040,16491657580811125439,8570449235217325648,593,281,282,281,13,12,7,10,18446744073709539004,18446744073709548692,5,0,0,0,0,1,0,0,0,18446744073709551582,18446744073709551582,18446744073709338248,13,6979,0,0,1,1,18446744073709547153,18446744073709550511,18446744073709550134,288,10,1,1,15612587136633976202,0,0,5,14875853607605138518,0,0,1,0
PAWN_AUDIT_RESULT,4099,7,7,-370,0,0,-370,0,0,0,0,0
PAWN_AUDIT_ENTRY,4100,9324287605625897040,3689417421853494420,16491657580811125439,16512718186412949186,926,281,282,281,13,12,6,11,18446744073709533936,18446744073709551291,5,0,0,0,0,1,0,0,0,18446744073709551582,18446744073709551582,18446744073709338248,13,6980,0,0,1,1,18446744073709544869,18446744073709550850,18446744073709549742,288,10,1,1,15612587136633976202,0,0,5,14875853607605138518,0,0,1,0
PAWN_AUDIT_RESULT,4100,6,6,-446,0,0,-446,0,0,0,0,0
PAWN_AUDIT_ENTRY,4121,3244552591018972776,10836003780722469116,14415405401895619453,6887509497913154449,1291,281,282,280,8,7,3,2,18446744073709540362,18446744073709549717,5,0,0,0,0,0,0,0,0,201,201,756328,13,7033,0,0,0,3,18446744073709548593,18446744073709547996,18446744073709551030,267,2,1,1,13862688173940149393,0,0,5,8084465220326959530,0,1,1,0
PAWN_AUDIT_RESULT,4121,3,3,175,0,0,175,0,0,0,0,0
PAWN_AUDIT_ENTRY,4122,10836003780722469116,1529298284162862064,14415405401895619453,14282656347530961966,405,281,282,280,8,7,4,3,18446744073709548870,18446744073709551435,5,0,0,0,0,0,0,0,0,201,201,756328,13,7034,0,0,0,2,18446744073709550912,18446744073709551095,18446744073709551030,267,2,1,1,13862688173940149393,0,0,5,8084465220326959530,0,1,1,0
PAWN_AUDIT_RESULT,4122,4,4,171,0,0,171,0,0,0,0,0
PAWN_AUDIT_ENTRY,4123,1529298284162862064,12074551519099040759,14415405401895619453,6149437508383936981,222,281,282,280,8,7,2,7,18446744073709547317,18446744073709545330,5,0,0,0,0,0,0,0,0,201,201,756328,13,7035,0,0,0,5,18446744073709548580,2926,18446744073709550829,267,2,1,1,13862688173940149393,0,0,5,8084465220326959530,0,1,1,0
PAWN_AUDIT_RESULT,4123,2,2,17,0,0,17,0,0,0,0,0
PAWN_AUDIT_ENTRY,4124,12074551519099040759,9258315314590462758,14415405401895619453,13390987601384181382,658,281,282,280,8,7,1,8,18446744073709537808,993,5,0,0,0,0,0,0,0,0,201,201,756328,13,7036,0,0,0,1,18446744073709545101,1041,18446744073709551030,267,2,1,1,13862688173940149393,0,0,5,8084465220326959530,0,0,1,0
PAWN_AUDIT_RESULT,4124,1,1,203,0,0,203,0,0,0,0,0
PAWN_AUDIT_ENTRY,4125,9258315314590462758,7125870603814374267,14415405401895619453,15995892371827783236,1282,281,282,280,8,7,2,9,18446744073709547181,18446744073709547758,5,0,0,0,0,0,0,0,0,201,201,756328,13,7037,0,0,0,3,18446744073709550194,18446744073709550995,18446744073709551030,267,2,1,1,13862688173940149393,0,0,5,8084465220326959530,0,1,1,0
PAWN_AUDIT_RESULT,4125,2,2,45,0,0,45,0,0,0,0,0
PAWN_AUDIT_ENTRY,4126,7125870603814374267,17919275523226265898,14415405401895619453,9791230483633338967,1309,281,282,280,8,7,2,10,18446744073709547129,18446744073709546870,5,0,0,0,0,0,0,0,0,201,201,756328,13,7038,0,0,0,3,18446744073709550194,18446744073709550948,18446744073709551030,267,2,1,1,13862688173940149393,0,0,5,8084465220326959530,0,1,1,0
PAWN_AUDIT_RESULT,4126,2,2,111,0,0,111,0,0,0,0,0
PAWN_AUDIT_ENTRY,4156,8824971186224185057,4949298560254033953,11322440665240744684,15995892371827783236,707,281,282,267,6,5,1,3,18446744073709550340,18446744073709550278,5,0,0,0,0,0,0,0,0,5,5,2172574,13,7095,0,0,0,5,18446744073709551613,18446744073709551030,18446744073709551030,264,2,1,1,13862688173940149393,0,0,5,2674407369768063035,0,1,1,0
PAWN_AUDIT_RESULT,4156,1,1,45,0,0,45,0,0,0,0,0
PAWN_AUDIT_ENTRY,4157,4949298560254033953,8092580329313245764,11322440665240744684,265749914926421874,736,281,282,267,6,5,1,4,18446744073709547817,18446744073709550278,5,0,0,0,0,0,0,0,0,5,5,2172574,13,7096,0,0,0,5,18446744073709550097,18446744073709551030,174,264,2,1,1,13862688173940149393,0,0,5,2674407369768063035,0,1,1,0
PAWN_AUDIT_RESULT,4157,1,1,111,0,0,111,0,0,0,0,0
PAWN_AUDIT_ENTRY,4158,8092580329313245764,4089920921045639021,11322440665240744684,13690058578079334483,723,281,282,267,6,5,1,5,18446744073709550340,18446744073709548874,5,0,0,0,0,0,0,0,0,5,5,2172574,13,7097,0,0,0,5,18446744073709551613,18446744073709551030,18446744073709551030,264,2,1,1,13862688173940149393,0,0,5,2674407369768063035,0,1,1,0
PAWN_AUDIT_RESULT,4158,1,1,17,0,0,17,0,0,0,0,0
PAWN_AUDIT_ENTRY,4159,4089920921045639021,14523961712375545879,11322440665240744684,3841094971652389602,716,281,282,267,6,5,1,6,18446744073709550297,18446744073709548874,5,0,0,0,0,0,0,0,0,5,5,2172574,13,7098,0,0,0,5,18446744073709551613,18446744073709550991,18446744073709551030,264,2,1,1,13862688173940149393,0,0,5,2674407369768063035,0,1,1,0
PAWN_AUDIT_RESULT,4159,1,1,-7,0,0,-7,0,0,0,0,0
PAWN_AUDIT_ENTRY,4160,14523961712375545879,7597136263152527829,11322440665240744684,10599957691041275327,405,281,282,267,6,5,1,8,18446744073709547289,18446744073709551435,5,0,0,0,0,0,0,0,0,5,5,2172574,13,7099,0,0,0,2,18446744073709550193,18446744073709551095,18446744073709551030,264,2,1,1,13862688173940149393,0,0,5,2674407369768063035,0,1,1,0
PAWN_AUDIT_RESULT,4160,1,1,67,0,0,67,0,0,0,0,0
PAWN_AUDIT_ENTRY,4170,1210239800171967661,6801251778815575968,2035106635556557012,17905005978518584599,1951,281,282,221,6,5,2,2,18446744073709549461,18446744073709550278,5,0,0,0,0,0,0,0,0,149,149,18446744073709044059,13,7121,0,0,0,5,18446744073709551613,18446744073709551030,18446744073709550206,32002,18446744073709551613,0,0,13862688173940149393,0,0,5,11818045950013305347,0,1,1,0
PAWN_AUDIT_RESULT,4170,2,2,100,0,0,100,0,0,0,0,0
PAWN_AUDIT_ENTRY,4171,6801251778815575968,2232642941302279734,2035106635556557012,17775507278075354734,1942,281,282,221,6,5,1,3,18446744073709545282,18446744073709550278,5,0,0,0,0,0,0,0,0,149,149,18446744073709044059,13,7122,0,0,0,5,18446744073709549313,18446744073709551030,18446744073709551030,32002,18446744073709551613,0,0,13862688173940149393,0,0,5,11818045950013305347,0,1,1,0
PAWN_AUDIT_RESULT,4171,1,1,189,0,0,189,0,0,0,0,0
PAWN_AUDIT_ENTRY,4172,2232642941302279734,14810469672583609916,2035106635556557012,3877846599624229203,1958,281,282,221,6,5,1,4,18446744073709543922,18446744073709550278,5,0,0,0,0,0,0,0,0,149,149,18446744073709044059,13,7123,0,0,0,5,18446744073709549055,18446744073709551030,18446744073709550288,32002,18446744073709551613,0,0,13862688173940149393,0,0,5,11818045950013305347,0,1,1,0
PAWN_AUDIT_RESULT,4172,1,1,138,0,0,138,0,0,0,0,0
PAWN_AUDIT_ENTRY,4173,14810469672583609916,17395640890430175573,2035106635556557012,14365276387651537542,1943,281,282,221,6,5,1,5,18446744073709542986,18446744073709550278,5,0,0,0,0,0,0,0,0,149,149,18446744073709044059,13,7124,0,0,0,5,18446744073709548269,18446744073709551030,18446744073709551030,32002,18446744073709551613,0,0,13862688173940149393,0,0,5,11818045950013305347,0,1,1,0
PAWN_AUDIT_RESULT,4173,1,1,168,0,0,168,0,0,0,0,0
PAWN_AUDIT_ENTRY,4174,17395640890430175573,13020834253766504050,2035106635556557012,8252966055639060231,1959,281,282,221,6,5,1,6,18446744073709548378,18446744073709547758,5,0,0,0,0,0,0,0,0,149,149,18446744073709044059,13,7125,0,0,0,5,18446744073709550348,160,18446744073709551030,32002,18446744073709551613,0,0,13862688173940149393,0,0,5,11818045950013305347,0,1,1,0
PAWN_AUDIT_RESULT,4174,1,1,163,0,0,163,0,0,0,0,0
PAWN_AUDIT_ENTRY,4175,13020834253766504050,4278787461793921849,2035106635556557012,4909770884902277988,1949,281,282,221,6,5,1,7,18446744073709542768,18446744073709550278,5,0,0,0,0,0,0,0,0,149,149,18446744073709044059,13,7126,0,0,0,5,18446744073709548170,18446744073709551030,18446744073709551030,32002,18446744073709551613,0,0,13862688173940149393,0,0,5,11818045950013305347,0,1,1,0
PAWN_AUDIT_RESULT,4175,1,1,174,0,0,174,0,0,0,0,0
PAWN_AUDIT_ENTRY,4177,6311961262570981626,9854143775901204750,12266077766565928272,3991071894520907768,1923,281,282,281,11,10,7,6,18446744073709544525,18446744073709550278,3,0,0,0,0,1,0,0,0,212,212,18446744073707051429,13,7128,0,0,0,5,18446744073709548969,18446744073709551030,18446744073709551030,215,8,1,1,15612587136633976202,0,0,3,12766112257757339680,0,1,1,0
PAWN_AUDIT_RESULT,4177,7,7,187,0,0,187,0,0,0,0,0
PAWN_AUDIT_ENTRY,4178,9854143775901204750,3961232227386335158,12266077766565928272,4659171445137757162,1942,281,282,281,11,10,7,7,18446744073709544180,18446744073709548743,3,0,0,0,0,1,0,0,0,212,212,18446744073707051429,13,7129,0,0,0,5,18446744073709548812,18446744073709551030,18446744073709551030,215,8,1,1,15612587136633976202,0,0,3,12766112257757339680,0,1,1,0
PAWN_AUDIT_RESULT,4178,7,7,281,0,0,281,0,0,0,0,0
PAWN_AUDIT_ENTRY,4179,3961232227386335158,3502382226424076270,12266077766565928272,17448344179204611808,1949,281,282,281,11,10,6,10,18446744073709541407,18446744073709548874,3,0,0,0,0,1,0,0,0,212,212,18446744073707051429,13,7130,0,0,0,5,18446744073709547551,18446744073709551030,18446744073709551030,215,8,1,1,15612587136633976202,0,0,3,12766112257757339680,0,1,1,0
PAWN_AUDIT_RESULT,4179,6,6,176,0,0,176,0,0,0,0,0
PAWN_AUDIT_ENTRY,4180,3502382226424076270,13508497430178741341,12266077766565928272,16127881078441184094,1932,281,282,281,11,10,7,11,18446744073709546597,18446744073709547424,3,0,0,0,0,1,0,0,0,212,212,18446744073707051429,13,7131,0,0,0,5,18446744073709549911,18446744073709551030,18446744073709551030,215,8,1,1,15612587136633976202,0,0,3,12766112257757339680,0,1,1,0
PAWN_AUDIT_RESULT,4180,7,7,190,0,0,190,0,0,0,0,0
PAWN_AUDIT_ENTRY,4181,13508497430178741341,11765524517747502488,12266077766565928272,8168488268457821954,1943,281,282,281,11,10,6,12,18446744073709541383,18446744073709548043,3,0,0,0,0,1,0,0,0,212,212,18446744073707051429,13,7132,0,0,0,5,18446744073709547540,18446744073709551030,18446744073709551030,215,8,1,1,15612587136633976202,0,0,3,12766112257757339680,0,1,1,0
PAWN_AUDIT_RESULT,4181,6,6,189,0,0,189,0,0,0,0,0
PAWN_AUDIT_ENTRY,4182,11765524517747502488,16381972905149410817,12266077766565928272,8419605937325329808,259,281,282,281,11,10,6,13,18446744073709540589,18446744073709548874,3,0,0,0,0,1,0,0,0,212,212,18446744073707051429,13,7133,0,0,0,6,18446744073709547268,18446744073709551030,18446744073709550847,215,8,1,1,15612587136633976202,0,0,3,12766112257757339680,0,1,1,0
PAWN_AUDIT_RESULT,4182,6,6,129,0,0,129,0,0,0,0,0
PAWN_AUDIT_ENTRY,4183,16381972905149410817,13953274032187678431,12266077766565928272,14163705278068949635,1959,281,282,281,11,10,6,14,18446744073709544987,18446744073709546481,3,0,0,0,0,1,0,0,0,212,212,18446744073707051429,13,7134,0,0,0,5,18446744073709549179,18446744073709551030,18446744073709551030,215,8,1,1,15612587136633976202,0,0,3,12766112257757339680,0,1,1,0
PAWN_AUDIT_RESULT,4183,6,6,187,0,0,187,0,0,0,0,0
PAWN_AUDIT_ENTRY,4184,13953274032187678431,13166279300891909696,12266077766565928272,8076809906765129010,1941,281,282,281,11,10,6,15,18446744073709544624,18446744073709546526,3,0,0,0,0,1,0,0,0,212,212,18446744073707051429,13,7135,0,0,0,5,18446744073709549014,18446744073709551030,18446744073709551030,215,8,1,1,15612587136633976202,0,0,3,12766112257757339680,0,1,1,0
PAWN_AUDIT_RESULT,4184,6,6,190,0,0,190,0,0,0,0,0
PAWN_AUDIT_ENTRY,4185,13166279300891909696,6343055242198194040,12266077766565928272,4041881330965742015,593,281,282,281,11,10,6,16,18446744073709541753,18446744073709548692,3,0,0,0,0,1,0,0,0,212,212,18446744073707051429,13,7136,0,0,0,1,18446744073709546615,18446744073709549372,3375,215,8,1,1,15612587136633976202,0,0,3,12766112257757339680,0,0,1,0
PAWN_AUDIT_RESULT,4185,6,6,281,0,0,281,0,0,0,0,0
PAWN_AUDIT_ENTRY,4194,5411023999463193433,1941269271623602465,5737657886189561150,4929942372598062894,166,281,282,204,7,6,4,2,18446744073709545174,18446744073709548105,3,0,0,0,0,1,0,0,0,215,215,18446744073708534292,13,7157,0,0,0,3,18446744073709549264,18446744073709551030,18446744073709551030,301,10,1,1,15612587136633976202,0,0,3,6103444820835194958,0,1,1,0
PAWN_AUDIT_RESULT,4194,4,4,232,0,0,232,0,0,0,0,0
PAWN_AUDIT_ENTRY,4195,1941269271623602465,13277321583973990019,5737657886189561150,5644866240304027971,926,281,282,232,7,6,3,3,18446744073709540000,18446744073709551291,3,0,0,0,0,1,0,0,0,215,215,18446744073708534292,13,7158,0,0,0,1,18446744073709544713,18446744073709549871,5137,301,10,1,1,15612587136633976202,0,0,3,6103444820835194958,0,0,1,0
PAWN_AUDIT_RESULT,4195,3,3,173,0,0,173,0,0,0,0,0
PAWN_AUDIT_ENTRY,4199,3222363810141915439,17533040535044483743,17941222041957321785,9241216764086103807,725,281,282,281,9,8,5,2,18446744073709547137,8192,3,0,0,0,0,0,0,0,0,243,243,18446744073708788361,13,7167,0,0,0,2,370,18446744073709547371,18446744073709551030,267,4,1,1,15612587136633976202,0,0,3,16424502133339861321,0,1,1,0
PAWN_AUDIT_RESULT,4199,5,5,259,0,0,259,0,3,3,0,0
PAWN_AUDIT_ENTRY,4201,21139085391121834,2852256616131708022,17941222041957321785,6451629688095912133,1501,281,282,281,9,8,3,3,18446744073709551019,399,3,0,0,0,0,0,0,0,0,243,243,18446744073708788361,13,7171,0,0,0,2,2177,18446744073709549592,18446744073709548656,267,4,1,1,15612587136633976202,0,0,3,16424502133339861321,0,1,1,0
PAWN_AUDIT_RESULT,4201,3,3,235,0,0,235,0,0,0,0,0
PAWN_AUDIT_ENTRY,4202,2852256616131708022,21637416287694547,17941222041957321785,12276798426912825170,721,281,282,281,9,8,2,5,18446744073709547870,18446744073709548382,3,0,0,0,0,0,0,0,0,243,243,18446744073708788361,13,7172,0,0,0,2,1986,18446744073709544806,18446744073709551030,267,4,1,1,15612587136633976202,0,0,3,16424502133339861321,0,1,1,0
PAWN_AUDIT_RESULT,4202,2,2,258,0,0,258,0,0,0,0,0
PAWN_AUDIT_ENTRY,4204,2228967065604911738,10737980229983890834,17941222041957321785,3991071894520907768,1478,281,282,281,9,8,2,7,18446744073709545746,18446744073709545826,3,0,0,0,0,0,0,0,0,243,243,18446744073708788361,13,7174,0,0,0,2,18446744073709550194,18446744073709549690,18446744073709551030,267,4,1,1,15612587136633976202,0,0,3,16424502133339861321,0,1,1,0
PAWN_AUDIT_RESULT,4204,2,2,187,0,0,187,0,0,0,0,0
PAWN_AUDIT_ENTRY,4205,10737980229983890834,12027005389842677881,17941222041957321785,17945385331400437828,926,281,282,281,9,8,1,8,18446744073709533768,18446744073709551291,3,0,0,0,0,0,0,0,0,243,243,18446744073708788361,13,7175,0,0,0,1,18446744073709544657,18446744073709549871,18446744073709551030,267,4,1,1,15612587136633976202,0,0,3,16424502133339861321,0,0,1,0
PAWN_AUDIT_RESULT,4205,1,1,167,0,0,167,0,0,0,0,0
PAWN_AUDIT_ENTRY,4209,4745676003839907267,7136640095349339408,15052076095072190206,18233964068842440236,1361,281,282,181,9,8,5,2,18446744073709547219,18446744073709548874,3,0,0,0,0,0,0,0,0,177,177,18446744073707033907,13,7181,0,0,0,5,18446744073709550194,18446744073709551030,18446744073709551030,214,4,1,1,15612587136633976202,0,0,3,14695312367025472398,0,1,1,0
PAWN_AUDIT_RESULT,4209,5,5,163,0,0,163,0,0,0,0,0
PAWN_AUDIT_ENTRY,4210,7136640095349339408,5230979588415657173,15052076095072190206,17448344179204611808,1373,281,282,181,9,8,4,3,18446744073709547219,18446744073709548874,3,0,0,0,0,0,0,0,0,177,177,18446744073707033907,13,7182,0,0,0,5,18446744073709550194,18446744073709551030,18446744073709551030,214,4,1,1,15612587136633976202,0,0,3,14695312367025472398,0,1,1,0
PAWN_AUDIT_RESULT,4210,4,4,176,0,0,176,0,0,0,0,0
PAWN_AUDIT_ENTRY,4211,5230979588415657173,1265397124371293411,15052076095072190206,4659171445137757162,1366,281,282,181,9,8,4,4,18446744073709546861,18446744073709548743,3,0,0,0,0,0,0,0,0,177,177,18446744073707033907,13,7183,0,0,0,5,18446744073709550031,18446744073709551030,18446744073709551030,214,4,1,1,15612587136633976202,0,0,3,14695312367025472398,0,1,1,0
PAWN_AUDIT_RESULT,4211,4,4,209,0,0,209,0,0,0,0,0
PAWN_AUDIT_ENTRY,4212,1265397124371293411,18341895638332842074,15052076095072190206,13846235322516144324,1362,281,282,209,9,8,4,5,18446744073709546637,18446744073709548616,3,0,0,0,0,0,0,0,0,177,177,18446744073707033907,13,7184,0,0,0,5,18446744073709549929,18446744073709551030,18446744073709551030,214,4,1,1,15612587136633976202,0,0,3,14695312367025472398,0,1,1,0
PAWN_AUDIT_RESULT,4212,4,4,184,0,0,184,0,0,0,0,0
PAWN_AUDIT_ENTRY,4213,18341895638332842074,4962754360821531298,15052076095072190206,8168488268457821954,1367,281,282,209,9,8,3,6,18446744073709546036,18446744073709548043,3,0,0,0,0,0,0,0,0,177,177,18446744073707033907,13,7185,0,0,0,5,18446744073709549656,18446744073709551030,18446744073709551030,214,4,1,1,15612587136633976202,0,0,3,14695312367025472398,0,1,1,0
PAWN_AUDIT_RESULT,4213,3,3,189,0,0,189,0,0,0,0,0
PAWN_AUDIT_ENTRY,4214,4962754360821531298,11148554530916128360,15052076095072190206,9385574233127382421,721,281,282,209,9,8,3,9,18446744073709547870,18446744073709548382,3,0,0,0,0,0,0,0,0,177,177,18446744073707033907,13,7186,0,0,0,2,1986,18446744073709544806,18446744073709551030,214,4,1,1,15612587136633976202,0,0,3,14695312367025472398,0,1,1,0
PAWN_AUDIT_RESULT,4214,3,3,259,0,0,259,0,0,0,0,0
PAWN_AUDIT_ENTRY,4215,11148554530916128360,592648662206436242,15052076095072190206,17751104475829230282,1364,281,282,259,9,8,3,10,18446744073709545365,18446744073709548048,3,0,0,0,0,0,0,0,0,177,177,18446744073707033907,13,7187,0,0,0,5,18446744073709549351,18446744073709551030,18446744073709551030,214,4,1,1,15612587136633976202,0,0,3,14695312367025472398,0,1,1,0
PAWN_AUDIT_RESULT,4215,3,3,184,0,0,184,0,0,0,0,0
PAWN_AUDIT_ENTRY,4216,592648662206436242,7540712819867638341,15052076095072190206,16127881078441184094,1356,281,282,259,9,8,3,11,18446744073709548042,18446744073709547424,3,0,0,0,0,0,0,0,0,177,177,18446744073707033907,13,7188,0,0,0,5,18446744073709550568,18446744073709551030,18446744073709551030,214,4,1,1,15612587136633976202,0,0,3,14695312367025472398,0,1,1,0
PAWN_AUDIT_RESULT,4216,3,3,190,0,0,190,0,0,0,0,0
PAWN_AUDIT_ENTRY,4218,13980844747980053738,12187998445622028401,15052076095072190206,6296923281663422959,1363,281,282,259,9,8,3,13,18446744073709548864,18446744073709545613,3,0,0,0,0,0,0,0,0,177,177,18446744073707033907,13,7190,0,0,0,5,18446744073709550942,18446744073709551030,18446744073709551030,214,4,1,1,15612587136633976202,0,0,3,14695312367025472398,0,1,1,0
PAWN_AUDIT_RESULT,4218,3,3,201,0,0,201,0,0,0,0,0
PAWN_AUDIT_ENTRY,4219,12187998445622028401,1968751431525019290,15052076095072190206,14163705278068949635,1383,281,282,259,9,8,3,14,18446744073709547921,18446744073709546481,3,0,0,0,0,0,0,0,0,177,177,18446744073707033907,13,7191,0,0,0,5,18446744073709550513,18446744073709551030,18446744073709551030,214,4,1,1,15612587136633976202,0,0,3,14695312367025472398,0,1,1,0
PAWN_AUDIT_RESULT,4219,3,3,187,0,0,187,0,0,0,0,0
PAWN_AUDIT_ENTRY,4226,17146606340768199193,7394827900563867654,14406062301462902421,6418369495642064480,3559,18446744073709551334,18446744073709551335,18446744073709551334,6,5,1,4,18446744073709547379,18446744073709550278,4,0,1,0,0,0,0,0,0,18446744073709551474,18446744073709551474,11205628,13,7205,0,0,0,9,18446744073709546213,5693,1297,32002,18446744073709551614,0,1,15740757415480347712,1,0,4,10758932566064457214,0,0,1,0
PAWN_AUDIT_RESULT,4226,1,1,-307,0,0,-307,0,0,0,0,0
PAWN_AUDIT_ENTRY,4227,7394827900563867654,15932781519402645638,14406062301462902421,5500186927602967369,3826,18446744073709551334,18446744073709551335,18446744073709551334,6,5,1,6,18446744073709539736,18446744073709550278,4,0,1,0,0,0,0,0,0,18446744073709551474,18446744073709551474,11205628,13,7206,0,0,0,13,18446744073709547285,18446744073709550449,18446744073709550611,32002,18446744073709551614,0,1,15740757415480347712,1,0,4,10758932566064457214,0,2,1,0
PAWN_AUDIT_RESULT,4227,1,1,-315,0,0,-315,0,1,1,0,0
PAWN_AUDIT_ENTRY,4228,15932781519402645638,17520008219351625732,14406062301462902421,9574313685775296554,3494,18446744073709551334,18446744073709551335,18446744073709551334,6,5,1,7,18446744073709534089,18446744073709550278,4,0,1,0,0,0,0,0,0,18446744073709551474,18446744073709551474,11205628,13,7208,0,0,0,9,18446744073709544435,18446744073709551030,18446744073709550594,32002,18446744073709551614,0,1,15740757415480347712,1,0,4,10758932566064457214,0,0,1,0
PAWN_AUDIT_RESULT,4228,1,1,-429,0,0,-429,0,0,0,0,0
PAWN_AUDIT_ENTRY,4229,17520008219351625732,10217871884857453971,14406062301462902421,10675119806946242361,3112,18446744073709551334,18446744073709551335,18446744073709551334,6,5,1,8,18446744073709532460,18446744073709550278,4,0,1,0,0,0,0,0,0,18446744073709551474,18446744073709551474,11205628,13,7209,0,0,0,9,18446744073709544511,18446744073709550213,18446744073709549753,32002,18446744073709551614,0,1,15740757415480347712,1,0,4,10758932566064457214,0,0,1,0
PAWN_AUDIT_RESULT,4229,1,1,-362,0,0,-362,0,0,0,0,0
PAWN_AUDIT_ENTRY,4230,10217871884857453971,2463693355821452288,14406062301462902421,3529445881158982829,4015,18446744073709551334,18446744073709551335,18446744073709551334,6,5,1,10,18446744073709533669,18446744073709550278,4,0,1,0,0,0,0,0,0,18446744073709551474,18446744073709551474,11205628,13,7210,0,0,0,10,18446744073709544457,18446744073709550890,18446744073709550300,32002,18446744073709551614,0,1,15740757415480347712,1,0,4,10758932566064457214,0,2,1,0
PAWN_AUDIT_RESULT,4230,1,1,-301,0,0,-301,0,0,0,0,0
PAWN_AUDIT_ENTRY,4231,2463693355821452288,17891225175994137133,14406062301462902421,7959768751950177946,3437,18446744073709551334,18446744073709551335,18446744073709551334,6,5,1,11,18446744073709534929,18446744073709550278,4,0,1,0,0,0,0,0,0,18446744073709551474,18446744073709551474,11205628,13,7211,0,0,0,9,18446744073709545307,18446744073709550531,18446744073709550099,32002,18446744073709551614,0,1,15740757415480347712,1,0,4,10758932566064457214,0,0,1,0
PAWN_AUDIT_RESULT,4231,1,1,-371,0,0,-371,0,0,0,0,0
PAWN_AUDIT_ENTRY,4232,17891225175994137133,13788245230931922684,14406062301462902421,289139938196229754,3502,18446744073709551334,18446744073709551335,18446744073709551334,6,5,1,12,18446744073709534212,18446744073709550278,4,0,1,0,0,0,0,0,0,18446744073709551474,18446744073709551474,11205628,13,7212,0,0,0,9,18446744073709544433,18446744073709551030,18446744073709550714,32002,18446744073709551614,0,1,15740757415480347712,1,0,4,10758932566064457214,0,0,1,0
PAWN_AUDIT_RESULT,4232,1,1,-356,0,0,-356,0,0,0,0,0
PAWN_AUDIT_ENTRY,4233,13788245230931922684,7538246311980516922,14406062301462902421,6990524735333005392,3761,18446744073709551334,18446744073709551335,18446744073709551334,6,5,1,13,18446744073709532923,18446744073709550278,4,0,1,0,0,0,0,0,0,18446744073709551474,18446744073709551474,11205628,13,7213,0,0,0,11,18446744073709544576,18446744073709550302,18446744073709549961,32002,18446744073709551614,0,1,15740757415480347712,1,0,4,10758932566064457214,0,2,1,0
PAWN_AUDIT_RESULT,4233,1,1,-312,0,0,-312,0,0,0,0,0
PAWN_AUDIT_ENTRY,4234,7538246311980516922,14757984672008616313,14406062301462902421,16156727130846731617,3763,18446744073709551334,18446744073709551335,18446744073709551334,6,5,1,14,18446744073709534020,18446744073709550278,4,0,1,0,0,0,0,0,0,18446744073709551474,18446744073709551474,11205628,13,7214,0,0,0,11,18446744073709544455,18446744073709551030,18446744073709550488,32002,18446744073709551614,0,1,15740757415480347712,1,0,4,10758932566064457214,0,2,1,0
PAWN_AUDIT_RESULT,4234,1,1,-332,0,0,-332,0,0,0,0,0
PAWN_AUDIT_ENTRY,4235,14757984672008616313,12462448340360229097,14406062301462902421,14781288518441813172,3929,18446744073709551334,18446744073709551335,18446744073709551334,6,5,1,16,18446744073709527124,18446744073709550278,4,0,1,0,0,0,0,0,1,18446744073709551474,18446744073709551474,11205628,13,7215,0,0,0,11,18446744073709544445,18446744073709546936,18446744073709548266,32002,18446744073709551614,0,1,15740757415480347712,1,0,4,10758932566064457214,0,2,1,0
PAWN_AUDIT_RESULT,4235,1,1,-345,0,0,-345,0,4,4,0,0
PAWN_AUDIT_ENTRY,4236,12462448340360229097,18045443914036349215,14406062301462902421,9115146739650700481,3956,18446744073709551334,18446744073709551335,18446744073709551334,6,5,1,19,18446744073709534412,18446744073709550278,4,0,1,0,0,0,0,0,0,18446744073709551474,18446744073709551474,11205628,13,7220,0,0,0,11,18446744073709544606,18446744073709551030,18446744073709550545,32002,18446744073709551614,0,1,15740757415480347712,1,0,4,10758932566064457214,0,2,1,0
PAWN_AUDIT_RESULT,4236,1,1,-305,0,0,-305,0,0,0,0,0
PAWN_AUDIT_ENTRY,4237,18045443914036349215,16142936229821274486,14406062301462902421,10224351310292696541,3641,18446744073709551334,18446744073709551335,18446744073709551334,6,5,1,20,18446744073709535076,18446744073709550278,4,0,1,0,0,0,0,0,0,18446744073709551474,18446744073709551474,11205628,13,7221,0,0,0,12,18446744073709544843,18446744073709551030,18446744073709550678,32002,18446744073709551614,0,1,15740757415480347712,1,0,4,10758932566064457214,0,2,1,0
PAWN_AUDIT_RESULT,4237,1,1,-282,0,0,-282,0,0,0,0,0
PAWN_AUDIT_ENTRY,4238,16142936229821274486,14195740773471521388,14406062301462902421,42612875159158264,3807,18446744073709551334,18446744073709551335,18446744073709551334,6,5,1,21,18446744073709534108,18446744073709550278,4,0,1,0,0,0,0,0,0,18446744073709551474,18446744073709551474,11205628,13,7222,0,0,0,13,18446744073709544444,18446744073709551030,18446744073709550594,32002,18446744073709551614,0,1,15740757415480347712,1,0,4,10758932566064457214,0,2,1,0
PAWN_AUDIT_RESULT,4238,1,1,-336,0,0,-336,0,0,0,0,0
PAWN_AUDIT_ENTRY,4239,14195740773471521388,2926269105540630617,14406062301462902421,13075530676837594340,3567,18446744073709551334,18446744073709551335,18446744073709551334,6,5,1,23,18446744073709533368,18446744073709550278,4,0,1,0,0,0,0,0,0,18446744073709551474,18446744073709551474,11205628,13,7223,0,0,0,9,18446744073709544616,18446744073709550383,18446744073709550212,32002,18446744073709551614,0,1,15740757415480347712,1,0,4,10758932566064457214,0,0,1,0
PAWN_AUDIT_RESULT,4239,1,1,-301,0,0,-301,0,0,0,0,0
PAWN_AUDIT_ENTRY,4240,2926269105540630617,6175177518276730515,14406062301462902421,4360844975568308492,3429,18446744073709551334,18446744073709551335,18446744073709551334,6,5,1,26,18446744073709533124,18446744073709550278,4,0,1,0,0,0,0,0,0,18446744073709551474,18446744073709551474,11205628,13,7224,0,0,0,9,18446744073709544433,18446744073709550455,18446744073709550287,32002,18446744073709551614,0,1,15740757415480347712,1,0,4,10758932566064457214,0,0,1,0
PAWN_AUDIT_RESULT,4240,1,1,-390,0,0,-390,0,0,0,0,0
PAWN_AUDIT_ENTRY,4241,6175177518276730515,9440305443173288375,14406062301462902421,8289247579937342011,3827,18446744073709551334,18446744073709551335,18446744073709551334,6,5,1,27,18446744073709534131,18446744073709550278,4,0,1,0,0,0,0,0,0,18446744073709551474,18446744073709551474,11205628,13,7225,0,0,0,13,18446744073709544433,18446744073709551030,18446744073709550638,32002,18446744073709551614,0,1,15740757415480347712,1,0,4,10758932566064457214,0,2,1,0
PAWN_AUDIT_RESULT,4241,1,1,-336,0,0,-336,0,0,0,0,0
PAWN_AUDIT_ENTRY,4242,9440305443173288375,10391508541748791915,14406062301462902421,13504679561446173113,3828,18446744073709551334,18446744073709551335,18446744073709551334,6,5,1,28,18446744073709533431,18446744073709550278,4,0,1,0,0,0,0,0,0,18446744073709551474,18446744073709551474,11205628,13,7226,0,0,0,13,18446744073709544455,18446744073709550875,18446744073709550096,32002,18446744073709551614,0,1,15740757415480347712,1,0,4,10758932566064457214,0,2,1,0
PAWN_AUDIT_RESULT,4242,1,1,-383,0,0,-383,0,0,0,0,0
PAWN_AUDIT_ENTRY,4243,10391508541748791915,14292242011504878178,14406062301462902421,13995000740349949010,3891,18446744073709551334,18446744073709551335,18446744073709551334,6,5,1,29,18446744073709533974,18446744073709550278,4,0,1,0,0,0,0,0,0,18446744073709551474,18446744073709551474,11205628,13,7227,0,0,0,14,18446744073709544433,18446744073709551030,18446744073709550491,32002,18446744073709551614,0,1,15740757415480347712,1,0,4,10758932566064457214,0,2,1,0
PAWN_AUDIT_RESULT,4243,1,1,-433,0,0,-433,0,0,0,0,0
PAWN_AUDIT_ENTRY,4244,14292242011504878178,3040103781852464970,14406062301462902421,17907309835679677742,3892,18446744073709551334,18446744073709551335,18446744073709551334,6,5,1,30,18446744073709533916,18446744073709550278,4,0,1,0,0,0,0,0,0,18446744073709551474,18446744073709551474,11205628,13,7228,0,0,0,14,18446744073709544436,18446744073709551030,18446744073709550430,32002,18446744073709551614,0,1,15740757415480347712,1,0,4,10758932566064457214,0,2,1,0
PAWN_AUDIT_RESULT,4244,1,1,-475,0,0,-475,0,0,0,0,0
PAWN_AUDIT_ENTRY,4246,1459472384681099604,13584616560462062203,10258324615134648462,5647398042686281195,4020,18446744073709551334,18446744073709551335,18446744073709551334,9,8,1,3,18446744073709547180,18446744073709550278,2,0,1,0,0,0,0,2592,0,18446744073709551447,18446744073709551447,8411253,13,7231,0,0,0,10,18446744073709550510,18446744073709551202,18446744073709550165,18446744073709551361,5,2,1,7031469308759730940,0,0,2,3202245661494786696,0,1,1,0
PAWN_AUDIT_ENTRY,4254,13518383433962563782,8829107479070915484,2088654164404831872,9368155452012557941,3559,18446744073709551334,18446744073709551335,18446744073709551332,6,5,1,4,18446744073709543820,18446744073709550278,4,0,1,0,0,0,0,0,0,18446744073709551394,18446744073709551394,8986041,13,7251,0,0,0,9,18446744073709545861,5693,18446744073709550304,32002,18446744073709551614,2,1,7031469308759730940,2,0,4,5647398042686281195,0,0,1,0
PAWN_AUDIT_RESULT,4254,1,1,-325,0,0,-325,0,0,0,0,0
PAWN_AUDIT_ENTRY,4255,8829107479070915484,12108077512402178468,2088654164404831872,10161608481529301199,3374,18446744073709551334,18446744073709551335,18446744073709551332,6,5,1,5,18446744073709540414,18446744073709550278,4,0,1,0,0,0,0,0,0,18446744073709551394,18446744073709551394,8986041,13,7252,0,0,0,10,18446744073709548276,18446744073709549901,18446744073709549769,32002,18446744073709551614,2,1,7031469308759730940,2,0,4,5647398042686281195,0,3,1,0
PAWN_AUDIT_RESULT,4255,1,1,-282,0,0,-282,0,1,1,0,0
PAWN_AUDIT_ENTRY,4256,12108077512402178468,7560322739730671517,2088654164404831872,13071197857666864783,3437,18446744073709551334,18446744073709551335,18446744073709551334,6,5,1,7,18446744073709540799,18446744073709550278,4,0,1,0,0,0,0,0,0,18446744073709551394,18446744073709551394,8986041,13,7254,0,0,0,9,18446744073709545134,18446744073709550531,4339,32002,18446744073709551614,2,1,7031469308759730940,2,0,4,5647398042686281195,0,0,1,0
PAWN_AUDIT_RESULT,4256,1,1,-345,0,0,-345,0,0,0,0,0
PAWN_AUDIT_ENTRY,4257,7560322739730671517,5942525427237688936,2088654164404831872,15924471678416964581,3390,18446744073709551334,18446744073709551335,18446744073709551334,6,5,1,8,18446744073709535817,18446744073709550278,4,0,1,0,0,0,0,0,0,18446744073709551394,18446744073709551394,8986041,13,7255,0,0,0,10,18446744073709545241,18446744073709551030,18446744073709550553,32002,18446744073709551614,2,1,7031469308759730940,2,0,4,5647398042686281195,0,3,1,0
PAWN_AUDIT_RESULT,4257,1,1,-351,0,0,-351,0,0,0,0,0
PAWN_AUDIT_ENTRY,4258,5942525427237688936,10974825698204762891,2088654164404831872,3885348057341224156,4094,18446744073709551334,18446744073709551335,18446744073709551334,6,5,1,9,18446744073709534677,18446744073709550278,4,0,1,0,0,0,0,0,0,18446744073709551394,18446744073709551394,8986041,13,7256,0,0,0,12,18446744073709544699,18446744073709551030,18446744073709550601,32002,18446744073709551614,2,1,7031469308759730940,2,0,4,5647398042686281195,0,3,1,0
PAWN_AUDIT_RESULT,4258,1,1,-372,0,0,-372,0,0,0,0,0
PAWN_AUDIT_ENTRY,4259,10974825698204762891,8662527459640972993,2088654164404831872,10899951818980168540,3826,18446744073709551334,18446744073709551335,18446744073709551334,6,5,1,10,18446744073709539212,18446744073709550278,4,0,1,0,0,0,0,0,0,18446744073709551394,18446744073709551394,8986041,13,7257,0,0,0,13,18446744073709546953,18446744073709550449,18446744073709550804,32002,18446744073709551614,2,1,7031469308759730940,2,0,4,5647398042686281195,0,3,1,0
PAWN_AUDIT_RESULT,4259,1,1,-299,0,0,-299,0,0,0,0,0
PAWN_AUDIT_RESULT,4246,1,1,-255,1,8,-282,0,2,26,0,0
PAWN_AUDIT_ENTRY,4260,8662527459640972993,3001276715689029507,10258324615134648462,9709489555007794621,3814,18446744073709551334,18446744073709551335,18446744073709551334,9,8,1,4,18446744073709543780,18446744073709550278,2,0,1,0,0,0,0,2592,0,18446744073709551447,18446744073709551447,8411253,13,7258,0,0,0,13,18446744073709547737,18446744073709551030,1254,18446744073709551361,5,2,1,7031469308759730940,0,0,2,3202245661494786696,0,1,1,0
PAWN_AUDIT_RESULT,4260,1,1,-324,0,0,-324,0,0,0,0,0
PAWN_AUDIT_ENTRY,4261,3001276715689029507,11995944967353105757,10258324615134648462,14837827943110852853,3808,18446744073709551334,18446744073709551335,18446744073709551334,9,8,1,5,18446744073709540724,18446744073709550278,2,0,1,0,0,0,0,2592,0,18446744073709551447,18446744073709551447,8411253,13,7259,0,0,0,13,18446744073709547784,18446744073709551030,18446744073709549910,18446744073709551361,5,2,1,7031469308759730940,0,0,2,3202245661494786696,0,1,1,0
PAWN_AUDIT_RESULT,4261,1,1,-301,0,0,-301,0,0,0,0,0
PAWN_AUDIT_ENTRY,4262,11995944967353105757,17523687479905130588,10258324615134648462,7840026756395513860,2722,18446744073709551334,18446744073709551335,18446744073709551334,9,8,1,6,18446744073709543749,18446744073709550278,2,0,1,0,0,0,0,2592,0,18446744073709551447,18446744073709551447,8411253,13,7260,0,0,0,9,18446744073709551441,18446744073709551030,18446744073709545209,18446744073709551361,5,2,1,7031469308759730940,0,0,2,3202245661494786696,0,0,1,0
PAWN_AUDIT_ENTRY,4270,12247532761862785087,18305729140038160059,7840026756395513860,17937121060935000402,396,281,282,262,8,7,3,3,18446744073709546465,18446744073709550278,3,0,0,0,0,0,0,0,0,149,149,2341891,13,7287,0,0,0,2,18446744073709549851,18446744073709551030,18446744073709551030,243,2,1,1,2589659504172405178,0,0,3,10258324615134648462,0,1,1,0
PAWN_AUDIT_RESULT,4270,3,3,220,0,0,220,0,0,0,0,0
PAWN_AUDIT_ENTRY,4271,18305729140038160059,2810246517195938036,7840026756395513860,4911120176092748826,1568,281,282,262,8,7,3,4,18446744073709546738,18446744073709550278,3,0,0,0,0,0,0,0,0,149,149,2341891,13,7288,0,0,0,1,18446744073709549975,18446744073709551030,18446744073709551030,243,2,1,1,2589659504172405178,0,0,3,10258324615134648462,0,0,1,0
PAWN_AUDIT_RESULT,4271,3,3,182,0,0,182,0,0,0,0,0
PAWN_AUDIT_ENTRY,4272,2810246517195938036,8351280620636752072,7840026756395513860,16967270283321313680,16,281,282,262,8,7,3,5,18446744073709549155,18446744073709550278,3,0,0,0,0,0,0,0,0,149,149,2341891,13,7289,0,0,0,4,18446744073709551074,18446744073709551030,18446744073709551030,243,2,1,1,2589659504172405178,0,0,3,10258324615134648462,0,1,1,0
PAWN_AUDIT_RESULT,4272,3,3,198,0,0,198,0,0,0,0,0
PAWN_AUDIT_ENTRY,4273,8351280620636752072,2313099400380827428,7840026756395513860,8156353589940622439,8,281,282,262,8,7,2,6,18446744073709545181,18446744073709550278,3,0,0,0,0,0,0,0,0,149,149,2341891,13,7290,0,0,0,4,18446744073709549267,18446744073709551030,18446744073709551030,243,2,1,1,2589659504172405178,0,0,3,10258324615134648462,0,1,1,0
PAWN_AUDIT_RESULT,4273,2,2,162,0,0,162,0,0,0,0,0
PAWN_AUDIT_ENTRY,4274,2313099400380827428,17991730739526982708,7840026756395513860,1445159632056736450,725,281,282,262,8,7,3,7,18446744073709549509,18446744073709550278,3,0,0,0,0,0,0,0,0,149,149,2341891,13,7291,0,0,0,2,185,18446744073709551075,18446744073709549818,243,2,1,1,2589659504172405178,0,0,3,10258324615134648462,0,1,1,0
PAWN_AUDIT_RESULT,4274,3,3,204,0,0,204,0,0,0,0,0
PAWN_AUDIT_ENTRY,4275,17991730739526982708,1836822792092884211,7840026756395513860,17408559668062544556,222,281,282,262,8,7,2,8,18446744073709541389,18446744073709550278,3,0,0,0,0,0,0,0,0,149,149,2341891,13,7292,0,0,0,5,18446744073709547264,18446744073709551588,18446744073709551030,243,2,1,1,2589659504172405178,0,0,3,10258324615134648462,0,1,1,0
PAWN_AUDIT_RESULT,4275,2,2,179,0,0,179,0,0,0,0,0
PAWN_AUDIT_ENTRY,4276,1836822792092884211,17559660059524772124,7840026756395513860,7131063376149534551,405,281,282,262,8,7,1,17,18446744073709543063,18446744073709550006,3,0,0,0,0,0,0,0,0,149,149,2341891,13,7293,0,0,0,2,18446744073709548870,18446744073709551075,18446744073709549818,243,2,1,1,2589659504172405178,0,0,3,10258324615134648462,0,1,1,0
PAWN_AUDIT_RESULT,4276,1,1,207,0,0,207,0,0,0,0,0
PAWN_AUDIT_RESULT,4262,1,1,-243,1,8,-262,0,2,33,1,1
PAWN_AUDIT_ENTRY,4283,76181736203651535,4215398663485365645,2182412224438332915,1185153459631817376,405,281,282,238,8,7,3,2,18446744073709539042,8192,3,0,0,0,0,0,0,0,0,187,206,1292661,13,7306,0,0,0,2,18446744073709548774,18446744073709546433,18446744073709551030,187,4,1,1,15612587136633976202,0,0,3,385892926645178499,0,1,1,0
PAWN_AUDIT_RESULT,4283,3,3,242,0,0,242,0,0,0,0,0
PAWN_AUDIT_ENTRY,4284,4215398663485365645,10594161683143803019,2182412224438332915,13650900456925246975,340,281,282,242,8,7,3,3,18446744073709545154,18446744073709548848,3,0,0,0,0,0,0,0,0,187,206,1292661,13,7307,0,0,0,2,18446744073709549255,18446744073709551030,18446744073709551030,187,4,1,1,15612587136633976202,0,0,3,385892926645178499,0,1,1,0
PAWN_AUDIT_RESULT,4284,3,3,208,0,0,208,0,0,0,0,0
PAWN_AUDIT_ENTRY,4285,10594161683143803019,11947898918100042034,2182412224438332915,526489300119171072,342,281,282,242,8,7,2,5,18446744073709544267,18446744073709549022,3,0,0,0,0,0,0,0,0,187,206,1292661,13,7308,0,0,0,2,270,18446744073709544961,18446744073709551030,187,4,1,1,15612587136633976202,0,0,3,385892926645178499,0,1,1,0
PAWN_AUDIT_RESULT,4285,2,2,239,0,0,239,0,0,0,0,0
PAWN_AUDIT_ENTRY,4286,11947898918100042034,11033509564356862545,2182412224438332915,3991071894520907768,331,281,282,242,8,7,2,6,18446744073709543861,18446744073709547113,3,0,0,0,0,0,0,0,0,187,206,1292661,13,7309,0,0,0,2,18446744073709548667,18446744073709551030,18446744073709551030,187,4,1,1,15612587136633976202,0,0,3,385892926645178499,0,1,1,0
PAWN_AUDIT_RESULT,4286,2,2,194,0,0,194,0,0,0,0,0
PAWN_AUDIT_ENTRY,4287,11033509564356862545,3190573591890409139,2182412224438332915,9445036164463572827,222,281,282,242,8,7,3,7,18446744073709549326,18446744073709545234,3,0,0,0,0,0,0,0,0,187,206,1292661,13,7310,0,0,0,5,18446744073709546403,8912,18446744073709551030,187,4,1,1,15612587136633976202,0,0,3,385892926645178499,0,1,1,0
PAWN_AUDIT_RESULT,4287,3,3,195,0,0,195,0,0,0,0,0
PAWN_AUDIT_ENTRY,4291,5490500617440465546,8128008297916230169,12359280484361226841,3953599847181357297,222,281,282,248,8,7,4,2,18446744073709548629,18446744073709549668,3,0,0,0,0,0,0,0,0,188,260,1752686,13,7320,0,0,0,5,18446744073709546086,8912,18446744073709551030,188,4,1,1,16481471821266215911,0,0,3,12724771036736567081,0,1,1,0
PAWN_AUDIT_RESULT,4291,4,4,231,0,0,231,0,0,0,0,0
PAWN_AUDIT_ENTRY,4292,8128008297916230169,13300338787146941190,12359280484361226841,4586025909650363151,396,281,282,248,8,7,2,3,18446744073709536467,18446744073709550278,3,0,0,0,0,0,0,0,0,188,260,1752686,13,7321,0,0,0,2,18446744073709549847,18446744073709541946,18446744073709551030,188,4,1,1,16481471821266215911,0,0,3,12724771036736567081,0,1,1,0
PAWN_AUDIT_RESULT,4292,2,2,268,0,0,268,0,0,0,0,0
PAWN_AUDIT_ENTRY,4293,13300338787146941190,5241126215953975073,12359280484361226841,5412267096480412894,1503,281,282,268,8,7,3,4,18446744073709544540,18446744073709550278,3,0,0,0,0,0,0,0,0,188,260,1752686,13,7322,0,0,0,1,18446744073709549530,18446744073709549921,18446744073709551030,188,4,1,1,16481471821266215911,0,0,3,12724771036736567081,0,0,1,0
PAWN_AUDIT_RESULT,4293,3,3,223,0,0,223,0,0,0,0,0
PAWN_AUDIT_ENTRY,4294,5241126215953975073,9874172970154626880,12359280484361226841,12601699287040100626,463,281,282,268,8,7,2,5,18446744073709538761,18446744073709548874,3,0,0,0,0,0,0,0,0,188,260,1752686,13,7323,0,0,0,4,18446744073709546348,18446744073709551030,18446744073709551030,188,4,1,1,16481471821266215911,0,0,3,12724771036736567081,0,1,1,0
PAWN_AUDIT_RESULT,4294,2,2,148,0,0,148,0,0,0,0,0
PAWN_AUDIT_ENTRY,4295,9874172970154626880,17841646260570035711,12359280484361226841,15224312793420146847,725,281,282,268,8,7,2,6,18446744073709544031,18446744073709551427,3,0,0,0,0,0,0,0,0,188,260,1752686,13,7324,0,0,0,2,18446744073709551519,18446744073709546433,18446744073709550049,188,4,1,1,16481471821266215911,0,0,3,12724771036736567081,0,1,1,0
PAWN_AUDIT_RESULT,4295,2,2,228,0,0,228,0,0,0,0,0
PAWN_AUDIT_ENTRY,4296,17841646260570035711,3874183779885039234,12359280484361226841,5477619414077485919,213,281,282,268,8,7,1,7,18446744073709537708,18446744073709549342,3,0,0,0,0,0,0,0,0,188,260,1752686,13,7325,0,0,0,5,18446744073709545869,18446744073709551030,18446744073709551030,188,4,1,1,16481471821266215911,0,0,3,12724771036736567081,0,1,1,0
PAWN_AUDIT_RESULT,4296,1,1,214,0,0,214,0,0,0,0,0
PAWN_AUDIT_ENTRY,4297,3874183779885039234,2073760952020847226,12359280484361226841,11943267547856971018,405,281,282,268,8,7,1,14,18446744073709538905,18446744073709550588,3,0,0,0,0,0,0,0,0,188,260,1752686,13,7326,0,0,0,2,18446744073709549188,18446744073709546433,18446744073709550049,188,4,1,1,16481471821266215911,0,0,3,12724771036736567081,0,1,1,0
PAWN_AUDIT_RESULT,4297,1,1,243,0,0,243,0,0,0,0,0
PAWN_AUDIT_ENTRY,4300,8135241543209287927,7920889082375515599,16450917862907163416,8725610623955233200,222,281,282,236,8,7,4,2,18446744073709548295,18446744073709550278,3,0,0,0,0,0,0,0,0,227,227,1824992,13,7335,0,0,0,5,18446744073709545934,8912,18446744073709551030,243,4,1,1,12353490259275651750,0,0,3,18401406167653666408,0,1,1,0
PAWN_AUDIT_RESULT,4300,4,4,215,0,0,215,0,0,0,0,0
PAWN_AUDIT_ENTRY,4301,7920889082375515599,13082811634196902908,16450917862907163416,3871486607275933234,1048,281,282,236,8,7,3,3,18446744073709544446,18446744073709550278,3,0,0,0,0,0,0,0,0,227,227,1824992,13,7336,0,0,0,1,18446744073709549609,18446744073709549678,18446744073709551030,243,4,1,1,12353490259275651750,0,0,3,18401406167653666408,0,0,1,0
PAWN_AUDIT_RESULT,4301,3,3,202,0,0,202,0,0,0,0,0
PAWN_AUDIT_ENTRY,4302,13082811634196902908,7970411546402573170,16450917862907163416,17992170823046274939,8,281,282,236,8,7,3,4,18446744073709543080,18446744073709549135,3,0,0,0,0,0,0,0,0,227,227,1824992,13,7337,0,0,0,4,18446744073709548312,18446744073709551030,18446744073709551030,243,4,1,1,12353490259275651750,0,0,3,18401406167653666408,0,1,1,0
PAWN_AUDIT_RESULT,4302,3,3,192,0,0,192,0,0,0,0,0
PAWN_AUDIT_ENTRY,4303,7970411546402573170,10569219028873864967,16450917862907163416,11280960086938178014,725,281,282,272,8,7,2,11,18446744073709543502,18446744073709550598,3,0,0,0,0,0,0,0,0,227,227,1824992,13,7338,0,0,0,2,18446744073709550802,18446744073709546433,18446744073709551030,243,4,1,1,12353490259275651750,0,0,3,18401406167653666408,0,1,1,0
PAWN_AUDIT_RESULT,4303,2,2,221,0,0,221,0,0,0,0,0
PAWN_AUDIT_ENTRY,4310,12572129381139583548,15008287287075024823,15758971676091082972,8043805806238816042,1763,281,282,253,6,5,3,2,18446744073709550340,18446744073709550278,3,0,0,0,0,0,0,0,0,222,249,2096583,13,7351,0,0,1,1,18446744073709551613,18446744073709551030,18446744073709551030,222,3,1,1,10776571215242051938,0,0,3,14516125592014539964,0,0,1,0
PAWN_AUDIT_RESULT,4310,3,3,84,0,0,84,0,0,0,0,0
PAWN_AUDIT_ENTRY,4311,15008287287075024823,13884701524560014599,15758971676091082972,5588775149887158857,216,281,282,253,6,5,2,3,18446744073709549474,18446744073709550398,3,0,0,0,0,0,0,0,0,222,249,2096583,13,7352,0,0,1,5,18446744073709551219,18446744073709551030,18446744073709551030,222,3,1,1,10776571215242051938,0,0,3,14516125592014539964,0,1,1,0
PAWN_AUDIT_RESULT,4311,2,2,244,0,0,244,0,0,0,0,0
PAWN_AUDIT_ENTRY,4312,13884701524560014599,15340305404641200603,15758971676091082972,5661930062198321546,396,281,282,253,6,5,1,4,18446744073709546456,18446744073709550278,3,0,0,0,0,0,0,0,0,222,249,2096583,13,7353,0,0,1,2,18446744073709549847,18446744073709551030,18446744073709551030,222,3,1,1,10776571215242051938,0,0,3,14516125592014539964,0,1,1,0
PAWN_AUDIT_RESULT,4312,1,1,283,1,5,283,0,2,31,1,1
PAWN_AUDIT_ENTRY,4335,13466367684357835979,133211134927582403,15159160980705096140,5062049015514130586,396,281,282,253,7,6,1,4,18446744073709542723,18446744073709550278,3,0,0,0,0,0,0,0,0,218,218,2666429,13,7399,0,0,0,2,736,18446744073709540878,1214,279,2,1,1,11339263188077746290,0,0,3,14516125592014539964,0,1,1,0
PAWN_AUDIT_RESULT,4335,1,1,281,0,0,281,0,0,0,0,0
PAWN_AUDIT_ENTRY,4336,133211134927582403,7525658483513486258,15159160980705096140,5779941098053054669,202,281,282,281,7,6,1,5,18446744073709544476,18446744073709550199,3,0,0,0,0,0,0,0,0,218,218,2666429,13,7400,0,0,0,5,18446744073709549482,18446744073709549959,18446744073709551030,279,2,1,1,11339263188077746290,0,0,3,14516125592014539964,0,1,1,0
PAWN_AUDIT_RESULT,4336,1,1,230,0,0,230,0,0,0,0,0
PAWN_AUDIT_ENTRY,4337,7525658483513486258,14339558726725857609,15159160980705096140,5709111439079238500,222,281,282,281,7,6,1,6,18446744073709547941,18446744073709550278,3,0,0,0,0,0,0,0,0,218,218,2666429,13,7401,0,0,0,5,18446744073709545773,8912,18446744073709551030,279,2,1,1,11339263188077746290,0,0,3,14516125592014539964,0,1,1,0
PAWN_AUDIT_RESULT,4337,1,1,205,0,0,205,0,0,0,0,0
PAWN_AUDIT_ENTRY,4338,14339558726725857609,2641393604044785451,15159160980705096140,13329009152412363732,209,281,282,281,7,6,1,7,18446744073709543527,18446744073709548874,3,0,0,0,0,0,0,0,0,218,218,2666429,13,7402,0,0,0,5,18446744073709548515,18446744073709551030,18446744073709551030,279,2,1,1,11339263188077746290,0,0,3,14516125592014539964,0,1,1,0
PAWN_AUDIT_RESULT,4338,1,1,190,0,0,190,0,0,0,0,0
PAWN_AUDIT_ENTRY,4339,2641393604044785451,15371431318354106298,15159160980705096140,4997980486626681689,216,281,282,281,7,6,1,8,18446744073709543457,18446744073709550082,3,0,0,0,0,0,0,0,0,218,218,2666429,13,7403,0,0,0,5,18446744073709548883,18446744073709551030,18446744073709550206,279,2,1,1,11339263188077746290,0,0,3,14516125592014539964,0,1,1,0
PAWN_AUDIT_RESULT,4339,1,1,231,0,0,231,0,0,0,0,0
PAWN_AUDIT_ENTRY,4340,15371431318354106298,8558898746209407126,15159160980705096140,12295754235141247754,725,281,282,281,7,6,1,14,18446744073709542321,18446744073709551049,3,0,0,0,0,0,0,0,0,218,218,2666429,13,7404,0,0,0,2,18446744073709550265,18446744073709546433,18446744073709551030,279,2,1,1,11339263188077746290,0,0,3,14516125592014539964,0,1,1,0
PAWN_AUDIT_RESULT,4340,1,1,196,0,0,196,0,0,0,0,0
PAWN_AUDIT_ENTRY,4344,17496650173949411928,11529227525113408722,9161622091827597458,569702106558870100,725,281,282,236,8,7,3,2,18446744073709540060,8192,3,0,0,0,0,0,0,0,0,204,204,1407489,13,7414,0,0,0,2,18446744073709549237,18446744073709546433,18446744073709551030,212,4,1,1,15612587136633976202,0,0,3,7221263652099796450,0,1,1,0
PAWN_AUDIT_RESULT,4344,3,3,198,0,0,198,0,0,0,0,0
PAWN_AUDIT_ENTRY,4345,11529227525113408722,3053316023695325186,9161622091827597458,8151339750355288001,405,281,282,236,8,7,3,3,18446744073709539534,5670,3,0,0,0,0,0,0,0,0,204,204,1407489,13,7415,0,0,0,2,18446744073709548998,18446744073709546433,18446744073709551030,212,4,1,1,15612587136633976202,0,0,3,7221263652099796450,0,1,1,0
PAWN_AUDIT_RESULT,4345,3,3,230,0,0,230,0,0,0,0,0
PAWN_AUDIT_ENTRY,4346,3053316023695325186,17781202329456751391,9161622091827597458,3991071894520907768,771,281,282,236,8,7,3,4,18446744073709546201,18446744073709550278,3,0,0,0,0,0,0,0,0,204,204,1407489,13,7416,0,0,0,5,18446744073709549731,18446744073709551030,18446744073709551030,212,4,1,1,15612587136633976202,0,0,3,7221263652099796450,0,1,1,0
PAWN_AUDIT_RESULT,4346,3,3,195,0,0,195,0,0,0,0,0
PAWN_AUDIT_ENTRY,4347,17781202329456751391,16749127371065372946,9161622091827597458,10548707910877395915,773,281,282,236,8,7,3,5,18446744073709547219,18446744073709548874,3,0,0,0,0,0,0,0,0,204,204,1407489,13,7417,0,0,0,5,18446744073709550194,18446744073709551030,18446744073709551030,212,4,1,1,15612587136633976202,0,0,3,7221263652099796450,0,1,1,0
PAWN_AUDIT_RESULT,4347,3,3,157,0,0,157,0,0,0,0,0
PAWN_AUDIT_ENTRY,4349,8148921029731614922,5552859061628773062,9161622091827597458,17751104475829230282,788,281,282,236,8,7,3,7,18446744073709547727,18446744073709548048,3,0,0,0,0,0,0,0,0,204,204,1407489,13,7419,0,0,0,5,18446744073709550425,18446744073709551030,18446744073709551030,212,4,1,1,15612587136633976202,0,0,3,7221263652099796450,0,1,1,0
PAWN_AUDIT_RESULT,4349,3,3,192,0,0,192,0,0,0,0,0
PAWN_AUDIT_ENTRY,4350,5552859061628773062,17309599949312177952,9161622091827597458,6296923281663422959,787,281,282,236,8,7,3,8,18446744073709548889,18446744073709545613,3,0,0,0,0,0,0,0,0,204,204,1407489,13,7420,0,0,0,5,18446744073709550953,18446744073709551030,18446744073709551030,212,4,1,1,15612587136633976202,0,0,3,7221263652099796450,0,1,1,0
PAWN_AUDIT_RESULT,4350,3,3,209,0,0,209,0,0,0,0,0
PAWN_AUDIT_ENTRY,4351,17309599949312177952,5637407392423446287,9161622091827597458,8076809906765129010,789,281,282,236,8,7,2,9,18446744073709548114,18446744073709546526,3,0,0,0,0,0,0,0,0,204,204,1407489,13,7421,0,0,0,5,18446744073709550601,18446744073709551030,18446744073709551030,212,4,1,1,15612587136633976202,0,0,3,7221263652099796450,0,1,1,0
PAWN_AUDIT_RESULT,4351,2,2,198,0,0,198,0,0,0,0,0
PAWN_AUDIT_ENTRY,4352,5637407392423446287,12778442086522726813,9161622091827597458,14163705278068949635,807,281,282,236,8,7,2,10,18446744073709547945,18446744073709546481,3,0,0,0,0,0,0,0,0,204,204,1407489,13,7422,0,0,0,5,18446744073709550524,18446744073709551030,18446744073709551030,212,4,1,1,15612587136633976202,0,0,3,7221263652099796450,0,1,1,0
PAWN_AUDIT_RESULT,4352,2,2,195,0,0,195,0,0,0,0,0
PAWN_AUDIT_ENTRY,4357,9687289559537716068,14305153329249450747,6493099186131735642,11454090260489094266,1893,281,282,224,8,7,4,2,18446744073709547703,18446744073709550278,3,0,0,0,0,0,0,0,0,178,178,2434121,13,7433,0,0,0,1,18446744073709550414,18446744073709551030,18446744073709551030,286,4,1,1,1522515861861613028,0,0,3,4688129041467369770,0,0,1,0
PAWN_AUDIT_RESULT,4357,4,4,170,0,0,170,0,0,0,0,0
PAWN_AUDIT_ENTRY,4358,14305153329249450747,3302312963170124593,6493099186131735642,16634160336986178355,269,281,282,224,8,7,4,3,18446744073709547679,18446744073709549603,3,0,0,0,0,0,0,0,0,178,178,2434121,13,7434,0,0,0,6,18446744073709550403,18446744073709551030,18446744073709551030,286,4,1,1,1522515861861613028,0,0,3,4688129041467369770,0,1,1,0
PAWN_AUDIT_RESULT,4358,4,4,196,0,0,196,0,0,0,0,0
PAWN_AUDIT_ENTRY,4359,3302312963170124593,15680579124624700258,6493099186131735642,14359412185938972402,222,281,282,224,8,7,3,4,18446744073709547529,18446744073709550278,3,0,0,0,0,0,0,0,0,178,178,2434121,13,7435,0,0,0,5,18446744073709545586,8912,18446744073709551030,286,4,1,1,1522515861861613028,0,0,3,4688129041467369770,0,1,1,0
PAWN_AUDIT_RESULT,4359,3,3,180,0,0,180,0,0,0,0,0
PAWN_AUDIT_ENTRY,4364,7859657177513474831,8065643625547039764,2187872144110363479,8667369185202248851,64,281,282,272,8,7,4,2,18446744073709545029,18446744073709548994,3,0,0,0,0,0,0,0,0,169,230,1139195,13,7446,0,0,0,4,18446744073709549198,18446744073709551030,18446744073709551030,169,3,1,1,15612587136633976202,0,0,3,382640865936662055,0,1,1,0
PAWN_AUDIT_RESULT,4364,4,4,195,0,0,195,0,0,0,0,0
PAWN_AUDIT_ENTRY,4365,8065643625547039764,17228948615398981675,2187872144110363479,1181944830685105156,405,281,282,272,8,7,2,3,18446744073709538164,5561,3,0,0,0,0,0,0,0,0,169,230,1139195,13,7447,0,0,0,2,18446744073709548963,18446744073709546433,18446744073709549818,169,3,1,1,15612587136633976202,0,0,3,382640865936662055,0,1,1,0
PAWN_AUDIT_RESULT,4365,2,2,234,0,0,234,0,0,0,0,0
PAWN_AUDIT_ENTRY,4366,17228948615398981675,13408143700826121383,2187872144110363479,7394771857197580689,725,281,282,272,8,7,2,4,18446744073709537196,5125,3,0,0,0,0,0,0,0,0,169,230,1139195,13,7448,0,0,0,2,18446744073709548523,18446744073709546433,18446744073709549818,169,3,1,1,15612587136633976202,0,0,3,382640865936662055,0,1,1,0
PAWN_AUDIT_RESULT,4366,2,2,221,0,0,221,0,0,0,0,0
PAWN_AUDIT_ENTRY,4367,13408143700826121383,8248874621255101805,2187872144110363479,9441264579258087935,222,281,282,272,8,7,3,5,18446744073709547059,18446744073709545234,3,0,0,0,0,0,0,0,0,169,230,1139195,13,7449,0,0,0,5,18446744073709545372,8912,18446744073709551030,169,3,1,1,15612587136633976202,0,0,3,382640865936662055,0,1,1,0
PAWN_AUDIT_RESULT,4367,3,3,212,0,0,212,0,0,0,0,0
PAWN_AUDIT_ENTRY,4369,2021320640224024578,17970344822870054306,7240299791225870671,3952264025377245732,721,281,282,181,8,7,4,2,18446744073709548167,18446744073709548382,3,0,0,0,0,0,0,0,0,204,204,1617753,13,7453,0,0,0,2,18446744073709550389,18446744073709551502,18446744073709551030,218,4,1,1,15612587136633976202,0,0,3,9180936953359639615,0,1,1,0
PAWN_AUDIT_RESULT,4369,4,4,198,0,0,198,0,0,0,0,0
PAWN_AUDIT_ENTRY,4370,17970344822870054306,2213789422374226306,7240299791225870671,8168488268457821954,2519,281,282,198,8,7,3,4,18446744073709548114,18446744073709548043,3,0,0,0,0,0,0,0,0,204,204,1617753,13,7454,0,0,0,5,18446744073709550601,18446744073709551030,18446744073709551030,218,4,1,1,15612587136633976202,0,0,3,9180936953359639615,0,1,1,0
PAWN_AUDIT_RESULT,4370,3,3,196,0,0,196,0,0,0,0,0
PAWN_AUDIT_ENTRY,4371,2213789422374226306,90825804984772741,7240299791225870671,7656480953818789404,405,281,282,198,8,7,2,6,18446744073709542778,3942,3,0,0,0,0,0,0,0,0,204,204,1617753,13,7455,0,0,0,2,18446744073709548824,18446744073709546433,2812,218,4,1,1,15612587136633976202,0,0,3,9180936953359639615,0,1,1,0
PAWN_AUDIT_RESULT,4371,2,2,226,0,0,226,0,0,0,0,0
PAWN_AUDIT_ENTRY,4372,90825804984772741,15940778374858378236,7240299791225870671,2069920249613958025,725,281,282,226,8,7,2,7,18446744073709541345,3615,3,0,0,0,0,0,0,0,0,204,204,1617753,13,7456,0,0,0,2,18446744073709548172,18446744073709546433,2812,218,4,1,1,15612587136633976202,0,0,3,9180936953359639615,0,1,1,0
PAWN_AUDIT_RESULT,4372,2,2,194,0,0,194,0,0,0,0,0
PAWN_AUDIT_ENTRY,4373,15940778374858378236,11984998812021139207,7240299791225870671,8076809906765129010,2517,281,282,226,8,7,3,10,18446744073709550340,18446744073709546526,3,0,0,0,0,0,0,0,0,204,204,1617753,13,7457,0,0,0,5,18446744073709551613,18446744073709551030,18446744073709551030,218,4,1,1,15612587136633976202,0,0,3,9180936953359639615,0,1,1,0
PAWN_AUDIT_RESULT,4373,3,3,198,0,0,198,0,0,0,0,0
PAWN_AUDIT_ENTRY,4374,11984998812021139207,10051757100686332747,7240299791225870671,16127881078441184094,2508,281,282,226,8,7,2,11,18446744073709548187,18446744073709547424,3,0,0,0,0,0,0,0,0,204,204,1617753,13,7458,0,0,0,5,18446744073709550634,18446744073709551030,18446744073709551030,218,4,1,1,15612587136633976202,0,0,3,9180936953359639615,0,1,1,0
PAWN_AUDIT_RESULT,4374,2,2,198,0,0,198,0,0,0,0,0
PAWN_AUDIT_ENTRY,4386,2349044362480569083,6182574575217456883,11911277352399887127,3972698453756552766,1113,281,282,170,8,7,4,2,18446744073709545497,18446744073709550278,3,0,0,0,0,0,0,0,0,180,241,1124694,13,7483,0,0,0,1,18446744073709550194,18446744073709549464,18446744073709551030,180,4,1,1,16893095619770020521,0,0,3,13717630677894768231,0,0,1,0
PAWN_AUDIT_RESULT,4386,4,4,160,0,0,160,0,0,0,0,0
PAWN_AUDIT_ENTRY,4387,6182574575217456883,10251762830176228977,11911277352399887127,4041881330965742015,222,281,282,170,8,7,3,3,18446744073709546632,18446744073709550278,3,0,0,0,0,0,0,0,0,180,241,1124694,13,7484,0,0,0,5,18446744073709545178,8912,18446744073709551030,180,4,1,1,16893095619770020521,0,0,3,13717630677894768231,0,1,1,0
PAWN_AUDIT_RESULT,4387,3,3,223,0,0,223,0,0,0,0,0
PAWN_AUDIT_ENTRY,4388,10251762830176228977,1729239672297241137,11911277352399887127,10147003560074025451,137,281,282,223,8,7,3,4,18446744073709544497,18446744073709549013,3,0,0,0,0,0,0,0,0,180,241,1124694,13,7485,0,0,0,3,18446744073709548956,18446744073709551030,18446744073709551030,180,4,1,1,16893095619770020521,0,0,3,13717630677894768231,0,1,1,0
PAWN_AUDIT_RESULT,4388,3,3,226,0,0,226,0,0,0,0,0
PAWN_AUDIT_ENTRY,4389,1729239672297241137,14130162654420360506,11911277352399887127,3561628218945765953,396,281,282,226,8,7,2,5,18446744073709536978,18446744073709550278,3,0,0,0,0,0,0,0,0,180,241,1124694,13,7486,0,0,0,2,18446744073709551119,18446744073709539866,18446744073709551030,180,4,1,1,16893095619770020521,0,0,3,13717630677894768231,0,1,1,0
PAWN_AUDIT_RESULT,4389,2,2,267,0,0,267,0,0,0,0,0
PAWN_AUDIT_ENTRY,4390,14130162654420360506,7589108625315553117,11911277352399887127,4813730553568731665,213,281,282,267,8,7,1,6,18446744073709537184,18446744073709550278,3,0,0,0,0,0,0,0,0,180,241,1124694,13,7487,0,0,0,5,18446744073709545631,18446744073709551030,18446744073709551030,180,4,1,1,16893095619770020521,0,0,3,13717630677894768231,0,1,1,0
PAWN_AUDIT_RESULT,4390,1,1,210,0,0,210,0,0,0,0,0
PAWN_AUDIT_ENTRY,4391,7589108625315553117,18439856205880395139,11911277352399887127,17750039999654380960,231,281,282,267,8,7,1,7,18446744073709537035,18446744073709550278,3,0,0,0,0,0,0,0,0,180,241,1124694,13,7488,0,0,0,5,18446744073709545563,18446744073709551030,18446744073709551030,180,4,1,1,16893095619770020521,0,0,3,13717630677894768231,0,1,1,0
PAWN_AUDIT_RESULT,4391,1,1,208,0,0,208,0,0,0,0,0
PAWN_AUDIT_ENTRY,4392,18439856205880395139,13122053631982058584,11911277352399887127,8775094007333139453,991,281,282,267,8,7,1,11,18446744073709541549,18446744073709550278,3,0,0,0,0,0,0,0,0,180,241,1124694,13,7489,0,0,0,1,18446744073709548170,18446744073709549921,18446744073709551030,180,4,1,1,16893095619770020521,0,0,3,13717630677894768231,0,0,1,0
PAWN_AUDIT_RESULT,4392,1,1,223,0,0,223,0,0,0,0,0
PAWN_AUDIT_ENTRY,4393,13122053631982058584,7777660065679621675,11911277352399887127,12355244272780358724,405,281,282,267,8,7,1,16,18446744073709537128,295,3,0,0,0,0,0,0,0,0,180,241,1124694,13,7490,0,0,0,2,18446744073709548709,18446744073709546433,18446744073709549371,180,4,1,1,16893095619770020521,0,0,3,13717630677894768231,0,1,1,0
PAWN_AUDIT_RESULT,4393,1,1,249,0,0,249,0,0,0,0,0
PAWN_AUDIT_ENTRY,4441,4637677983658312534,11165922615745301883,4758266283111116450,6959305404730235067,139,268,269,252,10,9,6,2,18446744073709548355,5238,11,0,0,0,0,0,0,0,0,18446744073709551414,18446744073709551414,18446744073708878502,13,7604,0,0,1,3,18446744073709550964,18446744073709551030,18446744073709550507,275,2,1,1,15612587136633976202,0,0,11,16581437024080442278,0,1,1,0
PAWN_AUDIT_RESULT,4441,6,6,-367,0,0,-367,0,0,0,0,0
PAWN_AUDIT_ENTRY,4442,11165922615745301883,15081660232581059220,4758266283111116450,9471962571472638137,276,268,269,252,10,9,5,3,18446744073709546300,18446744073709550278,11,0,0,0,0,0,0,0,0,18446744073709551414,18446744073709551414,18446744073708878502,13,7605,0,0,1,4,18446744073709549776,18446744073709551030,18446744073709551030,275,2,1,1,15612587136633976202,0,0,11,16581437024080442278,0,1,1,0
PAWN_AUDIT_RESULT,4442,5,5,-475,0,0,-475,0,0,0,0,0
PAWN_AUDIT_ENTRY,4443,15081660232581059220,2374515264236814571,4758266283111116450,11421972926207690312,991,268,269,252,10,9,5,5,18446744073709548089,18446744073709550287,11,0,0,0,0,0,0,0,0,18446744073709551414,18446744073709551414,18446744073708878502,13,7606,0,0,1,1,18446744073709551256,18446744073709551030,18446744073709549657,275,2,1,1,15612587136633976202,0,0,11,16581437024080442278,0,0,1,0
PAWN_AUDIT_RESULT,4443,5,5,-267,0,0,-267,0,0,0,0,0
PAWN_AUDIT_ENTRY,4446,3539053111424402895,9169078207536128048,7858020967859607606,18227306403168310905,2996,18446744073709551347,18446744073709551348,18446744073709551322,7,6,1,2,18446744073709536769,3785,10,0,1,0,0,0,0,0,0,18446744073709551370,18446744073709551370,229086,13,7612,0,0,0,10,18446744073709545043,785,18446744073709550440,32002,18446744073709551614,0,1,686160663571770301,0,0,10,2078089070852021709,0,1,1,0
PAWN_AUDIT_RESULT,4446,1,1,-315,0,0,-315,0,0,0,0,0
PAWN_AUDIT_ENTRY,4448,8733671812555490912,5279093317281909290,7858020967859607606,14165816133424171065,3437,18446744073709551347,18446744073709551348,18446744073709551341,7,6,1,5,18446744073709543749,18446744073709550278,10,0,1,0,0,0,0,0,0,18446744073709551370,18446744073709551370,229086,13,7614,0,0,0,9,18446744073709544715,18446744073709550269,8236,32002,18446744073709551614,0,1,686160663571770301,0,0,10,2078089070852021709,0,0,1,0
PAWN_AUDIT_RESULT,4448,1,1,-364,0,0,-364,0,0,0,0,0
PAWN_AUDIT_ENTRY,4449,5279093317281909290,2620852574882982310,7858020967859607606,4465446363066790322,3817,18446744073709551347,18446744073709551348,18446744073709551341,7,6,1,6,18446744073709548084,18446744073709550278,10,0,1,0,0,0,0,0,0,18446744073709551370,18446744073709551370,229086,13,7615,0,0,0,13,18446744073709550969,18446744073709550353,18446744073709550941,32002,18446744073709551614,0,1,686160663571770301,0,0,10,2078089070852021709,0,1,1,0
PAWN_AUDIT_RESULT,4449,1,1,-271,0,0,-271,0,0,0,0,0
PAWN_AUDIT_ENTRY,4451,8530842383266132099,12522195305738080284,7858020967859607606,9597215487657521626,2975,18446744073709551347,18446744073709551348,18446744073709551345,7,6,1,8,18446744073709546015,18446744073709550278,10,0,1,0,0,0,0,0,0,18446744073709551370,18446744073709551370,229086,13,7617,0,0,0,10,18446744073709550900,18446744073709550428,18446744073709549067,32002,18446744073709551614,0,1,686160663571770301,0,0,10,2078089070852021709,0,1,1,0
PAWN_AUDIT_RESULT,4451,1,1,-280,0,0,-280,0,0,0,0,0
PAWN_AUDIT_ENTRY,4452,12522195305738080284,10657823252184425396,7858020967859607606,1700514044797790563,3833,18446744073709551347,18446744073709551348,18446744073709551345,7,6,1,9,18446744073709545701,18446744073709550278,10,0,1,0,0,0,0,0,0,18446744073709551370,18446744073709551370,229086,13,7618,0,0,0,13,18446744073709549913,18446744073709550496,18446744073709550737,32002,18446744073709551614,0,1,686160663571770301,0,0,10,2078089070852021709,0,1,1,0
PAWN_AUDIT_RESULT,4452,1,1,-298,0,0,-298,0,0,0,0,0
PAWN_AUDIT_ENTRY,4453,10657823252184425396,1559497007482832093,7858020967859607606,13931255652989998439,2586,18446744073709551347,18446744073709551348,18446744073709551345,7,6,1,11,18446744073709542128,18446744073709550278,10,0,1,0,0,0,0,0,0,18446744073709551370,18446744073709551370,229086,13,7619,0,0,0,11,18446744073709547879,18446744073709551030,18446744073709551030,32002,18446744073709551614,0,1,686160663571770301,0,0,10,2078089070852021709,0,1,1,0
PAWN_AUDIT_RESULT,4453,1,1,-299,0,0,-299,0,0,0,0,0
PAWN_AUDIT_ENTRY,4456,8653402777529541087,10160550681449197193,7858020967859607606,16624272658884054506,3826,18446744073709551347,18446744073709551348,18446744073709551347,7,6,1,14,18446744073709539298,18446744073709550278,10,0,1,0,0,0,0,0,0,18446744073709551370,18446744073709551370,229086,13,7624,0,0,0,13,18446744073709546763,18446744073709551030,18446744073709550678,32002,18446744073709551614,0,1,686160663571770301,0,0,10,2078089070852021709,0,1,1,0
PAWN_AUDIT_RESULT,4456,1,1,-282,0,0,-282,0,0,0,0,0
PAWN_AUDIT_ENTRY,4457,10160550681449197193,14320443309312498776,7858020967859607606,15320771576873405026,3956,18446744073709551347,18446744073709551348,18446744073709551347,7,6,1,15,18446744073709534853,189,10,0,1,0,0,0,0,0,0,18446744073709551370,18446744073709551370,229086,13,7625,0,0,0,11,18446744073709544571,18446744073709551030,18446744073709551030,32002,18446744073709551614,0,1,686160663571770301,0,0,10,2078089070852021709,0,1,1,0
PAWN_AUDIT_ENTRY,4458,14320443309312498776,7732625000599245828,15320771576873405026,17727006021850266747,139,268,269,241,6,5,2,2,18446744073709546074,18446744073709550457,11,0,0,0,0,0,0,0,0,208,208,18446744073708606256,13,7630,0,0,0,3,18446744073709549673,18446744073709551030,18446744073709551030,240,2,1,1,686160663571770301,1,0,11,7858020967859607606,0,2,1,0
PAWN_AUDIT_RESULT,4458,2,2,237,0,0,237,0,0,0,0,0
PAWN_AUDIT_ENTRY,4459,7732625000599245828,10871689893063442010,15320771576873405026,4873489419134621943,216,268,269,241,6,5,1,6,18446744073709544905,18446744073709549185,11,0,0,0,0,0,0,0,0,208,208,18446744073708606256,13,7631,0,0,0,5,18446744073709548773,18446744073709551030,174,240,2,1,1,686160663571770301,1,0,11,7858020967859607606,0,2,1,0
PAWN_AUDIT_RESULT,4459,1,1,220,0,0,220,0,0,0,0,0
PAWN_AUDIT_ENTRY,4460,10871689893063442010,2451552430405086392,15320771576873405026,6253250031507295075,202,268,269,241,6,5,1,8,18446744073709544417,18446744073709548662,11,0,0,0,0,0,0,0,0,208,208,18446744073708606256,13,7632,0,0,0,5,18446744073709549335,18446744073709551030,18446744073709550174,240,2,1,1,686160663571770301,1,0,11,7858020967859607606,0,2,1,0
PAWN_AUDIT_RESULT,4460,1,1,228,0,0,228,0,0,0,0,0
PAWN_AUDIT_RESULT,4457,1,1,-240,1,6,-253,0,1,7,1,1
PAWN_AUDIT_ENTRY,4549,3663805171982938215,12932083735486313525,2696248855404153504,3360227420052238512,166,268,269,262,6,5,1,4,18446744073709544358,18446744073709548683,7,0,0,0,0,0,0,0,0,240,240,5439986,13,7834,0,0,0,3,18446744073709548893,18446744073709551030,18446744073709551030,277,4,1,1,13555051974256181175,0,0,7,11337535616029157495,0,1,1,0
PAWN_AUDIT_RESULT,4549,1,1,207,0,0,207,0,0,0,0,0
PAWN_AUDIT_ENTRY,4550,12932083735486313525,8199246248057347481,2696248855404153504,13206094621344437839,593,268,269,262,6,5,1,5,18446744073709545525,18446744073709550278,7,0,0,0,0,0,0,0,0,240,240,5439986,13,7835,0,0,0,1,18446744073709549542,18446744073709550793,18446744073709551030,277,4,1,1,13555051974256181175,0,0,7,11337535616029157495,0,0,1,0
PAWN_AUDIT_RESULT,4550,1,1,237,0,0,237,0,0,0,0,0
PAWN_AUDIT_ENTRY,4551,8199246248057347481,7943311255052024116,2696248855404153504,6102543093213253467,658,268,269,262,6,5,1,6,18446744073709543234,18446744073709550278,7,0,0,0,0,0,0,0,0,240,240,5439986,13,7836,0,0,0,1,18446744073709548031,116,18446744073709551030,277,4,1,1,13555051974256181175,0,0,7,11337535616029157495,0,0,1,0
PAWN_AUDIT_RESULT,4551,1,1,240,0,0,240,0,0,0,0,0
PAWN_AUDIT_ENTRY,4552,7943311255052024116,3950132756467620133,2696248855404153504,3502144125715330969,148,268,269,262,6,5,1,7,18446744073709540503,18446744073709550278,7,0,0,0,0,0,0,0,0,240,240,5439986,13,7837,0,0,0,3,18446744073709547164,18446744073709550982,18446744073709551030,277,4,1,1,13555051974256181175,0,0,7,11337535616029157495,0,1,1,0
PAWN_AUDIT_RESULT,4552,1,1,223,0,0,223,0,0,0,0,0
PAWN_AUDIT_ENTRY,4553,3950132756467620133,1589534871369169486,2696248855404153504,9683874191838286487,1359,268,269,262,6,5,1,8,18446744073709543188,18446744073709548874,7,0,0,0,0,0,0,0,0,240,240,5439986,13,7838,0,0,0,2,18446744073709548361,18446744073709551030,18446744073709551030,277,4,1,1,13555051974256181175,0,0,7,11337535616029157495,0,1,1,0
PAWN_AUDIT_RESULT,4553,1,1,175,0,0,175,0,0,0,0,0
PAWN_AUDIT_ENTRY,4554,1589534871369169486,11039220829546051289,2696248855404153504,2309720634872973803,463,268,269,262,6,5,1,10,18446744073709537928,18446744073709550278,7,0,0,0,0,0,0,0,0,240,240,5439986,13,7839,0,0,0,4,18446744073709545969,18446744073709551030,18446744073709551030,277,4,1,1,13555051974256181175,0,0,7,11337535616029157495,0,1,1,0
PAWN_AUDIT_RESULT,4554,1,1,181,0,0,181,0,0,0,0,0
PAWN_AUDIT_ENTRY,4555,11039220829546051289,15752105664185962068,2696248855404153504,16114094887770105035,797,268,269,262,6,5,1,11,18446744073709545586,18446744073709549749,7,0,0,0,0,0,0,0,0,240,240,5439986,13,7840,0,0,0,2,18446744073709547244,3829,18446744073709551030,277,4,1,1,13555051974256181175,0,0,7,11337535616029157495,0,1,1,0
PAWN_AUDIT_RESULT,4555,1,1,222,0,0,222,0,0,0,0,0
PAWN_AUDIT_ENTRY,4556,15752105664185962068,7560199303855250900,2696248855404153504,574115021278395577,139,268,269,262,6,5,1,30,18446744073709542874,18446744073709550278,7,0,0,0,0,0,0,0,0,240,240,5439986,13,7841,0,0,0,3,18446744073709550135,18446744073709547996,18446744073709550206,277,4,1,1,13555051974256181175,0,0,7,11337535616029157495,0,1,1,0
PAWN_AUDIT_RESULT,4556,1,1,226,0,0,226,0,0,0,0,0
PAWN_AUDIT_ENTRY,4614,5690538134116367891,9939348827007732106,14902493348384197821,8363998560601782251,391,268,269,259,6,5,1,3,18446744073709535797,18446744073709549897,11,0,0,0,0,0,0,0,0,272,272,18446744073704990163,13,7975,0,0,0,6,18446744073709544481,452,18446744073709551030,294,7,1,1,11155293981311553228,2,0,11,6092555701451173960,0,3,1,0
PAWN_AUDIT_RESULT,4614,1,1,145,0,0,145,0,0,0,0,0
PAWN_AUDIT_ENTRY,4615,9939348827007732106,1349823647410554606,14902493348384197821,6700850079219732562,593,268,269,259,6,5,1,4,18446744073709544072,18446744073709550278,11,0,0,0,0,0,0,0,0,272,272,18446744073704990163,13,7976,0,0,0,1,18446744073709548763,18446744073709551030,18446744073709551030,294,7,1,1,11155293981311553228,2,0,11,6092555701451173960,0,0,1,0
PAWN_AUDIT_RESULT,4615,1,1,174,0,0,174,0,0,0,0,0
PAWN_AUDIT_ENTRY,4616,1349823647410554606,15504298598737851439,14902493348384197821,14926789800754770112,926,268,269,259,6,5,1,5,18446744073709540307,18446744073709550278,11,0,0,0,0,0,0,0,0,272,272,18446744073704990163,13,7977,0,0,0,1,18446744073709548095,18446744073709550089,18446744073709549848,294,7,1,1,11155293981311553228,2,0,11,6092555701451173960,0,0,1,0
PAWN_AUDIT_RESULT,4616,1,1,261,0,0,261,0,7,7,0,0
PAWN_AUDIT_ENTRY,4621,987543864777219324,12222350678713220826,14902493348384197821,13766338778247039302,658,268,269,261,6,5,1,8,18446744073709541558,18446744073709550278,11,0,0,0,0,0,0,0,0,272,272,18446744073704990163,13,7987,0,0,0,1,18446744073709548005,18446744073709550634,18446744073709550644,294,7,1,1,11155293981311553228,2,0,11,6092555701451173960,0,0,1,0
PAWN_AUDIT_RESULT,4621,1,1,222,0,0,222,0,0,0,0,0
PAWN_AUDIT_ENTRY,4622,12222350678713220826,14046694391802415155,14902493348384197821,14202848797118789293,166,268,269,261,6,5,1,10,18446744073709542451,18446744073709548903,11,0,0,0,0,0,0,0,0,272,272,18446744073704990163,13,7988,0,0,0,3,18446744073709548026,18446744073709551030,18446744073709551030,294,7,1,1,11155293981311553228,2,0,11,6092555701451173960,0,3,1,0
PAWN_AUDIT_RESULT,4622,1,1,231,0,0,231,0,0,0,0,0
PAWN_AUDIT_ENTRY,4623,14046694391802415155,18348307179760152939,14902493348384197821,5924366691638034716,983,268,269,261,6,5,1,12,18446744073709535891,18446744073709550278,11,0,0,0,0,0,0,0,0,272,272,18446744073704990163,13,7989,0,0,0,1,18446744073709545043,18446744073709551030,18446744073709551030,294,7,1,1,11155293981311553228,2,0,11,6092555701451173960,0,0,1,0
PAWN_AUDIT_RESULT,4623,1,1,179,0,0,179,0,0,0,0,0
PAWN_AUDIT_ENTRY,4624,18348307179760152939,17285490186887903669,14902493348384197821,16891741321314210799,2541,268,269,261,6,5,1,19,18446744073709550340,18446744073709550278,11,0,0,0,0,0,0,0,1,272,272,18446744073704990163,13,7990,0,0,0,2,18446744073709551613,18446744073709551030,18446744073709551030,294,7,1,1,11155293981311553228,2,0,11,6092555701451173960,0,3,1,0
PAWN_AUDIT_RESULT,4624,1,1,-290,0,0,-290,0,1,1,0,0
PAWN_AUDIT_ENTRY,4625,17285490186887903669,15503262434858146758,14902493348384197821,1406979157355554500,2518,268,269,261,6,5,1,23,18446744073709538117,18446744073709548563,11,0,0,0,0,0,0,0,0,272,272,18446744073704990163,13,7992,0,0,0,2,18446744073709546107,18446744073709551389,18446744073709550553,294,7,1,1,11155293981311553228,2,0,11,6092555701451173960,0,3,1,0
PAWN_AUDIT_RESULT,4625,1,1,167,0,0,167,0,0,0,0,0
PAWN_AUDIT_ENTRY,4645,13053957895704647003,15651209333803572545,6152287680176621803,17103921045869062716,2072,18446744073709551347,18446744073709551348,18446744073709551337,6,5,1,4,18446744073709544019,18446744073709550278,14,0,1,0,0,0,0,3817,0,18446744073709551297,18446744073709551297,486543,13,8034,0,0,0,9,18446744073709549471,18446744073709549566,18446744073709551030,18446744073709551338,5,1,1,7960485276117222286,1,0,14,11531927296085569474,0,0,1,0
PAWN_AUDIT_RESULT,4645,1,1,-326,0,0,-326,0,0,0,0,0
PAWN_AUDIT_ENTRY,4646,15651209333803572545,4310895912763595137,6152287680176621803,17073794833897200319,3956,18446744073709551347,18446744073709551348,18446744073709551337,6,5,1,5,18446744073709543098,18446744073709548874,14,0,1,0,0,0,0,3817,0,18446744073709551297,18446744073709551297,486543,13,8035,0,0,0,11,18446744073709548320,18446744073709551030,18446744073709551030,18446744073709551338,5,1,1,7960485276117222286,1,0,14,11531927296085569474,0,2,1,0
PAWN_AUDIT_RESULT,4646,1,1,-367,0,0,-367,0,0,0,0,0
PAWN_AUDIT_ENTRY,4649,17329445496135437585,6400071322082256909,2174735095734073084,7777235572640471796,2202,18446744073709551347,18446744073709551348,18446744073709551343,8,7,1,4,18446744073709550538,18446744073709550278,12,0,1,0,0,0,0,2203,0,18446744073709551335,18446744073709551129,175578,13,8038,0,0,1,9,87,18446744073709551030,18446744073709551030,18446744073709551335,1,2,1,5411365798353617005,0,0,12,12882855246680399354,0,0,1,0
PAWN_AUDIT_RESULT,4649,1,1,-971,0,0,-971,0,0,0,0,0
PAWN_AUDIT_ENTRY,4650,6400071322082256909,6158217149994382802,2174735095734073084,11966682764744791083,2072,18446744073709551347,18446744073709551348,18446744073709551343,8,7,1,6,18446744073709543953,18446744073709550278,12,0,1,0,0,0,0,2203,0,18446744073709551335,18446744073709551129,175578,13,8039,0,0,1,9,18446744073709549069,18446744073709551030,18446744073709550288,18446744073709551335,1,2,1,5411365798353617005,0,0,12,12882855246680399354,0,0,1,0
PAWN_AUDIT_RESULT,4650,1,1,-804,0,0,-804,0,0,0,0,0
PAWN_AUDIT_ENTRY,4662,16545831241661592075,14188709954747951700,11378815069702705138,3172134577443252528,2658,18446744073709551347,18446744073709551348,18446744073709551298,7,6,1,9,18446744073709544714,18446744073709550278,14,0,1,0,0,0,0,0,0,18446744073709551191,18446744073709551191,1728508,13,8066,0,0,0,13,18446744073709549055,18446744073709551030,18446744073709551030,18446744073709551299,3,1,1,14950443370272334911,0,0,14,11249845110518281103,0,1,1,0
PAWN_AUDIT_RESULT,4662,1,1,-487,0,0,-487,0,0,0,0,0
PAWN_AUDIT_ENTRY,4663,14188709954747951700,12311386327836507733,11378815069702705138,393478680126989038,2649,18446744073709551347,18446744073709551348,18446744073709551298,7,6,1,10,18446744073709544402,18446744073709550278,14,0,1,0,0,0,0,0,0,18446744073709551191,18446744073709551191,1728508,13,8067,0,0,0,13,18446744073709548913,18446744073709551030,18446744073709551030,18446744073709551299,3,1,1,14950443370272334911,0,0,14,11249845110518281103,0,1,1,0
PAWN_AUDIT_RESULT,4663,1,1,-527,0,0,-527,0,0,0,0,0
PAWN_AUDIT_ENTRY,4664,12311386327836507733,13534588526359943695,11378815069702705138,16596249004206303334,2674,18446744073709551347,18446744073709551348,18446744073709551298,7,6,1,11,18446744073709544255,18446744073709550278,14,0,1,0,0,0,0,0,0,18446744073709551191,18446744073709551191,1728508,13,8068,0,0,0,13,18446744073709548846,18446744073709551030,18446744073709551030,18446744073709551299,3,1,1,14950443370272334911,0,0,14,11249845110518281103,0,1,1,0
PAWN_AUDIT_RESULT,4664,1,1,-443,0,0,-443,0,0,0,0,0
PAWN_AUDIT_ENTRY,4665,13534588526359943695,2473093167778048561,11378815069702705138,9630318671395490304,2657,18446744073709551347,18446744073709551348,18446744073709551298,7,6,1,12,18446744073709544187,18446744073709550278,14,0,1,0,0,0,0,0,0,18446744073709551191,18446744073709551191,1728508,13,8069,0,0,0,13,18446744073709548815,18446744073709551030,18446744073709551030,18446744073709551299,3,1,1,14950443370272334911,0,0,14,11249845110518281103,0,1,1,0
PAWN_AUDIT_RESULT,4665,1,1,-535,0,0,-535,0,0,0,0,0
PAWN_AUDIT_ENTRY,4666,2473093167778048561,16201512802344847108,11378815069702705138,4250808453072450530,2673,18446744073709551347,18446744073709551348,18446744073709551298,7,6,1,13,18446744073709543718,18446744073709550278,14,0,1,0,0,0,0,0,0,18446744073709551191,18446744073709551191,1728508,13,8070,0,0,0,13,18446744073709548602,18446744073709551030,18446744073709551030,18446744073709551299,3,1,1,14950443370272334911,0,0,14,11249845110518281103,0,1,1,0
PAWN_AUDIT_RESULT,4666,1,1,-505,0,0,-505,0,0,0,0,0
PAWN_AUDIT_ENTRY,4667,16201512802344847108,2217350155634944599,11378815069702705138,1692667283133713647,2681,18446744073709551347,18446744073709551348,18446744073709551298,7,6,1,14,18446744073709543408,18446744073709550278,14,0,1,0,0,0,0,0,0,18446744073709551191,18446744073709551191,1728508,13,8071,0,0,0,13,18446744073709548461,18446744073709551030,18446744073709551030,18446744073709551299,3,1,1,14950443370272334911,0,0,14,11249845110518281103,0,1,1,0
PAWN_AUDIT_RESULT,4667,1,1,-530,0,0,-530,0,0,0,0,0
PAWN_AUDIT_ENTRY,4668,2217350155634944599,11263935207700739623,11378815069702705138,16985354217809706966,2666,18446744073709551347,18446744073709551348,18446744073709551298,7,6,1,15,18446744073709543342,18446744073709550278,14,0,1,0,0,0,0,0,0,18446744073709551191,18446744073709551191,1728508,13,8072,0,0,0,13,18446744073709548576,18446744073709551030,18446744073709550731,18446744073709551299,3,1,1,14950443370272334911,0,0,14,11249845110518281103,0,1,1,0
PAWN_AUDIT_RESULT,4668,1,1,-497,0,0,-497,0,0,0,0,0
PAWN_AUDIT_ENTRY,4671,9728288108707429869,5172725737168190840,14765690363006638603,8464895773778921567,3956,18446744073709551347,18446744073709551348,18446744073709551329,7,6,1,5,18446744073709541446,18446744073709548891,12,0,1,0,0,0,0,3817,0,18446744073709551335,18446744073709551354,4058714,13,8075,0,0,0,11,18446744073709547569,18446744073709551030,18446744073709551030,18446744073709551335,5,1,1,7960485276117222286,1,0,12,4144075737639714082,0,2,1,0
PAWN_AUDIT_RESULT,4671,1,1,-283,0,0,-283,0,0,0,0,0
PAWN_AUDIT_ENTRY,4672,5172725737168190840,680721635444628792,14765690363006638603,5139256640703909847,3826,18446744073709551347,18446744073709551348,18446744073709551333,7,6,1,6,18446744073709539047,18446744073709548961,12,0,1,0,0,0,0,3817,0,18446744073709551335,18446744073709551354,4058714,13,8076,0,0,0,13,18446744073709546478,18446744073709551030,18446744073709551030,18446744073709551335,5,1,1,7960485276117222286,1,0,12,4144075737639714082,0,2,1,0
PAWN_AUDIT_RESULT,4672,1,1,-301,0,0,-301,0,0,0,0,0
PAWN_AUDIT_ENTRY,4673,680721635444628792,13054751756610637364,14765690363006638603,8418988819189184732,2072,18446744073709551347,18446744073709551348,18446744073709551333,7,6,1,7,18446744073709540118,18446744073709550278,12,0,1,0,0,0,0,3817,0,18446744073709551335,18446744073709551354,4058714,13,8077,0,0,0,9,18446744073709547697,18446744073709549566,18446744073709551030,18446744073709551335,5,1,1,7960485276117222286,1,0,12,4144075737639714082,0,0,1,0
PAWN_AUDIT_RESULT,4673,1,1,-312,0,0,-312,0,0,0,0,0
PAWN_AUDIT_ENTRY,4674,13054751756610637364,8188352694090110540,14765690363006638603,10512904587955411313,3641,18446744073709551347,18446744073709551348,18446744073709551333,7,6,1,8,18446744073709535337,18446744073709550278,12,0,1,0,0,0,0,3817,0,18446744073709551335,18446744073709551354,4058714,13,8078,0,0,0,12,18446744073709544791,18446744073709551030,18446744073709551030,18446744073709551335,5,1,1,7960485276117222286,1,0,12,4144075737639714082,0,2,1,0
PAWN_AUDIT_RESULT,4674,1,1,-293,0,0,-293,0,0,0,0,0
PAWN_AUDIT_ENTRY,4675,8188352694090110540,7229785211675065149,14765690363006638603,4732171303526480200,4094,18446744073709551347,18446744073709551348,18446744073709551333,7,6,1,9,18446744073709535018,18446744073709550278,12,0,1,0,0,0,0,3817,0,18446744073709551335,18446744073709551354,4058714,13,8079,0,0,0,12,18446744073709544646,18446744073709551030,18446744073709551030,18446744073709551335,5,1,1,7960485276117222286,1,0,12,4144075737639714082,0,2,1,0
PAWN_AUDIT_RESULT,4675,1,1,-330,0,0,-330,0,0,0,0,0
PAWN_AUDIT_ENTRY,4676,7229785211675065149,10665629820806538222,14765690363006638603,13723389105404663930,3567,18446744073709551347,18446744073709551348,18446744073709551333,7,6,1,10,18446744073709534871,18446744073709550278,12,0,1,0,0,0,0,3817,0,18446744073709551335,18446744073709551354,4058714,13,8080,0,0,0,9,18446744073709544579,18446744073709551030,18446744073709551030,18446744073709551335,5,1,1,7960485276117222286,1,0,12,4144075737639714082,0,0,1,0
PAWN_AUDIT_RESULT,4676,1,1,-273,0,0,-273,0,0,0,0,0
PAWN_AUDIT_ENTRY,4677,10665629820806538222,9673716727533849127,14765690363006638603,7639667668377015502,3761,18446744073709551347,18446744073709551348,18446744073709551343,7,6,1,11,18446744073709534800,18446744073709550278,12,0,1,0,0,0,0,3817,0,18446744073709551335,18446744073709551354,4058714,13,8081,0,0,0,11,18446744073709544547,18446744073709551030,18446744073709551030,18446744073709551335,5,1,1,7960485276117222286,1,0,12,4144075737639714082,0,2,1,0
PAWN_AUDIT_RESULT,4677,1,1,-320,0,0,-320,0,0,0,0,0
PAWN_AUDIT_ENTRY,4678,9673716727533849127,5417121056229563215,14765690363006638603,11467146062712046503,3112,18446744073709551347,18446744073709551348,18446744073709551343,7,6,1,12,18446744073709534686,18446744073709550278,12,0,1,0,0,0,0,3817,0,18446744073709551335,18446744073709551354,4058714,13,8082,0,0,0,9,18446744073709544495,18446744073709551030,18446744073709551030,18446744073709551335,5,1,1,7960485276117222286,1,0,12,4144075737639714082,0,0,1,0
PAWN_AUDIT_RESULT,4678,1,1,-351,0,0,-351,0,0,0,0,0
PAWN_AUDIT_ENTRY,4679,5417121056229563215,10744309271385762768,14765690363006638603,14356381450178209569,3938,18446744073709551347,18446744073709551348,18446744073709551343,7,6,1,13,18446744073709534653,18446744073709550278,12,0,1,0,0,0,0,3817,0,18446744073709551335,18446744073709551354,4058714,13,8083,0,0,0,11,18446744073709544480,18446744073709551030,18446744073709551030,18446744073709551335,5,1,1,7960485276117222286,1,0,12,4144075737639714082,0,2,1,0
PAWN_AUDIT_RESULT,4679,1,1,-271,0,0,-271,0,0,0,0,0
PAWN_AUDIT_ENTRY,4680,10744309271385762768,7861727561955381383,14765690363006638603,12712706219811718439,3828,18446744073709551347,18446744073709551348,18446744073709551345,7,6,1,14,18446744073709534587,18446744073709550278,12,0,1,0,0,0,0,3817,0,18446744073709551335,18446744073709551354,4058714,13,8084,0,0,0,13,18446744073709544450,18446744073709551030,18446744073709551030,18446744073709551335,5,1,1,7960485276117222286,1,0,12,4144075737639714082,0,2,1,0
PAWN_AUDIT_RESULT,4680,1,1,-366,0,0,-366,0,0,0,0,0
PAWN_AUDIT_ENTRY,4681,7861727561955381383,5087108497138354720,14765690363006638603,14278512976900401194,3929,18446744073709551347,18446744073709551348,18446744073709551345,7,6,1,15,18446744073709534576,18446744073709550278,12,0,1,0,0,0,0,3817,0,18446744073709551335,18446744073709551354,4058714,13,8085,0,0,0,11,18446744073709544445,18446744073709551030,18446744073709551030,18446744073709551335,5,1,1,7960485276117222286,1,0,12,4144075737639714082,0,2,1,0
PAWN_AUDIT_RESULT,4681,1,1,-310,0,0,-310,0,0,0,0,0
PAWN_AUDIT_ENTRY,4682,5087108497138354720,8105202430267742594,14765690363006638603,4550015829428645217,3892,18446744073709551347,18446744073709551348,18446744073709551345,7,6,1,16,18446744073709534554,18446744073709550278,12,0,1,0,0,0,0,3817,0,18446744073709551335,18446744073709551354,4058714,13,8086,0,0,0,14,18446744073709544435,18446744073709551030,18446744073709551030,18446744073709551335,5,1,1,7960485276117222286,1,0,12,4144075737639714082,0,2,1,0
PAWN_AUDIT_RESULT,4682,1,1,-551,0,0,-551,0,0,0,0,0
PAWN_AUDIT_ENTRY,4683,8105202430267742594,14838505721719488758,14765690363006638603,1082521205139596004,3502,18446744073709551347,18446744073709551348,18446744073709551345,7,6,1,18,18446744073709534550,18446744073709550278,12,0,1,0,0,0,0,3817,0,18446744073709551335,18446744073709551354,4058714,13,8087,0,0,0,9,18446744073709544433,18446744073709551030,18446744073709551030,18446744073709551335,5,1,1,7960485276117222286,1,0,12,4144075737639714082,0,0,1,0
PAWN_AUDIT_RESULT,4683,1,1,-385,0,0,-385,0,0,0,0,0
PAWN_AUDIT_ENTRY,4684,14838505721719488758,17953170904291729927,14765690363006638603,8651285899563396773,3827,18446744073709551347,18446744073709551348,18446744073709551345,7,6,1,19,18446744073709534550,18446744073709550278,12,0,1,0,0,0,0,3817,0,18446744073709551335,18446744073709551354,4058714,13,8088,0,0,0,13,18446744073709544433,18446744073709551030,18446744073709551030,18446744073709551335,5,1,1,7960485276117222286,1,0,12,4144075737639714082,0,2,1,0
PAWN_AUDIT_RESULT,4684,1,1,-339,0,0,-339,0,0,0,0,0
PAWN_AUDIT_ENTRY,4685,17953170904291729927,12234075487245808172,14765690363006638603,405138318013441053,3891,18446744073709551347,18446744073709551348,18446744073709551345,7,6,1,20,18446744073709534550,18446744073709550278,12,0,1,0,0,0,0,3817,0,18446744073709551335,18446744073709551354,4058714,13,8089,0,0,0,14,18446744073709544433,18446744073709551030,18446744073709551030,18446744073709551335,5,1,1,7960485276117222286,1,0,12,4144075737639714082,0,2,1,0
PAWN_AUDIT_RESULT,4685,1,1,-386,0,0,-386,0,0,0,0,0
PAWN_AUDIT_ENTRY,4686,12234075487245808172,14267143678681226191,14765690363006638603,16951234297312178687,3763,18446744073709551347,18446744073709551348,18446744073709551345,7,6,1,21,18446744073709534583,18446744073709550278,12,0,1,0,0,0,0,3817,0,18446744073709551335,18446744073709551354,4058714,13,8090,0,0,0,11,18446744073709544448,18446744073709551030,18446744073709551030,18446744073709551335,5,1,1,7960485276117222286,1,0,12,4144075737639714082,0,2,1,0
PAWN_AUDIT_RESULT,4686,1,1,-312,0,0,-312,0,0,0,0,0
PAWN_AUDIT_ENTRY,4687,14267143678681226191,4237903419158107774,14765690363006638603,7309377314205354500,3437,18446744073709551347,18446744073709551348,18446744073709551345,7,6,1,22,18446744073709534930,18446744073709550278,12,0,1,0,0,0,0,3817,0,18446744073709551335,18446744073709551354,4058714,13,8091,0,0,0,9,18446744073709544606,18446744073709551030,18446744073709551030,18446744073709551335,5,1,1,7960485276117222286,1,0,12,4144075737639714082,0,0,1,0
PAWN_AUDIT_RESULT,4687,1,1,-395,0,0,-395,0,0,0,0,0
PAWN_AUDIT_ENTRY,4688,4237903419158107774,1407130087991775826,14765690363006638603,11031351385592379244,2415,18446744073709551347,18446744073709551348,18446744073709551345,7,6,1,24,18446744073709536835,18446744073709548874,12,0,1,0,0,0,0,3817,0,18446744073709551335,18446744073709551354,4058714,13,8092,0,0,0,10,18446744073709545472,18446744073709551030,18446744073709551030,18446744073709551335,5,1,1,7960485276117222286,1,0,12,4144075737639714082,0,2,1,0
PAWN_AUDIT_RESULT,4688,1,1,-527,0,0,-527,0,0,0,0,0
PAWN_AUDIT_ENTRY,4691,12678932785624101535,1155791896876719550,7908696578708155308,1729708961218070436,2202,18446744073709551347,18446744073709551348,18446744073709551346,10,9,1,5,18446744073709551565,18446744073709550278,10,0,1,0,0,0,0,2395,0,18446744073709551412,18446744073709551412,3499749,13,8095,0,0,0,9,18446744073709550267,18446744073709551030,3335,18446744073709551335,5,2,1,11155293981311553228,1,0,10,11665986506215397217,0,0,1,0
PAWN_AUDIT_RESULT,4691,1,1,-300,0,0,-300,0,0,0,0,0
PAWN_AUDIT_ENTRY,4692,1155791896876719550,12149837817238330874,7908696578708155308,8569384056704468533,2399,18446744073709551347,18446744073709551348,18446744073709551346,10,9,1,6,18446744073709551064,18446744073709549070,10,0,1,0,0,0,0,2395,0,18446744073709551412,18446744073709551412,3499749,13,8096,0,0,0,10,564,18446744073709550714,18446744073709550866,18446744073709551335,5,2,1,11155293981311553228,1,0,10,11665986506215397217,0,2,1,0
PAWN_AUDIT_RESULT,4692,1,1,-325,0,0,-325,0,0,0,0,0
PAWN_AUDIT_ENTRY,4693,12149837817238330874,12445040936552909186,7908696578708155308,15299371555102407160,3956,18446744073709551347,18446744073709551348,18446744073709551346,10,9,1,7,18446744073709544399,18446744073709550082,10,0,1,0,0,0,0,2395,0,18446744073709551412,18446744073709551412,3499749,13,8097,0,0,0,11,18446744073709547775,1687,18446744073709551030,18446744073709551335,5,2,1,11155293981311553228,1,0,10,11665986506215397217,0,2,1,0
PAWN_AUDIT_RESULT,4693,1,1,-278,0,0,-278,0,5,5,0,0
PAWN_AUDIT_ENTRY,4694,12445040936552909186,5677892317870437435,7908696578708155308,16607408636912549488,3826,18446744073709551347,18446744073709551348,18446744073709551346,10,9,1,8,18446744073709538633,18446744073709550565,10,0,1,0,0,0,0,2395,0,18446744073709551412,18446744073709551412,3499749,13,8103,0,0,0,13,18446744073709546355,18446744073709550899,18446744073709551030,18446744073709551335,5,2,1,11155293981311553228,1,0,10,11665986506215397217,0,2,1,0
PAWN_AUDIT_RESULT,4694,1,1,-303,0,0,-303,0,0,0,0,0
PAWN_AUDIT_ENTRY,4695,5677892317870437435,13689867050074675084,7908696578708155308,14148919649816165283,3437,18446744073709551347,18446744073709551348,18446744073709551346,10,9,1,9,18446744073709534429,18446744073709550278,10,0,1,0,0,0,0,2395,0,18446744073709551412,18446744073709551412,3499749,13,8104,0,0,0,9,18446744073709544571,18446744073709550644,18446744073709551030,18446744073709551335,5,2,1,11155293981311553228,1,0,10,11665986506215397217,0,0,1,0
PAWN_AUDIT_RESULT,4695,1,1,-556,0,0,-556,0,0,0,0,0
PAWN_AUDIT_ENTRY,4696,13689867050074675084,12270347209040685620,7908696578708155308,2258648857678719453,3567,18446744073709551347,18446744073709551348,18446744073709551346,10,9,1,10,18446744073709536786,18446744073709550278,10,0,1,0,0,0,0,2395,0,18446744073709551412,18446744073709551412,3499749,13,8105,0,0,0,9,18446744073709545450,18446744073709551030,18446744073709551030,18446744073709551335,5,2,1,11155293981311553228,1,0,10,11665986506215397217,0,0,1,0
PAWN_AUDIT_RESULT,4696,1,1,-292,0,0,-292,0,0,0,0,0
PAWN_AUDIT_ENTRY,4697,12270347209040685620,13107830862313913994,7908696578708155308,17527844789294881625,3559,18446744073709551347,18446744073709551348,18446744073709551346,10,9,1,11,18446744073709537103,18446744073709550278,10,0,1,0,0,0,0,2395,0,18446744073709551412,18446744073709551412,3499749,13,8106,0,0,0,9,18446744073709545594,18446744073709551030,18446744073709551030,18446744073709551335,5,2,1,11155293981311553228,1,0,10,11665986506215397217,0,0,1,0
PAWN_AUDIT_RESULT,4697,1,1,-299,0,0,-299,0,0,0,0,0
PAWN_AUDIT_ENTRY,4698,13107830862313913994,18419932023162987443,7908696578708155308,3516826975026833622,3641,18446744073709551347,18446744073709551348,18446744073709551346,10,9,1,12,18446744073709535315,18446744073709550125,10,0,1,0,0,0,0,2395,0,18446744073709551412,18446744073709551412,3499749,13,8107,0,0,0,12,18446744073709544781,18446744073709551030,18446744073709551030,18446744073709551335,5,2,1,11155293981311553228,1,0,10,11665986506215397217,0,2,1,0
PAWN_AUDIT_RESULT,4698,1,1,-281,0,0,-281,0,0,0,0,0
PAWN_AUDIT_ENTRY,4699,18419932023162987443,590597898766556122,7908696578708155308,4469941460957721088,3112,18446744073709551347,18446744073709551348,18446744073709551346,10,9,1,13,18446744073709534657,18446744073709550278,10,0,1,0,0,0,0,2395,0,18446744073709551412,18446744073709551412,3499749,13,8108,0,0,0,9,18446744073709544482,18446744073709551030,18446744073709551030,18446744073709551335,5,2,1,11155293981311553228,1,0,10,11665986506215397217,0,0,1,0
PAWN_AUDIT_RESULT,4699,1,1,-324,0,0,-324,0,0,0,0,0
PAWN_AUDIT_ENTRY,4700,590597898766556122,17978700166387179111,7908696578708155308,5338438250625335384,3763,18446744073709551347,18446744073709551348,18446744073709551346,10,9,1,14,18446744073709534508,18446744073709550323,10,0,1,0,0,0,0,2395,0,18446744073709551412,18446744073709551412,3499749,13,8109,0,0,0,11,18446744073709544446,18446744073709551030,18446744073709550964,18446744073709551335,5,2,1,11155293981311553228,1,0,10,11665986506215397217,0,2,1,0
PAWN_AUDIT_RESULT,4700,1,1,-287,0,0,-287,0,0,0,0,0
PAWN_AUDIT_ENTRY,4701,17978700166387179111,18034835510420000597,7908696578708155308,3383051485064770835,3494,18446744073709551347,18446744073709551348,18446744073709551346,10,9,1,15,18446744073709534552,18446744073709550278,10,0,1,0,0,0,0,2395,0,18446744073709551412,18446744073709551412,3499749,13,8110,0,0,0,9,18446744073709544434,18446744073709551030,18446744073709551030,18446744073709551335,5,2,1,11155293981311553228,1,0,10,11665986506215397217,0,0,1,0
PAWN_AUDIT_RESULT,4701,1,1,-356,0,0,-356,0,0,0,0,0
PAWN_AUDIT_ENTRY,4702,18034835510420000597,7588425487534325941,7908696578708155308,12551237256720421699,3502,18446744073709551347,18446744073709551348,18446744073709551346,10,9,1,16,18446744073709534550,18446744073709550278,10,0,1,0,0,0,0,2395,0,18446744073709551412,18446744073709551412,3499749,13,8111,0,0,0,9,18446744073709544433,18446744073709551030,18446744073709551030,18446744073709551335,5,2,1,11155293981311553228,1,0,10,11665986506215397217,0,0,1,0
PAWN_AUDIT_RESULT,4702,1,1,-312,0,0,-312,0,0,0,0,0
PAWN_AUDIT_ENTRY,4703,7588425487534325941,13136601760636101863,7908696578708155308,16178931246190708975,4094,18446744073709551347,18446744073709551348,18446744073709551346,10,9,1,17,18446744073709534930,18446744073709550278,10,0,1,0,0,0,0,2395,0,18446744073709551412,18446744073709551412,3499749,13,8112,0,0,0,12,18446744073709544606,18446744073709551030,18446744073709551030,18446744073709551335,5,2,1,11155293981311553228,1,0,10,11665986506215397217,0,2,1,0
PAWN_AUDIT_RESULT,4703,1,1,-356,0,0,-356,0,0,0,0,0
PAWN_AUDIT_ENTRY,4704,13136601760636101863,17893935542292188108,7908696578708155308,15646800560928464642,3827,18446744073709551347,18446744073709551348,18446744073709551346,10,9,1,19,18446744073709534550,18446744073709549919,10,0,1,0,0,0,0,2395,0,18446744073709551412,18446744073709551412,3499749,13,8113,0,0,0,13,18446744073709544433,18446744073709551030,18446744073709551030,18446744073709551335,5,2,1,11155293981311553228,1,0,10,11665986506215397217,0,2,1,0
PAWN_AUDIT_RESULT,4704,1,1,-311,0,0,-311,0,0,0,0,0
PAWN_AUDIT_ENTRY,4705,17893935542292188108,14728100902890183197,7908696578708155308,14640812892290704745,3761,18446744073709551347,18446744073709551348,18446744073709551346,10,9,1,20,18446744073709534763,18446744073709549755,10,0,1,0,0,0,0,2395,0,18446744073709551412,18446744073709551412,3499749,13,8114,0,0,0,11,18446744073709544530,18446744073709551030,18446744073709551030,18446744073709551335,5,2,1,11155293981311553228,1,0,10,11665986506215397217,0,2,1,0
PAWN_AUDIT_RESULT,4705,1,1,-299,0,0,-299,0,0,0,0,0
PAWN_AUDIT_ENTRY,4706,14728100902890183197,1079138975108728311,7908696578708155308,1245116063173227648,3828,18446744073709551347,18446744073709551348,18446744073709551346,10,9,1,21,18446744073709534578,18446744073709550278,10,0,1,0,0,0,0,2395,0,18446744073709551412,18446744073709551412,3499749,13,8115,0,0,0,13,18446744073709544446,18446744073709551030,18446744073709551030,18446744073709551335,5,2,1,11155293981311553228,1,0,10,11665986506215397217,0,2,1,0
PAWN_AUDIT_RESULT,4706,1,1,-361,0,0,-361,0,0,0,0,0
PAWN_AUDIT_ENTRY,4707,1079138975108728311,14776858489630899005,7908696578708155308,4052161209870010059,2415,18446744073709551347,18446744073709551348,18446744073709551346,10,9,1,22,18446744073709536382,18446744073709549059,10,0,1,0,0,0,0,2395,0,18446744073709551412,18446744073709551412,3499749,13,8116,0,0,0,10,18446744073709545266,18446744073709551030,18446744073709551030,18446744073709551335,5,2,1,11155293981311553228,1,0,10,11665986506215397217,0,2,1,0
PAWN_AUDIT_RESULT,4707,1,1,-402,0,0,-402,0,0,0,0,0
PAWN_AUDIT_ENTRY,4708,14776858489630899005,16580300106772742683,7908696578708155308,1092368508894634390,2420,18446744073709551347,18446744073709551348,18446744073709551346,10,9,1,23,18446744073709530836,915,10,0,1,0,0,0,0,2395,0,18446744073709551412,18446744073709551412,3499749,13,8117,0,0,0,10,18446744073709544796,18446744073709547838,18446744073709550091,18446744073709551335,5,2,1,11155293981311553228,1,0,10,11665986506215397217,0,2,1,0
PAWN_AUDIT_RESULT,4708,1,1,-332,0,0,-332,0,0,0,0,0
PAWN_AUDIT_ENTRY,4709,16580300106772742683,408253046032867995,7908696578708155308,11389594454951976134,3892,18446744073709551347,18446744073709551348,18446744073709551346,10,9,1,24,18446744073709534552,18446744073709548874,10,0,1,0,0,0,0,2395,0,18446744073709551412,18446744073709551412,3499749,13,8118,0,0,0,14,18446744073709544434,18446744073709551030,18446744073709551030,18446744073709551335,5,2,1,11155293981311553228,1,0,10,11665986506215397217,0,2,1,0
PAWN_AUDIT_RESULT,4709,1,1,-595,0,0,-595,0,0,0,0,0
PAWN_AUDIT_ENTRY,4710,408253046032867995,8208598560060717906,7908696578708155308,11868189681525151162,3891,18446744073709551347,18446744073709551348,18446744073709551346,10,9,1,25,18446744073709534550,18446744073709548874,10,0,1,0,0,0,0,2395,0,18446744073709551412,18446744073709551412,3499749,13,8119,0,0,0,14,18446744073709544433,18446744073709551030,18446744073709551030,18446744073709551335,5,2,1,11155293981311553228,1,0,10,11665986506215397217,0,2,1,0
PAWN_AUDIT_RESULT,4710,1,1,-467,0,0,-467,0,0,0,0,0
PAWN_AUDIT_ENTRY,4711,8208598560060717906,2272324337303513408,7908696578708155308,15419570019399747963,2072,18446744073709551347,18446744073709551348,18446744073709551346,10,9,1,27,18446744073709536549,18446744073709550278,10,0,1,0,0,0,0,2395,0,18446744073709551412,18446744073709551412,3499749,13,8120,0,0,0,9,18446744073709547352,18446744073709547010,18446744073709551030,18446744073709551335,5,2,1,11155293981311553228,1,0,10,11665986506215397217,0,0,1,0
PAWN_AUDIT_RESULT,4711,1,1,-321,0,0,-321,0,0,0,0,0
PAWN_AUDIT_ENTRY,4714,3801368528112045771,17426923739643796292,5909224459955919348,10271574352865243422,991,268,269,214,6,5,1,2,18446744073709546648,18446744073709550278,13,0,1,0,0,1,0,0,0,258,302,18446744073705354291,13,8131,0,0,0,1,18446744073709549934,18446744073709551030,18446744073709551030,258,4,1,1,11155293981311553228,0,0,13,12722798137899809150,0,0,1,0
PAWN_AUDIT_RESULT,4714,1,1,235,0,0,235,0,0,0,0,0
PAWN_AUDIT_ENTRY,4715,17426923739643796292,10565719026349646837,5909224459955919348,16772362174667104930,391,268,269,235,6,5,1,3,18446744073709540474,18446744073709549897,13,0,1,0,0,1,0,0,0,258,302,18446744073705354291,13,8132,0,0,0,6,18446744073709544471,4726,18446744073709551030,258,4,1,1,11155293981311553228,0,0,13,12722798137899809150,0,1,1,0
PAWN_AUDIT_RESULT,4715,1,1,232,0,0,232,0,0,0,0,0
PAWN_AUDIT_ENTRY,4716,10565719026349646837,5751412762692143365,5909224459955919348,13848482319746024731,593,268,269,235,6,5,1,4,18446744073709542190,18446744073709550278,13,0,1,0,0,1,0,0,0,258,302,18446744073705354291,13,8133,0,0,0,1,18446744073709547907,18446744073709551030,18446744073709551030,258,4,1,1,11155293981311553228,0,0,13,12722798137899809150,0,0,1,0
PAWN_AUDIT_RESULT,4716,1,1,201,0,0,201,0,0,0,0,0
PAWN_AUDIT_ENTRY,4719,6423212860143769204,17161021035584635723,5909224459955919348,6470306332312232932,166,268,269,235,6,5,1,8,18446744073709541893,18446744073709548903,13,0,1,0,0,1,0,0,0,258,302,18446744073705354291,13,8136,0,0,0,3,18446744073709547772,18446744073709551030,18446744073709551030,258,4,1,1,11155293981311553228,0,0,13,12722798137899809150,0,1,1,0
PAWN_AUDIT_RESULT,4719,1,1,252,0,0,252,0,0,0,0,0
PAWN_AUDIT_ENTRY,4720,17161021035584635723,9474728315830001766,5909224459955919348,2583481543509842959,658,268,269,252,6,5,1,9,18446744073709541003,18446744073709550278,13,0,1,0,0,1,0,0,0,258,302,18446744073705354291,13,8137,0,0,0,1,18446744073709547605,18446744073709550929,18446744073709550644,258,4,1,1,11155293981311553228,0,0,13,12722798137899809150,0,0,1,0
PAWN_AUDIT_RESULT,4720,1,1,269,1,5,286,0,5,15,1,1
PAWN_AUDIT_ENTRY,4725,18055275201524824055,687406172227697552,12722798137899809150,15166434155782681412,2420,18446744073709551347,18446744073709551348,18446744073709551333,8,7,3,4,18446744073709535248,3012,12,0,0,0,0,1,0,2722,0,18446744073709551328,18446744073709551323,3224817,13,8157,0,0,0,10,18446744073709544724,18446744073709551030,18446744073709551085,18446744073709551328,4,2,1,15612587136633976202,9,0,12,5041927898693099095,0,10,1,0
PAWN_AUDIT_RESULT,4725,3,3,-338,0,0,-338,0,0,0,0,0
PAWN_AUDIT_ENTRY,4726,687406172227697552,18145663193548190533,12722798137899809150,649478785990912810,3956,18446744073709551347,18446744073709551348,18446744073709551333,8,7,3,7,18446744073709542709,18446744073709548369,12,0,0,0,0,1,0,2722,0,18446744073709551328,18446744073709551323,3224817,13,8158,0,0,0,11,18446744073709548143,18446744073709551030,18446744073709551030,18446744073709551328,4,2,1,15612587136633976202,9,0,12,5041927898693099095,0,10,1,0
PAWN_AUDIT_RESULT,4726,3,3,-295,0,0,-295,0,0,0,0,0
PAWN_AUDIT_ENTRY,4727,18145663193548190533,11108841082285470145,12722798137899809150,1694548350283892078,2673,18446744073709551347,18446744073709551348,18446744073709551333,8,7,3,8,18446744073709541906,18446744073709550093,12,0,0,0,0,1,0,2722,0,18446744073709551328,18446744073709551323,3224817,13,8159,0,0,0,13,18446744073709547778,18446744073709551030,18446744073709551030,18446744073709551328,4,2,1,15612587136633976202,9,0,12,5041927898693099095,0,10,1,0
PAWN_AUDIT_RESULT,4727,3,3,-329,0,0,-329,0,0,0,0,0
PAWN_AUDIT_ENTRY,4735,1556615322351877397,698829336585272203,1517072148404631507,12479964444197197060,2072,18446744073709551347,18446744073709551348,18446744073709551335,10,9,5,4,18446744073709537681,6607,10,0,0,0,0,1,0,0,0,18446744073709551303,18446744073709551341,18446744073708932714,13,8179,0,0,0,9,18446744073709547790,18446744073709546735,18446744073709551472,18446744073709551303,3,1,1,15612587136633976202,7,0,10,15648043178610445086,0,0,1,0
PAWN_AUDIT_RESULT,4735,5,5,-310,0,0,-310,0,1,1,0,0
PAWN_AUDIT_ENTRY,4736,698829336585272203,7578609677396367740,1517072148404631507,8639087061594815977,2420,18446744073709551347,18446744073709551348,18446744073709551335,10,9,4,5,18446744073709540607,1003,10,0,0,0,0,1,0,0,0,18446744073709551303,18446744073709551341,18446744073708932714,13,8181,0,0,0,10,18446744073709544673,18446744073709547838,7883,18446744073709551303,3,1,1,15612587136633976202,7,0,10,15648043178610445086,0,8,1,0
PAWN_AUDIT_RESULT,4736,4,4,-349,0,0,-349,0,0,0,0,0
PAWN_AUDIT_ENTRY,4737,7578609677396367740,15608915611824678284,1517072148404631507,12438561638958556551,3956,18446744073709551347,18446744073709551348,18446744073709551335,10,9,4,6,18446744073709548470,18446744073709548550,10,0,0,0,0,1,0,0,0,18446744073709551303,18446744073709551341,18446744073708932714,13,8182,0,0,0,11,18446744073709549178,1732,291,18446744073709551303,3,1,1,15612587136633976202,7,0,10,15648043178610445086,0,8,1,0
PAWN_AUDIT_RESULT,4737,4,4,-290,0,0,-290,0,3,3,0,0
PAWN_AUDIT_ENTRY,4738,15608915611824678284,2464742836072447780,1517072148404631507,1017951863287372362,2399,18446744073709551347,18446744073709551348,18446744073709551335,10,9,4,8,18446744073709545526,18446744073709547844,10,0,0,0,0,1,0,0,0,18446744073709551303,18446744073709551341,18446744073708932714,13,8186,0,0,0,10,18446744073709550107,18446744073709550434,18446744073709550237,18446744073709551303,3,1,1,15612587136633976202,7,0,10,15648043178610445086,0,8,1,0
PAWN_AUDIT_RESULT,4738,4,4,-305,0,0,-305,0,0,0,0,0
PAWN_AUDIT_ENTRY,4740,16966727384408570471,9438034423828941122,1517072148404631507,8041605912347018886,3833,18446744073709551347,18446744073709551348,18446744073709551335,10,9,3,10,18446744073709542404,18446744073709549987,10,0,0,0,0,1,0,0,0,18446744073709551303,18446744073709551341,18446744073708932714,13,8188,0,0,0,13,18446744073709548914,18446744073709550801,18446744073709549392,18446744073709551303,3,1,1,15612587136633976202,7,0,10,15648043178610445086,0,8,1,0
PAWN_AUDIT_RESULT,4740,3,3,-327,0,0,-327,0,0,0,0,0
PAWN_AUDIT_ENTRY,4741,9438034423828941122,16452649562162106808,1517072148404631507,7463794568438019490,3567,18446744073709551347,18446744073709551348,18446744073709551335,10,9,2,12,18446744073709536542,18446744073709549530,10,0,0,0,0,1,0,0,0,18446744073709551303,18446744073709551341,18446744073708932714,13,8189,0,0,0,9,18446744073709545339,18446744073709551030,18446744073709551030,18446744073709551303,3,1,1,15612587136633976202,7,0,10,15648043178610445086,0,0,1,0
PAWN_AUDIT_RESULT,4741,2,2,-297,0,0,-297,0,0,0,0,0
PAWN_AUDIT_ENTRY,4742,16452649562162106808,10373261941189354753,1517072148404631507,15483973099309551420,3502,18446744073709551347,18446744073709551348,18446744073709551335,10,9,2,14,18446744073709534550,18446744073709549983,10,0,0,0,0,1,0,0,0,18446744073709551303,18446744073709551341,18446744073708932714,13,8190,0,0,0,9,18446744073709544433,18446744073709551030,18446744073709551030,18446744073709551303,3,1,1,15612587136633976202,7,0,10,15648043178610445086,0,0,1,0
PAWN_AUDIT_RESULT,4742,2,2,-329,0,0,-329,0,0,0,0,0
PAWN_AUDIT_ENTRY,4743,10373261941189354753,9921661219243821936,1517072148404631507,10084550560707413798,3559,18446744073709551347,18446744073709551348,18446744073709551335,10,9,2,15,18446744073709535955,18446744073709549982,10,0,0,0,0,1,0,0,0,18446744073709551303,18446744073709551341,18446744073708932714,13,8191,0,0,0,9,18446744073709545432,18446744073709551030,18446744073709550288,18446744073709551303,3,1,1,15612587136633976202,7,0,10,15648043178610445086,0,0,1,0
PAWN_AUDIT_RESULT,4743,2,2,-305,0,0,-305,0,0,0,0,0
PAWN_AUDIT_ENTRY,4744,9921661219243821936,13734571173880700308,1517072148404631507,17203189108478589253,2593,18446744073709551347,18446744073709551348,18446744073709551335,10,9,2,20,18446744073709540690,18446744073709546622,10,0,0,0,0,1,0,0,0,18446744073709551303,18446744073709551341,18446744073708932714,13,8192,0,0,0,11,18446744073709548414,18446744073709550928,18446744073709548685,18446744073709551303,3,1,1,15612587136633976202,7,0,10,15648043178610445086,0,8,1,0
PAWN_AUDIT_RESULT,4744,2,2,-331,0,0,-331,0,0,0,0,0
PAWN_AUDIT_ENTRY,4745,13734571173880700308,11537537214084667118,4860604190059411435,1405521533202603631,3817,18446744073709551347,18446744073709551348,18446744073709551347,12,11,8,3,18446744073709550239,4323,8,0,1,0,0,1,0,2722,0,18446744073709551395,18446744073709551395,3433440,13,8193,0,0,0,13,1002,18446744073709550318,18446744073709549598,18446744073709551350,1,2,1,15612587136633976202,5,0,8,4302967405866308909,0,6,1,0
PAWN_AUDIT_ENTRY,4749,10693345849843446739,10473525588168281779,1330739892054041106,17358563774892507800,2722,18446744073709551347,18446744073709551348,18446744073709551081,10,9,5,3,18446744073709547374,18446744073709549422,10,0,0,0,0,0,0,0,0,18446744073709551264,18446744073709551264,18446744073706768029,13,8205,0,0,0,9,18446744073709550489,18446744073709549878,138,18446744073709551266,7,1,1,8766533126470652475,0,0,10,1405521533202603631,0,0,1,0
PAWN_AUDIT_RESULT,4749,5,5,-349,0,0,-349,0,0,0,0,0
PAWN_AUDIT_ENTRY,4750,10473525588168281779,10315106194769716855,1330739892054041106,14332765595330817460,2388,18446744073709551347,18446744073709551348,18446744073709551267,10,9,5,4,18446744073709550945,18446744073709550278,10,0,0,0,0,0,0,0,0,18446744073709551264,18446744073709551264,18446744073706768029,13,8206,0,0,0,10,272,18446744073709551030,18446744073709551030,18446744073709551266,7,1,1,8766533126470652475,0,0,10,1405521533202603631,0,1,1,0
PAWN_AUDIT_RESULT,4750,5,5,-1597,0,0,-1597,0,1,1,0,0
PAWN_AUDIT_ENTRY,4751,10315106194769716855,13630224488118653664,1330739892054041106,5155146466125598581,2415,18446744073709551347,18446744073709551348,18446744073709551267,10,9,3,5,18446744073709536019,18446744073709549908,10,0,0,0,0,0,0,0,0,18446744073709551264,18446744073709551264,18446744073706768029,13,8208,0,0,0,10,18446744073709545101,18446744073709551030,18446744073709551030,18446744073709551266,7,1,1,8766533126470652475,0,0,10,1405521533202603631,0,1,1,0
PAWN_AUDIT_RESULT,4751,3,3,-331,0,0,-331,0,0,0,0,0
PAWN_AUDIT_ENTRY,4752,13630224488118653664,10155555152507719314,1330739892054041106,12386200925163073606,3956,18446744073709551347,18446744073709551348,18446744073709551285,10,9,4,6,18446744073709546054,18446744073709550278,10,0,0,0,0,0,0,0,0,18446744073709551264,18446744073709551264,18446744073706768029,13,8209,0,0,0,11,18446744073709549664,18446744073709551030,18446744073709551030,18446744073709551266,7,1,1,8766533126470652475,0,0,10,1405521533202603631,0,1,1,0
PAWN_AUDIT_RESULT,4752,4,4,-379,0,0,-379,0,0,0,0,0
PAWN_AUDIT_ENTRY,4753,10155555152507719314,8482429021644315169,1330739892054041106,8114983074335385640,2420,18446744073709551347,18446744073709551348,18446744073709551285,10,9,3,7,18446744073709535031,18446744073709550278,10,0,0,0,0,0,0,0,0,18446744073709551264,18446744073709551264,18446744073706768029,13,8210,0,0,0,10,18446744073709544625,18446744073709551030,18446744073709551085,18446744073709551266,7,1,1,8766533126470652475,0,0,10,1405521533202603631,0,1,1,0
PAWN_AUDIT_RESULT,4753,3,3,-297,0,0,-297,0,0,0,0,0
PAWN_AUDIT_ENTRY,4755,15650412539619511476,14394679484808280787,1330739892054041106,5706008589936691772,2664,18446744073709551347,18446744073709551348,18446744073709551319,10,9,3,13,18446744073709542753,18446744073709548874,10,0,0,0,0,0,0,0,0,18446744073709551264,18446744073709551264,18446744073706768029,13,8212,0,0,0,13,18446744073709548163,18446744073709551030,18446744073709551030,18446744073709551266,7,1,1,8766533126470652475,0,0,10,1405521533202603631,0,1,1,0
PAWN_AUDIT_RESULT,4755,3,3,-467,0,0,-467,0,0,0,0,0
PAWN_AUDIT_ENTRY,4756,14394679484808280787,15403328458997259327,1330739892054041106,737415149710239712,2657,18446744073709551347,18446744073709551348,18446744073709551319,10,9,3,14,18446744073709542282,18446744073709548874,10,0,0,0,0,0,0,0,0,18446744073709551264,18446744073709551264,18446744073706768029,13,8213,0,0,0,13,18446744073709547949,18446744073709551030,18446744073709551030,18446744073709551266,7,1,1,8766533126470652475,0,0,10,1405521533202603631,0,1,1,0
PAWN_AUDIT_RESULT,4756,3,3,-477,0,0,-477,0,0,0,0,0
PAWN_AUDIT_ENTRY,4757,15403328458997259327,4554974013633103102,1330739892054041106,10010369626930138894,2649,18446744073709551347,18446744073709551348,18446744073709551319,10,9,3,15,18446744073709542454,18446744073709548874,10,0,0,0,0,0,0,0,0,18446744073709551264,18446744073709551264,18446744073706768029,13,8214,0,0,0,13,18446744073709548027,18446744073709551030,18446744073709551030,18446744073709551266,7,1,1,8766533126470652475,0,0,10,1405521533202603631,0,1,1,0
PAWN_AUDIT_RESULT,4757,3,3,-508,0,0,-508,0,0,0,0,0
PAWN_AUDIT_ENTRY,4758,4554974013633103102,12589485990902906180,1330739892054041106,7624497879386342790,2674,18446744073709551347,18446744073709551348,18446744073709551319,10,9,3,17,18446744073709542337,18446744073709548874,10,0,0,0,0,0,0,0,0,18446744073709551264,18446744073709551264,18446744073706768029,13,8215,0,0,0,13,18446744073709547974,18446744073709551030,18446744073709551030,18446744073709551266,7,1,1,8766533126470652475,0,0,10,1405521533202603631,0,1,1,0
PAWN_AUDIT_RESULT,4758,3,3,-422,0,0,-422,0,0,0,0,0
PAWN_AUDIT_ENTRY,4759,12589485990902906180,16597412469322963365,1330739892054041106,13070562264760917506,2673,18446744073709551347,18446744073709551348,18446744073709551319,10,9,3,18,18446744073709540936,18446744073709548874,10,0,0,0,0,0,0,0,0,18446744073709551264,18446744073709551264,18446744073706768029,13,8216,0,0,0,13,18446744073709547337,18446744073709551030,18446744073709551030,18446744073709551266,7,1,1,8766533126470652475,0,0,10,1405521533202603631,0,1,1,0
PAWN_AUDIT_RESULT,4759,3,3,-448,0,0,-448,0,0,0,0,0
PAWN_AUDIT_ENTRY,4760,16597412469322963365,10304160832724265242,1330739892054041106,11016823970962022671,2681,18446744073709551347,18446744073709551348,18446744073709551319,10,9,3,19,18446744073709541658,18446744073709548874,10,0,0,0,0,0,0,0,0,18446744073709551264,18446744073709551264,18446744073706768029,13,8217,0,0,0,13,18446744073709547665,18446744073709551030,18446744073709551030,18446744073709551266,7,1,1,8766533126470652475,0,0,10,1405521533202603631,0,1,1,0
PAWN_AUDIT_RESULT,4760,3,3,-471,0,0,-471,0,0,0,0,0
PAWN_AUDIT_ENTRY,4761,10304160832724265242,12695197649028046903,1330739892054041106,4792537267507989398,2683,18446744073709551347,18446744073709551348,18446744073709551319,10,9,3,20,18446744073709540758,18446744073709548874,10,0,0,0,0,0,0,0,0,18446744073709551264,18446744073709551264,18446744073706768029,13,8218,0,0,0,13,18446744073709547464,18446744073709551030,18446744073709550601,18446744073709551266,7,1,1,8766533126470652475,0,0,10,1405521533202603631,0,1,1,0
PAWN_AUDIT_RESULT,4761,3,3,-438,0,0,-438,0,0,0,0,0
PAWN_AUDIT_ENTRY,4762,12695197649028046903,3310000755541924427,1330739892054041106,8104134916097486089,3899,18446744073709551347,18446744073709551348,18446744073709551319,10,9,2,22,18446744073709539022,18446744073709548874,10,0,0,0,0,0,0,0,0,18446744073709551264,18446744073709551264,18446744073706768029,13,8219,0,0,0,14,18446744073709546597,18446744073709551030,18446744073709550761,18446744073709551266,7,1,1,8766533126470652475,0,0,10,1405521533202603631,0,1,1,0
PAWN_AUDIT_RESULT,4762,2,2,-597,0,0,-597,0,0,0,0,0
PAWN_AUDIT_ENTRY,4763,3310000755541924427,9029373987501654979,1330739892054041106,12271104465368006853,2072,18446744073709551347,18446744073709551348,18446744073709551319,10,9,3,34,18446744073709541213,18446744073709549586,10,0,0,0,0,0,0,0,0,18446744073709551264,18446744073709551264,18446744073706768029,13,8220,0,0,0,9,18446744073709548784,18446744073709550113,18446744073709549253,18446744073709551266,7,1,1,8766533126470652475,0,0,10,1405521533202603631,0,0,1,0
PAWN_AUDIT_RESULT,4763,3,3,-376,0,0,-376,0,0,0,0,0
PAWN_AUDIT_RESULT,4745,8,8,-294,0,0,-294,0,27,27,0,0
PAWN_AUDIT_ENTRY,4764,9029373987501654979,16770842099692281650,4860604190059411435,18106811759702496572,2072,18446744073709551347,18446744073709551348,18446744073709551347,12,11,6,4,18446744073709539854,6607,8,0,1,0,0,1,0,2722,0,18446744073709551395,18446744073709551395,3433440,13,8221,0,0,0,9,18446744073709547924,18446744073709549250,18446744073709550640,18446744073709551350,1,2,1,15612587136633976202,5,0,8,4302967405866308909,0,0,1,0
PAWN_AUDIT_RESULT,4764,6,6,-304,0,0,-304,0,1,1,0,0
PAWN_AUDIT_ENTRY,4765,16770842099692281650,13947948948131415453,4860604190059411435,2422337640365293009,2420,18446744073709551347,18446744073709551348,18446744073709551347,12,11,5,5,18446744073709536750,1003,8,0,1,0,0,1,0,2722,0,18446744073709551395,18446744073709551395,3433440,13,8223,0,0,0,10,18446744073709545992,175,18446744073709549095,18446744073709551350,1,2,1,15612587136633976202,5,0,8,4302967405866308909,0,6,1,0
PAWN_AUDIT_RESULT,4765,5,5,-338,0,0,-338,0,0,0,0,0
PAWN_AUDIT_ENTRY,4768,2093331167275056599,14979358005946354745,4860604190059411435,18079499761096009151,3956,18446744073709551347,18446744073709551348,18446744073709551347,12,11,5,8,18446744073709543079,18446744073709549139,8,0,1,0,0,1,0,2722,0,18446744073709551395,18446744073709551395,3433440,13,8228,0,0,0,11,18446744073709548630,18446744073709550288,18446744073709551138,18446744073709551350,1,2,1,15612587136633976202,5,0,8,4302967405866308909,0,6,1,0
PAWN_AUDIT_RESULT,4768,5,5,-274,0,0,-274,0,5,5,0,0
PAWN_AUDIT_ENTRY,4770,12403464810054716480,1256443944277027231,4860604190059411435,16928484636205328356,3437,18446744073709551347,18446744073709551348,18446744073709551347,12,11,4,9,18446744073709534792,18446744073709549718,8,0,1,0,0,1,0,2722,0,18446744073709551395,18446744073709551395,3433440,13,8234,0,0,0,9,18446744073709544543,18446744073709551030,18446744073709551030,18446744073709551350,1,2,1,15612587136633976202,5,0,8,4302967405866308909,0,0,1,0
PAWN_AUDIT_RESULT,4770,4,4,-404,0,0,-404,0,0,0,0,0
PAWN_AUDIT_ENTRY,4771,1256443944277027231,7649153026247908703,4860604190059411435,15963687934287234846,3559,18446744073709551347,18446744073709551348,18446744073709551347,12,11,4,10,18446744073709536001,18446744073709549982,8,0,1,0,0,1,0,2722,0,18446744073709551395,18446744073709551395,3433440,13,8235,0,0,0,9,18446744073709545373,18446744073709550470,18446744073709551030,18446744073709551350,1,2,1,15612587136633976202,5,0,8,4302967405866308909,0,0,1,0
PAWN_AUDIT_RESULT,4771,4,4,-301,0,0,-301,0,0,0,0,0
PAWN_AUDIT_ENTRY,4773,2329285105957173233,7884575632536705319,4860604190059411435,3597625460872394138,3567,18446744073709551347,18446744073709551348,18446744073709551347,12,11,4,12,18446744073709536500,18446744073709549530,8,0,1,0,0,1,0,2722,0,18446744073709551395,18446744073709551395,3433440,13,8238,0,0,0,9,18446744073709545320,18446744073709551030,18446744073709551030,18446744073709551350,1,2,1,15612587136633976202,5,0,8,4302967405866308909,0,0,1,0
PAWN_AUDIT_RESULT,4773,4,4,-305,0,0,-305,0,0,0,0,0
PAWN_AUDIT_ENTRY,4774,7884575632536705319,16410255770395053693,4860604190059411435,9267268569144692484,3502,18446744073709551347,18446744073709551348,18446744073709551347,12,11,4,13,18446744073709534550,18446744073709549983,8,0,1,0,0,1,0,2722,0,18446744073709551395,18446744073709551395,3433440,13,8239,0,0,0,9,18446744073709544433,18446744073709551030,18446744073709551030,18446744073709551350,1,2,1,15612587136633976202,5,0,8,4302967405866308909,0,0,1,0
PAWN_AUDIT_RESULT,4774,4,4,-338,0,0,-338,0,0,0,0,0
PAWN_AUDIT_ENTRY,4775,16410255770395053693,2007108307026605296,4860604190059411435,19706573553117524,3494,18446744073709551347,18446744073709551348,18446744073709551347,12,11,4,14,18446744073709534550,18446744073709549871,8,0,1,0,0,1,0,2722,0,18446744073709551395,18446744073709551395,3433440,13,8240,0,0,0,9,18446744073709544433,18446744073709551030,18446744073709551030,18446744073709551350,1,2,1,15612587136633976202,5,0,8,4302967405866308909,0,0,1,0
PAWN_AUDIT_RESULT,4775,4,4,-350,0,0,-350,0,0,0,0,0
PAWN_AUDIT_ENTRY,4776,2007108307026605296,225987344008603487,4860604190059411435,14469043377550008887,3826,18446744073709551347,18446744073709551348,18446744073709551347,12,11,4,15,18446744073709538121,18446744073709547520,8,0,1,0,0,1,0,2722,0,18446744073709551395,18446744073709551395,3433440,13,8241,0,0,0,13,18446744073709546057,18446744073709551030,18446744073709551030,18446744073709551350,1,2,1,15612587136633976202,5,0,8,4302967405866308909,0,6,1,0
PAWN_AUDIT_RESULT,4776,4,4,-303,0,0,-303,0,0,0,0,0
PAWN_AUDIT_ENTRY,4777,225987344008603487,3262806150876002670,4860604190059411435,1206239518787104327,3112,18446744073709551347,18446744073709551348,18446744073709551347,12,11,4,16,18446744073709534635,18446744073709549124,8,0,1,0,0,1,0,2722,0,18446744073709551395,18446744073709551395,3433440,13,8242,0,0,0,9,18446744073709544472,18446744073709551030,18446744073709551030,18446744073709551350,1,2,1,15612587136633976202,5,0,8,4302967405866308909,0,0,1,0
PAWN_AUDIT_RESULT,4777,4,4,-340,0,0,-340,0,0,0,0,0
PAWN_AUDIT_ENTRY,4778,3262806150876002670,10147105706356052025,4860604190059411435,2196428274069370001,3641,18446744073709551347,18446744073709551348,18446744073709551347,12,11,4,17,18446744073709535267,18446744073709547645,8,0,1,0,0,1,0,2722,0,18446744073709551395,18446744073709551395,3433440,13,8243,0,0,0,12,18446744073709544759,18446744073709551030,18446744073709551030,18446744073709551350,1,2,1,15612587136633976202,5,0,8,4302967405866308909,0,6,1,0
PAWN_AUDIT_RESULT,4778,4,4,-296,0,0,-296,0,16,16,0,0
PAWN_AUDIT_ENTRY,4786,8901434410124342585,16218171401721329760,4860604190059411435,1623876721676671628,2415,18446744073709551347,18446744073709551348,18446744073709551347,12,11,4,20,18446744073709534938,18446744073709546298,8,0,1,0,0,1,0,2722,0,18446744073709551395,18446744073709551395,3433440,13,8260,0,0,0,10,18446744073709545068,18446744073709550913,18446744073709550206,18446744073709551350,1,2,1,15612587136633976202,5,0,8,4302967405866308909,0,6,1,0
PAWN_AUDIT_RESULT,4786,4,4,-362,0,0,-362,0,0,0,0,0
PAWN_AUDIT_ENTRY,4787,16218171401721329760,13507423524169328123,4860604190059411435,17839209290028352325,3827,18446744073709551347,18446744073709551348,18446744073709551347,12,11,4,21,18446744073709534550,18446744073709545861,8,0,1,0,0,1,0,2722,0,18446744073709551395,18446744073709551395,3433440,13,8261,0,0,0,13,18446744073709544433,18446744073709551030,18446744073709551030,18446744073709551350,1,2,1,15612587136633976202,5,0,8,4302967405866308909,0,6,1,0
PAWN_AUDIT_RESULT,4787,4,4,-313,0,0,-313,0,0,0,0,0
PAWN_AUDIT_ENTRY,4788,13507423524169328123,7544345416659054804,4860604190059411435,12734763227793113217,3892,18446744073709551347,18446744073709551348,18446744073709551347,12,11,4,22,18446744073709534550,18446744073709545940,8,0,1,0,0,1,0,2722,0,18446744073709551395,18446744073709551395,3433440,13,8262,0,0,0,14,18446744073709544433,18446744073709551030,18446744073709551030,18446744073709551350,1,2,1,15612587136633976202,5,0,8,4302967405866308909,0,6,1,0
PAWN_AUDIT_RESULT,4788,4,4,-485,0,0,-485,0,0,0,0,0
PAWN_AUDIT_ENTRY,4789,7544345416659054804,12260419481423841204,4860604190059411435,7251060575702785055,3763,18446744073709551347,18446744073709551348,18446744073709551347,12,11,4,23,18446744073709534574,18446744073709545607,8,0,1,0,0,1,0,2722,0,18446744073709551395,18446744073709551395,3433440,13,8263,0,0,0,11,18446744073709544444,18446744073709551030,18446744073709551030,18446744073709551350,1,2,1,15612587136633976202,5,0,8,4302967405866308909,0,6,1,0
PAWN_AUDIT_RESULT,4789,4,4,-319,0,0,-319,0,0,0,0,0
PAWN_AUDIT_ENTRY,4790,12260419481423841204,18235718147471327286,4860604190059411435,5312390502285002186,3929,18446744073709551347,18446744073709551348,18446744073709551347,12,11,4,24,18446744073709532876,18446744073709547406,8,0,1,0,0,1,0,2722,0,18446744073709551395,18446744073709551395,3433440,13,8264,0,0,0,11,18446744073709544443,18446744073709549488,18446744073709551030,18446744073709551350,1,2,1,15612587136633976202,5,0,8,4302967405866308909,0,6,1,0
PAWN_AUDIT_RESULT,4790,4,4,-349,0,0,-349,0,0,0,0,0
PAWN_AUDIT_ENTRY,4791,18235718147471327286,6641935145583901328,4860604190059411435,9944308352676284925,3891,18446744073709551347,18446744073709551348,18446744073709551347,12,11,4,25,18446744073709534550,18446744073709545443,8,0,1,0,0,1,0,2722,0,18446744073709551395,18446744073709551395,3433440,13,8265,0,0,0,14,18446744073709544433,18446744073709551030,18446744073709551030,18446744073709551350,1,2,1,15612587136633976202,5,0,8,4302967405866308909,0,6,1,0
PAWN_AUDIT_RESULT,4791,4,4,-428,0,0,-428,0,0,0,0,0
PAWN_AUDIT_ENTRY,4792,6641935145583901328,8744012933275942280,4860604190059411435,4607897198362470599,3828,18446744073709551347,18446744073709551348,18446744073709551347,12,11,4,26,18446744073709533441,18446744073709546033,8,0,1,0,0,1,0,2722,0,18446744073709551395,18446744073709551395,3433440,13,8266,0,0,0,13,18446744073709544443,18446744073709550002,18446744073709551030,18446744073709551350,1,2,1,15612587136633976202,5,0,8,4302967405866308909,0,6,1,0
PAWN_AUDIT_RESULT,4792,4,4,-346,0,0,-346,0,0,0,0,0
PAWN_AUDIT_ENTRY,4793,8744012933275942280,2294516690261462532,4860604190059411435,14857969316385608872,4094,18446744073709551347,18446744073709551348,18446744073709551347,12,11,4,27,18446744073709534580,18446744073709545222,8,0,1,0,0,1,0,2722,0,18446744073709551395,18446744073709551395,3433440,13,8267,0,0,0,12,18446744073709544571,18446744073709550782,18446744073709551030,18446744073709551350,1,2,1,15612587136633976202,5,0,8,4302967405866308909,0,6,1,0
PAWN_AUDIT_RESULT,4793,4,4,-327,0,0,-327,0,0,0,0,0
PAWN_AUDIT_ENTRY,4794,2294516690261462532,16920689575051721228,4860604190059411435,16544990973835966766,3761,18446744073709551347,18446744073709551348,18446744073709551347,12,11,4,28,18446744073709534588,18446744073709544629,8,0,1,0,0,1,0,2722,0,18446744073709551395,18446744073709551395,3433440,13,8268,0,0,0,11,18446744073709544516,18446744073709550899,18446744073709551030,18446744073709551350,1,2,1,15612587136633976202,5,0,8,4302967405866308909,0,6,1,0
PAWN_AUDIT_RESULT,4794,4,4,-301,0,0,-301,0,0,0,0,0
PAWN_AUDIT_ENTRY,4806,2338699884923586772,17483671774270331146,1091929556768710447,13194232695973494264,2072,18446744073709551347,18446744073709551348,18446744073709551337,9,8,2,4,18446744073709541974,6607,8,0,0,0,0,0,0,0,0,18446744073709551293,18446744073709551293,653763,13,8286,0,0,0,9,18446744073709549742,18446744073709546735,18446744073709551472,18446744073709551325,4,1,1,15612587136633976202,5,0,8,14052336312547402722,0,0,1,0
PAWN_AUDIT_RESULT,4806,2,2,-289,0,0,-289,0,0,0,0,0
PAWN_AUDIT_ENTRY,4807,17483671774270331146,12205938487146569863,1091929556768710447,17129138870723477413,2722,18446744073709551347,18446744073709551348,18446744073709551337,9,8,2,5,18446744073709545524,245,8,0,0,0,0,0,0,0,0,18446744073709551293,18446744073709551293,653763,13,8287,0,0,0,9,18446744073709550849,18446744073709549378,18446744073709549794,18446744073709551325,4,1,1,15612587136633976202,5,0,8,14052336312547402722,0,0,1,0
PAWN_AUDIT_RESULT,4807,2,2,-286,0,0,-286,0,0,0,0,0
PAWN_AUDIT_ENTRY,4808,12205938487146569863,2774880821313988932,1091929556768710447,11620976550425936309,3386,18446744073709551347,18446744073709551348,18446744073709551337,9,8,1,8,18446744073709543742,18446744073709548779,8,0,0,0,0,0,0,0,0,18446744073709551293,18446744073709551293,653763,13,8288,0,0,0,10,18446744073709548613,18446744073709551030,18446744073709551030,18446744073709551325,4,1,1,15612587136633976202,5,0,8,14052336312547402722,0,6,1,0
PAWN_AUDIT_RESULT,4808,1,1,-361,0,0,-361,0,0,0,0,0
PAWN_AUDIT_ENTRY,4809,2774880821313988932,14422375650341933241,1091929556768710447,8481242137497251450,3833,18446744073709551347,18446744073709551348,18446744073709551337,9,8,1,9,18446744073709540893,18446744073709548945,8,0,0,0,0,0,0,0,0,18446744073709551293,18446744073709551293,653763,13,8289,0,0,0,13,18446744073709548227,18446744073709550801,18446744073709549392,18446744073709551325,4,1,1,15612587136633976202,5,0,8,14052336312547402722,0,6,1,0
PAWN_AUDIT_RESULT,4809,1,1,-343,0,0,-343,0,0,0,0,0
PAWN_AUDIT_ENTRY,4815,5117152216005823210,14786243279836321678,4453890496646428273,9652165429064619174,2072,18446744073709551347,18446744073709551348,18446744073709551319,8,7,4,2,18446744073709546073,6607,8,0,0,0,0,0,0,0,0,18446744073709551209,18446744073709551209,18446744073708498868,13,8302,0,0,0,9,18446744073709550532,18446744073709548548,201,18446744073709551308,5,1,1,15612587136633976202,5,0,8,14458690078914253144,0,0,1,0
PAWN_AUDIT_RESULT,4815,4,4,-295,0,0,-295,0,4,4,0,0
PAWN_AUDIT_ENTRY,4819,9539480957731235860,16939152973687833040,4453890496646428273,16095540601128556283,2722,18446744073709551347,18446744073709551348,18446744073709551321,8,7,2,4,18446744073709550233,245,8,0,0,0,0,0,0,0,0,18446744073709551209,18446744073709551209,18446744073708498868,13,8308,0,0,0,9,24,382,18446744073709549877,18446744073709551308,5,1,1,15612587136633976202,5,0,8,14458690078914253144,0,0,1,0
PAWN_AUDIT_RESULT,4819,2,2,-307,0,0,-307,0,0,0,0,0
PAWN_AUDIT_ENTRY,4820,16939152973687833040,9634113353376510210,4453890496646428273,9537631372286239781,3956,18446744073709551347,18446744073709551348,18446744073709551321,8,7,1,5,18446744073709549571,18446744073709549325,8,0,0,0,0,0,0,0,0,18446744073709551209,18446744073709551209,18446744073708498868,13,8309,0,0,0,11,18446744073709548674,18446744073709551030,4749,18446744073709551308,5,1,1,15612587136633976202,5,0,8,14458690078914253144,0,6,1,0
PAWN_AUDIT_RESULT,4820,1,1,-328,0,0,-328,0,0,0,0,0
PAWN_AUDIT_ENTRY,4821,9634113353376510210,6540762814423943168,4453890496646428273,10688518666870335102,3437,18446744073709551347,18446744073709551348,18446744073709551321,8,7,1,6,18446744073709543148,18446744073709549718,8,0,0,0,0,0,0,0,0,18446744073709551209,18446744073709551209,18446744073708498868,13,8310,0,0,0,9,18446744073709544521,18446744073709551030,7288,18446744073709551308,5,1,1,15612587136633976202,5,0,8,14458690078914253144,0,0,1,0
PAWN_AUDIT_RESULT,4821,1,1,-320,0,0,-320,0,0,0,0,0
PAWN_AUDIT_ENTRY,4823,16206580661384068383,13913555484105882297,6439792270408228631,16240745987920362944,2072,18446744073709551347,18446744073709551348,18446744073709551347,11,10,5,4,18446744073709544392,6607,6,0,1,0,0,1,0,3365,0,18446744073709551363,18446744073709551363,2956039,13,8312,0,0,0,9,106,18446744073709550100,18446744073709546191,18446744073709551335,7,2,1,15612587136633976202,3,0,6,11787467322429518204,0,0,1,0
PAWN_AUDIT_RESULT,4823,5,5,-291,0,0,-291,0,1,1,0,0
PAWN_AUDIT_ENTRY,4824,13913555484105882297,1502948081572460399,6439792270408228631,696794957449344659,3817,18446744073709551347,18446744073709551348,18446744073709551347,11,10,5,5,18446744073709549507,4953,6,0,1,0,0,1,0,3365,0,18446744073709551363,18446744073709551363,2956039,13,8314,0,0,0,13,1806,18446744073709549021,18446744073709548592,18446744073709551335,7,2,1,15612587136633976202,3,0,6,11787467322429518204,0,4,1,0
PAWN_AUDIT_RESULT,4824,5,5,-269,0,0,-269,0,13,13,0,0
PAWN_AUDIT_ENTRY,4864,2146394778170494939,6067446233285261370,7017789377064479501,7448455967074595390,3370,18446744073709551347,18446744073709551348,18446744073709551335,8,7,2,4,18446744073709551464,18446744073709550978,8,0,0,0,0,0,0,0,0,18446744073709551289,18446744073709551289,2771651,13,8385,0,0,1,10,508,18446744073709551030,18446744073709551030,18446744073709551299,2,1,1,16181860050169201040,0,0,8,13533037442558410653,0,1,1,0
PAWN_AUDIT_RESULT,4864,2,2,-329,0,0,-329,0,0,0,0,0
PAWN_AUDIT_ENTRY,4865,6067446233285261370,13971408242115681339,7017789377064479501,15661328036288711130,2072,18446744073709551347,18446744073709551348,18446744073709551335,8,7,1,5,18446744073709545485,18446744073709550278,8,0,0,0,0,0,0,0,0,18446744073709551289,18446744073709551289,2771651,13,8386,0,0,1,9,18446744073709550545,18446744073709548751,18446744073709551030,18446744073709551299,2,1,1,16181860050169201040,0,0,8,13533037442558410653,0,0,1,0
PAWN_AUDIT_RESULT,4865,1,1,-359,0,0,-359,0,0,0,0,0
PAWN_AUDIT_ENTRY,4866,13971408242115681339,18289391357477341694,7017789377064479501,16923465035347541713,3826,18446744073709551347,18446744073709551348,18446744073709551335,8,7,1,7,18446744073709541764,18446744073709550278,8,0,0,0,0,0,0,0,0,18446744073709551289,18446744073709551289,2771651,13,8387,0,0,1,13,18446744073709545845,3151,18446744073709551030,18446744073709551299,2,1,1,16181860050169201040,0,0,8,13533037442558410653,0,1,1,0
PAWN_AUDIT_RESULT,4866,1,1,-296,0,0,-296,0,0,0,0,0
PAWN_AUDIT_ENTRY,4867,18289391357477341694,7144403131503261671,6439792270408228631,17349244709516873496,3437,18446744073709551347,18446744073709551348,18446744073709551347,11,10,4,8,18446744073709541493,18446744073709549718,6,0,1,0,0,1,0,3365,0,18446744073709551363,18446744073709551363,2956039,13,8388,0,0,0,9,18446744073709545701,18446744073709551030,3306,18446744073709551335,7,2,1,15612587136633976202,3,0,6,11787467322429518204,0,0,1,0
PAWN_AUDIT_RESULT,4867,4,4,-426,0,0,-426,0,0,0,0,0
PAWN_AUDIT_ENTRY,4868,7144403131503261671,13701005819372984342,6439792270408228631,11146719795284158456,3502,18446744073709551347,18446744073709551348,18446744073709551347,11,10,3,9,18446744073709534550,18446744073709549983,6,0,1,0,0,1,0,3365,0,18446744073709551363,18446744073709551363,2956039,13,8389,0,0,0,9,18446744073709544433,18446744073709551030,18446744073709551030,18446744073709551335,7,2,1,15612587136633976202,3,0,6,11787467322429518204,0,0,1,0
PAWN_AUDIT_RESULT,4868,3,3,-321,0,0,-321,0,0,0,0,0
PAWN_AUDIT_ENTRY,4869,13701005819372984342,2997766617807166432,6439792270408228631,1904154266476904872,3494,18446744073709551347,18446744073709551348,18446744073709551347,11,10,3,10,18446744073709534550,18446744073709549871,6,0,1,0,0,1,0,3365,0,18446744073709551363,18446744073709551363,2956039,13,8390,0,0,0,9,18446744073709544433,18446744073709551030,18446744073709551030,18446744073709551335,7,2,1,15612587136633976202,3,0,6,11787467322429518204,0,0,1,0
PAWN_AUDIT_RESULT,4869,3,3,-362,0,0,-362,0,0,0,0,0
PAWN_AUDIT_ENTRY,4870,2997766617807166432,3848065387891240345,6439792270408228631,3154697299935501670,3567,18446744073709551347,18446744073709551348,18446744073709551347,11,10,3,11,18446744073709536030,18446744073709549530,6,0,1,0,0,1,0,3365,0,18446744073709551363,18446744073709551363,2956039,13,8391,0,0,0,9,18446744073709545195,18446744073709551030,18446744073709550847,18446744073709551335,7,2,1,15612587136633976202,3,0,6,11787467322429518204,0,0,1,0
PAWN_AUDIT_RESULT,4870,3,3,-311,0,0,-311,0,0,0,0,0
PAWN_AUDIT_ENTRY,4871,3848065387891240345,798390588799418590,6439792270408228631,11688799005325746318,3429,18446744073709551347,18446744073709551348,18446744073709551347,11,10,3,12,18446744073709534114,18446744073709549469,6,0,1,0,0,1,0,3365,0,18446744073709551363,18446744073709551363,2956039,13,8392,0,0,0,9,18446744073709544433,18446744073709551030,18446744073709550622,18446744073709551335,7,2,1,15612587136633976202,3,0,6,11787467322429518204,0,0,1,0
PAWN_AUDIT_RESULT,4871,3,3,-434,0,0,-434,0,0,0,0,0
PAWN_AUDIT_ENTRY,4872,798390588799418590,17530846547364314826,6439792270408228631,763225183630575291,3112,18446744073709551347,18446744073709551348,18446744073709551347,11,10,3,13,18446744073709534618,18446744073709549124,6,0,1,0,0,1,0,3365,0,18446744073709551363,18446744073709551363,2956039,13,8393,0,0,0,9,18446744073709544464,18446744073709551030,18446744073709551030,18446744073709551335,7,2,1,15612587136633976202,3,0,6,11787467322429518204,0,0,1,0
PAWN_AUDIT_RESULT,4872,3,3,-355,0,0,-355,0,0,0,0,0
PAWN_AUDIT_ENTRY,4873,17530846547364314826,11944309621812086587,6439792270408228631,311222064155352173,3641,18446744073709551347,18446744073709551348,18446744073709551347,11,10,3,14,18446744073709535196,18446744073709547645,6,0,1,0,0,1,0,3365,0,18446744073709551363,18446744073709551363,2956039,13,8394,0,0,0,12,18446744073709544727,18446744073709551030,18446744073709551030,18446744073709551335,7,2,1,15612587136633976202,3,0,6,11787467322429518204,0,4,1,0
PAWN_AUDIT_RESULT,4873,3,3,-307,0,0,-307,0,0,0,0,0
PAWN_AUDIT_ENTRY,4874,11944309621812086587,325670166502328229,6439792270408228631,15197035735412574923,3826,18446744073709551347,18446744073709551348,18446744073709551347,11,10,3,15,18446744073709538919,18446744073709547520,6,0,1,0,0,1,0,3365,0,18446744073709551363,18446744073709551363,2956039,13,8395,0,0,0,13,18446744073709546638,18446744073709551030,18446744073709550580,18446744073709551335,7,2,1,15612587136633976202,3,0,6,11787467322429518204,0,4,1,0
PAWN_AUDIT_RESULT,4874,3,3,-312,0,0,-312,0,0,0,0,0
PAWN_AUDIT_ENTRY,4875,325670166502328229,8277766555833523629,6439792270408228631,11051210649220633202,3390,18446744073709551347,18446744073709551348,18446744073709551347,11,10,3,16,18446744073709535466,18446744073709545620,6,0,1,0,0,1,0,3365,0,18446744073709551363,18446744073709551363,2956039,13,8396,0,0,0,10,18446744073709545081,18446744073709551030,18446744073709550553,18446744073709551335,7,2,1,15612587136633976202,3,0,6,11787467322429518204,0,4,1,0
PAWN_AUDIT_RESULT,4875,3,3,-348,0,0,-348,0,0,0,0,0
PAWN_AUDIT_ENTRY,4876,8277766555833523629,17611854953828121192,6439792270408228631,17130412481156754361,3827,18446744073709551347,18446744073709551348,18446744073709551347,11,10,3,17,18446744073709534550,18446744073709545861,6,0,1,0,0,1,0,3365,0,18446744073709551363,18446744073709551363,2956039,13,8397,0,0,0,13,18446744073709544433,18446744073709551030,18446744073709551030,18446744073709551335,7,2,1,15612587136633976202,3,0,6,11787467322429518204,0,4,1,0
PAWN_AUDIT_RESULT,4876,3,3,-334,0,0,-334,0,0,0,0,0
PAWN_AUDIT_ENTRY,4877,17611854953828121192,18223491494558669215,6439792270408228631,15283235188753595476,4094,18446744073709551347,18446744073709551348,18446744073709551347,11,10,3,18,18446744073709534334,18446744073709545222,6,0,1,0,0,1,0,3365,0,18446744073709551363,18446744073709551363,2956039,13,8398,0,0,0,12,18446744073709544543,18446744073709551030,18446744073709550601,18446744073709551335,7,2,1,15612587136633976202,3,0,6,11787467322429518204,0,4,1,0
PAWN_AUDIT_RESULT,4877,3,3,-359,0,0,-359,0,0,0,0,0
PAWN_AUDIT_ENTRY,4878,18223491494558669215,322939012757308189,6439792270408228631,9118126905397327075,3763,18446744073709551347,18446744073709551348,18446744073709551347,11,10,3,19,18446744073709534567,18446744073709545607,6,0,1,0,0,1,0,3365,0,18446744073709551363,18446744073709551363,2956039,13,8399,0,0,0,11,18446744073709544441,18446744073709551030,18446744073709551030,18446744073709551335,7,2,1,15612587136633976202,3,0,6,11787467322429518204,0,4,1,0
PAWN_AUDIT_RESULT,4878,3,3,-333,0,0,-333,0,0,0,0,0
PAWN_AUDIT_ENTRY,4879,322939012757308189,9409073149123335218,6439792270408228631,10388589325175578881,3891,18446744073709551347,18446744073709551348,18446744073709551347,11,10,3,20,18446744073709534550,18446744073709545443,6,0,1,0,0,1,0,3365,0,18446744073709551363,18446744073709551363,2956039,13,8400,0,0,0,14,18446744073709544433,18446744073709551030,18446744073709551030,18446744073709551335,7,2,1,15612587136633976202,3,0,6,11787467322429518204,0,4,1,0
PAWN_AUDIT_RESULT,4879,3,3,-467,0,0,-467,0,0,0,0,0
PAWN_AUDIT_ENTRY,4880,9409073149123335218,10090471489391938605,6439792270408228631,18424635716151562706,3761,18446744073709551347,18446744073709551348,18446744073709551347,11,10,3,21,18446744073709534708,18446744073709544629,6,0,1,0,0,1,0,3365,0,18446744073709551363,18446744073709551363,2956039,13,8401,0,0,0,11,18446744073709544505,18446744073709551030,18446744073709551030,18446744073709551335,7,2,1,15612587136633976202,3,0,6,11787467322429518204,0,4,1,0
PAWN_AUDIT_RESULT,4880,3,3,-320,0,0,-320,0,0,0,0,0
PAWN_AUDIT_ENTRY,4882,9032115913758655570,7785271143952998210,7175934500048600089,15828480294089334478,2072,18446744073709551347,18446744073709551348,18446744073709551347,13,12,6,3,18446744073709545173,6607,4,0,1,0,0,1,0,4020,0,18446744073709551335,18446744073709551319,1731200,13,8403,0,0,0,9,18446744073709549337,18446744073709544844,5635,18446744073709551335,8,2,1,15612587136633976202,1,0,4,11764256427223326382,0,0,1,0
PAWN_AUDIT_RESULT,4882,6,6,-280,0,0,-280,0,1,1,0,0
PAWN_AUDIT_ENTRY,4896,373762997411899381,4935194341349028124,7283822964379495196,15936359996951284171,2072,18446744073709551347,18446744073709551348,18446744073709551347,7,6,1,3,18446744073709545692,18446744073709550278,8,0,0,0,0,0,0,0,0,18446744073709551284,18446744073709551284,18446744073708666159,13,8453,0,0,0,9,18446744073709551252,18446744073709549250,18446744073709549253,18446744073709551310,1,1,1,11155293981311553228,3,0,8,2149964874939550170,0,0,1,0
PAWN_AUDIT_RESULT,4896,1,1,-305,0,0,-305,0,0,0,0,0
PAWN_AUDIT_ENTRY,4897,4935194341349028124,7710415586324881261,7283822964379495196,15890470357288302920,3956,18446744073709551347,18446744073709551348,18446744073709551347,7,6,1,4,18446744073709543923,18446744073709550127,8,0,0,0,0,0,0,0,0,18446744073709551284,18446744073709551284,18446744073708666159,13,8454,0,0,0,11,18446744073709549066,18446744073709550288,18446744073709551030,18446744073709551310,1,1,1,11155293981311553228,3,0,8,2149964874939550170,0,4,1,0
PAWN_AUDIT_RESULT,4897,1,1,-318,0,0,-318,0,0,0,0,0
PAWN_AUDIT_ENTRY,4898,7710415586324881261,12341160942240393035,7283822964379495196,1212922838397585172,2202,18446744073709551347,18446744073709551348,18446744073709551347,7,6,1,5,18446744073709540996,18446744073709550278,8,0,0,0,0,0,0,0,0,18446744073709551284,18446744073709551284,18446744073708666159,13,8455,0,0,0,9,18446744073709547184,18446744073709551390,18446744073709551030,18446744073709551310,1,1,1,11155293981311553228,3,0,8,2149964874939550170,0,0,1,0
PAWN_AUDIT_RESULT,4898,1,1,-302,0,0,-302,0,0,0,0,0
PAWN_AUDIT_ENTRY,4899,12341160942240393035,4335695331793348566,7283822964379495196,1388485044081466168,2666,18446744073709551347,18446744073709551348,18446744073709551347,7,6,1,6,18446744073709541541,18446744073709550278,8,0,0,0,0,0,0,0,0,18446744073709551284,18446744073709551284,18446744073708666159,13,8456,0,0,0,13,18446744073709547757,18446744073709551030,18446744073709550731,18446744073709551310,1,1,1,11155293981311553228,3,0,8,2149964874939550170,0,4,1,0
PAWN_AUDIT_RESULT,4899,1,1,-342,0,0,-342,0,0,0,0,0
PAWN_AUDIT_ENTRY,4900,4335695331793348566,6635281190261500041,7283822964379495196,4056962680336909106,2664,18446744073709551347,18446744073709551348,18446744073709551347,7,6,1,7,18446744073709541132,18446744073709550278,8,0,0,0,0,0,0,0,0,18446744073709551284,18446744073709551284,18446744073708666159,13,8457,0,0,0,13,18446744073709547426,18446744073709551030,18446744073709551030,18446744073709551310,1,1,1,11155293981311553228,3,0,8,2149964874939550170,0,4,1,0
PAWN_AUDIT_RESULT,4900,1,1,-342,0,0,-342,0,0,0,0,0
PAWN_AUDIT_ENTRY,4902,8419402734534462445,5630450153403007646,7283822964379495196,9032313953170419438,2657,18446744073709551347,18446744073709551348,18446744073709551347,7,6,1,10,18446744073709541091,18446744073709550278,8,0,0,0,0,0,0,0,0,18446744073709551284,18446744073709551284,18446744073708666159,13,8459,0,0,0,13,18446744073709547254,18446744073709551337,18446744073709551030,18446744073709551310,1,1,1,11155293981311553228,3,0,8,2149964874939550170,0,4,1,0
PAWN_AUDIT_RESULT,4902,1,1,-359,0,0,-359,0,0,0,0,0
PAWN_AUDIT_ENTRY,4915,12121969901352904057,16592139125353148220,6308220265082239403,5886562690373722264,3370,18446744073709551347,18446744073709551348,18446744073709551281,6,5,2,4,18446744073709550092,18446744073709550342,8,0,0,0,0,0,0,0,0,18446744073709551163,18446744073709551163,6462946,13,8482,0,0,1,10,18446744073709551500,18446744073709551030,18446744073709551030,18446744073709551306,3,1,1,16181860050169201040,0,0,8,10169268091684695355,0,1,1,0
PAWN_AUDIT_RESULT,4915,2,2,-344,0,0,-344,0,0,0,0,0
PAWN_AUDIT_ENTRY,4916,16592139125353148220,2782365941765063525,6308220265082239403,17273354568395086716,2072,18446744073709551347,18446744073709551348,18446744073709551281,6,5,1,5,18446744073709542310,18446744073709550278,8,0,0,0,0,0,0,0,0,18446744073709551163,18446744073709551163,6462946,13,8483,0,0,1,9,18446744073709551450,18446744073709548751,18446744073709546191,18446744073709551306,3,1,1,16181860050169201040,0,0,8,10169268091684695355,0,0,1,0
PAWN_AUDIT_RESULT,4916,1,1,-412,0,0,-412,0,0,0,0,0
PAWN_AUDIT_ENTRY,4917,2782365941765063525,4969199536828763958,5558297396907532382,17662852301297812105,2072,18446744073709551347,18446744073709551348,18446744073709551347,9,8,3,4,18446744073709542208,18446744073709550278,6,0,0,0,0,1,0,0,0,18446744073709551308,18446744073709551308,18446744073709500179,13,8484,0,0,0,9,18446744073709550063,18446744073709546735,18446744073709551030,18446744073709551312,5,1,1,11155293981311553228,1,0,6,9297601447441063059,0,0,1,0
PAWN_AUDIT_RESULT,4917,3,3,-303,0,0,-303,0,0,0,0,0
PAWN_AUDIT_ENTRY,4918,4969199536828763958,15941289045023534606,5558297396907532382,4099250415255637078,2202,18446744073709551347,18446744073709551348,18446744073709551347,9,8,3,5,18446744073709544923,18446744073709550278,6,0,0,0,0,1,0,0,0,18446744073709551308,18446744073709551308,18446744073709500179,13,8485,0,0,0,9,18446744073709547699,18446744073709550801,2639,18446744073709551312,5,1,1,11155293981311553228,1,0,6,9297601447441063059,0,0,1,0
PAWN_AUDIT_RESULT,4918,3,3,-319,0,0,-319,0,0,0,0,0
PAWN_AUDIT_ENTRY,4919,15941289045023534606,14031486504428653255,5558297396907532382,17631617781671784970,3956,18446744073709551347,18446744073709551348,18446744073709551347,9,8,3,6,18446744073709547152,18446744073709549946,6,0,0,0,0,1,0,0,0,18446744073709551308,18446744073709551308,18446744073709500179,13,8486,0,0,0,11,18446744073709548945,1732,18446744073709551152,18446744073709551312,5,1,1,11155293981311553228,1,0,6,9297601447441063059,0,2,1,0
PAWN_AUDIT_RESULT,4919,3,3,-319,0,0,-319,0,0,0,0,0
PAWN_AUDIT_ENTRY,4920,14031486504428653255,10645322957061278257,5558297396907532382,5026264182841087341,3814,18446744073709551347,18446744073709551348,18446744073709551347,9,8,2,7,18446744073709537869,18446744073709550278,6,0,0,0,0,1,0,0,0,18446744073709551308,18446744073709551308,18446744073709500179,13,8487,0,0,0,13,18446744073709546068,18446744073709550779,18446744073709551030,18446744073709551312,5,1,1,11155293981311553228,1,0,6,9297601447441063059,0,2,1,0
PAWN_AUDIT_RESULT,4920,2,2,-466,0,0,-466,0,0,0,0,0
PAWN_AUDIT_ENTRY,4922,11333508804166966897,16180958833064805078,7175934500048600089,15709987701010394701,3956,18446744073709551347,18446744073709551348,18446744073709551347,13,12,5,6,18446744073709542363,18446744073709549807,4,0,1,0,0,1,0,4020,0,18446744073709551335,18446744073709551319,1731200,13,8489,0,0,0,11,18446744073709548647,18446744073709551427,18446744073709549259,18446744073709551335,8,2,1,15612587136633976202,1,0,4,11764256427223326382,0,2,1,0
PAWN_AUDIT_RESULT,4922,5,5,-296,0,0,-296,0,4,4,0,0
PAWN_AUDIT_ENTRY,4925,184860426964757058,17225854833877589435,7175934500048600089,18259904280720346348,3559,18446744073709551347,18446744073709551348,18446744073709551347,13,12,4,7,18446744073709535854,18446744073709549982,4,0,1,0,0,1,0,4020,0,18446744073709551335,18446744073709551319,1731200,13,8494,0,0,0,9,18446744073709545257,18446744073709548740,1297,18446744073709551335,8,2,1,15612587136633976202,1,0,4,11764256427223326382,0,0,1,0
PAWN_AUDIT_RESULT,4925,4,4,-305,0,0,-305,0,4,4,0,0
PAWN_AUDIT_ENTRY,4928,6269674775251213621,3130728608200708951,7175934500048600089,11563462650198934774,3502,18446744073709551347,18446744073709551348,18446744073709551347,13,12,4,8,18446744073709533827,18446744073709549983,4,0,1,0,0,1,0,4020,0,18446744073709551335,18446744073709551319,1731200,13,8499,0,0,0,9,18446744073709544433,18446744073709550680,18446744073709550714,18446744073709551335,8,2,1,15612587136633976202,1,0,4,11764256427223326382,0,0,1,0
PAWN_AUDIT_RESULT,4928,4,4,-372,0,0,-372,0,0,0,0,0
PAWN_AUDIT_ENTRY,4929,3130728608200708951,7453227547708606176,7175934500048600089,14559100478902561814,3437,18446744073709551347,18446744073709551348,18446744073709551347,13,12,4,9,18446744073709534850,18446744073709549718,4,0,1,0,0,1,0,4020,0,18446744073709551335,18446744073709551319,1731200,13,8500,0,0,0,9,18446744073709545450,18446744073709550173,18446744073709550099,18446744073709551335,8,2,1,15612587136633976202,1,0,4,11764256427223326382,0,0,1,0
PAWN_AUDIT_RESULT,4929,4,4,-399,0,0,-399,0,0,0,0,0
PAWN_AUDIT_ENTRY,4930,7453227547708606176,3036531570597964281,7175934500048600089,2352106800754877094,3494,18446744073709551347,18446744073709551348,18446744073709551347,13,12,4,10,18446744073709533525,18446744073709549871,4,0,1,0,0,1,0,4020,0,18446744073709551335,18446744073709551319,1731200,13,8501,0,0,0,9,18446744073709544433,18446744073709550521,18446744073709550594,18446744073709551335,8,2,1,15612587136633976202,1,0,4,11764256427223326382,0,0,1,0
PAWN_AUDIT_RESULT,4930,4,4,-412,0,0,-412,0,0,0,0,0
PAWN_AUDIT_ENTRY,4931,3036531570597964281,6233660805839338868,7175934500048600089,11024321887151948672,3429,18446744073709551347,18446744073709551348,18446744073709551347,13,12,4,11,18446744073709533591,18446744073709549469,4,0,1,0,0,1,0,4020,0,18446744073709551335,18446744073709551319,1731200,13,8502,0,0,0,9,18446744073709544433,18446744073709550879,18446744073709550287,18446744073709551335,8,2,1,15612587136633976202,1,0,4,11764256427223326382,0,0,1,0
PAWN_AUDIT_RESULT,4931,4,4,-360,0,0,-360,0,0,0,0,0
PAWN_AUDIT_ENTRY,4932,6233660805839338868,16821453737267605775,7175934500048600089,1229213188112449128,3567,18446744073709551347,18446744073709551348,18446744073709551347,13,12,4,12,18446744073709534818,18446744073709549530,4,0,1,0,0,1,0,4020,0,18446744073709551335,18446744073709551319,1731200,13,8503,0,0,0,9,18446744073709545105,18446744073709550724,18446744073709550212,18446744073709551335,8,2,1,15612587136633976202,1,0,4,11764256427223326382,0,0,1,0
PAWN_AUDIT_RESULT,4932,4,4,-307,0,0,-307,0,0,0,0,0
PAWN_AUDIT_ENTRY,4933,16821453737267605775,5427337112446672355,7175934500048600089,3485561647598020021,3112,18446744073709551347,18446744073709551348,18446744073709551347,13,12,3,13,18446744073709532403,18446744073709549124,4,0,1,0,0,1,0,4020,0,18446744073709551335,18446744073709551319,1731200,13,8504,0,0,0,9,18446744073709544457,18446744073709550269,18446744073709549753,18446744073709551335,8,2,1,15612587136633976202,1,0,4,11764256427223326382,0,0,1,0
PAWN_AUDIT_RESULT,4933,3,3,-352,0,0,-352,0,0,0,0,0
PAWN_AUDIT_ENTRY,4934,5427337112446672355,15629803364166387402,7175934500048600089,11884422248099116916,3807,18446744073709551347,18446744073709551348,18446744073709551347,13,12,3,14,18446744073709533542,18446744073709548102,4,0,1,0,0,1,0,4020,0,18446744073709551335,18446744073709551319,1731200,13,8505,0,0,0,13,18446744073709544441,18446744073709550521,18446744073709550594,18446744073709551335,8,2,1,15612587136633976202,1,0,4,11764256427223326382,0,2,1,0
PAWN_AUDIT_RESULT,4934,3,3,-357,0,0,-357,0,0,0,0,0
PAWN_AUDIT_ENTRY,4935,15629803364166387402,6021735300499064069,7175934500048600089,16730311730769422789,3826,18446744073709551347,18446744073709551348,18446744073709551347,13,12,4,15,18446744073709537668,18446744073709547520,4,0,1,0,0,1,0,4020,0,18446744073709551335,18446744073709551319,1731200,13,8506,0,0,0,13,18446744073709546371,18446744073709550397,18446744073709550611,18446744073709551335,8,2,1,15612587136633976202,1,0,4,11764256427223326382,0,2,1,0
PAWN_AUDIT_RESULT,4935,4,4,-307,0,0,-307,0,0,0,0,0
PAWN_AUDIT_ENTRY,4936,6021735300499064069,8708628717229149110,7175934500048600089,4510663210614832995,3641,18446744073709551347,18446744073709551348,18446744073709551347,13,12,3,16,18446744073709534317,18446744073709547645,4,0,1,0,0,1,0,4020,0,18446744073709551335,18446744073709551319,1731200,13,8507,0,0,0,12,18446744073709544697,18446744073709550632,18446744073709550678,18446744073709551335,8,2,1,15612587136633976202,1,0,4,11764256427223326382,0,2,1,0
PAWN_AUDIT_RESULT,4936,3,3,-299,0,0,-299,0,0,0,0,0
PAWN_AUDIT_ENTRY,4937,8708628717229149110,10123577297680532608,7175934500048600089,7743342267321551146,3814,18446744073709551347,18446744073709551348,18446744073709551347,13,12,4,17,18446744073709539730,18446744073709546871,4,0,1,0,0,1,0,4020,0,18446744073709551335,18446744073709551319,1731200,13,8508,0,0,0,13,18446744073709545745,18446744073709549093,3560,18446744073709551335,8,2,1,15612587136633976202,1,0,4,11764256427223326382,0,2,1,0
PAWN_AUDIT_RESULT,4937,4,4,-392,0,0,-392,0,0,0,0,0
PAWN_AUDIT_ENTRY,4938,10123577297680532608,2843435812560843701,7175934500048600089,10700987477469435425,4015,18446744073709551347,18446744073709551348,18446744073709551347,13,12,3,18,18446744073709533427,18446744073709546298,4,0,1,0,0,1,0,4020,0,18446744073709551335,18446744073709551319,1731200,13,8509,0,0,0,10,18446744073709544452,18446744073709550680,18446744073709550300,18446744073709551335,8,2,1,15612587136633976202,1,0,4,11764256427223326382,0,2,1,0
PAWN_AUDIT_RESULT,4938,3,3,-303,0,0,-303,0,0,0,0,0
PAWN_AUDIT_ENTRY,4939,2843435812560843701,4160279885390316439,7175934500048600089,2238524022485705525,3828,18446744073709551347,18446744073709551348,18446744073709551347,13,12,3,19,18446744073709533133,18446744073709546033,4,0,1,0,0,1,0,4020,0,18446744073709551335,18446744073709551319,1731200,13,8510,0,0,0,13,18446744073709544441,18446744073709550632,18446744073709550096,18446744073709551335,8,2,1,15612587136633976202,1,0,4,11764256427223326382,0,2,1,0
PAWN_AUDIT_RESULT,4939,3,3,-365,0,0,-365,0,0,0,0,0
PAWN_AUDIT_ENTRY,4940,4160279885390316439,12995003483456247479,7175934500048600089,15524970040245143735,3827,18446744073709551347,18446744073709551348,18446744073709551347,13,12,3,20,18446744073709533635,18446744073709545861,4,0,1,0,0,1,0,4020,0,18446744073709551335,18446744073709551319,1731200,13,8511,0,0,0,13,18446744073709544433,18446744073709550579,18446744073709550638,18446744073709551335,8,2,1,15612587136633976202,1,0,4,11764256427223326382,0,2,1,0
PAWN_AUDIT_RESULT,4940,3,3,-325,0,0,-325,0,0,0,0,0
PAWN_AUDIT_ENTRY,4941,12995003483456247479,14654619337608382344,7175934500048600089,10401248080783018867,3892,18446744073709551347,18446744073709551348,18446744073709551347,13,12,3,21,18446744073709533109,18446744073709545940,4,0,1,0,0,1,0,4020,0,18446744073709551335,18446744073709551319,1731200,13,8512,0,0,0,14,18446744073709544433,18446744073709550302,18446744073709550430,18446744073709551335,8,2,1,15612587136633976202,1,0,4,11764256427223326382,0,2,1,0
PAWN_AUDIT_RESULT,4941,3,3,-461,0,0,-461,0,0,0,0,0
PAWN_AUDIT_ENTRY,4942,14654619337608382344,4180869245274095568,7175934500048600089,12313712641563525647,3891,18446744073709551347,18446744073709551348,18446744073709551347,13,12,3,22,18446744073709533263,18446744073709545443,4,0,1,0,0,1,0,4020,0,18446744073709551335,18446744073709551319,1731200,13,8513,0,0,0,14,18446744073709544433,18446744073709550383,18446744073709550491,18446744073709551335,8,2,1,15612587136633976202,1,0,4,11764256427223326382,0,2,1,0
PAWN_AUDIT_RESULT,4942,3,3,-488,0,0,-488,0,0,0,0,0
PAWN_AUDIT_ENTRY,4943,4180869245274095568,5875605934369482308,7175934500048600089,4918685639681202157,3763,18446744073709551347,18446744073709551348,18446744073709551347,13,12,3,24,18446744073709533345,18446744073709545607,4,0,1,0,0,1,0,4020,0,18446744073709551335,18446744073709551319,1731200,13,8514,0,0,0,11,18446744073709544439,18446744073709550449,18446744073709550488,18446744073709551335,8,2,1,15612587136633976202,1,0,4,11764256427223326382,0,2,1,0
PAWN_AUDIT_RESULT,4943,3,3,-337,0,0,-337,0,0,0,0,0
PAWN_AUDIT_ENTRY,4944,5875605934369482308,5070797287814775467,7175934500048600089,14229617853493981916,3761,18446744073709551347,18446744073709551348,18446744073709551347,13,12,3,25,18446744073709532812,18446744073709544629,4,0,1,0,0,1,0,4020,0,18446744073709551335,18446744073709551319,1731200,13,8515,0,0,0,11,18446744073709544493,18446744073709550367,18446744073709549961,18446744073709551335,8,2,1,15612587136633976202,1,0,4,11764256427223326382,0,2,1,0
PAWN_AUDIT_RESULT,4944,3,3,-307,0,0,-307,0,0,0,0,0
PAWN_AUDIT_ENTRY,4945,5070797287814775467,5829910173903772515,7175934500048600089,7591723897851121208,3929,18446744073709551347,18446744073709551348,18446744073709551347,13,12,3,29,18446744073709531425,18446744073709547406,4,0,1,0,0,1,0,4020,0,18446744073709551335,18446744073709551319,1731200,13,8516,0,0,0,11,18446744073709544441,18446744073709550855,18446744073709548266,18446744073709551335,8,2,1,15612587136633976202,1,0,4,11764256427223326382,0,2,1,0
PAWN_AUDIT_RESULT,4945,3,3,-310,0,0,-310,0,0,0,0,0
PAWN_AUDIT_ENTRY,4962,114490466523724177,1558388277907420158,11117489975942811227,969697130889190606,216,293,294,250,7,6,1,2,18446744073709544356,18446744073709550278,15,0,1,0,0,0,0,0,1,384,384,18446744073709290274,13,8572,0,0,0,5,18446744073709548673,18446744073709550926,18446744073709551588,32002,18446744073709551614,0,1,5467694240170299643,1,0,15,2583481543509842959,0,2,1,0
PAWN_AUDIT_RESULT,4962,1,1,293,0,0,293,0,1,1,0,0
PAWN_AUDIT_ENTRY,4963,1558388277907420158,780692923545491129,11117489975942811227,11222852315749757478,926,293,294,293,7,6,1,3,18446744073709538808,18446744073709550278,15,0,1,0,0,0,0,0,0,384,384,18446744073709290274,13,8574,0,0,0,1,18446744073709546228,18446744073709551313,18446744073709551030,32002,18446744073709551614,0,1,5467694240170299643,1,0,15,2583481543509842959,0,0,1,0
PAWN_AUDIT_ENTRY,4965,17737176545957427255,16102594664905510484,11222852315749757478,2800171657010348886,3387,18446744073709551322,18446744073709551323,18446744073709551232,6,5,1,6,18446744073709550340,18446744073709550278,16,0,0,0,0,0,0,0,0,18446744073709550949,18446744073709550949,662785,13,8580,0,0,0,11,18446744073709551613,18446744073709551030,18446744073709551030,18446744073709551288,2,1,1,16925319972804114250,0,0,16,11117489975942811227,0,1,1,0
PAWN_AUDIT_RESULT,4965,1,1,-618,0,0,-618,0,0,0,0,0
PAWN_AUDIT_ENTRY,4966,16102594664905510484,2332716028783730775,11222852315749757478,2462492921908699250,3389,18446744073709551322,18446744073709551323,18446744073709551232,6,5,1,7,18446744073709550340,18446744073709550278,16,0,0,0,0,0,0,0,0,18446744073709550949,18446744073709550949,662785,13,8581,0,0,0,11,18446744073709551613,18446744073709551030,18446744073709551030,18446744073709551288,2,1,1,16925319972804114250,0,0,16,11117489975942811227,0,1,1,0
PAWN_AUDIT_RESULT,4966,1,1,-547,0,0,-547,0,0,0,0,0
PAWN_AUDIT_RESULT,4963,1,1,328,1,6,384,0,1,11,1,1
PAWN_AUDIT_ENTRY,4973,13370527102491602428,14341211945638025872,2583481543509842959,4698332187469895221,2420,18446744073709551322,18446744073709551323,18446744073709551270,9,8,4,5,18446744073709536103,18446744073709550278,14,0,0,0,0,1,0,0,0,18446744073709551285,18446744073709551285,2260954,13,8594,0,0,0,10,18446744073709545436,18446744073709551216,18446744073709550227,18446744073709551310,0,1,1,5467694240170299643,0,0,14,5909224459955919348,0,1,1,0
PAWN_AUDIT_RESULT,4973,4,4,-367,0,0,-367,0,0,0,0,0
PAWN_AUDIT_ENTRY,4974,14341211945638025872,12852807886175489746,2583481543509842959,6204309122857775111,2202,18446744073709551322,18446744073709551323,18446744073709551270,9,8,4,8,18446744073709540502,18446744073709549753,14,0,0,0,0,1,0,0,0,18446744073709551285,18446744073709551285,2260954,13,8595,0,0,0,9,18446744073709547478,18446744073709550353,18446744073709551030,18446744073709551310,0,1,1,5467694240170299643,0,0,14,5909224459955919348,0,0,1,0
PAWN_AUDIT_RESULT,4974,4,4,-401,0,0,-401,0,0,0,0,0
PAWN_AUDIT_ENTRY,4978,7357078085407296196,1398391189939043576,2583481543509842959,1693918564134182267,3643,18446744073709551322,18446744073709551323,18446744073709551270,9,8,3,12,18446744073709542652,18446744073709550278,14,0,0,0,0,1,0,0,0,18446744073709551285,18446744073709551285,2260954,13,8603,0,0,0,12,18446744073709548375,18446744073709551030,18446744073709550499,18446744073709551310,0,1,1,5467694240170299643,0,0,14,5909224459955919348,0,1,1,0
PAWN_AUDIT_RESULT,4978,3,3,-388,0,0,-388,0,0,0,0,0
PAWN_AUDIT_ENTRY,4979,1398391189939043576,10358381229471083789,2583481543509842959,6164279351969426475,2666,18446744073709551322,18446744073709551323,18446744073709551270,9,8,3,13,18446744073709540599,18446744073709550278,14,0,0,0,0,1,0,0,0,18446744073709551285,18446744073709551285,2260954,13,8604,0,0,0,13,18446744073709547329,18446744073709551030,18446744073709550731,18446744073709551310,0,1,1,5467694240170299643,0,0,14,5909224459955919348,0,1,1,0
PAWN_AUDIT_RESULT,4979,3,3,-339,0,0,-339,0,0,0,0,0
PAWN_AUDIT_ENTRY,4980,10358381229471083789,11146323996964848521,2583481543509842959,6368734513156520859,2674,18446744073709551322,18446744073709551323,18446744073709551277,9,8,3,14,18446744073709540360,18446744073709550278,14,0,0,0,0,1,0,0,0,18446744073709551285,18446744073709551285,2260954,13,8605,0,0,0,13,18446744073709547274,18446744073709550632,18446744073709551030,18446744073709551310,0,1,1,5467694240170299643,0,0,14,5909224459955919348,0,1,1,0
PAWN_AUDIT_RESULT,4980,3,3,-398,0,0,-398,0,0,0,0,0
PAWN_AUDIT_ENTRY,4981,11146323996964848521,14829532085511690714,2583481543509842959,17591989238785281514,53048,18446744073709551322,18446744073709551323,18446744073709551277,9,8,3,15,18446744073709540609,18446744073709550278,14,0,0,0,0,1,0,0,0,18446744073709551285,18446744073709551285,2260954,13,8606,0,0,0,14,18446744073709547188,18446744073709551030,18446744073709551030,18446744073709551310,0,1,1,5467694240170299643,0,0,14,5909224459955919348,0,1,1,0
PAWN_AUDIT_RESULT,4981,3,3,-333,0,0,-333,0,4,4,0,0
PAWN_AUDIT_ENTRY,4982,14829532085511690714,18375462051014135622,2583481543509842959,15594248671206134425,2593,18446744073709551322,18446744073709551323,18446744073709551283,9,8,3,16,18446744073709541906,18446744073709550210,14,0,0,0,0,1,0,0,0,18446744073709551285,18446744073709551285,2260954,13,8611,0,0,0,11,18446744073709547571,18446744073709551444,18446744073709551030,18446744073709551310,0,1,1,5467694240170299643,0,0,14,5909224459955919348,0,1,1,0
PAWN_AUDIT_RESULT,4982,3,3,-339,0,0,-339,0,0,0,0,0
PAWN_AUDIT_ENTRY,4983,18375462051014135622,3771219929041702271,2583481543509842959,9569609374717911071,2673,18446744073709551322,18446744073709551323,18446744073709551283,9,8,3,17,18446744073709539674,18446744073709550278,14,0,0,0,0,1,0,0,0,18446744073709551285,18446744073709551285,2260954,13,8612,0,0,0,13,18446744073709546763,18446744073709551030,18446744073709551030,18446744073709551310,0,1,1,5467694240170299643,0,0,14,5909224459955919348,0,1,1,0
PAWN_AUDIT_RESULT,4983,3,3,-371,0,0,-371,0,0,0,0,0
PAWN_AUDIT_ENTRY,4984,3771219929041702271,18220544365159870912,2583481543509842959,4293673225784941053,2657,18446744073709551322,18446744073709551323,18446744073709551283,9,8,3,18,18446744073709539526,18446744073709550278,14,0,0,0,0,1,0,0,0,18446744073709551285,18446744073709551285,2260954,13,8613,0,0,0,13,18446744073709546696,18446744073709551030,18446744073709551030,18446744073709551310,0,1,1,5467694240170299643,0,0,14,5909224459955919348,0,1,1,0
PAWN_AUDIT_RESULT,4984,3,3,-357,0,0,-357,0,0,0,0,0
PAWN_AUDIT_ENTRY,4985,18220544365159870912,14227286323978014957,2583481543509842959,10341058170828771678,2586,18446744073709551322,18446744073709551323,18446744073709551283,9,8,3,19,18446744073709540102,18446744073709550278,14,0,0,0,0,1,0,0,0,18446744073709551285,18446744073709551285,2260954,13,8614,0,0,0,11,18446744073709547183,18446744073709550579,18446744073709551030,18446744073709551310,0,1,1,5467694240170299643,0,0,14,5909224459955919348,0,1,1,0
PAWN_AUDIT_RESULT,4985,3,3,-402,0,0,-402,0,0,0,0,0
PAWN_AUDIT_ENTRY,4986,14227286323978014957,18204428092910659507,2583481543509842959,8299959735497438603,2683,18446744073709551322,18446744073709551323,18446744073709551283,9,8,3,23,18446744073709539440,18446744073709550278,14,0,0,0,0,1,0,0,0,18446744073709551285,18446744073709551285,2260954,13,8615,0,0,0,13,18446744073709546865,18446744073709551030,18446744073709550601,18446744073709551310,0,1,1,5467694240170299643,0,0,14,5909224459955919348,0,1,1,0
PAWN_AUDIT_RESULT,4986,3,3,-451,0,0,-451,0,0,0,0,0
PAWN_AUDIT_ENTRY,4987,18204428092910659507,17519054128708406761,2583481543509842959,12199826081692196626,2681,18446744073709551322,18446744073709551323,18446744073709551283,9,8,3,24,18446744073709539115,18446744073709550278,14,0,0,0,0,1,0,0,0,18446744073709551285,18446744073709551285,2260954,13,8616,0,0,0,13,18446744073709547026,18446744073709549996,18446744073709551030,18446744073709551310,0,1,1,5467694240170299643,0,0,14,5909224459955919348,0,1,1,0
PAWN_AUDIT_RESULT,4987,3,3,-436,0,0,-436,0,0,0,0,0
PAWN_AUDIT_ENTRY,4988,17519054128708406761,1176117352956090598,2583481543509842959,11618917094767972281,3642,18446744073709551322,18446744073709551323,18446744073709551283,9,8,3,34,18446744073709539974,18446744073709550278,14,0,0,0,0,1,0,0,0,18446744073709551285,18446744073709551285,2260954,13,8617,0,0,0,12,18446744073709547131,18446744073709551030,18446744073709550553,18446744073709551310,0,1,1,5467694240170299643,0,0,14,5909224459955919348,0,1,1,0
PAWN_AUDIT_RESULT,4988,3,3,-327,0,0,-327,0,0,0,0,0
PAWN_AUDIT_ENTRY,4991,14938016743085517362,9074570047945928928,8150271062219304224,14494713113427890167,2072,18446744073709551322,18446744073709551323,18446744073709551322,6,5,2,3,18446744073709549788,18446744073709550278,14,0,0,0,0,0,0,0,0,18446744073709550920,18446744073709550920,541373,13,8622,0,0,1,9,106,18446744073709551030,18446744073709550288,18446744073709551298,2,1,1,5411365798353617005,0,0,14,15995865320717698598,0,0,1,0
PAWN_AUDIT_RESULT,4991,2,2,-855,0,0,-855,0,0,0,0,0
PAWN_AUDIT_ENTRY,4993,2092292954466460211,7429847565468128075,213067725328150640,13504020444196364836,3956,18446744073709551322,18446744073709551323,18446744073709551322,9,8,3,4,18446744073709544667,18446744073709549500,12,0,0,0,0,0,0,3817,0,18446744073709551357,18446744073709551274,2228786,13,8624,0,0,0,11,18446744073709548608,18446744073709551030,291,18446744073709551357,5,2,1,11155293981311553228,3,0,12,17842140487255316313,0,4,1,0
PAWN_AUDIT_RESULT,4993,3,3,-322,0,0,-322,0,0,0,0,0
PAWN_AUDIT_ENTRY,4994,7429847565468128075,11756050047485517037,213067725328150640,8589643734755400824,2202,18446744073709551322,18446744073709551323,18446744073709551322,9,8,1,7,18446744073709539500,18446744073709550278,12,0,0,0,0,0,0,3817,0,18446744073709551357,18446744073709551274,2228786,13,8625,0,0,0,9,18446744073709546876,18446744073709551030,18446744073709550634,18446744073709551357,5,2,1,11155293981311553228,3,0,12,17842140487255316313,0,0,1,0
PAWN_AUDIT_RESULT,4994,1,1,-385,0,0,-385,0,0,0,0,0
PAWN_AUDIT_ENTRY,4995,11756050047485517037,13124325294068973553,213067725328150640,6925829285127862858,2420,18446744073709551322,18446744073709551323,18446744073709551322,9,8,2,8,18446744073709545419,292,12,0,0,0,0,0,0,3817,0,18446744073709551357,18446744073709551274,2228786,13,8626,0,0,0,10,18446744073709545265,18446744073709551030,7883,18446744073709551357,5,2,1,11155293981311553228,3,0,12,17842140487255316313,0,4,1,1
PAWN_AUDIT_RESULT,4995,2,3,-381,0,0,-381,0,0,0,0,0
PAWN_AUDIT_ENTRY,4997,3422037275556093388,15379419621431554327,213067725328150640,8674156203370283301,3833,18446744073709551322,18446744073709551323,18446744073709551322,9,8,1,10,18446744073709539918,18446744073709550278,12,0,0,0,0,0,0,3817,0,18446744073709551357,18446744073709551274,2228786,13,8628,0,0,0,13,18446744073709547669,18446744073709551030,18446744073709549392,18446744073709551357,5,2,1,11155293981311553228,3,0,12,17842140487255316313,0,4,1,0
PAWN_AUDIT_RESULT,4997,1,1,-360,0,0,-360,0,0,0,0,0
PAWN_AUDIT_ENTRY,4998,15379419621431554327,3813458883266523549,213067725328150640,13459275119648182951,2072,18446744073709551322,18446744073709551323,18446744073709551322,9,8,1,11,18446744073709544079,18446744073709550278,12,0,0,0,0,0,0,3817,0,18446744073709551357,18446744073709551274,2228786,13,8629,0,0,0,9,18446744073709550283,18446744073709547567,18446744073709551472,18446744073709551357,5,2,1,11155293981311553228,3,0,12,17842140487255316313,0,0,1,0
PAWN_AUDIT_RESULT,4998,1,1,-348,0,0,-348,0,0,0,0,0
PAWN_AUDIT_ENTRY,5020,8021680303019620624,13428764466974775166,15299371555102407160,13679802730875070662,1875,293,294,292,7,6,1,4,18446744073709544209,18446744073709548885,11,0,1,0,0,0,0,1895,0,278,257,836347,13,8674,0,0,0,2,18446744073709548825,18446744073709551030,18446744073709551030,278,1,2,1,11155293981311553228,2,0,11,7908696578708155308,0,3,1,0
PAWN_AUDIT_RESULT,5020,1,1,220,0,0,220,0,0,0,0,0
PAWN_AUDIT_ENTRY,5024,12657214235084745552,2712282379981581187,15299371555102407160,8441579935097439492,1879,293,294,293,7,6,1,10,18446744073709539005,18446744073709550278,11,0,1,0,0,0,0,1895,0,278,257,836347,13,8680,0,0,0,2,18446744073709546459,18446744073709551030,18446744073709551030,278,1,2,1,11155293981311553228,2,0,11,7908696578708155308,0,3,1,0
PAWN_AUDIT_RESULT,5024,1,1,197,0,0,197,0,0,0,0,0
PAWN_AUDIT_ENTRY,5025,2712282379981581187,13293959185609667071,15299371555102407160,3357867547013322643,1868,293,294,293,7,6,1,12,18446744073709540375,18446744073709550278,11,0,1,0,0,0,0,1895,0,278,257,836347,13,8681,0,0,0,2,18446744073709547082,18446744073709551030,18446744073709551030,278,1,2,1,11155293981311553228,2,0,11,7908696578708155308,0,3,1,0
PAWN_AUDIT_RESULT,5025,1,1,224,0,0,224,0,0,0,0,0
PAWN_AUDIT_ENTRY,5058,9766952257188081914,10091292466466332611,16828720803833124294,6370240498500891396,2658,18446744073709551347,18446744073709551348,18446744073709551252,8,7,1,9,18446744073709542704,18446744073709550278,16,0,1,0,0,0,0,0,0,18446744073709551131,18446744073709551131,18446744073709463045,13,8782,0,0,1,13,18446744073709548141,18446744073709551030,18446744073709551030,18446744073709551299,3,1,1,13429501576197986628,0,0,16,8618127758574602881,0,1,1,0
PAWN_AUDIT_RESULT,5058,1,1,-575,0,0,-575,0,0,0,0,0
PAWN_AUDIT_ENTRY,5060,8376465059771376882,10533575654029641127,2583481543509842959,3055219551895476307,2579,18446744073709551347,18446744073709551348,18446744073709551300,11,10,5,3,18446744073709548928,18446744073709550278,14,0,1,0,0,1,0,0,0,18446744073709551288,18446744073709551288,2657482,13,8784,0,0,0,11,18446744073709550971,18446744073709551030,18446744073709551030,18446744073709551289,9,1,1,5467694240170299643,0,0,14,5909224459955919348,0,1,1,0
PAWN_AUDIT_RESULT,5060,5,5,-438,0,0,-438,0,0,0,0,0
PAWN_AUDIT_ENTRY,5061,10533575654029641127,17631363721090665130,2583481543509842959,17591989238785281514,53048,18446744073709551347,18446744073709551348,18446744073709551300,11,10,3,7,18446744073709543305,18446744073709550278,14,0,1,0,0,1,0,0,0,18446744073709551288,18446744073709551288,2657482,13,8785,0,0,0,14,18446744073709548414,18446744073709551030,18446744073709551030,18446744073709551289,9,1,1,5467694240170299643,0,0,14,5909224459955919348,0,1,1,0
PAWN_AUDIT_RESULT,5061,3,3,-305,0,0,-305,0,3,3,0,0
PAWN_AUDIT_ENTRY,5064,8836840555015785082,13991991038645460253,2583481543509842959,6204309122857775111,2202,18446744073709551347,18446744073709551348,18446744073709551311,11,10,2,10,18446744073709538116,18446744073709549753,14,0,1,0,0,1,0,0,0,18446744073709551288,18446744073709551288,2657482,13,8790,0,0,0,9,18446744073709546393,18446744073709550353,18446744073709551030,18446744073709551289,9,1,1,5467694240170299643,0,0,14,5909224459955919348,0,0,1,0
PAWN_AUDIT_RESULT,5064,2,2,-389,0,0,-389,0,0,0,0,0
PAWN_AUDIT_ENTRY,5065,13991991038645460253,4216848104002163351,2583481543509842959,6164279351969426475,2666,18446744073709551347,18446744073709551348,18446744073709551311,11,10,3,11,18446744073709540287,18446744073709549929,14,0,1,0,0,1,0,0,0,18446744073709551288,18446744073709551288,2657482,13,8791,0,0,0,13,18446744073709547187,18446744073709551030,18446744073709550731,18446744073709551289,9,1,1,5467694240170299643,0,0,14,5909224459955919348,0,1,1,0
PAWN_AUDIT_RESULT,5065,3,3,-320,0,0,-320,0,0,0,0,0
PAWN_AUDIT_ENTRY,5066,4216848104002163351,17656565358566271653,2583481543509842959,11233765655549607640,2072,18446744073709551347,18446744073709551348,18446744073709551311,11,10,3,12,18446744073709543324,18446744073709550278,14,0,1,0,0,1,0,0,0,18446744073709551288,18446744073709551288,2657482,13,8792,0,0,0,9,18446744073709549861,18446744073709549878,18446744073709549253,18446744073709551289,9,1,1,5467694240170299643,0,0,14,5909224459955919348,0,0,1,0
PAWN_AUDIT_RESULT,5066,3,3,-346,0,0,-346,0,0,0,0,0
PAWN_AUDIT_ENTRY,5068,6916389276282649501,10736103354378914866,2583481543509842959,4745186400908382996,3899,18446744073709551347,18446744073709551348,18446744073709551311,11,10,2,14,18446744073709538080,18446744073709550278,14,0,1,0,0,1,0,0,0,18446744073709551288,18446744073709551288,2657482,13,8794,0,0,0,14,18446744073709546169,18446744073709551030,18446744073709550761,18446744073709551289,9,1,1,5467694240170299643,0,0,14,5909224459955919348,0,1,1,0
PAWN_AUDIT_RESULT,5068,2,2,-376,0,0,-376,0,0,0,0,0
PAWN_AUDIT_ENTRY,5069,10736103354378914866,14509163543814386679,2583481543509842959,15594248671206134425,2593,18446744073709551347,18446744073709551348,18446744073709551311,11,10,3,15,18446744073709541587,18446744073709549886,14,0,1,0,0,1,0,0,0,18446744073709551288,18446744073709551288,2657482,13,8795,0,0,0,11,18446744073709547426,18446744073709551444,18446744073709551030,18446744073709551289,9,1,1,5467694240170299643,0,0,14,5909224459955919348,0,1,1,0
PAWN_AUDIT_RESULT,5069,3,3,-320,0,0,-320,0,0,0,0,0
PAWN_AUDIT_ENTRY,5070,14509163543814386679,9333680464421880310,2583481543509842959,13807446702435694067,2609,18446744073709551347,18446744073709551348,18446744073709551311,11,10,2,16,18446744073709538247,18446744073709550278,14,0,1,0,0,1,0,0,0,18446744073709551288,18446744073709551288,2657482,13,8796,0,0,0,11,18446744073709546114,18446744073709551030,18446744073709551030,18446744073709551289,9,1,1,5467694240170299643,0,0,14,5909224459955919348,0,1,1,0
PAWN_AUDIT_RESULT,5070,2,2,-371,0,0,-371,0,0,0,0,0
PAWN_AUDIT_ENTRY,5071,9333680464421880310,2050182263725704003,2583481543509842959,13368670896112689402,2618,18446744073709551347,18446744073709551348,18446744073709551311,11,10,2,17,18446744073709537604,18446744073709550278,14,0,1,0,0,1,0,0,0,18446744073709551288,18446744073709551288,2657482,13,8797,0,0,0,11,18446744073709545822,18446744073709551030,18446744073709551030,18446744073709551289,9,1,1,5467694240170299643,0,0,14,5909224459955919348,0,1,1,0
PAWN_AUDIT_RESULT,5071,2,2,-380,0,0,-380,0,0,0,0,0
PAWN_AUDIT_ENTRY,5072,2050182263725704003,11535019854843173252,2583481543509842959,4293673225784941053,2657,18446744073709551347,18446744073709551348,18446744073709551311,11,10,2,18,18446744073709538900,18446744073709549386,14,0,1,0,0,1,0,0,0,18446744073709551288,18446744073709551288,2657482,13,8798,0,0,0,13,18446744073709546411,18446744073709551030,18446744073709551030,18446744073709551289,9,1,1,5467694240170299643,0,0,14,5909224459955919348,0,1,1,0
PAWN_AUDIT_RESULT,5072,2,2,-337,0,0,-337,0,0,0,0,0
PAWN_AUDIT_ENTRY,5073,11535019854843173252,1197764756708387893,2583481543509842959,1693918564134182267,3643,18446744073709551347,18446744073709551348,18446744073709551311,11,10,2,19,18446744073709540939,18446744073709548874,14,0,1,0,0,1,0,0,0,18446744073709551288,18446744073709551288,2657482,13,8799,0,0,0,12,18446744073709547596,18446744073709551030,18446744073709550499,18446744073709551289,9,1,1,5467694240170299643,0,0,14,5909224459955919348,0,1,1,0
PAWN_AUDIT_RESULT,5073,2,2,-368,0,0,-368,0,0,0,0,0
PAWN_AUDIT_ENTRY,5074,1197764756708387893,4760738872867668236,2583481543509842959,4698332187469895221,2420,18446744073709551347,18446744073709551348,18446744073709551311,11,10,2,20,18446744073709535364,18446744073709549070,14,0,1,0,0,1,0,0,0,18446744073709551288,18446744073709551288,2657482,13,8800,0,0,0,10,18446744073709545100,18446744073709551216,18446744073709550227,18446744073709551289,9,1,1,5467694240170299643,0,0,14,5909224459955919348,0,1,1,0
PAWN_AUDIT_RESULT,5074,2,2,-352,0,0,-352,0,0,0,0,0
PAWN_AUDIT_ENTRY,5075,4760738872867668236,11438634307676626679,2583481543509842959,5855627634257010302,3567,18446744073709551347,18446744073709551348,18446744073709551311,11,10,2,21,18446744073709535979,18446744073709550278,14,0,1,0,0,1,0,0,0,18446744073709551288,18446744073709551288,2657482,13,8801,0,0,0,9,18446744073709545083,18446744073709551030,18446744073709551030,18446744073709551289,9,1,1,5467694240170299643,0,0,14,5909224459955919348,0,0,1,0
PAWN_AUDIT_RESULT,5075,2,2,-269,0,0,-269,0,2,2,0,0
PAWN_AUDIT_ENTRY,5076,11438634307676626679,4806116959682044497,2583481543509842959,9569609374717911071,2673,18446744073709551347,18446744073709551348,18446744073709551347,11,10,1,22,18446744073709538724,18446744073709548961,14,0,1,0,0,1,0,0,0,18446744073709551288,18446744073709551288,2657482,13,8804,0,0,0,13,18446744073709546331,18446744073709551030,18446744073709551030,18446744073709551289,9,1,1,5467694240170299643,0,0,14,5909224459955919348,0,1,1,0
PAWN_AUDIT_RESULT,5076,1,1,-351,0,0,-351,0,0,0,0,0
PAWN_AUDIT_ENTRY,5077,4806116959682044497,14327238137504689097,2583481543509842959,6368734513156520859,2674,18446744073709551347,18446744073709551348,18446744073709551347,11,10,1,23,18446744073709539124,18446744073709548874,14,0,1,0,0,1,0,0,0,18446744073709551288,18446744073709551288,2657482,13,8805,0,0,0,13,18446744073709546712,18446744073709550632,18446744073709551030,18446744073709551289,9,1,1,5467694240170299643,0,0,14,5909224459955919348,0,1,1,0
PAWN_AUDIT_RESULT,5077,1,1,-378,0,0,-378,0,0,0,0,0
PAWN_AUDIT_ENTRY,5078,14327238137504689097,5933884416863935349,2583481543509842959,8513809092307513704,2415,18446744073709551347,18446744073709551348,18446744073709551347,11,10,1,24,18446744073709535669,18446744073709550278,14,0,1,0,0,1,0,0,0,18446744073709551288,18446744073709551288,2657482,13,8806,0,0,0,10,18446744073709544942,18446744073709551030,18446744073709551030,18446744073709551289,9,1,1,5467694240170299643,0,0,14,5909224459955919348,0,1,1,0
PAWN_AUDIT_RESULT,5078,1,1,-494,0,0,-494,0,0,0,0,0
PAWN_AUDIT_ENTRY,5079,5933884416863935349,12832854840185315498,2583481543509842959,9139295562840792949,3641,18446744073709551347,18446744073709551348,18446744073709551347,11,10,1,25,18446744073709535176,18446744073709550278,14,0,1,0,0,1,0,0,0,18446744073709551288,18446744073709551288,2657482,13,8807,0,0,0,12,18446744073709544718,18446744073709551030,18446744073709551030,18446744073709551289,9,1,1,5467694240170299643,0,0,14,5909224459955919348,0,1,1,0
PAWN_AUDIT_RESULT,5079,1,1,-311,0,0,-311,0,0,0,0,0
PAWN_AUDIT_ENTRY,5080,12832854840185315498,1109208585271368135,2583481543509842959,10341058170828771678,2586,18446744073709551347,18446744073709551348,18446744073709551347,11,10,1,26,18446744073709538905,18446744073709548874,14,0,1,0,0,1,0,0,0,18446744073709551288,18446744073709551288,2657482,13,8808,0,0,0,11,18446744073709546639,18446744073709550579,18446744073709551030,18446744073709551289,9,1,1,5467694240170299643,0,0,14,5909224459955919348,0,1,1,0
PAWN_AUDIT_RESULT,5080,1,1,-383,0,0,-383,0,0,0,0,0
PAWN_AUDIT_ENTRY,5081,1109208585271368135,12849341756551436594,2583481543509842959,12581957142472032076,4094,18446744073709551347,18446744073709551348,18446744073709551347,11,10,1,27,18446744073709534743,18446744073709550278,14,0,1,0,0,1,0,0,0,18446744073709551288,18446744073709551288,2657482,13,8809,0,0,0,12,18446744073709544521,18446744073709551030,18446744073709551030,18446744073709551289,9,1,1,5467694240170299643,0,0,14,5909224459955919348,0,1,1,0
PAWN_AUDIT_RESULT,5081,1,1,-339,0,0,-339,0,0,0,0,0
PAWN_AUDIT_ENTRY,5082,12849341756551436594,13364442975955196332,2583481543509842959,16156092661867586784,3502,18446744073709551347,18446744073709551348,18446744073709551347,11,10,1,28,18446744073709534550,18446744073709550278,14,0,1,0,0,1,0,0,0,18446744073709551288,18446744073709551288,2657482,13,8810,0,0,0,9,18446744073709544433,18446744073709551030,18446744073709551030,18446744073709551289,9,1,1,5467694240170299643,0,0,14,5909224459955919348,0,0,1,0
PAWN_AUDIT_RESULT,5082,1,1,-439,0,0,-439,0,0,0,0,0
PAWN_AUDIT_ENTRY,5083,13364442975955196332,11235786998079964058,2583481543509842959,16910819542456001049,3891,18446744073709551347,18446744073709551348,18446744073709551347,11,10,1,30,18446744073709534550,18446744073709550278,14,0,1,0,0,1,0,0,0,18446744073709551288,18446744073709551288,2657482,13,8811,0,0,0,14,18446744073709544433,18446744073709551030,18446744073709551030,18446744073709551289,9,1,1,5467694240170299643,0,0,14,5909224459955919348,0,1,1,0
PAWN_AUDIT_RESULT,5083,1,1,-318,0,0,-318,0,0,0,0,0
PAWN_AUDIT_ENTRY,5084,11235786998079964058,2600399426058800878,2583481543509842959,14993886873506179941,3892,18446744073709551347,18446744073709551348,18446744073709551347,11,10,1,31,18446744073709534550,18446744073709550278,14,0,1,0,0,1,0,0,0,18446744073709551288,18446744073709551288,2657482,13,8812,0,0,0,14,18446744073709544433,18446744073709551030,18446744073709551030,18446744073709551289,9,1,1,5467694240170299643,0,0,14,5909224459955919348,0,1,1,0
PAWN_AUDIT_RESULT,5084,1,1,-460,0,0,-460,0,0,0,0,0
PAWN_AUDIT_ENTRY,5085,2600399426058800878,8624655277727775575,2583481543509842959,8299959735497438603,2683,18446744073709551347,18446744073709551348,18446744073709551347,11,10,1,32,18446744073709538382,18446744073709548874,14,0,1,0,0,1,0,0,0,18446744073709551288,18446744073709551288,2657482,13,8813,0,0,0,13,18446744073709546384,18446744073709551030,18446744073709550601,18446744073709551289,9,1,1,5467694240170299643,0,0,14,5909224459955919348,0,1,1,0
PAWN_AUDIT_RESULT,5085,1,1,-431,0,0,-431,0,0,0,0,0
PAWN_AUDIT_ENTRY,5086,8624655277727775575,7777624754938547714,2583481543509842959,12199826081692196626,2681,18446744073709551347,18446744073709551348,18446744073709551347,11,10,1,34,18446744073709537987,18446744073709548874,14,0,1,0,0,1,0,0,0,18446744073709551288,18446744073709551288,2657482,13,8814,0,0,0,13,18446744073709546513,18446744073709549996,18446744073709551030,18446744073709551289,9,1,1,5467694240170299643,0,0,14,5909224459955919348,0,1,1,0
PAWN_AUDIT_RESULT,5086,1,1,-416,0,0,-416,0,0,0,0,0
PAWN_AUDIT_ENTRY,5087,7777624754938547714,2927263583020103521,2583481543509842959,11618917094767972281,3642,18446744073709551347,18446744073709551348,18446744073709551347,11,10,2,35,18446744073709540051,18446744073709550308,14,0,1,0,0,1,0,0,0,18446744073709551288,18446744073709551288,2657482,13,8815,0,0,0,12,18446744073709547166,18446744073709551030,18446744073709550553,18446744073709551289,9,1,1,5467694240170299643,0,0,14,5909224459955919348,0,1,1,0
PAWN_AUDIT_RESULT,5087,2,2,-308,0,0,-308,0,0,0,0,0
PAWN_AUDIT_ENTRY,5091,12784439514259669782,14746399634495827663,213067725328150640,8589643734755400824,2202,18446744073709551347,18446744073709551348,18446744073709551347,11,10,1,7,18446744073709537332,18446744073709550278,12,0,1,0,0,0,0,3817,0,18446744073709551275,18446744073709551275,2456679,13,8819,0,0,0,9,18446744073709546005,18446744073709550801,18446744073709550634,18446744073709551322,9,1,1,11155293981311553228,3,0,12,14902493348384197821,0,0,1,0
PAWN_AUDIT_RESULT,5091,1,1,-364,0,0,-364,0,0,0,0,0
PAWN_AUDIT_ENTRY,5092,14746399634495827663,2101853927717248736,213067725328150640,1862576205915741673,2399,18446744073709551347,18446744073709551348,18446744073709551347,11,10,2,8,18446744073709548643,18446744073709546263,12,0,1,0,0,0,0,3817,0,18446744073709551275,18446744073709551275,2456679,13,8820,0,0,0,10,18446744073709551468,18446744073709550546,18446744073709550237,18446744073709551322,9,1,1,11155293981311553228,3,0,12,14902493348384197821,0,4,1,0
PAWN_AUDIT_RESULT,5092,2,2,-380,0,0,-380,0,0,0,0,0
PAWN_AUDIT_ENTRY,5093,2101853927717248736,16956487892964391066,213067725328150640,8101403425536733697,3567,18446744073709551347,18446744073709551348,18446744073709551347,11,10,1,9,18446744073709538519,18446744073709550278,12,0,1,0,0,0,0,3817,0,18446744073709551275,18446744073709551275,2456679,13,8821,0,0,0,9,18446744073709546238,18446744073709551030,18446744073709551030,18446744073709551322,9,1,1,11155293981311553228,3,0,12,14902493348384197821,0,0,1,0
PAWN_AUDIT_RESULT,5093,1,1,-302,0,0,-302,0,0,0,0,0
PAWN_AUDIT_ENTRY,5094,16956487892964391066,13858474357686801944,213067725328150640,17962413300947828454,2593,18446744073709551347,18446744073709551348,18446744073709551347,11,10,1,10,18446744073709538253,18446744073709550278,12,0,1,0,0,0,0,3817,0,18446744073709551275,18446744073709551275,2456679,13,8822,0,0,0,11,18446744073709547306,18446744073709550928,18446744073709548685,18446744073709551322,9,1,1,11155293981311553228,3,0,12,14902493348384197821,0,4,1,0
PAWN_AUDIT_RESULT,5094,1,1,-353,0,0,-353,0,0,0,0,0
PAWN_AUDIT_ENTRY,5095,13858474357686801944,6824457134070294558,213067725328150640,13459275119648182951,2072,18446744073709551347,18446744073709551348,18446744073709551347,11,10,1,11,18446744073709542236,18446744073709550278,12,0,1,0,0,0,0,3817,0,18446744073709551275,18446744073709551275,2456679,13,8823,0,0,0,9,18446744073709549861,18446744073709546735,18446744073709551472,18446744073709551322,9,1,1,11155293981311553228,3,0,12,14902493348384197821,0,0,1,0
PAWN_AUDIT_RESULT,5095,1,1,-327,0,0,-327,0,0,0,0,0
PAWN_AUDIT_ENTRY,5096,6824457134070294558,6161273437604791404,213067725328150640,4614019830957967383,3834,18446744073709551347,18446744073709551348,18446744073709551347,11,10,1,12,18446744073709537817,18446744073709550278,12,0,1,0,0,0,0,3817,0,18446744073709551275,18446744073709551275,2456679,13,8824,0,0,0,13,18446744073709546242,18446744073709551030,18446744073709550364,18446744073709551322,9,1,1,11155293981311553228,3,0,12,14902493348384197821,0,4,1,0
PAWN_AUDIT_RESULT,5096,1,1,-332,0,0,-332,0,0,0,0,0
PAWN_AUDIT_ENTRY,5097,6161273437604791404,10277425511281013076,213067725328150640,12586567742951275809,2586,18446744073709551347,18446744073709551348,18446744073709551347,11,10,1,13,18446744073709537487,18446744073709550278,12,0,1,0,0,0,0,3817,0,18446744073709551275,18446744073709551275,2456679,13,8825,0,0,0,11,18446744073709546203,18446744073709550884,18446744073709550285,18446744073709551322,9,1,1,11155293981311553228,3,0,12,14902493348384197821,0,4,1,0
PAWN_AUDIT_RESULT,5097,1,1,-402,0,0,-402,0,0,0,0,0
PAWN_AUDIT_ENTRY,5098,10277425511281013076,11598147317180276739,213067725328150640,6925829285127862858,2420,18446744073709551347,18446744073709551348,18446744073709551347,11,10,1,14,18446744073709541062,18446744073709550172,12,0,1,0,0,0,0,3817,0,18446744073709551275,18446744073709551275,2456679,13,8826,0,0,0,10,18446744073709544981,18446744073709547636,7883,18446744073709551322,9,1,1,11155293981311553228,3,0,12,14902493348384197821,0,4,1,0
PAWN_AUDIT_RESULT,5098,1,1,-359,0,0,-359,0,0,0,0,0
PAWN_AUDIT_ENTRY,5099,11598147317180276739,6879196391679612456,213067725328150640,8674156203370283301,3833,18446744073709551347,18446744073709551348,18446744073709551347,11,10,1,15,18446744073709538793,18446744073709549407,12,0,1,0,0,0,0,3817,0,18446744073709551275,18446744073709551275,2456679,13,8827,0,0,0,13,18446744073709547272,18446744073709550801,18446744073709549392,18446744073709551322,9,1,1,11155293981311553228,3,0,12,14902493348384197821,0,4,1,0
PAWN_AUDIT_RESULT,5099,1,1,-335,0,0,-335,0,0,0,0,0
PAWN_AUDIT_ENTRY,5100,6879196391679612456,5494162266802858975,213067725328150640,11000506532784770181,2618,18446744073709551347,18446744073709551348,18446744073709551347,11,10,1,16,18446744073709536581,18446744073709550278,12,0,1,0,0,0,0,3817,0,18446744073709551275,18446744073709551275,2456679,13,8828,0,0,0,11,18446744073709545547,18446744073709551030,18446744073709550638,18446744073709551322,9,1,1,11155293981311553228,3,0,12,14902493348384197821,0,4,1,0
PAWN_AUDIT_RESULT,5100,1,1,-396,0,0,-396,0,0,0,0,0
PAWN_AUDIT_ENTRY,5101,5494162266802858975,4158342801827522875,213067725328150640,9893560104246764972,3826,18446744073709551347,18446744073709551348,18446744073709551347,11,10,1,17,18446744073709538327,18446744073709549420,12,0,1,0,0,0,0,3817,0,18446744073709551275,18446744073709551275,2456679,13,8829,0,0,0,13,18446744073709546308,18446744073709550899,18446744073709550841,18446744073709551322,9,1,1,11155293981311553228,3,0,12,14902493348384197821,0,4,1,0
PAWN_AUDIT_RESULT,5101,1,1,-298,0,0,-298,0,0,0,0,0
PAWN_AUDIT_ENTRY,5102,4158342801827522875,14781937863025018994,213067725328150640,12353001182243971199,3437,18446744073709551347,18446744073709551348,18446744073709551347,11,10,1,18,18446744073709534747,18446744073709550278,12,0,1,0,0,0,0,3817,0,18446744073709551275,18446744073709551275,2456679,13,8830,0,0,0,9,18446744073709545249,18446744073709550644,18446744073709549931,18446744073709551322,9,1,1,11155293981311553228,3,0,12,14902493348384197821,0,0,1,0
PAWN_AUDIT_RESULT,5102,1,1,-564,0,0,-564,0,0,0,0,0
PAWN_AUDIT_ENTRY,5103,14781937863025018994,7136457831887647244,213067725328150640,13914805205776451743,3502,18446744073709551347,18446744073709551348,18446744073709551347,11,10,1,19,18446744073709534550,18446744073709550278,12,0,1,0,0,0,0,3817,0,18446744073709551275,18446744073709551275,2456679,13,8831,0,0,0,9,18446744073709544433,18446744073709551030,18446744073709551030,18446744073709551322,9,1,1,11155293981311553228,3,0,12,14902493348384197821,0,0,1,0
PAWN_AUDIT_RESULT,5103,1,1,-434,0,0,-434,0,0,0,0,0
PAWN_AUDIT_ENTRY,5104,7136457831887647244,15158007230178412355,213067725328150640,11435570396447316364,2609,18446744073709551347,18446744073709551348,18446744073709551347,11,10,1,22,18446744073709537138,18446744073709548840,12,0,1,0,0,0,0,3817,0,18446744073709551275,18446744073709551275,2456679,13,8832,0,0,0,11,18446744073709545781,18446744073709551030,18446744073709550678,18446744073709551322,9,1,1,11155293981311553228,3,0,12,14902493348384197821,0,4,1,0
PAWN_AUDIT_RESULT,5104,1,1,-375,0,0,-375,0,0,0,0,0
PAWN_AUDIT_ENTRY,5105,15158007230178412355,7564199176903540904,213067725328150640,6916374357720412938,3641,18446744073709551347,18446744073709551348,18446744073709551347,11,10,1,23,18446744073709535174,18446744073709549689,12,0,1,0,0,0,0,3817,0,18446744073709551275,18446744073709551275,2456679,13,8833,0,0,0,12,18446744073709544717,18446744073709551030,18446744073709551030,18446744073709551322,9,1,1,11155293981311553228,3,0,12,14902493348384197821,0,4,1,0
PAWN_AUDIT_RESULT,5105,1,1,-322,0,0,-322,0,0,0,0,0
PAWN_AUDIT_ENTRY,5109,9491956306946065320,2190750874414982912,6092555701451173960,17086102683030397468,3956,18446744073709551347,18446744073709551348,18446744073709551347,11,10,5,4,18446744073709550870,8192,10,0,1,0,0,1,0,3752,0,18446744073709551355,18446744073709551304,927662,13,8842,0,0,0,11,18446744073709550342,18446744073709550799,2767,18446744073709551355,10,2,1,11155293981311553228,1,0,10,11665986506215397217,0,2,1,0
PAWN_AUDIT_RESULT,5109,5,5,-293,0,0,-293,0,17,17,0,0
PAWN_AUDIT_ENTRY,5125,320303006146191254,5469592843494683159,6092555701451173960,2399688119043398720,2202,18446744073709551347,18446744073709551348,18446744073709551347,11,10,3,6,18446744073709540765,18446744073709550278,10,0,1,0,0,1,0,3752,0,18446744073709551355,18446744073709551304,927662,13,8874,0,0,0,9,18446744073709545694,18446744073709551030,2639,18446744073709551355,10,2,1,11155293981311553228,1,0,10,11665986506215397217,0,0,1,0
PAWN_AUDIT_RESULT,5125,3,3,-346,0,0,-346,0,0,0,0,0
PAWN_AUDIT_ENTRY,5126,5469592843494683159,9486789938894300949,6092555701451173960,18237117743154208839,3437,18446744073709551347,18446744073709551348,18446744073709551347,11,10,2,7,18446744073709535988,18446744073709550278,10,0,1,0,0,1,0,3752,0,18446744073709551355,18446744073709551304,927662,13,8875,0,0,0,9,18446744073709545087,18446744073709551030,18446744073709551030,18446744073709551355,10,2,1,11155293981311553228,1,0,10,11665986506215397217,0,0,1,0
PAWN_AUDIT_RESULT,5126,2,2,-387,0,0,-387,0,0,0,0,0
PAWN_AUDIT_ENTRY,5127,9486789938894300949,16946222128675239816,6092555701451173960,16083779965741770132,3826,18446744073709551347,18446744073709551348,18446744073709551347,11,10,3,8,18446744073709540734,18446744073709550227,10,0,1,0,0,1,0,3752,0,18446744073709551355,18446744073709551304,927662,13,8876,0,0,0,13,18446744073709547245,18446744073709551030,18446744073709551030,18446744073709551355,10,2,1,11155293981311553228,1,0,10,11665986506215397217,0,2,1,0
PAWN_AUDIT_RESULT,5127,3,3,-310,0,0,-310,0,0,0,0,0
PAWN_AUDIT_ENTRY,5128,16946222128675239816,7498379799836806598,6092555701451173960,2743848484685754937,3567,18446744073709551347,18446744073709551348,18446744073709551347,11,10,2,9,18446744073709540125,18446744073709550278,10,0,1,0,0,1,0,3752,0,18446744073709551355,18446744073709551304,927662,13,8877,0,0,0,9,18446744073709546968,18446744073709551030,18446744073709551030,18446744073709551355,10,2,1,11155293981311553228,1,0,10,11665986506215397217,0,0,1,0
PAWN_AUDIT_RESULT,5128,2,2,-293,0,0,-293,0,0,0,0,0
PAWN_AUDIT_ENTRY,5130,7668767874604596023,14922374516115421951,6092555701451173960,523581462416779748,3112,18446744073709551347,18446744073709551348,18446744073709551347,11,10,2,11,18446744073709534591,18446744073709550278,10,0,1,0,0,1,0,3752,0,18446744073709551355,18446744073709551304,927662,13,8879,0,0,0,9,18446744073709544452,18446744073709551030,18446744073709551030,18446744073709551355,10,2,1,11155293981311553228,1,0,10,11665986506215397217,0,0,1,0
PAWN_AUDIT_RESULT,5130,2,2,-378,0,0,-378,0,0,0,0,0
PAWN_AUDIT_ENTRY,5131,14922374516115421951,8590577609008233672,6092555701451173960,10908489376040224935,3502,18446744073709551347,18446744073709551348,18446744073709551347,11,10,2,12,18446744073709534550,18446744073709550278,10,0,1,0,0,1,0,3752,0,18446744073709551355,18446744073709551304,927662,13,8880,0,0,0,9,18446744073709544433,18446744073709551030,18446744073709551030,18446744073709551355,10,2,1,11155293981311553228,1,0,10,11665986506215397217,0,0,1,0
PAWN_AUDIT_RESULT,5131,2,2,-463,0,0,-463,0,0,0,0,0
PAWN_AUDIT_ENTRY,5132,8590577609008233672,232691182274293146,6092555701451173960,17055448173036556959,2072,18446744073709551347,18446744073709551348,18446744073709551347,11,10,2,14,18446744073709542074,18446744073709550278,10,0,1,0,0,1,0,3752,0,18446744073709551355,18446744073709551304,927662,13,8881,0,0,0,9,18446744073709549586,18446744073709547567,18446744073709551030,18446744073709551355,10,2,1,11155293981311553228,1,0,10,11665986506215397217,0,0,1,0
PAWN_AUDIT_RESULT,5132,2,2,-307,0,0,-307,0,0,0,0,0
PAWN_AUDIT_ENTRY,5133,232691182274293146,1123966176749227546,6092555701451173960,685120004546655026,3641,18446744073709551347,18446744073709551348,18446744073709551347,11,10,1,16,18446744073709535154,18446744073709549490,10,0,1,0,0,1,0,3752,0,18446744073709551355,18446744073709551304,927662,13,8882,0,0,0,12,18446744073709544708,18446744073709551030,18446744073709551030,18446744073709551355,10,2,1,11155293981311553228,1,0,10,11665986506215397217,0,2,1,0
PAWN_AUDIT_RESULT,5133,1,1,-311,0,0,-311,0,0,0,0,0
PAWN_AUDIT_ENTRY,5167,6999841684110201320,16665755317805545627,13525429427605010513,153375941222328837,3956,18446744073709551322,18446744073709551323,18446744073709551322,7,6,3,2,18446744073709548429,18446744073709550278,14,0,0,0,0,0,0,0,0,18446744073709551034,18446744073709551034,18446744073709380616,13,8965,0,0,1,11,18446744073709550744,18446744073709551030,18446744073709551030,18446744073709551322,1,1,1,5411365798353617005,0,0,14,1681202741355385687,0,1,1,0
PAWN_AUDIT_RESULT,5167,3,3,-918,0,0,-918,0,0,0,0,0
PAWN_AUDIT_ENTRY,5169,55350242524111433,4904950965082197511,14437583596911863041,8200919912942090069,3956,18446744073709551322,18446744073709551323,18446744073709551322,9,8,5,3,18446744073709550138,8192,12,0,0,0,0,0,0,0,0,18446744073709551301,18446744073709551301,2010690,13,8967,0,0,0,11,18446744073709549497,5982,18446744073709548434,18446744073709551322,4,1,1,11155293981311553228,3,0,12,322047507003021772,0,4,1,0
PAWN_AUDIT_RESULT,5169,5,5,-317,0,0,-317,0,13,13,0,0
PAWN_AUDIT_ENTRY,5175,2261589342881487156,12528079045704316340,14437583596911863041,5909224459955919348,3752,18446744073709551322,18446744073709551323,18446744073709551322,9,8,2,4,18446744073709542534,3604,12,0,0,0,0,0,0,0,0,18446744073709551301,18446744073709551301,2010690,13,8981,0,0,0,11,456,18446744073709545058,18446744073709548923,18446744073709551322,4,1,1,11155293981311553228,3,0,12,322047507003021772,0,4,1,0
PAWN_AUDIT_RESULT,5175,2,2,-352,0,0,-352,0,2,2,0,0
PAWN_AUDIT_ENTRY,5176,12528079045704316340,969234514773543043,14437583596911863041,13458331562102171504,3567,18446744073709551322,18446744073709551323,18446744073709551322,9,8,1,5,18446744073709541438,18446744073709550278,12,0,0,0,0,0,0,0,0,18446744073709551301,18446744073709551301,2010690,13,8984,0,0,0,9,18446744073709547565,18446744073709551030,18446744073709551030,18446744073709551322,4,1,1,11155293981311553228,3,0,12,322047507003021772,0,0,1,0
PAWN_AUDIT_RESULT,5176,1,1,-318,0,0,-318,0,0,0,0,0
PAWN_AUDIT_ENTRY,5177,969234514773543043,18148220291386438623,14437583596911863041,5818895958060386333,2649,18446744073709551322,18446744073709551323,18446744073709551322,9,8,1,7,18446744073709540892,18446744073709550278,12,0,0,0,0,0,0,0,0,18446744073709551301,18446744073709551301,2010690,13,8985,0,0,0,13,18446744073709547317,18446744073709551030,18446744073709551030,18446744073709551322,4,1,1,11155293981311553228,3,0,12,322047507003021772,0,4,1,0
PAWN_AUDIT_RESULT,5177,1,1,-362,0,0,-362,0,0,0,0,0
PAWN_AUDIT_ENTRY,5178,18148220291386438623,16778417576319045596,14437583596911863041,13663047473528670473,2202,18446744073709551322,18446744073709551323,18446744073709551322,9,8,1,8,18446744073709536581,18446744073709550278,12,0,0,0,0,0,0,0,0,18446744073709551301,18446744073709551301,2010690,13,8986,0,0,0,9,18446744073709545471,18446744073709550801,18446744073709551030,18446744073709551322,4,1,1,11155293981311553228,3,0,12,322047507003021772,0,0,1,0
PAWN_AUDIT_RESULT,5178,1,1,-369,0,0,-369,0,0,0,0,0
PAWN_AUDIT_ENTRY,5179,16778417576319045596,10481722164487657851,14437583596911863041,10737977601611238703,2664,18446744073709551322,18446744073709551323,18446744073709551322,9,8,1,10,18446744073709540283,18446744073709549364,12,0,0,0,0,0,0,0,0,18446744073709551301,18446744073709551301,2010690,13,8987,0,0,0,13,18446744073709547040,18446744073709551030,18446744073709551030,18446744073709551322,4,1,1,11155293981311553228,3,0,12,322047507003021772,0,4,1,0
PAWN_AUDIT_RESULT,5179,1,1,-391,0,0,-391,0,0,0,0,0
PAWN_AUDIT_ENTRY,5180,10481722164487657851,11355613552426576306,14437583596911863041,13694650859142976805,2666,18446744073709551322,18446744073709551323,18446744073709551322,9,8,1,11,18446744073709540045,18446744073709549364,12,0,0,0,0,0,0,0,0,18446744073709551301,18446744073709551301,2010690,13,8988,0,0,0,13,18446744073709547077,18446744073709551030,18446744073709550731,18446744073709551322,4,1,1,11155293981311553228,3,0,12,322047507003021772,0,4,1,0
PAWN_AUDIT_RESULT,5180,1,1,-374,0,0,-374,0,0,0,0,0
PAWN_AUDIT_ENTRY,5181,11355613552426576306,1669806373399989987,14437583596911863041,8018890073486498065,2673,18446744073709551322,18446744073709551323,18446744073709551322,9,8,1,12,18446744073709537994,18446744073709550278,12,0,0,0,0,0,0,0,0,18446744073709551301,18446744073709551301,2010690,13,8989,0,0,0,13,18446744073709545999,18446744073709551030,18446744073709551030,18446744073709551322,4,1,1,11155293981311553228,3,0,12,322047507003021772,0,4,1,0
PAWN_AUDIT_RESULT,5181,1,1,-398,0,0,-398,0,0,0,0,0
PAWN_AUDIT_ENTRY,5182,1669806373399989987,13010087740948466122,14437583596911863041,12962640954923696789,2674,18446744073709551322,18446744073709551323,18446744073709551322,9,8,1,13,18446744073709538426,18446744073709550065,12,0,0,0,0,0,0,0,0,18446744073709551301,18446744073709551301,2010690,13,8990,0,0,0,13,18446744073709546261,18446744073709550899,18446744073709551030,18446744073709551322,4,1,1,11155293981311553228,3,0,12,322047507003021772,0,4,1,0
PAWN_AUDIT_RESULT,5182,1,1,-381,0,0,-381,0,0,0,0,0
PAWN_AUDIT_ENTRY,5183,13010087740948466122,1960290021340739966,14437583596911863041,12275843832653163034,3899,18446744073709551322,18446744073709551323,18446744073709551322,9,8,1,14,18446744073709537326,18446744073709550278,12,0,0,0,0,0,0,0,0,18446744073709551301,18446744073709551301,2010690,13,8991,0,0,0,14,18446744073709545826,18446744073709551030,18446744073709550761,18446744073709551322,4,1,1,11155293981311553228,3,0,12,322047507003021772,0,4,1,0
PAWN_AUDIT_RESULT,5183,1,1,-421,0,0,-421,0,0,0,0,0
PAWN_AUDIT_ENTRY,5184,1960290021340739966,10270065127023912710,14437583596911863041,4812300848859293212,2681,18446744073709551322,18446744073709551323,18446744073709551322,9,8,1,15,18446744073709537968,18446744073709549407,12,0,0,0,0,0,0,0,0,18446744073709551301,18446744073709551301,2010690,13,8992,0,0,0,13,18446744073709546102,18446744073709550801,18446744073709551030,18446744073709551322,4,1,1,11155293981311553228,3,0,12,322047507003021772,0,4,1,0
PAWN_AUDIT_RESULT,5184,1,1,-414,0,0,-414,0,0,0,0,0
PAWN_AUDIT_ENTRY,5202,6560486022826857071,17042706389971934773,213067725328150640,8101403425536733697,3567,18446744073709551322,18446744073709551323,18446744073709551322,7,6,1,5,18446744073709543078,18446744073709550278,12,0,0,0,0,1,0,3956,0,18446744073709551322,18446744073709551282,3320387,13,9037,0,0,0,9,18446744073709548311,18446744073709551030,18446744073709551030,18446744073709551322,1,3,1,11155293981311553228,1,0,12,17842140487255316313,0,0,1,0
PAWN_AUDIT_RESULT,5202,1,1,-319,0,0,-319,0,0,0,0,0
PAWN_AUDIT_ENTRY,5213,6354727329662419323,7763890166134900508,12722798137899809150,624999660002352041,2072,18446744073709551322,18446744073709551323,18446744073709551309,7,6,4,2,18446744073709538887,6607,12,0,0,0,0,1,0,2722,0,18446744073709551311,18446744073709551311,1674879,13,9062,0,0,0,9,18446744073709548999,18446744073709547567,18446744073709549253,18446744073709551333,8,1,1,15612587136633976202,9,0,12,5041927898693099095,0,0,1,0
PAWN_AUDIT_RESULT,5213,4,4,-296,0,0,-296,0,4,4,0,0
PAWN_AUDIT_ENTRY,5216,7449094404786546568,15106429451305551927,12722798137899809150,7451600002081679515,53048,18446744073709551322,18446744073709551323,18446744073709551320,7,6,4,4,18446744073709549729,18446744073709550278,12,0,0,0,0,1,0,2722,0,18446744073709551311,18446744073709551311,1674879,13,9067,0,0,0,14,18446744073709551335,18446744073709551030,18446744073709551030,18446744073709551333,8,1,1,15612587136633976202,9,0,12,5041927898693099095,0,10,1,0
PAWN_AUDIT_RESULT,5216,4,4,-331,0,0,-331,0,0,0,0,0
PAWN_AUDIT_ENTRY,5217,15106429451305551927,7883954189484017767,12722798137899809150,649478785990912810,3956,18446744073709551322,18446744073709551323,18446744073709551320,7,6,3,5,18446744073709545255,18446744073709549807,12,0,0,0,0,1,0,2722,0,18446744073709551311,18446744073709551311,1674879,13,9068,0,0,0,11,1383,18446744073709549482,18446744073709545005,18446744073709551333,8,1,1,15612587136633976202,9,0,12,5041927898693099095,0,10,1,0
PAWN_AUDIT_RESULT,5217,3,3,-315,0,0,-315,0,0,0,0,0
PAWN_AUDIT_ENTRY,5218,7883954189484017767,7393526903664044698,12722798137899809150,13981836218492779279,3567,18446744073709551322,18446744073709551323,18446744073709551320,7,6,3,8,18446744073709545957,18446744073709549530,12,0,0,0,0,1,0,2722,0,18446744073709551311,18446744073709551311,1674879,13,9069,0,0,0,9,18446744073709549620,18446744073709551030,18446744073709551030,18446744073709551333,8,1,1,15612587136633976202,9,0,12,5041927898693099095,0,0,1,0
PAWN_AUDIT_RESULT,5218,3,3,-321,0,0,-321,0,2,2,0,0
PAWN_AUDIT_ENTRY,5223,5938700989743422189,9963859453121746666,8707990340570033873,12619628029766909748,53048,18446744073709551322,18446744073709551323,18446744073709551313,6,5,2,4,18446744073709548915,18446744073709550278,14,0,0,0,0,0,0,0,0,18446744073709551298,18446744073709551298,1159242,13,9084,0,0,0,14,18446744073709550965,18446744073709551030,18446744073709551030,18446744073709551347,1,1,1,686160663571770301,0,0,14,649478785990912810,0,1,1,0
PAWN_AUDIT_RESULT,5223,2,2,-319,0,0,-319,0,0,0,0,0
PAWN_AUDIT_ENTRY,5224,9963859453121746666,3653940263942344917,8707990340570033873,739152852320169120,3567,18446744073709551322,18446744073709551323,18446744073709551313,6,5,1,5,18446744073709547532,18446744073709550278,14,0,0,0,0,0,0,0,0,18446744073709551298,18446744073709551298,1159242,13,9085,0,0,0,9,18446744073709550336,18446744073709551030,18446744073709551030,18446744073709551347,1,1,1,686160663571770301,0,0,14,649478785990912810,0,0,1,0
PAWN_AUDIT_RESULT,5224,1,1,-304,0,0,-304,0,0,0,0,0
PAWN_AUDIT_ENTRY,5225,3653940263942344917,12153759375756830988,8707990340570033873,14248086173521190817,3387,18446744073709551322,18446744073709551323,18446744073709551313,6,5,1,10,18446744073709544714,18446744073709550278,14,0,0,0,0,0,0,0,0,18446744073709551298,18446744073709551298,1159242,13,9086,0,0,0,11,18446744073709549055,18446744073709551030,18446744073709551030,18446744073709551347,1,1,1,686160663571770301,0,0,14,649478785990912810,0,1,1,0
PAWN_AUDIT_RESULT,5225,1,1,-359,0,0,-359,0,0,0,0,0
PAWN_AUDIT_ENTRY,5226,12153759375756830988,4894889169655537761,8707990340570033873,13928476890954382469,3389,18446744073709551322,18446744073709551323,18446744073709551313,6,5,1,11,18446744073709544714,18446744073709550278,14,0,0,0,0,0,0,0,0,18446744073709551298,18446744073709551298,1159242,13,9087,0,0,0,11,18446744073709549055,18446744073709551030,18446744073709551030,18446744073709551347,1,1,1,686160663571770301,0,0,14,649478785990912810,0,1,1,0
PAWN_AUDIT_RESULT,5226,1,1,-373,0,0,-373,0,0,0,0,0
PAWN_AUDIT_ENTRY,5230,5890495346204723280,2705410537658397184,6655833110903798627,12193134497357306954,2525,293,294,293,6,5,1,3,18446744073709535669,6642,13,0,1,0,0,0,0,0,0,320,320,902724,13,9095,0,0,0,2,18446744073709545544,18446744073709551030,18446744073709549790,32002,18446744073709551613,0,0,15612587136633976202,10,0,13,6482463421581476526,0,11,1,0
PAWN_AUDIT_RESULT,5230,1,1,250,0,0,250,0,0,0,0,0
PAWN_AUDIT_ENTRY,5231,2705410537658397184,18404285498966285411,6655833110903798627,9134125154104544634,139,293,294,293,6,5,1,5,18446744073709542484,2489,13,0,1,0,0,0,0,0,0,320,320,902724,13,9096,0,0,0,3,18446744073709548249,18446744073709551030,18446744073709550601,32002,18446744073709551613,0,0,15612587136633976202,10,0,13,6482463421581476526,0,11,1,0
PAWN_AUDIT_RESULT,5231,1,1,257,0,0,257,0,0,0,0,0
PAWN_AUDIT_ENTRY,5233,1560847426958940338,1690356884243194741,6655833110903798627,16617414206151966773,391,293,294,293,6,5,1,7,18446744073709533736,18446744073709550526,13,0,1,0,0,0,0,0,0,320,320,902724,13,9099,0,0,0,6,18446744073709544457,18446744073709551030,18446744073709550218,32002,18446744073709551613,0,0,15612587136633976202,10,0,13,6482463421581476526,0,11,1,0
PAWN_AUDIT_RESULT,5233,1,1,271,0,0,271,0,0,0,0,0
PAWN_AUDIT_ENTRY,5234,1690356884243194741,12813603665129288876,6655833110903798627,14875457643911161740,593,293,294,293,6,5,1,10,18446744073709538070,18446744073709548692,13,0,1,0,0,0,0,0,0,320,320,902724,13,9100,0,0,0,1,18446744073709546357,18446744073709551030,18446744073709550364,32002,18446744073709551613,0,0,15612587136633976202,10,0,13,6482463421581476526,0,0,1,0
PAWN_AUDIT_RESULT,5234,1,1,263,0,0,263,0,0,0,0,0
PAWN_AUDIT_ENTRY,5235,12813603665129288876,1468517497397557828,6655833110903798627,8711522373259715633,2541,293,294,293,6,5,1,11,18446744073709550340,18446744073709550278,13,0,1,0,0,0,0,0,1,320,320,902724,13,9101,0,0,0,2,18446744073709551613,18446744073709551030,18446744073709551030,32002,18446744073709551613,0,0,15612587136633976202,10,0,13,6482463421581476526,0,11,1,0
PAWN_AUDIT_RESULT,5235,1,1,202,0,0,202,0,2,2,0,0
PAWN_AUDIT_ENTRY,5244,615243948049615695,15454225139793125867,6482463421581476526,16269907573140430969,2072,18446744073709551322,18446744073709551323,18446744073709551322,9,8,2,4,18446744073709540239,6607,12,0,0,0,0,0,0,0,0,18446744073709551320,18446744073709551322,558757,13,9116,0,0,0,9,18446744073709549224,18446744073709546622,18446744073709551030,18446744073709551320,1,1,1,15612587136633976202,9,0,12,12438561638958556551,0,0,1,0
PAWN_AUDIT_RESULT,5244,2,2,-308,0,0,-308,0,0,0,0,0
PAWN_AUDIT_ENTRY,5246,12124484979820910573,15300789368315704854,6482463421581476526,2853344627398234622,3359,18446744073709551322,18446744073709551323,18446744073709551322,9,8,2,7,18446744073709547219,18446744073709550278,12,0,0,0,0,0,0,0,0,18446744073709551320,18446744073709551322,558757,13,9118,0,0,0,11,18446744073709550194,18446744073709551030,18446744073709551030,18446744073709551320,1,1,1,15612587136633976202,9,0,12,12438561638958556551,0,10,1,0
PAWN_AUDIT_RESULT,5246,2,2,-423,0,0,-423,0,0,0,0,0
PAWN_AUDIT_ENTRY,5247,15300789368315704854,14959179306735226349,6482463421581476526,3129815559972372703,3567,18446744073709551322,18446744073709551323,18446744073709551322,9,8,2,9,18446744073709547019,18446744073709549530,12,0,0,0,0,0,0,0,0,18446744073709551320,18446744073709551322,558757,13,9119,0,0,0,9,18446744073709550103,18446744073709551030,18446744073709551030,18446744073709551320,1,1,1,15612587136633976202,9,0,12,12438561638958556551,0,0,1,0
PAWN_AUDIT_RESULT,5247,2,2,-307,0,0,-307,0,0,0,0,0
PAWN_AUDIT_ENTRY,5248,14959179306735226349,5097135219930782839,6482463421581476526,16169412357279502586,3389,18446744073709551322,18446744073709551323,18446744073709551322,9,8,1,11,18446744073709542704,18446744073709550278,12,0,0,0,0,0,0,0,0,18446744073709551320,18446744073709551322,558757,13,9120,0,0,0,11,18446744073709548141,18446744073709551030,18446744073709551030,18446744073709551320,1,1,1,15612587136633976202,9,0,12,12438561638958556551,0,10,1,0
PAWN_AUDIT_RESULT,5248,1,1,-370,0,0,-370,0,0,0,0,0
PAWN_AUDIT_ENTRY,5249,5097135219930782839,11257961796971710424,6482463421581476526,5358536694189652247,3353,18446744073709551322,18446744073709551323,18446744073709551322,9,8,2,12,18446744073709550340,18446744073709547406,12,0,0,0,0,0,0,0,0,18446744073709551320,18446744073709551322,558757,13,9121,0,0,0,11,18446744073709551613,18446744073709551030,18446744073709551030,18446744073709551320,1,1,1,15612587136633976202,9,0,12,12438561638958556551,0,10,1,0
PAWN_AUDIT_RESULT,5249,2,2,-356,0,0,-356,0,0,0,0,0
PAWN_AUDIT_ENTRY,5251,10448217241001186822,5138893193409372184,6482463421581476526,5614731167684141201,4093,18446744073709551322,18446744073709551323,18446744073709551322,9,8,1,14,18446744073709536962,18446744073709550278,12,0,0,0,0,0,0,0,0,18446744073709551320,18446744073709551322,558757,13,9123,0,0,0,12,18446744073709545530,18446744073709551030,18446744073709551030,18446744073709551320,1,1,1,15612587136633976202,9,0,12,12438561638958556551,0,10,1,0
PAWN_AUDIT_RESULT,5251,1,1,-387,0,0,-387,0,0,0,0,0
PAWN_AUDIT_ENTRY,5252,5138893193409372184,11749056964874027131,6482463421581476526,15785863734509343000,3642,18446744073709551322,18446744073709551323,18446744073709551322,9,8,1,24,18446744073709539864,18446744073709551030,12,0,0,0,0,0,0,0,0,18446744073709551320,18446744073709551322,558757,13,9124,0,0,0,12,18446744073709547308,18446744073709550113,18446744073709551030,18446744073709551320,1,1,1,15612587136633976202,9,0,12,12438561638958556551,0,10,1,0
PAWN_AUDIT_RESULT,5252,1,1,-317,0,0,-317,0,0,0,0,0
PAWN_AUDIT_ENTRY,5253,11749056964874027131,9703142171218614635,1517072148404631507,12479964444197197060,2072,18446744073709551322,18446744073709551323,18446744073709551322,12,11,8,4,18446744073709540583,6607,10,0,0,0,0,1,0,0,0,18446744073709551334,18446744073709551334,18446744073707986434,13,9125,0,0,0,9,18446744073709549517,18446744073709546463,18446744073709550912,18446744073709551335,10,1,1,15612587136633976202,7,0,10,15648043178610445086,0,0,1,0
PAWN_AUDIT_ENTRY,5255,9575550302214806904,16901357278147861576,674035141039400916,16042864916258666033,53048,18446744073709551322,18446744073709551323,18446744073709551317,8,7,3,5,18446744073709549256,18446744073709550278,14,0,0,0,0,0,0,0,0,18446744073709551153,18446744073709551153,1860561,13,9135,0,0,0,14,18446744073709551120,18446744073709551030,18446744073709551030,18446744073709551319,3,1,1,7017135246871816992,0,0,14,624999660002352041,0,1,1,0
PAWN_AUDIT_RESULT,5255,3,3,-391,0,0,-391,0,0,0,0,0
PAWN_AUDIT_ENTRY,5257,9196663876600762971,252545876606657306,674035141039400916,8918156310785009061,3567,18446744073709551322,18446744073709551323,18446744073709551317,8,7,2,8,18446744073709547633,18446744073709550278,14,0,0,0,0,0,0,0,0,18446744073709551153,18446744073709551153,1860561,13,9137,0,0,0,9,18446744073709550382,18446744073709551030,18446744073709551030,18446744073709551319,3,1,1,7017135246871816992,0,0,14,624999660002352041,0,0,1,0
PAWN_AUDIT_RESULT,5257,2,2,-351,0,0,-351,0,0,0,0,0
PAWN_AUDIT_ENTRY,5258,252545876606657306,10377441156865976236,674035141039400916,13469376305342516711,2656,18446744073709551322,18446744073709551323,18446744073709551317,8,7,2,9,18446744073709545880,18446744073709548874,14,0,0,0,0,0,0,0,0,18446744073709551153,18446744073709551153,1860561,13,9138,0,0,0,13,18446744073709549585,18446744073709551030,18446744073709551030,18446744073709551319,3,1,1,7017135246871816992,0,0,14,624999660002352041,0,1,1,0
PAWN_AUDIT_RESULT,5258,2,2,-489,0,0,-489,0,0,0,0,0
PAWN_AUDIT_ENTRY,5259,10377441156865976236,14827891059116385174,674035141039400916,12738919316686091648,3956,18446744073709551322,18446744073709551323,18446744073709551317,8,7,2,14,18446744073709547788,18446744073709550278,14,0,0,0,0,0,0,0,0,18446744073709551153,18446744073709551153,1860561,13,9139,0,0,0,11,1761,18446744073709551030,18446744073709545005,18446744073709551319,3,1,1,7017135246871816992,0,0,14,624999660002352041,0,1,1,0
PAWN_AUDIT_RESULT,5259,2,2,-475,0,0,-475,0,0,0,0,0
PAWN_AUDIT_ENTRY,5261,17934555762483702747,3854557235315219934,6366205586121306669,16269907573140430969,3956,18446744073709551322,18446744073709551323,18446744073709551318,10,9,6,2,18446744073709548633,18446744073709548972,12,0,0,0,0,0,0,0,0,18446744073709551297,18446744073709551305,4270870,13,9142,0,0,0,11,18446744073709551611,18446744073709549482,18446744073709551030,18446744073709551297,4,1,1,13862688173940149393,1,0,12,12479964444197197060,0,2,1,0
PAWN_AUDIT_RESULT,5261,6,6,-294,0,0,-294,0,6,6,0,0
PAWN_AUDIT_ENTRY,5265,5131898676970601862,4191784170934818083,6366205586121306669,13459275119648182951,2722,18446744073709551322,18446744073709551323,18446744073709551322,10,9,3,4,18446744073709549203,18446744073709550677,12,0,0,0,0,0,0,0,0,18446744073709551297,18446744073709551305,4270870,13,9152,0,0,0,9,849,18446744073709549455,18446744073709549832,18446744073709551297,4,1,1,13862688173940149393,1,0,12,12479964444197197060,0,0,1,0
PAWN_AUDIT_RESULT,5265,3,3,-343,0,0,-343,0,0,0,0,0
PAWN_AUDIT_ENTRY,5266,4191784170934818083,6873185006553091509,6366205586121306669,3080548772727042140,3567,18446744073709551322,18446744073709551323,18446744073709551322,10,9,3,5,18446744073709550903,18446744073709550278,12,0,0,0,0,0,0,0,0,18446744073709551297,18446744073709551305,4270870,13,9153,0,0,0,9,253,18446744073709551030,18446744073709551030,18446744073709551297,4,1,1,13862688173940149393,1,0,12,12479964444197197060,0,0,1,0
PAWN_AUDIT_RESULT,5266,3,3,-293,1,8,-304,0,9,15,0,0
PAWN_AUDIT_ENTRY,5275,14078520538477006495,7739687464368090704,6366205586121306669,2012863037691521622,3808,18446744073709551322,18446744073709551323,18446744073709551322,10,9,2,6,18446744073709546617,18446744073709549664,12,0,0,0,0,0,0,0,0,18446744073709551297,18446744073709551305,4270870,13,9169,0,0,0,13,18446744073709548568,18446744073709551030,2200,18446744073709551297,4,1,1,13862688173940149393,1,0,12,12479964444197197060,0,2,1,0
PAWN_AUDIT_RESULT,5275,2,2,-336,0,0,-336,0,0,0,0,0
PAWN_AUDIT_ENTRY,5277,4753449663330626016,3615702296179910801,6366205586121306669,4229096369712658455,2420,18446744073709551322,18446744073709551323,18446744073709551322,10,9,1,11,18446744073709531764,1214,12,0,0,0,0,0,0,0,0,18446744073709551297,18446744073709551305,4270870,13,9171,0,0,0,10,18446744073709544878,18446744073709551030,18446744073709547503,18446744073709551297,4,1,1,13862688173940149393,1,0,12,12479964444197197060,0,2,1,0
PAWN_AUDIT_RESULT,5277,1,1,-355,0,0,-355,0,0,0,0,0
PAWN_AUDIT_ENTRY,5278,3615702296179910801,11819599590041504182,6366205586121306669,15267560939324188657,3826,18446744073709551322,18446744073709551323,18446744073709551322,10,9,1,12,18446744073709541216,18446744073709548850,12,0,0,0,0,0,0,0,0,18446744073709551297,18446744073709551305,4270870,13,9172,0,0,0,13,18446744073709547180,18446744073709551030,0,18446744073709551297,4,1,1,13862688173940149393,1,0,12,12479964444197197060,0,2,1,0
PAWN_AUDIT_RESULT,5278,1,1,-333,0,0,-333,0,0,0,0,0
PAWN_AUDIT_ENTRY,5279,11819599590041504182,16544079130725196237,6366205586121306669,11811523512473615547,2593,18446744073709551322,18446744073709551323,18446744073709551322,10,9,1,13,18446744073709540361,18446744073709549388,12,0,0,0,0,0,0,0,0,18446744073709551297,18446744073709551305,4270870,13,9173,0,0,0,11,18446744073709546736,18446744073709551030,113,18446744073709551297,4,1,1,13862688173940149393,1,0,12,12479964444197197060,0,2,1,0
PAWN_AUDIT_RESULT,5279,1,1,-336,0,0,-336,0,0,0,0,0
PAWN_AUDIT_ENTRY,5280,16544079130725196237,6234273256154667427,6366205586121306669,1920208137261763146,3834,18446744073709551322,18446744073709551323,18446744073709551322,10,9,1,14,18446744073709538236,18446744073709549183,12,0,0,0,0,0,0,0,0,18446744073709551297,18446744073709551305,4270870,13,9174,0,0,0,13,18446744073709546109,18446744073709551030,18446744073709551030,18446744073709551297,4,1,1,13862688173940149393,1,0,12,12479964444197197060,0,2,1,0
PAWN_AUDIT_RESULT,5280,1,1,-356,0,0,-356,0,0,0,0,0
PAWN_AUDIT_ENTRY,5281,6234273256154667427,14292508586239507613,6366205586121306669,17582546743593467772,2586,18446744073709551322,18446744073709551323,18446744073709551322,10,9,1,15,18446744073709537673,18446744073709549342,12,0,0,0,0,0,0,0,0,18446744073709551297,18446744073709551305,4270870,13,9175,0,0,0,11,18446744073709545853,18446744073709551030,18446744073709551030,18446744073709551297,4,1,1,13862688173940149393,1,0,12,12479964444197197060,0,2,1,0
PAWN_AUDIT_RESULT,5281,1,1,-370,0,0,-370,0,0,0,0,0
PAWN_AUDIT_ENTRY,5282,14292508586239507613,10118981954946646897,6366205586121306669,5950517904867934220,3929,18446744073709551322,18446744073709551323,18446744073709551322,10,9,1,16,18446744073709534565,18446744073709550278,12,0,0,0,0,0,0,0,0,18446744073709551297,18446744073709551305,4270870,13,9176,0,0,0,11,18446744073709544440,18446744073709551030,18446744073709551030,18446744073709551297,4,1,1,13862688173940149393,1,0,12,12479964444197197060,0,2,1,0
PAWN_AUDIT_RESULT,5282,1,1,-313,0,0,-313,0,0,0,0,0
PAWN_AUDIT_ENTRY,5283,10118981954946646897,9028326800468462694,6366205586121306669,11220410797309627074,3502,18446744073709551322,18446744073709551323,18446744073709551322,10,9,1,17,18446744073709534550,18446744073709550278,12,0,0,0,0,0,0,0,0,18446744073709551297,18446744073709551305,4270870,13,9177,0,0,0,9,18446744073709544433,18446744073709551030,18446744073709551030,18446744073709551297,4,1,1,13862688173940149393,1,0,12,12479964444197197060,0,0,1,0
PAWN_AUDIT_RESULT,5283,1,1,-403,0,0,-403,0,0,0,0,0
PAWN_AUDIT_ENTRY,5284,9028326800468462694,2431521829924674043,6366205586121306669,17058652250675021443,3827,18446744073709551322,18446744073709551323,18446744073709551322,10,9,1,19,18446744073709534550,18446744073709550278,12,0,0,0,0,0,0,0,0,18446744073709551297,18446744073709551305,4270870,13,9178,0,0,0,13,18446744073709544433,18446744073709551030,18446744073709551030,18446744073709551297,4,1,1,13862688173940149393,1,0,12,12479964444197197060,0,2,1,0
PAWN_AUDIT_RESULT,5284,1,1,-350,0,0,-350,0,0,0,0,0
PAWN_AUDIT_ENTRY,5285,2431521829924674043,14808362430968834816,6366205586121306669,10460837465825627195,3891,18446744073709551322,18446744073709551323,18446744073709551322,10,9,1,20,18446744073709534550,18446744073709550278,12,0,0,0,0,0,0,0,0,18446744073709551297,18446744073709551305,4270870,13,9179,0,0,0,14,18446744073709544433,18446744073709551030,18446744073709551030,18446744073709551297,4,1,1,13862688173940149393,1,0,12,12479964444197197060,0,2,1,0
PAWN_AUDIT_RESULT,5285,1,1,-345,0,0,-345,0,0,0,0,0
PAWN_AUDIT_ENTRY,5286,14808362430968834816,8306025329113337062,6366205586121306669,384596398107881815,3641,18446744073709551322,18446744073709551323,18446744073709551322,10,9,1,22,18446744073709535139,18446744073709549495,12,0,0,0,0,0,0,0,0,18446744073709551297,18446744073709551305,4270870,13,9180,0,0,0,12,18446744073709544701,18446744073709551030,18446744073709551030,18446744073709551297,4,1,1,13862688173940149393,1,0,12,12479964444197197060,0,2,1,0
PAWN_AUDIT_RESULT,5286,1,1,-330,0,0,-330,0,0,0,0,0
PAWN_AUDIT_ENTRY,5287,8306025329113337062,10335854629693551766,6366205586121306669,2507786652231254904,3833,18446744073709551322,18446744073709551323,18446744073709551322,10,9,1,23,18446744073709539763,18446744073709548300,12,0,0,0,0,0,0,0,0,18446744073709551297,18446744073709551305,4270870,13,9181,0,0,0,13,18446744073709547024,18446744073709551030,18446744073709550576,18446744073709551297,4,1,1,13862688173940149393,1,0,12,12479964444197197060,0,2,1,0
PAWN_AUDIT_RESULT,5287,1,1,-345,0,0,-345,0,0,0,0,0
PAWN_AUDIT_ENTRY,5288,10335854629693551766,15102089151886024509,6366205586121306669,13980334186214903512,2618,18446744073709551322,18446744073709551323,18446744073709551322,10,9,1,24,18446744073709536514,18446744073709548874,12,0,0,0,0,0,0,0,0,18446744073709551297,18446744073709551305,4270870,13,9182,0,0,0,11,18446744073709545326,18446744073709551030,18446744073709551030,18446744073709551297,4,1,1,13862688173940149393,1,0,12,12479964444197197060,0,2,1,0
PAWN_AUDIT_RESULT,5288,1,1,-397,0,0,-397,0,0,0,0,0
PAWN_AUDIT_ENTRY,5289,15102089151886024509,12626396193939302871,6366205586121306669,17420790425848324642,3437,18446744073709551322,18446744073709551323,18446744073709551322,10,9,1,25,18446744073709534612,18446744073709550278,12,0,0,0,0,0,0,0,0,18446744073709551297,18446744073709551305,4270870,13,9183,0,0,0,9,18446744073709544957,18446744073709551030,18446744073709550009,18446744073709551297,4,1,1,13862688173940149393,1,0,12,12479964444197197060,0,0,1,0
PAWN_AUDIT_RESULT,5289,1,1,-498,0,0,-498,0,0,0,0,0
PAWN_AUDIT_ENTRY,5290,12626396193939302871,7957833634954544947,6366205586121306669,14132004364975463377,2609,18446744073709551322,18446744073709551323,18446744073709551322,10,9,1,26,18446744073709536927,18446744073709548493,12,0,0,0,0,0,0,0,0,18446744073709551297,18446744073709551305,4270870,13,9184,0,0,0,11,18446744073709545514,18446744073709551030,18446744073709551030,18446744073709551297,4,1,1,13862688173940149393,1,0,12,12479964444197197060,0,2,1,0
PAWN_AUDIT_RESULT,5290,1,1,-392,0,0,-392,0,0,0,0,0
PAWN_AUDIT_ENTRY,5291,7957833634954544947,7784123519085952743,6366205586121306669,15761964342669173147,3642,18446744073709551322,18446744073709551323,18446744073709551322,10,9,1,31,18446744073709538882,18446744073709551224,12,0,0,0,0,0,0,0,0,18446744073709551297,18446744073709551305,4270870,13,9185,0,0,0,12,18446744073709547277,18446744073709550113,18446744073709550174,18446744073709551297,4,1,1,13862688173940149393,1,0,12,12479964444197197060,0,2,1,0
PAWN_AUDIT_RESULT,5291,1,1,-332,0,0,-332,0,0,0,0,0
PAWN_AUDIT_RESULT,5253,8,8,-294,0,0,-294,0,60,60,0,0
PAWN_AUDIT_ENTRY,5292,7784123519085952743,12127875632002306824,1517072148404631507,2522610861277457663,2572,18446744073709551322,18446744073709551323,18446744073709551322,12,11,8,5,18446744073709543022,1474,10,0,0,0,0,1,0,0,0,18446744073709551334,18446744073709551334,18446744073707986434,13,9186,0,0,0,11,18446744073709548572,18446744073709551030,18446744073709550440,18446744073709551335,10,1,1,15612587136633976202,7,0,10,15648043178610445086,0,8,1,0
PAWN_AUDIT_RESULT,5292,8,8,-898,0,0,-898,0,0,0,0,0
PAWN_AUDIT_ENTRY,5293,12127875632002306824,11591523261387884377,1517072148404631507,4747348423316409497,2565,18446744073709551322,18446744073709551323,18446744073709551322,12,11,8,6,18446744073709544714,18446744073709550278,10,0,0,0,0,1,0,0,0,18446744073709551334,18446744073709551334,18446744073707986434,13,9187,0,0,0,11,18446744073709549055,18446744073709551030,18446744073709551030,18446744073709551335,10,1,1,15612587136633976202,7,0,10,15648043178610445086,0,8,1,0
PAWN_AUDIT_RESULT,5293,8,8,-519,0,0,-519,0,0,0,0,0
PAWN_AUDIT_ENTRY,5298,3787679742403098513,13342901414902445807,10591422161560523403,3129815559972372703,3956,18446744073709551322,18446744073709551323,18446744073709551303,7,6,1,3,18446744073709548388,18446744073709550278,12,0,0,0,0,0,0,0,0,18446744073709551322,18446744073709551322,2230798,13,9199,0,0,0,11,391,18446744073709548467,18446744073709551030,32002,18446744073709551613,0,0,776639374277995575,1,0,12,7463794568438019490,0,2,1,0
PAWN_AUDIT_RESULT,5298,1,1,-307,0,0,-307,0,0,0,0,0
PAWN_AUDIT_ENTRY,5299,13342901414902445807,3993006603868619808,10591422161560523403,8101403425536733697,2722,18446744073709551322,18446744073709551323,18446744073709551309,7,6,1,5,18446744073709548806,18446744073709550278,12,0,0,0,0,0,0,0,0,18446744073709551322,18446744073709551322,2230798,13,9200,0,0,0,9,87,18446744073709549455,18446744073709551030,32002,18446744073709551613,0,0,776639374277995575,1,0,12,7463794568438019490,0,0,1,0
PAWN_AUDIT_RESULT,5299,1,1,-316,0,0,-316,0,0,0,0,0
PAWN_AUDIT_ENTRY,5300,3993006603868619808,15236917909843760516,10591422161560523403,7570967850835442057,4087,18446744073709551322,18446744073709551323,18446744073709551309,7,6,1,6,18446744073709543001,18446744073709550278,12,0,0,0,0,0,0,0,0,18446744073709551322,18446744073709551322,2230798,13,9201,0,0,0,12,18446744073709548276,18446744073709551030,18446744073709551030,32002,18446744073709551613,0,0,776639374277995575,1,0,12,7463794568438019490,0,2,1,0
PAWN_AUDIT_RESULT,5300,1,1,-351,0,0,-351,0,0,0,0,0
PAWN_AUDIT_ENTRY,5302,9948773454570811955,11162563761736444802,10591422161560523403,1820652578331019095,3826,18446744073709551322,18446744073709551323,18446744073709551309,7,6,1,9,18446744073709540274,18446744073709550278,12,0,0,0,0,0,0,0,0,18446744073709551322,18446744073709551322,2230798,13,9204,0,0,0,13,18446744073709547036,18446744073709551030,18446744073709551030,32002,18446744073709551613,0,0,776639374277995575,1,0,12,7463794568438019490,0,2,1,0
PAWN_AUDIT_RESULT,5302,1,1,-315,0,0,-315,0,0,0,0,0
PAWN_AUDIT_ENTRY,5303,11162563761736444802,16814139098633229025,10591422161560523403,3080548772727042140,2072,18446744073709551322,18446744073709551323,18446744073709551309,7,6,1,11,18446744073709543877,18446744073709550278,12,0,0,0,0,0,0,0,0,18446744073709551322,18446744073709551322,2230798,13,9205,0,0,0,9,18446744073709550878,18446744073709546622,18446744073709551030,32002,18446744073709551613,0,0,776639374277995575,1,0,12,7463794568438019490,0,0,1,0
PAWN_AUDIT_RESULT,5303,1,1,-304,0,0,-304,0,0,0,0,0
PAWN_AUDIT_ENTRY,5305,17491787750975198877,7916014288809862675,1517072148404631507,8639087061594815977,2420,18446744073709551322,18446744073709551323,18446744073709551322,12,11,7,9,18446744073709540689,1003,10,0,0,0,0,1,0,0,0,18446744073709551334,18446744073709551334,18446744073707986434,13,9207,0,0,0,10,18446744073709544811,18446744073709547636,7883,18446744073709551335,10,1,1,15612587136633976202,7,0,10,15648043178610445086,0,8,1,0
PAWN_AUDIT_RESULT,5305,7,7,-329,0,0,-329,0,6,6,0,0
PAWN_AUDIT_ENTRY,5312,15411570075735874482,16621444718161497472,1517072148404631507,13589580828222089180,3437,18446744073709551322,18446744073709551323,18446744073709551322,12,11,6,11,18446744073709533876,18446744073709549718,10,0,0,0,0,1,0,0,0,18446744073709551334,18446744073709551334,18446744073707986434,13,9218,0,0,0,9,18446744073709544853,18446744073709550644,18446744073709549931,18446744073709551335,10,1,1,15612587136633976202,7,0,10,15648043178610445086,0,0,1,0
PAWN_AUDIT_RESULT,5312,6,6,-641,0,0,-641,0,0,0,0,0
PAWN_AUDIT_ENTRY,5313,16621444718161497472,13763086455438770844,1517072148404631507,13948267808484456565,2388,18446744073709551322,18446744073709551323,18446744073709551322,12,11,8,12,18446744073709551169,18446744073709550656,10,0,0,0,0,1,0,0,0,18446744073709551334,18446744073709551334,18446744073707986434,13,9219,0,0,0,10,374,18446744073709551030,18446744073709551030,18446744073709551335,10,1,1,15612587136633976202,7,0,10,15648043178610445086,0,8,1,0
PAWN_AUDIT_RESULT,5313,8,8,-2200,0,0,-2200,0,1,1,0,0
PAWN_AUDIT_ENTRY,5314,13763086455438770844,6446039361991059696,1517072148404631507,15483973099309551420,3502,18446744073709551322,18446744073709551323,18446744073709551322,12,11,6,13,18446744073709534550,18446744073709549983,10,0,0,0,0,1,0,0,0,18446744073709551334,18446744073709551334,18446744073707986434,13,9221,0,0,0,9,18446744073709544433,18446744073709551030,18446744073709551030,18446744073709551335,10,1,1,15612587136633976202,7,0,10,15648043178610445086,0,0,1,0
PAWN_AUDIT_RESULT,5314,6,6,-349,0,0,-349,0,0,0,0,0
PAWN_AUDIT_ENTRY,5315,6446039361991059696,11361552680354400240,1517072148404631507,11436243213751017999,3826,18446744073709551322,18446744073709551323,18446744073709551322,12,11,7,14,18446744073709539911,18446744073709547520,10,0,0,0,0,1,0,0,0,18446744073709551334,18446744073709551334,18446744073707986434,13,9222,0,0,0,13,18446744073709547028,18446744073709550899,18446744073709550841,18446744073709551335,10,1,1,15612587136633976202,7,0,10,15648043178610445086,0,8,1,0
PAWN_AUDIT_RESULT,5315,7,7,-324,0,0,-324,0,18,18,0,0
PAWN_AUDIT_ENTRY,5323,6051868335418613598,4259654586691806375,1517072148404631507,6214949691223730540,3494,18446744073709551322,18446744073709551323,18446744073709551322,12,11,6,15,18446744073709534550,18446744073709549871,10,0,0,0,0,1,0,0,0,18446744073709551334,18446744073709551334,18446744073707986434,13,9241,0,0,0,9,18446744073709544433,18446744073709551030,18446744073709551030,18446744073709551335,10,1,1,15612587136633976202,7,0,10,15648043178610445086,0,0,1,0
PAWN_AUDIT_RESULT,5323,6,6,-362,0,0,-362,0,0,0,0,0
PAWN_AUDIT_ENTRY,5324,4259654586691806375,17240749193381164402,1517072148404631507,10084550560707413798,3559,18446744073709551322,18446744073709551323,18446744073709551322,12,11,6,16,18446744073709535440,18446744073709549982,10,0,0,0,0,1,0,0,0,18446744073709551334,18446744073709551334,18446744073707986434,13,9242,0,0,0,9,18446744073709545198,18446744073709551030,18446744073709550288,18446744073709551335,10,1,1,15612587136633976202,7,0,10,15648043178610445086,0,0,1,0
PAWN_AUDIT_ENTRY,5338,16342259178621872959,7689066921585852629,4880511261665644681,13973929071883473288,202,293,294,253,6,5,1,2,18446744073709545235,18446744073709550535,13,0,1,0,0,0,0,0,0,264,264,18446744073706988084,13,9272,0,0,0,5,18446744073709549707,18446744073709551030,18446744073709550174,275,4,1,1,4003321299607060612,1,0,13,18025679353416303325,0,2,1,0
PAWN_AUDIT_RESULT,5338,1,1,274,0,0,274,0,0,0,0,0
PAWN_AUDIT_ENTRY,5339,7689066921585852629,12218856497991299378,4880511261665644681,2963650640531966609,209,293,294,274,6,5,1,4,18446744073709541752,18446744073709550278,13,0,1,0,0,0,0,0,0,264,264,18446744073706988084,13,9273,0,0,0,5,18446744073709547708,18446744073709551030,18446744073709551030,275,4,1,1,4003321299607060612,1,0,13,18025679353416303325,0,2,1,0
PAWN_AUDIT_RESULT,5339,1,1,210,0,0,210,0,0,0,0,0
PAWN_AUDIT_ENTRY,5342,8316844983925442090,303744668690780545,4880511261665644681,15102106911750376550,593,293,294,274,6,5,1,9,18446744073709539709,18446744073709550278,13,0,1,0,0,0,0,0,0,264,264,18446744073706988084,13,9276,0,0,0,1,18446744073709546779,18446744073709551030,18446744073709551030,275,4,1,1,4003321299607060612,1,0,13,18025679353416303325,0,0,1,0
PAWN_AUDIT_RESULT,5342,1,1,291,0,0,291,0,0,0,0,0
PAWN_AUDIT_ENTRY,5343,303744668690780545,1123119842732239627,4880511261665644681,3040257841672602039,1875,293,294,291,6,5,1,10,18446744073709540721,18446744073709550278,13,0,1,0,0,0,0,0,0,264,264,18446744073706988084,13,9277,0,0,0,2,18446744073709547239,18446744073709551030,18446744073709551030,275,4,1,1,4003321299607060612,1,0,13,18025679353416303325,0,2,1,0
PAWN_AUDIT_RESULT,5343,1,1,244,0,0,244,0,0,0,0,0
PAWN_AUDIT_ENTRY,5348,16345012491117999877,3360304440662672890,10084550560707413798,1863923261216857033,593,293,294,291,9,8,1,6,18446744073709544043,18446744073709550278,11,0,1,0,0,1,0,0,0,293,340,18446744073704869719,13,9282,0,0,0,1,18446744073709548343,18446744073709551426,18446744073709551460,293,5,1,1,16618302098852388531,0,0,11,1517072148404631507,0,0,1,0
PAWN_AUDIT_RESULT,5348,1,1,293,0,0,293,0,0,0,0,0
PAWN_AUDIT_ENTRY,5349,3360304440662672890,18420186693799447313,10084550560707413798,3544662280181218416,391,293,294,293,9,8,1,7,18446744073709534972,18446744073709550278,11,0,1,0,0,1,0,0,0,293,340,18446744073704869719,13,9283,0,0,0,6,18446744073709544456,260,18446744073709550507,293,5,1,1,16618302098852388531,0,0,11,1517072148404631507,0,1,1,0
PAWN_AUDIT_RESULT,5349,1,1,267,0,0,267,0,0,0,0,0
PAWN_AUDIT_ENTRY,5350,18420186693799447313,137090757744932104,10084550560707413798,16319250690869073432,1875,293,294,293,9,8,1,8,18446744073709540257,18446744073709548951,11,0,1,0,0,1,0,0,0,293,340,18446744073704869719,13,9284,0,0,0,2,18446744073709547028,18446744073709551030,18446744073709551030,293,5,1,1,16618302098852388531,0,0,11,1517072148404631507,0,1,1,0
PAWN_AUDIT_RESULT,5350,1,1,258,0,0,258,0,0,0,0,0
PAWN_AUDIT_ENTRY,5351,137090757744932104,13179769723117862548,10084550560707413798,17523759598913480160,1355,293,294,293,9,8,1,11,18446744073709536135,18446744073709550278,11,0,1,0,0,1,0,0,0,293,340,18446744073704869719,13,9285,0,0,0,2,18446744073709545154,18446744073709551030,18446744073709551030,293,5,1,1,16618302098852388531,0,0,11,1517072148404631507,0,1,1,0
PAWN_AUDIT_RESULT,5351,1,1,224,0,0,224,0,0,0,0,0
PAWN_AUDIT_ENTRY,5352,13179769723117862548,15753614024186399844,10084550560707413798,8158348442020358477,1868,293,294,293,9,8,1,12,18446744073709539062,18446744073709550278,11,0,1,0,0,1,0,0,0,293,340,18446744073704869719,13,9286,0,0,0,2,18446744073709546684,18446744073709550632,18446744073709551030,293,5,1,1,16618302098852388531,0,0,11,1517072148404631507,0,1,1,0
PAWN_AUDIT_RESULT,5352,1,1,247,0,0,247,0,0,0,0,0
PAWN_AUDIT_ENTRY,5353,15753614024186399844,3778180212538147433,10084550560707413798,14640698645026882446,203,293,294,293,9,8,1,13,18446744073709535234,18446744073709550278,11,0,1,0,0,1,0,0,0,293,340,18446744073704869719,13,9287,0,0,0,5,18446744073709544744,18446744073709551030,18446744073709551030,293,5,1,1,16618302098852388531,0,0,11,1517072148404631507,0,1,1,0
PAWN_AUDIT_RESULT,5353,1,1,253,0,0,253,0,0,0,0,0
PAWN_AUDIT_ENTRY,5354,3778180212538147433,10405654025901380088,10084550560707413798,1663055241615805063,983,293,294,293,9,8,1,14,18446744073709535625,18446744073709550278,11,0,1,0,0,1,0,0,0,293,340,18446744073704869719,13,9288,0,0,0,1,18446744073709544922,18446744073709551030,18446744073709551030,293,5,1,1,16618302098852388531,0,0,11,1517072148404631507,0,0,1,0
PAWN_AUDIT_RESULT,5354,1,1,298,1,7,293,0,2,17,0,0
PAWN_AUDIT_ENTRY,5363,4851523778200831330,11061043841203460211,10084550560707413798,17142891558457096418,1,293,294,293,9,8,1,15,18446744073709534965,18446744073709550278,11,0,1,0,0,1,0,0,0,293,340,18446744073704869719,13,9306,0,0,0,4,18446744073709544622,18446744073709551030,18446744073709551030,293,5,1,1,16618302098852388531,0,0,11,1517072148404631507,0,1,1,0
PAWN_AUDIT_RESULT,5363,1,1,286,0,0,286,0,0,0,0,0
PAWN_AUDIT_ENTRY,5364,11061043841203460211,17672545029744935557,10084550560707413798,6403486805876667334,528,293,294,293,9,8,1,17,18446744073709534759,18446744073709550278,11,0,1,0,0,1,0,0,0,293,340,18446744073704869719,13,9307,0,0,0,1,18446744073709544528,18446744073709551030,18446744073709551030,293,5,1,1,16618302098852388531,0,0,11,1517072148404631507,0,0,1,0
PAWN_AUDIT_RESULT,5364,1,1,282,0,0,282,0,0,0,0,0
PAWN_AUDIT_ENTRY,5365,17672545029744935557,8925334571202901191,10084550560707413798,3064497412656266202,1879,293,294,293,9,8,1,23,18446744073709537514,18446744073709549070,11,0,1,0,0,1,0,0,0,293,340,18446744073704869719,13,9308,0,0,0,2,18446744073709545781,18446744073709551030,18446744073709551030,293,5,1,1,16618302098852388531,0,0,11,1517072148404631507,0,1,1,0
PAWN_AUDIT_RESULT,5365,1,1,262,0,0,262,0,0,0,0,0
PAWN_AUDIT_ENTRY,5366,8925334571202901191,13125833866609524909,10084550560707413798,12209029700685017407,139,293,294,293,9,8,1,26,18446744073709543656,18446744073709548865,11,0,1,0,0,1,0,0,0,293,340,18446744073704869719,13,9309,0,0,0,3,18446744073709549008,18446744073709551030,18446744073709550135,293,5,1,1,16618302098852388531,0,0,11,1517072148404631507,0,1,1,0
PAWN_AUDIT_RESULT,5366,1,1,293,0,0,293,0,0,0,0,0
PAWN_AUDIT_RESULT,5324,6,6,-293,1,10,-293,0,26,67,1,1
PAWN_AUDIT_ENTRY,5372,5304837721334745338,1292936636543322385,15648043178610445086,15627441089767176035,926,293,294,293,11,10,7,4,18446744073709550395,404,9,0,1,0,0,1,0,324,0,280,270,3942085,13,9320,0,0,0,1,18446744073709551374,18446744073709549611,1420,280,11,2,1,15612587136633976202,6,0,9,4860604190059411435,0,0,1,0
PAWN_AUDIT_RESULT,5372,7,7,254,0,0,254,0,7,7,0,0
PAWN_AUDIT_ENTRY,5377,10325355625546217892,8613248511521096687,15648043178610445086,5406427623994251249,593,293,294,293,11,10,5,7,18446744073709545109,18446744073709548692,9,0,1,0,0,1,0,324,0,280,270,3942085,13,9332,0,0,0,1,18446744073709549223,18446744073709551233,18446744073709550844,280,11,2,1,15612587136633976202,6,0,9,4860604190059411435,0,0,1,0
PAWN_AUDIT_RESULT,5377,5,5,207,0,0,207,0,0,0,0,0
PAWN_AUDIT_ENTRY,5378,8613248511521096687,17650395425950502580,15648043178610445086,7200035909093240904,391,293,294,293,11,10,4,8,18446744073709539374,18446744073709550221,9,0,1,0,0,1,0,324,0,280,270,3942085,13,9333,0,0,0,6,18446744073709544453,301,2979,280,11,2,1,15612587136633976202,6,0,9,4860604190059411435,0,7,1,0
PAWN_AUDIT_RESULT,5378,4,4,173,0,0,173,0,0,0,0,0
PAWN_AUDIT_ENTRY,5379,17650395425950502580,7931679513846948165,15648043178610445086,18137595216795041031,139,293,294,293,11,10,3,10,18446744073709527530,1354,9,0,1,0,0,1,0,324,0,280,270,3942085,13,9334,0,0,0,3,18446744073709549008,18446744073709543109,18446744073709543187,280,11,2,1,15612587136633976202,6,0,9,4860604190059411435,0,7,1,0
PAWN_AUDIT_RESULT,5379,3,3,200,0,0,200,0,0,0,0,0
PAWN_AUDIT_ENTRY,5380,7931679513846948165,17232415695216212048,15648043178610445086,12728053365228886560,1875,293,294,293,11,10,4,11,18446744073709538380,18446744073709546452,9,0,1,0,0,1,0,324,0,280,270,3942085,13,9335,0,0,0,2,18446744073709546410,18446744073709551030,18446744073709550545,280,11,2,1,15612587136633976202,6,0,9,4860604190059411435,0,7,1,0
PAWN_AUDIT_RESULT,5380,4,4,229,0,0,229,0,0,0,0,0
PAWN_AUDIT_ENTRY,5381,17232415695216212048,16090666431952996110,15648043178610445086,5030198615713171135,983,293,294,293,11,10,4,12,18446744073709539834,18446744073709549007,9,0,1,0,0,1,0,324,0,280,270,3942085,13,9336,0,0,0,1,18446744073709546531,18446744073709551348,18446744073709551330,280,11,2,1,15612587136633976202,6,0,9,4860604190059411435,0,0,1,0
PAWN_AUDIT_RESULT,5381,4,4,191,0,0,191,0,0,0,0,0
PAWN_AUDIT_ENTRY,5382,16090666431952996110,7606398368251999165,15648043178610445086,10548007399719934995,1902,293,294,293,11,10,5,14,18446744073709550340,18446744073709550278,9,0,1,0,0,1,0,324,0,280,270,3942085,13,9337,0,0,0,2,18446744073709551613,18446744073709551030,18446744073709551030,280,11,2,1,15612587136633976202,6,0,9,4860604190059411435,0,7,1,0
PAWN_AUDIT_RESULT,5382,5,5,20,0,0,20,0,0,0,0,0
PAWN_AUDIT_ENTRY,5383,7606398368251999165,1618538543698522475,15648043178610445086,3478537039786786808,918,293,294,293,11,10,4,15,18446744073709534618,18446744073709549283,9,0,1,0,0,1,0,324,0,280,270,3942085,13,9338,0,0,0,1,18446744073709544464,18446744073709551030,18446744073709551030,280,11,2,1,15612587136633976202,6,0,9,4860604190059411435,0,0,1,0
PAWN_AUDIT_RESULT,5383,4,4,181,0,0,181,0,0,0,0,0
PAWN_AUDIT_ENTRY,5384,1618538543698522475,5632763797278266578,15648043178610445086,722616915638337534,528,293,294,293,11,10,4,18,18446744073709534752,18446744073709549121,9,0,1,0,0,1,0,324,0,280,270,3942085,13,9339,0,0,0,1,18446744073709544525,18446744073709551030,18446744073709551030,280,11,2,1,15612587136633976202,6,0,9,4860604190059411435,0,0,1,0
PAWN_AUDIT_RESULT,5384,4,4,173,0,0,173,0,0,0,0,0
PAWN_AUDIT_ENTRY,5385,5632763797278266578,4592456380044440925,15648043178610445086,8864578067823946008,536,293,294,293,11,10,3,19,18446744073709534563,18446744073709548997,9,0,1,0,0,1,0,324,0,280,270,3942085,13,9340,0,0,0,1,18446744073709544577,18446744073709551030,18446744073709550746,280,11,2,1,15612587136633976202,6,0,9,4860604190059411435,0,0,1,0
PAWN_AUDIT_RESULT,5385,3,3,179,0,0,179,0,0,0,0,0
PAWN_AUDIT_ENTRY,5386,4592456380044440925,3840675026604234811,15648043178610445086,4275254247312427503,196,293,294,293,11,10,4,21,18446744073709536397,18446744073709547378,9,0,1,0,0,1,0,324,0,280,270,3942085,13,9341,0,0,0,5,18446744073709545273,18446744073709551030,18446744073709551030,280,11,2,1,15612587136633976202,6,0,9,4860604190059411435,0,7,1,0
PAWN_AUDIT_RESULT,5386,4,4,75,0,0,75,0,0,0,0,0
PAWN_AUDIT_ENTRY,5387,3840675026604234811,11768172452321070990,15648043178610445086,13780249705248388314,1,293,294,293,11,10,4,22,18446744073709534961,18446744073709547688,9,0,1,0,0,1,0,324,0,280,270,3942085,13,9342,0,0,0,4,18446744073709544620,18446744073709551030,18446744073709551030,280,11,2,1,15612587136633976202,6,0,9,4860604190059411435,0,7,1,0
PAWN_AUDIT_RESULT,5387,4,4,176,0,0,176,0,0,0,0,0
PAWN_AUDIT_ENTRY,5388,11768172452321070990,6118677044277009663,15648043178610445086,11667251659674102232,1355,293,294,293,11,10,4,23,18446744073709535821,18446744073709547113,9,0,1,0,0,1,0,324,0,280,270,3942085,13,9343,0,0,0,2,18446744073709545011,18446744073709551030,18446744073709551030,280,11,2,1,15612587136633976202,6,0,9,4860604190059411435,0,7,1,0
PAWN_AUDIT_RESULT,5388,4,4,-1,0,0,-1,0,0,0,0,0
PAWN_AUDIT_ENTRY,5389,6118677044277009663,6818997483562112040,15648043178610445086,2221170411120998237,1348,293,294,293,11,10,4,24,18446744073709536323,18446744073709546974,9,0,1,0,0,1,0,324,0,280,270,3942085,13,9344,0,0,0,2,18446744073709545410,18446744073709551030,18446744073709550678,280,11,2,1,15612587136633976202,6,0,9,4860604190059411435,0,7,1,0
PAWN_AUDIT_RESULT,5389,4,4,145,0,0,145,0,0,0,0,0
PAWN_AUDIT_ENTRY,5390,6818997483562112040,1374021651189683750,15648043178610445086,8673309708885997538,1879,293,294,293,11,10,4,25,18446744073709536712,18446744073709546840,9,0,1,0,0,1,0,324,0,280,270,3942085,13,9345,0,0,0,2,18446744073709545628,18446744073709551030,18446744073709550594,280,11,2,1,15612587136633976202,6,0,9,4860604190059411435,0,7,1,0
PAWN_AUDIT_RESULT,5390,4,4,121,0,0,121,0,0,0,0,0
PAWN_AUDIT_ENTRY,5391,1374021651189683750,8454998608660806612,15648043178610445086,2585848754269480309,1868,293,294,293,11,10,4,26,18446744073709535301,18446744073709546714,9,0,1,0,0,1,0,324,0,280,270,3942085,13,9346,0,0,0,2,18446744073709546287,18446744073709551030,18446744073709547914,280,11,2,1,15612587136633976202,6,0,9,4860604190059411435,0,7,1,0
PAWN_AUDIT_RESULT,5391,4,4,207,0,0,207,0,0,0,0,0
PAWN_AUDIT_ENTRY,5395,1589233428684234315,7649769429216744654,15102106911750376550,15358961634838616116,2527,18446744073709551347,18446744073709551348,18446744073709551248,6,5,1,3,18446744073709549333,18446744073709550278,14,0,1,0,0,0,0,0,0,18446744073709551340,18446744073709551340,1520816,13,9360,0,0,0,9,18446744073709551155,18446744073709551030,18446744073709551030,32002,18446744073709551614,0,1,384492879448000423,0,0,14,11551417110434154909,0,0,1,0
PAWN_AUDIT_RESULT,5395,1,1,-467,0,0,-467,0,3,3,0,0
PAWN_AUDIT_ENTRY,5397,13377481106775119519,15521894974764639744,15102106911750376550,3287757542306144067,3366,18446744073709551347,18446744073709551348,18446744073709551248,6,5,1,4,18446744073709547219,18446744073709550278,14,0,1,0,0,0,0,0,0,18446744073709551340,18446744073709551340,1520816,13,9364,0,0,0,11,18446744073709550194,18446744073709551030,18446744073709551030,32002,18446744073709551614,0,1,384492879448000423,0,0,14,11551417110434154909,0,1,1,0
PAWN_AUDIT_RESULT,5397,1,1,-398,0,0,-398,0,0,0,0,0
PAWN_AUDIT_ENTRY,5398,15521894974764639744,13113629753682872855,15102106911750376550,5738068662179329538,4079,18446744073709551347,18446744073709551348,18446744073709551248,6,5,1,7,18446744073709544714,18446744073709550278,14,0,1,0,0,0,0,0,0,18446744073709551340,18446744073709551340,1520816,13,9365,0,0,0,12,18446744073709549055,18446744073709551030,18446744073709551030,32002,18446744073709551614,0,1,384492879448000423,0,0,14,11551417110434154909,0,1,1,0
PAWN_AUDIT_RESULT,5398,1,1,-354,0,0,-354,0,0,0,0,0
PAWN_AUDIT_ENTRY,5399,13113629753682872855,3397923501676362735,15102106911750376550,14607622201996829183,2399,18446744073709551347,18446744073709551348,18446744073709551262,6,5,1,8,18446744073709546094,18446744073709550278,14,0,1,0,0,0,0,0,0,18446744073709551340,18446744073709551340,1520816,13,9366,0,0,0,10,18446744073709550996,18446744073709548531,18446744073709550898,32002,18446744073709551614,0,1,384492879448000423,0,0,14,11551417110434154909,0,1,1,0
PAWN_AUDIT_RESULT,5399,1,1,-333,0,0,-333,0,0,0,0,0
PAWN_AUDIT_ENTRY,5400,3397923501676362735,10123417216612700132,15102106911750376550,3060274330323347300,4087,18446744073709551347,18446744073709551348,18446744073709551283,6,5,1,10,18446744073709541680,18446744073709550278,14,0,1,0,0,0,0,0,0,18446744073709551340,18446744073709551340,1520816,13,9367,0,0,0,12,18446744073709547675,18446744073709551030,18446744073709551030,32002,18446744073709551614,0,1,384492879448000423,0,0,14,11551417110434154909,0,1,1,0
PAWN_AUDIT_RESULT,5400,1,1,-351,0,0,-351,0,0,0,0,0
PAWN_AUDIT_ENTRY,5402,12308082110266443788,15867861750823305873,15102106911750376550,7495796022073712178,3389,18446744073709551347,18446744073709551348,18446744073709551283,6,5,1,12,18446744073709541092,18446744073709550278,14,0,1,0,0,0,0,0,0,18446744073709551340,18446744073709551340,1520816,13,9369,0,0,0,11,18446744073709547408,18446744073709551030,18446744073709551030,32002,18446744073709551614,0,1,384492879448000423,0,0,14,11551417110434154909,0,1,1,0
PAWN_AUDIT_RESULT,5402,1,1,-323,0,0,-323,0,0,0,0,0
PAWN_AUDIT_ENTRY,5403,15867861750823305873,11005585629928100704,15102106911750376550,9322532154064397794,3817,18446744073709551347,18446744073709551348,18446744073709551293,6,5,1,15,18446744073709542151,18446744073709550278,14,0,1,0,0,0,0,0,0,18446744073709551340,18446744073709551340,1520816,13,9370,0,0,0,13,262,18446744073709545141,18446744073709548879,32002,18446744073709551614,0,1,384492879448000423,0,0,14,11551417110434154909,0,1,1,0
PAWN_AUDIT_RESULT,5403,1,1,-286,0,0,-286,0,0,0,0,0
PAWN_AUDIT_ENTRY,5404,11005585629928100704,12843130100185560144,15102106911750376550,3037342000684565232,2593,18446744073709551347,18446744073709551348,18446744073709551330,6,5,1,18,18446744073709539665,18446744073709550278,14,0,1,0,0,0,0,0,0,18446744073709551340,18446744073709551340,1520816,13,9371,0,0,0,11,18446744073709546587,18446744073709551444,18446744073709550958,32002,18446744073709551614,0,1,384492879448000423,0,0,14,11551417110434154909,0,1,1,0
PAWN_AUDIT_RESULT,5404,1,1,-342,0,0,-342,0,0,0,0,0
PAWN_AUDIT_ENTRY,5405,12843130100185560144,15419453287022801221,15102106911750376550,6012735926213484496,3642,18446744073709551347,18446744073709551348,18446744073709551330,6,5,1,24,18446744073709540505,18446744073709550278,14,0,1,0,0,0,0,0,0,18446744073709551340,18446744073709551340,1520816,13,9372,0,0,0,12,18446744073709547141,18446744073709551030,18446744073709551030,32002,18446744073709551614,0,1,384492879448000423,0,0,14,11551417110434154909,0,1,1,0
PAWN_AUDIT_ENTRY,5406,15419453287022801221,7705355630044337458,6012735926213484496,15071250117756362449,202,268,269,221,6,5,2,2,18446744073709546398,18446744073709550278,15,0,0,0,0,0,0,0,0,211,249,18446744073705879679,13,9375,0,0,0,5,18446744073709550236,18446744073709551030,18446744073709550174,211,2,1,1,384492879448000423,1,0,15,15102106911750376550,0,2,1,0
PAWN_AUDIT_RESULT,5406,2,2,254,0,0,254,0,0,0,0,0
PAWN_AUDIT_ENTRY,5407,7705355630044337458,10662966882979152472,6012735926213484496,8857939629665049900,137,268,269,254,6,5,1,6,18446744073709542665,18446744073709550278,15,0,0,0,0,0,0,0,0,211,249,18446744073705879679,13,9376,0,0,0,3,18446744073709548123,18446744073709551030,18446744073709551030,211,2,1,1,384492879448000423,1,0,15,15102106911750376550,0,2,1,0
PAWN_AUDIT_RESULT,5407,1,1,238,0,0,238,0,0,0,0,0
PAWN_AUDIT_ENTRY,5408,10662966882979152472,12069522402149717112,6012735926213484496,8209268180049701321,139,268,269,254,6,5,1,7,18446744073709542623,18446744073709550278,15,0,0,0,0,0,0,0,0,211,249,18446744073705879679,13,9377,0,0,0,3,18446744073709548104,18446744073709551030,18446744073709551030,211,2,1,1,384492879448000423,1,0,15,15102106911750376550,0,2,1,0
PAWN_AUDIT_RESULT,5408,1,1,250,0,0,250,0,0,0,0,0
PAWN_AUDIT_RESULT,5405,1,1,-211,1,6,-254,0,1,8,1,1
PAWN_AUDIT_ENTRY,5415,13454882318993184918,13051770784010362309,11551417110434154909,4371093120574424124,983,268,269,256,8,7,1,9,18446744073709538251,18446744073709550278,13,0,0,0,0,0,0,0,0,293,295,18446744073702464142,13,9389,0,0,0,1,18446744073709546116,18446744073709551030,18446744073709551030,293,3,1,1,15310910559365781904,1,0,13,1863923261216857033,0,0,1,0
PAWN_AUDIT_ENTRY,5416,13051770784010362309,5446319646549423847,16012692656039797942,16126921474633406667,926,268,269,230,6,5,3,2,18446744073709549083,18446744073709550278,15,0,0,0,0,0,0,0,0,279,279,18446744073705563263,13,9396,0,0,0,1,1029,18446744073709547823,18446744073709551030,293,0,1,1,12253497994829657275,0,0,15,4371093120574424124,0,0,1,0
PAWN_AUDIT_RESULT,5416,3,3,259,0,0,259,0,0,0,0,0
PAWN_AUDIT_ENTRY,5417,5446319646549423847,40014923076435889,16012692656039797942,10726166217435955850,144,268,269,259,6,5,2,4,18446744073709544714,18446744073709550278,15,0,0,0,0,0,0,0,0,279,279,18446744073705563263,13,9397,0,0,0,3,18446744073709549055,18446744073709551030,18446744073709551030,293,0,1,1,12253497994829657275,0,0,15,4371093120574424124,0,1,1,0
PAWN_AUDIT_RESULT,5417,2,2,273,1,5,274,0,14,24,1,1
PAWN_AUDIT_ENTRY,5429,9397014417757316524,9148489244381756427,13712844346998085514,14958241994560574065,658,268,269,18446744073709551610,6,5,1,2,18446744073709545893,18446744073709550278,15,0,0,0,0,0,0,0,0,262,275,18446744073705644140,13,9432,0,0,0,1,18446744073709550078,18446744073709551030,18446744073709550026,262,3,1,1,16747116855953330173,1,0,15,4371093120574424124,0,0,1,0
PAWN_AUDIT_RESULT,5429,1,1,262,0,0,262,0,0,0,0,0
PAWN_AUDIT_ENTRY,5430,9148489244381756427,8530337939386914155,13712844346998085514,13815664615921413111,926,268,269,262,6,5,1,3,18446744073709548680,18446744073709550278,15,0,0,0,0,0,0,0,0,262,275,18446744073705644140,13,9433,0,0,0,1,18446744073709551258,18446744073709551030,18446744073709550206,262,3,1,1,16747116855953330173,1,0,15,4371093120574424124,0,0,1,0
PAWN_AUDIT_RESULT,5430,1,1,262,0,0,262,0,0,0,0,0
PAWN_AUDIT_ENTRY,5431,8530337939386914155,11140620619093011178,13712844346998085514,11299924927981019539,139,268,269,262,6,5,1,5,18446744073709544389,18446744073709550580,15,0,0,0,0,0,0,0,0,262,275,18446744073705644140,13,9434,0,0,0,3,18446744073709548907,18446744073709551030,18446744073709551030,262,3,1,1,16747116855953330173,1,0,15,4371093120574424124,0,2,1,0
PAWN_AUDIT_RESULT,5431,1,1,257,0,0,257,0,0,0,0,0
PAWN_AUDIT_ENTRY,5432,11140620619093011178,13338611273557151774,13712844346998085514,8135983896715024614,399,268,269,262,6,5,1,7,18446744073709542711,18446744073709550278,15,0,0,0,0,0,0,0,0,262,275,18446744073705644140,13,9435,0,0,0,6,18446744073709548144,18446744073709551030,18446744073709551030,262,3,1,1,16747116855953330173,1,0,15,4371093120574424124,0,2,1,0
PAWN_AUDIT_RESULT,5432,1,1,230,0,0,230,0,0,0,0,0
PAWN_AUDIT_ENTRY,5436,14022850486153843515,16418388550055790220,13712844346998085514,2108466442557476797,1359,268,269,262,6,5,1,11,18446744073709540195,18446744073709550278,15,0,0,0,0,0,0,0,0,262,275,18446744073705644140,13,9441,0,0,0,2,18446744073709547000,18446744073709551030,18446744073709551030,262,3,1,1,16747116855953330173,1,0,15,4371093120574424124,0,2,1,0
PAWN_AUDIT_RESULT,5436,1,1,195,0,0,195,0,0,0,0,0
PAWN_AUDIT_ENTRY,5437,16418388550055790220,9440958160876424526,13712844346998085514,10939790060025681270,137,268,269,262,6,5,1,12,18446744073709541737,18446744073709549516,15,0,0,0,0,0,0,0,0,262,275,18446744073705644140,13,9442,0,0,0,3,18446744073709547701,18446744073709551030,18446744073709551030,262,3,1,1,16747116855953330173,1,0,15,4371093120574424124,0,2,1,0
PAWN_AUDIT_RESULT,5437,1,1,225,0,0,225,0,0,0,0,0
PAWN_AUDIT_ENTRY,5438,9440958160876424526,1751300709919861011,13712844346998085514,15548653541096244916,1875,268,269,262,6,5,1,14,18446744073709538264,18446744073709550278,15,0,0,0,0,0,0,0,0,262,275,18446744073705644140,13,9443,0,0,0,2,18446744073709546122,18446744073709551030,18446744073709551030,262,3,1,1,16747116855953330173,1,0,15,4371093120574424124,0,2,1,0
PAWN_AUDIT_RESULT,5438,1,1,225,0,0,225,0,0,0,0,0
PAWN_AUDIT_ENTRY,5439,1751300709919861011,13742773929553581931,13712844346998085514,4937647954083838433,1868,268,269,262,6,5,1,15,18446744073709536526,18446744073709550278,15,0,0,0,0,0,0,0,0,262,275,18446744073705644140,13,9444,0,0,0,2,18446744073709545920,18446744073709551030,18446744073709549818,262,3,1,1,16747116855953330173,1,0,15,4371093120574424124,0,2,1,0
PAWN_AUDIT_RESULT,5439,1,1,194,0,0,194,0,0,0,0,0
PAWN_AUDIT_RESULT,5415,1,1,273,1,7,262,0,2,55,0,0
PAWN_AUDIT_ENTRY,5440,13742773929553581931,9120225210892164771,11551417110434154909,9931245277822929761,137,268,269,262,8,7,1,10,18446744073709541009,18446744073709549484,13,0,0,0,0,0,0,0,0,293,295,18446744073702464142,13,9445,0,0,0,3,18446744073709547370,18446744073709551030,18446744073709551030,293,3,1,1,15310910559365781904,1,0,13,1863923261216857033,0,2,1,0
PAWN_AUDIT_RESULT,5440,1,1,248,0,0,248,0,0,0,0,0
PAWN_AUDIT_ENTRY,5441,9120225210892164771,536937234686466198,11551417110434154909,1912990214051066571,391,268,269,262,8,7,1,11,18446744073709535797,18446744073709550278,13,0,0,0,0,0,0,0,0,293,295,18446744073702464142,13,9446,0,0,0,6,18446744073709544449,18446744073709551138,438,293,3,1,1,15310910559365781904,1,0,13,1863923261216857033,0,2,1,0
PAWN_AUDIT_RESULT,5441,1,1,244,0,0,244,0,0,0,0,0
PAWN_AUDIT_ENTRY,5442,536937234686466198,5870377222320512862,11551417110434154909,14538963117153327267,1875,268,269,262,8,7,1,13,18446744073709537888,18446744073709550278,13,0,0,0,0,0,0,0,0,293,295,18446744073702464142,13,9447,0,0,0,2,18446744073709545951,18446744073709551030,18446744073709551030,293,3,1,1,15310910559365781904,1,0,13,1863923261216857033,0,2,1,0
PAWN_AUDIT_RESULT,5442,1,1,235,0,0,235,0,0,0,0,0
PAWN_AUDIT_ENTRY,5443,5870377222320512862,6338052661080423848,11551417110434154909,88433514027447649,1879,268,269,262,8,7,1,14,18446744073709536657,18446744073709550278,13,0,0,0,0,0,0,0,0,293,295,18446744073702464142,13,9448,0,0,0,2,18446744073709545391,18446744073709551030,18446744073709551030,293,3,1,1,15310910559365781904,1,0,13,1863923261216857033,0,2,1,0
PAWN_AUDIT_RESULT,5443,1,1,239,0,0,239,0,0,0,0,0
PAWN_AUDIT_ENTRY,5444,6338052661080423848,1757062175093928876,11551417110434154909,15604272750690495323,1355,268,269,262,8,7,1,15,18446744073709535821,18446744073709550278,13,0,0,0,0,0,0,0,0,293,295,18446744073702464142,13,9449,0,0,0,2,18446744073709545011,18446744073709551030,18446744073709551030,293,3,1,1,15310910559365781904,1,0,13,1863923261216857033,0,2,1,0
PAWN_AUDIT_RESULT,5444,1,1,190,0,0,190,0,0,0,0,0
PAWN_AUDIT_ENTRY,5445,1757062175093928876,12540570932492067074,11551417110434154909,16182366121846656309,203,268,269,262,8,7,1,16,18446744073709535128,18446744073709550278,13,0,0,0,0,0,0,0,0,293,295,18446744073702464142,13,9450,0,0,0,5,18446744073709544696,18446744073709551030,18446744073709551030,293,3,1,1,15310910559365781904,1,0,13,1863923261216857033,0,2,1,0
PAWN_AUDIT_RESULT,5445,1,1,241,0,0,241,0,0,0,0,0
PAWN_AUDIT_ENTRY,5446,12540570932492067074,5120904302645912826,11551417110434154909,14292926502549993049,1,268,269,262,8,7,1,17,18446744073709534880,18446744073709550278,13,0,0,0,0,0,0,0,0,293,295,18446744073702464142,13,9451,0,0,0,4,18446744073709544583,18446744073709551030,18446744073709551030,293,3,1,1,15310910559365781904,1,0,13,1863923261216857033,0,2,1,0
PAWN_AUDIT_RESULT,5446,1,1,267,0,0,267,0,0,0,0,0
PAWN_AUDIT_ENTRY,5447,5120904302645912826,14894457573829645618,11551417110434154909,8313826006361144701,528,268,269,267,8,7,1,20,18446744073709534710,18446744073709550278,13,0,0,0,0,0,0,0,0,293,295,18446744073702464142,13,9452,0,0,0,1,18446744073709544506,18446744073709551030,18446744073709551030,293,3,1,1,15310910559365781904,1,0,13,1863923261216857033,0,0,1,0
PAWN_AUDIT_RESULT,5447,1,1,253,0,0,253,0,0,0,0,0
PAWN_AUDIT_ENTRY,5448,14894457573829645618,8900120478928922052,11551417110434154909,6522658427559127030,1868,268,269,267,8,7,1,24,18446744073709537173,18446744073709550278,13,0,0,0,0,0,0,0,0,293,295,18446744073702464142,13,9453,0,0,0,2,18446744073709545626,18446744073709551030,18446744073709551030,293,3,1,1,15310910559365781904,1,0,13,1863923261216857033,0,2,1,0
PAWN_AUDIT_RESULT,5448,1,1,210,0,0,210,0,0,0,0,0
PAWN_AUDIT_ENTRY,5449,8900120478928922052,16032513527409213103,11551417110434154909,9426678563482156932,139,268,269,267,8,7,1,25,18446744073709545187,18446744073709550278,13,0,0,0,0,0,0,0,0,293,295,18446744073702464142,13,9454,0,0,0,3,18446744073709549270,18446744073709551030,18446744073709551030,293,3,1,1,15310910559365781904,1,0,13,1863923261216857033,0,2,1,0
PAWN_AUDIT_RESULT,5449,1,1,268,0,0,268,0,1,1,0,0
PAWN_AUDIT_ENTRY,5483,8979610325740447512,11442484165370164757,2926150578200338358,2985060751666439115,926,268,269,259,9,8,5,3,18446744073709551422,18446744073709550278,9,0,0,0,0,0,0,0,0,100,100,523031,13,9520,0,0,1,1,933,18446744073709550689,18446744073709550466,104,6,1,1,683866580799896363,0,0,9,17839755687110502880,0,0,1,0
PAWN_AUDIT_RESULT,5483,5,5,59,0,0,59,0,0,0,0,0
PAWN_AUDIT_ENTRY,5487,13296795604150608111,11095593983862498061,2926150578200338358,13453869916040643417,593,268,269,259,9,8,2,6,18446744073709546953,18446744073709550278,9,0,0,0,0,0,0,0,0,100,100,523031,13,9526,0,0,1,1,18446744073709550248,18446744073709551030,18446744073709550669,104,6,1,1,683866580799896363,0,0,9,17839755687110502880,0,0,1,0
PAWN_AUDIT_RESULT,5487,2,2,169,0,0,169,0,0,0,0,0
PAWN_AUDIT_ENTRY,5488,11095593983862498061,15938222090466169664,2926150578200338358,13005297117799731735,983,268,269,259,9,8,1,7,18446744073709543847,18446744073709550278,9,0,0,0,0,0,0,0,0,100,100,523031,13,9527,0,0,1,1,18446744073709547975,18446744073709551030,827,104,6,1,1,683866580799896363,0,0,9,17839755687110502880,0,0,1,0
PAWN_AUDIT_RESULT,5488,1,1,171,0,0,171,0,0,0,0,0
PAWN_AUDIT_ENTRY,5491,11741913699783811744,407664677036720116,2926150578200338358,8806845209844354269,721,268,269,264,9,8,1,11,18446744073709546662,5468,9,0,0,0,0,0,0,0,0,100,100,523031,13,9530,0,0,1,2,448,18446744073709547651,18446744073709550136,104,6,1,1,683866580799896363,0,0,9,17839755687110502880,0,1,1,0
PAWN_AUDIT_RESULT,5491,1,1,202,0,0,202,0,0,0,0,0
PAWN_AUDIT_ENTRY,5542,14196231667772178870,8401452093251153458,5362837859435319510,4104362656865948327,3567,18446744073709551347,18446744073709551348,18446744073709551347,7,6,1,4,18446744073709548761,18446744073709550278,8,0,1,0,0,0,0,0,0,18446744073709551406,18446744073709551406,18446744073706459237,13,9620,0,0,0,9,18446744073709550850,18446744073709551030,18446744073709551123,32002,18446744073709551613,0,0,686160663571770301,0,0,8,4302967405866308909,0,0,1,0
PAWN_AUDIT_RESULT,5542,1,1,-293,0,0,-293,0,0,0,0,0
PAWN_AUDIT_ENTRY,5543,8401452093251153458,4784189651953033619,5362837859435319510,2919786540088122092,2420,18446744073709551347,18446744073709551348,18446744073709551347,7,6,1,5,18446744073709532835,18446744073709550633,8,0,1,0,0,0,0,0,0,18446744073709551406,18446744073709551406,18446744073706459237,13,9621,0,0,0,10,18446744073709544639,18446744073709551216,18446744073709548808,32002,18446744073709551613,0,0,686160663571770301,0,0,8,4302967405866308909,0,1,1,0
PAWN_AUDIT_RESULT,5543,1,1,-333,0,0,-333,0,0,0,0,0
PAWN_AUDIT_ENTRY,5545,13689162143935475287,17831925418561683850,5362837859435319510,5855071327703252303,2399,18446744073709551347,18446744073709551348,18446744073709551347,7,6,1,8,18446744073709546494,18446744073709548490,8,0,1,0,0,0,0,0,0,18446744073709551406,18446744073709551406,18446744073706459237,13,9623,0,0,0,10,18446744073709550700,18446744073709548379,423,32002,18446744073709551613,0,0,686160663571770301,0,0,8,4302967405866308909,0,1,1,0
PAWN_AUDIT_RESULT,5545,1,1,-301,0,0,-301,0,0,0,0,0
PAWN_AUDIT_ENTRY,5546,17831925418561683850,6256528195078053074,5362837859435319510,13966976456022721802,3826,18446744073709551347,18446744073709551348,18446744073709551347,7,6,1,9,18446744073709538685,18446744073709549628,8,0,1,0,0,0,0,0,0,18446744073709551406,18446744073709551406,18446744073706459237,13,9624,0,0,0,13,18446744073709546592,18446744073709550632,18446744073709550866,32002,18446744073709551613,0,0,686160663571770301,0,0,8,4302967405866308909,0,1,1,0
PAWN_AUDIT_RESULT,5546,1,1,-291,0,0,-291,0,0,0,0,0
PAWN_AUDIT_ENTRY,5547,6256528195078053074,7258200952928350230,5362837859435319510,4796133710146397669,3814,18446744073709551347,18446744073709551348,18446744073709551347,7,6,1,10,18446744073709536328,18446744073709548261,8,0,1,0,0,0,0,0,0,18446744073709551406,18446744073709551406,18446744073706459237,13,9625,0,0,0,13,18446744073709545485,18446744073709550694,18446744073709550875,32002,18446744073709551613,0,0,686160663571770301,0,0,8,4302967405866308909,0,1,1,0
PAWN_AUDIT_RESULT,5547,1,1,-346,0,0,-346,0,0,0,0,0
PAWN_AUDIT_ENTRY,5548,7258200952928350230,15865540608728344355,5362837859435319510,1916738212564875602,3817,18446744073709551347,18446744073709551348,18446744073709551347,7,6,1,11,18446744073709540476,18446744073709550120,8,0,1,0,0,0,0,0,0,18446744073709551406,18446744073709551406,18446744073706459237,13,9626,0,0,0,13,685,18446744073709544734,18446744073709546857,32002,18446744073709551613,0,0,686160663571770301,0,0,8,4302967405866308909,0,1,1,0
PAWN_AUDIT_RESULT,5548,1,1,-281,0,0,-281,0,0,0,0,0
PAWN_AUDIT_ENTRY,5549,15865540608728344355,8205047158325223430,5362837859435319510,1685387207355650988,3641,18446744073709551347,18446744073709551348,18446744073709551347,7,6,1,13,18446744073709535113,18446744073709550278,8,0,1,0,0,0,0,0,0,18446744073709551406,18446744073709551406,18446744073706459237,13,9627,0,0,0,12,18446744073709544689,18446744073709551030,18446744073709551030,32002,18446744073709551613,0,0,686160663571770301,0,0,8,4302967405866308909,0,1,1,0
PAWN_AUDIT_RESULT,5549,1,1,-282,0,0,-282,0,0,0,0,0
PAWN_AUDIT_ENTRY,5550,8205047158325223430,13581195867674021452,5362837859435319510,12176921641855791196,2722,18446744073709551347,18446744073709551348,18446744073709551347,7,6,1,14,18446744073709536214,18446744073709549586,8,0,1,0,0,0,0,0,0,18446744073709551406,18446744073709551406,18446744073706459237,13,9628,0,0,0,9,18446744073709547386,18446744073709546496,18446744073709551176,32002,18446744073709551613,0,0,686160663571770301,0,0,8,4302967405866308909,0,0,1,0
PAWN_AUDIT_RESULT,5550,1,1,-268,1,5,-269,0,8,36,0,0
PAWN_AUDIT_ENTRY,5567,8879937713674883991,13129837623754342854,5362837859435319510,18341313045177934968,3827,18446744073709551347,18446744073709551348,18446744073709551347,7,6,1,15,18446744073709534550,18446744073709550278,8,0,1,0,0,0,0,0,0,18446744073709551406,18446744073709551406,18446744073706459237,13,9665,0,0,0,13,18446744073709544433,18446744073709551030,18446744073709551030,32002,18446744073709551613,0,0,686160663571770301,0,0,8,4302967405866308909,0,1,1,0
PAWN_AUDIT_RESULT,5567,1,1,-309,0,0,-309,0,0,0,0,0
PAWN_AUDIT_ENTRY,5568,13129837623754342854,1745569791904215997,5362837859435319510,10166693534963801019,3807,18446744073709551347,18446744073709551348,18446744073709551347,7,6,1,16,18446744073709534563,18446744073709550278,8,0,1,0,0,0,0,0,0,18446744073709551406,18446744073709551406,18446744073706459237,13,9666,0,0,0,13,18446744073709544439,18446744073709551030,18446744073709551030,32002,18446744073709551613,0,0,686160663571770301,0,0,8,4302967405866308909,0,1,1,0
PAWN_AUDIT_RESULT,5568,1,1,-334,0,0,-334,0,0,0,0,0
PAWN_AUDIT_ENTRY,5569,1745569791904215997,12543701648423718135,5362837859435319510,7906074031415507746,3763,18446744073709551347,18446744073709551348,18446744073709551347,7,6,1,17,18446744073709534558,18446744073709550278,8,0,1,0,0,0,0,0,0,18446744073709551406,18446744073709551406,18446744073706459237,13,9667,0,0,0,11,18446744073709544437,18446744073709551030,18446744073709551030,32002,18446744073709551613,0,0,686160663571770301,0,0,8,4302967405866308909,0,1,1,0
PAWN_AUDIT_RESULT,5569,1,1,-316,0,0,-316,0,0,0,0,0
PAWN_AUDIT_ENTRY,5570,12543701648423718135,5225635804387866270,5362837859435319510,9446778089151721152,3891,18446744073709551347,18446744073709551348,18446744073709551347,7,6,1,18,18446744073709534550,18446744073709550278,8,0,1,0,0,0,0,0,0,18446744073709551406,18446744073709551406,18446744073706459237,13,9668,0,0,0,14,18446744073709544433,18446744073709551030,18446744073709551030,32002,18446744073709551613,0,0,686160663571770301,0,0,8,4302967405866308909,0,1,1,0
PAWN_AUDIT_RESULT,5570,1,1,-416,0,0,-416,0,0,0,0,0
PAWN_AUDIT_ENTRY,5571,5225635804387866270,15630790621119968577,5362837859435319510,13376257088540141500,3892,18446744073709551347,18446744073709551348,18446744073709551347,7,6,1,19,18446744073709534550,18446744073709550278,8,0,1,0,0,0,0,0,0,18446744073709551406,18446744073709551406,18446744073706459237,13,9669,0,0,0,14,18446744073709544433,18446744073709551030,18446744073709551030,32002,18446744073709551613,0,0,686160663571770301,0,0,8,4302967405866308909,0,1,1,0
PAWN_AUDIT_RESULT,5571,1,1,-434,0,0,-434,0,0,0,0,0
PAWN_AUDIT_ENTRY,5572,15630790621119968577,3737789267747066685,5362837859435319510,9908771256091519033,3502,18446744073709551347,18446744073709551348,18446744073709551347,7,6,1,20,18446744073709534354,18446744073709550278,8,0,1,0,0,0,0,0,0,18446744073709551406,18446744073709551406,18446744073706459237,13,9670,0,0,0,9,18446744073709544433,18446744073709551030,18446744073709550847,32002,18446744073709551613,0,0,686160663571770301,0,0,8,4302967405866308909,0,0,1,0
PAWN_AUDIT_RESULT,5572,1,1,-310,0,0,-310,0,0,0,0,0
PAWN_AUDIT_ENTRY,5573,3737789267747066685,11692241625532116278,5362837859435319510,675247863608053353,3494,18446744073709551347,18446744073709551348,18446744073709551347,7,6,1,21,18446744073709534392,18446744073709550278,8,0,1,0,0,0,0,0,0,18446744073709551406,18446744073709551406,18446744073706459237,13,9671,0,0,0,9,18446744073709544433,18446744073709551030,18446744073709550882,32002,18446744073709551613,0,0,686160663571770301,0,0,8,4302967405866308909,0,0,1,0
PAWN_AUDIT_RESULT,5573,1,1,-339,0,0,-339,0,0,0,0,0
PAWN_AUDIT_ENTRY,5574,11692241625532116278,17388528032325524161,5362837859435319510,3957115178738585594,3828,18446744073709551347,18446744073709551348,18446744073709551347,7,6,1,22,18446744073709534563,18446744073709550278,8,0,1,0,0,0,0,0,0,18446744073709551406,18446744073709551406,18446744073706459237,13,9672,0,0,0,13,18446744073709544439,18446744073709551030,18446744073709551030,32002,18446744073709551613,0,0,686160663571770301,0,0,8,4302967405866308909,0,1,1,0
PAWN_AUDIT_RESULT,5574,1,1,-342,0,0,-342,0,0,0,0,0
PAWN_AUDIT_ENTRY,5575,17388528032325524161,7475459094439394745,5362837859435319510,14351539365207733141,4094,18446744073709551347,18446744073709551348,18446744073709551347,7,6,1,23,18446744073709534719,18446744073709550278,8,0,1,0,0,0,0,0,0,18446744073709551406,18446744073709551406,18446744073706459237,13,9673,0,0,0,12,18446744073709544510,18446744073709551030,18446744073709551030,32002,18446744073709551613,0,0,686160663571770301,0,0,8,4302967405866308909,0,1,1,0
PAWN_AUDIT_RESULT,5575,1,1,-334,0,0,-334,0,0,0,0,0
PAWN_AUDIT_ENTRY,5576,7475459094439394745,1015400133208197254,5362837859435319510,17042580851514531347,3761,18446744073709551347,18446744073709551348,18446744073709551347,7,6,1,24,18446744073709534675,18446744073709550278,8,0,1,0,0,0,0,0,0,18446744073709551406,18446744073709551406,18446744073706459237,13,9674,0,0,0,11,18446744073709544490,18446744073709551030,18446744073709551030,32002,18446744073709551613,0,0,686160663571770301,0,0,8,4302967405866308909,0,1,1,0
PAWN_AUDIT_RESULT,5576,1,1,-294,0,0,-294,0,0,0,0,0
PAWN_AUDIT_ENTRY,5577,1015400133208197254,6619306618725464368,5362837859435319510,2274843493597511089,2415,18446744073709551347,18446744073709551348,18446744073709551347,7,6,1,25,18446744073709534567,18446744073709550278,8,0,1,0,0,0,0,0,0,18446744073709551406,18446744073709551406,18446744073706459237,13,9675,0,0,0,10,18446744073709544841,18446744073709551030,18446744073709550206,32002,18446744073709551613,0,0,686160663571770301,0,0,8,4302967405866308909,0,1,1,0
PAWN_AUDIT_RESULT,5577,1,1,-349,0,0,-349,0,0,0,0,0
PAWN_AUDIT_ENTRY,5612,1463794315871860887,11253672903421343461,7761541751761204809,6753478849853468005,2572,18446744073709551344,18446744073709551345,18446744073709551132,10,9,6,2,18446744073709545322,2810,10,0,0,0,0,0,0,0,0,18446744073709551200,18446744073709551200,18446744073708956732,13,9752,0,0,0,11,18446744073709550708,18446744073709549969,18446744073709549286,18446744073709551314,5,1,1,15612587136633976202,7,0,10,12074771070013524612,0,8,1,0
PAWN_AUDIT_RESULT,5612,6,6,-1418,0,0,-1418,0,1,1,0,0
PAWN_AUDIT_ENTRY,5613,11253672903421343461,17394648797582136933,7761541751761204809,15243151501204133022,2072,18446744073709551344,18446744073709551345,18446744073709551132,10,9,5,3,18446744073709546193,5263,10,0,0,0,0,0,0,0,0,18446744073709551200,18446744073709551200,18446744073708956732,13,9754,0,0,0,9,584,18446744073709546314,18446744073709550794,18446744073709551314,5,1,1,15612587136633976202,7,0,10,12074771070013524612,0,0,1,0
PAWN_AUDIT_RESULT,5613,5,5,-303,0,0,-303,0,3,3,0,0
PAWN_AUDIT_ENTRY,5615,6871516787080231570,10162769357964536356,7761541751761204809,4270457777092485069,3817,18446744073709551344,18446744073709551345,18446744073709551313,10,9,4,4,18446744073709542179,1511,10,0,0,0,0,0,0,0,0,18446744073709551200,18446744073709551200,18446744073708956732,13,9758,0,0,0,13,18446744073709551046,18446744073709547393,18446744073709548299,18446744073709551314,5,1,1,15612587136633976202,7,0,10,12074771070013524612,0,8,1,0
PAWN_AUDIT_RESULT,5615,4,4,-320,0,0,-320,0,4,4,0,0
PAWN_AUDIT_ENTRY,5618,2356867032309271871,5934139281036717745,7761541751761204809,13991791025123747398,3437,18446744073709551344,18446744073709551345,18446744073709551313,10,9,1,5,18446744073709532809,18446744073709549416,10,0,0,0,0,0,0,0,0,18446744073709551200,18446744073709551200,18446744073708956732,13,9763,0,0,0,9,18446744073709544728,18446744073709550252,18446744073709549593,18446744073709551314,5,1,1,15612587136633976202,7,0,10,12074771070013524612,0,0,1,0
PAWN_AUDIT_RESULT,5618,1,1,-386,0,0,-386,0,0,0,0,0
PAWN_AUDIT_ENTRY,5619,5934139281036717745,7357634538649906719,7761541751761204809,1814820428559021112,3567,18446744073709551344,18446744073709551345,18446744073709551313,10,9,2,7,18446744073709543321,18446744073709549126,10,0,0,0,0,0,0,0,0,18446744073709551200,18446744073709551200,18446744073708956732,13,9764,0,0,0,9,18446744073709548569,18446744073709550734,18446744073709551031,18446744073709551314,5,1,1,15612587136633976202,7,0,10,12074771070013524612,0,0,1,0
PAWN_AUDIT_RESULT,5619,2,2,-334,0,0,-334,0,0,0,0,0
PAWN_AUDIT_ENTRY,5621,11203607856098483602,5264019043577710414,7761541751761204809,16812632673312024063,3642,18446744073709551344,18446744073709551345,18446744073709551313,10,9,2,9,18446744073709540513,18446744073709550945,10,0,0,0,0,0,0,0,0,18446744073709551200,18446744073709551200,18446744073708956732,13,9766,0,0,0,12,18446744073709549522,18446744073709548435,18446744073709548805,18446744073709551314,5,1,1,15612587136633976202,7,0,10,12074771070013524612,0,8,1,0
PAWN_AUDIT_RESULT,5621,2,2,-324,0,0,-324,0,0,0,0,0
PAWN_AUDIT_ENTRY,5622,5264019043577710414,9985869684661687832,7761541751761204809,18036815283440449542,2996,18446744073709551344,18446744073709551345,18446744073709551313,10,9,1,10,18446744073709539527,458,10,0,0,0,0,0,0,0,0,18446744073709551200,18446744073709551200,18446744073708956732,13,9767,0,0,0,10,18446744073709544806,18446744073709547185,7270,18446744073709551314,5,1,1,15612587136633976202,7,0,10,12074771070013524612,0,8,1,0
PAWN_AUDIT_RESULT,5622,1,1,-371,0,0,-371,0,0,0,0,0
PAWN_AUDIT_ENTRY,5623,9985869684661687832,7007805818592339280,7761541751761204809,9882925291409168067,2722,18446744073709551344,18446744073709551345,18446744073709551313,10,9,1,12,18446744073709538847,18446744073709549885,10,0,0,0,0,0,0,0,0,18446744073709551200,18446744073709551200,18446744073708956732,13,9768,0,0,0,9,18446744073709550476,18446744073709547322,18446744073709546425,18446744073709551314,5,1,1,15612587136633976202,7,0,10,12074771070013524612,0,0,1,0
PAWN_AUDIT_RESULT,5623,1,1,-320,0,0,-320,0,0,0,0,0
PAWN_AUDIT_ENTRY,5624,7007805818592339280,13045293130649531108,7761541751761204809,9478931340946907045,2975,18446744073709551344,18446744073709551345,18446744073709551313,10,9,1,14,18446744073709543064,18446744073709547289,10,0,0,0,0,0,0,0,0,18446744073709551200,18446744073709551200,18446744073708956732,13,9769,0,0,0,10,18446744073709549863,18446744073709549763,18446744073709549124,18446744073709551314,5,1,1,15612587136633976202,7,0,10,12074771070013524612,0,8,1,0
PAWN_AUDIT_RESULT,5624,1,1,-333,0,0,-333,0,0,0,0,0
PAWN_AUDIT_ENTRY,5635,6272420447646290740,13647695780040191702,2081169894602136078,7960337155745142911,3567,18446744073709551344,18446744073709551345,18446744073709551298,6,5,1,3,18446744073709544644,18446744073709550278,10,0,0,0,0,0,0,0,0,18446744073709551241,18446744073709551241,18446744073707594554,13,9804,0,0,0,9,18446744073709549023,18446744073709551030,18446744073709551030,18446744073709551315,3,1,1,686160663571770301,0,0,10,7870702728247844853,0,0,1,0
PAWN_AUDIT_RESULT,5635,1,1,-324,0,0,-324,0,0,0,0,0
PAWN_AUDIT_ENTRY,5637,8896019294441484301,527716181983193936,2081169894602136078,18334279251722992260,2722,18446744073709551344,18446744073709551345,18446744073709551298,6,5,1,9,18446744073709546246,18446744073709549586,10,0,0,0,0,0,0,0,0,18446744073709551241,18446744073709551241,18446744073707594554,13,9806,0,0,0,9,18446744073709551342,18446744073709548466,18446744073709550394,18446744073709551315,3,1,1,686160663571770301,0,0,10,7870702728247844853,0,0,1,0
PAWN_AUDIT_RESULT,5637,1,1,-295,0,0,-295,0,0,0,0,0
PAWN_AUDIT_ENTRY,5638,527716181983193936,3712761357268972302,4453890496646428273,16095540601128556283,2722,18446744073709551344,18446744073709551345,18446744073709551327,9,8,5,5,18446744073709549192,18446744073709549885,8,0,0,0,0,1,0,0,0,18446744073709551211,18446744073709551211,18446744073708667619,13,9807,0,0,0,9,822,18446744073709549455,18446744073709549877,18446744073709551321,8,1,1,15612587136633976202,5,0,8,14458690078914253144,0,0,1,0
PAWN_AUDIT_RESULT,5638,5,5,-272,0,0,-272,0,9,9,0,0
PAWN_AUDIT_ENTRY,5642,11598305844584293021,14872438914713360153,4453890496646428273,10688518666870335102,3437,18446744073709551344,18446744073709551345,18446744073709551344,9,8,3,6,18446744073709543482,18446744073709549416,8,0,0,0,0,1,0,0,0,18446744073709551211,18446744073709551211,18446744073708667619,13,9817,0,0,0,9,18446744073709544673,18446744073709551030,7288,18446744073709551321,8,1,1,15612587136633976202,5,0,8,14458690078914253144,0,0,1,0
PAWN_AUDIT_RESULT,5642,3,3,-319,0,0,-319,0,0,0,0,0
PAWN_AUDIT_ENTRY,5644,7797902619608361443,10299472960888221978,4453890496646428273,5716868131158111232,3567,18446744073709551344,18446744073709551345,18446744073709551344,9,8,2,10,18446744073709546568,18446744073709549126,8,0,0,0,0,1,0,0,0,18446744073709551211,18446744073709551211,18446744073708667619,13,9819,0,0,0,9,18446744073709549451,583,18446744073709550746,18446744073709551321,8,1,1,15612587136633976202,5,0,8,14458690078914253144,0,0,1,0
PAWN_AUDIT_RESULT,5644,2,2,-342,0,0,-342,0,0,0,0,0
PAWN_AUDIT_ENTRY,5659,14456748469741563488,15724234056082483359,12342658263740249688,15695307219487814697,3567,18446744073709551344,18446744073709551345,18446744073709551344,7,6,4,4,18446744073709546449,18446744073709550278,12,0,0,0,0,1,0,0,0,18446744073709551231,18446744073709551231,1157800,13,9864,0,0,0,9,18446744073709549397,583,18446744073709550746,18446744073709551287,2,1,1,13862688173940149393,5,0,12,6782734956309893489,0,0,1,0
PAWN_AUDIT_RESULT,5659,4,4,-287,0,0,-287,0,4,4,0,0
PAWN_AUDIT_ENTRY,5662,9000486163107392583,917505385602875208,12342658263740249688,16789279014438383139,3808,18446744073709551344,18446744073709551345,18446744073709551344,7,6,2,5,18446744073709543058,18446744073709549248,12,0,0,0,0,1,0,0,0,18446744073709551231,18446744073709551231,1157800,13,9869,0,0,0,13,18446744073709548302,18446744073709551030,18446744073709551030,18446744073709551287,2,1,1,13862688173940149393,5,0,12,6782734956309893489,0,6,1,0
PAWN_AUDIT_RESULT,5662,2,2,-333,0,0,-333,0,0,0,0,0
PAWN_AUDIT_ENTRY,5663,917505385602875208,4619212378634521140,12342658263740249688,203704990314784343,3437,18446744073709551344,18446744073709551345,18446744073709551344,7,6,2,8,18446744073709546288,18446744073709550278,12,0,0,0,0,1,0,0,0,18446744073709551231,18446744073709551231,1157800,13,9870,0,0,0,9,18446744073709545949,18446744073709551030,7288,18446744073709551287,2,1,1,13862688173940149393,5,0,12,6782734956309893489,0,0,1,0
PAWN_AUDIT_RESULT,5663,2,2,-365,0,0,-365,0,0,0,0,0
PAWN_AUDIT_ENTRY,5665,9390916520772746851,12267152701151602292,12342658263740249688,3003090632503961070,3642,18446744073709551344,18446744073709551345,18446744073709551344,7,6,2,10,18446744073709546829,18446744073709550840,12,0,0,0,0,1,0,0,0,18446744073709551231,18446744073709551231,1157800,13,9872,0,0,0,12,18446744073709550475,18446744073709550113,18446744073709551030,18446744073709551287,2,1,1,13862688173940149393,5,0,12,6782734956309893489,0,6,1,0
PAWN_AUDIT_RESULT,5665,2,2,-320,0,0,-320,0,0,0,0,0
PAWN_AUDIT_ENTRY,5672,6749687184325071453,4274144565856249526,14976781548209233726,11469833543804450490,3817,18446744073709551344,18446744073709551345,18446744073709551344,9,8,5,4,18446744073709546949,6919,10,0,0,0,0,1,0,3374,0,18446744073709551299,18446744073709551324,4589437,13,9883,0,0,0,13,1599,18446744073709547393,18446744073709548299,18446744073709551299,3,1,1,13862688173940149393,3,0,10,287256476226282483,0,4,1,0
PAWN_AUDIT_RESULT,5672,5,5,-272,0,0,-272,0,6,6,0,0
PAWN_AUDIT_ENTRY,5677,11278106618791007472,9843301360456689029,14976781548209233726,10119123763797755717,3808,18446744073709551344,18446744073709551345,18446744073709551344,9,8,3,6,18446744073709544415,18446744073709549248,10,0,0,0,0,1,0,3374,0,18446744073709551299,18446744073709551324,4589437,13,9890,0,0,0,13,18446744073709548302,18446744073709551030,685,18446744073709551299,3,1,1,13862688173940149393,3,0,10,287256476226282483,0,4,1,0
PAWN_AUDIT_RESULT,5677,3,3,-304,0,0,-304,0,0,0,0,0
PAWN_AUDIT_ENTRY,5678,9843301360456689029,8729831699449819167,14976781548209233726,13637242710914358607,3567,18446744073709551344,18446744073709551345,18446744073709551344,9,8,4,7,18446744073709551223,18446744073709550278,10,0,0,0,0,1,0,3374,0,18446744073709551299,18446744073709551324,4589437,13,9891,0,0,0,9,546,18446744073709550734,18446744073709551031,18446744073709551299,3,1,1,13862688173940149393,3,0,10,287256476226282483,0,0,1,0
PAWN_AUDIT_RESULT,5678,4,4,-289,0,0,-289,0,0,0,0,0
PAWN_AUDIT_ENTRY,5679,8729831699449819167,5887837066764039548,14976781548209233726,7041773601633616292,3386,18446744073709551344,18446744073709551345,18446744073709551344,9,8,2,10,18446744073709541926,18446744073709549995,10,0,0,0,0,1,0,3374,0,18446744073709551299,18446744073709551324,4589437,13,9892,0,0,0,10,18446744073709547787,18446744073709551030,18446744073709551030,18446744073709551299,3,1,1,13862688173940149393,3,0,10,287256476226282483,0,4,1,0
PAWN_AUDIT_RESULT,5679,2,2,-312,0,0,-312,0,0,0,0,0
PAWN_AUDIT_ENTRY,5680,5887837066764039548,3197946854674954669,14976781548209233726,5565541186083982472,3642,18446744073709551344,18446744073709551345,18446744073709551344,9,8,2,11,18446744073709541995,18446744073709550840,10,0,0,0,0,1,0,3374,0,18446744073709551299,18446744073709551324,4589437,13,9893,0,0,0,12,18446744073709550196,18446744073709548435,18446744073709548805,18446744073709551299,3,1,1,13862688173940149393,3,0,10,287256476226282483,0,4,1,0
PAWN_AUDIT_RESULT,5680,2,2,-301,0,0,-301,0,0,0,0,0
PAWN_AUDIT_ENTRY,5686,7008706218940964112,4546914307012171983,18244084964419778144,6100785723644847727,3437,18446744073709551344,18446744073709551345,18446744073709551344,6,5,1,6,18446744073709545818,18446744073709550278,10,0,0,0,0,0,0,0,0,18446744073709551246,18446744073709551246,2452074,13,9902,0,0,0,9,18446744073709545735,18446744073709551030,7288,18446744073709551305,2,1,1,13862688173940149393,3,0,10,601495907467661641,0,0,1,0
PAWN_AUDIT_RESULT,5686,1,1,-315,0,0,-315,0,0,0,0,0
PAWN_AUDIT_ENTRY,5687,4546914307012171983,7973957487552329918,18244084964419778144,1522093807615134064,3104,18446744073709551344,18446744073709551345,18446744073709551344,6,5,1,10,18446744073709541585,18446744073709551500,10,0,0,0,0,0,0,0,0,18446744073709551246,18446744073709551246,2452074,13,9903,0,0,0,9,18446744073709548083,18446744073709551030,18446744073709550101,18446744073709551305,2,1,1,13862688173940149393,3,0,10,601495907467661641,0,0,1,0
PAWN_AUDIT_RESULT,5687,1,1,-333,0,0,-333,0,0,0,0,0
PAWN_AUDIT_ENTRY,5695,12262993760163181059,8360272135909671268,11070370845429669638,531398349086552051,3559,18446744073709551344,18446744073709551345,18446744073709551344,9,8,3,6,18446744073709543109,18446744073709550278,8,0,0,0,0,1,0,3365,0,18446744073709551320,18446744073709551336,4624444,13,9915,0,0,0,9,18446744073709547086,2903,18446744073709549988,18446744073709551320,2,1,1,13862688173940149393,1,0,8,16240745987920362944,0,0,1,0
PAWN_AUDIT_RESULT,5695,3,3,-328,0,0,-328,0,0,0,0,0
PAWN_AUDIT_ENTRY,5696,8360272135909671268,2818622884651451248,11070370845429669638,15715229149124544381,3808,18446744073709551344,18446744073709551345,18446744073709551344,9,8,4,7,18446744073709550624,18446744073709549248,8,0,0,0,0,1,0,3365,0,18446744073709551320,18446744073709551336,4624444,13,9916,0,0,0,13,18446744073709548236,3722,2200,18446744073709551320,2,1,1,13862688173940149393,1,0,8,16240745987920362944,0,2,1,0
PAWN_AUDIT_RESULT,5696,4,4,-317,0,0,-317,0,0,0,0,0
PAWN_AUDIT_ENTRY,5698,6043371268249897350,8382488589026984427,11070370845429669638,8182558372661092374,3104,18446744073709551344,18446744073709551345,18446744073709551344,9,8,2,10,18446744073709542497,18446744073709551500,8,0,0,0,0,1,0,3365,0,18446744073709551320,18446744073709551336,4624444,13,9918,0,0,0,9,18446744073709547993,2929,18446744073709547520,18446744073709551320,2,1,1,13862688173940149393,1,0,8,16240745987920362944,0,0,1,0
PAWN_AUDIT_RESULT,5698,2,2,-308,0,0,-308,0,0,0,0,0
PAWN_AUDIT_ENTRY,5805,13494135793450742384,13166544394584627846,14299604048154638308,13234373475430887967,658,271,272,271,6,5,1,4,18446744073709542215,18446744073709549825,9,0,1,0,0,0,0,0,0,455,455,18446744073707887144,13,10127,0,0,0,1,18446744073709549028,18446744073709551197,18446744073709548572,32002,18446744073709551614,0,1,16181860050169201040,1,0,9,6308220265082239403,0,0,1,0
PAWN_AUDIT_RESULT,5805,1,1,189,0,0,189,0,1,1,0,0
PAWN_AUDIT_ENTRY,5806,13166544394584627846,11240396729130684935,14299604048154638308,12026252605172575929,2218,271,272,271,6,5,1,5,18446744073709544275,18446744073709549775,9,0,1,0,0,0,0,0,0,455,455,18446744073707887144,13,10129,0,0,0,1,18446744073709549117,18446744073709551030,18446744073709550491,32002,18446744073709551614,0,1,16181860050169201040,1,0,9,6308220265082239403,0,0,1,0
PAWN_AUDIT_RESULT,5806,1,1,216,0,0,216,0,1,1,0,0
PAWN_AUDIT_ENTRY,5807,11240396729130684935,7595991459772670187,14299604048154638308,6078767699720874763,593,271,272,271,6,5,1,6,18446744073709543214,18446744073709549912,9,0,1,0,0,0,0,0,0,455,455,18446744073707887144,13,10131,0,0,0,1,18446744073709546630,1698,652,32002,18446744073709551614,0,1,16181860050169201040,1,0,9,6308220265082239403,0,0,1,0
PAWN_AUDIT_RESULT,5807,1,1,113,0,0,113,0,1,1,0,0
PAWN_AUDIT_ENTRY,5808,7595991459772670187,8206109016617975468,14299604048154638308,6527326364663331397,983,271,272,271,6,5,1,7,18446744073709539557,18446744073709550278,9,0,1,0,0,0,0,0,0,455,455,18446744073707887144,13,10133,0,0,0,1,18446744073709546900,18446744073709551030,18446744073709550638,32002,18446744073709551614,0,1,16181860050169201040,1,0,9,6308220265082239403,0,0,1,0
PAWN_AUDIT_RESULT,5808,1,1,155,0,0,155,0,1,1,0,0
PAWN_AUDIT_ENTRY,5809,8206109016617975468,4058475542881593403,14299604048154638308,13166564773651195225,389,271,272,271,6,5,1,8,18446744073709538341,18446744073709550278,9,0,1,0,0,0,0,0,0,455,455,18446744073707887144,13,10135,0,0,0,6,18446744073709546157,18446744073709551030,18446744073709551030,32002,18446744073709551614,0,1,16181860050169201040,1,0,9,6308220265082239403,0,2,1,0
PAWN_AUDIT_RESULT,5809,1,1,207,0,0,207,0,0,0,0,0
PAWN_AUDIT_ENTRY,5810,4058475542881593403,3295081840224722080,14299604048154638308,17246597421422976495,709,271,272,271,6,5,1,9,18446744073709536505,18446744073709550278,9,0,1,0,0,0,0,0,0,455,455,18446744073707887144,13,10136,0,0,0,2,18446744073709545322,18446744073709551030,18446744073709551030,32002,18446744073709551614,0,1,16181860050169201040,1,0,9,6308220265082239403,0,2,1,0
PAWN_AUDIT_RESULT,5810,1,1,234,0,0,234,0,0,0,0,0
PAWN_AUDIT_ENTRY,5811,3295081840224722080,15196337652328222134,14299604048154638308,11557972064567592992,1,271,272,271,6,5,1,10,18446744073709536166,18446744073709550278,9,0,1,0,0,0,0,0,0,455,455,18446744073707887144,13,10137,0,0,0,4,18446744073709545168,18446744073709551030,18446744073709551030,32002,18446744073709551614,0,1,16181860050169201040,1,0,9,6308220265082239403,0,2,1,0
PAWN_AUDIT_RESULT,5811,1,1,155,0,0,155,0,1,1,0,0
PAWN_AUDIT_ENTRY,5812,15196337652328222134,6117517702684321682,14299604048154638308,17445664477936182010,786,271,272,271,6,5,1,12,18446744073709535077,18446744073709550278,9,0,1,0,0,0,0,0,0,455,455,18446744073707887144,13,10139,0,0,0,2,18446744073709544673,18446744073709551030,18446744073709551030,32002,18446744073709551614,0,1,16181860050169201040,1,0,9,6308220265082239403,0,2,1,0
PAWN_AUDIT_RESULT,5812,1,1,262,0,0,262,0,0,0,0,0
PAWN_AUDIT_ENTRY,5813,6117517702684321682,12652157634008200937,14299604048154638308,4871581819811088147,705,271,272,271,6,5,1,13,18446744073709534899,18446744073709550278,9,0,1,0,0,0,0,0,0,455,455,18446744073707887144,13,10140,0,0,0,2,18446744073709544592,18446744073709551030,18446744073709551030,32002,18446744073709551614,0,1,16181860050169201040,1,0,9,6308220265082239403,0,2,1,0
PAWN_AUDIT_RESULT,5813,1,1,200,0,0,200,0,0,0,0,0
PAWN_AUDIT_ENTRY,5814,12652157634008200937,6304088008002065627,14299604048154638308,745023957194345257,261,271,272,271,6,5,1,14,18446744073709534772,18446744073709550278,9,0,1,0,0,0,0,0,0,455,455,18446744073707887144,13,10141,0,0,0,4,18446744073709544534,18446744073709551030,18446744073709551030,32002,18446744073709551614,0,1,16181860050169201040,1,0,9,6308220265082239403,0,2,1,0
PAWN_AUDIT_RESULT,5814,1,1,202,0,0,202,0,0,0,0,0
PAWN_AUDIT_ENTRY,5815,6304088008002065627,4931052308244026733,14299604048154638308,2553941455578841552,666,271,272,271,6,5,1,15,18446744073709534697,18446744073709550278,9,0,1,0,0,0,0,0,0,455,455,18446744073707887144,13,10142,0,0,0,1,18446744073709544500,18446744073709551030,18446744073709551030,32002,18446744073709551614,0,1,16181860050169201040,1,0,9,6308220265082239403,0,0,1,0
PAWN_AUDIT_RESULT,5815,1,1,239,0,0,239,0,2,2,0,0
PAWN_AUDIT_ENTRY,5816,4931052308244026733,5627026490348571857,14299604048154638308,14376810095106853785,926,271,272,271,6,5,1,16,18446744073709535966,18446744073709550041,9,0,1,0,0,0,0,0,0,455,455,18446744073707887144,13,10145,0,0,0,1,18446744073709546031,18446744073709550954,18446744073709549143,32002,18446744073709551614,0,1,16181860050169201040,1,0,9,6308220265082239403,0,0,1,0
PAWN_AUDIT_RESULT,5816,1,1,87,0,0,87,0,0,0,0,0
PAWN_AUDIT_ENTRY,5817,5627026490348571857,2475788550683711379,14299604048154638308,7232267026942596578,536,271,272,271,6,5,1,17,18446744073709534756,18446744073709550278,9,0,1,0,0,0,0,0,0,455,455,18446744073707887144,13,10146,0,0,0,1,18446744073709544527,18446744073709551030,18446744073709551030,32002,18446744073709551614,0,1,16181860050169201040,1,0,9,6308220265082239403,0,0,1,0
PAWN_AUDIT_RESULT,5817,1,1,263,0,0,263,0,0,0,0,0
PAWN_AUDIT_ENTRY,5818,2475788550683711379,6069501656185725206,14299604048154638308,12325608834147738694,861,271,272,271,6,5,1,18,18446744073709534325,18446744073709550278,9,0,1,0,0,0,0,0,0,455,455,18446744073707887144,13,10147,0,0,0,1,18446744073709544484,18446744073709551030,18446744073709550714,32002,18446744073709551614,0,1,16181860050169201040,1,0,9,6308220265082239403,0,0,1,0
PAWN_AUDIT_RESULT,5818,1,1,229,0,0,229,0,0,0,0,0
PAWN_AUDIT_ENTRY,5819,6069501656185725206,2536466126999505514,14299604048154638308,17673420969901927597,853,271,272,271,6,5,1,19,18446744073709534317,18446744073709550278,9,0,1,0,0,0,0,0,0,455,455,18446744073707887144,13,10148,0,0,0,1,18446744073709544451,18446744073709551030,18446744073709550775,32002,18446744073709551614,0,1,16181860050169201040,1,0,9,6308220265082239403,0,0,1,0
PAWN_AUDIT_RESULT,5819,1,1,146,0,0,146,0,0,0,0,0
PAWN_AUDIT_ENTRY,5820,2536466126999505514,12818562897458242040,14299604048154638308,3394972233355346690,918,271,272,271,6,5,1,21,18446744073709534284,18446744073709550278,9,0,1,0,0,0,0,0,0,455,455,18446744073707887144,13,10149,0,0,0,1,18446744073709544450,18446744073709551030,18446744073709550746,32002,18446744073709551614,0,1,16181860050169201040,1,0,9,6308220265082239403,0,0,1,0
PAWN_AUDIT_RESULT,5820,1,1,228,0,0,228,0,0,0,0,0
PAWN_AUDIT_ENTRY,5821,12818562897458242040,7460028073265891566,14299604048154638308,10723514240327378063,721,271,272,271,6,5,1,22,18446744073709543614,18446744073709550278,9,0,1,0,0,0,0,0,0,455,455,18446744073707887144,13,10150,0,0,0,2,18446744073709549013,18446744073709550113,18446744073709551030,32002,18446744073709551614,0,1,16181860050169201040,1,0,9,6308220265082239403,0,2,1,0
PAWN_AUDIT_ENTRY,5824,14357740326094157107,15391847053531882296,10723514240327378063,3261326991087466203,3956,18446744073709551344,18446744073709551345,18446744073709551270,6,5,2,3,18446744073709550140,18446744073709550247,10,0,0,0,0,0,0,0,0,18446744073709551131,18446744073709551131,78756,13,10155,0,0,0,11,18446744073709548885,18446744073709551030,4847,18446744073709551254,2,1,1,16181860050169201040,2,0,10,14299604048154638308,0,3,1,0
PAWN_AUDIT_RESULT,5824,2,2,-368,0,0,-368,0,0,0,0,0
PAWN_AUDIT_ENTRY,5825,15391847053531882296,16569581748866945156,10723514240327378063,4416845639840134272,3437,18446744073709551344,18446744073709551345,18446744073709551270,6,5,1,4,18446744073709546764,18446744073709550278,10,0,0,0,0,0,0,0,0,18446744073709551131,18446744073709551131,78756,13,10156,0,0,0,9,18446744073709546415,18446744073709550531,7288,18446744073709551254,2,1,1,16181860050169201040,2,0,10,14299604048154638308,0,0,1,0
PAWN_AUDIT_RESULT,5825,1,1,-453,0,0,-453,0,0,0,0,0
PAWN_AUDIT_RESULT,5821,1,1,362,1,6,271,0,2,24,0,0
PAWN_AUDIT_ENTRY,5841,9582415993823857347,16257543172623806106,14299604048154638308,1539142565188453124,528,271,272,271,6,5,1,23,18446744073709534297,18446744073709550278,9,0,1,0,0,0,0,0,0,455,455,18446744073707887144,13,10175,0,0,0,1,18446744073709544489,18446744073709551030,18446744073709550678,32002,18446744073709551614,0,1,16181860050169201040,1,0,9,6308220265082239403,0,0,1,0
PAWN_AUDIT_RESULT,5841,1,1,132,0,0,132,0,1,1,0,0
PAWN_AUDIT_ENTRY,5842,16257543172623806106,5400494002532041504,14299604048154638308,1479296810451375327,790,271,272,271,6,5,1,24,18446744073709534278,18446744073709550278,9,0,1,0,0,0,0,0,0,455,455,18446744073707887144,13,10177,0,0,0,2,18446744073709545082,18446744073709549485,18446744073709551030,32002,18446744073709551614,0,1,16181860050169201040,1,0,9,6308220265082239403,0,2,1,0
PAWN_AUDIT_RESULT,5842,1,1,176,0,0,176,0,1,1,0,0
PAWN_AUDIT_ENTRY,5843,5400494002532041504,3409707440562430080,14299604048154638308,8984901986759298226,391,271,272,271,6,5,1,27,18446744073709534569,18446744073709550278,9,0,1,0,0,0,0,0,0,455,455,18446744073707887144,13,10179,0,0,0,6,18446744073709544442,18446744073709551030,18446744073709551030,32002,18446744073709551614,0,1,16181860050169201040,1,0,9,6308220265082239403,0,2,1,0
PAWN_AUDIT_RESULT,5843,1,1,246,0,0,246,0,0,0,0,0
PAWN_AUDIT_ENTRY,5858,2851322674739058456,1761415466599545931,10169268091684695355,1281170546933276826,983,271,272,271,9,8,1,7,18446744073709539290,18446744073709550278,7,0,1,0,0,1,0,1762,0,286,240,18446744073703880815,13,10217,0,0,0,1,18446744073709546191,18446744073709550453,827,286,7,2,1,11155293981311553228,2,0,7,5558297396907532382,0,0,1,0
PAWN_AUDIT_RESULT,5858,1,1,204,0,0,204,0,0,0,0,0
PAWN_AUDIT_ENTRY,5859,1761415466599545931,2273007634750462695,10169268091684695355,11820297107506431792,709,271,272,271,9,8,1,8,18446744073709536118,18446744073709550278,7,0,1,0,0,1,0,1762,0,286,240,18446744073703880815,13,10218,0,0,0,2,18446744073709545146,18446744073709551030,18446744073709551030,286,7,2,1,11155293981311553228,2,0,7,5558297396907532382,0,3,1,0
PAWN_AUDIT_RESULT,5859,1,1,207,0,0,207,0,0,0,0,0
PAWN_AUDIT_ENTRY,5860,2273007634750462695,12008150744606154680,10169268091684695355,5884587701501937105,991,271,272,271,9,8,1,12,18446744073709539953,18446744073709549508,7,0,1,0,0,1,0,1762,0,286,240,18446744073703880815,13,10219,0,0,0,1,18446744073709547025,501,18446744073709549632,286,7,2,1,11155293981311553228,2,0,7,5558297396907532382,0,0,1,0
PAWN_AUDIT_RESULT,5860,1,1,196,0,0,196,0,0,0,0,0
PAWN_AUDIT_ENTRY,5877,7337115362762999387,17289071440783873934,16387634145214883744,6579925027740878199,2072,18446744073709551344,18446744073709551345,18446744073709551344,9,8,3,3,18446744073709547436,18446744073709550759,8,0,0,0,0,0,0,0,0,18446744073709551258,18446744073709551258,11857226,13,10255,0,0,1,9,1510,18446744073709549622,18446744073709546642,18446744073709551271,6,1,1,16181860050169201040,0,0,8,4163474458883486512,0,0,1,0
PAWN_AUDIT_RESULT,5877,3,3,-404,0,0,-404,0,0,0,0,0
PAWN_AUDIT_ENTRY,5879,4468869583131018183,12692397901871357568,16387634145214883744,10517474014068172241,3567,18446744073709551344,18446744073709551345,18446744073709551344,9,8,2,5,18446744073709543442,18446744073709550278,8,0,0,0,0,0,0,0,0,18446744073709551258,18446744073709551258,11857226,13,10257,0,0,1,9,18446744073709549002,18446744073709550982,18446744073709549997,18446744073709551271,6,1,1,16181860050169201040,0,0,8,4163474458883486512,0,0,1,0
PAWN_AUDIT_RESULT,5879,2,2,-383,0,0,-383,0,0,0,0,0
PAWN_AUDIT_ENTRY,5880,12692397901871357568,10223919423620053378,16387634145214883744,7553831685013009020,3826,18446744073709551344,18446744073709551345,18446744073709551344,9,8,2,6,18446744073709542323,18446744073709550882,8,0,0,0,0,0,0,0,0,18446744073709551258,18446744073709551258,11857226,13,10258,0,0,1,13,18446744073709546383,3151,18446744073709550445,18446744073709551271,6,1,1,16181860050169201040,0,0,8,4163474458883486512,0,1,1,0
PAWN_AUDIT_RESULT,5880,2,2,-324,0,0,-324,0,0,0,0,0
PAWN_AUDIT_ENTRY,5881,10223919423620053378,9521827467953313950,16387634145214883744,8732976600151268181,3752,18446744073709551344,18446744073709551345,18446744073709551344,9,8,2,7,18446744073709545940,18446744073709547682,8,0,0,0,0,0,0,0,0,18446744073709551258,18446744073709551258,11857226,13,10259,0,0,1,11,18446744073709549129,6270,18446744073709544963,18446744073709551271,6,1,1,16181860050169201040,0,0,8,4163474458883486512,0,1,1,0
PAWN_AUDIT_RESULT,5881,2,2,-349,0,0,-349,0,0,0,0,0
PAWN_AUDIT_ENTRY,5882,9521827467953313950,2157460636475601407,16387634145214883744,9048486153471989589,3559,18446744073709551344,18446744073709551345,18446744073709551344,9,8,1,8,18446744073709537513,18446744073709550278,8,0,0,0,0,0,0,0,0,18446744073709551258,18446744073709551258,11857226,13,10260,0,0,1,9,18446744073709545288,18446744073709550142,1343,18446744073709551271,6,1,1,16181860050169201040,0,0,8,4163474458883486512,0,0,1,0
PAWN_AUDIT_RESULT,5882,1,1,-444,0,0,-444,0,0,0,0,0
PAWN_AUDIT_ENTRY,5883,2157460636475601407,17170478061196755591,16387634145214883744,5401725504509278127,3437,18446744073709551344,18446744073709551345,18446744073709551344,9,8,1,10,18446744073709540437,18446744073709549586,8,0,0,0,0,0,0,0,0,18446744073709551258,18446744073709551258,11857226,13,10261,0,0,1,9,18446744073709545413,18446744073709551459,2469,18446744073709551271,6,1,1,16181860050169201040,0,0,8,4163474458883486512,0,0,1,0
PAWN_AUDIT_RESULT,5883,1,1,-518,0,0,-518,0,0,0,0,0
PAWN_AUDIT_ENTRY,5884,17170478061196755591,13706823403889531221,17997743716510154325,4636394731670875137,3956,18446744073709551344,18446744073709551345,18446744073709551344,9,8,6,3,18446744073709545051,6138,6,0,0,0,0,1,0,3817,0,18446744073709551313,18446744073709551338,18446744073708722671,13,10262,0,0,0,11,18446744073709549664,1064,18446744073709548391,18446744073709551313,8,1,1,11155293981311553228,1,0,6,9297601447441063059,0,2,1,0
PAWN_AUDIT_RESULT,5884,6,6,-309,0,0,-309,0,10,10,0,0
PAWN_AUDIT_ENTRY,5889,18368646256486798221,15325011580532596361,17997743716510154325,4753778187999239298,2072,18446744073709551344,18446744073709551345,18446744073709551344,9,8,5,4,18446744073709550061,18446744073709550278,6,0,0,0,0,1,0,3817,0,18446744073709551313,18446744073709551338,18446744073708722671,13,10273,0,0,0,9,18446744073709551556,18446744073709549069,1290,18446744073709551313,8,1,1,11155293981311553228,1,0,6,9297601447441063059,0,0,1,0
PAWN_AUDIT_RESULT,5889,5,5,-292,0,0,-292,0,4,4,0,0
PAWN_AUDIT_ENTRY,5891,12862749023131202817,7208718108214316862,17997743716510154325,7176913797713740448,3752,18446744073709551344,18446744073709551345,18446744073709551344,9,8,5,5,18446744073709551202,3794,6,0,0,0,0,1,0,3817,0,18446744073709551313,18446744073709551338,18446744073708722671,13,10278,0,0,0,11,18446744073709549009,6172,18446744073709550241,18446744073709551313,8,1,1,11155293981311553228,1,0,6,9297601447441063059,0,2,1,0
PAWN_AUDIT_RESULT,5891,5,5,-307,0,0,-307,0,1,1,0,0
PAWN_AUDIT_ENTRY,5892,7208718108214316862,13847284068207608436,17997743716510154325,10089373843049321053,2202,18446744073709551344,18446744073709551345,18446744073709551344,9,8,3,6,18446744073709536450,18446744073709550278,6,0,0,0,0,1,0,3817,0,18446744073709551313,18446744073709551338,18446744073708722671,13,10280,0,0,0,9,18446744073709545117,18446744073709551390,18446744073709551030,18446744073709551313,8,1,1,11155293981311553228,1,0,6,9297601447441063059,0,0,1,0
PAWN_AUDIT_RESULT,5892,3,3,-311,0,0,-311,0,0,0,0,0
PAWN_AUDIT_ENTRY,5894,13533111039322919185,9141663159267693163,17997743716510154325,10042415859452623908,3567,18446744073709551344,18446744073709551345,18446744073709551344,9,8,3,8,18446744073709540785,18446744073709550278,6,0,0,0,0,1,0,3817,0,18446744073709551313,18446744073709551338,18446744073708722671,13,10282,0,0,0,9,18446744073709548099,18446744073709550978,18446744073709549372,18446744073709551313,8,1,1,11155293981311553228,1,0,6,9297601447441063059,0,0,1,0
PAWN_AUDIT_RESULT,5894,3,3,-298,0,0,-298,0,0,0,0,0
PAWN_AUDIT_ENTRY,5895,9141663159267693163,14147178789702797043,17997743716510154325,7438513745195585184,3559,18446744073709551344,18446744073709551345,18446744073709551344,9,8,3,10,18446744073709538473,18446744073709549508,6,0,0,0,0,1,0,3817,0,18446744073709551313,18446744073709551338,18446744073708722671,13,10283,0,0,0,9,18446744073709545119,1637,18446744073709551002,18446744073709551313,8,1,1,11155293981311553228,1,0,6,9297601447441063059,0,0,1,0
PAWN_AUDIT_RESULT,5895,3,3,-348,0,0,-348,0,0,0,0,0
PAWN_AUDIT_ENTRY,5896,14147178789702797043,15692562358716833360,17997743716510154325,8249713831845637001,3826,18446744073709551344,18446744073709551345,18446744073709551344,9,8,2,16,18446744073709538273,18446744073709548705,6,0,0,0,0,1,0,3817,0,18446744073709551313,18446744073709551338,18446744073708722671,13,10284,0,0,0,13,18446744073709546377,18446744073709550935,18446744073709550611,18446744073709551313,8,1,1,11155293981311553228,1,0,6,9297601447441063059,0,2,1,0
PAWN_AUDIT_RESULT,5896,2,2,-293,0,0,-293,0,0,0,0,0
PAWN_AUDIT_ENTRY,5902,17581533499565153308,6849156386042431998,1244489519837869657,1172149943660125158,795,271,272,232,8,7,1,3,18446744073709548504,18446744073709550278,7,0,1,0,0,0,0,0,0,388,388,18446744073700713290,13,10296,0,0,0,2,18446744073709551046,18446744073709551030,18446744073709550478,32002,18446744073709551613,0,0,6590781207201031980,1,0,7,9276423927280367638,0,2,1,0
PAWN_AUDIT_RESULT,5902,1,1,271,0,0,271,0,1,1,0,0
PAWN_AUDIT_ENTRY,5903,6849156386042431998,10066568436827065059,1244489519837869657,6962219845072434082,658,271,272,271,8,7,1,4,18446744073709543495,18446744073709550278,7,0,1,0,0,0,0,0,0,388,388,18446744073700713290,13,10298,0,0,0,1,18446744073709549333,135,18446744073709548572,32002,18446744073709551613,0,0,6590781207201031980,1,0,7,9276423927280367638,0,0,1,0
PAWN_AUDIT_RESULT,5903,1,1,193,0,0,193,0,1,1,0,0
PAWN_AUDIT_ENTRY,5904,10066568436827065059,13979528747248055382,1244489519837869657,15952292858902792852,324,271,272,271,8,7,1,5,18446744073709548928,18446744073709550278,7,0,1,0,0,0,0,0,0,388,388,18446744073700713290,13,10300,0,0,0,4,2011,18446744073709547233,18446744073709549469,32002,18446744073709551613,0,0,6590781207201031980,1,0,7,9276423927280367638,0,2,1,0
PAWN_AUDIT_RESULT,5904,1,1,168,0,0,168,0,1,1,0,0
PAWN_AUDIT_ENTRY,5907,10631003182309612838,12225678200795133805,4892780442325951794,18047534628485871462,3956,18446744073709551344,18446744073709551345,18446744073709551322,8,7,5,2,18446744073709548950,18446744073709550278,8,0,0,0,0,0,0,0,0,18446744073709551202,18446744073709551202,6775806,13,10310,0,0,0,11,18446744073709549377,18446744073709550002,3778,18446744073709551265,2,1,1,6590781207201031980,2,0,8,1244489519837869657,0,3,1,0
PAWN_AUDIT_RESULT,5907,5,5,-359,0,0,-359,0,0,0,0,0
PAWN_AUDIT_ENTRY,5908,12225678200795133805,4962229954324684825,4892780442325951794,16896660502203610429,3437,18446744073709551344,18446744073709551345,18446744073709551322,8,7,4,3,18446744073709542044,18446744073709550278,8,0,0,0,0,0,0,0,0,18446744073709551202,18446744073709551202,6775806,13,10311,0,0,0,9,18446744073709545219,18446744073709549629,6259,18446744073709551265,2,1,1,6590781207201031980,2,0,8,1244489519837869657,0,0,1,0
PAWN_AUDIT_RESULT,5908,4,4,-388,0,0,-388,0,0,0,0,0
PAWN_AUDIT_ENTRY,5909,4962229954324684825,4288974478924332473,4892780442325951794,12383704008675740894,2975,18446744073709551344,18446744073709551345,18446744073709551322,8,7,4,4,18446744073709545551,18446744073709550278,8,0,0,0,0,0,0,0,0,18446744073709551202,18446744073709551202,6775806,13,10312,0,0,0,10,18446744073709550287,56,18446744073709548614,18446744073709551265,2,1,1,6590781207201031980,2,0,8,1244489519837869657,0,3,1,0
PAWN_AUDIT_RESULT,5909,4,4,-483,0,0,-483,0,0,0,0,0
PAWN_AUDIT_ENTRY,5910,4288974478924332473,3624572751529123299,4892780442325951794,14438169230451093742,3826,18446744073709551344,18446744073709551345,18446744073709551322,8,7,2,6,18446744073709537691,18446744073709550278,8,0,0,0,0,0,0,0,0,18446744073709551202,18446744073709551202,6775806,13,10313,0,0,0,13,18446744073709546491,18446744073709550449,18446744073709550331,18446744073709551265,2,1,1,6590781207201031980,2,0,8,1244489519837869657,0,3,1,0
PAWN_AUDIT_RESULT,5910,2,2,-290,0,0,-290,0,15,15,0,0
PAWN_AUDIT_ENTRY,5924,2588727243968233811,7046040826468963126,16563531791422837439,2240188458850548948,797,271,272,262,6,5,1,4,18446744073709548472,18446744073709549973,9,0,1,0,0,0,0,0,0,262,265,18446744073708932953,13,10341,0,0,1,2,837,18446744073709551030,18446744073709547549,262,3,1,1,1803905528570106679,0,0,9,4892780442325951794,0,1,1,0
PAWN_AUDIT_RESULT,5924,1,1,237,0,0,237,0,0,0,0,0
PAWN_AUDIT_ENTRY,5926,8817951495231402999,2913552944530703364,16563531791422837439,10666471118492374852,658,271,272,262,6,5,1,6,18446744073709549307,18446744073709550278,9,0,1,0,0,0,0,0,0,262,265,18446744073708932953,13,10343,0,0,1,1,18446744073709550043,18446744073709551030,1681,262,3,1,1,1803905528570106679,0,0,9,4892780442325951794,0,0,1,0
PAWN_AUDIT_RESULT,5926,1,1,219,0,0,219,0,0,0,0,0
PAWN_AUDIT_ENTRY,5927,2913552944530703364,10336403641241386716,16563531791422837439,6099913098130405544,1115,271,272,262,6,5,1,7,18446744073709545167,18446744073709549391,9,0,1,0,0,0,0,0,0,262,265,18446744073708932953,13,10344,0,0,1,2,18446744073709549407,18446744073709551030,18446744073709550729,262,3,1,1,1803905528570106679,0,0,9,4892780442325951794,0,1,1,0
PAWN_AUDIT_RESULT,5927,1,1,185,0,0,185,0,0,0,0,0
PAWN_AUDIT_ENTRY,5928,10336403641241386716,9038413833391561451,16563531791422837439,17306315094266048390,148,271,272,262,6,5,1,12,18446744073709539889,18446744073709550278,9,0,1,0,0,0,0,0,0,262,265,18446744073708932953,13,10345,0,0,1,3,18446744073709546861,18446744073709551030,18446744073709551030,262,3,1,1,1803905528570106679,0,0,9,4892780442325951794,0,1,1,0
PAWN_AUDIT_RESULT,5928,1,1,225,0,0,225,0,0,0,0,0
PAWN_AUDIT_ENTRY,5929,9038413833391561451,17571644564683111931,1244489519837869657,8201868043109936900,2218,271,272,271,8,7,1,7,18446744073709541353,18446744073709550278,7,0,1,0,0,0,0,0,0,388,388,18446744073700713290,13,10346,0,0,0,1,18446744073709547788,18446744073709551030,18446744073709550491,32002,18446744073709551613,0,0,6590781207201031980,1,0,7,9276423927280367638,0,0,1,0
PAWN_AUDIT_RESULT,5929,1,1,268,0,0,268,0,0,0,0,0
PAWN_AUDIT_ENTRY,5930,17571644564683111931,17207700670925958789,1244489519837869657,12360127261026946319,391,271,272,271,8,7,1,8,18446744073709534565,18446744073709550278,7,0,1,0,0,0,0,0,0,388,388,18446744073700713290,13,10347,0,0,0,6,18446744073709544440,18446744073709551030,18446744073709551030,32002,18446744073709551613,0,0,6590781207201031980,1,0,7,9276423927280367638,0,2,1,0
PAWN_AUDIT_RESULT,5930,1,1,269,0,0,269,0,0,0,0,0
PAWN_AUDIT_ENTRY,5931,17207700670925958789,4902581029820527886,1244489519837869657,9469708294020164278,593,271,272,271,8,7,1,9,18446744073709542348,18446744073709550278,7,0,1,0,0,0,0,0,0,388,388,18446744073700713290,13,10348,0,0,0,1,18446744073709546236,1698,652,32002,18446744073709551613,0,0,6590781207201031980,1,0,7,9276423927280367638,0,0,1,0
PAWN_AUDIT_RESULT,5931,1,1,265,0,0,265,0,0,0,0,0
PAWN_AUDIT_ENTRY,5932,4902581029820527886,4662497277603699824,1244489519837869657,8597684887500081565,1,271,272,271,8,7,1,10,18446744073709536010,18446744073709550278,7,0,1,0,0,0,0,0,0,388,388,18446744073700713290,13,10349,0,0,0,4,18446744073709545097,18446744073709551030,18446744073709551030,32002,18446744073709551613,0,0,6590781207201031980,1,0,7,9276423927280367638,0,2,1,0
PAWN_AUDIT_RESULT,5932,1,1,172,0,0,172,0,1,1,0,0
PAWN_AUDIT_ENTRY,5933,4662497277603699824,7612457383411605755,1244489519837869657,17525922691706827944,196,271,272,271,8,7,1,11,18446744073709536032,18446744073709550278,7,0,1,0,0,0,0,0,0,388,388,18446744073700713290,13,10351,0,0,0,5,18446744073709545107,18446744073709551030,18446744073709551030,32002,18446744073709551613,0,0,6590781207201031980,1,0,7,9276423927280367638,0,2,1,0
PAWN_AUDIT_RESULT,5933,1,1,266,0,0,266,0,0,0,0,0
PAWN_AUDIT_ENTRY,5934,7612457383411605755,11882938529795223482,1244489519837869657,10205876109905755128,983,271,272,271,8,7,1,13,18446744073709537421,18446744073709550278,7,0,1,0,0,0,0,0,0,388,388,18446744073700713290,13,10352,0,0,0,1,18446744073709545929,18446744073709551030,18446744073709550638,32002,18446744073709551613,0,0,6590781207201031980,1,0,7,9276423927280367638,0,0,1,0
PAWN_AUDIT_RESULT,5934,1,1,161,0,0,161,0,1,1,0,0
PAWN_AUDIT_ENTRY,5935,11882938529795223482,10816528008579586702,1244489519837869657,10713046859628676782,705,271,272,271,8,7,1,14,18446744073709534829,18446744073709550278,7,0,1,0,0,0,0,0,0,388,388,18446744073700713290,13,10354,0,0,0,2,18446744073709544560,18446744073709551030,18446744073709551030,32002,18446744073709551613,0,0,6590781207201031980,1,0,7,9276423927280367638,0,2,1,0
PAWN_AUDIT_RESULT,5935,1,1,202,0,0,202,0,0,0,0,0
PAWN_AUDIT_ENTRY,5936,10816528008579586702,7162267299528421437,1244489519837869657,2678592741991392071,786,271,272,271,8,7,1,15,18446744073709534972,18446744073709550278,7,0,1,0,0,0,0,0,0,388,388,18446744073700713290,13,10355,0,0,0,2,18446744073709544625,18446744073709551030,18446744073709551030,32002,18446744073709551613,0,0,6590781207201031980,1,0,7,9276423927280367638,0,2,1,0
PAWN_AUDIT_RESULT,5936,1,1,227,0,0,227,0,0,0,0,0
PAWN_AUDIT_ENTRY,5937,7162267299528421437,1141390669804997711,1244489519837869657,17601855946902241389,666,271,272,271,8,7,1,16,18446744073709534695,18446744073709550278,7,0,1,0,0,0,0,0,0,388,388,18446744073700713290,13,10356,0,0,0,1,18446744073709544499,18446744073709551030,18446744073709551030,32002,18446744073709551613,0,0,6590781207201031980,1,0,7,9276423927280367638,0,0,1,0
PAWN_AUDIT_RESULT,5937,1,1,253,0,0,253,0,2,2,0,0
PAWN_AUDIT_ENTRY,5938,1141390669804997711,3251284980360445156,1244489519837869657,12927892842574009439,536,271,272,271,8,7,1,17,18446744073709534715,18446744073709550278,7,0,1,0,0,0,0,0,0,388,388,18446744073700713290,13,10359,0,0,0,1,18446744073709544508,18446744073709551030,18446744073709551030,32002,18446744073709551613,0,0,6590781207201031980,1,0,7,9276423927280367638,0,0,1,0
PAWN_AUDIT_RESULT,5938,1,1,254,0,0,254,0,0,0,0,0
PAWN_AUDIT_ENTRY,5939,3251284980360445156,8039147627993230745,1244489519837869657,8951587533625861627,861,271,272,271,8,7,1,18,18446744073709534300,18446744073709550278,7,0,1,0,0,0,0,0,0,388,388,18446744073700713290,13,10360,0,0,0,1,18446744073709544473,18446744073709551030,18446744073709550714,32002,18446744073709551613,0,0,6590781207201031980,1,0,7,9276423927280367638,0,0,1,0
PAWN_AUDIT_RESULT,5939,1,1,206,0,0,206,0,2,2,0,0
PAWN_AUDIT_ENTRY,5940,8039147627993230745,6319309042840170219,1244489519837869657,17882223756448531135,918,271,272,271,8,7,1,19,18446744073709534275,18446744073709550278,7,0,1,0,0,0,0,0,0,388,388,18446744073700713290,13,10363,0,0,0,1,18446744073709544446,18446744073709551030,18446744073709550746,32002,18446744073709551613,0,0,6590781207201031980,1,0,7,9276423927280367638,0,0,1,0
PAWN_AUDIT_RESULT,5940,1,1,222,0,0,222,0,0,0,0,0
PAWN_AUDIT_ENTRY,5941,6319309042840170219,16777296671804776591,1244489519837869657,12822468006567890003,601,271,272,271,8,7,1,20,18446744073709534300,18446744073709550278,7,0,1,0,0,0,0,0,0,388,388,18446744073700713290,13,10364,0,0,0,1,18446744073709544531,18446744073709551030,18446744073709550594,32002,18446744073709551613,0,0,6590781207201031980,1,0,7,9276423927280367638,0,0,1,0
PAWN_AUDIT_ENTRY,5955,4145624458873408448,1299248680404540742,1641658316570777185,12635776153175671861,3956,18446744073709551344,18446744073709551345,18446744073709551308,6,5,1,3,18446744073709544655,18446744073709550278,10,0,0,0,0,0,0,0,0,18446744073709551216,18446744073709551216,18446744073708967624,13,10397,0,0,0,11,18446744073709549028,18446744073709551030,18446744073709551030,18446744073709551289,1,1,1,1822335010067788529,1,0,10,1713997051525512158,0,2,1,0
PAWN_AUDIT_RESULT,5955,1,1,-334,0,0,-334,0,0,0,0,0
PAWN_AUDIT_ENTRY,5956,1299248680404540742,1395126886195321021,1641658316570777185,6773561994976019556,2330,18446744073709551344,18446744073709551345,18446744073709551308,6,5,1,4,18446744073709547219,18446744073709550278,10,0,0,0,0,0,0,0,0,18446744073709551216,18446744073709551216,18446744073708967624,13,10398,0,0,0,10,18446744073709550194,18446744073709551030,18446744073709551030,18446744073709551289,1,1,1,1822335010067788529,1,0,10,1713997051525512158,0,2,1,0
PAWN_AUDIT_RESULT,5956,1,1,-413,0,0,-413,0,0,0,0,0
PAWN_AUDIT_ENTRY,5957,1395126886195321021,5038777042267112688,1641658316570777185,17255194692612572197,2355,18446744073709551344,18446744073709551345,18446744073709551308,6,5,1,6,18446744073709547219,18446744073709550278,10,0,0,0,0,0,0,0,0,18446744073709551216,18446744073709551216,18446744073708967624,13,10399,0,0,0,10,18446744073709550194,18446744073709551030,18446744073709551030,18446744073709551289,1,1,1,1822335010067788529,1,0,10,1713997051525512158,0,2,1,0
PAWN_AUDIT_RESULT,5957,1,1,-458,0,0,-458,0,0,0,0,0
PAWN_AUDIT_ENTRY,5958,5038777042267112688,7661524019153213925,1641658316570777185,11344668625963729853,3826,18446744073709551344,18446744073709551345,18446744073709551308,6,5,1,9,18446744073709543096,18446744073709550278,10,0,0,0,0,0,0,0,0,18446744073709551216,18446744073709551216,18446744073708967624,13,10400,0,0,0,13,18446744073709548319,18446744073709551030,18446744073709551030,18446744073709551289,1,1,1,1822335010067788529,1,0,10,1713997051525512158,0,2,1,0
PAWN_AUDIT_RESULT,5958,1,1,-373,0,0,-373,0,0,0,0,0
PAWN_AUDIT_ENTRY,5960,3020909553643859452,8981082028248801912,1641658316570777185,489850406711181786,2325,18446744073709551344,18446744073709551345,18446744073709551308,6,5,1,28,18446744073709550340,18446744073709550278,10,0,0,0,0,0,0,0,1,18446744073709551216,18446744073709551216,18446744073708967624,13,10403,0,0,0,10,18446744073709551613,18446744073709551030,18446744073709551030,18446744073709551289,1,1,1,1822335010067788529,1,0,10,1713997051525512158,0,2,1,0
PAWN_AUDIT_RESULT,5960,1,1,-588,0,0,-588,0,1,1,0,0
PAWN_AUDIT_ENTRY,5962,9706591911030623866,16751998840094746902,12822468006567890003,603924677977267719,3956,18446744073709551344,18446744073709551345,18446744073709551314,8,7,1,3,18446744073709549740,18446744073709550278,8,0,0,0,0,0,0,0,0,18446744073709551017,18446744073709551017,3016782,13,10406,0,0,0,11,18446744073709549222,18446744073709551030,3778,18446744073709551289,2,1,1,6572394641354147562,0,0,8,1244489519837869657,0,1,1,0
PAWN_AUDIT_RESULT,5962,1,1,-430,0,0,-430,0,0,0,0,0
PAWN_AUDIT_ENTRY,5963,16751998840094746902,8839264115614882134,12822468006567890003,1758889166552390748,3437,18446744073709551344,18446744073709551345,18446744073709551314,8,7,1,4,18446744073709543248,18446744073709550278,8,0,0,0,0,0,0,0,0,18446744073709551017,18446744073709551017,3016782,13,10407,0,0,0,9,18446744073709545066,18446744073709551030,6259,18446744073709551289,2,1,1,6572394641354147562,0,0,8,1244489519837869657,0,0,1,0
PAWN_AUDIT_RESULT,5963,1,1,-436,0,0,-436,0,0,0,0,0
PAWN_AUDIT_RESULT,5941,1,1,327,1,8,302,0,2,45,1,1
PAWN_AUDIT_ENTRY,5967,16380070798891636514,14947629609308396817,9276423927280367638,14054068046951686253,3808,18446744073709551344,18446744073709551345,18446744073709551344,11,10,4,5,18446744073709541842,18446744073709550278,6,0,0,0,0,0,0,0,0,18446744073709551193,18446744073709551193,11644382,13,10412,0,0,1,13,18446744073709547892,18446744073709550744,18446744073709551030,18446744073709551292,2,1,1,6590781207201031980,0,0,6,6491738692360334470,0,1,1,0
PAWN_AUDIT_RESULT,5967,4,4,-380,0,0,-380,0,0,0,0,0
PAWN_AUDIT_ENTRY,5968,14947629609308396817,5090831639992085658,9276423927280367638,793884647446080970,3826,18446744073709551344,18446744073709551345,18446744073709551344,11,10,4,6,18446744073709545283,128,6,0,0,0,0,0,0,0,0,18446744073709551193,18446744073709551193,11644382,13,10413,0,0,1,13,18446744073709547729,3151,18446744073709550445,18446744073709551292,2,1,1,6590781207201031980,0,0,6,6491738692360334470,0,1,1,0
PAWN_AUDIT_RESULT,5968,4,4,-326,0,0,-326,0,0,0,0,0
PAWN_AUDIT_ENTRY,5969,5090831639992085658,17349096007659796300,9276423927280367638,17526141165453838161,2267,18446744073709551344,18446744073709551345,18446744073709551344,11,10,3,7,18446744073709535730,18446744073709550278,6,0,0,0,0,0,0,0,0,18446744073709551193,18446744073709551193,11644382,13,10414,0,0,1,9,18446744073709544923,18446744073709550302,260,18446744073709551292,2,1,1,6590781207201031980,0,0,6,6491738692360334470,0,0,1,0
PAWN_AUDIT_RESULT,5969,3,3,-582,0,0,-582,0,0,0,0,0
PAWN_AUDIT_ENTRY,5970,17349096007659796300,3607355780499670882,9276423927280367638,2965093406085474329,3437,18446744073709551344,18446744073709551345,18446744073709551344,11,10,3,8,18446744073709539512,18446744073709550278,6,0,0,0,0,0,0,0,0,18446744073709551193,18446744073709551193,11644382,13,10415,0,0,1,9,18446744073709544992,18446744073709551459,2469,18446744073709551292,2,1,1,6590781207201031980,0,0,6,6491738692360334470,0,0,1,0
PAWN_AUDIT_RESULT,5970,3,3,-472,0,0,-472,0,0,0,0,0
PAWN_AUDIT_ENTRY,5971,3607355780499670882,2070647400303689724,9276423927280367638,17448487435872631399,3567,18446744073709551344,18446744073709551345,18446744073709551344,11,10,3,9,18446744073709541331,18446744073709550278,6,0,0,0,0,0,0,0,0,18446744073709551193,18446744073709551193,11644382,13,10416,0,0,1,9,18446744073709548042,18446744073709550982,18446744073709549997,18446744073709551292,2,1,1,6590781207201031980,0,0,6,6491738692360334470,0,0,1,0
PAWN_AUDIT_RESULT,5971,3,3,-407,0,0,-407,0,0,0,0,0
PAWN_AUDIT_ENTRY,5972,2070647400303689724,7610767102824215292,9276423927280367638,4665464309085156723,3390,18446744073709551344,18446744073709551345,18446744073709551344,11,10,2,10,18446744073709535182,18446744073709550278,6,0,0,0,0,0,0,0,0,18446744073709551193,18446744073709551193,11644382,13,10417,0,0,1,10,18446744073709544952,18446744073709551030,18446744073709550553,18446744073709551292,2,1,1,6590781207201031980,0,0,6,6491738692360334470,0,1,1,0
PAWN_AUDIT_RESULT,5972,2,2,-539,0,0,-539,0,0,0,0,0
PAWN_AUDIT_ENTRY,5973,7610767102824215292,3934565439788803621,9276423927280367638,1007174592016390997,4094,18446744073709551344,18446744073709551345,18446744073709551344,11,10,2,11,18446744073709534226,18446744073709550278,6,0,0,0,0,0,0,0,0,18446744073709551193,18446744073709551193,11644382,13,10418,0,0,1,12,18446744073709544494,18446744073709551030,18446744073709550601,18446744073709551292,2,1,1,6590781207201031980,0,0,6,6491738692360334470,0,1,1,0
PAWN_AUDIT_RESULT,5973,2,2,-546,0,0,-546,0,0,0,0,0
PAWN_AUDIT_ENTRY,5974,3934565439788803621,17907193457039354182,9276423927280367638,15975226975077383020,3641,18446744073709551344,18446744073709551345,18446744073709551344,11,10,2,12,18446744073709535080,18446744073709550278,6,0,0,0,0,0,0,0,0,18446744073709551193,18446744073709551193,11644382,13,10419,0,0,1,12,18446744073709544674,18446744073709551030,18446744073709551030,18446744073709551292,2,1,1,6590781207201031980,0,0,6,6491738692360334470,0,1,1,0
PAWN_AUDIT_RESULT,5974,2,2,-390,0,0,-390,0,0,0,0,0
PAWN_AUDIT_ENTRY,5975,17907193457039354182,10878660160646838130,9276423927280367638,3772246267854572728,3827,18446744073709551344,18446744073709551345,18446744073709551344,11,10,2,13,18446744073709534550,18446744073709550278,6,0,0,0,0,0,0,0,0,18446744073709551193,18446744073709551193,11644382,13,10420,0,0,1,13,18446744073709544433,18446744073709551030,18446744073709551030,18446744073709551292,2,1,1,6590781207201031980,0,0,6,6491738692360334470,0,1,1,0
PAWN_AUDIT_RESULT,5975,2,2,-417,0,0,-417,0,0,0,0,0
PAWN_AUDIT_ENTRY,5976,10878660160646838130,2317622172241118300,9276423927280367638,4851463124944797945,3502,18446744073709551344,18446744073709551345,18446744073709551344,11,10,2,14,18446744073709534388,18446744073709550278,6,0,0,0,0,0,0,0,0,18446744073709551193,18446744073709551193,11644382,13,10421,0,0,1,9,18446744073709544433,18446744073709551030,18446744073709550879,18446744073709551292,2,1,1,6590781207201031980,0,0,6,6491738692360334470,0,0,1,0
PAWN_AUDIT_RESULT,5976,2,2,-497,0,0,-497,0,0,0,0,0
PAWN_AUDIT_ENTRY,5977,2317622172241118300,1855193429936926683,9276423927280367638,5316895638070658560,3891,18446744073709551344,18446744073709551345,18446744073709551344,11,10,2,15,18446744073709534550,18446744073709550278,6,0,0,0,0,0,0,0,0,18446744073709551193,18446744073709551193,11644382,13,10422,0,0,1,14,18446744073709544433,18446744073709551030,18446744073709551030,18446744073709551292,2,1,1,6590781207201031980,0,0,6,6491738692360334470,0,1,1,0
PAWN_AUDIT_RESULT,5977,2,2,-718,0,0,-718,0,0,0,0,0
PAWN_AUDIT_ENTRY,5978,1855193429936926683,15878144299081795963,9276423927280367638,2761746754586523347,3761,18446744073709551344,18446744073709551345,18446744073709551344,11,10,2,16,18446744073709534660,18446744073709550278,6,0,0,0,0,0,0,0,0,18446744073709551193,18446744073709551193,11644382,13,10423,0,0,1,11,18446744073709544483,18446744073709551030,18446744073709551030,18446744073709551292,2,1,1,6590781207201031980,0,0,6,6491738692360334470,0,1,1,0
PAWN_AUDIT_RESULT,5978,2,2,-406,0,0,-406,0,0,0,0,0
PAWN_AUDIT_ENTRY,5979,15878144299081795963,17733106982820819897,9276423927280367638,12063136272619951074,3763,18446744073709551344,18446744073709551345,18446744073709551344,11,10,2,17,18446744073709534556,18446744073709550278,6,0,0,0,0,0,0,0,0,18446744073709551193,18446744073709551193,11644382,13,10424,0,0,1,11,18446744073709544436,18446744073709551030,18446744073709551030,18446744073709551292,2,1,1,6590781207201031980,0,0,6,6491738692360334470,0,1,1,0
PAWN_AUDIT_RESULT,5979,2,2,-377,0,0,-377,0,0,0,0,0
PAWN_AUDIT_ENTRY,5980,17733106982820819897,11651279451430094339,9276423927280367638,14091249409411081897,3494,18446744073709551344,18446744073709551345,18446744073709551344,11,10,2,18,18446744073709534418,18446744073709550278,6,0,0,0,0,0,0,0,0,18446744073709551193,18446744073709551193,11644382,13,10425,0,0,1,9,18446744073709544433,18446744073709551030,18446744073709550907,18446744073709551292,2,1,1,6590781207201031980,0,0,6,6491738692360334470,0,0,1,0
PAWN_AUDIT_RESULT,5980,2,2,-537,0,0,-537,0,0,0,0,0
PAWN_AUDIT_ENTRY,5981,11651279451430094339,10410276098793536355,9276423927280367638,8922812121321211791,3429,18446744073709551344,18446744073709551345,18446744073709551344,11,10,2,19,18446744073709534114,18446744073709550278,6,0,0,0,0,0,0,0,0,18446744073709551193,18446744073709551193,11644382,13,10426,0,0,1,9,18446744073709544433,18446744073709551030,18446744073709550622,18446744073709551292,2,1,1,6590781207201031980,0,0,6,6491738692360334470,0,0,1,0
PAWN_AUDIT_RESULT,5981,2,2,-561,0,0,-561,0,0,0,0,0
PAWN_AUDIT_ENTRY,5982,10410276098793536355,10460800581383429359,9276423927280367638,2180382354481055971,3559,18446744073709551344,18446744073709551345,18446744073709551344,11,10,2,20,18446744073709536842,18446744073709550278,6,0,0,0,0,0,0,0,0,18446744073709551193,18446744073709551193,11644382,13,10427,0,0,1,9,18446744073709544983,18446744073709550142,1343,18446744073709551292,2,1,1,6590781207201031980,0,0,6,6491738692360334470,0,0,1,0
PAWN_AUDIT_RESULT,5982,2,2,-433,0,0,-433,0,0,0,0,0
PAWN_AUDIT_ENTRY,5983,10460800581383429359,14008453158433428070,11102565544257757667,17281508080830385643,2202,18446744073709551344,18446744073709551345,18446744073709551344,11,10,7,3,18446744073709539391,1149,4,0,0,0,0,1,0,0,0,18446744073709551307,18446744073709551322,1658039,13,10428,0,0,0,9,18446744073709545069,18446744073709551030,2639,18446744073709551307,5,1,1,2389506676643522672,1,0,4,6539576327687947092,0,0,1,0
PAWN_AUDIT_RESULT,5983,7,7,-285,0,0,-285,0,20,20,0,0
PAWN_AUDIT_ENTRY,5991,16702178351555940583,12237519641573337620,11102565544257757667,15682187620018452888,3808,18446744073709551344,18446744073709551345,18446744073709551344,11,10,5,5,18446744073709541048,18446744073709550278,4,0,0,0,0,1,0,0,0,18446744073709551307,18446744073709551322,1658039,13,10453,0,0,0,13,18446744073709547388,18446744073709551030,18446744073709551030,18446744073709551307,5,1,1,2389506676643522672,1,0,4,6539576327687947092,0,2,1,0
PAWN_AUDIT_RESULT,5991,5,5,-335,0,0,-335,0,0,0,0,0
PAWN_AUDIT_ENTRY,5992,12237519641573337620,15262651346320468535,11102565544257757667,14618969338976766055,3817,18446744073709551344,18446744073709551345,18446744073709551344,11,10,6,6,18446744073709547178,18446744073709550278,4,0,0,0,0,1,0,0,0,18446744073709551307,18446744073709551322,1658039,13,10454,0,0,0,13,96,18446744073709549400,18446744073709549543,18446744073709551307,5,1,1,2389506676643522672,1,0,4,6539576327687947092,0,2,1,0
PAWN_AUDIT_RESULT,5992,6,6,-324,0,0,-324,0,2,2,0,0
PAWN_AUDIT_ENTRY,5993,15262651346320468535,6715589620194712965,11102565544257757667,16757115760564675474,3567,18446744073709551344,18446744073709551345,18446744073709551344,11,10,5,7,18446744073709539718,18446744073709550278,4,0,0,0,0,1,0,0,0,18446744073709551307,18446744073709551322,1658039,13,10457,0,0,0,9,18446744073709547329,18446744073709549938,18446744073709551030,18446744073709551307,5,1,1,2389506676643522672,1,0,4,6539576327687947092,0,0,1,0
PAWN_AUDIT_RESULT,5993,5,5,-325,0,0,-325,0,0,0,0,0
PAWN_AUDIT_ENTRY,5994,6715589620194712965,2747288755416165320,11102565544257757667,3715019296809726444,3437,18446744073709551344,18446744073709551345,18446744073709551344,11,10,4,8,18446744073709534593,18446744073709550278,4,0,0,0,0,1,0,0,0,18446744073709551307,18446744073709551322,1658039,13,10458,0,0,0,9,18446744073709544881,18446744073709550173,18446744073709551030,18446744073709551307,5,1,1,2389506676643522672,1,0,4,6539576327687947092,0,0,1,0
PAWN_AUDIT_RESULT,5994,4,4,-409,0,0,-409,0,0,0,0,0
PAWN_AUDIT_ENTRY,5995,2747288755416165320,5372879402684324818,11102565544257757667,2560050602992120759,3956,18446744073709551344,18446744073709551345,18446744073709551344,11,10,5,9,18446744073709543150,18446744073709550278,4,0,0,0,0,1,0,0,0,18446744073709551307,18446744073709551322,1658039,13,10459,0,0,0,11,18446744073709548727,18446744073709550645,18446744073709550637,18446744073709551307,5,1,1,2389506676643522672,1,0,4,6539576327687947092,0,2,1,0
PAWN_AUDIT_RESULT,5995,5,5,-317,0,0,-317,0,0,0,0,0
PAWN_AUDIT_ENTRY,5996,5372879402684324818,16165287963853051805,11102565544257757667,7855330582083685339,4015,18446744073709551344,18446744073709551345,18446744073709551344,11,10,4,10,18446744073709534204,18446744073709550278,4,0,0,0,0,1,0,0,0,18446744073709551307,18446744073709551322,1658039,13,10460,0,0,0,10,18446744073709544451,18446744073709550680,18446744073709551030,18446744073709551307,5,1,1,2389506676643522672,1,0,4,6539576327687947092,0,2,1,0
PAWN_AUDIT_RESULT,5996,4,4,-310,0,0,-310,0,0,0,0,0
PAWN_AUDIT_ENTRY,5997,16165287963853051805,17369267014172963607,11102565544257757667,1273453273552761919,3826,18446744073709551344,18446744073709551345,18446744073709551344,11,10,5,11,18446744073709543227,18446744073709550278,4,0,0,0,0,1,0,0,0,18446744073709551307,18446744073709551322,1658039,13,10461,0,0,0,13,18446744073709548695,18446744073709550397,18446744073709551030,18446744073709551307,5,1,1,2389506676643522672,1,0,4,6539576327687947092,0,2,1,0
PAWN_AUDIT_RESULT,5997,5,5,-302,0,0,-302,0,3,3,0,0
PAWN_AUDIT_ENTRY,5999,7185172961213610944,5733702680703430042,11102565544257757667,14347112350769406617,3641,18446744073709551344,18446744073709551345,18446744073709551344,11,10,4,12,18446744073709534541,18446744073709550278,4,0,0,0,0,1,0,0,0,18446744073709551307,18446744073709551322,1658039,13,10465,0,0,0,12,18446744073709544628,18446744073709550632,18446744073709551030,18446744073709551307,5,1,1,2389506676643522672,1,0,4,6539576327687947092,0,2,1,0
PAWN_AUDIT_RESULT,5999,4,4,-307,0,0,-307,0,0,0,0,0
PAWN_AUDIT_ENTRY,6000,5733702680703430042,11866004960882339725,11102565544257757667,16614591965695327951,3828,18446744073709551344,18446744073709551345,18446744073709551344,11,10,4,13,18446744073709534121,18446744073709550278,4,0,0,0,0,1,0,0,0,18446744073709551307,18446744073709551322,1658039,13,10466,0,0,0,13,18446744073709544437,18446744073709550632,18446744073709551030,18446744073709551307,5,1,1,2389506676643522672,1,0,4,6539576327687947092,0,2,1,0
PAWN_AUDIT_RESULT,6000,4,4,-397,0,0,-397,0,0,0,0,0
PAWN_AUDIT_ENTRY,6001,11866004960882339725,7455345040517980701,11102565544257757667,6732817606494268046,3807,18446744073709551344,18446744073709551345,18446744073709551344,11,10,4,14,18446744073709533999,18446744073709550278,4,0,0,0,0,1,0,0,0,18446744073709551307,18446744073709551322,1658039,13,10467,0,0,0,13,18446744073709544437,18446744073709550521,18446744073709551030,18446744073709551307,5,1,1,2389506676643522672,1,0,4,6539576327687947092,0,2,1,0
PAWN_AUDIT_RESULT,6001,4,4,-381,0,0,-381,0,0,0,0,0
PAWN_AUDIT_ENTRY,6002,7455345040517980701,17589991127252600661,11102565544257757667,3382752108448093517,3827,18446744073709551344,18446744073709551345,18446744073709551344,11,10,4,15,18446744073709534054,18446744073709550278,4,0,0,0,0,1,0,0,0,18446744073709551307,18446744073709551322,1658039,13,10468,0,0,0,13,18446744073709544433,18446744073709550579,18446744073709551030,18446744073709551307,5,1,1,2389506676643522672,1,0,4,6539576327687947092,0,2,1,0
PAWN_AUDIT_RESULT,6002,4,4,-326,0,0,-326,0,0,0,0,0
PAWN_AUDIT_ENTRY,6003,17589991127252600661,7311673352795374207,11102565544257757667,6483946384532609292,3502,18446744073709551344,18446744073709551345,18446744073709551344,11,10,4,16,18446744073709534165,18446744073709550278,4,0,0,0,0,1,0,0,0,18446744073709551307,18446744073709551322,1658039,13,10469,0,0,0,9,18446744073709544433,18446744073709550680,18446744073709551030,18446744073709551307,5,1,1,2389506676643522672,1,0,4,6539576327687947092,0,0,1,0
PAWN_AUDIT_RESULT,6003,4,4,-388,0,0,-388,0,0,0,0,0
PAWN_AUDIT_ENTRY,6004,7311673352795374207,4235640438428405116,11102565544257757667,7024617857839652474,3429,18446744073709551344,18446744073709551345,18446744073709551344,11,10,4,17,18446744073709534384,18446744073709550278,4,0,0,0,0,1,0,0,0,18446744073709551307,18446744073709551322,1658039,13,10470,0,0,0,9,18446744073709544433,18446744073709550879,18446744073709551030,18446744073709551307,5,1,1,2389506676643522672,1,0,4,6539576327687947092,0,0,1,0
PAWN_AUDIT_RESULT,6004,4,4,-416,0,0,-416,0,0,0,0,0
PAWN_AUDIT_ENTRY,6005,4235640438428405116,17333844836273842257,11102565544257757667,7627583624852625033,3892,18446744073709551344,18446744073709551345,18446744073709551344,11,10,4,18,18446744073709533749,18446744073709550278,4,0,0,0,0,1,0,0,0,18446744073709551307,18446744073709551322,1658039,13,10471,0,0,0,14,18446744073709544433,18446744073709550302,18446744073709551030,18446744073709551307,5,1,1,2389506676643522672,1,0,4,6539576327687947092,0,2,1,0
PAWN_AUDIT_RESULT,6005,4,4,-543,0,0,-543,0,0,0,0,0
PAWN_AUDIT_ENTRY,6006,17333844836273842257,3135524618511183799,11102565544257757667,6008134546191933429,3891,18446744073709551344,18446744073709551345,18446744073709551344,11,10,4,19,18446744073709533838,18446744073709550278,4,0,0,0,0,1,0,0,0,18446744073709551307,18446744073709551322,1658039,13,10472,0,0,0,14,18446744073709544433,18446744073709550383,18446744073709551030,18446744073709551307,5,1,1,2389506676643522672,1,0,4,6539576327687947092,0,2,1,0
PAWN_AUDIT_RESULT,6006,4,4,-554,0,0,-554,0,0,0,0,0
PAWN_AUDIT_ENTRY,6007,3135524618511183799,14739698885998365584,11102565544257757667,15647310837694218076,3494,18446744073709551344,18446744073709551345,18446744073709551344,11,10,4,20,18446744073709533990,18446744073709550278,4,0,0,0,0,1,0,0,0,18446744073709551307,18446744073709551322,1658039,13,10473,0,0,0,9,18446744073709544433,18446744073709550521,18446744073709551030,18446744073709551307,5,1,1,2389506676643522672,1,0,4,6539576327687947092,0,0,1,0
PAWN_AUDIT_RESULT,6007,4,4,-469,0,0,-469,0,0,0,0,0
PAWN_AUDIT_ENTRY,6008,14739698885998365584,1865413879488401993,11102565544257757667,4394375148651999014,3761,18446744073709551344,18446744073709551345,18446744073709551344,11,10,4,21,18446744073709533909,18446744073709550278,4,0,0,0,0,1,0,0,0,18446744073709551307,18446744073709551322,1658039,13,10474,0,0,0,11,18446744073709544473,18446744073709550367,18446744073709551030,18446744073709551307,5,1,1,2389506676643522672,1,0,4,6539576327687947092,0,2,1,0
PAWN_AUDIT_RESULT,6008,4,4,-305,0,0,-305,0,0,0,0,0
PAWN_AUDIT_ENTRY,6009,1865413879488401993,1416420145229833647,11102565544257757667,13673096036798106135,3763,18446744073709551344,18446744073709551345,18446744073709551344,11,10,4,22,18446744073709533845,18446744073709550278,4,0,0,0,0,1,0,0,0,18446744073709551307,18446744073709551322,1658039,13,10475,0,0,0,11,18446744073709544435,18446744073709550449,18446744073709550964,18446744073709551307,5,1,1,2389506676643522672,1,0,4,6539576327687947092,0,2,1,0
PAWN_AUDIT_RESULT,6009,4,4,-291,0,0,-291,0,0,0,0,0
PAWN_AUDIT_ENTRY,6010,1416420145229833647,6885011762351262391,11102565544257757667,354096427659219222,3559,18446744073709551344,18446744073709551345,18446744073709551344,11,10,4,23,18446744073709530998,18446744073709550278,4,0,0,0,0,1,0,0,0,18446744073709551307,18446744073709551322,1658039,13,10476,0,0,0,9,18446744073709544826,18446744073709547780,18446744073709550241,18446744073709551307,5,1,1,2389506676643522672,1,0,4,6539576327687947092,0,0,1,0
PAWN_AUDIT_RESULT,6010,4,4,-335,0,0,-335,0,0,0,0,0
PAWN_AUDIT_ENTRY,6011,6885011762351262391,458619569954773411,11102565544257757667,10590168506271814864,3814,18446744073709551344,18446744073709551345,18446744073709551344,11,10,4,24,18446744073709534276,18446744073709550278,4,0,0,0,0,1,0,0,0,18446744073709551307,18446744073709551322,1658039,13,10477,0,0,0,13,18446744073709545277,18446744073709549093,18446744073709551030,18446744073709551307,5,1,1,2389506676643522672,1,0,4,6539576327687947092,0,2,1,0
PAWN_AUDIT_RESULT,6011,4,4,-449,0,0,-449,0,0,0,0,0
PAWN_AUDIT_ENTRY,6028,4562551114002368022,8132837710806546650,7069487948705693329,1423220243107920746,658,271,272,269,9,8,1,3,18446744073709550308,2960,9,0,1,0,0,0,0,0,0,278,340,18446744073709152402,13,10519,0,0,0,1,18446744073709548079,2607,3376,278,5,1,1,13862688173940149393,2,0,9,68212776035824811,0,0,1,0
PAWN_AUDIT_RESULT,6028,1,1,257,0,0,257,0,0,0,0,0
PAWN_AUDIT_ENTRY,6030,17470908399536175943,10741700452544588363,7069487948705693329,6367009812145657321,2216,271,272,269,9,8,1,5,18446744073709550340,18446744073709550278,9,0,1,0,0,0,0,0,0,278,340,18446744073709152402,13,10521,0,0,0,2,18446744073709551613,18446744073709551030,18446744073709551030,278,5,1,1,13862688173940149393,2,0,9,68212776035824811,0,3,1,0
PAWN_AUDIT_RESULT,6030,1,1,63,0,0,63,0,0,0,0,0
PAWN_AUDIT_ENTRY,6031,10741700452544588363,630242476797486614,7069487948705693329,12155897303087351451,2225,271,272,269,9,8,1,6,18446744073709550340,18446744073709550278,9,0,1,0,0,0,0,0,0,278,340,18446744073709152402,13,10522,0,0,0,2,18446744073709551613,18446744073709551030,18446744073709551030,278,5,1,1,13862688173940149393,2,0,9,68212776035824811,0,3,1,0
PAWN_AUDIT_RESULT,6031,1,1,196,0,0,196,0,0,0,0,0
PAWN_AUDIT_ENTRY,6032,630242476797486614,712846439946967116,7069487948705693329,8883583331513022548,2227,271,272,269,9,8,1,7,18446744073709550340,18446744073709550278,9,0,1,0,0,0,0,0,0,278,340,18446744073709152402,13,10523,0,0,0,2,18446744073709551613,18446744073709551030,18446744073709551030,278,5,1,1,13862688173940149393,2,0,9,68212776035824811,0,3,1,0
PAWN_AUDIT_RESULT,6032,1,1,-34,0,0,-34,0,0,0,0,0
PAWN_AUDIT_ENTRY,6034,2293092699393712273,3324419614286615518,7069487948705693329,7719155815437040254,601,271,272,269,9,8,1,10,18446744073709541057,18446744073709550278,9,0,1,0,0,0,0,0,0,278,340,18446744073709152402,13,10525,0,0,0,1,18446744073709547528,18446744073709551030,18446744073709550750,278,5,1,1,13862688173940149393,2,0,9,68212776035824811,0,0,1,0
PAWN_AUDIT_ENTRY,6038,5373700793388378629,9154592158471778245,16718354429120492146,1353407719597186073,797,271,272,227,6,5,1,4,18446744073709549139,18446744073709550278,11,0,1,0,0,0,0,1634,0,272,0,18446744073709316086,13,10539,0,0,1,2,18446744073709551067,18446744073709551030,18446744073709551030,272,0,2,1,13844302741962747223,0,0,11,7719155815437040254,0,1,1,0
PAWN_AUDIT_RESULT,6038,1,1,-208,0,0,-208,0,0,0,0,0
PAWN_AUDIT_RESULT,6034,1,1,272,1,7,232,0,6,14,0,0
PAWN_AUDIT_ENTRY,6039,9154592158471778245,1611834913726716707,7069487948705693329,7200423850786898668,926,271,272,269,9,8,1,11,18446744073709536244,994,9,0,1,0,0,0,0,0,0,278,340,18446744073709152402,13,10540,0,0,0,1,18446744073709545582,18446744073709551523,18446744073709549742,278,5,1,1,13862688173940149393,2,0,9,68212776035824811,0,0,1,0
PAWN_AUDIT_RESULT,6039,1,1,245,0,0,245,0,0,0,0,0
PAWN_AUDIT_ENTRY,6040,1611834913726716707,14036887641138729716,7069487948705693329,18373564381661492016,983,271,272,269,9,8,1,12,18446744073709537180,18446744073709550278,9,0,1,0,0,0,0,0,0,278,340,18446744073709152402,13,10541,0,0,0,1,18446744073709545727,18446744073709551079,18446744073709550778,278,5,1,1,13862688173940149393,2,0,9,68212776035824811,0,0,1,0
PAWN_AUDIT_RESULT,6040,1,1,244,0,0,244,0,0,0,0,0
PAWN_AUDIT_ENTRY,6041,14036887641138729716,4976811598593619509,7069487948705693329,1109257860572097843,861,271,272,269,9,8,1,13,18446744073709535316,18446744073709550278,9,0,1,0,0,0,0,0,0,278,340,18446744073709152402,13,10542,0,0,0,1,18446744073709544880,18446744073709551030,18446744073709550827,278,5,1,1,13862688173940149393,2,0,9,68212776035824811,0,0,1,0
PAWN_AUDIT_RESULT,6041,1,1,190,0,0,190,0,0,0,0,0
PAWN_AUDIT_ENTRY,6042,4976811598593619509,15743415846283576056,7069487948705693329,17308921955147342462,593,271,272,269,9,8,1,14,18446744073709536088,18446744073709550278,9,0,1,0,0,0,0,0,0,278,340,18446744073709152402,13,10543,0,0,0,1,18446744073709545792,18446744073709550581,18446744073709550134,278,5,1,1,13862688173940149393,2,0,9,68212776035824811,0,0,1,0
PAWN_AUDIT_RESULT,6042,1,1,251,0,0,251,0,0,0,0,0
PAWN_AUDIT_ENTRY,6043,15743415846283576056,851428374475181235,7069487948705693329,16902019035371972265,2195,271,272,269,9,8,1,16,18446744073709542799,18446744073709547015,9,0,1,0,0,0,0,0,0,278,340,18446744073709152402,13,10544,0,0,0,2,18446744073709546737,3028,18446744073709550288,278,5,1,1,13862688173940149393,2,0,9,68212776035824811,0,3,1,0
PAWN_AUDIT_RESULT,6043,1,1,213,0,0,213,0,0,0,0,0
PAWN_AUDIT_ENTRY,6044,851428374475181235,1532075142743702358,7069487948705693329,5849368256423323096,853,271,272,269,9,8,1,17,18446744073709534405,18446744073709550278,9,0,1,0,0,0,0,0,0,278,340,18446744073709152402,13,10545,0,0,0,1,18446744073709544447,18446744073709551030,18446744073709550866,278,5,1,1,13862688173940149393,2,0,9,68212776035824811,0,0,1,0
PAWN_AUDIT_RESULT,6044,1,1,202,0,0,202,0,0,0,0,0
PAWN_AUDIT_ENTRY,6045,1532075142743702358,15073676078415137185,7069487948705693329,10048910147457813111,918,271,272,269,9,8,1,18,18446744073709534374,18446744073709550278,9,0,1,0,0,0,0,0,0,278,340,18446744073709152402,13,10546,0,0,0,1,18446744073709544442,18446744073709551030,18446744073709550847,278,5,1,1,13862688173940149393,2,0,9,68212776035824811,0,0,1,0
PAWN_AUDIT_RESULT,6045,1,1,232,0,0,232,0,0,0,0,0
PAWN_AUDIT_ENTRY,6046,15073676078415137185,11955698980781524140,7069487948705693329,12769281410280360561,528,271,272,269,9,8,1,19,18446744073709534414,18446744073709550278,9,0,1,0,0,0,0,0,0,278,340,18446744073709152402,13,10547,0,0,0,1,18446744073709544481,18446744073709551030,18446744073709550804,278,5,1,1,13862688173940149393,2,0,9,68212776035824811,0,0,1,0
PAWN_AUDIT_RESULT,6046,1,1,242,0,0,242,0,0,0,0,0
PAWN_AUDIT_ENTRY,6047,11955698980781524140,5321519353763372130,7069487948705693329,6229261835912489871,786,271,272,269,9,8,1,20,18446744073709534858,18446744073709549516,9,0,1,0,0,0,0,0,0,278,340,18446744073709152402,13,10548,0,0,0,2,18446744073709544573,18446744073709551030,18446744073709551030,278,5,1,1,13862688173940149393,2,0,9,68212776035824811,0,3,1,0
PAWN_AUDIT_RESULT,6047,1,1,167,0,0,167,0,0,0,0,0
PAWN_AUDIT_ENTRY,6048,5321519353763372130,10558289476949866695,7069487948705693329,11764479735749037756,770,271,272,269,9,8,1,22,18446744073709539620,18446744073709547675,9,0,1,0,0,0,0,0,0,278,340,18446744073709152402,13,10549,0,0,0,2,18446744073709546789,18446744073709550929,18446744073709551030,278,5,1,1,13862688173940149393,2,0,9,68212776035824811,0,3,1,0
PAWN_AUDIT_RESULT,6048,1,1,194,0,0,194,0,0,0,0,0
PAWN_AUDIT_ENTRY,6049,10558289476949866695,4867570874135399417,7069487948705693329,5414485040301906494,1,271,272,269,9,8,1,23,18446744073709536846,18446744073709548580,9,0,1,0,0,0,0,0,0,278,340,18446744073709152402,13,10550,0,0,0,4,18446744073709545477,18446744073709551030,18446744073709551030,278,5,1,1,13862688173940149393,2,0,9,68212776035824811,0,3,1,0
PAWN_AUDIT_RESULT,6049,1,1,253,0,0,253,0,0,0,0,0
PAWN_AUDIT_ENTRY,6050,4867570874135399417,1115558875717911118,7069487948705693329,4382146468440908355,454,271,272,269,9,8,1,25,18446744073709535324,18446744073709549179,9,0,1,0,0,0,0,0,0,278,340,18446744073709152402,13,10551,0,0,0,4,18446744073709544785,18446744073709551030,18446744073709551030,278,5,1,1,13862688173940149393,2,0,9,68212776035824811,0,3,1,0
PAWN_AUDIT_RESULT,6050,1,1,199,0,0,199,0,0,0,0,0
PAWN_AUDIT_ENTRY,6051,1115558875717911118,17801850218342817124,7069487948705693329,17743047352525498311,774,271,272,269,9,8,1,26,18446744073709535621,18446744073709548874,9,0,1,0,0,0,0,0,0,278,340,18446744073709152402,13,10552,0,0,0,2,18446744073709544920,18446744073709551030,18446744073709551030,278,5,1,1,13862688173940149393,2,0,9,68212776035824811,0,3,1,0
PAWN_AUDIT_RESULT,6051,1,1,168,0,0,168,0,0,0,0,0
PAWN_AUDIT_ENTRY,6052,17801850218342817124,1732127508213578298,7069487948705693329,8982513503709473122,453,271,272,269,9,8,1,28,18446744073709535267,18446744073709548874,9,0,1,0,0,0,0,0,0,278,340,18446744073709152402,13,10553,0,0,0,4,18446744073709544759,18446744073709551030,18446744073709551030,278,5,1,1,13862688173940149393,2,0,9,68212776035824811,0,3,1,0
PAWN_AUDIT_RESULT,6052,1,1,166,0,0,166,0,0,0,0,0
PAWN_AUDIT_ENTRY,6054,3029885836048247730,11423834283158417960,12340750149742515310,15751533694702457237,658,271,272,269,12,11,4,3,18446744073709545077,2960,7,0,1,0,0,0,0,1122,0,311,311,18446744073708313756,13,10558,0,0,0,1,18446744073709547816,1240,425,310,6,2,1,13862688173940149393,0,0,7,1404879533607925433,0,0,1,0
PAWN_AUDIT_RESULT,6054,4,4,167,0,0,167,0,0,0,0,0
PAWN_AUDIT_ENTRY,6055,11423834283158417960,8368709033417385081,12340750149742515310,7089735490367487433,1120,271,272,269,12,11,3,4,18446744073709539579,18446744073709548194,7,0,1,0,0,0,0,1122,0,311,311,18446744073708313756,13,10559,0,0,0,2,18446744073709546720,18446744073709551030,18446744073709551030,310,6,2,1,13862688173940149393,0,0,7,1404879533607925433,0,1,1,0
PAWN_AUDIT_RESULT,6055,3,3,196,0,0,196,0,0,0,0,0
PAWN_AUDIT_ENTRY,6057,10167697665139200792,7625120634277365505,12340750149742515310,15735694410900595691,1090,271,272,269,12,11,3,6,18446744073709539592,18446744073709546804,7,0,1,0,0,0,0,1122,0,311,311,18446744073708313756,13,10561,0,0,0,2,18446744073709546913,18446744073709551030,18446744073709550644,310,6,2,1,13862688173940149393,0,0,7,1404879533607925433,0,1,1,0
PAWN_AUDIT_RESULT,6057,3,3,214,0,0,214,0,0,0,0,0
PAWN_AUDIT_ENTRY,6058,7625120634277365505,13845345845643893010,12340750149742515310,13116942843027129916,736,271,272,269,12,11,3,7,18446744073709541792,18446744073709550651,7,0,1,0,0,0,0,1122,0,311,311,18446744073708313756,13,10562,0,0,0,3,18446744073709548978,18446744073709548529,18446744073709551027,310,6,2,1,13862688173940149393,0,0,7,1404879533607925433,0,1,1,0
PAWN_AUDIT_ENTRY,6067,14516812423450727602,9486215171821719849,13116942843027129916,210949636717097618,3827,18446744073709551344,18446744073709551345,18446744073709551129,12,11,7,3,18446744073709534550,18446744073709549386,8,0,0,0,0,0,0,0,0,18446744073709551289,18446744073709551302,9355463,13,10582,0,0,0,13,18446744073709544433,18446744073709551030,18446744073709551030,18446744073709551289,3,1,1,13862688173940149393,1,0,8,12340750149742515310,0,2,1,0
PAWN_AUDIT_RESULT,6067,7,7,-280,0,0,-280,0,3,3,0,0
PAWN_AUDIT_ENTRY,6074,1674114219447487299,6386006586521502423,13116942843027129916,13441163519081721377,1552,18446744073709551344,18446744073709551345,18446744073709551336,12,11,7,8,18446744073709543722,18446744073709550052,8,0,0,0,0,0,0,0,0,18446744073709551289,18446744073709551302,9355463,13,10595,0,0,0,9,18446744073709548644,18446744073709551030,18446744073709550947,18446744073709551289,3,1,1,13862688173940149393,1,0,8,12340750149742515310,0,0,1,0
PAWN_AUDIT_RESULT,6074,7,7,-409,0,0,-409,0,0,0,0,0
PAWN_AUDIT_ENTRY,6076,5409294917944879260,879390971160963960,13116942843027129916,14164311817363063885,3567,18446744073709551344,18446744073709551345,18446744073709551336,12,11,5,11,18446744073709541063,18446744073709550278,8,0,0,0,0,0,0,0,0,18446744073709551289,18446744073709551302,9355463,13,10599,0,0,0,9,18446744073709547022,18446744073709551030,182,18446744073709551289,3,1,1,13862688173940149393,1,0,8,12340750149742515310,0,0,1,0
PAWN_AUDIT_RESULT,6076,5,5,-464,0,0,-464,0,0,0,0,0
PAWN_AUDIT_ENTRY,6077,879390971160963960,2110717390855805009,13116942843027129916,2951689946623735497,3559,18446744073709551344,18446744073709551345,18446744073709551336,12,11,4,12,18446744073709534172,18446744073709550278,8,0,0,0,0,0,0,0,0,18446744073709551289,18446744073709551302,9355463,13,10600,0,0,0,9,18446744073709544767,18446744073709551030,18446744073709549988,18446744073709551289,3,1,1,13862688173940149393,1,0,8,12340750149742515310,0,0,1,0
PAWN_AUDIT_RESULT,6077,4,4,-445,0,0,-445,0,0,0,0,0
PAWN_AUDIT_ENTRY,6078,2110717390855805009,16685997532847346049,13116942843027129916,2275132357089760819,3437,18446744073709551344,18446744073709551345,18446744073709551336,12,11,4,13,18446744073709534249,18446744073709550278,8,0,0,0,0,0,0,0,0,18446744073709551289,18446744073709551302,9355463,13,10601,0,0,0,9,18446744073709544792,18446744073709551030,18446744073709550009,18446744073709551289,3,1,1,13862688173940149393,1,0,8,12340750149742515310,0,0,1,0
PAWN_AUDIT_RESULT,6078,4,4,-476,0,0,-476,0,0,0,0,0
PAWN_AUDIT_ENTRY,6079,16685997532847346049,9476172533422955946,13116942843027129916,10510305231095639496,3763,18446744073709551344,18446744073709551345,18446744073709551336,12,11,4,14,18446744073709535810,18446744073709550278,8,0,0,0,0,0,0,0,0,18446744073709551289,18446744073709551302,9355463,13,10602,0,0,0,11,18446744073709545006,18446744073709551030,18446744073709551030,18446744073709551289,3,1,1,13862688173940149393,1,0,8,12340750149742515310,0,2,1,0
PAWN_AUDIT_RESULT,6079,4,4,-515,0,0,-515,0,0,0,0,0
PAWN_AUDIT_ENTRY,6080,9476172533422955946,10850337795945577950,13116942843027129916,8506116068170681177,3390,18446744073709551344,18446744073709551345,18446744073709551336,12,11,4,16,18446744073709535465,18446744073709550278,8,0,0,0,0,0,0,0,0,18446744073709551289,18446744073709551302,9355463,13,10603,0,0,0,10,18446744073709544849,18446744073709551030,18446744073709551030,18446744073709551289,3,1,1,13862688173940149393,1,0,8,12340750149742515310,0,2,1,0
PAWN_AUDIT_RESULT,6080,4,4,-479,0,0,-479,0,0,0,0,0
PAWN_AUDIT_ENTRY,6081,10850337795945577950,7146481930767134602,13116942843027129916,8495786087782498003,3502,18446744073709551344,18446744073709551345,18446744073709551336,12,11,4,17,18446744073709534550,18446744073709550278,8,0,0,0,0,0,0,0,0,18446744073709551289,18446744073709551302,9355463,13,10604,0,0,0,9,18446744073709544433,18446744073709551030,18446744073709551030,18446744073709551289,3,1,1,13862688173940149393,1,0,8,12340750149742515310,0,0,1,0
PAWN_AUDIT_RESULT,6081,4,4,-526,0,0,-526,0,0,0,0,0
PAWN_AUDIT_ENTRY,6082,7146481930767134602,15501622256376529953,13116942843027129916,17670692002555467907,3494,18446744073709551344,18446744073709551345,18446744073709551336,12,11,4,18,18446744073709534550,18446744073709550278,8,0,0,0,0,0,0,0,0,18446744073709551289,18446744073709551302,9355463,13,10605,0,0,0,9,18446744073709544433,18446744073709551030,18446744073709551030,18446744073709551289,3,1,1,13862688173940149393,1,0,8,12340750149742515310,0,0,1,0
PAWN_AUDIT_RESULT,6082,4,4,-578,0,0,-578,0,0,0,0,0
PAWN_AUDIT_ENTRY,6083,15501622256376529953,9451404717478378779,13116942843027129916,5575727043127048613,3429,18446744073709551344,18446744073709551345,18446744073709551336,12,11,4,19,18446744073709534550,18446744073709550278,8,0,0,0,0,0,0,0,0,18446744073709551289,18446744073709551302,9355463,13,10606,0,0,0,9,18446744073709544433,18446744073709551030,18446744073709551030,18446744073709551289,3,1,1,13862688173940149393,1,0,8,12340750149742515310,0,0,1,0
PAWN_AUDIT_RESULT,6083,4,4,-590,0,0,-590,0,0,0,0,0
PAWN_AUDIT_ENTRY,6084,9451404717478378779,4717951358476756714,13116942843027129916,16555662918674276240,3112,18446744073709551344,18446744073709551345,18446744073709551336,12,11,4,20,18446744073709534583,18446744073709550278,8,0,0,0,0,0,0,0,0,18446744073709551289,18446744073709551302,9355463,13,10607,0,0,0,9,18446744073709544448,18446744073709551030,18446744073709551030,18446744073709551289,3,1,1,13862688173940149393,1,0,8,12340750149742515310,0,0,1,0
PAWN_AUDIT_RESULT,6084,4,4,-554,0,0,-554,0,0,0,0,0
PAWN_AUDIT_ENTRY,6085,4717951358476756714,7371310232512877823,13116942843027129916,12960260579079521531,3891,18446744073709551344,18446744073709551345,18446744073709551336,12,11,4,21,18446744073709534550,18446744073709549538,8,0,0,0,0,0,0,0,0,18446744073709551289,18446744073709551302,9355463,13,10608,0,0,0,14,18446744073709544433,18446744073709551030,18446744073709551030,18446744073709551289,3,1,1,13862688173940149393,1,0,8,12340750149742515310,0,2,1,0
PAWN_AUDIT_RESULT,6085,4,4,-771,0,0,-771,0,0,0,0,0
PAWN_AUDIT_ENTRY,6086,7371310232512877823,6235118515934419747,13116942843027129916,18158533532918484340,3641,18446744073709551344,18446744073709551345,18446744073709551336,12,11,4,22,18446744073709534965,18446744073709549234,8,0,0,0,0,0,0,0,0,18446744073709551289,18446744073709551302,9355463,13,10609,0,0,0,12,18446744073709544622,18446744073709551030,18446744073709551030,18446744073709551289,3,1,1,13862688173940149393,1,0,8,12340750149742515310,0,2,1,0
PAWN_AUDIT_RESULT,6086,4,4,-435,0,0,-435,0,0,0,0,0
PAWN_AUDIT_ENTRY,6087,6235118515934419747,10895943730460101721,13116942843027129916,11465982787821134944,4094,18446744073709551344,18446744073709551345,18446744073709551336,12,11,4,23,18446744073709534655,18446744073709548994,8,0,0,0,0,0,0,0,0,18446744073709551289,18446744073709551302,9355463,13,10610,0,0,0,12,18446744073709544481,18446744073709551030,18446744073709551030,18446744073709551289,3,1,1,13862688173940149393,1,0,8,12340750149742515310,0,2,1,0
PAWN_AUDIT_RESULT,6087,4,4,-528,0,0,-528,0,0,0,0,0
PAWN_AUDIT_ENTRY,6088,10895943730460101721,5845725309828340079,13116942843027129916,1218072410464536825,3761,18446744073709551344,18446744073709551345,18446744073709551336,12,11,4,24,18446744073709534635,18446744073709547455,8,0,0,0,0,0,0,0,0,18446744073709551289,18446744073709551302,9355463,13,10611,0,0,0,11,18446744073709544472,18446744073709551030,18446744073709551030,18446744073709551289,3,1,1,13862688173940149393,1,0,8,12340750149742515310,0,2,1,0
PAWN_AUDIT_RESULT,6088,4,4,-504,0,0,-504,0,0,0,0,0
PAWN_AUDIT_RESULT,6058,3,3,327,1,12,280,0,7,49,1,1
PAWN_AUDIT_ENTRY,6097,1885038937259988260,4467943854194978291,5655242154866951968,15286947052607519701,3752,18446744073709551344,18446744073709551345,18446744073709551301,11,10,6,2,18446744073709536872,6125,10,0,0,0,0,0,0,0,0,18446744073709551138,18446744073709551138,4611252,13,10633,0,0,0,11,550,18446744073709537676,18446744073709551030,18446744073709551274,3,1,1,3619664611334409215,2,0,10,10281285062053176727,0,3,1,0
PAWN_AUDIT_RESULT,6097,6,6,-273,0,0,-273,0,13,13,0,0
PAWN_AUDIT_ENTRY,6107,6364443651937402984,9941506504706836346,5655242154866951968,9728755915857905189,2462,18446744073709551344,18446744073709551345,18446744073709551343,11,10,7,3,18446744073709544987,18446744073709547879,10,0,0,0,0,0,0,0,0,18446744073709551138,18446744073709551138,4611252,13,10647,0,0,0,13,18446744073709549179,18446744073709551030,18446744073709551030,18446744073709551274,3,1,1,3619664611334409215,2,0,10,10281285062053176727,0,3,1,0
PAWN_AUDIT_RESULT,6107,7,7,-429,0,0,-429,0,0,0,0,0
PAWN_AUDIT_ENTRY,6108,9941506504706836346,6324957298714871327,5655242154866951968,1323628945068434777,2471,18446744073709551344,18446744073709551345,18446744073709551343,11,10,6,4,18446744073709544714,18446744073709547758,10,0,0,0,0,0,0,0,0,18446744073709551138,18446744073709551138,4611252,13,10648,0,0,0,13,18446744073709549055,18446744073709551030,18446744073709551030,18446744073709551274,3,1,1,3619664611334409215,2,0,10,10281285062053176727,0,3,1,0
PAWN_AUDIT_RESULT,6108,6,6,-422,0,0,-422,0,0,0,0,0
PAWN_AUDIT_ENTRY,6109,6324957298714871327,8468491316389646178,5655242154866951968,14878048822599861851,2478,18446744073709551344,18446744073709551345,18446744073709551343,11,10,6,5,18446744073709544714,18446744073709547758,10,0,0,0,0,0,0,0,0,18446744073709551138,18446744073709551138,4611252,13,10649,0,0,0,13,18446744073709549055,18446744073709551030,18446744073709551030,18446744073709551274,3,1,1,3619664611334409215,2,0,10,10281285062053176727,0,3,1,0
PAWN_AUDIT_RESULT,6109,6,6,-418,0,0,-418,0,0,0,0,0
PAWN_AUDIT_ENTRY,6110,8468491316389646178,676742450253609153,5655242154866951968,11990470614783332074,2479,18446744073709551344,18446744073709551345,18446744073709551343,11,10,6,6,18446744073709544714,18446744073709547758,10,0,0,0,0,0,0,0,0,18446744073709551138,18446744073709551138,4611252,13,10650,0,0,0,13,18446744073709549055,18446744073709551030,18446744073709551030,18446744073709551274,3,1,1,3619664611334409215,2,0,10,10281285062053176727,0,3,1,0
PAWN_AUDIT_RESULT,6110,6,6,-434,0,0,-434,0,0,0,0,0
PAWN_AUDIT_ENTRY,6111,676742450253609153,12645034834304863468,5655242154866951968,3211909013724400922,2420,18446744073709551344,18446744073709551345,18446744073709551343,11,10,6,7,18446744073709545389,18446744073709548739,10,0,0,0,0,0,0,0,0,18446744073709551138,18446744073709551138,4611252,13,10651,0,0,0,10,18446744073709544598,8941,18446744073709551030,18446744073709551274,3,1,1,3619664611334409215,2,0,10,10281285062053176727,0,3,1,0
PAWN_AUDIT_RESULT,6111,6,6,-511,0,0,-511,0,0,0,0,0
PAWN_AUDIT_ENTRY,6112,12645034834304863468,17861701928582431775,5655242154866951968,6149295862487182009,2399,18446744073709551344,18446744073709551345,18446744073709551343,11,10,6,8,18446744073709544354,18446744073709549298,10,0,0,0,0,0,0,0,0,18446744073709551138,18446744073709551138,4611252,13,10652,0,0,0,10,18446744073709548753,18446744073709551306,18446744073709551030,18446744073709551274,3,1,1,3619664611334409215,2,0,10,10281285062053176727,0,3,1,0
PAWN_AUDIT_ENTRY,6124,4886142281757565483,7858768891476575041,6149295862487182009,16154476827872785402,2052,271,272,160,8,7,1,5,18446744073709547219,18446744073709548874,11,0,1,0,0,0,0,0,0,269,400,18446744073693345987,13,10667,0,0,0,3,18446744073709550194,18446744073709551030,18446744073709551030,269,5,1,1,3619664611334409215,3,0,11,5655242154866951968,0,4,1,0
PAWN_AUDIT_RESULT,6124,1,1,208,0,0,208,0,0,0,0,0
PAWN_AUDIT_ENTRY,6125,7858768891476575041,10459361806749195551,6149295862487182009,18367862677169080956,1122,271,272,208,8,7,1,6,18446744073709544633,18446744073709548488,11,0,1,0,0,0,0,0,0,269,400,18446744073693345987,13,10668,0,0,0,2,18446744073709550445,18446744073709551030,18446744073709548090,269,5,1,1,3619664611334409215,3,0,11,5655242154866951968,0,4,1,0
PAWN_AUDIT_RESULT,6125,1,1,162,0,0,162,0,0,0,0,0
PAWN_AUDIT_ENTRY,6126,10459361806749195551,15815268356105674278,6149295862487182009,3693792013533959549,1,271,272,208,8,7,1,8,18446744073709536372,18446744073709550278,11,0,1,0,0,0,0,0,0,269,400,18446744073693345987,13,10669,0,0,0,4,18446744073709545384,18446744073709551030,18446744073709550778,269,5,1,1,3619664611334409215,3,0,11,5655242154866951968,0,4,1,0
PAWN_AUDIT_RESULT,6126,1,1,227,0,0,227,0,0,0,0,0
PAWN_AUDIT_ENTRY,6127,15815268356105674278,11222593457820083879,6149295862487182009,14533519114470811416,983,271,272,227,8,7,1,9,18446744073709536187,18446744073709550278,11,0,1,0,0,0,0,0,0,269,400,18446744073693345987,13,10670,0,0,0,1,18446744073709545560,18446744073709551030,18446744073709550242,269,5,1,1,3619664611334409215,3,0,11,5655242154866951968,0,0,1,0
PAWN_AUDIT_RESULT,6127,1,1,239,0,0,239,0,0,0,0,0
PAWN_AUDIT_ENTRY,6128,11222593457820083879,9632863274703965945,6149295862487182009,10782629366839904098,211,271,272,239,8,7,1,10,18446744073709535456,18446744073709550278,11,0,1,0,0,0,0,0,0,269,400,18446744073693345987,13,10671,0,0,0,5,18446744073709544845,18446744073709551030,18446744073709551030,269,5,1,1,3619664611334409215,3,0,11,5655242154866951968,0,4,1,0
PAWN_AUDIT_RESULT,6128,1,1,-31987,0,0,-31987,0,1,1,0,0
PAWN_AUDIT_ENTRY,6129,9632863274703965945,10549896812474408731,6149295862487182009,9773746341619419522,790,271,272,239,8,7,1,11,18446744073709533991,18446744073709549520,11,0,1,0,0,0,0,0,0,269,400,18446744073693345987,13,10673,0,0,0,2,18446744073709544961,18446744073709551030,18446744073709549419,269,5,1,1,3619664611334409215,3,0,11,5655242154866951968,0,4,1,0
PAWN_AUDIT_ENTRY,6134,10487429558361167988,10287709762032861935,9773746341619419522,4481167940600257494,3956,18446744073709551344,18446744073709551345,18446744073709551269,8,7,3,4,18446744073709544325,18446744073709550716,12,0,0,0,0,0,0,0,0,18446744073709551110,18446744073709551110,5014258,13,10682,0,0,0,11,18446744073709548878,18446744073709551030,18446744073709551030,18446744073709551285,2,1,1,3619664611334409215,4,0,12,6149295862487182009,0,5,1,0
PAWN_AUDIT_RESULT,6134,3,3,-357,0,0,-357,0,0,0,0,0
PAWN_AUDIT_ENTRY,6135,10287709762032861935,16483274426113242904,9773746341619419522,16442574457147052801,2461,18446744073709551344,18446744073709551345,18446744073709551274,8,7,3,6,18446744073709547219,18446744073709548874,12,0,0,0,0,0,0,0,0,18446744073709551110,18446744073709551110,5014258,13,10683,0,0,0,13,18446744073709550194,18446744073709551030,18446744073709551030,18446744073709551285,2,1,1,3619664611334409215,4,0,12,6149295862487182009,0,5,1,0
PAWN_AUDIT_RESULT,6135,3,3,-460,0,0,-460,0,0,0,0,0
PAWN_AUDIT_ENTRY,6137,9142939989910066219,12519048747299976862,9773746341619419522,11231447526197703747,2005,18446744073709551344,18446744073709551345,18446744073709551280,8,7,2,27,18446744073709550340,18446744073709550278,12,0,0,0,0,0,0,0,1,18446744073709551110,18446744073709551110,5014258,13,10685,0,0,0,10,18446744073709551613,18446744073709551030,18446744073709551030,18446744073709551285,2,1,1,3619664611334409215,4,0,12,6149295862487182009,0,5,1,0
PAWN_AUDIT_RESULT,6137,2,2,-1380,0,0,-1380,0,1,1,0,0
PAWN_AUDIT_RESULT,6129,1,1,331,1,8,336,0,2,13,1,1
PAWN_AUDIT_RESULT,6112,6,6,-269,1,9,-328,0,13,34,0,0
PAWN_AUDIT_ENTRY,6138,12519048747299976862,14129102160004874123,5655242154866951968,17863642522984633716,3956,18446744073709551344,18446744073709551345,18446744073709551343,11,10,4,9,18446744073709545705,18446744073709551495,10,0,0,0,0,0,0,0,0,18446744073709551138,18446744073709551138,4611252,13,10687,0,0,0,11,18446744073709549698,18446744073709550645,18446744073709551030,18446744073709551274,3,1,1,3619664611334409215,2,0,10,10281285062053176727,0,3,1,0
PAWN_AUDIT_RESULT,6138,4,4,-349,0,0,-349,0,0,0,0,0
PAWN_AUDIT_ENTRY,6139,14129102160004874123,4565222566031154337,5655242154866951968,2384171906142626482,2463,18446744073709551344,18446744073709551345,18446744073709551343,11,10,4,10,18446744073709545514,18446744073709548363,10,0,0,0,0,0,0,0,0,18446744073709551138,18446744073709551138,4611252,13,10688,0,0,0,13,18446744073709549673,18446744073709550521,18446744073709551030,18446744073709551274,3,1,1,3619664611334409215,2,0,10,10281285062053176727,0,3,1,0
PAWN_AUDIT_RESULT,6139,4,4,-390,0,0,-390,0,0,0,0,0
PAWN_AUDIT_ENTRY,6140,4565222566031154337,14054293182394163921,5655242154866951968,11163122869873604339,2484,18446744073709551344,18446744073709551345,18446744073709551343,11,10,4,11,18446744073709544277,18446744073709547758,10,0,0,0,0,0,0,0,0,18446744073709551138,18446744073709551138,4611252,13,10689,0,0,0,13,18446744073709549055,18446744073709550632,18446744073709551030,18446744073709551274,3,1,1,3619664611334409215,2,0,10,10281285062053176727,0,3,1,0
PAWN_AUDIT_RESULT,6140,4,4,-469,0,0,-469,0,0,0,0,0
PAWN_AUDIT_ENTRY,6142,15622579883950827088,14971496160871865191,5655242154866951968,4387196871272023377,3567,18446744073709551344,18446744073709551345,18446744073709551343,11,10,3,14,18446744073709537917,18446744073709550278,10,0,0,0,0,0,0,0,0,18446744073709551138,18446744073709551138,4611252,13,10692,0,0,0,9,18446744073709546510,18446744073709549938,18446744073709551030,18446744073709551274,3,1,1,3619664611334409215,2,0,10,10281285062053176727,0,0,1,0
PAWN_AUDIT_RESULT,6142,3,3,-408,0,0,-408,0,0,0,0,0
PAWN_AUDIT_ENTRY,6143,14971496160871865191,9801124425514012360,5655242154866951968,15025495567273670613,3559,18446744073709551344,18446744073709551345,18446744073709551343,11,10,3,15,18446744073709534545,18446744073709550278,10,0,0,0,0,0,0,0,0,18446744073709551138,18446744073709551138,4611252,13,10693,0,0,0,9,18446744073709546056,18446744073709547780,18446744073709551030,18446744073709551274,3,1,1,3619664611334409215,2,0,10,10281285062053176727,0,0,1,0
PAWN_AUDIT_RESULT,6143,3,3,-364,0,0,-364,0,0,0,0,0
PAWN_AUDIT_ENTRY,6144,9801124425514012360,7392720708469623169,5655242154866951968,7615534373486882004,3763,18446744073709551344,18446744073709551345,18446744073709551343,11,10,3,16,18446744073709534920,18446744073709550278,10,0,0,0,0,0,0,0,0,18446744073709551138,18446744073709551138,4611252,13,10694,0,0,0,11,18446744073709544892,18446744073709550449,18446744073709551030,18446744073709551274,3,1,1,3619664611334409215,2,0,10,10281285062053176727,0,3,1,0
PAWN_AUDIT_RESULT,6144,3,3,-450,0,0,-450,0,0,0,0,0
PAWN_AUDIT_ENTRY,6145,7392720708469623169,6128704606354424643,5655242154866951968,1401858514454545498,3641,18446744073709551344,18446744073709551345,18446744073709551343,11,10,3,17,18446744073709534444,18446744073709550278,10,0,0,0,0,0,0,0,0,18446744073709551138,18446744073709551138,4611252,13,10695,0,0,0,12,18446744073709544584,18446744073709550632,18446744073709551030,18446744073709551274,3,1,1,3619664611334409215,2,0,10,10281285062053176727,0,3,1,0
PAWN_AUDIT_RESULT,6145,3,3,-378,0,0,-378,0,0,0,0,0
PAWN_AUDIT_ENTRY,6146,6128704606354424643,4213954237788901678,5655242154866951968,14068468274765341795,4094,18446744073709551344,18446744073709551345,18446744073709551343,11,10,3,18,18446744073709534633,18446744073709550278,10,0,0,0,0,0,0,0,0,18446744073709551138,18446744073709551138,4611252,13,10696,0,0,0,12,18446744073709544471,18446744073709551030,18446744073709551030,18446744073709551274,3,1,1,3619664611334409215,2,0,10,10281285062053176727,0,3,1,0
PAWN_AUDIT_RESULT,6146,3,3,-455,0,0,-455,0,0,0,0,0
PAWN_AUDIT_ENTRY,6147,4213954237788901678,13314460947670086353,5655242154866951968,10202010697176448975,3502,18446744073709551344,18446744073709551345,18446744073709551343,11,10,3,19,18446744073709534165,18446744073709550278,10,0,0,0,0,0,0,0,0,18446744073709551138,18446744073709551138,4611252,13,10697,0,0,0,9,18446744073709544433,18446744073709550680,18446744073709551030,18446744073709551274,3,1,1,3619664611334409215,2,0,10,10281285062053176727,0,0,1,0
PAWN_AUDIT_RESULT,6147,3,3,-486,0,0,-486,0,0,0,0,0
PAWN_AUDIT_ENTRY,6148,13314460947670086353,13680799095305179545,5655242154866951968,16759227531791796709,3761,18446744073709551344,18446744073709551345,18446744073709551343,11,10,3,22,18446744073709533889,18446744073709550278,10,0,0,0,0,0,0,0,0,18446744073709551138,18446744073709551138,4611252,13,10698,0,0,0,11,18446744073709544464,18446744073709550367,18446744073709551030,18446744073709551274,3,1,1,3619664611334409215,2,0,10,10281285062053176727,0,3,1,0
PAWN_AUDIT_RESULT,6148,3,3,-421,0,0,-421,0,0,0,0,0
PAWN_AUDIT_ENTRY,6149,13680799095305179545,9116880219782189876,5655242154866951968,16708686743594981167,3437,18446744073709551344,18446744073709551345,18446744073709551343,11,10,3,23,18446744073709534241,18446744073709550278,10,0,0,0,0,0,0,0,0,18446744073709551138,18446744073709551138,4611252,13,10699,0,0,0,9,18446744073709544721,18446744073709550173,18446744073709551030,18446744073709551274,3,1,1,3619664611334409215,2,0,10,10281285062053176727,0,0,1,0
PAWN_AUDIT_RESULT,6149,3,3,-391,0,0,-391,0,0,0,0,0
PAWN_AUDIT_ENTRY,6150,9116880219782189876,5484025053654044989,5655242154866951968,11161325574647466118,2388,18446744073709551344,18446744073709551345,18446744073709551343,11,10,4,26,18446744073709548169,18446744073709550278,10,0,0,0,0,0,0,0,0,18446744073709551138,18446744073709551138,4611252,13,10700,0,0,0,10,18446744073709550626,18446744073709551030,18446744073709551030,18446744073709551274,3,1,1,3619664611334409215,2,0,10,10281285062053176727,0,3,1,0
PAWN_AUDIT_RESULT,6150,4,4,-674,0,0,-674,0,3,3,0,0
PAWN_AUDIT_ENTRY,6151,5484025053654044989,3986094790363675559,5655242154866951968,11057958281024971012,2411,18446744073709551344,18446744073709551345,18446744073709551343,11,10,4,28,18446744073709547219,18446744073709550278,10,0,0,0,0,0,0,0,0,18446744073709551138,18446744073709551138,4611252,13,10704,0,0,0,10,18446744073709550194,18446744073709551030,18446744073709551030,18446744073709551274,3,1,1,3619664611334409215,2,0,10,10281285062053176727,0,3,1,0
PAWN_AUDIT_RESULT,6151,4,4,-536,0,0,-536,0,0,0,0,0
PAWN_AUDIT_ENTRY,6152,3986094790363675559,5408207458948568649,9677563689184546980,3650259245374989322,3827,18446744073709551344,18446744073709551345,18446744073709551344,10,9,5,2,18446744073709539630,18446744073709550278,8,0,0,0,0,0,0,0,0,18446744073709550999,18446744073709550999,4085497,13,10705,0,0,1,13,18446744073709546743,18446744073709551030,18446744073709551030,18446744073709551273,9,1,1,3619664611334409215,0,0,8,8184914657592048771,0,1,1,0
PAWN_AUDIT_RESULT,6152,5,5,-390,0,0,-390,0,0,0,0,0
PAWN_AUDIT_ENTRY,6155,2332534998710082492,1223336797448348569,9677563689184546980,4602256720787882736,3956,18446744073709551344,18446744073709551345,18446744073709551344,10,9,5,8,18446744073709550984,499,8,0,0,0,0,0,0,0,0,18446744073709550999,18446744073709550999,4085497,13,10708,0,0,1,11,18446744073709550353,18446744073709551030,2613,18446744073709551273,9,1,1,3619664611334409215,0,0,8,8184914657592048771,0,1,1,0
PAWN_AUDIT_RESULT,6155,5,5,-501,0,0,-501,0,0,0,0,0
PAWN_AUDIT_ENTRY,6157,1213799464139726224,16514590566705611641,9677563689184546980,1779943007243804753,3559,18446744073709551344,18446744073709551345,18446744073709551344,10,9,3,11,18446744073709542332,18446744073709550278,8,0,0,0,0,0,0,0,0,18446744073709550999,18446744073709550999,4085497,13,10710,0,0,1,9,18446744073709546173,18446744073709551030,3120,18446744073709551273,9,1,1,3619664611334409215,0,0,8,8184914657592048771,0,0,1,0
PAWN_AUDIT_RESULT,6157,3,3,-472,0,0,-472,0,0,0,0,0
PAWN_AUDIT_ENTRY,6161,2985074864823387478,4465832804036305182,9677563689184546980,10124283445452415621,3929,18446744073709551344,18446744073709551345,18446744073709551344,10,9,2,27,18446744073709535579,18446744073709550278,8,0,0,0,0,0,0,0,1,18446744073709550999,18446744073709550999,4085497,13,10717,0,0,1,11,18446744073709544901,18446744073709551030,18446744073709551030,18446744073709551273,9,1,1,3619664611334409215,0,0,8,8184914657592048771,0,1,1,0
PAWN_AUDIT_RESULT,6161,2,2,-700,0,0,-700,0,0,0,0,0
PAWN_AUDIT_ENTRY,6171,16473097767260981575,11863218365924944429,13649237073183376213,2825592403714965408,3752,18446744073709551344,18446744073709551345,18446744073709551288,8,7,5,2,18446744073709548375,7840,10,0,0,0,0,0,0,2975,0,18446744073709551069,18446744073709551069,9858483,13,10744,0,0,0,11,5761,18446744073709537091,57,18446744073709551309,3,1,1,3619664611334409215,2,0,10,9060915076515324386,0,3,1,0
PAWN_AUDIT_RESULT,6171,5,5,-287,0,0,-287,0,8,8,0,0
PAWN_AUDIT_ENTRY,6176,14164165092613509222,18439371100618334792,13649237073183376213,6915956606375830495,2722,18446744073709551344,18446744073709551345,18446744073709551329,8,7,3,3,18446744073709549624,18446744073709550870,10,0,0,0,0,0,0,2975,0,18446744073709551069,18446744073709551069,9858483,13,10753,0,0,0,9,18446744073709551574,18446744073709550457,18446744073709551030,18446744073709551309,3,1,1,3619664611334409215,2,0,10,9060915076515324386,0,0,1,0
PAWN_AUDIT_RESULT,6176,3,3,-389,0,0,-389,0,0,0,0,0
PAWN_AUDIT_ENTRY,6177,18439371100618334792,15393297626159690707,13649237073183376213,11497471408248631099,2469,18446744073709551344,18446744073709551345,18446744073709551329,8,7,2,4,18446744073709545763,18446744073709549462,10,0,0,0,0,0,0,2975,0,18446744073709551069,18446744073709551069,9858483,13,10754,0,0,0,13,18446744073709549532,18446744073709551030,18446744073709551030,18446744073709551309,3,1,1,3619664611334409215,2,0,10,9060915076515324386,0,3,1,0
PAWN_AUDIT_RESULT,6177,2,2,-412,0,0,-412,0,0,0,0,0
PAWN_AUDIT_ENTRY,6178,15393297626159690707,4027838703858732401,13649237073183376213,358256284976746753,3956,18446744073709551344,18446744073709551345,18446744073709551329,8,7,2,5,18446744073709544573,18446744073709550336,10,0,0,0,0,0,0,2975,0,18446744073709551069,18446744073709551069,9858483,13,10755,0,0,0,11,18446744073709549183,18446744073709550645,18446744073709551030,18446744073709551309,3,1,1,3619664611334409215,2,0,10,9060915076515324386,0,3,1,0
PAWN_AUDIT_RESULT,6178,2,2,-380,0,0,-380,0,0,0,0,0
PAWN_AUDIT_ENTRY,6179,4027838703858732401,115036619109109299,13649237073183376213,15638222734316280980,2973,18446744073709551344,18446744073709551345,18446744073709551329,8,7,2,6,18446744073709544585,18446744073709550278,10,0,0,0,0,0,0,2975,0,18446744073709551069,18446744073709551069,9858483,13,10756,0,0,0,10,18446744073709548996,18446744073709551030,18446744073709551030,18446744073709551309,3,1,1,3619664611334409215,2,0,10,9060915076515324386,0,3,1,0
PAWN_AUDIT_RESULT,6179,2,2,-398,0,0,-398,0,0,0,0,0
PAWN_AUDIT_ENTRY,6180,115036619109109299,10673655097593280705,13649237073183376213,3211909013724400922,2996,18446744073709551344,18446744073709551345,18446744073709551329,8,7,2,7,18446744073709545747,18446744073709547650,10,0,0,0,0,0,0,2975,0,18446744073709551069,18446744073709551069,9858483,13,10757,0,0,0,10,18446744073709544761,8941,18446744073709551030,18446744073709551309,3,1,1,3619664611334409215,2,0,10,9060915076515324386,0,3,1,0
PAWN_AUDIT_RESULT,6180,2,2,-496,0,0,-496,0,0,0,0,0
PAWN_AUDIT_ENTRY,6182,7799193550888600549,1002372152559930989,13649237073183376213,15134038395426186951,2463,18446744073709551344,18446744073709551345,18446744073709551329,8,7,1,12,18446744073709544331,18446744073709547837,10,0,0,0,0,0,0,2975,0,18446744073709551069,18446744073709551069,9858483,13,10761,0,0,0,13,18446744073709549135,18446744073709550521,18446744073709551030,18446744073709551309,3,1,1,3619664611334409215,2,0,10,9060915076515324386,0,3,1,0
PAWN_AUDIT_RESULT,6182,1,1,-401,0,0,-401,0,0,0,0,0
PAWN_AUDIT_ENTRY,6183,1002372152559930989,14827225764175609441,8456982664086852817,13959174751809282175,3827,18446744073709551344,18446744073709551345,18446744073709551331,8,7,4,2,18446744073709542460,18446744073709551300,8,0,0,0,0,0,0,3814,0,18446744073709551188,18446744073709551061,13264840,13,10762,0,0,1,13,18446744073709548030,18446744073709551030,18446744073709551030,18446744073709551188,5,2,1,3619664611334409215,0,0,8,9405214252944439542,0,1,1,0
PAWN_AUDIT_RESULT,6183,4,4,-393,0,0,-393,0,0,0,0,0
PAWN_AUDIT_ENTRY,6186,17546385952876029251,2226083816401746747,8456982664086852817,14757768287436637829,3956,18446744073709551344,18446744073709551345,18446744073709551331,8,7,3,7,18446744073709550593,18446744073709550771,8,0,0,0,0,0,0,3814,0,18446744073709551188,18446744073709551061,13264840,13,10765,0,0,1,11,18446744073709549610,18446744073709551030,3778,18446744073709551188,5,2,1,3619664611334409215,0,0,8,9405214252944439542,0,1,1,0
PAWN_AUDIT_RESULT,6186,3,3,-504,0,0,-504,0,0,0,0,0
PAWN_AUDIT_ENTRY,6188,6610844223380950126,17733927753063506426,8456982664086852817,9191862425599076080,3929,18446744073709551344,18446744073709551345,18446744073709551331,8,7,1,25,18446744073709535579,18446744073709550278,8,0,0,0,0,0,0,3814,1,18446744073709551188,18446744073709551061,13264840,13,10767,0,0,1,11,18446744073709544901,18446744073709551030,18446744073709551030,18446744073709551188,5,2,1,3619664611334409215,0,0,8,9405214252944439542,0,1,1,0
PAWN_AUDIT_RESULT,6188,1,1,-888,0,0,-888,0,1,1,0,0
PAWN_AUDIT_ENTRY,6197,16178946693257895553,1887511199860030377,1404879533607925433,10196464174982219340,3559,18446744073709551344,18446744073709551345,18446744073709551344,13,12,4,6,18446744073709537202,1614,6,0,0,0,0,0,0,0,0,18446744073709551279,18446744073709551279,5966671,13,10781,0,0,0,9,18446744073709545709,18446744073709550917,18446744073709551002,18446744073709551326,9,1,1,15612587136633976202,1,0,6,3594867438442905760,0,0,1,0
PAWN_AUDIT_RESULT,6197,4,4,-318,0,0,-318,0,0,0,0,0
PAWN_AUDIT_ENTRY,6198,1887511199860030377,12022819860763460097,1404879533607925433,4866735191749205821,3817,18446744073709551344,18446744073709551345,18446744073709551344,13,12,5,7,18446744073709548969,18446744073709551445,6,0,0,0,0,0,0,0,0,18446744073709551279,18446744073709551279,5966671,13,10782,0,0,0,13,18446744073709550203,1989,18446744073709549998,18446744073709551326,9,1,1,15612587136633976202,1,0,6,3594867438442905760,0,2,1,0
PAWN_AUDIT_RESULT,6198,5,5,-324,0,0,-324,0,0,0,0,0
PAWN_AUDIT_ENTRY,6199,12022819860763460097,8390651281341247822,1404879533607925433,11008813953491444581,3826,18446744073709551344,18446744073709551345,18446744073709551344,13,12,4,8,18446744073709543319,18446744073709547208,6,0,0,0,0,0,0,0,0,18446744073709551279,18446744073709551279,5966671,13,10783,0,0,0,13,18446744073709548629,18446744073709551020,18446744073709550611,18446744073709551326,9,1,1,15612587136633976202,1,0,6,3594867438442905760,0,2,1,0
PAWN_AUDIT_RESULT,6199,4,4,-336,0,0,-336,0,0,0,0,0
PAWN_AUDIT_ENTRY,6200,8390651281341247822,2886919891861699280,1404879533607925433,13467302931724478134,3437,18446744073709551344,18446744073709551345,18446744073709551344,13,12,3,9,18446744073709533285,18446744073709549416,6,0,0,0,0,0,0,0,0,18446744073709551279,18446744073709551279,5966671,13,10784,0,0,0,9,18446744073709544689,18446744073709550693,18446744073709549665,18446744073709551326,9,1,1,15612587136633976202,1,0,6,3594867438442905760,0,0,1,0
PAWN_AUDIT_RESULT,6200,3,3,-377,0,0,-377,0,0,0,0,0
PAWN_AUDIT_ENTRY,6201,2886919891861699280,401982280490452332,1404879533607925433,15028657185765559894,3502,18446744073709551344,18446744073709551345,18446744073709551344,13,12,3,10,18446744073709534212,18446744073709549729,6,0,0,0,0,0,0,0,0,18446744073709551279,18446744073709551279,5966671,13,10785,0,0,0,9,18446744073709544433,18446744073709551030,18446744073709550714,18446744073709551326,9,1,1,15612587136633976202,1,0,6,3594867438442905760,0,0,1,0
PAWN_AUDIT_RESULT,6201,3,3,-413,0,0,-413,0,0,0,0,0
PAWN_AUDIT_ENTRY,6202,401982280490452332,14978299984141941381,1404879533607925433,7054364313269417160,3567,18446744073709551344,18446744073709551345,18446744073709551344,13,12,3,12,18446744073709536521,18446744073709548314,6,0,0,0,0,0,0,0,0,18446744073709551279,18446744073709551279,5966671,13,10786,0,0,0,9,18446744073709546134,18446744073709551030,18446744073709549372,18446744073709551326,9,1,1,15612587136633976202,1,0,6,3594867438442905760,0,0,1,0
PAWN_AUDIT_RESULT,6202,3,3,-338,0,0,-338,0,0,0,0,0
PAWN_AUDIT_ENTRY,6203,14978299984141941381,9159888148559275594,1404879533607925433,16723952627514525984,3429,18446744073709551344,18446744073709551345,18446744073709551344,13,12,2,13,18446744073709533757,18446744073709549469,6,0,0,0,0,0,0,0,0,18446744073709551279,18446744073709551279,5966671,13,10787,0,0,0,9,18446744073709544433,18446744073709551030,18446744073709550287,18446744073709551326,9,1,1,15612587136633976202,1,0,6,3594867438442905760,0,0,1,0
PAWN_AUDIT_RESULT,6203,2,2,-463,0,0,-463,0,0,0,0,0
PAWN_AUDIT_ENTRY,6204,9159888148559275594,9452954285874667817,1404879533607925433,4662945042241515285,3112,18446744073709551344,18446744073709551345,18446744073709551344,13,12,2,14,18446744073709533213,18446744073709549124,6,0,0,0,0,0,0,0,0,18446744073709551279,18446744073709551279,5966671,13,10788,0,0,0,9,18446744073709544445,18446744073709551030,18446744073709549753,18446744073709551326,9,1,1,15612587136633976202,1,0,6,3594867438442905760,0,0,1,0
PAWN_AUDIT_RESULT,6204,2,2,-385,0,0,-385,0,0,0,0,0
PAWN_AUDIT_ENTRY,6205,9452954285874667817,9428329434676215187,1404879533607925433,6446778006495477233,3641,18446744073709551344,18446744073709551345,18446744073709551344,13,12,2,15,18446744073709534488,18446744073709547645,6,0,0,0,0,0,0,0,0,18446744073709551279,18446744073709551279,5966671,13,10789,0,0,0,12,18446744073709544576,18446744073709551030,18446744073709550678,18446744073709551326,9,1,1,15612587136633976202,1,0,6,3594867438442905760,0,2,1,0
PAWN_AUDIT_RESULT,6205,2,2,-325,0,0,-325,0,0,0,0,0
PAWN_AUDIT_ENTRY,6206,9428329434676215187,5025702777064127264,1404879533607925433,15239150921806576604,3390,18446744073709551344,18446744073709551345,18446744073709551344,13,12,2,16,18446744073709534490,18446744073709545620,6,0,0,0,0,0,0,0,0,18446744073709551279,18446744073709551279,5966671,13,10790,0,0,0,10,18446744073709544766,18446744073709551030,18446744073709550288,18446744073709551326,9,1,1,15612587136633976202,1,0,6,3594867438442905760,0,2,1,0
PAWN_AUDIT_RESULT,6206,2,2,-385,0,0,-385,0,0,0,0,0
PAWN_AUDIT_ENTRY,6207,5025702777064127264,17360899886922607646,1404879533607925433,3795275068539673933,3763,18446744073709551344,18446744073709551345,18446744073709551344,13,12,2,17,18446744073709534780,18446744073709545607,6,0,0,0,0,0,0,0,0,18446744073709551279,18446744073709551279,5966671,13,10791,0,0,0,11,18446744073709544801,18446744073709551030,18446744073709550488,18446744073709551326,9,1,1,15612587136633976202,1,0,6,3594867438442905760,0,2,1,0
PAWN_AUDIT_RESULT,6207,2,2,-373,0,0,-373,0,0,0,0,0
PAWN_AUDIT_ENTRY,6208,17360899886922607646,6902372065357668364,1404879533607925433,12077226936994333207,3827,18446744073709551344,18446744073709551345,18446744073709551344,13,12,4,18,18446744073709550410,18446744073709545861,6,0,0,0,0,0,0,0,0,18446744073709551279,18446744073709551279,5966671,13,10792,0,0,0,13,219,18446744073709551030,18446744073709550638,18446744073709551326,9,1,1,15612587136633976202,1,0,6,3594867438442905760,0,2,1,0
PAWN_AUDIT_RESULT,6208,4,4,-354,0,0,-354,0,0,0,0,0
PAWN_AUDIT_ENTRY,6216,1453849416765766966,10240734163650776712,12789630306371456733,12272346123471708996,2021,18446744073709551344,18446744073709551345,18446744073709551344,6,5,3,2,18446744073709550543,464,8,0,0,0,0,0,0,0,0,18446744073709551173,18446744073709551173,6691221,13,10814,0,0,0,10,18446744073709549055,4715,18446744073709551030,32002,18446744073709551613,0,0,7155558057702101814,7,0,8,8190050511564188778,0,8,1,0
PAWN_AUDIT_RESULT,6216,3,3,-372,0,0,-372,0,0,0,0,0
PAWN_AUDIT_ENTRY,6217,10240734163650776712,5731704922737955732,12789630306371456733,6431282984811538225,2030,18446744073709551344,18446744073709551345,18446744073709551344,6,5,1,4,18446744073709547157,18446744073709551540,8,0,0,0,0,0,0,0,0,18446744073709551173,18446744073709551173,6691221,13,10815,0,0,0,10,18446744073709549055,1635,18446744073709551030,32002,18446744073709551613,0,0,7155558057702101814,7,0,8,8190050511564188778,0,8,1,0
PAWN_AUDIT_RESULT,6217,1,1,-370,0,0,-370,0,0,0,0,0
PAWN_AUDIT_ENTRY,6219,14672880636821234270,6269532503064492136,12789630306371456733,12466150166977360668,2005,18446744073709551344,18446744073709551345,18446744073709551344,6,5,1,11,18446744073709550340,18446744073709550278,8,0,0,0,0,0,0,0,1,18446744073709551173,18446744073709551173,6691221,13,10817,0,0,0,10,18446744073709551613,18446744073709551030,18446744073709551030,32002,18446744073709551613,0,0,7155558057702101814,7,0,8,8190050511564188778,0,8,1,0
PAWN_AUDIT_RESULT,6219,1,1,-1562,0,0,-1562,0,1,1,0,0
PAWN_AUDIT_ENTRY,6221,1355371230093332994,4614535552121392899,406675785204428518,10240278388624259898,3826,18446744073709551344,18446744073709551345,18446744073709551250,7,6,4,2,18446744073709549727,858,10,0,0,0,0,0,0,0,0,18446744073709551087,18446744073709551095,1025914,13,10824,0,0,1,13,18446744073709548256,3151,1907,18446744073709551087,0,1,1,6590781207201031980,0,0,10,2982219302150844491,0,1,1,0
PAWN_AUDIT_RESULT,6221,4,4,-328,0,0,-328,0,0,0,0,0
PAWN_AUDIT_ENTRY,6223,11960435891496759082,10406164815394977929,406675785204428518,14748563073811082234,53055,18446744073709551344,18446744073709551345,18446744073709551288,7,6,2,5,18446744073709544949,18446744073709550278,10,0,0,0,0,0,0,0,0,18446744073709551087,18446744073709551095,1025914,13,10826,0,0,1,14,18446744073709549973,18446744073709550588,18446744073709549814,18446744073709551087,0,1,1,6590781207201031980,0,0,10,2982219302150844491,0,1,1,0
PAWN_AUDIT_RESULT,6223,2,2,-366,0,0,-366,0,0,0,0,0
PAWN_AUDIT_ENTRY,6224,10406164815394977929,17396389726663333824,406675785204428518,12772493246008253000,3827,18446744073709551344,18446744073709551345,18446744073709551288,7,6,3,6,18446744073709548112,18446744073709548874,10,0,0,0,0,0,0,0,0,18446744073709551087,18446744073709551095,1025914,13,10827,0,0,1,13,18446744073709550600,18446744073709551030,18446744073709551030,18446744073709551087,0,1,1,6590781207201031980,0,0,10,2982219302150844491,0,1,1,0
PAWN_AUDIT_RESULT,6224,3,3,-431,0,0,-431,0,0,0,0,0
PAWN_AUDIT_ENTRY,6227,15822835571055380308,14744077685143635992,274013263634089634,13429278207098541302,3956,18446744073709551344,18446744073709551345,18446744073709551295,9,8,4,4,18446744073709543266,18446744073709550278,8,0,0,0,0,0,0,0,0,18446744073709551029,18446744073709551029,3037677,13,10830,0,0,1,11,18446744073709548587,18446744073709551030,18446744073709550637,18446744073709551191,3,1,1,90539969674375022,0,0,8,9805636434257584505,0,1,1,0
PAWN_AUDIT_RESULT,6227,4,4,-456,0,0,-456,0,0,0,0,0
PAWN_AUDIT_ENTRY,6228,14744077685143635992,13964718551322588547,274013263634089634,9832895190551352190,3826,18446744073709551344,18446744073709551345,18446744073709551295,9,8,4,5,18446744073709548317,18446744073709550278,8,0,0,0,0,0,0,0,0,18446744073709551029,18446744073709551029,3037677,13,10831,0,0,1,13,18446744073709550693,18446744073709551030,18446744073709551030,18446744073709551191,3,1,1,90539969674375022,0,0,8,9805636434257584505,0,1,1,0
PAWN_AUDIT_RESULT,6228,4,4,-450,0,0,-450,0,0,0,0,0
PAWN_AUDIT_ENTRY,6242,10278742591340247165,4944769108780035133,15908174762366562548,8607576673790136369,2193,271,272,268,7,6,1,4,18446744073709545415,37,9,0,1,0,0,0,0,0,0,121,121,18446744073707225314,13,10854,0,0,1,2,18446744073709551063,18446744073709547651,18446744073709551030,268,5,1,1,15030537116760826319,0,0,9,274013263634089634,0,1,1,0
PAWN_AUDIT_RESULT,6242,1,1,178,0,0,178,0,0,0,0,0
PAWN_AUDIT_ENTRY,6243,4944769108780035133,8283341573432289970,15908174762366562548,1022548198765188047,790,271,272,268,7,6,1,7,18446744073709543254,18446744073709548874,9,0,1,0,0,0,0,0,0,121,121,18446744073707225314,13,10855,0,0,1,2,18446744073709548529,18446744073709550754,18446744073709551030,268,5,1,1,15030537116760826319,0,0,9,274013263634089634,0,1,1,0
PAWN_AUDIT_RESULT,6243,1,1,133,0,0,133,0,0,0,0,0
PAWN_AUDIT_ENTRY,6244,8283341573432289970,436863527321953075,15908174762366562548,8967492048422357758,601,271,272,268,7,6,1,9,18446744073709542115,18446744073709550278,9,0,1,0,0,0,0,0,0,121,121,18446744073707225314,13,10856,0,0,1,1,18446744073709547873,18446744073709551030,18446744073709551030,268,5,1,1,15030537116760826319,0,0,9,274013263634089634,0,0,1,0
PAWN_AUDIT_RESULT,6244,1,1,163,0,0,163,0,0,0,0,0
PAWN_AUDIT_ENTRY,6245,436863527321953075,15477884824141235725,15908174762366562548,6039348358410532063,2200,271,272,268,7,6,1,10,18446744073709544734,18446744073709548885,9,0,1,0,0,0,0,0,0,121,121,18446744073707225314,13,10857,0,0,1,2,18446744073709549064,18446744073709551030,18446744073709551030,268,5,1,1,15030537116760826319,0,0,9,274013263634089634,0,1,1,0
PAWN_AUDIT_RESULT,6245,1,1,151,0,0,151,0,0,0,0,0
PAWN_AUDIT_ENTRY,6255,8106740232542636599,11702856610879361040,5962675718956266985,16598687604711686471,3827,18446744073709551344,18446744073709551345,18446744073709551331,9,8,1,8,18446744073709545431,18446744073709547758,8,0,0,0,0,0,0,0,0,18446744073709551030,18446744073709551030,367653,13,10875,0,0,1,13,18446744073709549381,18446744073709551030,18446744073709551030,18446744073709551331,4,1,1,6590781207201031980,0,0,8,9805636434257584505,0,1,1,0
PAWN_AUDIT_RESULT,6255,1,1,-446,0,0,-446,0,0,0,0,0
PAWN_AUDIT_ENTRY,6256,11702856610879361040,17812758964127006447,7675579946759160307,17616708527975592198,3559,18446744073709551344,18446744073709551345,18446744073709551344,13,12,6,4,18446744073709541157,18446744073709548887,6,0,0,0,0,0,0,0,0,18446744073709551235,18446744073709551235,5855998,13,10876,0,0,0,9,18446744073709545695,18446744073709550917,3120,18446744073709551297,9,1,1,7155558057702101814,5,0,6,5195335201396996074,0,0,1,0
PAWN_AUDIT_RESULT,6256,6,6,-328,0,0,-328,0,0,0,0,0
PAWN_AUDIT_ENTRY,6258,14623369849888407005,1617920122090827285,7675579946759160307,15210414847324197799,3956,18446744073709551344,18446744073709551345,18446744073709551344,13,12,6,6,18446744073709545410,18446744073709547191,6,0,0,0,0,0,0,0,0,18446744073709551235,18446744073709551235,5855998,13,10878,0,0,0,11,18446744073709547766,18446744073709551135,2613,18446744073709551297,9,1,1,7155558057702101814,5,0,6,5195335201396996074,0,6,1,0
PAWN_AUDIT_RESULT,6258,6,6,-340,0,0,-340,0,0,0,0,0
PAWN_AUDIT_ENTRY,6259,1617920122090827285,4786754297735646095,7675579946759160307,16024067904627029341,3827,18446744073709551344,18446744073709551345,18446744073709551344,13,12,5,7,18446744073709543481,18446744073709547096,6,0,0,0,0,0,0,0,0,18446744073709551235,18446744073709551235,5855998,13,10879,0,0,0,13,18446744073709548494,18446744073709551030,18446744073709551030,18446744073709551297,9,1,1,7155558057702101814,5,0,6,5195335201396996074,0,6,1,0
PAWN_AUDIT_RESULT,6259,5,5,-366,0,0,-366,0,0,0,0,0
PAWN_AUDIT_ENTRY,6262,9909775677630538195,491541575984644596,7675579946759160307,14060090275202077180,3437,18446744073709551344,18446744073709551345,18446744073709551344,13,12,4,10,18446744073709534389,18446744073709548979,6,0,0,0,0,0,0,0,0,18446744073709551235,18446744073709551235,5855998,13,10883,0,0,0,9,18446744073709544638,18446744073709550693,18446744073709550804,18446744073709551297,9,1,1,7155558057702101814,5,0,6,5195335201396996074,0,0,1,0
PAWN_AUDIT_RESULT,6262,4,4,-369,0,0,-369,0,0,0,0,0
PAWN_AUDIT_ENTRY,6263,491541575984644596,4126664047844499418,7675579946759160307,4210897444201900151,3817,18446744073709551344,18446744073709551345,18446744073709551344,13,12,5,11,18446744073709545148,18446744073709547545,6,0,0,0,0,0,0,0,0,18446744073709551235,18446744073709551235,5855998,13,10884,0,0,0,13,18446744073709549990,1989,18446744073709546857,18446744073709551297,9,1,1,7155558057702101814,5,0,6,5195335201396996074,0,6,1,0
PAWN_AUDIT_RESULT,6263,5,5,-343,0,0,-343,0,0,0,0,0
PAWN_AUDIT_ENTRY,6264,4126664047844499418,12862178212120381606,7675579946759160307,5009320290348518838,2390,18446744073709551344,18446744073709551345,18446744073709551344,13,12,5,12,18446744073709547752,18446744073709550278,6,0,0,0,0,0,0,0,0,18446744073709551235,18446744073709551235,5855998,13,10885,0,0,0,10,18446744073709550436,18446744073709551030,18446744073709551030,18446744073709551297,9,1,1,7155558057702101814,5,0,6,5195335201396996074,0,6,1,0
PAWN_AUDIT_RESULT,6264,5,5,-463,0,0,-463,0,0,0,0,0
PAWN_AUDIT_ENTRY,6265,12862178212120381606,9207697538245812293,7675579946759160307,1737302876075983746,3567,18446744073709551344,18446744073709551345,18446744073709551344,13,12,4,13,18446744073709538023,18446744073709548712,6,0,0,0,0,0,0,0,0,18446744073709551235,18446744073709551235,5855998,13,10886,0,0,0,9,18446744073709545967,18446744073709551030,18446744073709551123,18446744073709551297,9,1,1,7155558057702101814,5,0,6,5195335201396996074,0,0,1,0
PAWN_AUDIT_RESULT,6265,4,4,-353,0,0,-353,0,0,0,0,0
PAWN_AUDIT_ENTRY,6266,9207697538245812293,7386814487794382230,7675579946759160307,12207716115311638812,3502,18446744073709551344,18446744073709551345,18446744073709551344,13,12,3,14,18446744073709534354,18446744073709548992,6,0,0,0,0,0,0,0,0,18446744073709551235,18446744073709551235,5855998,13,10887,0,0,0,9,18446744073709544433,18446744073709551030,18446744073709550847,18446744073709551297,9,1,1,7155558057702101814,5,0,6,5195335201396996074,0,0,1,0
PAWN_AUDIT_RESULT,6266,3,3,-451,0,0,-451,0,0,0,0,0
PAWN_AUDIT_ENTRY,6267,7386814487794382230,3894651765363225601,7675579946759160307,3006000534435569484,3494,18446744073709551344,18446744073709551345,18446744073709551344,13,12,3,15,18446744073709534392,18446744073709548989,6,0,0,0,0,0,0,0,0,18446744073709551235,18446744073709551235,5855998,13,10888,0,0,0,9,18446744073709544433,18446744073709551030,18446744073709550882,18446744073709551297,9,1,1,7155558057702101814,5,0,6,5195335201396996074,0,0,1,0
PAWN_AUDIT_RESULT,6267,3,3,-472,0,0,-472,0,0,0,0,0
PAWN_AUDIT_ENTRY,6268,3894651765363225601,12572441353737851544,7675579946759160307,4869173873890780079,4094,18446744073709551344,18446744073709551345,18446744073709551344,13,12,3,16,18446744073709534616,18446744073709547758,6,0,0,0,0,0,0,0,0,18446744073709551235,18446744073709551235,5855998,13,10889,0,0,0,12,18446744073709544463,18446744073709551030,18446744073709551030,18446744073709551297,9,1,1,7155558057702101814,5,0,6,5195335201396996074,0,6,1,0
PAWN_AUDIT_RESULT,6268,3,3,-403,0,0,-403,0,0,0,0,0
PAWN_AUDIT_ENTRY,6269,12572441353737851544,7469166885121787155,7675579946759160307,2345688510761863867,3641,18446744073709551344,18446744073709551345,18446744073709551344,13,12,3,17,18446744073709534851,18446744073709547704,6,0,0,0,0,0,0,0,0,18446744073709551235,18446744073709551235,5855998,13,10890,0,0,0,12,18446744073709544570,18446744073709551030,18446744073709551030,18446744073709551297,9,1,1,7155558057702101814,5,0,6,5195335201396996074,0,6,1,0
PAWN_AUDIT_RESULT,6269,3,3,-340,0,0,-340,0,0,0,0,0
PAWN_AUDIT_ENTRY,6270,7469166885121787155,7882946768434325308,7675579946759160307,13658175176939726807,2411,18446744073709551344,18446744073709551345,18446744073709551344,13,12,4,18,18446744073709544714,18446744073709550278,6,0,0,0,0,0,0,0,0,18446744073709551235,18446744073709551235,5855998,13,10891,0,0,0,10,18446744073709549055,18446744073709551030,18446744073709551030,18446744073709551297,9,1,1,7155558057702101814,5,0,6,5195335201396996074,0,6,1,0
PAWN_AUDIT_RESULT,6270,4,4,-405,0,0,-405,0,0,0,0,0
PAWN_AUDIT_ENTRY,6271,7882946768434325308,4851773936986779787,7675579946759160307,5571383354465430023,3763,18446744073709551344,18446744073709551345,18446744073709551344,13,12,3,19,18446744073709535198,18446744073709547533,6,0,0,0,0,0,0,0,0,18446744073709551235,18446744073709551235,5855998,13,10892,0,0,0,11,18446744073709544728,18446744073709551030,18446744073709551030,18446744073709551297,9,1,1,7155558057702101814,5,0,6,5195335201396996074,0,6,1,0
PAWN_AUDIT_RESULT,6271,3,3,-337,0,0,-337,0,0,0,0,0
PAWN_AUDIT_ENTRY,6272,4851773936986779787,14921516849449671177,7675579946759160307,6190819420440169032,3892,18446744073709551344,18446744073709551345,18446744073709551344,13,12,3,20,18446744073709534550,18446744073709547186,6,0,0,0,0,0,0,0,0,18446744073709551235,18446744073709551235,5855998,13,10893,0,0,0,14,18446744073709544433,18446744073709551030,18446744073709551030,18446744073709551297,9,1,1,7155558057702101814,5,0,6,5195335201396996074,0,6,1,0
PAWN_AUDIT_RESULT,6272,3,3,-581,0,0,-581,0,0,0,0,0
PAWN_AUDIT_ENTRY,6273,14921516849449671177,6860819770223063412,7675579946759160307,12537698322671897246,3807,18446744073709551344,18446744073709551345,18446744073709551344,13,12,3,21,18446744073709534556,18446744073709547154,6,0,0,0,0,0,0,0,0,18446744073709551235,18446744073709551235,5855998,13,10894,0,0,0,13,18446744073709544436,18446744073709551030,18446744073709551030,18446744073709551297,9,1,1,7155558057702101814,5,0,6,5195335201396996074,0,6,1,0
PAWN_AUDIT_RESULT,6273,3,3,-337,0,0,-337,0,0,0,0,0
PAWN_AUDIT_ENTRY,6274,6860819770223063412,17947358872776971689,7675579946759160307,8021338762577806132,3891,18446744073709551344,18446744073709551345,18446744073709551344,13,12,3,22,18446744073709534550,18446744073709547092,6,0,0,0,0,0,0,0,0,18446744073709551235,18446744073709551235,5855998,13,10895,0,0,0,14,18446744073709544433,18446744073709551030,18446744073709551030,18446744073709551297,9,1,1,7155558057702101814,5,0,6,5195335201396996074,0,6,1,0
PAWN_AUDIT_RESULT,6274,3,3,-502,0,0,-502,0,0,0,0,0
PAWN_AUDIT_ENTRY,6275,17947358872776971689,675437823421092841,7675579946759160307,1586389257354518239,3828,18446744073709551344,18446744073709551345,18446744073709551344,13,12,3,23,18446744073709534181,18446744073709547176,6,0,0,0,0,0,0,0,0,18446744073709551235,18446744073709551235,5855998,13,10896,0,0,0,13,18446744073709544436,18446744073709550689,18446744073709551030,18446744073709551297,9,1,1,7155558057702101814,5,0,6,5195335201396996074,0,6,1,0
PAWN_AUDIT_RESULT,6275,3,3,-398,0,0,-398,0,0,0,0,0
PAWN_AUDIT_ENTRY,6276,675437823421092841,2178562334843424637,7675579946759160307,4573508565895310484,2415,18446744073709551344,18446744073709551345,18446744073709551344,13,12,3,24,18446744073709534053,18446744073709547036,6,0,0,0,0,0,0,0,0,18446744073709551235,18446744073709551235,5855998,13,10897,0,0,0,10,18446744073709544760,18446744073709550724,18446744073709550206,18446744073709551297,9,1,1,7155558057702101814,5,0,6,5195335201396996074,0,6,1,0
PAWN_AUDIT_RESULT,6276,3,3,-426,0,0,-426,0,0,0,0,0
PAWN_AUDIT_ENTRY,6277,2178562334843424637,2910141440772519983,7675579946759160307,14729844091965427510,3761,18446744073709551344,18446744073709551345,18446744073709551344,13,12,3,25,18446744073709534602,18446744073709546758,6,0,0,0,0,0,0,0,0,18446744073709551235,18446744073709551235,5855998,13,10898,0,0,0,11,18446744073709544457,18446744073709551030,18446744073709551030,18446744073709551297,9,1,1,7155558057702101814,5,0,6,5195335201396996074,0,6,1,0
PAWN_AUDIT_RESULT,6277,3,3,-363,0,0,-363,0,0,0,0,0
PAWN_AUDIT_ENTRY,6302,11950256914321403429,10999256982543866662,8864278589967033612,783530649800909047,658,271,272,271,6,5,1,5,18446744073709542341,18446744073709550278,7,0,1,0,0,0,0,0,0,283,283,18446744073705800023,13,10952,0,0,0,1,18446744073709545898,3459,18446744073709551144,32002,18446744073709551613,0,0,2389506676643522672,0,0,7,11066895973021762950,0,0,1,0
PAWN_AUDIT_RESULT,6302,1,1,203,0,0,203,0,0,0,0,0
PAWN_AUDIT_ENTRY,6303,10999256982543866662,7342450373439759931,8864278589967033612,12245811766620702263,790,271,272,271,6,5,1,7,18446744073709545550,18446744073709550278,7,0,1,0,0,0,0,0,0,283,283,18446744073705800023,13,10953,0,0,0,2,18446744073709547557,18446744073709550905,3412,32002,18446744073709551613,0,0,2389506676643522672,0,0,7,11066895973021762950,0,1,1,0
PAWN_AUDIT_RESULT,6303,1,1,223,0,0,223,0,0,0,0,0
PAWN_AUDIT_ENTRY,6304,7342450373439759931,1522379324334112050,8864278589967033612,15627807046405268393,194,271,272,271,6,5,1,9,18446744073709536500,18446744073709550278,7,0,1,0,0,0,0,0,0,283,283,18446744073705800023,13,10954,0,0,0,5,18446744073709545460,18446744073709551030,18446744073709550741,32002,18446744073709551613,0,0,2389506676643522672,0,0,7,11066895973021762950,0,1,1,0
PAWN_AUDIT_RESULT,6304,1,1,215,0,0,215,0,0,0,0,0
PAWN_AUDIT_ENTRY,6305,1522379324334112050,11846887446099522919,8864278589967033612,17049689044999976416,724,271,272,271,6,5,1,10,18446744073709536264,18446744073709550278,7,0,1,0,0,0,0,0,0,283,283,18446744073705800023,13,10955,0,0,0,3,18446744073709545286,18446744073709551030,18446744073709550879,32002,18446744073709551613,0,0,2389506676643522672,0,0,7,11066895973021762950,0,1,1,0
PAWN_AUDIT_RESULT,6305,1,1,211,0,0,211,0,0,0,0,0
PAWN_AUDIT_ENTRY,6306,11846887446099522919,13545291209876441936,8864278589967033612,16232651129528708332,193,271,272,271,6,5,1,11,18446744073709536143,18446744073709550278,7,0,1,0,0,0,0,0,0,283,283,18446744073705800023,13,10956,0,0,0,5,18446744073709545271,18446744073709551030,18446744073709550796,32002,18446744073709551613,0,0,2389506676643522672,0,0,7,11066895973021762950,0,1,1,0
PAWN_AUDIT_RESULT,6306,1,1,179,0,0,179,0,0,0,0,0
PAWN_AUDIT_ENTRY,6307,13545291209876441936,10935400680713363876,8864278589967033612,11344269548444572952,2,271,272,271,6,5,1,12,18446744073709536165,18446744073709550278,7,0,1,0,0,0,0,0,0,283,283,18446744073705800023,13,10957,0,0,0,4,18446744073709545234,18446744073709551030,18446744073709550893,32002,18446744073709551613,0,0,2389506676643522672,0,0,7,11066895973021762950,0,1,1,0
PAWN_AUDIT_RESULT,6307,1,1,230,0,0,230,0,0,0,0,0
PAWN_AUDIT_ENTRY,6308,10935400680713363876,4907635004129108905,8864278589967033612,12836618297948556459,1120,271,272,271,6,5,1,13,18446744073709536940,18446744073709550278,7,0,1,0,0,0,0,0,0,283,283,18446744073705800023,13,10958,0,0,0,2,18446744073709545843,18446744073709551030,18446744073709550364,32002,18446744073709551613,0,0,2389506676643522672,0,0,7,11066895973021762950,0,1,1,0
PAWN_AUDIT_RESULT,6308,1,1,198,0,0,198,0,0,0,0,0
PAWN_AUDIT_ENTRY,6309,4907635004129108905,656519124615799580,8864278589967033612,731679062996669065,1090,271,272,271,6,5,1,14,18446744073709537128,18446744073709550278,7,0,1,0,0,0,0,0,0,283,283,18446744073705800023,13,10959,0,0,0,2,18446744073709546051,18446744073709551030,18446744073709550112,32002,18446744073709551613,0,0,2389506676643522672,0,0,7,11066895973021762950,0,1,1,0
PAWN_AUDIT_RESULT,6309,1,1,184,0,0,184,0,0,0,0,0
PAWN_AUDIT_ENTRY,6310,656519124615799580,4032634625961699320,8864278589967033612,6456073842518217493,706,271,272,271,6,5,1,15,18446744073709535980,18446744073709550278,7,0,1,0,0,0,0,0,0,283,283,18446744073705800023,13,10960,0,0,0,3,18446744073709545137,18446744073709551030,18446744073709550920,32002,18446744073709551613,0,0,2389506676643522672,0,0,7,11066895973021762950,0,1,1,0
PAWN_AUDIT_RESULT,6310,1,1,175,0,0,175,0,0,0,0,0
PAWN_AUDIT_ENTRY,6311,4032634625961699320,17597051141289942761,8864278589967033612,14741510695815267802,722,271,272,271,6,5,1,17,18446744073709536251,18446744073709550278,7,0,1,0,0,0,0,0,0,283,283,18446744073705800023,13,10961,0,0,0,3,18446744073709545545,18446744073709551030,18446744073709550333,32002,18446744073709551613,0,0,2389506676643522672,0,0,7,11066895973021762950,0,1,1,0
PAWN_AUDIT_RESULT,6311,1,1,225,0,0,225,0,0,0,0,0
PAWN_AUDIT_ENTRY,6312,17597051141289942761,4361674727249009675,8864278589967033612,9353973717182925671,797,271,272,271,6,5,1,25,18446744073709543425,18446744073709549755,7,0,1,0,0,0,0,0,0,283,283,18446744073705800023,13,10962,0,0,0,2,18446744073709548161,89,18446744073709550969,32002,18446744073709551613,0,0,2389506676643522672,0,0,7,11066895973021762950,0,1,1,0
PAWN_AUDIT_RESULT,6312,1,1,218,0,0,218,0,0,0,0,0
PAWN_AUDIT_ENTRY,6318,1894830379748852431,14543124060694327397,8864278589967033612,783530649800909047,658,271,272,271,7,6,1,5,18446744073709541703,18446744073709550278,7,0,1,0,0,0,0,0,0,271,277,18446744073705065720,13,10972,0,0,0,1,18446744073709545608,3459,18446744073709551144,271,6,1,1,2389506676643522672,0,0,7,11066895973021762950,0,0,1,0
PAWN_AUDIT_RESULT,6318,1,1,203,0,0,203,0,0,0,0,0
PAWN_AUDIT_ENTRY,6319,14543124060694327397,8731837831195894887,8864278589967033612,11344269548444572952,2,271,272,271,7,6,1,9,18446744073709535989,18446744073709549571,7,0,1,0,0,0,0,0,0,271,277,18446744073705065720,13,10973,0,0,0,4,18446744073709545154,18446744073709551030,18446744073709550893,271,6,1,1,2389506676643522672,0,0,7,11066895973021762950,0,1,1,0
PAWN_AUDIT_RESULT,6319,1,1,230,0,0,230,0,0,0,0,0
PAWN_AUDIT_ENTRY,6320,8731837831195894887,7095933603248547991,8864278589967033612,5925609870677541283,1,271,272,271,7,6,1,10,18446744073709535385,18446744073709550278,7,0,1,0,0,0,0,0,0,271,277,18446744073705065720,13,10974,0,0,0,4,18446744073709545019,18446744073709550964,18446744073709550673,271,6,1,1,2389506676643522672,0,0,7,11066895973021762950,0,1,1,0
PAWN_AUDIT_RESULT,6320,1,1,229,0,0,229,0,0,0,0,0
PAWN_AUDIT_ENTRY,6321,7095933603248547991,9953125360462707945,8864278589967033612,15627807046405268393,194,271,272,271,7,6,1,11,18446744073709536122,18446744073709549092,7,0,1,0,0,0,0,0,0,271,277,18446744073705065720,13,10975,0,0,0,5,18446744073709545288,18446744073709551030,18446744073709550741,271,6,1,1,2389506676643522672,0,0,7,11066895973021762950,0,1,1,0
PAWN_AUDIT_RESULT,6321,1,1,215,0,0,215,0,0,0,0,0
PAWN_AUDIT_ENTRY,6322,9953125360462707945,14965797077173534911,8864278589967033612,12245811766620702263,790,271,272,271,7,6,1,12,18446744073709544655,18446744073709549353,7,0,1,0,0,0,0,0,0,271,277,18446744073705065720,13,10976,0,0,0,2,18446744073709547150,18446744073709550905,3412,271,6,1,1,2389506676643522672,0,0,7,11066895973021762950,0,1,1,0
PAWN_AUDIT_RESULT,6322,1,1,223,0,0,223,0,0,0,0,0
PAWN_AUDIT_ENTRY,6323,14965797077173534911,10366419317675729058,8864278589967033612,14741510695815267802,722,271,272,271,7,6,1,13,18446744073709535950,18446744073709549407,7,0,1,0,0,0,0,0,0,271,277,18446744073705065720,13,10977,0,0,0,3,18446744073709545408,18446744073709551030,18446744073709550333,271,6,1,1,2389506676643522672,0,0,7,11066895973021762950,0,1,1,0
PAWN_AUDIT_RESULT,6323,1,1,225,0,0,225,0,0,0,0,0
PAWN_AUDIT_ENTRY,6324,10366419317675729058,1792298072778283520,8864278589967033612,16709446200480753837,983,271,272,271,7,6,1,14,18446744073709535501,18446744073709550278,7,0,1,0,0,0,0,0,0,271,277,18446744073705065720,13,10978,0,0,0,1,18446744073709545149,18446744073709550977,18446744073709550501,271,6,1,1,2389506676643522672,0,0,7,11066895973021762950,0,0,1,0
PAWN_AUDIT_RESULT,6324,1,1,232,0,0,232,0,0,0,0,0
PAWN_AUDIT_ENTRY,6325,1792298072778283520,12523922659371528645,8864278589967033612,1619892448247527086,861,271,272,271,7,6,1,15,18446744073709535122,18446744073709550278,7,0,1,0,0,0,0,0,0,271,277,18446744073705065720,13,10979,0,0,0,1,18446744073709544791,18446744073709550999,18446744073709550861,271,6,1,1,2389506676643522672,0,0,7,11066895973021762950,0,0,1,0
PAWN_AUDIT_RESULT,6325,1,1,255,0,0,255,0,0,0,0,0
PAWN_AUDIT_ENTRY,6326,12523922659371528645,18047185355082008052,8864278589967033612,5723278111351648274,786,271,272,271,7,6,1,16,18446744073709534748,18446744073709550278,7,0,1,0,0,0,0,0,0,271,277,18446744073705065720,13,10980,0,0,0,2,18446744073709544545,18446744073709550986,18446744073709551030,271,6,1,1,2389506676643522672,0,0,7,11066895973021762950,0,1,1,0
PAWN_AUDIT_RESULT,6326,1,1,176,0,0,176,0,0,0,0,0
PAWN_AUDIT_ENTRY,6327,18047185355082008052,11181831155279795334,8864278589967033612,17049689044999976416,724,271,272,271,7,6,1,17,18446744073709535921,18446744073709548983,7,0,1,0,0,0,0,0,0,271,277,18446744073705065720,13,10981,0,0,0,3,18446744073709545130,18446744073709551030,18446744073709550879,271,6,1,1,2389506676643522672,0,0,7,11066895973021762950,0,1,1,0
PAWN_AUDIT_RESULT,6327,1,1,211,0,0,211,0,0,0,0,0
PAWN_AUDIT_ENTRY,6328,11181831155279795334,15561577270257092487,8864278589967033612,12117632390446617068,528,271,272,271,7,6,1,18,18446744073709534418,18446744073709550278,7,0,1,0,0,0,0,0,0,271,277,18446744073705065720,13,10982,0,0,0,1,18446744073709544465,18446744073709551030,18446744073709550841,271,6,1,1,2389506676643522672,0,0,7,11066895973021762950,0,0,1,0
PAWN_AUDIT_RESULT,6328,1,1,223,0,0,223,0,0,0,0,0
PAWN_AUDIT_ENTRY,6329,15561577270257092487,11270520803696760952,8864278589967033612,15647885538802026250,536,271,272,271,7,6,1,19,18446744073709534639,18446744073709550278,7,0,1,0,0,0,0,0,0,271,277,18446744073705065720,13,10983,0,0,0,1,18446744073709544491,18446744073709550995,18446744073709551030,271,6,1,1,2389506676643522672,0,0,7,11066895973021762950,0,0,1,0
PAWN_AUDIT_RESULT,6329,1,1,208,0,0,208,0,0,0,0,0
PAWN_AUDIT_ENTRY,6330,11270520803696760952,6064019565684077806,8864278589967033612,13428661248519460129,770,271,272,271,7,6,1,20,18446744073709536904,18446744073709548874,7,0,1,0,0,0,0,0,0,271,277,18446744073705065720,13,10984,0,0,0,2,18446744073709545949,18446744073709551030,18446744073709550112,271,6,1,1,2389506676643522672,0,0,7,11066895973021762950,0,1,1,0
PAWN_AUDIT_RESULT,6330,1,1,208,0,0,208,0,0,0,0,0
PAWN_AUDIT_ENTRY,6331,6064019565684077806,524625239330738466,8864278589967033612,5202434704671440453,853,271,272,271,7,6,1,21,18446744073709534421,18446744073709550278,7,0,1,0,0,0,0,0,0,271,277,18446744073705065720,13,10985,0,0,0,1,18446744073709544441,18446744073709551030,18446744073709550893,271,6,1,1,2389506676643522672,0,0,7,11066895973021762950,0,0,1,0
PAWN_AUDIT_RESULT,6331,1,1,205,0,0,205,0,0,0,0,0
PAWN_AUDIT_ENTRY,6332,524625239330738466,4556763581815042686,8864278589967033612,16232651129528708332,193,271,272,271,7,6,1,22,18446744073709535778,18446744073709548874,7,0,1,0,0,0,0,0,0,271,277,18446744073705065720,13,10986,0,0,0,5,18446744073709545105,18446744073709551030,18446744073709550796,271,6,1,1,2389506676643522672,0,0,7,11066895973021762950,0,1,1,0
PAWN_AUDIT_RESULT,6332,1,1,179,0,0,179,0,0,0,0,0
PAWN_AUDIT_ENTRY,6333,4556763581815042686,11195981492180319008,8864278589967033612,6456073842518217493,706,271,272,271,7,6,1,24,18446744073709535673,18446744073709548874,7,0,1,0,0,0,0,0,0,271,277,18446744073705065720,13,10987,0,0,0,3,18446744073709544997,18446744073709551030,18446744073709550920,271,6,1,1,2389506676643522672,0,0,7,11066895973021762950,0,1,1,0
PAWN_AUDIT_RESULT,6333,1,1,175,0,0,175,0,0,0,0,0
PAWN_AUDIT_ENTRY,6334,11195981492180319008,7278883310685039932,8864278589967033612,10550532278857929194,918,271,272,271,7,6,1,25,18446744073709534373,18446744073709550278,7,0,1,0,0,0,0,0,0,271,277,18446744073705065720,13,10988,0,0,0,1,18446744073709544440,18446744073709551002,18446744073709550879,271,6,1,1,2389506676643522672,0,0,7,11066895973021762950,0,0,1,0
PAWN_AUDIT_RESULT,6334,1,1,223,0,0,223,0,0,0,0,0
PAWN_AUDIT_ENTRY,6335,7278883310685039932,16107468209338340187,8864278589967033612,9353973717182925671,797,271,272,271,7,6,1,33,18446744073709542157,18446744073709548740,7,0,1,0,0,0,0,0,0,271,277,18446744073705065720,13,10989,0,0,0,2,18446744073709547584,89,18446744073709550969,271,6,1,1,2389506676643522672,0,0,7,11066895973021762950,0,1,1,0
PAWN_AUDIT_RESULT,6335,1,1,218,0,0,218,0,0,0,0,0
PAWN_AUDIT_ENTRY,6347,9085280734275905033,9759300958017269715,13477349390083519391,12607884708258369190,148,271,272,271,11,10,1,4,18446744073709539330,18446744073709550278,5,0,1,0,0,0,0,139,0,321,321,18446744073700476767,13,11015,0,0,0,3,18446744073709546634,18446744073709550975,18446744073709551030,321,4,2,1,7155558057702101814,4,0,5,3093976427659951568,0,5,1,0
PAWN_AUDIT_RESULT,6347,1,1,267,0,0,267,0,0,0,0,0
PAWN_AUDIT_ENTRY,6348,9759300958017269715,17431118157225457045,13477349390083519391,14614954078620825188,658,271,272,271,11,10,1,5,18446744073709538079,18446744073709548695,5,0,1,0,0,0,0,139,0,321,321,18446744073700476767,13,11016,0,0,0,1,18446744073709545375,18446744073709550716,1103,321,4,2,1,7155558057702101814,4,0,5,3093976427659951568,0,0,1,0
PAWN_AUDIT_RESULT,6348,1,1,267,0,0,267,0,0,0,0,0
PAWN_AUDIT_ENTRY,6349,17431118157225457045,6214337331027221174,13477349390083519391,15667114868578425115,267,271,272,271,11,10,1,7,18446744073709535946,18446744073709550278,5,0,1,0,0,0,0,139,0,321,321,18446744073700476767,13,11017,0,0,0,6,18446744073709545068,18446744073709551030,18446744073709551030,321,4,2,1,7155558057702101814,4,0,5,3093976427659951568,0,5,1,0
PAWN_AUDIT_RESULT,6349,1,1,151,0,0,151,0,0,0,0,0
PAWN_AUDIT_ENTRY,6350,6214337331027221174,14571617108189616836,13477349390083519391,4747262513537033280,157,271,272,271,11,10,1,8,18446744073709535889,18446744073709550278,5,0,1,0,0,0,0,139,0,321,321,18446744073700476767,13,11018,0,0,0,3,18446744073709545042,18446744073709551030,18446744073709551030,321,4,2,1,7155558057702101814,4,0,5,3093976427659951568,0,5,1,0
PAWN_AUDIT_RESULT,6350,1,1,206,0,0,206,0,0,0,0,0
PAWN_AUDIT_ENTRY,6351,14571617108189616836,5504842082130544697,13477349390083519391,16837512742900441332,1099,271,272,271,11,10,1,9,18446744073709537039,18446744073709549422,5,0,1,0,0,0,0,139,0,321,321,18446744073700476767,13,11019,0,0,0,2,18446744073709546010,18446744073709551030,18446744073709550113,321,4,2,1,7155558057702101814,4,0,5,3093976427659951568,0,5,1,0
PAWN_AUDIT_RESULT,6351,1,1,-1,0,0,-1,0,0,0,0,0
PAWN_AUDIT_ENTRY,6352,5504842082130544697,10243613539811373754,13477349390083519391,18146297342493538103,203,271,272,271,11,10,1,10,18446744073709535091,18446744073709550278,5,0,1,0,0,0,0,139,0,321,321,18446744073700476767,13,11020,0,0,0,5,18446744073709544679,18446744073709551030,18446744073709551030,321,4,2,1,7155558057702101814,4,0,5,3093976427659951568,0,5,1,0
PAWN_AUDIT_RESULT,6352,1,1,228,0,0,228,0,0,0,0,0
PAWN_AUDIT_ENTRY,6353,10243613539811373754,7273408377833804858,13477349390083519391,4738607309282074100,797,271,272,271,11,10,1,12,18446744073709532091,18446744073709551397,5,0,1,0,0,0,0,139,0,321,321,18446744073700476767,13,11021,0,0,0,2,18446744073709547804,18446744073709547391,18446744073709545530,321,4,2,1,7155558057702101814,4,0,5,3093976427659951568,0,5,1,0
PAWN_AUDIT_RESULT,6353,1,1,271,0,0,271,0,5,5,0,0
PAWN_AUDIT_ENTRY,6354,7273408377833804858,3926912293380838211,13477349390083519391,3398251272778230473,774,271,272,271,11,10,1,13,18446744073709535407,18446744073709550278,5,0,1,0,0,0,0,139,0,321,321,18446744073700476767,13,11027,0,0,0,2,18446744073709544823,18446744073709551030,18446744073709551030,321,4,2,1,7155558057702101814,4,0,5,3093976427659951568,0,5,1,0
PAWN_AUDIT_RESULT,6354,1,1,221,0,0,221,0,0,0,0,0
PAWN_AUDIT_ENTRY,6355,3926912293380838211,1769284987584771448,13477349390083519391,16555925981490556749,454,271,272,271,11,10,1,14,18446744073709535170,18446744073709550278,5,0,1,0,0,0,0,139,0,321,321,18446744073700476767,13,11028,0,0,0,4,18446744073709544715,18446744073709551030,18446744073709551030,321,4,2,1,7155558057702101814,4,0,5,3093976427659951568,0,5,1,0
PAWN_AUDIT_RESULT,6355,1,1,202,0,0,202,0,0,0,0,0
PAWN_AUDIT_ENTRY,6356,1769284987584771448,18400152865905727813,13477349390083519391,11942060191379367020,453,271,272,271,11,10,1,15,18446744073709535124,18446744073709550278,5,0,1,0,0,0,0,139,0,321,321,18446744073700476767,13,11029,0,0,0,4,18446744073709544694,18446744073709551030,18446744073709551030,321,4,2,1,7155558057702101814,4,0,5,3093976427659951568,0,5,1,0
PAWN_AUDIT_RESULT,6356,1,1,185,0,0,185,0,0,0,0,0
PAWN_AUDIT_ENTRY,6357,18400152865905727813,13429512164384922897,13477349390083519391,7637202677858652324,790,271,272,271,11,10,1,16,18446744073709537567,18446744073709550913,5,0,1,0,0,0,0,139,0,321,321,18446744073700476767,13,11030,0,0,0,2,18446744073709546821,18446744073709549080,18446744073709550946,321,4,2,1,7155558057702101814,4,0,5,3093976427659951568,0,5,1,0
PAWN_AUDIT_RESULT,6357,1,1,254,0,0,254,0,0,0,0,0
PAWN_AUDIT_ENTRY,6358,13429512164384922897,17498999347037378431,13477349390083519391,10331324249875588737,786,271,272,271,11,10,1,17,18446744073709534451,18446744073709550278,5,0,1,0,0,0,0,139,0,321,321,18446744073700476767,13,11031,0,0,0,2,18446744073709544522,18446744073709550762,18446744073709551030,321,4,2,1,7155558057702101814,4,0,5,3093976427659951568,0,5,1,0
PAWN_AUDIT_RESULT,6358,1,1,223,0,0,223,0,0,0,0,0
PAWN_AUDIT_ENTRY,6359,17498999347037378431,8951979546883560065,13477349390083519391,8934017527380614724,211,271,272,271,11,10,1,18,18446744073709535775,18446744073709549016,5,0,1,0,0,0,0,139,0,321,321,18446744073700476767,13,11032,0,0,0,5,18446744073709545080,18446744073709550850,18446744073709551030,321,4,2,1,7155558057702101814,4,0,5,3093976427659951568,0,5,1,0
PAWN_AUDIT_RESULT,6359,1,1,232,0,0,232,0,0,0,0,0
PAWN_AUDIT_ENTRY,6360,8951979546883560065,2154178432569690987,13477349390083519391,15453561359118442557,861,271,272,271,11,10,1,19,18446744073709535569,18446744073709548971,5,0,1,0,0,0,0,139,0,321,321,18446744073700476767,13,11033,0,0,0,1,18446744073709544984,18446744073709550855,18446744073709551030,321,4,2,1,7155558057702101814,4,0,5,3093976427659951568,0,0,1,0
PAWN_AUDIT_RESULT,6360,1,1,226,0,0,226,0,1,1,0,0
PAWN_AUDIT_ENTRY,6361,2154178432569690987,4515112722358661322,13477349390083519391,2877509329956863550,983,271,272,271,11,10,1,20,18446744073709535603,18446744073709549164,5,0,1,0,0,0,0,139,0,321,321,18446744073700476767,13,11035,0,0,0,1,18446744073709545087,18446744073709550680,18446744073709551030,321,4,2,1,7155558057702101814,4,0,5,3093976427659951568,0,0,1,0
PAWN_AUDIT_RESULT,6361,1,1,266,0,0,266,0,0,0,0,0
PAWN_AUDIT_ENTRY,6362,4515112722358661322,2449471396041355696,13477349390083519391,9817800425268472022,853,271,272,271,11,10,1,21,18446744073709534563,18446744073709549037,5,0,1,0,0,0,0,139,0,321,321,18446744073700476767,13,11036,0,0,0,1,18446744073709544439,18446744073709551030,18446744073709551030,321,4,2,1,7155558057702101814,4,0,5,3093976427659951568,0,0,1,0
PAWN_AUDIT_RESULT,6362,1,1,246,0,0,246,0,0,0,0,0
PAWN_AUDIT_ENTRY,6363,2449471396041355696,14788330317502980006,13477349390083519391,10535865099877095216,1,271,272,271,11,10,1,22,18446744073709535217,18446744073709548526,5,0,1,0,0,0,0,139,0,321,321,18446744073700476767,13,11037,0,0,0,4,18446744073709544962,18446744073709550579,18446744073709551030,321,4,2,1,7155558057702101814,4,0,5,3093976427659951568,0,5,1,0
PAWN_AUDIT_RESULT,6363,1,1,234,0,0,234,0,0,0,0,0
PAWN_AUDIT_ENTRY,6364,14788330317502980006,4021243455815425787,13477349390083519391,5937453508227368825,918,271,272,271,11,10,1,23,18446744073709534398,18446744073709549019,5,0,1,0,0,0,0,139,0,321,321,18446744073700476767,13,11038,0,0,0,1,18446744073709544439,18446744073709550880,18446744073709551030,321,4,2,1,7155558057702101814,4,0,5,3093976427659951568,0,0,1,0
PAWN_AUDIT_RESULT,6364,1,1,263,0,0,263,0,0,0,0,0
PAWN_AUDIT_ENTRY,6365,4021243455815425787,2756128269060033901,13477349390083519391,7505087982341326719,528,271,272,271,11,10,1,24,18446744073709534611,18446744073709549057,5,0,1,0,0,0,0,139,0,321,321,18446744073700476767,13,11039,0,0,0,1,18446744073709544461,18446744073709551030,18446744073709551030,321,4,2,1,7155558057702101814,4,0,5,3093976427659951568,0,0,1,0
PAWN_AUDIT_RESULT,6365,1,1,262,0,0,262,0,0,0,0,0
PAWN_AUDIT_ENTRY,6366,2756128269060033901,13058140568245848817,13477349390083519391,1811963591588368793,536,271,272,271,11,10,1,25,18446744073709534431,18446744073709548970,5,0,1,0,0,0,0,139,0,321,321,18446744073700476767,13,11040,0,0,0,1,18446744073709544480,18446744073709550828,18446744073709551030,321,4,2,1,7155558057702101814,4,0,5,3093976427659951568,0,0,1,0
PAWN_AUDIT_RESULT,6366,1,1,245,0,0,245,0,0,0,0,0
PAWN_AUDIT_ENTRY,6367,13058140568245848817,17547122864216353001,13477349390083519391,13474769396172312546,926,271,272,271,11,10,1,27,18446744073709535165,18446744073709548883,5,0,1,0,0,0,0,139,0,321,321,18446744073700476767,13,11041,0,0,0,1,18446744073709545437,18446744073709550824,18446744073709549750,321,4,2,1,7155558057702101814,4,0,5,3093976427659951568,0,0,1,0
PAWN_AUDIT_RESULT,6367,1,1,184,0,0,184,0,0,0,0,0
PAWN_AUDIT_ENTRY,6368,17547122864216353001,17362629588342641204,13477349390083519391,13627888105261949413,261,271,272,271,11,10,1,28,18446744073709534728,18446744073709547941,5,0,1,0,0,0,0,139,0,321,321,18446744073700476767,13,11042,0,0,0,6,18446744073709544514,18446744073709551030,18446744073709551030,321,4,2,1,7155558057702101814,4,0,5,3093976427659951568,0,5,1,0
PAWN_AUDIT_RESULT,6368,1,1,215,0,0,215,0,0,0,0,0
PAWN_AUDIT_ENTRY,6369,17362629588342641204,5235843838763102809,13477349390083519391,1204809748483085146,1122,271,272,271,11,10,1,29,18446744073709539357,18446744073709549636,5,0,1,0,0,0,0,139,0,321,321,18446744073700476767,13,11043,0,0,0,2,18446744073709550873,29,18446744073709541631,321,4,2,1,7155558057702101814,4,0,5,3093976427659951568,0,5,1,0
PAWN_AUDIT_RESULT,6369,1,1,260,0,0,260,0,0,0,0,0
PAWN_AUDIT_ENTRY,6391,10720275249509901172,14414459963974578929,6439792270408228631,696794957449344659,3817,18446744073709551344,18446744073709551345,18446744073709551344,7,6,1,7,18446744073709540936,18446744073709551139,6,0,1,0,0,1,0,3365,0,18446744073709551373,18446744073709551373,4250543,13,11082,0,0,0,13,18446744073709549709,18446744073709547288,18446744073709549998,18446744073709551337,1,2,1,15612587136633976202,1,0,6,11787467322429518204,0,2,1,0
PAWN_AUDIT_RESULT,6391,1,1,-277,0,0,-277,0,0,0,0,0
PAWN_AUDIT_ENTRY,6392,14414459963974578929,12032090873680935049,6439792270408228631,15197035735412574923,3826,18446744073709551344,18446744073709551345,18446744073709551344,7,6,1,10,18446744073709544696,18446744073709546859,6,0,1,0,0,1,0,3365,0,18446744073709551373,18446744073709551373,4250543,13,11083,0,0,0,13,18446744073709549272,18446744073709550986,18446744073709550611,18446744073709551337,1,2,1,15612587136633976202,1,0,6,11787467322429518204,0,2,1,0
PAWN_AUDIT_RESULT,6392,1,1,-314,0,0,-314,0,0,0,0,0
PAWN_AUDIT_ENTRY,6396,13390088868054678530,17582831976621168875,2990352962656453187,6387310148795926456,658,271,272,265,6,5,1,6,18446744073709543476,18446744073709548695,5,0,1,0,0,0,0,0,0,248,248,18446744073696046710,13,11092,0,0,0,1,18446744073709548860,18446744073709550716,18446744073709550595,32002,18446744073709551614,0,1,7155558057702101814,4,0,5,13296584172030643212,0,0,1,0
PAWN_AUDIT_RESULT,6396,1,1,259,0,0,259,0,1,1,0,0
PAWN_AUDIT_ENTRY,6397,17582831976621168875,7350822020303021119,2990352962656453187,18125366372664926584,790,271,272,265,6,5,1,7,18446744073709543319,18446744073709550473,5,0,1,0,0,0,0,0,0,248,248,18446744073696046710,13,11094,0,0,0,2,18446744073709546685,18446744073709549080,4999,32002,18446744073709551614,0,1,7155558057702101814,4,0,5,13296584172030643212,0,5,1,0
PAWN_AUDIT_RESULT,6397,1,1,270,0,0,270,0,3,3,0,0
PAWN_AUDIT_ENTRY,6406,5585547538883620874,6371224202311957340,9410330484580810960,16172918062792297194,3365,18446744073709551344,18446744073709551345,18446744073709551344,7,6,1,4,18446744073709550895,18446744073709550474,4,0,1,0,0,0,0,2592,0,18446744073709551347,18446744073709551347,14023010,13,11119,0,0,0,10,967,18446744073709549951,18446744073709550663,18446744073709551331,5,2,1,7155558057702101814,3,0,4,8670544562523647675,0,4,1,0
PAWN_AUDIT_RESULT,6406,1,1,-272,0,0,-272,0,2,2,0,0
PAWN_AUDIT_ENTRY,6407,6371224202311957340,11308615419914253814,9410330484580810960,13920164323155237035,3808,18446744073709551344,18446744073709551345,18446744073709551344,7,6,1,5,18446744073709540072,18446744073709550892,4,0,1,0,0,0,0,2592,0,18446744073709551347,18446744073709551347,14023010,13,11122,0,0,0,13,18446744073709546944,18446744073709551030,18446744073709551030,18446744073709551331,5,2,1,7155558057702101814,3,0,4,8670544562523647675,0,4,1,0
PAWN_AUDIT_RESULT,6407,1,1,-331,0,0,-331,0,0,0,0,0
PAWN_AUDIT_ENTRY,6408,11308615419914253814,9297733951447046830,9410330484580810960,4799501074761928117,3390,18446744073709551344,18446744073709551345,18446744073709551344,7,6,1,6,18446744073709534628,18446744073709548874,4,0,1,0,0,0,0,2592,0,18446744073709551347,18446744073709551347,14023010,13,11123,0,0,0,10,18446744073709544700,18446744073709551030,18446744073709550553,18446744073709551331,5,2,1,7155558057702101814,3,0,4,8670544562523647675,0,4,1,0
PAWN_AUDIT_RESULT,6408,1,1,-362,0,0,-362,0,0,0,0,0
PAWN_AUDIT_ENTRY,6409,9297733951447046830,7969633516243822263,9410330484580810960,3099161952909332703,3437,18446744073709551344,18446744073709551345,18446744073709551344,7,6,1,8,18446744073709538122,18446744073709548979,4,0,1,0,0,0,0,2592,0,18446744073709551347,18446744073709551347,14023010,13,11124,0,0,0,9,18446744073709544604,18446744073709550971,2469,18446744073709551331,5,2,1,7155558057702101814,3,0,4,8670544562523647675,0,0,1,0
PAWN_AUDIT_RESULT,6409,1,1,-412,0,0,-412,0,0,0,0,0
PAWN_AUDIT_ENTRY,6410,7969633516243822263,15374236948513242972,9410330484580810960,657593985911100684,3826,18446744073709551344,18446744073709551345,18446744073709551344,7,6,1,9,18446744073709542636,18446744073709547510,4,0,1,0,0,0,0,2592,0,18446744073709551347,18446744073709551347,14023010,13,11125,0,0,0,13,18446744073709548605,18446744073709550986,18446744073709550055,18446744073709551331,5,2,1,7155558057702101814,3,0,4,8670544562523647675,0,4,1,0
PAWN_AUDIT_RESULT,6410,1,1,-315,0,0,-315,0,0,0,0,0
PAWN_AUDIT_ENTRY,6411,15374236948513242972,2785005999965316406,9410330484580810960,15162786612590946644,3817,18446744073709551344,18446744073709551345,18446744073709551344,7,6,1,17,18446744073709537030,18446744073709547329,4,0,1,0,0,0,0,2592,0,18446744073709551347,18446744073709551347,14023010,13,11126,0,0,0,13,18446744073709549709,18446744073709547288,18446744073709546338,18446744073709551331,5,2,1,7155558057702101814,3,0,4,8670544562523647675,0,4,1,0
PAWN_AUDIT_RESULT,6411,1,1,-306,0,0,-306,0,0,0,0,0
PAWN_AUDIT_ENTRY,6412,2785005999965316406,8025364346788711813,9410330484580810960,17294162584618861217,3567,18446744073709551344,18446744073709551345,18446744073709551344,7,6,1,19,18446744073709535622,18446744073709548712,4,0,1,0,0,0,0,2592,0,18446744073709551347,18446744073709551347,14023010,13,11127,0,0,0,9,18446744073709545826,18446744073709550222,18446744073709549997,18446744073709551331,5,2,1,7155558057702101814,3,0,4,8670544562523647675,0,0,1,0
PAWN_AUDIT_RESULT,6412,1,1,-336,0,0,-336,0,0,0,0,0
PAWN_AUDIT_ENTRY,6413,8025364346788711813,11420482311982828562,9410330484580810960,3926569469303927934,3827,18446744073709551344,18446744073709551345,18446744073709551344,7,6,1,20,18446744073709541022,18446744073709546524,4,0,1,0,0,0,0,2592,0,18446744073709551347,18446744073709551347,14023010,13,11128,0,0,0,13,18446744073709547376,18446744073709551030,18446744073709551030,18446744073709551331,5,2,1,7155558057702101814,3,0,4,8670544562523647675,0,4,1,0
PAWN_AUDIT_RESULT,6413,1,1,-349,0,0,-349,0,0,0,0,0
PAWN_AUDIT_ENTRY,6417,12870143875806947146,6291945049088984598,6439792270408228631,696794957449344659,3817,18446744073709551344,18446744073709551345,18446744073709551344,7,6,4,7,18446744073709542546,18446744073709551139,6,0,0,0,0,1,0,3365,0,18446744073709551344,18446744073709551356,2028723,13,11136,0,0,0,13,18446744073709549385,18446744073709549400,18446744073709549998,18446744073709551344,2,1,1,15612587136633976202,1,0,6,11064146362930068896,0,2,1,0
PAWN_AUDIT_RESULT,6417,4,4,-277,0,0,-277,0,0,0,0,0
PAWN_AUDIT_ENTRY,6418,6291945049088984598,5365930551516433151,6439792270408228631,15197035735412574923,3826,18446744073709551344,18446744073709551345,18446744073709551344,7,6,4,20,18446744073709540651,18446744073709546859,6,0,0,0,0,1,0,3365,0,18446744073709551344,18446744073709551356,2028723,13,11137,0,0,0,13,18446744073709548176,18446744073709549499,18446744073709550611,18446744073709551344,2,1,1,15612587136633976202,1,0,6,11064146362930068896,0,2,1,0
PAWN_AUDIT_RESULT,6418,4,4,-315,0,0,-315,0,0,0,0,0
PAWN_AUDIT_ENTRY,6430,6345461645364219061,1941624696067526899,16576039989311973814,18238003180069999814,2592,18446744073709551344,18446744073709551345,18446744073709551344,6,5,3,2,18446744073709548953,2233,6,0,0,0,0,0,0,2722,0,18446744073709551325,18446744073709551325,12486557,13,11162,0,0,0,9,639,18446744073709550703,18446744073709548745,18446744073709551344,0,1,1,7155558057702101814,5,0,6,1396431726173163167,0,0,1,0
PAWN_AUDIT_RESULT,6430,3,3,-293,0,0,-293,0,0,0,0,0
PAWN_AUDIT_ENTRY,6433,9420123925316140245,17916346947197858038,16576039989311973814,5734127256850479545,3437,18446744073709551344,18446744073709551345,18446744073709551344,6,5,1,6,18446744073709542157,18446744073709548979,6,0,0,0,0,0,0,2722,0,18446744073709551325,18446744073709551325,12486557,13,11165,0,0,0,9,18446744073709544570,18446744073709551030,6259,18446744073709551344,0,1,1,7155558057702101814,5,0,6,1396431726173163167,0,0,1,0
PAWN_AUDIT_RESULT,6433,1,1,-284,0,0,-284,0,0,0,0,0
PAWN_AUDIT_ENTRY,6434,17916346947197858038,3527699525108271734,16576039989311973814,6889082977116699618,3956,18446744073709551344,18446744073709551345,18446744073709551344,6,5,1,7,18446744073709543365,18446744073709547041,6,0,0,0,0,0,0,2722,0,18446744073709551325,18446744073709551325,12486557,13,11166,0,0,0,11,18446744073709548392,18446744073709547416,3239,18446744073709551344,0,1,1,7155558057702101814,5,0,6,1396431726173163167,0,6,1,0
PAWN_AUDIT_RESULT,6434,1,1,-330,0,0,-330,0,0,0,0,0
PAWN_AUDIT_ENTRY,6450,11900111151718891469,15925235028187837582,13448517068923417802,11651147371398384058,2592,18446744073709551344,18446744073709551345,18446744073709551344,6,5,2,3,18446744073709550587,18446744073709550278,6,0,0,0,0,0,0,0,0,18446744073709551314,18446744073709551314,7299407,13,11197,0,0,1,9,2241,18446744073709550098,18446744073709547598,18446744073709551318,0,1,1,6590781207201031980,0,0,6,6920212517826601050,0,0,1,0
PAWN_AUDIT_RESULT,6450,2,2,-278,0,0,-278,0,5,5,0,0
PAWN_AUDIT_ENTRY,6453,8077226706080744716,11846412763536525888,13448517068923417802,3538334580650483990,3826,18446744073709551344,18446744073709551345,18446744073709551344,6,5,1,4,18446744073709548007,4385,6,0,0,0,0,0,0,0,0,18446744073709551314,18446744073709551314,7299407,13,11203,0,0,1,13,18446744073709549044,3151,18446744073709550288,18446744073709551318,0,1,1,6590781207201031980,0,0,6,6920212517826601050,0,1,1,0
PAWN_AUDIT_RESULT,6453,1,1,-272,0,0,-272,0,1,1,0,0
PAWN_AUDIT_ENTRY,6455,16856625670653990416,13559588925301915697,9410330484580810960,16172918062792297194,3365,18446744073709551344,18446744073709551345,18446744073709551344,9,8,5,4,18446744073709550150,18446744073709550474,4,0,0,0,0,1,0,2592,0,18446744073709551344,18446744073709551346,13771234,13,11206,0,0,0,10,628,18446744073709549951,18446744073709550663,18446744073709551344,7,1,1,7155558057702101814,3,0,4,8670544562523647675,0,4,1,0
PAWN_AUDIT_ENTRY,6479,14068195813623810778,16240708258241798277,12232271361918330097,6676923125322236888,1895,271,272,263,7,6,1,3,18446744073709550243,6196,7,0,1,0,0,0,0,0,0,268,284,18446744073706568913,13,11263,0,0,0,2,18446744073709551548,18446744073709550904,18446744073709551203,268,3,1,1,15612587136633976202,0,0,7,12885443080090229121,0,1,1,0
PAWN_AUDIT_RESULT,6479,1,1,261,0,0,261,0,0,0,0,0
PAWN_AUDIT_ENTRY,6480,16240708258241798277,13797262642865798573,12232271361918330097,15571854794468696330,658,271,272,263,7,6,1,4,18446744073709545778,2498,7,0,1,0,0,0,0,0,0,268,284,18446744073706568913,13,11264,0,0,0,1,18446744073709549318,18446744073709549832,1103,268,3,1,1,15612587136633976202,0,0,7,12885443080090229121,0,0,1,0
PAWN_AUDIT_RESULT,6480,1,1,231,0,0,231,0,0,0,0,0
PAWN_AUDIT_ENTRY,6484,2280869940046388555,11950239702651882674,12232271361918330097,13856420169354671567,1875,271,272,263,7,6,1,8,18446744073709541560,18446744073709545995,7,0,1,0,0,0,0,0,0,268,284,18446744073706568913,13,11269,0,0,0,2,18446744073709548450,18446744073709549758,18446744073709550632,268,3,1,1,15612587136633976202,0,0,7,12885443080090229121,0,1,1,0
PAWN_AUDIT_RESULT,6484,1,1,253,0,0,253,0,0,0,0,0
PAWN_AUDIT_ENTRY,6485,11950239702651882674,16191559473153871583,12232271361918330097,175834133838234676,1122,271,272,263,7,6,1,9,18446744073709529891,6625,7,0,1,0,0,0,0,0,0,268,284,18446744073706568913,13,11270,0,0,0,2,18446744073709551188,18446744073709542407,18446744073709541631,268,3,1,1,15612587136633976202,0,0,7,12885443080090229121,0,1,1,0
PAWN_AUDIT_RESULT,6485,1,1,253,0,0,253,0,0,0,0,0
PAWN_AUDIT_ENTRY,6486,16191559473153871583,1027079058177092614,12232271361918330097,3790693871078293081,222,271,272,263,7,6,1,10,18446744073709549663,18446744073709544863,7,0,1,0,0,0,0,0,0,268,284,18446744073706568913,13,11271,0,0,0,5,18446744073709547150,8912,18446744073709549806,268,3,1,1,15612587136633976202,0,0,7,12885443080090229121,0,1,1,0
PAWN_AUDIT_RESULT,6486,1,1,182,0,0,182,0,0,0,0,0
PAWN_AUDIT_ENTRY,6487,1027079058177092614,2963989899772353117,12232271361918330097,18114098387461846938,1099,271,272,263,7,6,1,14,18446744073709537039,18446744073709547113,7,0,1,0,0,0,0,0,0,268,284,18446744073706568913,13,11272,0,0,0,2,18446744073709546010,18446744073709551030,18446744073709550113,268,3,1,1,15612587136633976202,0,0,7,12885443080090229121,0,1,1,0
PAWN_AUDIT_RESULT,6487,1,1,149,0,0,149,0,0,0,0,0
PAWN_AUDIT_ENTRY,6490,12692194803535996231,13596075735979140430,16172918062792297194,1925988863330313345,1868,271,272,268,7,6,1,4,18446744073709537131,8192,5,0,1,0,0,1,0,721,0,271,287,18446744073706057926,13,11276,0,0,0,2,18446744073709545392,41,18446744073709550827,271,5,1,1,7155558057702101814,4,0,5,9410330484580810960,0,5,1,0
PAWN_AUDIT_RESULT,6490,1,1,1,0,0,1,0,0,0,0,0
PAWN_AUDIT_ENTRY,6493,1744890449707060684,706385812543000056,16172918062792297194,9942709987767344084,1875,271,272,271,7,6,1,7,18446744073709550019,18446744073709549636,5,0,1,0,0,1,0,721,0,271,287,18446744073706057926,13,11279,0,0,0,2,18446744073709548437,3028,1934,271,5,1,1,7155558057702101814,4,0,5,9410330484580810960,0,5,1,0
PAWN_AUDIT_RESULT,6493,1,1,234,0,0,234,0,0,0,0,0
PAWN_AUDIT_RESULT,6455,5,5,-271,1,7,-271,0,41,75,1,1
PAWN_AUDIT_ENTRY,6496,13704066592727465733,17517950373579760324,8670544562523647675,15628661135182468273,601,271,272,271,11,10,5,4,18446744073709543691,18446744073709548960,3,0,1,0,0,1,0,721,0,318,318,18446744073701285670,13,11282,0,0,0,1,18446744073709546666,2169,539,306,8,2,1,7155558057702101814,2,0,3,13281259528774018014,0,0,1,0
PAWN_AUDIT_RESULT,6496,5,5,256,0,0,256,0,5,5,0,0
PAWN_AUDIT_ENTRY,6499,2969980492787212630,13783253052222713941,8670544562523647675,2781159123730592361,454,271,272,271,11,10,4,5,18446744073709533878,18446744073709548874,3,0,1,0,0,1,0,721,0,318,318,18446744073701285670,13,11288,0,0,0,4,18446744073709544659,18446744073709551030,18446744073709549935,306,8,2,1,7155558057702101814,2,0,3,13281259528774018014,0,3,1,0
PAWN_AUDIT_RESULT,6499,4,4,188,0,0,188,0,0,0,0,0
PAWN_AUDIT_ENTRY,6500,13783253052222713941,2799470391840871741,8670544562523647675,7413039277982611784,453,271,272,271,11,10,3,6,18446744073709533813,18446744073709548874,3,0,1,0,0,1,0,721,0,318,318,18446744073701285670,13,11289,0,0,0,4,18446744073709544642,18446744073709551030,18446744073709549909,306,8,2,1,7155558057702101814,2,0,3,13281259528774018014,0,3,1,0
PAWN_AUDIT_RESULT,6500,3,3,177,0,0,177,0,0,0,0,0
PAWN_AUDIT_ENTRY,6501,2799470391840871741,16348579101926050329,8670544562523647675,17038203764954953709,774,271,272,271,11,10,3,7,18446744073709533905,18446744073709548874,3,0,1,0,0,1,0,721,0,318,318,18446744073701285670,13,11290,0,0,0,2,18446744073709544745,18446744073709551030,18446744073709549783,306,8,2,1,7155558057702101814,2,0,3,13281259528774018014,0,3,1,0
PAWN_AUDIT_RESULT,6501,3,3,-1,0,0,-1,0,0,0,0,0
PAWN_AUDIT_ENTRY,6502,16348579101926050329,13489731893365173987,8670544562523647675,5492952424435776421,786,271,272,271,11,10,3,8,18446744073709533230,18446744073709548940,3,0,1,0,0,1,0,721,0,318,318,18446744073701285670,13,11291,0,0,0,2,18446744073709544505,18446744073709550935,18446744073709549743,306,8,2,1,7155558057702101814,2,0,3,13281259528774018014,0,3,1,0
PAWN_AUDIT_RESULT,6502,3,3,217,0,0,217,0,0,0,0,0
PAWN_AUDIT_ENTRY,6503,13489731893365173987,11730469884639876388,8670544562523647675,1525818294364208409,861,271,272,271,11,10,3,9,18446744073709535325,18446744073709548971,3,0,1,0,0,1,0,721,0,318,318,18446744073701285670,13,11292,0,0,0,1,18446744073709545576,18446744073709550961,18446744073709549472,306,8,2,1,7155558057702101814,2,0,3,13281259528774018014,0,0,1,0
PAWN_AUDIT_RESULT,6503,3,3,234,0,0,234,0,0,0,0,0
PAWN_AUDIT_ENTRY,6504,11730469884639876388,14950418415395618806,8670544562523647675,686905352993434432,658,271,272,271,11,10,5,10,18446744073709547119,18446744073709548695,3,0,1,0,0,1,0,721,0,318,318,18446744073701285670,13,11293,0,0,0,1,18446744073709548831,3368,18446744073709549671,306,8,2,1,7155558057702101814,2,0,3,13281259528774018014,0,0,1,0
PAWN_AUDIT_RESULT,6504,5,5,257,0,0,257,0,1,1,0,0
PAWN_AUDIT_ENTRY,6505,14950418415395618806,15747984180521513636,8670544562523647675,5870909078900933808,709,271,272,271,11,10,3,11,18446744073709534950,18446744073709548581,3,0,1,0,0,1,0,721,0,318,318,18446744073701285670,13,11295,0,0,0,2,18446744073709545051,18446744073709551030,18446744073709550132,306,8,2,1,7155558057702101814,2,0,3,13281259528774018014,0,3,1,0
PAWN_AUDIT_RESULT,6505,3,3,229,0,0,229,0,0,0,0,0
PAWN_AUDIT_ENTRY,6506,15747984180521513636,3995590039830836969,8670544562523647675,18283142874235362892,705,271,272,271,11,10,3,12,18446744073709533569,18446744073709547903,3,0,1,0,0,1,0,721,0,318,318,18446744073701285670,13,11296,0,0,0,2,18446744073709544524,18446744073709550925,18446744073709550032,306,8,2,1,7155558057702101814,2,0,3,13281259528774018014,0,3,1,0
PAWN_AUDIT_RESULT,6506,3,3,207,0,0,207,0,0,0,0,0
PAWN_AUDIT_ENTRY,6507,3995590039830836969,16466062779028106655,8670544562523647675,11878745885080405585,991,271,272,271,11,10,4,13,18446744073709539254,18446744073709548464,3,0,1,0,0,1,0,721,0,318,318,18446744073701285670,13,11297,0,0,0,1,18446744073709546552,501,18446744073709549952,306,8,2,1,7155558057702101814,2,0,3,13281259528774018014,0,0,1,0
PAWN_AUDIT_ENTRY,6548,15679085218756406442,4223096506724012297,13819932875505646369,13707995433771927388,926,271,272,263,8,7,2,2,18446744073709551292,18446744073709550278,5,0,1,0,0,0,0,2023,0,290,280,18446744073702525172,13,11365,0,0,0,1,18446744073709551429,18446744073709550182,1559,290,1,2,1,11877139874466203308,0,0,5,11878745885080405585,0,0,1,0
PAWN_AUDIT_RESULT,6548,2,2,194,0,0,194,0,0,0,0,0
PAWN_AUDIT_ENTRY,6549,4223096506724012297,9723895839787423791,13819932875505646369,9160111870799829398,49415,271,272,263,8,7,1,3,18446744073709546429,18446744073709549422,5,0,1,0,0,0,0,2023,0,290,280,18446744073702525172,13,11366,0,0,0,6,18446744073709546313,9281,18446744073709548121,290,1,2,1,11877139874466203308,0,0,5,11878745885080405585,0,1,1,0
PAWN_AUDIT_RESULT,6549,1,1,270,0,0,270,0,0,0,0,0
PAWN_AUDIT_ENTRY,6550,9723895839787423791,9941056406012897808,13819932875505646369,4972396588741891402,797,271,272,270,8,7,1,4,18446744073709544994,18446744073709548785,5,0,1,0,0,0,0,2023,0,290,280,18446744073702525172,13,11367,0,0,0,2,18446744073709548807,672,18446744073709550507,290,1,2,1,11877139874466203308,0,0,5,11878745885080405585,0,1,1,0
PAWN_AUDIT_RESULT,6550,1,1,248,0,0,248,0,0,0,0,0
PAWN_AUDIT_ENTRY,6551,9941056406012897808,8557224784025672840,13819932875505646369,14342030179729889767,725,271,272,270,8,7,1,5,18446744073709551206,18446744073709549466,5,0,1,0,0,0,0,2023,0,290,280,18446744073702525172,13,11368,0,0,0,2,1489,18446744073709551295,18446744073709548494,290,1,2,1,11877139874466203308,0,0,5,11878745885080405585,0,1,1,0
PAWN_AUDIT_ENTRY,6562,1498596521746459582,17260968582066647398,14342030179729889767,11952740928893522909,3365,18446744073709551344,18446744073709551345,18446744073709551344,7,6,4,2,18446744073709550732,6307,6,0,0,0,0,1,0,3752,0,18446744073709551329,18446744073709551350,8195634,13,11399,0,0,0,10,1983,18446744073709546173,693,18446744073709551329,1,1,1,11877139874466203308,1,0,6,13819932875505646369,0,2,1,0
PAWN_AUDIT_RESULT,6562,4,4,-287,0,0,-287,0,0,0,0,0
PAWN_AUDIT_ENTRY,6564,14302893952523814855,618315411451112756,14342030179729889767,9166273197934492464,2072,18446744073709551344,18446744073709551345,18446744073709551344,7,6,3,4,18446744073709545242,2910,6,0,0,0,0,1,0,3752,0,18446744073709551329,18446744073709551350,8195634,13,11404,0,0,0,9,18446744073709551330,18446744073709547933,18446744073709550027,18446744073709551329,1,1,1,11877139874466203308,1,0,6,13819932875505646369,0,0,1,0
PAWN_AUDIT_RESULT,6564,3,3,-342,0,0,-342,0,0,0,0,0
PAWN_AUDIT_ENTRY,6565,618315411451112756,8274167632341227427,14342030179729889767,6482681167259511058,3559,18446744073709551344,18446744073709551345,18446744073709551344,7,6,2,5,18446744073709540223,18446744073709550278,6,0,0,0,0,1,0,3752,0,18446744073709551329,18446744073709551350,8195634,13,11405,0,0,0,9,18446744073709545915,1637,18446744073709551002,18446744073709551329,1,1,1,11877139874466203308,1,0,6,13819932875505646369,0,0,1,0
PAWN_AUDIT_RESULT,6565,2,2,-302,0,0,-302,0,0,0,0,0
PAWN_AUDIT_ENTRY,6566,8274167632341227427,2734223535918287721,14342030179729889767,5526246590708796475,3826,18446744073709551344,18446744073709551345,18446744073709551344,7,6,2,6,18446744073709544871,18446744073709550278,6,0,0,0,0,1,0,3752,0,18446744073709551329,18446744073709551350,8195634,13,11406,0,0,0,13,18446744073709549377,18446744073709550935,18446744073709550611,18446744073709551329,1,1,1,11877139874466203308,1,0,6,13819932875505646369,0,2,1,0
PAWN_AUDIT_RESULT,6566,2,2,-311,0,0,-311,0,0,0,0,0
PAWN_AUDIT_ENTRY,6567,2734223535918287721,14346767881235429923,14342030179729889767,6264518627272185768,3374,18446744073709551344,18446744073709551345,18446744073709551344,7,6,3,7,18446744073709548822,18446744073709547520,6,0,0,0,0,1,0,3752,0,18446744073709551329,18446744073709551350,8195634,13,11407,0,0,0,10,710,18446744073709550289,18446744073709548902,18446744073709551329,1,1,1,11877139874466203308,1,0,6,13819932875505646369,0,2,1,0
PAWN_AUDIT_RESULT,6567,3,3,-349,0,0,-349,0,0,0,0,0
PAWN_AUDIT_ENTRY,6568,14346767881235429923,18178371451334142501,14342030179729889767,8353315159971884361,3827,18446744073709551344,18446744073709551345,18446744073709551344,7,6,1,8,18446744073709539324,18446744073709550278,6,0,0,0,0,1,0,3752,0,18446744073709551329,18446744073709551350,8195634,13,11408,0,0,0,13,18446744073709546794,18446744073709551030,18446744073709550638,18446744073709551329,1,1,1,11877139874466203308,1,0,6,13819932875505646369,0,2,1,0
PAWN_AUDIT_RESULT,6568,1,1,-327,0,0,-327,0,0,0,0,0
PAWN_AUDIT_ENTRY,6569,18178371451334142501,271042897556774446,14342030179729889767,10951663402879774819,3817,18446744073709551344,18446744073709551345,18446744073709551344,7,6,2,9,18446744073709540616,18446744073709551391,6,0,0,0,0,1,0,3752,0,18446744073709551329,18446744073709551350,8195634,13,11409,0,0,0,13,18446744073709549385,18446744073709547645,18446744073709549998,18446744073709551329,1,1,1,11877139874466203308,1,0,6,13819932875505646369,0,2,1,0
PAWN_AUDIT_RESULT,6569,2,2,-299,0,0,-299,0,0,0,0,0
PAWN_AUDIT_ENTRY,6570,271042897556774446,3942196905721571594,14342030179729889767,7967847001890114024,3437,18446744073709551344,18446744073709551345,18446744073709551344,7,6,1,10,18446744073709534888,18446744073709550278,6,0,0,0,0,1,0,3752,0,18446744073709551329,18446744073709551350,8195634,13,11410,0,0,0,9,18446744073709545315,18446744073709550899,18446744073709549665,18446744073709551329,1,1,1,11877139874466203308,1,0,6,13819932875505646369,0,0,1,0
PAWN_AUDIT_RESULT,6570,1,1,-381,0,0,-381,0,0,0,0,0
PAWN_AUDIT_RESULT,6551,1,1,287,1,7,272,0,3,42,1,1
PAWN_AUDIT_ENTRY,6580,17701495099676773174,1029607436167253287,93205853598866163,696026692046204864,3814,18446744073709551344,18446744073709551345,18446744073709551335,6,5,1,3,18446744073709546868,18446744073709550278,6,0,0,0,0,0,0,0,0,18446744073709551295,18446744073709551295,4615086,13,11436,0,0,0,13,18446744073709549575,18446744073709550002,1419,18446744073709551344,0,1,1,8700102032646909252,0,0,6,14280987603881299051,0,1,1,0
PAWN_AUDIT_RESULT,6580,1,1,-400,0,0,-400,0,0,0,0,0
PAWN_AUDIT_ENTRY,6582,2029618020741181234,7136268786827377089,93205853598866163,13319464920959961255,3956,18446744073709551344,18446744073709551345,18446744073709551335,6,5,1,5,18446744073709544781,18446744073709550278,6,0,0,0,0,0,0,0,0,18446744073709551295,18446744073709551295,4615086,13,11438,0,0,0,11,18446744073709547517,18446744073709551030,2645,18446744073709551344,0,1,1,8700102032646909252,0,0,6,14280987603881299051,0,1,1,0
PAWN_AUDIT_RESULT,6582,1,1,-324,0,0,-324,0,0,0,0,0
PAWN_AUDIT_ENTRY,6584,9076316761163192052,2553868490617573858,93205853598866163,10012392242572775215,3826,18446744073709551344,18446744073709551345,18446744073709551335,6,5,1,8,18446744073709544297,18446744073709550278,6,0,0,0,0,0,0,0,0,18446744073709551295,18446744073709551295,4615086,13,11441,0,0,0,13,18446744073709548945,18446744073709551030,18446744073709550866,18446744073709551344,0,1,1,8700102032646909252,0,0,6,14280987603881299051,0,1,1,0
PAWN_AUDIT_RESULT,6584,1,1,-330,0,0,-330,0,0,0,0,0
PAWN_AUDIT_ENTRY,6585,2553868490617573858,7536737736659414961,11878745885080405585,3828308740340369438,3374,18446744073709551344,18446744073709551345,18446744073709551344,9,8,5,3,18446744073709545782,18446744073709549505,4,0,0,0,0,1,0,0,0,18446744073709551321,18446744073709551321,14615857,13,11442,0,0,0,10,18446744073709550767,18446744073709547715,302,18446744073709551344,4,1,1,2248062186675871760,0,0,4,8670544562523647675,0,1,1,0
PAWN_AUDIT_RESULT,6585,5,5,-434,0,0,-434,0,3,3,0,0
PAWN_AUDIT_ENTRY,6591,7817717070142598874,4385482694011559647,11878745885080405585,3414225473206211469,3826,18446744073709551344,18446744073709551345,18446744073709551344,9,8,4,5,18446744073709542565,18446744073709549527,4,0,0,0,0,1,0,0,0,18446744073709551321,18446744073709551321,14615857,13,11452,0,0,0,13,18446744073709548551,18446744073709551030,18446744073709550055,18446744073709551344,4,1,1,2248062186675871760,0,0,4,8670544562523647675,0,1,1,0
PAWN_AUDIT_RESULT,6591,4,4,-326,0,0,-326,0,0,0,0,0
PAWN_AUDIT_ENTRY,6592,4385482694011559647,18231868393993915511,11878745885080405585,1169818684997300991,3827,18446744073709551344,18446744073709551345,18446744073709551344,9,8,4,6,18446744073709538930,18446744073709550278,4,0,0,0,0,1,0,0,0,18446744073709551321,18446744073709551321,14615857,13,11453,0,0,0,13,18446744073709546425,18446744073709551030,18446744073709551030,18446744073709551344,4,1,1,2248062186675871760,0,0,4,8670544562523647675,0,1,1,0
PAWN_AUDIT_RESULT,6592,4,4,-344,0,0,-344,0,0,0,0,0
PAWN_AUDIT_ENTRY,6593,18231868393993915511,1684919060370803895,11878745885080405585,16676730973623819818,3808,18446744073709551344,18446744073709551345,18446744073709551344,9,8,3,7,18446744073709537695,18446744073709550278,4,0,0,0,0,1,0,0,0,18446744073709551321,18446744073709551321,14615857,13,11454,0,0,0,13,18446744073709546513,18446744073709551177,18446744073709549540,18446744073709551344,4,1,1,2248062186675871760,0,0,4,8670544562523647675,0,1,1,0
PAWN_AUDIT_RESULT,6593,3,3,-345,0,0,-345,0,0,0,0,0
PAWN_AUDIT_ENTRY,6594,1684919060370803895,13889212649631917178,11878745885080405585,955768786683745886,3437,18446744073709551344,18446744073709551345,18446744073709551344,9,8,4,8,18446744073709539365,18446744073709550278,4,0,0,0,0,1,0,0,0,18446744073709551321,18446744073709551321,14615857,13,11455,0,0,0,9,18446744073709545140,18446744073709551030,2469,18446744073709551344,4,1,1,2248062186675871760,0,0,4,8670544562523647675,0,0,1,0
PAWN_AUDIT_RESULT,6594,4,4,-358,0,0,-358,0,0,0,0,0
PAWN_AUDIT_ENTRY,6595,13889212649631917178,9889119356991995930,11878745885080405585,17594710330270412757,3817,18446744073709551344,18446744073709551345,18446744073709551344,9,8,4,10,18446744073709541258,18446744073709550278,4,0,0,0,0,1,0,0,0,18446744073709551321,18446744073709551321,14615857,13,11456,0,0,0,13,18446744073709549202,531,18446744073709546338,18446744073709551344,4,1,1,2248062186675871760,0,0,4,8670544562523647675,0,1,1,0
PAWN_AUDIT_RESULT,6595,4,4,-323,0,0,-323,0,0,0,0,0
PAWN_AUDIT_ENTRY,6596,9889119356991995930,8716938286488921481,11878745885080405585,4190586435012441764,3559,18446744073709551344,18446744073709551345,18446744073709551344,9,8,3,12,18446744073709539712,18446744073709550278,4,0,0,0,0,1,0,0,0,18446744073709551321,18446744073709551321,14615857,13,11457,0,0,0,9,18446744073709545844,18446744073709551030,1343,18446744073709551344,4,1,1,2248062186675871760,0,0,4,8670544562523647675,0,0,1,0
PAWN_AUDIT_RESULT,6596,3,3,-306,0,0,-306,0,0,0,0,0
PAWN_AUDIT_RESULT,6507,4,4,272,1,9,272,0,6,160,1,1
PAWN_AUDIT_ENTRY,6618,3473319178467327259,13103642584002880872,2914037873755138285,3475883685169818911,2657,18446744073709551344,18446744073709551345,18446744073709551344,9,8,2,3,18446744073709538398,18446744073709551414,4,0,0,0,0,0,0,0,0,18446744073709551257,18446744073709551257,11043253,13,11521,0,0,0,13,18446744073709546183,18446744073709551030,18446744073709551030,18446744073709551293,2,1,1,7155558057702101814,3,0,4,16764012504931682906,0,4,1,0
PAWN_AUDIT_RESULT,6618,2,2,-363,0,0,-363,0,0,0,0,0
PAWN_AUDIT_ENTRY,6620,356532399915339477,9976247398538187518,2914037873755138285,11224886723244458718,2656,18446744073709551344,18446744073709551345,18446744073709551344,9,8,2,7,18446744073709543641,18446744073709549564,4,0,0,0,0,0,0,0,0,18446744073709551257,18446744073709551257,11043253,13,11523,0,0,0,13,18446744073709548567,18446744073709551030,18446744073709551030,18446744073709551293,2,1,1,7155558057702101814,3,0,4,16764012504931682906,0,4,1,0
PAWN_AUDIT_RESULT,6620,2,2,-369,0,0,-369,0,0,0,0,0
PAWN_AUDIT_ENTRY,6621,9976247398538187518,6838427587136973499,2914037873755138285,12748838162367825393,2649,18446744073709551344,18446744073709551345,18446744073709551344,9,8,1,8,18446744073709539812,18446744073709549016,4,0,0,0,0,0,0,0,0,18446744073709551257,18446744073709551257,11043253,13,11524,0,0,0,13,18446744073709546826,18446744073709551030,18446744073709551030,18446744073709551293,2,1,1,7155558057702101814,3,0,4,16764012504931682906,0,4,1,0
PAWN_AUDIT_RESULT,6621,1,1,-388,0,0,-388,0,0,0,0,0
PAWN_AUDIT_ENTRY,6650,17742938504677257239,17452746733078117926,8099278682123695194,8684489984537100649,2491,18446744073709551344,18446744073709551345,18446744073709551344,9,8,5,3,18446744073709551380,18446744073709549164,4,0,0,0,0,0,0,0,0,18446744073709551125,18446744073709551125,10827148,13,11576,0,0,0,13,470,18446744073709551030,18446744073709551030,18446744073709551229,3,1,1,7155558057702101814,3,0,4,12732636573363672813,0,4,1,0
PAWN_AUDIT_RESULT,6650,5,5,-382,0,0,-382,0,0,0,0,0
PAWN_AUDIT_ENTRY,6652,7904366130275210682,12928779230422513954,8099278682123695194,13339209370353300831,2462,18446744073709551344,18446744073709551345,18446744073709551344,9,8,4,5,18446744073709542924,18446744073709550278,4,0,0,0,0,0,0,0,0,18446744073709551125,18446744073709551125,10827148,13,11578,0,0,0,13,18446744073709548241,18446744073709551030,18446744073709551030,18446744073709551229,3,1,1,7155558057702101814,3,0,4,12732636573363672813,0,4,1,0
PAWN_AUDIT_RESULT,6652,4,4,-414,0,0,-414,0,0,0,0,0
PAWN_AUDIT_ENTRY,6653,12928779230422513954,13679780807208525485,8099278682123695194,3189505426478732835,2471,18446744073709551344,18446744073709551345,18446744073709551344,9,8,3,6,18446744073709542704,18446744073709550278,4,0,0,0,0,0,0,0,0,18446744073709551125,18446744073709551125,10827148,13,11579,0,0,0,13,18446744073709548141,18446744073709551030,18446744073709551030,18446744073709551229,3,1,1,7155558057702101814,3,0,4,12732636573363672813,0,4,1,0
PAWN_AUDIT_RESULT,6653,3,3,-401,0,0,-401,0,0,0,0,0
PAWN_AUDIT_ENTRY,6654,13679780807208525485,14957493307913445174,8099278682123695194,17322090299865134369,2478,18446744073709551344,18446744073709551345,18446744073709551344,9,8,3,7,18446744073709542704,18446744073709550278,4,0,0,0,0,0,0,0,0,18446744073709551125,18446744073709551125,10827148,13,11580,0,0,0,13,18446744073709548141,18446744073709551030,18446744073709551030,18446744073709551229,3,1,1,7155558057702101814,3,0,4,12732636573363672813,0,4,1,0
PAWN_AUDIT_RESULT,6654,3,3,-412,0,0,-412,0,0,0,0,0
PAWN_AUDIT_ENTRY,6655,14957493307913445174,4382367098369318091,8099278682123695194,10987563408867671440,2479,18446744073709551344,18446744073709551345,18446744073709551344,9,8,3,8,18446744073709542704,18446744073709550278,4,0,0,0,0,0,0,0,0,18446744073709551125,18446744073709551125,10827148,13,11581,0,0,0,13,18446744073709548141,18446744073709551030,18446744073709551030,18446744073709551229,3,1,1,7155558057702101814,3,0,4,12732636573363672813,0,4,1,0
PAWN_AUDIT_RESULT,6655,3,3,-536,0,0,-536,0,0,0,0,0
PAWN_AUDIT_ENTRY,6656,4382367098369318091,8102327427028498303,8099278682123695194,5945462436031027252,2469,18446744073709551344,18446744073709551345,18446744073709551344,9,8,3,9,18446744073709544714,18446744073709548874,4,0,0,0,0,0,0,0,0,18446744073709551125,18446744073709551125,10827148,13,11582,0,0,0,13,18446744073709549055,18446744073709551030,18446744073709551030,18446744073709551229,3,1,1,7155558057702101814,3,0,4,12732636573363672813,0,4,1,0
PAWN_AUDIT_RESULT,6656,3,3,-412,0,0,-412,0,0,0,0,0
PAWN_AUDIT_ENTRY,6670,16420116589409432295,8271606962455444098,18352567040339216813,12557256071158571049,3817,18446744073709551343,18446744073709551344,18446744073709551343,7,6,2,4,18446744073709540055,2833,6,0,0,0,0,1,0,0,0,18446744073709551275,18446744073709551275,6273072,13,11613,0,0,1,13,18446744073709548262,18446744073709551030,18446744073709548299,18446744073709551292,3,1,1,3619664611334409215,0,0,6,15925058964516396671,0,1,1,0
PAWN_AUDIT_RESULT,6670,2,2,-321,0,0,-321,0,1,1,0,0
PAWN_AUDIT_ENTRY,6671,8271606962455444098,11020521558231641862,18352567040339216813,6939860274053871960,3559,18446744073709551343,18446744073709551344,18446744073709551343,7,6,1,5,18446744073709544749,18446744073709550278,6,0,0,0,0,1,0,0,0,18446744073709551275,18446744073709551275,6273072,13,11615,0,0,1,9,18446744073709545271,18446744073709551030,7243,18446744073709551292,3,1,1,3619664611334409215,0,0,6,15925058964516396671,0,0,1,0
PAWN_AUDIT_RESULT,6671,1,1,-349,0,0,-349,0,0,0,0,0
PAWN_AUDIT_ENTRY,6674,6829543396389029538,15329061599115221385,5142122724787659402,15682168342327317119,3559,18446744073709551343,18446744073709551344,18446744073709551343,12,11,3,5,18446744073709535990,1614,4,0,1,0,0,1,0,2072,0,18446744073709551335,18446744073709551318,1721929,13,11618,0,0,0,9,18446744073709545158,18446744073709550917,18446744073709551002,18446744073709551335,9,2,1,15612587136633976202,1,0,4,7332097423084754067,0,0,1,0
PAWN_AUDIT_RESULT,6674,3,3,-332,0,0,-332,0,0,0,0,0
PAWN_AUDIT_ENTRY,6675,15329061599115221385,1957172445155821762,5142122724787659402,1704967596427610894,3817,18446744073709551343,18446744073709551344,18446744073709551343,12,11,5,6,18446744073709550412,18446744073709551139,4,0,1,0,0,1,0,2072,0,18446744073709551335,18446744073709551318,1721929,13,11619,0,0,0,13,18446744073709550859,1989,18446744073709549998,18446744073709551335,9,2,1,15612587136633976202,1,0,4,7332097423084754067,0,2,1,0
PAWN_AUDIT_RESULT,6675,5,5,-314,0,0,-314,0,1,1,0,0
PAWN_AUDIT_ENTRY,6676,1957172445155821762,1857446455767497287,5142122724787659402,9562227450258758245,3502,18446744073709551343,18446744073709551344,18446744073709551343,12,11,3,7,18446744073709534212,18446744073709549729,4,0,1,0,0,1,0,2072,0,18446744073709551335,18446744073709551318,1721929,13,11621,0,0,0,9,18446744073709544433,18446744073709551030,18446744073709550714,18446744073709551335,9,2,1,15612587136633976202,1,0,4,7332097423084754067,0,0,1,0
PAWN_AUDIT_RESULT,6676,3,3,-395,0,0,-395,0,0,0,0,0
PAWN_AUDIT_ENTRY,6677,1857446455767497287,918909763237030839,5142122724787659402,319240572209806389,3494,18446744073709551343,18446744073709551344,18446744073709551343,12,11,3,8,18446744073709534084,18446744073709549670,4,0,1,0,0,1,0,2072,0,18446744073709551335,18446744073709551318,1721929,13,11622,0,0,0,9,18446744073709544433,18446744073709551030,18446744073709550594,18446744073709551335,9,2,1,15612587136633976202,1,0,4,7332097423084754067,0,0,1,0
PAWN_AUDIT_RESULT,6677,3,3,-474,0,0,-474,0,0,0,0,0
PAWN_AUDIT_ENTRY,6678,918909763237030839,8562549516680614733,5142122724787659402,13561523130420354323,3429,18446744073709551343,18446744073709551344,18446744073709551343,12,11,3,9,18446744073709533757,18446744073709549469,4,0,1,0,0,1,0,2072,0,18446744073709551335,18446744073709551318,1721929,13,11623,0,0,0,9,18446744073709544433,18446744073709551030,18446744073709550287,18446744073709551335,9,2,1,15612587136633976202,1,0,4,7332097423084754067,0,0,1,0
PAWN_AUDIT_RESULT,6678,3,3,-445,0,0,-445,0,0,0,0,0
PAWN_AUDIT_ENTRY,6679,8562549516680614733,1724296319843098344,5142122724787659402,14764056146276562774,3826,18446744073709551343,18446744073709551344,18446744073709551343,12,11,3,10,18446744073709540907,18446744073709546859,4,0,1,0,0,1,0,2072,0,18446744073709551335,18446744073709551318,1721929,13,11624,0,0,0,13,18446744073709547670,18446744073709550744,18446744073709550611,18446744073709551335,9,2,1,15612587136633976202,1,0,4,7332097423084754067,0,2,1,0
PAWN_AUDIT_RESULT,6679,3,3,-316,0,0,-316,0,0,0,0,0
PAWN_AUDIT_ENTRY,6680,1724296319843098344,17888030104094032415,5142122724787659402,9234494863146297831,3807,18446744073709551343,18446744073709551344,18446744073709551343,12,11,3,11,18446744073709534084,18446744073709548102,4,0,1,0,0,1,0,2072,0,18446744073709551335,18446744073709551318,1721929,13,11625,0,0,0,13,18446744073709544433,18446744073709551030,18446744073709550594,18446744073709551335,9,2,1,15612587136633976202,1,0,4,7332097423084754067,0,2,1,0
PAWN_AUDIT_RESULT,6680,3,3,-327,0,0,-327,0,0,0,0,0
PAWN_AUDIT_ENTRY,6681,17888030104094032415,12180052981549993772,5142122724787659402,960622768178768322,3641,18446744073709551343,18446744073709551344,18446744073709551343,12,11,3,12,18446744073709535302,18446744073709547477,4,0,1,0,0,1,0,2072,0,18446744073709551335,18446744073709551318,1721929,13,11626,0,0,0,12,18446744073709544946,18446744073709551030,18446744073709550678,18446744073709551335,9,2,1,15612587136633976202,1,0,4,7332097423084754067,0,2,1,0
PAWN_AUDIT_RESULT,6681,3,3,-315,0,0,-315,0,0,0,0,0
PAWN_AUDIT_ENTRY,6682,12180052981549993772,11109110084022064435,5142122724787659402,17205482892332348037,3437,18446744073709551343,18446744073709551344,18446744073709551343,12,11,3,13,18446744073709533551,18446744073709549416,4,0,1,0,0,1,0,2072,0,18446744073709551335,18446744073709551318,1721929,13,11627,0,0,0,9,18446744073709544810,18446744073709550693,18446744073709549665,18446744073709551335,9,2,1,15612587136633976202,1,0,4,7332097423084754067,0,0,1,0
PAWN_AUDIT_RESULT,6682,3,3,-406,0,0,-406,0,0,0,0,0
PAWN_AUDIT_ENTRY,6683,11109110084022064435,11680253621462952539,5142122724787659402,1483167442682084134,3112,18446744073709551343,18446744073709551344,18446744073709551343,12,11,3,14,18446744073709533206,18446744073709549124,4,0,1,0,0,1,0,2072,0,18446744073709551335,18446744073709551318,1721929,13,11628,0,0,0,9,18446744073709544442,18446744073709551030,18446744073709549753,18446744073709551335,9,2,1,15612587136633976202,1,0,4,7332097423084754067,0,0,1,0
PAWN_AUDIT_RESULT,6683,3,3,-379,0,0,-379,0,0,0,0,0
PAWN_AUDIT_ENTRY,6684,11680253621462952539,11687492023681125985,5142122724787659402,12703524653122668722,4015,18446744073709551343,18446744073709551344,18446744073709551343,12,11,3,15,18446744073709534001,18446744073709546298,4,0,1,0,0,1,0,2072,0,18446744073709551335,18446744073709551318,1721929,13,11629,0,0,0,10,18446744073709544691,18446744073709550724,18446744073709550300,18446744073709551335,9,2,1,15612587136633976202,1,0,4,7332097423084754067,0,2,1,0
PAWN_AUDIT_RESULT,6684,3,3,-323,0,0,-323,0,0,0,0,0
PAWN_AUDIT_ENTRY,6685,11687492023681125985,10832272099794555018,5142122724787659402,17562264796552205860,3827,18446744073709551343,18446744073709551344,18446744073709551343,12,11,3,16,18446744073709536918,18446744073709545439,4,0,1,0,0,1,0,2072,0,18446744073709551335,18446744073709551318,1721929,13,11630,0,0,0,13,18446744073709545700,18446744073709551030,18446744073709550638,18446744073709551335,9,2,1,15612587136633976202,1,0,4,7332097423084754067,0,2,1,0
PAWN_AUDIT_RESULT,6685,3,3,-337,0,0,-337,0,0,0,0,0
PAWN_AUDIT_ENTRY,6686,10832272099794555018,6474114477749457346,5142122724787659402,18361001560882393310,3956,18446744073709551343,18446744073709551344,18446744073709551343,12,11,3,17,18446744073709536333,18446744073709549108,4,0,1,0,0,1,0,2072,0,18446744073709551335,18446744073709551318,1721929,13,11631,0,0,0,11,18446744073709546581,18446744073709550887,18446744073709548422,18446744073709551335,9,2,1,15612587136633976202,1,0,4,7332097423084754067,0,2,1,0
PAWN_AUDIT_RESULT,6686,3,3,-337,0,0,-337,0,0,0,0,0
PAWN_AUDIT_ENTRY,6687,6474114477749457346,6983521644928832071,5142122724787659402,3874641414412935419,3567,18446744073709551343,18446744073709551344,18446744073709551343,12,11,3,18,18446744073709534278,18446744073709548314,4,0,1,0,0,1,0,2072,0,18446744073709551335,18446744073709551318,1721929,13,11632,0,0,0,9,18446744073709545114,18446744073709551030,18446744073709549372,18446744073709551335,9,2,1,15612587136633976202,1,0,4,7332097423084754067,0,0,1,0
PAWN_AUDIT_RESULT,6687,3,3,-343,0,0,-343,0,0,0,0,0
PAWN_AUDIT_ENTRY,6688,6983521644928832071,13120487278565445987,5142122724787659402,8661384580473989425,3892,18446744073709551343,18446744073709551344,18446744073709551343,12,11,3,19,18446744073709533909,18446744073709545940,4,0,1,0,0,1,0,2072,0,18446744073709551335,18446744073709551318,1721929,13,11633,0,0,0,14,18446744073709544433,18446744073709551030,18446744073709550430,18446744073709551335,9,2,1,15612587136633976202,1,0,4,7332097423084754067,0,2,1,0
PAWN_AUDIT_RESULT,6688,3,3,-547,0,0,-547,0,0,0,0,0
PAWN_AUDIT_ENTRY,6689,13120487278565445987,8037746372752256175,5142122724787659402,4312938312282357158,3828,18446744073709551343,18446744073709551344,18446744073709551343,12,11,2,20,18446744073709533178,18446744073709546033,4,0,1,0,0,1,0,2072,0,18446744073709551335,18446744073709551318,1721929,13,11634,0,0,0,13,18446744073709544433,18446744073709550689,18446744073709550096,18446744073709551335,9,2,1,15612587136633976202,1,0,4,7332097423084754067,0,2,1,0
PAWN_AUDIT_RESULT,6689,2,2,-381,0,0,-381,0,0,0,0,0
PAWN_AUDIT_ENTRY,6690,8037746372752256175,8596206543319075394,5142122724787659402,4794322663614586957,3891,18446744073709551343,18446744073709551344,18446744073709551343,12,11,3,21,18446744073709533974,18446744073709545443,4,0,1,0,0,1,0,2072,0,18446744073709551335,18446744073709551318,1721929,13,11635,0,0,0,14,18446744073709544433,18446744073709551030,18446744073709550491,18446744073709551335,9,2,1,15612587136633976202,1,0,4,7332097423084754067,0,2,1,0
PAWN_AUDIT_RESULT,6690,3,3,-500,0,0,-500,0,0,0,0,0
PAWN_AUDIT_ENTRY,6691,8596206543319075394,11427613526046290169,5142122724787659402,6956048978164058494,3763,18446744073709551343,18446744073709551344,18446744073709551343,12,11,3,22,18446744073709534523,18446744073709545160,4,0,1,0,0,1,0,2072,0,18446744073709551335,18446744073709551318,1721929,13,11636,0,0,0,11,18446744073709544684,18446744073709551030,18446744073709550488,18446744073709551335,9,2,1,15612587136633976202,1,0,4,7332097423084754067,0,2,1,0
PAWN_AUDIT_RESULT,6691,3,3,-354,0,0,-354,0,0,0,0,0
PAWN_AUDIT_ENTRY,6692,11427613526046290169,12159422966250900777,9138749270250121699,11259809562303285609,2722,18446744073709551343,18446744073709551344,18446744073709551343,11,10,5,2,18446744073709549281,18446744073709550909,2,0,1,0,0,1,0,2592,0,18446744073709551335,18446744073709551288,12645047,13,11637,0,0,0,9,295,225,18446744073709548588,18446744073709551335,10,2,1,7155558057702101814,1,0,2,3202245661494786696,0,0,1,0
PAWN_AUDIT_RESULT,6692,5,5,-358,0,0,-358,0,0,0,0,0
PAWN_AUDIT_ENTRY,6693,12159422966250900777,5255809349288985848,9138749270250121699,13749535227748557958,4020,18446744073709551343,18446744073709551344,18446744073709551343,11,10,5,3,18446744073709550031,18446744073709548901,2,0,1,0,0,1,0,2592,0,18446744073709551335,18446744073709551288,12645047,13,11638,0,0,0,10,2752,18446744073709548186,18446744073709547994,18446744073709551335,10,2,1,7155558057702101814,1,0,2,3202245661494786696,0,2,1,0
PAWN_AUDIT_RESULT,6693,5,5,-308,0,0,-308,0,0,0,0,0
PAWN_AUDIT_ENTRY,6694,5255809349288985848,18218385458840118274,9138749270250121699,3325454964849786983,3817,18446744073709551343,18446744073709551344,18446744073709551343,11,10,4,4,18446744073709547149,18446744073709548098,2,0,1,0,0,1,0,2592,0,18446744073709551335,18446744073709551288,12645047,13,11639,0,0,0,13,18446744073709551442,18446744073709551046,18446744073709548376,18446744073709551335,10,2,1,7155558057702101814,1,0,2,3202245661494786696,0,2,1,0
PAWN_AUDIT_RESULT,6694,4,4,-311,0,0,-311,0,0,0,0,0
PAWN_AUDIT_ENTRY,6695,18218385458840118274,4564579338890195483,9138749270250121699,8367246976563092418,3929,18446744073709551343,18446744073709551344,18446744073709551343,11,10,2,5,18446744073709525148,18446744073709547944,2,0,1,0,0,1,0,2592,1,18446744073709551335,18446744073709551288,12645047,13,11640,0,0,0,11,18446744073709544791,18446744073709546936,18446744073709545702,18446744073709551335,10,2,1,7155558057702101814,1,0,2,3202245661494786696,0,2,1,0
PAWN_AUDIT_RESULT,6695,2,2,-322,0,0,-322,0,0,0,0,0
PAWN_AUDIT_ENTRY,6696,4564579338890195483,7234605116593948320,9138749270250121699,16153673335207303446,3559,18446744073709551343,18446744073709551344,18446744073709551343,11,10,3,6,18446744073709539912,18446744073709548562,2,0,1,0,0,1,0,2592,0,18446744073709551335,18446744073709551288,12645047,13,11641,0,0,0,9,18446744073709545066,4155,18446744073709549865,18446744073709551335,10,2,1,7155558057702101814,1,0,2,3202245661494786696,0,0,1,0
PAWN_AUDIT_RESULT,6696,3,3,-370,0,0,-370,0,0,0,0,0
PAWN_AUDIT_ENTRY,6697,7234605116593948320,926904939666386733,9138749270250121699,17684324579541810239,3826,18446744073709551343,18446744073709551344,18446744073709551343,11,10,3,7,18446744073709536485,18446744073709546934,2,0,1,0,0,1,0,2592,0,18446744073709551335,18446744073709551288,12645047,13,11642,0,0,0,13,18446744073709547481,18446744073709550326,18446744073709547288,18446744073709551335,10,2,1,7155558057702101814,1,0,2,3202245661494786696,0,2,1,0
PAWN_AUDIT_RESULT,6697,3,3,-320,0,0,-320,0,0,0,0,0
PAWN_AUDIT_ENTRY,6698,926904939666386733,11375667551772198397,9138749270250121699,4458856989753472860,3494,18446744073709551343,18446744073709551344,18446744073709551343,11,10,2,8,18446744073709532400,18446744073709548749,2,0,1,0,0,1,0,2592,0,18446744073709551335,18446744073709551288,12645047,13,11643,0,0,0,9,18446744073709544433,18446744073709551030,18446744073709549016,18446744073709551335,10,2,1,7155558057702101814,1,0,2,3202245661494786696,0,0,1,0
PAWN_AUDIT_RESULT,6698,2,2,-508,0,0,-508,0,0,0,0,0
PAWN_AUDIT_ENTRY,6699,11375667551772198397,4285749411006061449,9138749270250121699,13636049066438250764,3502,18446744073709551343,18446744073709551344,18446744073709551343,11,10,2,9,18446744073709532430,18446744073709548725,2,0,1,0,0,1,0,2592,0,18446744073709551335,18446744073709551288,12645047,13,11644,0,0,0,9,18446744073709544433,18446744073709551030,18446744073709549044,18446744073709551335,10,2,1,7155558057702101814,1,0,2,3202245661494786696,0,0,1,0
PAWN_AUDIT_RESULT,6699,2,2,-420,0,0,-420,0,0,0,0,0
PAWN_AUDIT_ENTRY,6700,4285749411006061449,11535778716112703463,9138749270250121699,3808901811562242731,3641,18446744073709551343,18446744073709551344,18446744073709551343,11,10,2,10,18446744073709533795,18446744073709547404,2,0,1,0,0,1,0,2592,0,18446744073709551335,18446744073709551288,12645047,13,11645,0,0,0,12,18446744073709544917,18446744073709551030,18446744073709549326,18446744073709551335,10,2,1,7155558057702101814,1,0,2,3202245661494786696,0,2,1,0
PAWN_AUDIT_RESULT,6700,2,2,-339,0,0,-339,0,0,0,0,0
PAWN_AUDIT_ENTRY,6701,11535778716112703463,1781557905864414375,9138749270250121699,14570995949391797581,3827,18446744073709551343,18446744073709551344,18446744073709551343,11,10,2,15,18446744073709535223,18446744073709545848,2,0,1,0,0,1,0,2592,0,18446744073709551335,18446744073709551288,12645047,13,11646,0,0,0,13,18446744073709545509,18446744073709551030,18446744073709549444,18446744073709551335,10,2,1,7155558057702101814,1,0,2,3202245661494786696,0,2,1,0
PAWN_AUDIT_RESULT,6701,2,2,-372,0,0,-372,0,0,0,0,0
PAWN_AUDIT_TOTAL,6793,12387035683552576292,4995,1
