PAWN_AUDIT_ENTRY,72,13091905230436614247,15925305542721202248,13160803970608191804,3696789811509537227,75,268,269,262,6,5,1,5,18446744073709551264,18446744073709550965,5,0,0,0,0,0,0,0,0,176,176,18446744073704210699,7,432,0,0,1,2,417,18446744073709551030,18446744073709551030,253,0,1,1,11090425736916188940,0,0,5,5559326230492811445,0,1,1,0
PAWN_AUDIT_RESULT,72,1,1,179,0,0,179,0,0,0,0,0
PAWN_AUDIT_ENTRY,73,15925305542721202248,17882129835391723423,13160803970608191804,9994079788093215672,1058,268,269,262,6,5,1,7,18446744073709550340,18446744073709550278,5,0,0,0,0,0,0,0,0,176,176,18446744073704210699,7,433,0,0,1,3,18446744073709551613,18446744073709551030,18446744073709551030,253,0,1,1,11090425736916188940,0,0,5,5559326230492811445,0,1,1,0
PAWN_AUDIT_RESULT,73,1,1,143,0,0,143,0,0,0,0,0
PAWN_AUDIT_ENTRY,74,17882129835391723423,1330746737523169144,13160803970608191804,13303474880458864239,405,268,269,262,6,5,1,10,18446744073709549986,18446744073709550340,5,0,0,0,0,0,0,0,0,176,176,18446744073704210699,7,434,0,0,1,2,18446744073709551452,18446744073709551030,18446744073709551030,253,0,1,1,11090425736916188940,0,0,5,5559326230492811445,0,1,1,0
PAWN_AUDIT_RESULT,74,1,1,208,0,0,208,0,0,0,0,0
PAWN_AUDIT_ENTRY,75,1330746737523169144,12675873328358732739,13160803970608191804,1756624861929983849,267,268,269,262,6,5,1,11,18446744073709550219,18446744073709550223,5,0,0,0,0,0,0,0,0,176,176,18446744073704210699,7,435,0,0,1,6,18446744073709551558,18446744073709551030,18446744073709551030,253,0,1,1,11090425736916188940,0,0,5,5559326230492811445,0,1,1,0
PAWN_AUDIT_RESULT,75,1,1,200,0,0,200,0,0,0,0,0
PAWN_AUDIT_ENTRY,76,12675873328358732739,4426630683391615512,13160803970608191804,8444236076740716080,1033,268,269,262,6,5,1,12,18446744073709549977,18446744073709550190,5,0,0,0,0,0,0,0,0,176,176,18446744073704210699,7,436,0,0,1,3,18446744073709551448,18446744073709551030,18446744073709551030,253,0,1,1,11090425736916188940,0,0,5,5559326230492811445,0,1,1,0
PAWN_AUDIT_RESULT,76,1,1,189,0,0,189,0,0,0,0,0
PAWN_AUDIT_ENTRY,77,4426630683391615512,4159108583331939678,13160803970608191804,1155458084712688007,339,268,269,262,6,5,1,13,18446744073709549808,18446744073709550038,5,0,0,0,0,0,0,0,0,176,176,18446744073704210699,7,437,0,0,1,3,18446744073709551371,18446744073709551030,18446744073709551030,253,0,1,1,11090425736916188940,0,0,5,5559326230492811445,0,1,1,0
PAWN_AUDIT_RESULT,77,1,1,206,0,0,206,0,0,0,0,0
PAWN_AUDIT_ENTRY,78,4159108583331939678,8791191878638337695,13160803970608191804,8735775629403116285,407,268,269,262,6,5,1,14,18446744073709549641,18446744073709550031,5,0,0,0,0,0,0,0,0,176,176,18446744073704210699,7,438,0,0,1,2,18446744073709551295,18446744073709551030,18446744073709551030,253,0,1,1,11090425736916188940,0,0,5,5559326230492811445,0,1,1,0
PAWN_AUDIT_RESULT,78,1,1,192,0,0,192,0,0,0,0,0
PAWN_AUDIT_ENTRY,79,8791191878638337695,14799846710867879660,13160803970608191804,6027957450138955528,666,268,269,262,6,5,1,15,18446744073709548493,18446744073709550278,5,0,0,0,0,0,0,0,0,176,176,18446744073704210699,7,439,0,0,1,1,18446744073709550773,18446744073709551030,18446744073709551030,253,0,1,1,11090425736916188940,0,0,5,5559326230492811445,0,0,1,0
PAWN_AUDIT_RESULT,79,1,1,216,0,0,216,0,0,0,0,0
PAWN_AUDIT_ENTRY,80,14799846710867879660,7955782090635713658,13160803970608191804,8506224177335744983,1828,268,269,262,6,5,1,16,18446744073709548332,18446744073709550278,5,0,0,0,0,0,0,0,0,176,176,18446744073704210699,7,440,0,0,1,1,18446744073709550700,18446744073709551030,18446744073709551030,253,0,1,1,11090425736916188940,0,0,5,5559326230492811445,0,0,1,0
PAWN_AUDIT_RESULT,80,1,1,150,0,0,150,0,0,0,0,0
PAWN_AUDIT_ENTRY,81,7955782090635713658,5716000451278532332,13160803970608191804,14321819361673261700,269,268,269,262,6,5,1,17,18446744073709549082,18446744073709549712,5,0,0,0,0,0,0,0,0,176,176,18446744073704210699,7,441,0,0,1,6,18446744073709551041,18446744073709551030,18446744073709551030,253,0,1,1,11090425736916188940,0,0,5,5559326230492811445,0,1,1,0
PAWN_AUDIT_RESULT,81,1,1,181,0,0,181,0,0,0,0,0
PAWN_AUDIT_ENTRY,82,5716000451278532332,8064544901649218880,13160803970608191804,14375217243094031559,658,268,269,262,6,5,1,18,18446744073709547219,18446744073709550278,5,0,0,0,0,0,0,0,0,176,176,18446744073704210699,7,442,0,0,1,1,18446744073709550194,18446744073709551030,18446744073709551030,253,0,1,1,11090425736916188940,0,0,5,5559326230492811445,0,0,1,0
PAWN_AUDIT_RESULT,82,1,1,204,0,0,204,0,0,0,0,0
PAWN_AUDIT_ENTRY,83,8064544901649218880,18351603523078921218,13160803970608191804,6902797941496196570,918,268,269,262,6,5,1,19,18446744073709547219,18446744073709550278,5,0,0,0,0,0,0,0,0,176,176,18446744073704210699,7,443,0,0,1,1,18446744073709550194,18446744073709551030,18446744073709551030,253,0,1,1,11090425736916188940,0,0,5,5559326230492811445,0,0,1,0
PAWN_AUDIT_RESULT,83,1,1,195,0,0,195,0,0,0,0,0
PAWN_AUDIT_ENTRY,84,18351603523078921218,4514729452945762620,13160803970608191804,3045365575830525085,983,268,269,262,6,5,1,20,18446744073709547219,18446744073709550278,5,0,0,0,0,0,0,0,0,176,176,18446744073704210699,7,444,0,0,1,1,18446744073709550194,18446744073709551030,18446744073709551030,253,0,1,1,11090425736916188940,0,0,5,5559326230492811445,0,0,1,0
PAWN_AUDIT_RESULT,84,1,1,202,0,0,202,0,0,0,0,0
PAWN_AUDIT_ENTRY,85,4514729452945762620,845659318551794843,13160803970608191804,18178477541431721728,1026,268,269,262,6,5,1,22,18446744073709547219,18446744073709550278,5,0,0,0,0,0,0,0,0,176,176,18446744073704210699,7,445,0,0,1,3,18446744073709550194,18446744073709551030,18446744073709551030,253,0,1,1,11090425736916188940,0,0,5,5559326230492811445,0,1,1,0
PAWN_AUDIT_RESULT,85,1,1,160,0,0,160,0,0,0,0,0
PAWN_AUDIT_ENTRY,86,845659318551794843,4724247796417582818,13160803970608191804,7651245635505861078,991,268,269,262,6,5,1,23,18446744073709547010,18446744073709550278,5,0,0,0,0,0,0,0,0,176,176,18446744073704210699,7,446,0,0,1,1,18446744073709550099,18446744073709551030,18446744073709551030,253,0,1,1,11090425736916188940,0,0,5,5559326230492811445,0,0,1,0
PAWN_AUDIT_RESULT,86,1,1,204,0,0,204,0,0,0,0,0
PAWN_AUDIT_ENTRY,87,4724247796417582818,9499621086267674256,13160803970608191804,2904915219690872816,332,268,269,262,6,5,1,24,18446744073709548308,18446744073709549364,5,0,0,0,0,0,0,0,0,176,176,18446744073704210699,7,447,0,0,1,3,18446744073709550689,18446744073709551030,18446744073709551030,253,0,1,1,11090425736916188940,0,0,5,5559326230492811445,0,1,1,0
PAWN_AUDIT_RESULT,87,1,1,190,0,0,190,0,0,0,0,0
PAWN_AUDIT_ENTRY,88,9499621086267674256,9087544328772892801,13160803970608191804,13209699795532277057,926,268,269,262,6,5,1,25,18446744073709545706,18446744073709550278,5,0,0,0,0,0,0,0,0,176,176,18446744073704210699,7,448,0,0,1,1,18446744073709549506,18446744073709551030,18446744073709551030,253,0,1,1,11090425736916188940,0,0,5,5559326230492811445,0,0,1,0
PAWN_AUDIT_RESULT,88,1,1,191,0,0,191,0,0,0,0,0
PAWN_AUDIT_ENTRY,89,9087544328772892801,9245960670550394352,13160803970608191804,11881775011802871085,259,268,269,262,6,5,1,26,18446744073709547921,18446744073709549190,5,0,0,0,0,0,0,0,0,176,176,18446744073704210699,7,449,0,0,1,6,18446744073709550513,18446744073709551030,18446744073709551030,253,0,1,1,11090425736916188940,0,0,5,5559326230492811445,0,1,1,0
PAWN_AUDIT_RESULT,89,1,1,172,0,0,172,0,0,0,0,0
PAWN_AUDIT_ENTRY,90,9245960670550394352,7739233775391661239,13160803970608191804,2650393591355188245,1113,268,269,262,6,5,1,27,18446744073709544714,18446744073709550278,5,0,0,0,0,0,0,0,0,176,176,18446744073704210699,7,450,0,0,1,1,18446744073709549055,18446744073709551030,18446744073709551030,253,0,1,1,11090425736916188940,0,0,5,5559326230492811445,0,0,1,0
PAWN_AUDIT_RESULT,90,1,1,136,0,0,136,0,0,0,0,0
PAWN_AUDIT_ENTRY,91,7739233775391661239,12638829798879762585,13160803970608191804,1583704183669702344,268,268,269,262,6,5,1,28,18446744073709547389,18446744073709548951,5,0,0,0,0,0,0,0,0,176,176,18446744073704210699,7,451,0,0,1,6,18446744073709550271,18446744073709551030,18446744073709551030,253,0,1,1,11090425736916188940,0,0,5,5559326230492811445,0,1,1,0
PAWN_AUDIT_RESULT,91,1,1,146,0,0,146,0,0,0,0,0
PAWN_AUDIT_ENTRY,92,12638829798879762585,4228859484423877970,13160803970608191804,4060464647628481633,346,268,269,262,6,5,1,29,18446744073709547219,18446744073709548874,5,0,0,0,0,0,0,0,0,176,176,18446744073704210699,7,452,0,0,1,3,18446744073709550194,18446744073709551030,18446744073709551030,253,0,1,1,11090425736916188940,0,0,5,5559326230492811445,0,1,1,0
PAWN_AUDIT_RESULT,92,1,1,154,0,0,154,0,0,0,0,0
PAWN_AUDIT_ENTRY,97,655756694421774587,13582179061545853232,2587697913703653912,8120491779032224562,82,268,269,262,8,7,2,5,18446744073709549166,317,3,0,0,0,0,0,0,0,0,126,126,18446744073704210699,7,460,0,0,0,2,18446744073709551079,18446744073709551030,18446744073709551030,254,0,1,1,11090425736916188940,3,0,3,1356371177445769637,0,4,1,0
PAWN_AUDIT_RESULT,97,2,2,82,0,0,82,0,0,0,0,0
PAWN_AUDIT_ENTRY,98,13582179061545853232,17107318340968696020,2587697913703653912,14214477072899506142,1076,268,269,262,8,7,1,8,18446744073709550340,18446744073709550278,3,0,0,0,0,0,0,0,1,126,126,18446744073704210699,7,461,0,0,0,3,18446744073709551613,18446744073709551030,18446744073709551030,254,0,1,1,11090425736916188940,3,0,3,1356371177445769637,0,4,1,0
PAWN_AUDIT_RESULT,98,1,1,-303,0,0,-303,0,3,3,0,0
PAWN_AUDIT_ENTRY,99,17107318340968696020,12758233053142007651,2587697913703653912,8138230443666308271,2499,268,269,262,8,7,1,9,18446744073709550340,18446744073709550278,3,0,0,0,0,0,0,0,0,126,126,18446744073704210699,7,465,0,0,0,5,18446744073709551613,18446744073709551030,18446744073709551030,254,0,1,1,11090425736916188940,3,0,3,1356371177445769637,0,4,1,0
PAWN_AUDIT_RESULT,99,1,1,190,0,0,190,0,0,0,0,0
PAWN_AUDIT_ENTRY,100,12758233053142007651,10763217310999704516,2587697913703653912,10971421399313428489,2508,268,269,262,8,7,1,10,18446744073709550340,18446744073709550278,3,0,0,0,0,0,0,0,0,126,126,18446744073704210699,7,466,0,0,0,5,18446744073709551613,18446744073709551030,18446744073709551030,254,0,1,1,11090425736916188940,3,0,3,1356371177445769637,0,4,1,0
PAWN_AUDIT_RESULT,100,1,1,150,0,0,150,0,0,0,0,0
PAWN_AUDIT_ENTRY,101,10763217310999704516,5494090034325946724,2587697913703653912,4000735885042540133,2517,268,269,262,8,7,1,11,18446744073709550340,18446744073709550278,3,0,0,0,0,0,0,0,0,126,126,18446744073704210699,7,467,0,0,0,5,18446744073709551613,18446744073709551030,18446744073709551030,254,0,1,1,11090425736916188940,3,0,3,1356371177445769637,0,4,1,0
PAWN_AUDIT_RESULT,101,1,1,212,0,0,212,0,0,0,0,0
PAWN_AUDIT_ENTRY,102,5494090034325946724,12282436927256379281,2587697913703653912,3949554667181505621,2519,268,269,262,8,7,1,12,18446744073709550340,18446744073709550278,3,0,0,0,0,0,0,0,0,126,126,18446744073704210699,7,468,0,0,0,5,18446744073709551613,18446744073709551030,18446744073709551030,254,0,1,1,11090425736916188940,3,0,3,1356371177445769637,0,4,1,0
PAWN_AUDIT_RESULT,102,1,1,181,0,0,181,0,0,0,0,0
PAWN_AUDIT_ENTRY,103,12282436927256379281,14583807847758219962,2587697913703653912,5575196715453644235,2526,268,269,262,8,7,1,13,18446744073709550340,18446744073709550278,3,0,0,0,0,0,0,0,0,126,126,18446744073704210699,7,469,0,0,0,5,18446744073709551613,18446744073709551030,18446744073709551030,254,0,1,1,11090425736916188940,3,0,3,1356371177445769637,0,4,1,0
PAWN_AUDIT_RESULT,103,1,1,158,0,0,158,0,0,0,0,0
PAWN_AUDIT_ENTRY,104,14583807847758219962,11608135466019040697,2587697913703653912,715872067748645828,2527,268,269,262,8,7,1,14,18446744073709550340,18446744073709550278,3,0,0,0,0,0,0,0,0,126,126,18446744073704210699,7,470,0,0,0,5,18446744073709551613,18446744073709551030,18446744073709551030,254,0,1,1,11090425736916188940,3,0,3,1356371177445769637,0,4,1,0
PAWN_AUDIT_RESULT,104,1,1,163,0,0,163,0,0,0,0,0
PAWN_AUDIT_ENTRY,105,11608135466019040697,3823653793444329778,2587697913703653912,11961677497474126575,75,268,269,262,8,7,1,16,18446744073709548730,18446744073709550965,3,0,0,0,0,0,0,0,0,126,126,18446744073704210699,7,471,0,0,0,2,18446744073709550881,18446744073709551030,18446744073709551030,254,0,1,1,11090425736916188940,3,0,3,1356371177445769637,0,4,1,0
PAWN_AUDIT_RESULT,105,1,1,42,0,0,42,0,0,0,0,0
PAWN_AUDIT_ENTRY,106,3823653793444329778,3221680329348807648,2587697913703653912,3301885210934676811,405,268,269,262,8,7,1,17,18446744073709549584,18446744073709550153,3,0,0,0,0,0,0,0,0,126,126,18446744073704210699,7,472,0,0,0,2,18446744073709551269,18446744073709551030,18446744073709551030,254,0,1,1,11090425736916188940,3,0,3,1356371177445769637,0,4,1,0
PAWN_AUDIT_RESULT,106,1,1,170,0,0,170,0,0,0,0,0
PAWN_AUDIT_ENTRY,107,3221680329348807648,3949281862235140083,2587697913703653912,14333360765049115692,666,268,269,262,8,7,1,18,18446744073709548682,18446744073709550278,3,0,0,0,0,0,0,0,0,126,126,18446744073704210699,7,473,0,0,0,1,18446744073709550859,18446744073709551030,18446744073709551030,254,0,1,1,11090425736916188940,3,0,3,1356371177445769637,0,0,1,0
PAWN_AUDIT_RESULT,107,1,1,188,0,0,188,0,0,0,0,0
PAWN_AUDIT_ENTRY,108,3949281862235140083,12915992544033540289,2587697913703653912,9603024538100208291,339,268,269,262,8,7,1,19,18446744073709549315,18446744073709549817,3,0,0,0,0,0,0,0,0,126,126,18446744073704210699,7,474,0,0,0,3,18446744073709551147,18446744073709551030,18446744073709551030,254,0,1,1,11090425736916188940,3,0,3,1356371177445769637,0,4,1,0
PAWN_AUDIT_RESULT,108,1,1,187,0,0,187,0,0,0,0,0
PAWN_AUDIT_ENTRY,109,12915992544033540289,7623463145369427965,2587697913703653912,10172789267563115597,267,268,269,262,8,7,1,20,18446744073709549306,18446744073709549813,3,0,0,0,0,0,0,0,0,126,126,18446744073704210699,7,475,0,0,0,6,18446744073709551143,18446744073709551030,18446744073709551030,254,0,1,1,11090425736916188940,3,0,3,1356371177445769637,0,4,1,0
PAWN_AUDIT_RESULT,109,1,1,147,0,0,147,0,0,0,0,0
PAWN_AUDIT_ENTRY,110,7623463145369427965,17752988371337717576,2587697913703653912,5923024174569564131,658,268,269,262,8,7,1,22,18446744073709546694,18446744073709550278,3,0,0,0,0,0,0,0,0,126,126,18446744073704210699,7,476,0,0,0,1,18446744073709549955,18446744073709551030,18446744073709551030,254,0,1,1,11090425736916188940,3,0,3,1356371177445769637,0,0,1,0
PAWN_AUDIT_RESULT,110,1,1,155,0,0,155,0,0,0,0,0
PAWN_AUDIT_ENTRY,111,17752988371337717576,9681735527198490383,2587697913703653912,13767089727530430393,983,268,269,262,8,7,1,23,18446744073709546597,18446744073709550278,3,0,0,0,0,0,0,0,0,126,126,18446744073704210699,7,477,0,0,0,1,18446744073709549911,18446744073709551030,18446744073709551030,254,0,1,1,11090425736916188940,3,0,3,1356371177445769637,0,0,1,0
PAWN_AUDIT_RESULT,111,1,1,155,0,0,155,0,0,0,0,0
PAWN_AUDIT_ENTRY,112,9681735527198490383,4709525003700929046,2587697913703653912,16168550523251629332,1033,268,269,262,8,7,1,24,18446744073709548345,18446744073709549449,3,0,0,0,0,0,0,0,0,126,126,18446744073704210699,7,478,0,0,0,3,18446744073709550706,18446744073709551030,18446744073709551030,254,0,1,1,11090425736916188940,3,0,3,1356371177445769637,0,4,1,0
PAWN_AUDIT_RESULT,112,1,1,135,0,0,135,0,0,0,0,0
PAWN_AUDIT_ENTRY,113,4709525003700929046,4533509449844629110,2587697913703653912,18402666506893658866,991,268,269,262,8,7,1,25,18446744073709546494,18446744073709550278,3,0,0,0,0,0,0,0,0,126,126,18446744073704210699,7,479,0,0,0,1,18446744073709549864,18446744073709551030,18446744073709551030,254,0,1,1,11090425736916188940,3,0,3,1356371177445769637,0,0,1,0
PAWN_AUDIT_RESULT,113,1,1,166,0,0,166,0,0,0,0,0
PAWN_AUDIT_ENTRY,114,4533509449844629110,8132413331105210907,2587697913703653912,17038944053672274393,407,268,269,262,8,7,1,26,18446744073709548253,18446744073709549401,3,0,0,0,0,0,0,0,0,126,126,18446744073704210699,7,480,0,0,0,2,18446744073709550664,18446744073709551030,18446744073709551030,254,0,1,1,11090425736916188940,3,0,3,1356371177445769637,0,4,1,0
PAWN_AUDIT_RESULT,114,1,1,178,0,0,178,0,0,0,0,0
PAWN_AUDIT_ENTRY,115,8132413331105210907,8985437037870647716,2587697913703653912,14593460314169677566,918,268,269,262,8,7,1,27,18446744073709546190,18446744073709550278,3,0,0,0,0,0,0,0,0,126,126,18446744073704210699,7,481,0,0,0,1,18446744073709549726,18446744073709551030,18446744073709551030,254,0,1,1,11090425736916188940,3,0,3,1356371177445769637,0,0,1,0
PAWN_AUDIT_RESULT,115,1,1,143,0,0,143,0,0,0,0,0
PAWN_AUDIT_ENTRY,116,8985437037870647716,9696745045255184214,2587697913703653912,16375621662526800627,1828,268,269,262,8,7,1,28,18446744073709545607,18446744073709550278,3,0,0,0,0,0,0,0,0,126,126,18446744073704210699,7,482,0,0,0,1,18446744073709549461,18446744073709551030,18446744073709551030,254,0,1,1,11090425736916188940,3,0,3,1356371177445769637,0,0,1,0
PAWN_AUDIT_RESULT,116,1,1,169,0,0,169,0,0,0,0,0
PAWN_AUDIT_ENTRY,117,9696745045255184214,2775292717304000342,2587697913703653912,2458841187981057637,926,268,269,262,8,7,1,29,18446744073709544596,18446744073709550278,3,0,0,0,0,0,0,0,0,126,126,18446744073704210699,7,483,0,0,0,1,18446744073709549001,18446744073709551030,18446744073709551030,254,0,1,1,11090425736916188940,3,0,3,1356371177445769637,0,0,1,0
PAWN_AUDIT_RESULT,117,1,1,102,0,0,102,0,0,0,0,0
PAWN_AUDIT_ENTRY,118,2775292717304000342,1575920187898143218,2587697913703653912,2305792897225631900,1058,268,269,262,8,7,1,30,18446744073709547219,18446744073709548874,3,0,0,0,0,0,0,0,0,126,126,18446744073704210699,7,484,0,0,0,3,18446744073709550194,18446744073709551030,18446744073709551030,254,0,1,1,11090425736916188940,3,0,3,1356371177445769637,0,4,1,0
PAWN_AUDIT_RESULT,118,1,1,27,0,0,27,0,0,0,0,0
PAWN_AUDIT_ENTRY,119,1575920187898143218,17834064204294420271,2587697913703653912,6020356289537575328,269,268,269,262,8,7,1,31,18446744073709547035,18446744073709548793,3,0,0,0,0,0,0,0,0,126,126,18446744073704210699,7,485,0,0,0,6,18446744073709550110,18446744073709551030,18446744073709551030,254,0,1,1,11090425736916188940,3,0,3,1356371177445769637,0,4,1,0
PAWN_AUDIT_RESULT,119,1,1,81,0,0,81,0,0,0,0,0
PAWN_AUDIT_ENTRY,120,17834064204294420271,5437880701437285843,2587697913703653912,13627221709977904340,332,268,269,262,8,7,1,32,18446744073709546874,18446744073709548723,3,0,0,0,0,0,0,0,0,126,126,18446744073704210699,7,486,0,0,0,3,18446744073709550037,18446744073709551030,18446744073709551030,254,0,1,1,11090425736916188940,3,0,3,1356371177445769637,0,4,1,0
PAWN_AUDIT_RESULT,120,1,1,165,0,0,165,0,0,0,0,0
PAWN_AUDIT_ENTRY,276,8103627228822280085,11028212904695870280,17524538752952597694,18373833127147783936,3388,18446744073709551332,18446744073709551333,18446744073709551316,8,7,5,2,18446744073709550340,18446744073709550278,2,0,0,0,0,0,0,0,0,18446744073709551211,18446744073709551249,16920138,8,772,0,0,1,14,18446744073709551613,18446744073709551030,18446744073709551030,18446744073709551211,1,1,1,4296314186944580726,0,0,2,69491236324576057,0,1,1,0
PAWN_AUDIT_RESULT,276,5,5,-321,0,0,-321,0,59,59,0,0
PAWN_AUDIT_ENTRY,314,2138620989076133524,9829290611708135003,17524538752952597694,11801283171293484346,3817,18446744073709551332,18446744073709551333,18446744073709551316,8,7,3,3,18446744073709544044,18446744073709548874,2,0,0,0,0,0,0,0,0,18446744073709551211,18446744073709551249,16920138,8,832,0,0,1,13,18446744073709548750,18446744073709551030,18446744073709551030,18446744073709551211,1,1,1,4296314186944580726,0,0,2,69491236324576057,0,1,1,0
PAWN_AUDIT_RESULT,314,3,3,-463,0,0,-463,0,0,0,0,0
PAWN_AUDIT_ENTRY,315,9829290611708135003,1535831361418189886,17524538752952597694,9856080466908501308,3381,18446744073709551332,18446744073709551333,18446744073709551316,8,7,2,4,18446744073709544714,18446744073709548874,2,0,0,0,0,0,0,0,0,18446744073709551211,18446744073709551249,16920138,8,833,0,0,1,14,18446744073709549055,18446744073709551030,18446744073709551030,18446744073709551211,1,1,1,4296314186944580726,0,0,2,69491236324576057,0,1,1,0
PAWN_AUDIT_RESULT,315,2,2,-406,0,0,-406,0,0,0,0,0
PAWN_AUDIT_ENTRY,316,1535831361418189886,12160723524023838821,17524538752952597694,8686212971985922402,3826,18446744073709551332,18446744073709551333,18446744073709551316,8,7,2,5,18446744073709542399,18446744073709548874,2,0,0,0,0,0,0,0,0,18446744073709551211,18446744073709551249,16920138,8,834,0,0,1,13,18446744073709548002,18446744073709551030,18446744073709551030,18446744073709551211,1,1,1,4296314186944580726,0,0,2,69491236324576057,0,1,1,0
PAWN_AUDIT_RESULT,316,2,2,-534,0,0,-534,0,0,0,0,0
PAWN_AUDIT_ENTRY,317,12160723524023838821,4614937446489718914,17524538752952597694,9343469132797542095,3567,18446744073709551332,18446744073709551333,18446744073709551316,8,7,2,6,18446744073709543146,18446744073709550278,2,0,0,0,0,0,0,0,0,18446744073709551211,18446744073709551249,16920138,8,835,0,0,1,9,18446744073709548342,18446744073709551030,18446744073709551030,18446744073709551211,1,1,1,4296314186944580726,0,0,2,69491236324576057,0,0,1,0
PAWN_AUDIT_RESULT,317,2,2,-540,0,0,-540,0,0,0,0,0
PAWN_AUDIT_ENTRY,318,4614937446489718914,1194339086952284332,17524538752952597694,7294623418797795712,3688,18446744073709551332,18446744073709551333,18446744073709551316,8,7,2,7,18446744073709543135,18446744073709550278,2,0,0,0,0,0,0,0,0,18446744073709551211,18446744073709551249,16920138,8,836,0,0,1,10,18446744073709548337,18446744073709551030,18446744073709551030,18446744073709551211,1,1,1,4296314186944580726,0,0,2,69491236324576057,0,1,1,0
PAWN_AUDIT_RESULT,318,2,2,-411,0,0,-411,0,0,0,0,0
PAWN_AUDIT_ENTRY,319,1194339086952284332,16235759467422348552,17524538752952597694,14536827089709655154,3169,18446744073709551332,18446744073709551333,18446744073709551316,8,7,2,8,18446744073709543105,18446744073709550278,2,0,0,0,0,0,0,0,0,18446744073709551211,18446744073709551249,16920138,8,837,0,0,1,9,18446744073709548323,18446744073709551030,18446744073709551030,18446744073709551211,1,1,1,4296314186944580726,0,0,2,69491236324576057,0,0,1,0
PAWN_AUDIT_RESULT,319,2,2,-426,0,0,-426,0,0,0,0,0
PAWN_AUDIT_ENTRY,320,16235759467422348552,534748763056233905,17524538752952597694,11599744954722526482,3112,18446744073709551332,18446744073709551333,18446744073709551316,8,7,2,9,18446744073709542896,18446744073709550278,2,0,0,0,0,0,0,0,0,18446744073709551211,18446744073709551249,16920138,8,838,0,0,1,9,18446744073709548228,18446744073709551030,18446744073709551030,18446744073709551211,1,1,1,4296314186944580726,0,0,2,69491236324576057,0,0,1,0
PAWN_AUDIT_RESULT,320,2,2,-461,0,0,-461,0,0,0,0,0
PAWN_AUDIT_ENTRY,321,534748763056233905,4327738629361335620,17524538752952597694,10491131440047872806,3371,18446744073709551332,18446744073709551333,18446744073709551316,8,7,2,11,18446744073709542790,18446744073709550278,2,0,0,0,0,0,0,0,0,18446744073709551211,18446744073709551249,16920138,8,839,0,0,1,14,18446744073709548180,18446744073709551030,18446744073709551030,18446744073709551211,1,1,1,4296314186944580726,0,0,2,69491236324576057,0,1,1,0
PAWN_AUDIT_RESULT,321,2,2,-660,0,0,-660,0,0,0,0,0
PAWN_AUDIT_ENTRY,322,4327738629361335620,5705127285781402853,17524538752952597694,3520703638798943313,3502,18446744073709551332,18446744073709551333,18446744073709551316,8,7,2,12,18446744073709544831,18446744073709550436,2,0,0,0,0,0,0,0,0,18446744073709551211,18446744073709551249,16920138,8,840,0,0,1,9,18446744073709549108,18446744073709551030,18446744073709551030,18446744073709551211,1,1,1,4296314186944580726,0,0,2,69491236324576057,0,0,1,0
PAWN_AUDIT_RESULT,322,2,2,-369,0,0,-369,0,0,0,0,0
PAWN_AUDIT_ENTRY,323,5705127285781402853,236244596598717196,17524538752952597694,7912146693626989643,3559,18446744073709551332,18446744073709551333,18446744073709551316,8,7,2,13,18446744073709542704,18446744073709550278,2,0,0,0,0,0,0,0,0,18446744073709551211,18446744073709551249,16920138,8,841,0,0,1,9,18446744073709548141,18446744073709551030,18446744073709551030,18446744073709551211,1,1,1,4296314186944580726,0,0,2,69491236324576057,0,0,1,0
PAWN_AUDIT_RESULT,323,2,2,-474,0,0,-474,0,0,0,0,0
PAWN_AUDIT_ENTRY,324,236244596598717196,2978594421809146337,17524538752952597694,298409826548684422,4015,18446744073709551332,18446744073709551333,18446744073709551316,8,7,2,14,18446744073709542445,18446744073709550278,2,0,0,0,0,0,0,0,0,18446744073709551211,18446744073709551249,16920138,8,842,0,0,1,10,18446744073709548023,18446744073709551030,18446744073709551030,18446744073709551211,1,1,1,4296314186944580726,0,0,2,69491236324576057,0,1,1,0
PAWN_AUDIT_RESULT,324,2,2,-379,0,0,-379,0,0,0,0,0
PAWN_AUDIT_ENTRY,325,2978594421809146337,9581811316921022026,17524538752952597694,15092833054059030573,3299,18446744073709551332,18446744073709551333,18446744073709551316,8,7,2,15,18446744073709542412,18446744073709550278,2,0,0,0,0,0,0,0,0,18446744073709551211,18446744073709551249,16920138,8,843,0,0,1,9,18446744073709548008,18446744073709551030,18446744073709551030,18446744073709551211,1,1,1,4296314186944580726,0,0,2,69491236324576057,0,0,1,0
PAWN_AUDIT_ENTRY,327,3415550573262279389,2456518386387923171,15092833054059030573,6764950144039814104,2397,283,284,18446744073709551568,6,5,1,2,18446744073709545365,18446744073709550414,3,0,1,0,0,0,0,0,0,254,254,18446744073707467627,8,848,0,0,0,5,18446744073709549541,18446744073709551030,18446744073709550638,254,3,1,1,13343491483384136489,0,0,3,17524538752952597694,0,1,1,0
PAWN_AUDIT_RESULT,327,1,1,254,0,0,254,0,0,0,0,0
PAWN_AUDIT_ENTRY,328,2456518386387923171,17943634254764354103,15092833054059030573,16128376617227597834,2389,283,284,254,6,5,1,5,18446744073709544725,18446744073709550278,3,0,1,0,0,0,0,0,0,254,254,18446744073707467627,8,849,0,0,0,5,18446744073709549319,18446744073709551030,18446744073709550496,254,3,1,1,13343491483384136489,0,0,3,17524538752952597694,0,1,1,0
PAWN_AUDIT_RESULT,328,1,1,265,0,0,265,0,0,0,0,0
PAWN_AUDIT_ENTRY,329,17943634254764354103,16764634145401957085,15092833054059030573,4148005833938125159,2381,283,284,265,6,5,1,6,18446744073709543173,18446744073709550278,3,0,1,0,0,0,0,0,0,254,254,18446744073707467627,8,850,0,0,0,5,18446744073709548894,18446744073709551030,18446744073709549918,254,3,1,1,13343491483384136489,0,0,3,17524538752952597694,0,1,1,0
PAWN_AUDIT_RESULT,329,1,1,290,1,5,273,0,10,57,0,0
PAWN_AUDIT_ENTRY,367,14261181699311464790,9657402087452548096,15092833054059030573,7731132644454719419,2407,283,284,273,6,5,1,7,18446744073709539647,18446744073709550278,3,0,1,0,0,0,0,0,0,254,254,18446744073707467627,8,908,0,0,0,5,18446744073709547773,18446744073709551030,18446744073709548924,254,3,1,1,13343491483384136489,0,0,3,17524538752952597694,0,1,1,0
PAWN_AUDIT_RESULT,367,1,1,235,0,0,235,0,0,0,0,0
PAWN_AUDIT_ENTRY,368,9657402087452548096,6844181649110969055,15092833054059030573,11211429571568373265,144,283,284,273,6,5,1,8,18446744073709539778,18446744073709550278,3,0,1,0,0,0,0,0,1,254,254,18446744073707467627,8,909,0,0,0,3,18446744073709547267,18446744073709550689,18446744073709550440,254,3,1,1,13343491483384136489,0,0,3,17524538752952597694,0,1,1,0
PAWN_AUDIT_RESULT,368,1,1,283,0,0,283,0,2,2,0,0
PAWN_AUDIT_ENTRY,369,6844181649110969055,10863557411737240398,15092833054059030573,6097223494462839002,75,283,284,283,6,5,1,9,18446744073709545950,18446744073709550168,3,0,1,0,0,0,0,0,0,254,254,18446744073707467627,8,912,0,0,0,2,18446744073709548938,18446744073709550754,1097,254,3,1,1,13343491483384136489,0,0,3,17524538752952597694,0,1,1,0
PAWN_AUDIT_RESULT,369,1,1,241,0,0,241,0,0,0,0,0
PAWN_AUDIT_ENTRY,370,10863557411737240398,14043524970057415117,15092833054059030573,17935794338241129169,137,283,284,283,6,5,1,15,18446744073709543821,18446744073709550278,3,0,1,0,0,0,0,0,0,254,254,18446744073707467627,8,913,0,0,0,3,18446744073709548769,18446744073709550807,18446744073709551012,254,3,1,1,13343491483384136489,0,0,3,17524538752952597694,0,1,1,0
PAWN_AUDIT_RESULT,370,1,1,194,0,0,194,0,0,0,0,0
PAWN_AUDIT_ENTRY,371,14043524970057415117,2925578835302895062,15092833054059030573,3780641685166562841,666,283,284,283,6,5,1,17,18446744073709543355,18446744073709550278,3,0,1,0,0,0,0,0,0,254,254,18446744073707467627,8,914,0,0,0,1,18446744073709548437,18446744073709551030,18446744073709551030,254,3,1,1,13343491483384136489,0,0,3,17524538752952597694,0,0,1,0
PAWN_AUDIT_RESULT,371,1,1,165,0,0,165,0,0,0,0,0
PAWN_AUDIT_ENTRY,372,2925578835302895062,17275324879938634513,15092833054059030573,5728657657575534305,332,283,284,283,6,5,1,18,18446744073709545818,18446744073709550565,3,0,1,0,0,0,0,0,0,254,254,18446744073707467627,8,915,0,0,0,3,18446744073709549557,18446744073709551030,18446744073709551030,254,3,1,1,13343491483384136489,0,0,3,17524538752952597694,0,1,1,0
PAWN_AUDIT_RESULT,372,1,1,169,0,0,169,0,0,0,0,0
PAWN_AUDIT_ENTRY,373,17275324879938634513,6674108974327453105,15092833054059030573,1008451826611454151,991,283,284,283,6,5,1,19,18446744073709542913,18446744073709550278,3,0,1,0,0,0,0,0,0,254,254,18446744073707467627,8,916,0,0,0,1,18446744073709548236,18446744073709551030,18446744073709551030,254,3,1,1,13343491483384136489,0,0,3,17524538752952597694,0,0,1,0
PAWN_AUDIT_RESULT,373,1,1,146,0,0,146,0,0,0,0,0
PAWN_AUDIT_RESULT,325,2,2,-254,1,7,-283,0,3,73,1,1
PAWN_AUDIT_ENTRY,376,3414792377570597278,18423793408728810196,6029880492319341075,3193713558924159714,2397,18446744073709551332,18446744073709551333,18446744073709551293,8,7,3,2,18446744073709550340,18446744073709550278,2,0,0,0,0,0,0,0,0,18446744073709551004,18446744073709551004,9108838,8,925,0,0,0,9,18446744073709551613,18446744073709551030,18446744073709551030,18446744073709551221,1,1,1,8242954762181594215,1,0,2,69491236324576057,0,0,1,0
PAWN_AUDIT_RESULT,376,3,3,-620,0,0,-620,0,0,0,0,0
PAWN_AUDIT_ENTRY,377,18423793408728810196,4790617083895488807,6029880492319341075,12744257025287380416,3372,18446744073709551332,18446744073709551333,18446744073709551293,8,7,2,3,18446744073709547219,18446744073709550278,2,0,0,0,0,0,0,0,0,18446744073709551004,18446744073709551004,9108838,8,926,0,0,0,14,18446744073709550194,18446744073709551030,18446744073709551030,18446744073709551221,1,1,1,8242954762181594215,1,0,2,69491236324576057,0,2,1,0
PAWN_AUDIT_RESULT,377,2,2,-722,0,0,-722,0,0,0,0,0
PAWN_AUDIT_ENTRY,378,4790617083895488807,2467459142588984965,6029880492319341075,7271513849412138479,3307,18446744073709551332,18446744073709551333,18446744073709551293,8,7,1,4,18446744073709542357,18446744073709550278,2,0,0,0,0,0,0,0,0,18446744073709551004,18446744073709551004,9108838,8,927,0,0,0,9,18446744073709547983,18446744073709551030,18446744073709551030,18446744073709551221,1,1,1,8242954762181594215,1,0,2,69491236324576057,0,0,1,0
PAWN_AUDIT_RESULT,378,1,1,-472,0,0,-472,0,0,0,0,0
PAWN_AUDIT_ENTRY,379,2467459142588984965,8463981078350820040,6029880492319341075,4616402727205731860,3836,18446744073709551332,18446744073709551333,18446744073709551293,8,7,1,9,18446744073709544922,18446744073709550278,2,0,0,0,0,0,0,0,0,18446744073709551004,18446744073709551004,9108838,8,928,0,0,0,13,18446744073709549490,18446744073709551030,18446744073709550328,18446744073709551221,1,1,1,8242954762181594215,1,0,2,69491236324576057,0,2,1,0
PAWN_AUDIT_RESULT,379,1,1,-358,0,0,-358,0,0,0,0,0
PAWN_AUDIT_ENTRY,443,312586995788665836,18310418650729473838,514661579498828611,5604181643494643071,144,295,296,263,6,5,1,4,18446744073709540612,18446744073709550278,3,0,1,0,0,0,0,0,1,455,455,18446744073701406586,8,1049,0,0,1,3,18446744073709547267,18446744073709550875,18446744073709551030,32002,18446744073709551613,0,0,8242954762181594215,0,0,3,5502432833406508004,0,1,1,0
PAWN_AUDIT_RESULT,443,1,1,240,0,0,240,0,2,2,0,0
PAWN_AUDIT_ENTRY,445,10797452347608836917,9774531444511760242,514661579498828611,2730094083379975005,1373,295,296,263,6,5,1,6,18446744073709545663,18446744073709550278,3,0,1,0,0,0,0,0,0,455,455,18446744073701406586,8,1055,0,0,1,5,18446744073709549684,18446744073709550794,18446744073709550866,32002,18446744073709551613,0,0,8242954762181594215,0,0,3,5502432833406508004,0,1,1,0
PAWN_AUDIT_RESULT,445,1,1,184,0,0,184,0,0,0,0,0
PAWN_AUDIT_ENTRY,446,9774531444511760242,11956349189285668856,514661579498828611,582786153028486883,1356,295,296,263,6,5,1,7,18446744073709545548,18446744073709550278,3,0,1,0,0,0,0,0,0,455,455,18446744073701406586,8,1056,0,0,1,5,18446744073709549562,18446744073709550971,18446744073709550827,32002,18446744073709551613,0,0,8242954762181594215,0,0,3,5502432833406508004,0,1,1,0
PAWN_AUDIT_RESULT,446,1,1,165,0,0,165,0,0,0,0,0
PAWN_AUDIT_ENTRY,447,11956349189285668856,9683727539631860230,514661579498828611,4724976530287727074,1357,295,296,263,6,5,1,8,18446744073709545355,18446744073709550278,3,0,1,0,0,0,0,0,0,455,455,18446744073701406586,8,1057,0,0,1,5,18446744073709549491,18446744073709550960,18446744073709550804,32002,18446744073709551613,0,0,8242954762181594215,0,0,3,5502432833406508004,0,1,1,0
PAWN_AUDIT_RESULT,447,1,1,212,0,0,212,0,0,0,0,0
PAWN_AUDIT_ENTRY,448,9683727539631860230,2011464991158978611,514661579498828611,12005341249405143743,1367,295,296,263,6,5,1,9,18446744073709545876,18446744073709550278,3,0,1,0,0,0,0,0,0,455,455,18446744073701406586,8,1058,0,0,1,5,18446744073709549736,18446744073709550868,18446744073709550882,32002,18446744073709551613,0,0,8242954762181594215,0,0,3,5502432833406508004,0,1,1,0
PAWN_AUDIT_RESULT,448,1,1,182,0,0,182,0,0,0,0,0
PAWN_AUDIT_ENTRY,449,2011464991158978611,12415195206710870230,514661579498828611,2422745250005604215,1364,295,296,263,6,5,1,10,18446744073709545140,18446744073709550278,3,0,1,0,0,0,0,0,0,455,455,18446744073701406586,8,1059,0,0,1,5,18446744073709549412,18446744073709550948,18446744073709550778,32002,18446744073709551613,0,0,8242954762181594215,0,0,3,5502432833406508004,0,1,1,0
PAWN_AUDIT_RESULT,449,1,1,191,0,0,191,0,0,0,0,0
PAWN_AUDIT_ENTRY,450,12415195206710870230,17861310329488112430,514661579498828611,9269794328011865170,1363,295,296,263,6,5,1,12,18446744073709544755,18446744073709550278,3,0,1,0,0,0,0,0,0,455,455,18446744073701406586,8,1060,0,0,1,5,18446744073709549225,18446744073709551030,18446744073709550718,32002,18446744073709551613,0,0,8242954762181594215,0,0,3,5502432833406508004,0,1,1,0
PAWN_AUDIT_RESULT,450,1,1,155,0,0,155,0,0,0,0,0
PAWN_AUDIT_ENTRY,451,17861310329488112430,9885629528494340956,514661579498828611,11224007499661426402,983,295,296,263,6,5,1,13,18446744073709544492,18446744073709550278,3,0,1,0,0,0,0,0,0,455,455,18446744073701406586,8,1061,0,0,1,1,18446744073709548954,18446744073709551030,18446744073709551030,32002,18446744073709551613,0,0,8242954762181594215,0,0,3,5502432833406508004,0,0,1,0
PAWN_AUDIT_RESULT,451,1,1,223,0,0,223,0,0,0,0,0
PAWN_AUDIT_ENTRY,452,9885629528494340956,14919138172212303010,514661579498828611,14379093470660318120,1828,295,296,263,6,5,1,14,18446744073709544319,18446744073709550278,3,0,1,0,0,0,0,0,0,455,455,18446744073701406586,8,1062,0,0,1,1,18446744073709548875,18446744073709551030,18446744073709551030,32002,18446744073709551613,0,0,8242954762181594215,0,0,3,5502432833406508004,0,0,1,0
PAWN_AUDIT_RESULT,452,1,1,204,0,0,204,0,0,0,0,0
PAWN_AUDIT_ENTRY,453,14919138172212303010,1163889730106517793,514661579498828611,1720501660548468089,1362,295,296,263,6,5,1,15,18446744073709544462,18446744073709550278,3,0,1,0,0,0,0,0,0,455,455,18446744073701406586,8,1063,0,0,1,5,18446744073709549117,18446744073709551013,18446744073709550683,32002,18446744073709551613,0,0,8242954762181594215,0,0,3,5502432833406508004,0,1,1,0
PAWN_AUDIT_RESULT,453,1,1,172,0,0,172,0,0,0,0,0
PAWN_AUDIT_ENTRY,454,1163889730106517793,15790140630222194970,514661579498828611,12240829420847473942,267,295,296,263,6,5,1,16,18446744073709544050,18446744073709550278,3,0,1,0,0,0,0,0,0,455,455,18446744073701406586,8,1064,0,0,1,6,18446744073709548753,18446744073709551030,18446744073709551030,32002,18446744073709551613,0,0,8242954762181594215,0,0,3,5502432833406508004,0,1,1,0
PAWN_AUDIT_RESULT,454,1,1,147,0,0,147,0,0,0,0,0
PAWN_AUDIT_ENTRY,455,15790140630222194970,5039660340699848671,514661579498828611,17170900081375365029,918,295,296,263,6,5,1,17,18446744073709543890,18446744073709550278,3,0,1,0,0,0,0,0,0,455,455,18446744073701406586,8,1065,0,0,1,1,18446744073709548680,18446744073709551030,18446744073709551030,32002,18446744073709551613,0,0,8242954762181594215,0,0,3,5502432833406508004,0,0,1,0
PAWN_AUDIT_RESULT,455,1,1,213,0,0,213,0,0,0,0,0
PAWN_AUDIT_ENTRY,456,5039660340699848671,9995288446710970584,514661579498828611,11083558252766279055,332,295,296,263,6,5,1,18,18446744073709543591,18446744073709550278,3,0,1,0,0,0,0,0,0,455,455,18446744073701406586,8,1066,0,0,1,3,18446744073709548544,18446744073709551030,18446744073709551030,32002,18446744073709551613,0,0,8242954762181594215,0,0,3,5502432833406508004,0,1,1,0
PAWN_AUDIT_RESULT,456,1,1,241,0,0,241,0,3,3,0,0
PAWN_AUDIT_ENTRY,457,9995288446710970584,17876229942498878973,514661579498828611,15279083949776881571,528,295,296,263,6,5,1,19,18446744073709543547,18446744073709550278,3,0,1,0,0,0,0,0,0,455,455,18446744073701406586,8,1070,0,0,1,1,18446744073709548524,18446744073709551030,18446744073709551030,32002,18446744073709551613,0,0,8242954762181594215,0,0,3,5502432833406508004,0,0,1,0
PAWN_AUDIT_RESULT,457,1,1,206,0,0,206,0,0,0,0,0
PAWN_AUDIT_ENTRY,458,17876229942498878973,8049417911951076217,514661579498828611,10912069276200918615,1366,295,296,263,6,5,1,20,18446744073709543678,18446744073709550278,3,0,1,0,0,0,0,0,0,455,455,18446744073701406586,8,1071,0,0,1,5,18446744073709548862,18446744073709550890,18446744073709550601,32002,18446744073709551613,0,0,8242954762181594215,0,0,3,5502432833406508004,0,1,1,0
PAWN_AUDIT_RESULT,458,1,1,260,0,0,260,0,0,0,0,0
PAWN_AUDIT_ENTRY,459,8049417911951076217,6693436776265629148,514661579498828611,14464248255147489410,407,295,296,263,6,5,1,21,18446744073709544408,18446744073709550278,3,0,1,0,0,0,0,0,0,455,455,18446744073701406586,8,1072,0,0,1,2,18446744073709548958,18446744073709550945,18446744073709551030,32002,18446744073709551613,0,0,8242954762181594215,0,0,3,5502432833406508004,0,1,1,0
PAWN_AUDIT_RESULT,459,1,1,146,0,0,146,0,2,2,0,0
PAWN_AUDIT_ENTRY,460,6693436776265629148,2490574983734445691,514661579498828611,1357110092364844666,148,295,296,263,6,5,1,22,18446744073709544166,18446744073709550278,3,0,1,0,0,0,0,0,0,455,455,18446744073701406586,8,1075,0,0,1,3,18446744073709548840,18446744073709550961,18446744073709551030,32002,18446744073709551613,0,0,8242954762181594215,0,0,3,5502432833406508004,0,1,1,0
PAWN_AUDIT_RESULT,460,1,1,245,0,0,245,0,0,0,0,0
PAWN_AUDIT_ENTRY,461,2490574983734445691,10386166253959559000,514661579498828611,16187313861031512645,1347,295,296,263,6,5,1,23,18446744073709544173,18446744073709550278,3,0,1,0,0,0,0,0,0,455,455,18446744073701406586,8,1076,0,0,1,5,18446744073709548996,18446744073709551030,18446744073709550644,32002,18446744073709551613,0,0,8242954762181594215,0,0,3,5502432833406508004,0,1,1,0
PAWN_AUDIT_RESULT,461,1,1,152,0,0,152,0,0,0,0,0
PAWN_AUDIT_ENTRY,462,10386166253959559000,14130035610909480886,514661579498828611,18288258532576322716,157,295,296,263,6,5,1,24,18446744073709543846,18446744073709550278,3,0,1,0,0,0,0,0,0,455,455,18446744073701406586,8,1077,0,0,1,3,18446744073709548660,18446744073709551030,18446744073709551030,32002,18446744073709551613,0,0,8242954762181594215,0,0,3,5502432833406508004,0,1,1,0
PAWN_AUDIT_RESULT,462,1,1,280,0,0,280,0,0,0,0,0
PAWN_AUDIT_ENTRY,463,14130035610909480886,8430589180098654736,514661579498828611,1541475625580633938,259,295,296,280,6,5,1,25,18446744073709543153,18446744073709550278,3,0,1,0,0,0,0,0,0,455,455,18446744073701406586,8,1078,0,0,1,6,18446744073709548345,18446744073709551030,18446744073709551030,32002,18446744073709551613,0,0,8242954762181594215,0,0,3,5502432833406508004,0,1,1,0
PAWN_AUDIT_RESULT,463,1,1,281,0,0,281,0,0,0,0,0
PAWN_AUDIT_ENTRY,464,8430589180098654736,12685684225916790363,514661579498828611,11851945974779466935,268,295,296,281,6,5,1,26,18446744073709542814,18446744073709550278,3,0,1,0,0,0,0,0,0,455,455,18446744073701406586,8,1079,0,0,1,6,18446744073709548191,18446744073709551030,18446744073709551030,32002,18446744073709551613,0,0,8242954762181594215,0,0,3,5502432833406508004,0,1,1,0
PAWN_AUDIT_RESULT,464,1,1,67,0,0,67,0,0,0,0,0
PAWN_AUDIT_ENTRY,465,12685684225916790363,5075944146632742495,514661579498828611,8574826662091814584,658,295,296,281,6,5,1,27,18446744073709543376,18446744073709550278,3,0,1,0,0,0,0,0,0,455,455,18446744073701406586,8,1080,0,0,1,1,18446744073709548511,18446744073709551030,18446744073709550897,32002,18446744073709551613,0,0,8242954762181594215,0,0,3,5502432833406508004,0,0,1,0
PAWN_AUDIT_RESULT,465,1,1,219,0,0,219,0,0,0,0,0
PAWN_AUDIT_ENTRY,466,5075944146632742495,9316722231185452334,514661579498828611,10103234051216017457,80,295,296,281,6,5,1,28,18446744073709543710,18446744073709550278,3,0,1,0,0,0,0,0,0,455,455,18446744073701406586,8,1081,0,0,1,2,18446744073709548646,18446744073709550935,18446744073709551030,32002,18446744073709551613,0,0,8242954762181594215,0,0,3,5502432833406508004,0,1,1,0
PAWN_AUDIT_RESULT,466,1,1,210,0,0,210,0,0,0,0,0
PAWN_AUDIT_ENTRY,467,9316722231185452334,16719953713881355462,514661579498828611,10757118655377821290,1113,295,296,281,6,5,1,29,18446744073709542704,18446744073709550278,3,0,1,0,0,0,0,0,0,455,455,18446744073701406586,8,1082,0,0,1,1,18446744073709548141,18446744073709551030,18446744073709551030,32002,18446744073709551613,0,0,8242954762181594215,0,0,3,5502432833406508004,0,0,1,0
PAWN_AUDIT_RESULT,467,1,1,165,0,0,165,0,0,0,0,0
PAWN_AUDIT_ENTRY,468,16719953713881355462,10417348938530435336,514661579498828611,11891820162434732357,536,295,296,281,6,5,1,30,18446744073709542704,18446744073709550278,3,0,1,0,0,0,0,0,0,455,455,18446744073701406586,8,1083,0,0,1,1,18446744073709548141,18446744073709551030,18446744073709551030,32002,18446744073709551613,0,0,8242954762181594215,0,0,3,5502432833406508004,0,0,1,0
PAWN_AUDIT_RESULT,468,1,1,230,0,0,230,0,0,0,0,0
PAWN_AUDIT_ENTRY,469,10417348938530435336,1841424683714478636,514661579498828611,491639445145456446,926,295,296,281,6,5,1,31,18446744073709542610,18446744073709550278,3,0,1,0,0,0,0,0,0,455,455,18446744073701406586,8,1084,0,0,1,1,18446744073709548098,18446744073709551030,18446744073709551030,32002,18446744073709551613,0,0,8242954762181594215,0,0,3,5502432833406508004,0,0,1,0
PAWN_AUDIT_RESULT,469,1,1,265,0,0,265,0,0,0,0,0
PAWN_AUDIT_ENTRY,470,1841424683714478636,15071388384075281181,514661579498828611,8593345646150277371,269,295,296,281,6,5,1,32,18446744073709542588,18446744073709550278,3,0,1,0,0,0,0,0,0,455,455,18446744073701406586,8,1085,0,0,1,6,18446744073709548088,18446744073709551030,18446744073709551030,32002,18446744073709551613,0,0,8242954762181594215,0,0,3,5502432833406508004,0,1,1,0
PAWN_AUDIT_RESULT,470,1,1,210,0,0,210,0,0,0,0,0
PAWN_AUDIT_ENTRY,471,15071388384075281181,17436979598220425487,514661579498828611,2718163611795653978,139,295,296,281,6,5,1,33,18446744073709546556,18446744073709550278,3,0,1,0,0,0,0,0,0,455,455,18446744073701406586,8,1086,0,0,1,3,18446744073709549985,18446744073709550658,18446744073709551222,32002,18446744073709551613,0,0,8242954762181594215,0,0,3,5502432833406508004,0,1,1,0
PAWN_AUDIT_RESULT,471,1,1,282,0,0,282,0,0,0,0,0
PAWN_AUDIT_ENTRY,472,17436979598220425487,7457633525571358566,514661579498828611,12841515190044232885,1763,295,296,282,6,5,1,34,18446744073709543598,18446744073709550278,3,0,1,0,0,0,0,0,0,455,455,18446744073701406586,8,1087,0,0,1,1,18446744073709548600,18446744073709550925,18446744073709551030,32002,18446744073709551613,0,0,8242954762181594215,0,0,3,5502432833406508004,0,0,1,0
PAWN_AUDIT_RESULT,472,1,1,281,0,0,281,0,0,0,0,0
PAWN_AUDIT_ENTRY,473,7457633525571358566,11333733595776290305,514661579498828611,9425262433229358004,75,295,296,282,6,5,1,35,18446744073709541475,18446744073709550278,3,0,1,0,0,0,0,0,0,455,455,18446744073701406586,8,1088,0,0,1,2,18446744073709547468,105,18446744073709550553,32002,18446744073709551613,0,0,8242954762181594215,0,0,3,5502432833406508004,0,1,1,0
PAWN_AUDIT_RESULT,473,1,1,263,0,0,263,0,0,0,0,0
PAWN_AUDIT_ENTRY,474,11333733595776290305,9885173773658914631,514661579498828611,16296129964229838199,666,295,296,282,6,5,1,36,18446744073709541616,18446744073709550278,3,0,1,0,0,0,0,0,0,455,455,18446744073701406586,8,1089,0,0,1,1,18446744073709547646,18446744073709551030,18446744073709551030,32002,18446744073709551613,0,0,8242954762181594215,0,0,3,5502432833406508004,0,0,1,0
PAWN_AUDIT_RESULT,474,1,1,232,0,0,232,0,0,0,0,0
PAWN_AUDIT_ENTRY,475,9885173773658914631,16445694475574568217,514661579498828611,3366528289126805951,137,295,296,282,6,5,1,37,18446744073709542172,18446744073709550278,3,0,1,0,0,0,0,0,0,455,455,18446744073701406586,8,1090,0,0,1,3,18446744073709547912,18446744073709551004,18446744073709551030,32002,18446744073709551613,0,0,8242954762181594215,0,0,3,5502432833406508004,0,1,1,0
PAWN_AUDIT_RESULT,475,1,1,265,0,0,265,0,0,0,0,0
PAWN_AUDIT_ENTRY,476,16445694475574568217,16799199637761548986,514661579498828611,15829677562581408681,991,295,296,282,6,5,1,38,18446744073709541259,18446744073709550278,3,0,1,0,0,0,0,0,0,455,455,18446744073701406586,8,1091,0,0,1,1,18446744073709547484,18446744073709551030,18446744073709551030,32002,18446744073709551613,0,0,8242954762181594215,0,0,3,5502432833406508004,0,0,1,0
PAWN_AUDIT_RESULT,476,1,1,249,0,0,249,0,0,0,0,0
PAWN_AUDIT_ENTRY,477,16799199637761548986,5285921512464997026,514661579498828611,11640084851869107192,339,295,296,282,6,5,1,39,18446744073709542429,18446744073709550278,3,0,1,0,0,0,0,0,0,455,455,18446744073701406586,8,1092,0,0,1,3,18446744073709548216,18446744073709550630,18446744073709551030,32002,18446744073709551613,0,0,8242954762181594215,0,0,3,5502432833406508004,0,1,1,0
PAWN_AUDIT_RESULT,477,1,1,216,0,0,216,0,2,2,0,0
PAWN_AUDIT_ENTRY,510,964499722097667462,14241559893988219403,6679908786637792460,9092599679214342869,139,284,285,276,7,6,4,5,18446744073709544712,601,3,0,0,0,0,1,0,0,0,124,124,18446744073699463236,8,1158,0,0,1,3,18446744073709549054,18446744073709551030,18446744073709551030,208,1,1,1,11090425736916188940,0,0,3,3962983323243074868,0,1,1,0
PAWN_AUDIT_RESULT,510,4,4,194,0,0,194,0,0,0,0,0
PAWN_AUDIT_ENTRY,511,14241559893988219403,13063110277840856520,6679908786637792460,14453150699908251034,396,284,285,276,7,6,4,7,18446744073709542621,708,3,0,0,0,0,1,0,0,0,124,124,18446744073699463236,8,1159,0,0,1,2,18446744073709548103,18446744073709551030,18446744073709551030,208,1,1,1,11090425736916188940,0,0,3,3962983323243074868,0,1,1,0
PAWN_AUDIT_RESULT,511,4,4,201,0,0,201,0,0,0,0,0
PAWN_AUDIT_ENTRY,533,514185759550328697,9341072060837051021,8455536363906300956,18132938954121658689,346,284,285,270,7,6,3,3,18446744073709547149,18446744073709549805,9,0,0,0,0,0,0,0,0,246,248,212525,8,1194,0,0,1,3,18446744073709550162,18446744073709551030,18446744073709551030,246,0,1,1,11058898975780255249,0,0,9,263687000031335932,0,1,1,0
PAWN_AUDIT_RESULT,533,3,3,241,0,0,241,0,0,0,0,0
PAWN_AUDIT_ENTRY,534,9341072060837051021,1477249970856951365,8455536363906300956,13458793476409325533,407,284,285,270,7,6,2,4,18446744073709543683,18446744073709550368,9,0,0,0,0,0,0,0,0,246,248,212525,8,1195,0,0,1,2,18446744073709548586,18446744073709551030,18446744073709551030,246,0,1,1,11058898975780255249,0,0,9,263687000031335932,0,1,1,0
PAWN_AUDIT_RESULT,534,2,2,235,0,0,235,0,0,0,0,0
PAWN_AUDIT_ENTRY,535,1477249970856951365,8860327396238147619,8455536363906300956,16982192374323247824,332,284,285,270,7,6,2,5,18446744073709542537,18446744073709550278,9,0,0,0,0,0,0,0,0,246,248,212525,8,1196,0,0,1,3,18446744073709548065,18446744073709551030,18446744073709551030,246,0,1,1,11058898975780255249,0,0,9,263687000031335932,0,1,1,0
PAWN_AUDIT_RESULT,535,2,2,254,0,0,254,0,0,0,0,0
PAWN_AUDIT_ENTRY,536,8860327396238147619,17039214629284996694,8455536363906300956,15273267629545589927,339,284,285,270,7,6,2,6,18446744073709542473,18446744073709550278,9,0,0,0,0,0,0,0,0,246,248,212525,8,1197,0,0,1,3,18446744073709548036,18446744073709551030,18446744073709551030,246,0,1,1,11058898975780255249,0,0,9,263687000031335932,0,1,1,0
PAWN_AUDIT_RESULT,536,2,2,262,0,0,262,0,0,0,0,0
PAWN_AUDIT_ENTRY,537,17039214629284996694,10940740668570439749,8455536363906300956,15824595742138985033,267,284,285,270,7,6,2,7,18446744073709542172,18446744073709550278,9,0,0,0,0,0,0,0,0,246,248,212525,8,1198,0,0,1,6,18446744073709547899,18446744073709551030,18446744073709551030,246,0,1,1,11058898975780255249,0,0,9,263687000031335932,0,1,1,0
PAWN_AUDIT_RESULT,537,2,2,247,0,0,247,0,0,0,0,0
PAWN_AUDIT_ENTRY,538,10940740668570439749,3711082815423700911,8455536363906300956,18323332328753284974,80,284,285,270,7,6,2,8,18446744073709541983,18446744073709550278,9,0,0,0,0,0,0,0,0,246,248,212525,8,1199,0,0,1,2,18446744073709547813,18446744073709551030,18446744073709551030,246,0,1,1,11058898975780255249,0,0,9,263687000031335932,0,1,1,0
PAWN_AUDIT_RESULT,538,2,2,232,0,0,232,0,0,0,0,0
PAWN_AUDIT_ENTRY,539,3711082815423700911,89978491588106833,8455536363906300956,16246792676039337290,396,284,285,270,7,6,2,10,18446744073709542471,18446744073709550644,9,0,0,0,0,0,0,0,0,246,248,212525,8,1200,0,0,1,2,18446744073709548035,18446744073709551030,18446744073709551030,246,0,1,1,11058898975780255249,0,0,9,263687000031335932,0,1,1,0
PAWN_AUDIT_RESULT,539,2,2,252,0,0,252,0,0,0,0,0
PAWN_AUDIT_ENTRY,540,89978491588106833,2356673225934163098,8455536363906300956,7428691531503095821,259,284,285,270,7,6,2,11,18446744073709541453,18446744073709550278,9,0,0,0,0,0,0,0,0,246,248,212525,8,1201,0,0,1,6,18446744073709547572,18446744073709551030,18446744073709551030,246,0,1,1,11058898975780255249,0,0,9,263687000031335932,0,1,1,0
PAWN_AUDIT_RESULT,540,2,2,219,0,0,219,0,0,0,0,0
PAWN_AUDIT_ENTRY,541,2356673225934163098,5319307738692079852,8455536363906300956,325260923442706919,658,284,285,270,7,6,2,12,18446744073709541745,18446744073709550278,9,0,0,0,0,0,0,0,0,246,248,212525,8,1202,0,0,1,1,18446744073709547705,18446744073709551030,18446744073709551030,246,0,1,1,11058898975780255249,0,0,9,263687000031335932,0,0,1,0
PAWN_AUDIT_RESULT,541,2,2,239,0,0,239,0,0,0,0,0
PAWN_AUDIT_ENTRY,542,5319307738692079852,4307197036853237150,8455536363906300956,15422289320140086248,268,284,285,270,7,6,2,13,18446744073709541180,18446744073709550278,9,0,0,0,0,0,0,0,0,246,248,212525,8,1203,0,0,1,6,18446744073709547448,18446744073709551030,18446744073709551030,246,0,1,1,11058898975780255249,0,0,9,263687000031335932,0,1,1,0
PAWN_AUDIT_RESULT,542,2,2,225,0,0,225,0,0,0,0,0
PAWN_AUDIT_ENTRY,543,4307197036853237150,5825454167977146807,8455536363906300956,15525125154364055066,536,284,285,270,7,6,2,14,18446744073709541092,18446744073709550278,9,0,0,0,0,0,0,0,0,246,248,212525,8,1204,0,0,1,1,18446744073709547408,18446744073709551030,18446744073709551030,246,0,1,1,11058898975780255249,0,0,9,263687000031335932,0,0,1,0
PAWN_AUDIT_RESULT,543,2,2,249,0,0,249,0,0,0,0,0
PAWN_AUDIT_ENTRY,544,5825454167977146807,8678374244846562860,8455536363906300956,8407885173268332641,926,284,285,270,7,6,2,15,18446744073709541015,18446744073709550278,9,0,0,0,0,0,0,0,0,246,248,212525,8,1205,0,0,1,1,18446744073709547373,18446744073709551030,18446744073709551030,246,0,1,1,11058898975780255249,0,0,9,263687000031335932,0,0,1,0
PAWN_AUDIT_RESULT,544,2,2,191,0,0,191,0,0,0,0,0
PAWN_AUDIT_ENTRY,545,8678374244846562860,2314335982021243443,8455536363906300956,377697814260881316,269,284,285,270,7,6,2,16,18446744073709540998,18446744073709550278,9,0,0,0,0,0,0,0,0,246,248,212525,8,1206,0,0,1,6,18446744073709547365,18446744073709551030,18446744073709551030,246,0,1,1,11058898975780255249,0,0,9,263687000031335932,0,1,1,0
PAWN_AUDIT_RESULT,545,2,2,236,0,0,236,0,0,0,0,0
PAWN_AUDIT_ENTRY,546,2314335982021243443,18277393970589725648,8455536363906300956,16843400098891854269,983,284,285,270,7,6,2,17,18446744073709540949,18446744073709550278,9,0,0,0,0,0,0,0,0,246,248,212525,8,1207,0,0,1,1,18446744073709547343,18446744073709551030,18446744073709551030,246,0,1,1,11058898975780255249,0,0,9,263687000031335932,0,0,1,0
PAWN_AUDIT_RESULT,546,2,2,242,0,0,242,0,0,0,0,0
PAWN_AUDIT_ENTRY,547,18277393970589725648,6590916616568151392,8455536363906300956,13110160137417465079,1828,284,285,270,7,6,2,18,18446744073709540837,18446744073709550278,9,0,0,0,0,0,0,0,0,246,248,212525,8,1208,0,0,1,1,18446744073709547292,18446744073709551030,18446744073709551030,246,0,1,1,11058898975780255249,0,0,9,263687000031335932,0,0,1,0
PAWN_AUDIT_RESULT,547,2,2,228,0,0,228,0,0,0,0,0
PAWN_AUDIT_ENTRY,548,6590916616568151392,1525245406650641539,8455536363906300956,11256504116781975802,918,284,285,270,7,6,1,19,18446744073709540562,18446744073709550278,9,0,0,0,0,0,0,0,0,246,248,212525,8,1209,0,0,1,1,18446744073709547167,18446744073709551030,18446744073709551030,246,0,1,1,11058898975780255249,0,0,9,263687000031335932,0,0,1,0
PAWN_AUDIT_RESULT,548,1,1,232,0,0,232,0,0,0,0,0
PAWN_AUDIT_ENTRY,549,1525245406650641539,15144361487724492767,8455536363906300956,11994877576411285756,528,284,285,270,7,6,1,20,18446744073709540340,18446744073709550278,9,0,0,0,0,0,0,0,0,246,248,212525,8,1210,0,0,1,1,18446744073709547066,18446744073709551030,18446744073709551030,246,0,1,1,11058898975780255249,0,0,9,263687000031335932,0,0,1,0
PAWN_AUDIT_RESULT,549,1,1,236,0,0,236,0,0,0,0,0
PAWN_AUDIT_ENTRY,550,15144361487724492767,1675564976948523043,8455536363906300956,10401929344373819944,666,284,285,270,7,6,1,21,18446744073709540219,18446744073709550278,9,0,0,0,0,0,0,0,0,246,248,212525,8,1211,0,0,1,1,18446744073709547011,18446744073709551030,18446744073709551030,246,0,1,1,11058898975780255249,0,0,9,263687000031335932,0,0,1,0
PAWN_AUDIT_RESULT,550,1,1,218,0,0,218,0,0,0,0,0
PAWN_AUDIT_ENTRY,551,1675564976948523043,7488394700448673558,8455536363906300956,12236886720284136694,991,284,285,270,7,6,1,22,18446744073709539933,18446744073709550278,9,0,0,0,0,0,0,0,0,246,248,212525,8,1212,0,0,1,1,18446744073709546881,18446744073709551030,18446744073709551030,246,0,1,1,11058898975780255249,0,0,9,263687000031335932,0,0,1,0
PAWN_AUDIT_RESULT,551,1,1,241,0,0,241,0,0,0,0,0
PAWN_AUDIT_ENTRY,552,7488394700448673558,669776496311422936,8455536363906300956,16660114716212592949,1113,284,285,270,7,6,1,23,18446744073709539799,18446744073709550278,9,0,0,0,0,0,0,0,0,246,248,212525,8,1213,0,0,1,1,18446744073709546820,18446744073709551030,18446744073709551030,246,0,1,1,11058898975780255249,0,0,9,263687000031335932,0,0,1,0
PAWN_AUDIT_RESULT,552,1,1,208,0,0,208,0,0,0,0,0
PAWN_AUDIT_ENTRY,553,669776496311422936,5197991250623680008,8455536363906300956,17343690103790341355,75,284,285,270,7,6,2,24,18446744073709539905,18446744073709549066,9,0,0,0,0,0,0,0,0,246,248,212525,8,1214,0,0,1,2,18446744073709546868,18446744073709551030,18446744073709551030,246,0,1,1,11058898975780255249,0,0,9,263687000031335932,0,1,1,0
PAWN_AUDIT_RESULT,553,2,2,288,1,6,277,0,3,37,0,0
PAWN_AUDIT_ENTRY,582,4300813974798249157,411734279423537187,13129277209406328865,3737323359648751830,75,284,285,277,9,8,4,3,18446744073709549500,2923,7,0,0,0,0,0,0,0,0,247,247,431550,8,1255,0,0,1,2,18446744073709550742,39,18446744073709551394,251,0,1,1,11058898975780255249,0,0,7,14158892069230358035,0,1,1,0
PAWN_AUDIT_RESULT,582,4,4,254,0,0,254,0,0,0,0,0
PAWN_AUDIT_ENTRY,584,15692127150422652187,3174882156989362999,13129277209406328865,16956557876491537250,1049,284,285,277,9,8,3,5,18446744073709550340,18446744073709550278,7,0,0,0,0,0,0,0,0,247,247,431550,8,1257,0,0,1,3,18446744073709551613,18446744073709551030,18446744073709551030,251,0,1,1,11058898975780255249,0,0,7,14158892069230358035,0,1,1,0
PAWN_AUDIT_RESULT,584,3,3,174,0,0,174,0,0,0,0,0
PAWN_AUDIT_ENTRY,585,3174882156989362999,14683235256330833317,13129277209406328865,12040414242727060651,1067,284,285,277,9,8,3,6,18446744073709550340,18446744073709550278,7,0,0,0,0,0,0,0,0,247,247,431550,8,1258,0,0,1,3,18446744073709551613,18446744073709551030,18446744073709551030,251,0,1,1,11058898975780255249,0,0,7,14158892069230358035,0,1,1,0
PAWN_AUDIT_RESULT,585,3,3,202,0,0,202,0,0,0,0,0
PAWN_AUDIT_ENTRY,586,14683235256330833317,447595401341706956,13129277209406328865,5809148823397944807,1076,284,285,277,9,8,3,7,18446744073709550340,18446744073709550278,7,0,0,0,0,0,0,0,0,247,247,431550,8,1259,0,0,1,3,18446744073709551613,18446744073709551030,18446744073709551030,251,0,1,1,11058898975780255249,0,0,7,14158892069230358035,0,1,1,0
PAWN_AUDIT_RESULT,586,3,3,103,0,0,103,0,0,0,0,0
PAWN_AUDIT_ENTRY,587,447595401341706956,15642185333923152297,13129277209406328865,4091989071809768828,346,284,285,277,9,8,3,8,18446744073709548228,18446744073709549395,7,0,0,0,0,0,0,0,0,247,247,431550,8,1260,0,0,1,3,18446744073709549807,18446744073709551030,1156,251,0,1,1,11058898975780255249,0,0,7,14158892069230358035,0,1,1,0
PAWN_AUDIT_RESULT,587,3,3,224,0,0,224,0,0,0,0,0
PAWN_AUDIT_ENTRY,588,15642185333923152297,5776563226787033185,13129277209406328865,8484766910180110125,1033,284,285,277,9,8,2,9,18446744073709545618,18446744073709550114,7,0,0,0,0,0,0,0,0,247,247,431550,8,1261,0,0,1,3,18446744073709549466,18446744073709551030,18446744073709551030,251,0,1,1,11058898975780255249,0,0,7,14158892069230358035,0,1,1,0
PAWN_AUDIT_RESULT,588,2,2,243,0,0,243,0,0,0,0,0
PAWN_AUDIT_ENTRY,589,5776563226787033185,9465005008726640327,13129277209406328865,1195989879973617818,339,284,285,277,9,8,2,10,18446744073709543705,18446744073709550792,7,0,0,0,0,0,0,0,0,247,247,431550,8,1262,0,0,1,3,18446744073709548596,18446744073709551030,18446744073709551030,251,0,1,1,11058898975780255249,0,0,7,14158892069230358035,0,1,1,0
PAWN_AUDIT_RESULT,589,2,2,249,0,0,249,0,0,0,0,0
PAWN_AUDIT_ENTRY,590,9465005008726640327,12790028255333607132,13129277209406328865,9953548817487370917,1058,284,285,277,9,8,2,11,18446744073709544714,18446744073709550278,7,0,0,0,0,0,0,0,0,247,247,431550,8,1263,0,0,1,3,18446744073709549055,18446744073709551030,18446744073709551030,251,0,1,1,11058898975780255249,0,0,7,14158892069230358035,0,1,1,0
PAWN_AUDIT_RESULT,590,2,2,196,0,0,196,0,0,0,0,0
PAWN_AUDIT_ENTRY,591,12790028255333607132,4702729270431988422,13129277209406328865,2936439815423514349,332,284,285,277,9,8,2,12,18446744073709543043,18446744073709550489,7,0,0,0,0,0,0,0,0,247,247,431550,8,1264,0,0,1,3,18446744073709548295,18446744073709551030,18446744073709551030,251,0,1,1,11058898975780255249,0,0,7,14158892069230358035,0,1,1,0
PAWN_AUDIT_RESULT,591,2,2,248,0,0,248,0,0,0,0,0
PAWN_AUDIT_ENTRY,592,4702729270431988422,9444533833871290237,13129277209406328865,8767299915907554272,407,284,285,277,9,8,2,13,18446744073709543094,18446744073709549905,7,0,0,0,0,0,0,0,0,247,247,431550,8,1265,0,0,1,2,18446744073709548318,18446744073709551030,18446744073709551030,251,0,1,1,11058898975780255249,0,0,7,14158892069230358035,0,1,1,0
PAWN_AUDIT_RESULT,592,2,2,239,0,0,239,0,0,0,0,0
PAWN_AUDIT_ENTRY,593,9444533833871290237,13519822425799469481,13129277209406328865,2455792573189294455,396,284,285,277,9,8,2,14,18446744073709541237,18446744073709550731,7,0,0,0,0,0,0,0,0,247,247,431550,8,1266,0,0,1,2,18446744073709548133,18446744073709550328,18446744073709550395,251,0,1,1,11058898975780255249,0,0,7,14158892069230358035,0,1,1,0
PAWN_AUDIT_RESULT,593,2,2,246,0,0,246,0,0,0,0,0
PAWN_AUDIT_ENTRY,594,13519822425799469481,1950341574435292951,13129277209406328865,1797156657635640948,267,284,285,277,9,8,2,15,18446744073709542089,18446744073709550201,7,0,0,0,0,0,0,0,0,247,247,431550,8,1267,0,0,1,6,18446744073709547861,18446744073709551030,18446744073709551030,251,0,1,1,11058898975780255249,0,0,7,14158892069230358035,0,1,1,0
PAWN_AUDIT_RESULT,594,2,2,233,0,0,233,0,0,0,0,0
PAWN_AUDIT_ENTRY,595,1950341574435292951,14102317039161404328,13129277209406328865,18219009336348849693,1026,284,285,277,9,8,2,17,18446744073709544714,18446744073709548874,7,0,0,0,0,0,0,0,0,247,247,431550,8,1268,0,0,1,3,18446744073709549055,18446744073709551030,18446744073709551030,251,0,1,1,11058898975780255249,0,0,7,14158892069230358035,0,1,1,0
PAWN_AUDIT_RESULT,595,2,2,196,0,0,196,0,0,0,0,0
PAWN_AUDIT_ENTRY,596,14102317039161404328,13088135743237372635,13129277209406328865,14406741014114833882,658,284,285,277,9,8,2,18,18446744073709541036,18446744073709550278,7,0,0,0,0,0,0,0,0,247,247,431550,8,1269,0,0,1,1,18446744073709547559,18446744073709551030,18446744073709550666,251,0,1,1,11058898975780255249,0,0,7,14158892069230358035,0,0,1,0
PAWN_AUDIT_RESULT,596,2,2,231,0,0,231,0,0,0,0,0
PAWN_AUDIT_ENTRY,597,13088135743237372635,11384276337943571204,13129277209406328865,3085896684085566848,983,284,285,277,9,8,2,19,18446744073709540732,18446744073709550278,7,0,0,0,0,0,0,0,0,247,247,431550,8,1270,0,0,1,1,18446744073709547244,18446744073709551030,18446744073709551030,251,0,1,1,11058898975780255249,0,0,7,14158892069230358035,0,0,1,0
PAWN_AUDIT_RESULT,597,2,2,227,0,0,227,0,0,0,0,0
PAWN_AUDIT_ENTRY,598,11384276337943571204,1314548786968008016,13129277209406328865,8546755285912563914,1828,284,285,277,9,8,2,20,18446744073709540248,18446744073709550278,7,0,0,0,0,0,0,0,0,247,247,431550,8,1271,0,0,1,1,18446744073709547024,18446744073709551030,18446744073709551030,251,0,1,1,11058898975780255249,0,0,7,14158892069230358035,0,0,1,0
PAWN_AUDIT_RESULT,598,2,2,210,0,0,210,0,0,0,0,0
PAWN_AUDIT_ENTRY,599,1314548786968008016,1571195865026917612,13129277209406328865,6871274032168215751,918,284,285,277,9,8,2,21,18446744073709540100,18446744073709550278,7,0,0,0,0,0,0,0,0,247,247,431550,8,1272,0,0,1,1,18446744073709546957,18446744073709551030,18446744073709551030,251,0,1,1,11058898975780255249,0,0,7,14158892069230358035,0,0,1,0
PAWN_AUDIT_RESULT,599,2,2,223,0,0,223,0,0,0,0,0
PAWN_AUDIT_ENTRY,600,1571195865026917612,1503919853457122573,13129277209406328865,7691776709199706315,991,284,285,277,9,8,2,22,18446744073709539742,18446744073709550278,7,0,0,0,0,0,0,0,0,247,247,431550,8,1273,0,0,1,1,18446744073709546794,18446744073709551030,18446744073709551030,251,0,1,1,11058898975780255249,0,0,7,14158892069230358035,0,0,1,0
PAWN_AUDIT_RESULT,600,2,2,234,0,0,234,0,0,0,0,0
PAWN_AUDIT_ENTRY,601,1503919853457122573,8477074886315482083,13129277209406328865,13241223429126712412,926,284,285,277,9,8,2,23,18446744073709539738,18446744073709550278,7,0,0,0,0,0,0,0,0,247,247,431550,8,1274,0,0,1,1,18446744073709546792,18446744073709551030,18446744073709551030,251,0,1,1,11058898975780255249,0,0,7,14158892069230358035,0,0,1,0
PAWN_AUDIT_RESULT,601,2,2,191,0,0,191,0,0,0,0,0
PAWN_AUDIT_ENTRY,602,8477074886315482083,12045558563495567583,13129277209406328865,14290295040880524185,269,284,285,277,9,8,2,24,18446744073709540611,18446744073709549853,7,0,0,0,0,0,0,0,0,247,247,431550,8,1275,0,0,1,6,18446744073709547189,18446744073709551030,18446744073709551030,251,0,1,1,11058898975780255249,0,0,7,14158892069230358035,0,1,1,0
PAWN_AUDIT_RESULT,602,2,2,231,0,0,231,0,0,0,0,0
PAWN_AUDIT_ENTRY,603,12045558563495567583,10270522031308590546,13129277209406328865,5996430930059634197,666,284,285,277,9,8,2,25,18446744073709539436,18446744073709550278,7,0,0,0,0,0,0,0,0,247,247,431550,8,1276,0,0,1,1,18446744073709546655,18446744073709551030,18446744073709551030,251,0,1,1,11058898975780255249,0,0,7,14158892069230358035,0,0,1,0
PAWN_AUDIT_RESULT,603,2,2,206,0,0,206,0,0,0,0,0
PAWN_AUDIT_ENTRY,604,10270522031308590546,3720544274516020564,13129277209406328865,2618869132793195784,1113,284,285,277,9,8,2,26,18446744073709538865,18446744073709550278,7,0,0,0,0,0,0,0,0,247,247,431550,8,1277,0,0,1,1,18446744073709546395,18446744073709551030,18446744073709551030,251,0,1,1,11058898975780255249,0,0,7,14158892069230358035,0,0,1,0
PAWN_AUDIT_RESULT,604,2,2,156,0,0,156,0,0,0,0,0
PAWN_AUDIT_ENTRY,605,3720544274516020564,6033571815288569801,13129277209406328865,1543173247196182485,268,284,285,277,9,8,2,27,18446744073709540468,18446744073709549516,7,0,0,0,0,0,0,0,0,247,247,431550,8,1278,0,0,1,6,18446744073709547124,18446744073709551030,18446744073709551030,251,0,1,1,11058898975780255249,0,0,7,14158892069230358035,0,1,1,0
PAWN_AUDIT_RESULT,605,2,2,204,0,0,204,0,0,0,0,0
PAWN_AUDIT_ENTRY,606,6033571815288569801,9251508678792527743,13129277209406328865,11850248388042980400,259,284,285,277,9,8,2,28,18446744073709540554,18446744073709549353,7,0,0,0,0,0,0,0,0,247,247,431550,8,1279,0,0,1,6,18446744073709547163,18446744073709551030,18446744073709551030,251,0,1,1,11058898975780255249,0,0,7,14158892069230358035,0,1,1,0
PAWN_AUDIT_RESULT,606,2,2,219,0,0,219,0,0,0,0,0
PAWN_AUDIT_ENTRY,609,16767866023020768091,16936450011252219867,8487060925824988417,2778871910002590763,82,284,285,277,8,7,4,3,18446744073709551332,18446744073709551556,7,0,0,0,0,0,0,0,0,154,154,18446744073703320921,8,1285,0,0,1,2,448,18446744073709551030,18446744073709551030,261,4,1,1,11090425736916188940,0,0,7,232160342240435425,0,1,1,0
PAWN_AUDIT_RESULT,609,4,4,220,0,0,220,0,0,0,0,0
PAWN_AUDIT_ENTRY,611,6088211426386218887,12455396372838100183,8487060925824988417,16278316550406220887,396,284,285,277,8,7,2,5,18446744073709542561,708,7,0,0,0,0,0,0,0,0,154,154,18446744073703320921,8,1287,0,0,1,2,18446744073709548076,18446744073709551030,18446744073709551030,261,4,1,1,11090425736916188940,0,0,7,232160342240435425,0,1,1,0
PAWN_AUDIT_RESULT,611,2,2,215,0,0,215,0,0,0,0,0
PAWN_AUDIT_ENTRY,612,12455396372838100183,7504961597587863584,8487060925824988417,293734953138729210,658,284,285,277,8,7,2,6,18446744073709540886,18446744073709551313,7,0,0,0,0,0,0,0,0,154,154,18446744073703320921,8,1288,0,0,1,1,18446744073709547314,18446744073709551030,18446744073709551030,261,4,1,1,11090425736916188940,0,0,7,232160342240435425,0,0,1,0
PAWN_AUDIT_RESULT,612,2,2,216,0,0,216,0,0,0,0,0
PAWN_AUDIT_ENTRY,613,7504961597587863584,9366333703274815006,8487060925824988417,15232733635538093498,339,284,285,277,8,7,2,7,18446744073709543738,18446744073709549817,7,0,0,0,0,0,0,0,0,154,154,18446744073703320921,8,1289,0,0,1,3,18446744073709548611,18446744073709551030,18446744073709551030,261,4,1,1,11090425736916188940,0,0,7,232160342240435425,0,1,1,0
PAWN_AUDIT_RESULT,613,2,2,206,0,0,206,0,0,0,0,0
PAWN_AUDIT_ENTRY,614,9366333703274815006,18266590198819862244,8487060925824988417,15556649612591027975,536,284,285,277,8,7,2,9,18446744073709541092,18446744073709550278,7,0,0,0,0,0,0,0,0,154,154,18446744073703320921,8,1290,0,0,1,1,18446744073709547408,18446744073709551030,18446744073709551030,261,4,1,1,11090425736916188940,0,0,7,232160342240435425,0,0,1,0
PAWN_AUDIT_RESULT,614,2,2,223,0,0,223,0,0,0,0,0
PAWN_AUDIT_ENTRY,615,18266590198819862244,9157553081497373723,8487060925824988417,13427266990621720256,407,284,285,277,8,7,2,10,18446744073709542726,18446744073709549401,7,0,0,0,0,0,0,0,0,154,154,18446744073703320921,8,1291,0,0,1,2,18446744073709548151,18446744073709551030,18446744073709551030,261,4,1,1,11090425736916188940,0,0,7,232160342240435425,0,1,1,0
PAWN_AUDIT_RESULT,615,2,2,197,0,0,197,0,0,0,0,0
PAWN_AUDIT_ENTRY,616,9157553081497373723,7401804192673155849,13160803970608191804,16572121614054303766,82,284,285,277,11,10,6,3,18446744073709551583,18446744073709551556,5,0,0,0,0,0,0,0,0,169,169,18446744073703320921,8,1292,0,0,1,2,562,18446744073709551030,18446744073709551030,262,6,1,1,11090425736916188940,0,0,5,5559326230492811445,0,1,1,0
PAWN_AUDIT_RESULT,616,6,6,151,0,0,151,0,0,0,0,0
PAWN_AUDIT_ENTRY,618,7015821901793986311,15717269957628856077,13160803970608191804,3696789811509537227,75,284,285,277,11,10,5,5,18446744073709550447,18446744073709549421,5,0,0,0,0,0,0,0,0,169,169,18446744073703320921,8,1296,0,0,1,2,18446744073709551083,18446744073709551314,314,262,6,1,1,11090425736916188940,0,0,5,5559326230492811445,0,1,1,0
PAWN_AUDIT_RESULT,618,5,5,176,0,0,176,0,0,0,0,0
PAWN_AUDIT_ENTRY,619,15717269957628856077,773105367333693363,13160803970608191804,16988082438390170239,1049,284,285,277,11,10,5,6,18446744073709547219,18446744073709550278,5,0,0,0,0,0,0,0,0,169,169,18446744073703320921,8,1297,0,0,1,3,18446744073709550194,18446744073709551030,18446744073709551030,262,6,1,1,11090425736916188940,0,0,5,5559326230492811445,0,1,1,0
PAWN_AUDIT_RESULT,619,5,5,124,0,0,124,0,0,0,0,0
PAWN_AUDIT_ENTRY,620,773105367333693363,4410919694563071295,13160803970608191804,12071940040983440822,1067,284,285,277,11,10,5,7,18446744073709547219,18446744073709550278,5,0,0,0,0,0,0,0,0,169,169,18446744073703320921,8,1298,0,0,1,3,18446744073709550194,18446744073709551030,18446744073709551030,262,6,1,1,11090425736916188940,0,0,5,5559326230492811445,0,1,1,0
PAWN_AUDIT_RESULT,620,5,5,208,0,0,208,0,0,0,0,0
PAWN_AUDIT_ENTRY,621,4410919694563071295,3596927505139134220,13160803970608191804,5768617887424988410,1076,284,285,277,11,10,5,8,18446744073709547219,18446744073709550278,5,0,0,0,0,0,0,0,0,169,169,18446744073703320921,8,1299,0,0,1,3,18446744073709550194,18446744073709551030,18446744073709551030,262,6,1,1,11090425736916188940,0,0,5,5559326230492811445,0,1,1,0
PAWN_AUDIT_RESULT,621,5,5,25,0,0,25,0,0,0,0,0
PAWN_AUDIT_ENTRY,622,3596927505139134220,12472476464802254752,13160803970608191804,2487318646302474346,396,284,285,277,11,10,4,9,18446744073709542511,708,5,0,0,0,0,0,0,0,0,169,169,18446744073703320921,8,1300,0,0,1,2,18446744073709548053,18446744073709551030,18446744073709551030,262,6,1,1,11090425736916188940,0,0,5,5559326230492811445,0,1,1,0
PAWN_AUDIT_RESULT,622,4,4,203,0,0,203,0,0,0,0,0
PAWN_AUDIT_ENTRY,623,12472476464802254752,12756097014774180632,13160803970608191804,14375217243094031559,658,284,285,277,11,10,4,10,18446744073709540886,18446744073709551313,5,0,0,0,0,0,0,0,0,169,169,18446744073703320921,8,1301,0,0,1,1,18446744073709547314,18446744073709551030,18446744073709551030,262,6,1,1,11090425736916188940,0,0,5,5559326230492811445,0,0,1,0
PAWN_AUDIT_RESULT,623,4,4,214,0,0,214,0,0,0,0,0
PAWN_AUDIT_ENTRY,624,12756097014774180632,10826695980644682686,13160803970608191804,267641499543004874,1763,284,285,277,11,10,4,11,18446744073709541902,18446744073709550278,5,0,0,0,0,0,0,0,0,169,169,18446744073703320921,8,1302,0,0,1,1,18446744073709547776,18446744073709551030,18446744073709551030,262,6,1,1,11090425736916188940,0,0,5,5559326230492811445,0,0,1,0
PAWN_AUDIT_RESULT,624,4,4,198,0,0,198,0,0,0,0,0
PAWN_AUDIT_ENTRY,625,10826695980644682686,6801053712343511867,13160803970608191804,1155458084712688007,339,284,285,277,11,10,4,12,18446744073709543342,18446744073709549532,5,0,0,0,0,0,0,0,0,169,169,18446744073703320921,8,1303,0,0,1,3,18446744073709548431,18446744073709551030,18446744073709551030,262,6,1,1,11090425736916188940,0,0,5,5559326230492811445,0,1,1,0
PAWN_AUDIT_RESULT,625,4,4,203,0,0,203,0,0,0,0,0
PAWN_AUDIT_ENTRY,626,6801053712343511867,15645082928628742220,13160803970608191804,8444236076740716080,1033,284,285,277,11,10,4,13,18446744073709545313,18446744073709548215,5,0,0,0,0,0,0,0,0,169,169,18446744073703320921,8,1304,0,0,1,3,18446744073709549327,18446744073709551030,18446744073709551030,262,6,1,1,11090425736916188940,0,0,5,5559326230492811445,0,1,1,0
PAWN_AUDIT_RESULT,626,4,4,187,0,0,187,0,0,0,0,0
PAWN_AUDIT_ENTRY,627,15645082928628742220,3366171214835160394,13160803970608191804,3045365575830525085,983,284,285,277,11,10,4,14,18446744073709540153,18446744073709550278,5,0,0,0,0,0,0,0,0,169,169,18446744073703320921,8,1305,0,0,1,1,18446744073709546981,18446744073709551030,18446744073709551030,262,6,1,1,11090425736916188940,0,0,5,5559326230492811445,0,0,1,0
PAWN_AUDIT_RESULT,627,4,4,212,0,0,212,0,0,0,0,0
PAWN_AUDIT_ENTRY,628,3366171214835160394,10651961608310354985,13160803970608191804,18178477541431721728,1026,284,285,277,11,10,4,15,18446744073709542704,18446744073709548874,5,0,0,0,0,0,0,0,0,169,169,18446744073703320921,8,1306,0,0,1,3,18446744073709548141,18446744073709551030,18446744073709551030,262,6,1,1,11090425736916188940,0,0,5,5559326230492811445,0,1,1,0
PAWN_AUDIT_RESULT,628,4,4,152,0,0,152,0,0,0,0,0
PAWN_AUDIT_ENTRY,629,10651961608310354985,3610364774487790690,13160803970608191804,2904915219690872816,332,284,285,277,11,10,4,16,18446744073709543017,18446744073709548723,5,0,0,0,0,0,0,0,0,169,169,18446744073703320921,8,1307,0,0,1,3,18446744073709548283,18446744073709551030,18446744073709551030,262,6,1,1,11090425736916188940,0,0,5,5559326230492811445,0,1,1,0
PAWN_AUDIT_RESULT,629,4,4,187,0,0,187,0,0,0,0,0
PAWN_AUDIT_ENTRY,630,3610364774487790690,8122374720807108034,13160803970608191804,6902797941496196570,918,284,285,277,11,10,3,17,18446744073709539469,18446744073709550278,5,0,0,0,0,0,0,0,0,169,169,18446744073703320921,8,1308,0,0,1,1,18446744073709546670,18446744073709551030,18446744073709551030,262,6,1,1,11090425736916188940,0,0,5,5559326230492811445,0,0,1,0
PAWN_AUDIT_RESULT,630,3,3,205,0,0,205,0,0,0,0,0
PAWN_AUDIT_ENTRY,631,8122374720807108034,2574166324029049419,13160803970608191804,7651245635505861078,991,284,285,277,11,10,3,18,18446744073709539408,18446744073709550278,5,0,0,0,0,0,0,0,0,169,169,18446744073703320921,8,1309,0,0,1,1,18446744073709546642,18446744073709551030,18446744073709551030,262,6,1,1,11090425736916188940,0,0,5,5559326230492811445,0,0,1,0
PAWN_AUDIT_RESULT,631,3,3,214,0,0,214,0,0,0,0,0
PAWN_AUDIT_ENTRY,632,2574166324029049419,6563174782739672892,13160803970608191804,8506224177335744983,1828,284,285,277,11,10,3,19,18446744073709539287,18446744073709550278,5,0,0,0,0,0,0,0,0,169,169,18446744073703320921,8,1310,0,0,1,1,18446744073709546587,18446744073709551030,18446744073709551030,262,6,1,1,11090425736916188940,0,0,5,5559326230492811445,0,0,1,0
PAWN_AUDIT_RESULT,632,3,3,160,0,0,160,0,0,0,0,0
PAWN_AUDIT_ENTRY,633,6563174782739672892,2792243085299761106,13160803970608191804,8735775629403116285,407,284,285,277,11,10,4,20,18446744073709542036,18446744073709548879,5,0,0,0,0,0,0,0,0,169,169,18446744073703320921,8,1311,0,0,1,2,18446744073709547837,18446744073709551030,18446744073709551030,262,6,1,1,11090425736916188940,0,0,5,5559326230492811445,0,1,1,0
PAWN_AUDIT_RESULT,633,4,4,190,0,0,190,0,0,0,0,0
PAWN_AUDIT_ENTRY,634,2792243085299761106,6900490542782009644,13160803970608191804,13209699795532277057,926,284,285,277,11,10,3,21,18446744073709538711,18446744073709550278,5,0,0,0,0,0,0,0,0,169,169,18446744073703320921,8,1312,0,0,1,1,18446744073709546325,18446744073709551030,18446744073709551030,262,6,1,1,11090425736916188940,0,0,5,5559326230492811445,0,0,1,0
PAWN_AUDIT_RESULT,634,3,3,201,0,0,201,0,0,0,0,0
PAWN_AUDIT_ENTRY,635,6900490542782009644,10010434679654631256,13160803970608191804,6027957450138955528,666,284,285,277,11,10,3,22,18446744073709538515,18446744073709550278,5,0,0,0,0,0,0,0,0,169,169,18446744073703320921,8,1313,0,0,1,1,18446744073709546236,18446744073709551030,18446744073709551030,262,6,1,1,11090425736916188940,0,0,5,5559326230492811445,0,0,1,0
PAWN_AUDIT_RESULT,635,3,3,226,0,0,226,0,0,0,0,0
PAWN_AUDIT_ENTRY,636,10010434679654631256,16407458568856933272,13160803970608191804,2650393591355188245,1113,284,285,277,11,10,3,23,18446744073709538011,18446744073709550278,5,0,0,0,0,0,0,0,0,169,169,18446744073703320921,8,1314,0,0,1,1,18446744073709546007,18446744073709551030,18446744073709551030,262,6,1,1,11090425736916188940,0,0,5,5559326230492811445,0,0,1,0
PAWN_AUDIT_RESULT,636,3,3,146,0,0,146,0,0,0,0,0
PAWN_AUDIT_ENTRY,637,16407458568856933272,4301067386193591451,13160803970608191804,4060464647628481633,346,284,285,277,11,10,4,24,18446744073709545099,18446744073709546870,5,0,0,0,0,0,0,0,0,169,169,18446744073703320921,8,1315,0,0,1,3,18446744073709549230,18446744073709551030,18446744073709551030,262,6,1,1,11090425736916188940,0,0,5,5559326230492811445,0,1,1,0
PAWN_AUDIT_RESULT,637,4,4,151,0,0,151,0,0,0,0,0
PAWN_AUDIT_ENTRY,638,4301067386193591451,1605622812700812960,13160803970608191804,9994079788093215672,1058,284,285,277,11,10,4,25,18446744073709542704,18446744073709547758,5,0,0,0,0,0,0,0,0,169,169,18446744073703320921,8,1316,0,0,1,3,18446744073709548141,18446744073709551030,18446744073709551030,262,6,1,1,11090425736916188940,0,0,5,5559326230492811445,0,1,1,0
PAWN_AUDIT_RESULT,638,4,4,141,0,0,141,0,0,0,0,0
PAWN_AUDIT_ENTRY,639,1605622812700812960,9431657474195542018,13160803970608191804,1756624861929983849,267,284,285,277,11,10,4,26,18446744073709541567,18446744073709547464,5,0,0,0,0,0,0,0,0,169,169,18446744073703320921,8,1317,0,0,1,6,18446744073709547624,18446744073709551030,18446744073709551030,262,6,1,1,11090425736916188940,0,0,5,5559326230492811445,0,1,1,0
PAWN_AUDIT_RESULT,639,4,4,197,0,0,197,0,0,0,0,0
PAWN_AUDIT_ENTRY,640,9431657474195542018,9808884647466248106,13160803970608191804,11881775011802871085,259,284,285,277,11,10,4,27,18446744073709539762,18446744073709548128,5,0,0,0,0,0,0,0,0,169,169,18446744073703320921,8,1318,0,0,1,6,18446744073709546803,18446744073709551030,18446744073709551030,262,6,1,1,11090425736916188940,0,0,5,5559326230492811445,0,1,1,0
PAWN_AUDIT_RESULT,640,4,4,169,0,0,169,0,0,0,0,0
PAWN_AUDIT_ENTRY,641,9808884647466248106,14627251825107372801,13160803970608191804,14321819361673261700,269,284,285,277,11,10,4,28,18446744073709540144,18446744073709546819,5,0,0,0,0,0,0,0,0,169,169,18446744073703320921,8,1319,0,0,1,6,18446744073709546977,18446744073709551030,18446744073709551030,262,6,1,1,11090425736916188940,0,0,5,5559326230492811445,0,1,1,0
PAWN_AUDIT_RESULT,641,4,4,178,0,0,178,0,0,0,0,0
PAWN_AUDIT_ENTRY,642,14627251825107372801,3698458925896283984,13160803970608191804,16287401873984174616,353,284,285,277,11,10,5,29,18446744073709550340,18446744073709550278,5,0,0,0,0,0,0,0,0,169,169,18446744073703320921,8,1320,0,0,1,3,18446744073709551613,18446744073709551030,18446744073709551030,262,6,1,1,11090425736916188940,0,0,5,5559326230492811445,0,1,1,0
PAWN_AUDIT_RESULT,642,5,5,-46,0,0,-46,0,0,0,0,0
PAWN_AUDIT_ENTRY,643,3698458925896283984,8943148380115363462,13160803970608191804,5102436154293205444,360,284,285,277,11,10,5,30,18446744073709550340,18446744073709550278,5,0,0,0,0,0,0,0,0,169,169,18446744073703320921,8,1321,0,0,1,3,18446744073709551613,18446744073709551030,18446744073709551030,262,6,1,1,11090425736916188940,0,0,5,5559326230492811445,0,1,1,0
PAWN_AUDIT_RESULT,643,5,5,-5,0,0,-5,0,0,0,0,0
PAWN_AUDIT_ENTRY,644,8943148380115363462,9297716261368637558,13160803970608191804,1583704183669702344,268,284,285,277,11,10,4,31,18446744073709539324,18446744073709546919,5,0,0,0,0,0,0,0,0,169,169,18446744073703320921,8,1322,0,0,1,6,18446744073709546604,18446744073709551030,18446744073709551030,262,6,1,1,11090425736916188940,0,0,5,5559326230492811445,0,1,1,0
PAWN_AUDIT_RESULT,644,4,4,143,0,0,143,0,0,0,0,0
PAWN_AUDIT_ENTRY,649,3921423937479566039,11117746292337422275,1497565418660465116,11109630030779834830,3956,43,44,18446744073709551226,6,5,1,8,18446744073709550340,18446744073709548874,5,0,0,0,0,0,0,0,1,18446744073709550705,18446744073709550705,18446744073703320921,8,1334,0,0,1,3,18446744073709551613,18446744073709551030,18446744073709551030,18446744073709551233,5,1,1,11090425736916188940,0,0,5,10841576523842529221,0,1,1,0
PAWN_AUDIT_RESULT,649,1,1,-385,0,0,-385,0,0,0,0,0
PAWN_AUDIT_ENTRY,653,8000537467723579662,13713996817828114648,2587697913703653912,8120491779032224562,82,284,285,277,10,9,7,7,18446744073709548218,18446744073709551556,3,0,0,0,0,1,0,0,0,141,141,18446744073706186053,8,1355,0,0,0,2,18446744073709550648,18446744073709551030,18446744073709551030,253,4,1,1,11090425736916188940,3,0,3,1356371177445769637,0,4,1,0
PAWN_AUDIT_RESULT,653,7,7,85,0,0,85,0,0,0,0,0
PAWN_AUDIT_ENTRY,654,13713996817828114648,6939308884549547278,2587697913703653912,3949554667181505621,2519,284,285,277,10,9,7,8,18446744073709548693,18446744073709549778,3,0,0,0,0,1,0,0,0,141,141,18446744073706186053,8,1356,0,0,0,5,18446744073709550864,18446744073709551030,18446744073709551030,253,4,1,1,11090425736916188940,3,0,3,1356371177445769637,0,4,1,0
PAWN_AUDIT_RESULT,654,7,7,243,0,0,243,0,17,17,0,0
PAWN_AUDIT_ENTRY,655,6939308884549547278,12390675976614439874,2587697913703653912,10971421399313428489,2508,284,285,277,10,9,6,9,18446744073709548088,18446744073709549394,3,0,0,0,0,1,0,0,0,141,141,18446744073706186053,8,1374,0,0,0,5,18446744073709550589,18446744073709551030,18446744073709551030,253,4,1,1,11090425736916188940,3,0,3,1356371177445769637,0,4,1,0
PAWN_AUDIT_RESULT,655,6,6,151,0,0,151,0,0,0,0,0
PAWN_AUDIT_ENTRY,656,12390675976614439874,15550082234085144934,2587697913703653912,715872067748645828,2527,284,285,277,10,9,6,11,18446744073709547195,18446744073709549962,3,0,0,0,0,1,0,0,0,141,141,18446744073706186053,8,1375,0,0,0,5,18446744073709550183,18446744073709551030,18446744073709551030,253,4,1,1,11090425736916188940,3,0,3,1356371177445769637,0,4,1,0
PAWN_AUDIT_RESULT,656,6,6,160,0,0,160,0,0,0,0,0
PAWN_AUDIT_ENTRY,657,15550082234085144934,4572995796400232862,2587697913703653912,11961677497474126575,75,284,285,277,10,9,6,12,18446744073709546307,18446744073709549421,3,0,0,0,0,1,0,0,0,141,141,18446744073706186053,8,1376,0,0,0,2,18446744073709549779,18446744073709551030,18446744073709551030,253,4,1,1,11090425736916188940,3,0,3,1356371177445769637,0,4,1,0
PAWN_AUDIT_RESULT,657,6,6,45,0,0,45,0,0,0,0,0
PAWN_AUDIT_ENTRY,658,4572995796400232862,11272633469793144890,2587697913703653912,8138230443666308271,2499,284,285,277,10,9,6,13,18446744073709545082,18446744073709549887,3,0,0,0,0,1,0,0,0,141,141,18446744073706186053,8,1377,0,0,0,5,18446744073709549222,18446744073709551030,18446744073709551030,253,4,1,1,11090425736916188940,3,0,3,1356371177445769637,0,4,1,0
PAWN_AUDIT_RESULT,658,6,6,191,0,0,191,0,0,0,0,0
PAWN_AUDIT_ENTRY,659,11272633469793144890,12464635304191023324,2587697913703653912,5575196715453644235,2526,284,285,277,10,9,6,14,18446744073709546995,18446744073709548528,3,0,0,0,0,1,0,0,0,141,141,18446744073706186053,8,1378,0,0,0,5,18446744073709550092,18446744073709551030,18446744073709551030,253,4,1,1,11090425736916188940,3,0,3,1356371177445769637,0,4,1,0
PAWN_AUDIT_RESULT,659,6,6,160,0,0,160,0,0,0,0,0
PAWN_AUDIT_ENTRY,660,12464635304191023324,8163162032053392741,2587697913703653912,13243243519854066510,396,284,285,277,10,9,5,15,18446744073709541875,708,3,0,0,0,0,1,0,0,0,141,141,18446744073706186053,8,1379,0,0,0,2,18446744073709547764,18446744073709551030,18446744073709551030,253,4,1,1,11090425736916188940,3,0,3,1356371177445769637,0,4,1,0
PAWN_AUDIT_RESULT,660,5,5,195,0,0,195,0,0,0,0,0
PAWN_AUDIT_ENTRY,661,8163162032053392741,6530270432082048021,2587697913703653912,5923024174569564131,658,284,285,277,10,9,5,16,18446744073709540681,18446744073709551313,3,0,0,0,0,1,0,0,0,141,141,18446744073706186053,8,1380,0,0,0,1,18446744073709547221,18446744073709551030,18446744073709551030,253,4,1,1,11090425736916188940,3,0,3,1356371177445769637,0,0,1,0
PAWN_AUDIT_RESULT,661,5,5,170,0,0,170,0,0,0,0,0
PAWN_AUDIT_ENTRY,662,6530270432082048021,2784624821814371422,2587697913703653912,14214477072899506142,1076,284,285,277,10,9,5,18,18446744073709544714,18446744073709548874,3,0,0,0,0,1,0,0,1,141,141,18446744073706186053,8,1381,0,0,0,3,18446744073709549055,18446744073709551030,18446744073709551030,253,4,1,1,11090425736916188940,3,0,3,1356371177445769637,0,4,1,0
PAWN_AUDIT_RESULT,662,5,5,-144,0,0,-144,0,0,0,0,0
PAWN_AUDIT_ENTRY,663,2784624821814371422,17849545216905208935,2587697913703653912,16168550523251629332,1033,284,285,277,10,9,5,23,18446744073709543696,18446744073709548215,3,0,0,0,0,1,0,0,0,141,141,18446744073706186053,8,1382,0,0,0,3,18446744073709548592,18446744073709551030,18446744073709551030,253,4,1,1,11090425736916188940,3,0,3,1356371177445769637,0,4,1,0
PAWN_AUDIT_RESULT,663,5,5,138,0,0,138,0,0,0,0,0
PAWN_AUDIT_ENTRY,664,17849545216905208935,15050276325693342695,2587697913703653912,9603024538100208291,339,284,285,277,10,9,5,29,18446744073709542654,18446744073709549532,3,0,0,0,0,1,0,0,0,141,141,18446744073706186053,8,1383,0,0,0,3,18446744073709548118,18446744073709551030,18446744073709551030,253,4,1,1,11090425736916188940,3,0,3,1356371177445769637,0,4,1,0
PAWN_AUDIT_RESULT,664,5,5,190,0,0,190,0,0,0,0,0
PAWN_AUDIT_ENTRY,681,9961594502171478125,17790697946055458529,8988584551612224372,8252319198149803047,405,284,285,284,7,6,3,2,18446744073709550763,2690,5,0,0,0,0,0,0,0,0,133,133,18446744073708821509,8,1420,0,0,1,2,1070,18446744073709549993,18446744073709550284,208,2,1,1,11058898975780255249,0,0,5,1078387089763003718,0,1,1,0
PAWN_AUDIT_RESULT,681,3,3,251,0,0,251,0,0,0,0,0
PAWN_AUDIT_ENTRY,682,17790697946055458529,11827701471746679984,8988584551612224372,17966246233358001027,75,284,285,284,7,6,2,3,18446744073709545058,2923,5,0,0,0,0,0,0,0,0,133,133,18446744073708821509,8,1421,0,0,1,2,18446744073709548722,39,18446744073709551394,208,2,1,1,11058898975780255249,0,0,5,1078387089763003718,0,1,1,0
PAWN_AUDIT_RESULT,682,2,2,245,0,0,245,0,0,0,0,0
PAWN_AUDIT_ENTRY,683,11827701471746679984,2352989931443850348,8988584551612224372,12094503072148769062,1502,284,285,284,7,6,2,4,18446744073709550340,18446744073709550278,5,0,0,0,0,0,0,0,0,133,133,18446744073708821509,8,1422,0,0,1,5,18446744073709551613,18446744073709551030,18446744073709551030,208,2,1,1,11058898975780255249,0,0,5,1078387089763003718,0,1,1,0
PAWN_AUDIT_RESULT,683,2,2,106,0,0,106,0,0,0,0,0
PAWN_AUDIT_ENTRY,684,2352989931443850348,13761587762260675668,8988584551612224372,6578673940362253680,1492,284,285,284,7,6,2,6,18446744073709549922,18446744073709550278,5,0,0,0,0,0,0,0,0,133,133,18446744073708821509,8,1423,0,0,1,5,18446744073709551613,18446744073709551030,18446744073709550638,208,2,1,1,11058898975780255249,0,0,5,1078387089763003718,0,1,1,0
PAWN_AUDIT_RESULT,684,2,2,168,0,0,168,0,0,0,0,0
PAWN_AUDIT_ENTRY,685,13761587762260675668,7941035189067530509,8988584551612224372,17130569080707275856,1494,284,285,284,7,6,2,7,18446744073709549629,18446744073709550278,5,0,0,0,0,0,0,0,0,133,133,18446744073708821509,8,1424,0,0,1,5,18446744073709551613,18446744073709551030,18446744073709550364,208,2,1,1,11058898975780255249,0,0,5,1078387089763003718,0,1,1,0
PAWN_AUDIT_RESULT,685,2,2,204,0,0,204,0,0,0,0,0
PAWN_AUDIT_ENTRY,686,7941035189067530509,11487583649953559103,8988584551612224372,16386369730372304681,1503,284,285,284,7,6,1,8,18446744073709547219,18446744073709550278,5,0,0,0,0,0,0,0,0,133,133,18446744073708821509,8,1425,0,0,1,5,18446744073709550194,18446744073709551030,18446744073709551030,208,2,1,1,11058898975780255249,0,0,5,1078387089763003718,0,1,1,0
PAWN_AUDIT_RESULT,686,1,1,142,0,0,142,0,0,0,0,0
PAWN_AUDIT_ENTRY,687,11487583649953559103,14445744624409602933,8988584551612224372,18048061380642471509,1491,284,285,284,7,6,1,9,18446744073709546702,18446744073709550278,5,0,0,0,0,0,0,0,0,133,133,18446744073708821509,8,1426,0,0,1,5,18446744073709550194,18446744073709551030,18446744073709550545,208,2,1,1,11058898975780255249,0,0,5,1078387089763003718,0,1,1,0
PAWN_AUDIT_RESULT,687,1,1,176,0,0,176,0,0,0,0,0
PAWN_AUDIT_ENTRY,688,14445744624409602933,16390817591176089626,8988584551612224372,7868641516968087422,1490,284,285,284,7,6,1,10,18446744073709546644,18446744073709550278,5,0,0,0,0,0,0,0,0,133,133,18446744073708821509,8,1427,0,0,1,5,18446744073709550194,18446744073709551030,18446744073709550491,208,2,1,1,11058898975780255249,0,0,5,1078387089763003718,0,1,1,0
PAWN_AUDIT_RESULT,688,1,1,157,0,0,157,0,0,0,0,0
PAWN_AUDIT_ENTRY,689,16390817591176089626,10612748449478972531,8988584551612224372,3451252323266355806,82,284,285,284,7,6,1,11,18446744073709545863,18446744073709550018,5,0,0,0,0,0,0,0,0,133,133,18446744073708821509,8,1428,0,0,1,2,18446744073709550497,18446744073709550269,18446744073709549919,208,2,1,1,11058898975780255249,0,0,5,1078387089763003718,0,1,1,0
PAWN_AUDIT_RESULT,689,1,1,215,0,0,215,0,0,0,0,0
PAWN_AUDIT_ENTRY,690,10612748449478972531,6191029048503556471,8988584551612224372,15925332730374253192,1493,284,285,284,7,6,1,12,18446744073709544714,18446744073709550278,5,0,0,0,0,0,0,0,0,133,133,18446744073708821509,8,1429,0,0,1,5,18446744073709549055,18446744073709551030,18446744073709551030,208,2,1,1,11058898975780255249,0,0,5,1078387089763003718,0,1,1,0
PAWN_AUDIT_RESULT,690,1,1,195,0,0,195,0,0,0,0,0
PAWN_AUDIT_ENTRY,691,6191029048503556471,12211515272097899009,8948053718235093609,15965864079406850965,1493,284,285,284,9,8,5,2,18446744073709544105,1817,3,0,0,0,0,0,0,0,0,181,181,18446744073702159264,8,1430,0,0,0,5,18446744073709548778,18446744073709551030,18446744073709551030,221,4,1,1,11090425736916188940,3,0,3,5554709233845189076,0,4,1,0
PAWN_AUDIT_RESULT,691,5,5,163,0,0,163,0,0,0,0,0
PAWN_AUDIT_ENTRY,693,9723993496573191176,14199614201238869874,8948053718235093609,3419726112092416835,82,284,285,284,9,8,3,5,18446744073709548865,18446744073709551556,3,0,0,0,0,0,0,0,0,181,181,18446744073702159264,8,1434,0,0,0,2,18446744073709550725,18446744073709551465,18446744073709551030,221,4,1,1,11090425736916188940,3,0,3,5554709233845189076,0,4,1,0
PAWN_AUDIT_RESULT,693,3,3,233,0,0,233,0,0,0,0,0
PAWN_AUDIT_ENTRY,694,14199614201238869874,13411229858076940008,8948053718235093609,6619205564084018285,1492,284,285,284,9,8,2,6,18446744073709547373,18446744073709550278,3,0,0,0,0,0,0,0,0,181,181,18446744073702159264,8,1435,0,0,0,5,18446744073709550337,18446744073709550884,18446744073709551030,221,4,1,1,11090425736916188940,3,0,3,5554709233845189076,0,4,1,0
PAWN_AUDIT_RESULT,694,2,2,115,0,0,115,0,0,0,0,0
PAWN_AUDIT_ENTRY,695,13411229858076940008,16303953519877372395,8948053718235093609,17090035395392296269,1494,284,285,284,9,8,2,7,18446744073709549729,18446744073709548874,3,0,0,0,0,0,0,0,0,181,181,18446744073702159264,8,1436,0,0,0,5,18446744073709551459,18446744073709550782,18446744073709551030,221,4,1,1,11090425736916188940,3,0,3,5554709233845189076,0,4,1,0
PAWN_AUDIT_RESULT,695,2,2,151,0,0,151,0,0,0,0,0
PAWN_AUDIT_ENTRY,696,16303953519877372395,15544966562391982106,8948053718235093609,17997770279797779102,75,284,285,284,9,8,2,8,18446744073709547173,18446744073709549421,3,0,0,0,0,0,0,0,0,181,181,18446744073702159264,8,1437,0,0,0,2,18446744073709550311,18446744073709550754,18446744073709551030,221,4,1,1,11090425736916188940,3,0,3,5554709233845189076,0,4,1,0
PAWN_AUDIT_RESULT,696,2,2,228,0,0,228,0,0,0,0,0
PAWN_AUDIT_ENTRY,697,15544966562391982106,12627012498147635012,8948053718235093609,6823364580629851248,139,284,285,284,9,8,2,9,18446744073709546064,141,3,0,0,0,0,0,0,0,0,181,181,18446744073702159264,8,1438,0,0,0,3,18446744073709549599,18446744073709551169,18446744073709551030,221,4,1,1,11090425736916188940,3,0,3,5554709233845189076,0,4,1,0
PAWN_AUDIT_RESULT,697,2,2,234,0,0,234,0,0,0,0,0
PAWN_AUDIT_ENTRY,698,12627012498147635012,1933089454698037103,8948053718235093609,12053971276635652155,1502,284,285,284,9,8,2,10,18446744073709547219,18446744073709548528,3,0,0,0,0,0,0,0,0,181,181,18446744073702159264,8,1439,0,0,0,5,18446744073709550194,18446744073709551030,18446744073709551030,221,4,1,1,11090425736916188940,3,0,3,5554709233845189076,0,4,1,0
PAWN_AUDIT_RESULT,698,2,2,103,0,0,103,0,0,0,0,0
PAWN_AUDIT_ENTRY,699,1933089454698037103,14422356636707630459,8948053718235093609,16426902762318526004,1503,284,285,284,9,8,1,11,18446744073709544714,18446744073709549962,3,0,0,0,0,0,0,0,0,181,181,18446744073702159264,8,1440,0,0,0,5,18446744073709549055,18446744073709551030,18446744073709551030,221,4,1,1,11090425736916188940,3,0,3,5554709233845189076,0,4,1,0
PAWN_AUDIT_RESULT,699,1,1,102,0,0,102,0,0,0,0,0
PAWN_AUDIT_ENTRY,700,14422356636707630459,3218309983450742506,8948053718235093609,18079587763338803016,1491,284,285,284,9,8,1,12,18446744073709545255,18446744073709548874,3,0,0,0,0,0,0,0,0,181,181,18446744073702159264,8,1441,0,0,0,5,18446744073709549391,18446744073709550850,18446744073709551030,221,4,1,1,11090425736916188940,3,0,3,5554709233845189076,0,4,1,0
PAWN_AUDIT_RESULT,700,1,1,131,0,0,131,0,0,0,0,0
PAWN_AUDIT_ENTRY,701,3218309983450742506,4964239705187305418,8948053718235093609,15997232170126391407,536,284,285,284,9,8,1,13,18446744073709541858,18446744073709550278,3,0,0,0,0,0,0,0,0,181,181,18446744073702159264,8,1442,0,0,0,1,18446744073709547756,18446744073709551030,18446744073709551030,221,4,1,1,11090425736916188940,3,0,3,5554709233845189076,0,0,1,0
PAWN_AUDIT_RESULT,701,1,1,189,0,0,189,0,0,0,0,0
PAWN_AUDIT_ENTRY,702,4964239705187305418,6790395645702634612,8948053718235093609,16721290546667209535,396,284,285,284,9,8,1,14,18446744073709541087,708,3,0,0,0,0,0,0,0,0,181,181,18446744073702159264,8,1443,0,0,0,2,18446744073709547524,18446744073709550793,18446744073709551030,221,4,1,1,11090425736916188940,3,0,3,5554709233845189076,0,4,1,0
PAWN_AUDIT_RESULT,702,1,1,235,0,0,235,0,0,0,0,0
PAWN_AUDIT_ENTRY,703,6790395645702634612,12310205379114771409,8948053718235093609,7900165528770774627,1490,284,285,284,9,8,1,15,18446744073709544493,18446744073709548874,3,0,0,0,0,0,0,0,0,181,181,18446744073702159264,8,1444,0,0,0,5,18446744073709549055,18446744073709550829,18446744073709551030,221,4,1,1,11090425736916188940,3,0,3,5554709233845189076,0,4,1,0
PAWN_AUDIT_RESULT,703,1,1,81,0,0,81,0,0,0,0,0
PAWN_AUDIT_ENTRY,704,12310205379114771409,801493653689666731,8948053718235093609,7628186239997618000,148,284,285,284,9,8,1,18,18446744073709542326,18446744073709549701,3,0,0,0,0,0,0,0,0,181,181,18446744073702159264,8,1445,0,0,0,3,18446744073709547969,18446744073709551030,18446744073709551030,221,4,1,1,11090425736916188940,3,0,3,5554709233845189076,0,4,1,0
PAWN_AUDIT_RESULT,704,1,1,216,0,0,216,0,0,0,0,0
PAWN_AUDIT_ENTRY,733,3365686886602686272,17511557023194145824,4831576952288226808,15913750579570950565,2007,284,285,265,9,8,4,4,18446744073709544621,1325,3,0,0,0,0,0,0,0,0,128,128,18446744073702159264,8,1503,0,0,0,5,18446744073709549055,18446744073709550945,18446744073709551030,203,4,1,1,11090425736916188940,3,0,3,8229941631192796741,0,4,1,0
PAWN_AUDIT_RESULT,733,4,4,124,0,0,124,0,0,0,0,0
PAWN_AUDIT_ENTRY,734,17511557023194145824,2092232172610277114,4831576952288226808,1177027295462546642,82,284,285,265,9,8,4,6,18446744073709549435,18446744073709551556,3,0,0,0,0,0,0,0,0,128,128,18446744073702159264,8,1504,0,0,0,2,18446744073709550984,18446744073709551465,18446744073709551030,203,4,1,1,11090425736916188940,3,0,3,8229941631192796741,0,4,1,0
PAWN_AUDIT_RESULT,734,4,4,206,0,0,206,0,0,0,0,0
PAWN_AUDIT_ENTRY,735,2092232172610277114,10676010540600035081,4831576952288226808,7030575582776794081,139,284,285,265,9,8,4,7,18446744073709547073,141,3,0,0,0,0,0,0,0,0,128,128,18446744073702159264,8,1505,0,0,0,3,18446744073709550058,18446744073709551169,18446744073709551030,203,4,1,1,11090425736916188940,3,0,3,8229941631192796741,0,4,1,0
PAWN_AUDIT_RESULT,735,4,4,219,0,0,219,0,0,0,0,0
PAWN_AUDIT_ENTRY,736,10676010540600035081,16005854535652388378,4831576952288226808,4310235710566603512,1997,284,285,265,9,8,3,8,18446744073709547124,18446744073709548896,3,0,0,0,0,0,0,0,0,128,128,18446744073702159264,8,1506,0,0,0,5,18446744073709550216,18446744073709550899,18446744073709551030,203,4,1,1,11090425736916188940,3,0,3,8229941631192796741,0,4,1,0
PAWN_AUDIT_RESULT,736,3,3,152,0,0,152,0,0,0,0,0
PAWN_AUDIT_ENTRY,737,16005854535652388378,2032012560452929305,4831576952288226808,17090035395392296269,2006,284,285,265,9,8,3,9,18446744073709546947,18446744073709548874,3,0,0,0,0,0,0,0,0,128,128,18446744073702159264,8,1507,0,0,0,5,18446744073709550194,18446744073709550782,18446744073709551030,203,4,1,1,11090425736916188940,3,0,3,8229941631192796741,0,4,1,0
PAWN_AUDIT_RESULT,737,3,3,150,0,0,150,0,0,0,0,0
PAWN_AUDIT_ENTRY,738,2032012560452929305,3773698563908721797,4831576952288226808,12053971276635652155,2014,284,285,265,9,8,3,10,18446744073709547219,18446744073709548528,3,0,0,0,0,0,0,0,0,128,128,18446744073702159264,8,1508,0,0,0,5,18446744073709550194,18446744073709551030,18446744073709551030,203,4,1,1,11090425736916188940,3,0,3,8229941631192796741,0,4,1,0
PAWN_AUDIT_RESULT,738,3,3,102,0,0,102,0,0,0,0,0
PAWN_AUDIT_ENTRY,739,3773698563908721797,4311992245715772452,4831576952288226808,15505084249445037230,396,284,285,265,9,8,3,11,18446744073709542072,708,3,0,0,0,0,0,0,0,0,128,128,18446744073702159264,8,1509,0,0,0,2,18446744073709547972,18446744073709550793,18446744073709551030,203,4,1,1,11090425736916188940,3,0,3,8229941631192796741,0,4,1,0
PAWN_AUDIT_RESULT,739,3,3,206,0,0,206,0,0,0,0,0
PAWN_AUDIT_ENTRY,740,4311992245715772452,9993781060155234067,4831576952288226808,6890590505988479047,2013,284,285,265,9,8,3,12,18446744073709544610,18446744073709548874,3,0,0,0,0,0,0,0,0,128,128,18446744073702159264,8,1510,0,0,0,5,18446744073709549055,18446744073709550935,18446744073709551030,203,4,1,1,11090425736916188940,3,0,3,8229941631192796741,0,4,1,0
PAWN_AUDIT_RESULT,740,3,3,136,0,0,136,0,0,0,0,0
PAWN_AUDIT_ENTRY,741,9993781060155234067,9074500825767267604,4831576952288226808,715872067748645828,144,284,285,265,9,8,2,13,18446744073709541268,18446744073709550483,3,0,0,0,0,0,0,0,0,128,128,18446744073702159264,8,1511,0,0,0,3,18446744073709547488,18446744073709551030,18446744073709551030,203,4,1,1,11090425736916188940,3,0,3,8229941631192796741,0,4,1,0
PAWN_AUDIT_RESULT,741,2,2,165,0,0,165,0,0,0,0,0
PAWN_AUDIT_ENTRY,742,9074500825767267604,564882065852253735,4831576952288226808,16546409582559976771,339,284,285,265,9,8,2,18,18446744073709542775,18446744073709549923,3,0,0,0,0,0,0,0,0,128,128,18446744073702159264,8,1512,0,0,0,3,18446744073709548173,18446744073709551030,18446744073709551030,203,4,1,1,11090425736916188940,3,0,3,8229941631192796741,0,4,1,0
PAWN_AUDIT_RESULT,742,2,2,219,0,0,219,0,0,0,0,0
PAWN_AUDIT_ENTRY,743,564882065852253735,8017630582664705513,4831576952288226808,5244398502176102376,166,284,285,265,9,8,3,36,18446744073709550340,18446744073709550278,3,0,0,0,0,0,0,0,0,128,128,18446744073702159264,8,1513,0,0,0,3,18446744073709551613,18446744073709551030,18446744073709551030,203,4,1,1,11090425736916188940,3,0,3,8229941631192796741,0,4,1,0
PAWN_AUDIT_RESULT,743,3,3,-69,0,0,-69,0,0,0,0,0
PAWN_AUDIT_ENTRY,785,9528667523873370439,13625543872889850436,6679908786637792460,1608262116292985584,144,268,269,267,9,8,6,8,18446744073709540749,18446744073709550483,3,0,0,0,0,1,0,0,0,107,107,18446744073697354276,8,1631,0,0,1,3,18446744073709547252,18446744073709551030,18446744073709551030,276,7,1,1,11090425736916188940,0,0,3,3962983323243074868,0,1,1,0
PAWN_AUDIT_RESULT,785,6,6,155,0,0,155,0,0,0,0,0
PAWN_AUDIT_ENTRY,792,17925636159808157347,15620626436968917537,4138457974802898333,7653392781249031351,82,268,269,104,8,7,4,2,18446744073709550982,2872,5,0,0,0,0,0,0,0,0,18446744073709551313,18446744073709551313,18446744073709070161,8,1647,0,0,1,2,18446744073709550314,2596,18446744073709551030,115,2,1,1,8242954762181594215,0,0,5,8220795426777331002,0,1,1,0
PAWN_AUDIT_RESULT,792,4,4,49,0,0,49,0,0,0,0,0
PAWN_AUDIT_ENTRY,793,15620626436968917537,14979795532661454108,4138457974802898333,3987162358239834830,1350,268,269,104,8,7,4,3,18446744073709550340,18446744073709550278,5,0,0,0,0,0,0,0,0,18446744073709551313,18446744073709551313,18446744073709070161,8,1648,0,0,1,2,18446744073709551613,18446744073709551030,18446744073709551030,115,2,1,1,8242954762181594215,0,0,5,8220795426777331002,0,1,1,0
PAWN_AUDIT_RESULT,793,4,4,-174,0,0,-174,0,0,0,0,0
PAWN_AUDIT_ENTRY,796,8521583150467616034,5944104832323010803,8948053718235093609,16426902762318526004,1503,268,269,232,9,8,5,6,18446744073709542704,1850,3,0,0,0,0,1,0,0,0,166,166,18446744073700219408,8,1656,0,0,0,5,18446744073709548141,18446744073709551030,18446744073709551030,284,9,1,1,11090425736916188940,3,0,3,5554709233845189076,0,4,1,0
PAWN_AUDIT_RESULT,796,5,5,80,0,0,80,0,0,0,0,0
PAWN_AUDIT_ENTRY,797,5944104832323010803,891892541239383647,8948053718235093609,3419726112092416835,82,268,269,232,9,8,5,7,18446744073709548360,18446744073709550730,3,0,0,0,0,1,0,0,0,166,166,18446744073700219408,8,1657,0,0,0,2,18446744073709550495,18446744073709551465,18446744073709551030,284,9,1,1,11090425736916188940,3,0,3,5554709233845189076,0,4,1,0
PAWN_AUDIT_RESULT,797,5,5,151,0,0,151,0,2,2,0,0
PAWN_AUDIT_ENTRY,798,891892541239383647,6585436370010419400,8948053718235093609,16721290546667209535,396,268,269,232,9,8,4,8,18446744073709543996,708,3,0,0,0,0,1,0,0,0,166,166,18446744073700219408,8,1660,0,0,0,2,18446744073709548847,18446744073709550793,18446744073709551030,284,9,1,1,11090425736916188940,3,0,3,5554709233845189076,0,4,1,0
PAWN_AUDIT_RESULT,798,4,4,222,0,0,222,0,0,0,0,0
PAWN_AUDIT_ENTRY,799,6585436370010419400,4302024994983460682,8948053718235093609,6823364580629851248,139,268,269,232,9,8,5,9,18446744073709546695,18446744073709551043,3,0,0,0,0,1,0,0,0,166,166,18446744073700219408,8,1661,0,0,0,3,18446744073709549886,18446744073709551169,18446744073709551030,284,9,1,1,11090425736916188940,3,0,3,5554709233845189076,0,4,1,0
PAWN_AUDIT_RESULT,799,5,5,158,0,0,158,0,4,4,0,0
PAWN_AUDIT_ENTRY,801,6011805290141750125,2474338164764508722,8948053718235093609,15744668995183569618,339,268,269,232,9,8,4,10,18446744073709545007,18446744073709550901,3,0,0,0,0,1,0,0,0,166,166,18446744073700219408,8,1666,0,0,0,3,18446744073709549188,18446744073709551030,18446744073709551030,284,9,1,1,11090425736916188940,3,0,3,5554709233845189076,0,4,1,0
PAWN_AUDIT_RESULT,801,4,4,167,0,0,167,0,2,2,0,0
PAWN_AUDIT_ENTRY,802,2474338164764508722,9368565995072155034,8948053718235093609,17090035395392296269,1494,268,269,232,9,8,4,11,18446744073709546676,18446744073709548874,3,0,0,0,0,1,0,0,0,166,166,18446744073700219408,8,1669,0,0,0,5,18446744073709550071,18446744073709550782,18446744073709551030,284,9,1,1,11090425736916188940,3,0,3,5554709233845189076,0,4,1,0
PAWN_AUDIT_RESULT,802,4,4,136,0,0,136,0,0,0,0,0
PAWN_AUDIT_ENTRY,803,9368565995072155034,14180801468591061147,8948053718235093609,6619205564084018285,1492,268,269,232,9,8,4,12,18446744073709544807,18446744073709548874,3,0,0,0,0,1,0,0,0,166,166,18446744073700219408,8,1670,0,0,0,5,18446744073709549170,18446744073709550884,18446744073709551030,284,9,1,1,11090425736916188940,3,0,3,5554709233845189076,0,4,1,0
PAWN_AUDIT_RESULT,803,4,4,99,0,0,99,0,0,0,0,0
PAWN_AUDIT_ENTRY,804,14180801468591061147,4571641441803558370,8948053718235093609,12053971276635652155,1502,268,269,232,9,8,4,14,18446744073709544714,18446744073709548528,3,0,0,0,0,1,0,0,0,166,166,18446744073700219408,8,1671,0,0,0,5,18446744073709549055,18446744073709551030,18446744073709551030,284,9,1,1,11090425736916188940,3,0,3,5554709233845189076,0,4,1,0
PAWN_AUDIT_RESULT,804,4,4,87,0,0,87,0,0,0,0,0
PAWN_AUDIT_ENTRY,805,4571641441803558370,8454443426638149924,8948053718235093609,18079587763338803016,1491,268,269,232,9,8,4,16,18446744073709543100,18446744073709548874,3,0,0,0,0,1,0,0,0,166,166,18446744073700219408,8,1672,0,0,0,5,18446744073709548411,18446744073709550850,18446744073709551030,284,9,1,1,11090425736916188940,3,0,3,5554709233845189076,0,4,1,0
PAWN_AUDIT_RESULT,805,4,4,115,0,0,115,0,0,0,0,0
PAWN_AUDIT_ENTRY,810,8801208734947384194,8934789703379575364,692804271186872704,2082597981721152390,3061,18446744073709551347,18446744073709551348,18446744073709551291,6,5,1,2,18446744073709550340,18446744073709550278,12,0,1,0,0,0,0,0,0,18446744073709551353,18446744073709551353,18446744073709080847,8,1692,0,0,0,10,18446744073709551613,18446744073709551030,18446744073709551030,32002,18446744073709551614,2,1,11058898975780255249,3,0,12,551316297246598867,0,4,1,0
PAWN_AUDIT_RESULT,810,1,1,-276,0,0,-276,0,0,0,0,0
PAWN_AUDIT_ENTRY,811,8934789703379575364,15934544087432074859,692804271186872704,18341706430967604152,3070,18446744073709551347,18446744073709551348,18446744073709551340,6,5,1,3,18446744073709550340,18446744073709550278,12,0,1,0,0,0,0,0,0,18446744073709551353,18446744073709551353,18446744073709080847,8,1693,0,0,0,10,18446744073709551613,18446744073709551030,18446744073709551030,32002,18446744073709551614,2,1,11058898975780255249,3,0,12,551316297246598867,0,4,1,0
PAWN_AUDIT_RESULT,811,1,1,-362,0,0,-362,0,0,0,0,0
PAWN_AUDIT_ENTRY,812,15934544087432074859,7699204694654196811,692804271186872704,11438081964193910554,4094,18446744073709551347,18446744073709551348,18446744073709551340,6,5,1,4,18446744073709550340,18446744073709550278,12,0,1,0,0,0,0,0,0,18446744073709551353,18446744073709551353,18446744073709080847,8,1694,0,0,0,12,18446744073709551613,18446744073709551030,18446744073709551030,32002,18446744073709551614,2,1,11058898975780255249,3,0,12,551316297246598867,0,4,1,0
PAWN_AUDIT_RESULT,812,1,1,-307,0,0,-307,0,0,0,0,0
PAWN_AUDIT_ENTRY,813,7699204694654196811,159268708330812888,692804271186872704,3708343984446239483,3966,18446744073709551347,18446744073709551348,18446744073709551340,6,5,1,5,18446744073709550340,18446744073709550278,12,0,1,0,0,0,0,0,0,18446744073709551353,18446744073709551353,18446744073709080847,8,1695,0,0,0,14,18446744073709551613,18446744073709551030,18446744073709551030,32002,18446744073709551614,2,1,11058898975780255249,3,0,12,551316297246598867,0,4,1,0
PAWN_AUDIT_RESULT,813,1,1,-366,0,0,-366,0,0,0,0,0
PAWN_AUDIT_ENTRY,824,9050230599641288994,11647346645081842240,551316297246598867,9179963923325944853,725,268,269,258,8,7,5,2,18446744073709547406,4162,11,0,0,0,0,0,0,0,0,264,264,328679,8,1708,0,0,0,2,18446744073709550175,18446744073709551030,18446744073709551244,276,4,1,1,11058898975780255249,2,0,11,17343690103790341355,0,3,1,0
PAWN_AUDIT_RESULT,824,5,5,220,0,0,220,0,0,0,0,0
PAWN_AUDIT_ENTRY,828,6673562150734897836,7246977538083975157,551316297246598867,15556401578230449470,730,268,269,258,8,7,3,4,18446744073709550628,18446744073709550375,11,0,0,0,0,0,0,0,0,264,264,328679,8,1714,0,0,0,2,128,18446744073709551030,18446744073709551030,276,4,1,1,11058898975780255249,2,0,11,17343690103790341355,0,3,1,0
PAWN_AUDIT_RESULT,828,3,3,248,0,0,248,0,0,0,0,0
PAWN_AUDIT_ENTRY,829,7246977538083975157,11092481595450101605,551316297246598867,9389891442516530724,705,268,269,258,8,7,2,5,18446744073709545708,18446744073709549146,11,0,0,0,0,0,0,0,0,264,264,328679,8,1715,0,0,0,2,18446744073709549507,18446744073709551030,18446744073709551030,276,4,1,1,11058898975780255249,2,0,11,17343690103790341355,0,3,1,0
PAWN_AUDIT_RESULT,829,2,2,-1,0,0,-1,0,0,0,0,0
PAWN_AUDIT_ENTRY,830,11092481595450101605,7404271715607570297,551316297246598867,11604431789187503720,339,268,269,258,8,7,2,6,18446744073709550997,455,11,0,0,0,0,0,0,0,0,264,264,328679,8,1716,0,0,0,3,656,18446744073709551030,18446744073709550288,276,4,1,1,11058898975780255249,2,0,11,17343690103790341355,0,3,1,0
PAWN_AUDIT_RESULT,830,2,2,256,0,0,256,0,0,0,0,0
PAWN_AUDIT_ENTRY,831,7404271715607570297,719371325449757209,551316297246598867,8942907629607540625,2,268,269,258,8,7,2,7,18446744073709548194,18446744073709549619,11,0,0,0,0,0,0,0,0,264,264,328679,8,1717,0,0,0,4,18446744073709550637,18446744073709551030,18446744073709551030,276,4,1,1,11058898975780255249,2,0,11,17343690103790341355,0,3,1,0
PAWN_AUDIT_RESULT,831,2,2,234,0,0,234,0,0,0,0,0
PAWN_AUDIT_ENTRY,832,719371325449757209,5157151738608918401,551316297246598867,4682926786044786730,3,268,269,258,8,7,2,8,18446744073709547866,18446744073709549536,11,0,0,0,0,0,0,0,0,264,264,328679,8,1718,0,0,0,4,18446744073709550488,18446744073709551030,18446744073709551030,276,4,1,1,11058898975780255249,2,0,11,17343690103790341355,0,3,1,0
PAWN_AUDIT_RESULT,832,2,2,231,0,0,231,0,0,0,0,0
PAWN_AUDIT_ENTRY,833,5157151738608918401,10216384471164840568,551316297246598867,10630325920314048389,396,268,269,258,8,7,2,9,18446744073709544650,18446744073709550731,11,0,0,0,0,0,0,0,0,264,264,328679,8,1719,0,0,0,2,18446744073709549349,18446744073709551030,18446744073709550364,276,4,1,1,11058898975780255249,2,0,11,17343690103790341355,0,3,1,0
PAWN_AUDIT_RESULT,833,2,2,242,0,0,242,0,0,0,0,0
PAWN_AUDIT_ENTRY,834,10216384471164840568,16620905714464650742,551316297246598867,12920432464752151338,1,268,269,258,8,7,2,10,18446744073709545141,18446744073709549581,11,0,0,0,0,0,0,0,0,264,264,328679,8,1720,0,0,0,4,18446744073709549540,18446744073709551030,18446744073709550430,276,4,1,1,11058898975780255249,2,0,11,17343690103790341355,0,3,1,0
PAWN_AUDIT_RESULT,834,2,2,222,0,0,222,0,0,0,0,0
PAWN_AUDIT_ENTRY,835,16620905714464650742,15497318422297728048,551316297246598867,11048015137212358687,332,268,269,258,8,7,1,11,18446744073709541402,18446744073709550466,11,0,0,0,0,0,0,0,0,264,264,328679,8,1721,0,0,0,3,18446744073709547549,18446744073709551030,18446744073709551030,276,4,1,1,11058898975780255249,2,0,11,17343690103790341355,0,3,1,0
PAWN_AUDIT_RESULT,835,1,1,254,0,0,254,0,0,0,0,0
PAWN_AUDIT_ENTRY,836,15497318422297728048,4023247603524048434,551316297246598867,9897664234208091022,346,268,269,258,8,7,1,12,18446744073709541341,18446744073709548731,11,0,0,0,0,0,0,0,0,264,264,328679,8,1722,0,0,0,3,18446744073709547521,18446744073709551030,18446744073709551030,276,4,1,1,11058898975780255249,2,0,11,17343690103790341355,0,3,1,0
PAWN_AUDIT_RESULT,836,1,1,239,0,0,239,0,0,0,0,0
PAWN_AUDIT_ENTRY,837,4023247603524048434,15113362790272498990,551316297246598867,11928594864416343253,536,268,269,258,8,7,1,14,18446744073709539478,18446744073709550278,11,0,0,0,0,0,0,0,0,264,264,328679,8,1723,0,0,0,1,18446744073709546674,18446744073709551030,18446744073709551030,276,4,1,1,11058898975780255249,2,0,11,17343690103790341355,0,0,1,0
PAWN_AUDIT_RESULT,837,1,1,250,0,0,250,0,0,0,0,0
PAWN_AUDIT_ENTRY,838,15113362790272498990,11457301103486162728,551316297246598867,14427720788934454546,407,268,269,258,8,7,1,15,18446744073709540674,18446744073709549617,11,0,0,0,0,0,0,0,0,264,264,328679,8,1724,0,0,0,2,18446744073709547218,18446744073709551030,18446744073709551030,276,4,1,1,11058898975780255249,2,0,11,17343690103790341355,0,3,1,0
PAWN_AUDIT_RESULT,838,1,1,226,0,0,226,0,0,0,0,0
PAWN_AUDIT_ENTRY,839,11457301103486162728,6975171782498058452,551316297246598867,15314753715551277619,528,268,269,258,8,7,1,16,18446744073709538930,18446744073709550278,11,0,0,0,0,0,0,0,0,264,264,328679,8,1725,0,0,0,1,18446744073709546425,18446744073709551030,18446744073709551030,276,4,1,1,11058898975780255249,2,0,11,17343690103790341355,0,0,1,0
PAWN_AUDIT_RESULT,839,1,1,237,0,0,237,0,0,0,0,0
PAWN_AUDIT_ENTRY,840,6975171782498058452,10208573691578704539,551316297246598867,11187352554507234162,983,268,269,258,8,7,1,17,18446744073709538865,18446744073709550278,11,0,0,0,0,0,0,0,0,264,264,328679,8,1726,0,0,0,1,18446744073709546395,18446744073709551030,18446744073709551030,276,4,1,1,11058898975780255249,2,0,11,17343690103790341355,0,0,1,0
PAWN_AUDIT_RESULT,840,1,1,254,0,0,254,0,0,0,0,0
PAWN_AUDIT_ENTRY,841,10208573691578704539,8659101665295785156,551316297246598867,15793162255169162809,991,268,269,258,8,7,1,18,18446744073709538319,18446744073709550278,11,0,0,0,0,0,0,0,0,264,264,328679,8,1727,0,0,0,1,18446744073709546147,18446744073709551030,18446744073709551030,276,4,1,1,11058898975780255249,2,0,11,17343690103790341355,0,0,1,0
PAWN_AUDIT_RESULT,841,1,1,247,0,0,247,0,0,0,0,0
PAWN_AUDIT_ENTRY,842,8659101665295785156,12862060104302745333,551316297246598867,16331637083897663719,666,268,269,258,8,7,1,19,18446744073709538275,18446744073709550278,11,0,0,0,0,0,0,0,0,264,264,328679,8,1728,0,0,0,1,18446744073709546127,18446744073709551030,18446744073709551030,276,4,1,1,11058898975780255249,2,0,11,17343690103790341355,0,0,1,0
PAWN_AUDIT_RESULT,842,1,1,207,0,0,207,0,0,0,0,0
PAWN_AUDIT_ENTRY,843,12862060104302745333,3223321136551393459,551316297246598867,17206442303859659317,918,268,269,258,8,7,1,20,18446744073709538211,18446744073709550278,11,0,0,0,0,0,0,0,0,264,264,328679,8,1729,0,0,0,1,18446744073709546098,18446744073709551030,18446744073709551030,276,4,1,1,11058898975780255249,2,0,11,17343690103790341355,0,0,1,0
PAWN_AUDIT_RESULT,843,1,1,231,0,0,231,0,0,0,0,0
PAWN_AUDIT_ENTRY,844,3223321136551393459,7741883924534957233,551316297246598867,8538048434229355304,658,268,269,258,8,7,1,21,18446744073709538594,18446744073709550278,11,0,0,0,0,0,0,0,0,264,264,328679,8,1730,0,0,0,1,18446744073709546272,18446744073709551030,18446744073709551030,276,4,1,1,11058898975780255249,2,0,11,17343690103790341355,0,0,1,0
PAWN_AUDIT_RESULT,844,1,1,236,0,0,236,0,0,0,0,0
PAWN_AUDIT_ENTRY,853,1711703996032604836,17004764069288392937,8455536363906300956,2738338327859629366,82,268,269,266,10,9,3,4,18446744073709549144,18446744073709550375,9,0,0,0,0,0,0,0,0,248,248,212525,8,1745,0,0,1,2,18446744073709551069,18446744073709551030,18446744073709551030,277,7,1,1,11058898975780255249,0,0,9,263687000031335932,0,1,1,0
PAWN_AUDIT_RESULT,853,3,3,242,0,0,242,0,0,0,0,0
PAWN_AUDIT_ENTRY,854,17004764069288392937,16898487871537410888,8455536363906300956,16246792676039337290,396,268,269,266,10,9,3,5,18446744073709545227,18446744073709550638,9,0,0,0,0,0,0,0,0,248,248,212525,8,1746,0,0,1,2,18446744073709549288,18446744073709551030,18446744073709551030,277,7,1,1,11058898975780255249,0,0,9,263687000031335932,0,1,1,0
PAWN_AUDIT_RESULT,854,3,3,239,0,0,239,0,0,0,0,0
PAWN_AUDIT_ENTRY,855,16898487871537410888,16838640165962965531,8455536363906300956,16982192374323247824,332,268,269,266,10,9,2,6,18446744073709542385,18446744073709550355,9,0,0,0,0,0,0,0,0,248,248,212525,8,1747,0,0,1,3,18446744073709547996,18446744073709551030,18446744073709551030,277,7,1,1,11058898975780255249,0,0,9,263687000031335932,0,1,1,0
PAWN_AUDIT_RESULT,855,2,2,243,0,0,243,0,0,0,0,0
PAWN_AUDIT_ENTRY,856,16838640165962965531,4335851293111724561,8455536363906300956,18132938954121658689,346,268,269,266,10,9,2,7,18446744073709541174,18446744073709548731,9,0,0,0,0,0,0,0,0,248,248,212525,8,1748,0,0,1,3,18446744073709547445,18446744073709551030,18446744073709551030,277,7,1,1,11058898975780255249,0,0,9,263687000031335932,0,1,1,0
PAWN_AUDIT_RESULT,856,2,2,229,0,0,229,0,0,0,0,0
PAWN_AUDIT_ENTRY,857,4335851293111724561,2437223582252124997,8455536363906300956,15525125154364055066,536,268,269,266,10,9,2,9,18446744073709540048,18446744073709550278,9,0,0,0,0,0,0,0,0,248,248,212525,8,1749,0,0,1,1,18446744073709546933,18446744073709551030,18446744073709551030,277,7,1,1,11058898975780255249,0,0,9,263687000031335932,0,0,1,0
PAWN_AUDIT_RESULT,857,2,2,238,0,0,238,0,0,0,0,0
PAWN_AUDIT_ENTRY,858,2437223582252124997,5713094841866143332,8455536363906300956,13458793476409325533,407,268,269,266,10,9,2,10,18446744073709540186,18446744073709549105,9,0,0,0,0,0,0,0,0,248,248,212525,8,1750,0,0,1,2,18446744073709546996,18446744073709551030,18446744073709551030,277,7,1,1,11058898975780255249,0,0,9,263687000031335932,0,1,1,0
PAWN_AUDIT_RESULT,858,2,2,223,0,0,223,0,0,0,0,0
PAWN_AUDIT_ENTRY,859,5713094841866143332,12415004168243292401,8455536363906300956,11994877576411285756,528,268,269,266,10,9,1,11,18446744073709538781,18446744073709550278,9,0,0,0,0,0,0,0,0,248,248,212525,8,1751,0,0,1,1,18446744073709546357,18446744073709551030,18446744073709551030,277,7,1,1,11058898975780255249,0,0,9,263687000031335932,0,0,1,0
PAWN_AUDIT_RESULT,859,1,1,225,0,0,225,0,0,0,0,0
PAWN_AUDIT_ENTRY,860,12415004168243292401,4483953499135853098,8455536363906300956,16843400098891854269,983,268,269,266,10,9,1,12,18446744073709539949,18446744073709550278,9,0,0,0,0,0,0,0,0,248,248,212525,8,1752,0,0,1,1,18446744073709546888,18446744073709551030,18446744073709551030,277,7,1,1,11058898975780255249,0,0,9,263687000031335932,0,0,1,0
PAWN_AUDIT_RESULT,860,1,1,231,0,0,231,0,0,0,0,0
PAWN_AUDIT_ENTRY,861,4483953499135853098,13806244123138639032,8455536363906300956,18323332328753284974,80,268,269,266,10,9,1,13,18446744073709540056,18446744073709549734,9,0,0,0,0,0,0,0,0,248,248,212525,8,1753,0,0,1,2,18446744073709546937,18446744073709551030,18446744073709551030,277,7,1,1,11058898975780255249,0,0,9,263687000031335932,0,1,1,0
PAWN_AUDIT_RESULT,861,1,1,220,0,0,220,0,0,0,0,0
PAWN_AUDIT_ENTRY,862,13806244123138639032,10903895008325225337,8455536363906300956,15824595742138985033,267,268,269,266,10,9,1,14,18446744073709539592,18446744073709549717,9,0,0,0,0,0,0,0,0,248,248,212525,8,1754,0,0,1,6,18446744073709546726,18446744073709551030,18446744073709551030,277,7,1,1,11058898975780255249,0,0,9,263687000031335932,0,1,1,0
PAWN_AUDIT_RESULT,862,1,1,235,0,0,235,0,0,0,0,0
PAWN_AUDIT_ENTRY,863,10903895008325225337,11644319551371665973,8455536363906300956,12236886720284136694,991,268,269,266,10,9,1,15,18446744073709538530,18446744073709550278,9,0,0,0,0,0,0,0,0,248,248,212525,8,1755,0,0,1,1,18446744073709546243,18446744073709551030,18446744073709551030,277,7,1,1,11058898975780255249,0,0,9,263687000031335932,0,0,1,0
PAWN_AUDIT_RESULT,863,1,1,230,0,0,230,0,0,0,0,0
PAWN_AUDIT_ENTRY,864,11644319551371665973,17863360730310205113,8455536363906300956,10401929344373819944,666,268,269,266,10,9,1,16,18446744073709537664,18446744073709550278,9,0,0,0,0,0,0,0,0,248,248,212525,8,1756,0,0,1,1,18446744073709545849,18446744073709551030,18446744073709551030,277,7,1,1,11058898975780255249,0,0,9,263687000031335932,0,0,1,0
PAWN_AUDIT_RESULT,864,1,1,207,0,0,207,0,0,0,0,0
PAWN_AUDIT_ENTRY,865,17863360730310205113,8874616287671474147,8455536363906300956,11256504116781975802,918,268,269,266,10,9,1,17,18446744073709537987,18446744073709550278,9,0,0,0,0,0,0,0,0,248,248,212525,8,1757,0,0,1,1,18446744073709545996,18446744073709551030,18446744073709551030,277,7,1,1,11058898975780255249,0,0,9,263687000031335932,0,0,1,0
PAWN_AUDIT_RESULT,865,1,1,221,0,0,221,0,0,0,0,0
PAWN_AUDIT_ENTRY,866,8874616287671474147,12176666881417517473,8455536363906300956,325260923442706919,658,268,269,266,10,9,1,18,18446744073709538431,18446744073709550278,9,0,0,0,0,0,0,0,0,248,248,212525,8,1758,0,0,1,1,18446744073709546198,18446744073709551030,18446744073709551030,277,7,1,1,11058898975780255249,0,0,9,263687000031335932,0,0,1,0
PAWN_AUDIT_RESULT,866,1,1,228,0,0,228,0,0,0,0,0
PAWN_AUDIT_ENTRY,867,12176666881417517473,11772234383076382698,8455536363906300956,13110160137417465079,1828,268,269,266,10,9,1,19,18446744073709537778,18446744073709550278,9,0,0,0,0,0,0,0,0,248,248,212525,8,1759,0,0,1,1,18446744073709545901,18446744073709551030,18446744073709551030,277,7,1,1,11058898975780255249,0,0,9,263687000031335932,0,0,1,0
PAWN_AUDIT_RESULT,867,1,1,217,0,0,217,0,0,0,0,0
PAWN_AUDIT_ENTRY,868,11772234383076382698,288238358534319222,8455536363906300956,8407885173268332641,926,268,269,266,10,9,1,20,18446744073709537587,18446744073709550278,9,0,0,0,0,0,0,0,0,248,248,212525,8,1760,0,0,1,1,18446744073709545814,18446744073709551030,18446744073709551030,277,7,1,1,11058898975780255249,0,0,9,263687000031335932,0,0,1,0
PAWN_AUDIT_RESULT,868,1,1,180,0,0,180,0,0,0,0,0
PAWN_AUDIT_ENTRY,869,288238358534319222,4152563368455218250,8455536363906300956,16660114716212592949,1113,268,269,266,10,9,1,21,18446744073709536777,18446744073709550278,9,0,0,0,0,0,0,0,0,248,248,212525,8,1761,0,0,1,1,18446744073709545446,18446744073709551030,18446744073709551030,277,7,1,1,11058898975780255249,0,0,9,263687000031335932,0,0,1,0
PAWN_AUDIT_RESULT,869,1,1,197,0,0,197,0,0,0,0,0
PAWN_AUDIT_ENTRY,870,4152563368455218250,9276493845733598371,8455536363906300956,377697814260881316,269,268,269,266,10,9,1,22,18446744073709538198,18446744073709549342,9,0,0,0,0,0,0,0,0,248,248,212525,8,1762,0,0,1,6,18446744073709546092,18446744073709551030,18446744073709551030,277,7,1,1,11058898975780255249,0,0,9,263687000031335932,0,1,1,0
PAWN_AUDIT_RESULT,870,1,1,224,0,0,224,0,0,0,0,0
PAWN_AUDIT_ENTRY,871,9276493845733598371,9181667366723629939,8455536363906300956,7428691531503095821,259,268,269,266,10,9,1,23,18446744073709538530,18446744073709548543,9,0,0,0,0,0,0,0,0,248,248,212525,8,1763,0,0,1,6,18446744073709546243,18446744073709551030,18446744073709551030,277,7,1,1,11058898975780255249,0,0,9,263687000031335932,0,1,1,0
PAWN_AUDIT_RESULT,871,1,1,208,0,0,208,0,0,0,0,0
PAWN_AUDIT_ENTRY,872,9181667366723629939,3027473567745179360,8455536363906300956,15422289320140086248,268,268,269,266,10,9,1,24,18446744073709537622,18446744073709548297,9,0,0,0,0,0,0,0,0,248,248,212525,8,1764,0,0,1,6,18446744073709545830,18446744073709551030,18446744073709551030,277,7,1,1,11058898975780255249,0,0,9,263687000031335932,0,1,1,0
PAWN_AUDIT_RESULT,872,1,1,213,0,0,213,0,0,0,0,0
PAWN_AUDIT_ENTRY,876,4025481203163899267,5519191360856573787,13129277209406328865,16531590230657638667,82,268,269,266,9,8,5,5,18446744073709547354,18446744073709550375,7,0,0,0,0,0,0,0,0,247,247,431550,8,1771,0,0,1,2,18446744073709551175,18446744073709550269,18446744073709549919,277,9,1,1,11058898975780255249,0,0,7,14158892069230358035,0,1,1,0
PAWN_AUDIT_RESULT,876,5,5,204,0,0,204,0,0,0,0,0
PAWN_AUDIT_ENTRY,877,5519191360856573787,5395039804713757412,13129277209406328865,2455792573189294455,396,268,269,266,9,8,4,6,18446744073709543808,18446744073709550638,7,0,0,0,0,0,0,0,0,247,247,431550,8,1772,0,0,1,2,18446744073709549302,18446744073709550328,18446744073709550395,277,9,1,1,11058898975780255249,0,0,7,14158892069230358035,0,1,1,0
PAWN_AUDIT_RESULT,877,4,4,235,0,0,235,0,0,0,0,0
PAWN_AUDIT_ENTRY,878,5395039804713757412,11769741013519830903,13129277209406328865,2936439815423514349,332,268,269,266,9,8,4,8,18446744073709542748,18446744073709550355,7,0,0,0,0,0,0,0,0,247,247,431550,8,1773,0,0,1,3,18446744073709548161,18446744073709551030,18446744073709551030,277,9,1,1,11058898975780255249,0,0,7,14158892069230358035,0,1,1,0
PAWN_AUDIT_RESULT,878,4,4,237,0,0,237,0,0,0,0,0
PAWN_AUDIT_ENTRY,879,11769741013519830903,5009359064420635471,13129277209406328865,8484766910180110125,1033,268,269,266,9,8,3,11,18446744073709541888,18446744073709550114,7,0,0,0,0,0,0,0,0,247,247,431550,8,1774,0,0,1,3,18446744073709547770,18446744073709551030,18446744073709551030,277,9,1,1,11058898975780255249,0,0,7,14158892069230358035,0,1,1,0
PAWN_AUDIT_RESULT,879,3,3,232,0,0,232,0,0,0,0,0
PAWN_AUDIT_ENTRY,880,5009359064420635471,9863431814466177628,13129277209406328865,3085896684085566848,983,268,269,266,9,8,3,13,18446744073709539749,18446744073709550278,7,0,0,0,0,0,0,0,0,247,247,431550,8,1775,0,0,1,1,18446744073709546797,18446744073709551030,18446744073709551030,277,9,1,1,11058898975780255249,0,0,7,14158892069230358035,0,0,1,0
PAWN_AUDIT_RESULT,880,3,3,217,0,0,217,0,0,0,0,0
PAWN_AUDIT_ENTRY,881,9863431814466177628,6733247588285438252,13129277209406328865,4091989071809768828,346,268,269,266,9,8,3,14,18446744073709542738,18446744073709548731,7,0,0,0,0,0,0,0,0,247,247,431550,8,1776,0,0,1,3,18446744073709547311,18446744073709551030,1156,277,9,1,1,11058898975780255249,0,0,7,14158892069230358035,0,1,1,0
PAWN_AUDIT_RESULT,881,3,3,213,0,0,213,0,0,0,0,0
PAWN_AUDIT_ENTRY,882,6733247588285438252,4696714386547386642,13129277209406328865,7691776709199706315,991,268,269,266,9,8,3,15,18446744073709538376,18446744073709550278,7,0,0,0,0,0,0,0,0,247,247,431550,8,1777,0,0,1,1,18446744073709546173,18446744073709551030,18446744073709551030,277,9,1,1,11058898975780255249,0,0,7,14158892069230358035,0,0,1,0
PAWN_AUDIT_RESULT,882,3,3,224,0,0,224,0,0,0,0,0
PAWN_AUDIT_ENTRY,883,4696714386547386642,2044141494318482255,13129277209406328865,1797156657635640948,267,268,269,266,9,8,3,16,18446744073709539507,18446744073709549717,7,0,0,0,0,0,0,0,0,247,247,431550,8,1778,0,0,1,6,18446744073709546687,18446744073709551030,18446744073709551030,277,9,1,1,11058898975780255249,0,0,7,14158892069230358035,0,1,1,0
PAWN_AUDIT_RESULT,883,3,3,222,0,0,222,0,0,0,0,0
PAWN_AUDIT_ENTRY,884,2044141494318482255,734456118174391949,13129277209406328865,18219009336348849693,1026,268,269,266,9,8,3,17,18446744073709541092,18446744073709548874,7,0,0,0,0,0,0,0,0,247,247,431550,8,1779,0,0,1,3,18446744073709547408,18446744073709551030,18446744073709551030,277,9,1,1,11058898975780255249,0,0,7,14158892069230358035,0,1,1,0
PAWN_AUDIT_RESULT,884,3,3,181,0,0,181,0,0,0,0,0
PAWN_AUDIT_ENTRY,885,734456118174391949,10589376047251895319,13129277209406328865,9953548817487370917,1058,268,269,266,9,8,3,18,18446744073709541092,18446744073709548874,7,0,0,0,0,0,0,0,0,247,247,431550,8,1780,0,0,1,3,18446744073709547408,18446744073709551030,18446744073709551030,277,9,1,1,11058898975780255249,0,0,7,14158892069230358035,0,1,1,0
PAWN_AUDIT_RESULT,885,3,3,185,0,0,185,0,0,0,0,0
PAWN_AUDIT_ENTRY,886,10589376047251895319,13638814667616482605,13129277209406328865,14406741014114833882,658,268,269,266,9,8,3,19,18446744073709537858,18446744073709550278,7,0,0,0,0,0,0,0,0,247,247,431550,8,1781,0,0,1,1,18446744073709546114,18446744073709551030,18446744073709550666,277,9,1,1,11058898975780255249,0,0,7,14158892069230358035,0,0,1,0
PAWN_AUDIT_RESULT,886,3,3,221,0,0,221,0,0,0,0,0
PAWN_AUDIT_ENTRY,887,13638814667616482605,11562503852693140409,13129277209406328865,6871274032168215751,918,268,269,266,9,8,3,20,18446744073709537712,18446744073709550278,7,0,0,0,0,0,0,0,0,247,247,431550,8,1782,0,0,1,1,18446744073709545871,18446744073709551030,18446744073709551030,277,9,1,1,11058898975780255249,0,0,7,14158892069230358035,0,0,1,0
PAWN_AUDIT_RESULT,887,3,3,213,0,0,213,0,0,0,0,0
PAWN_AUDIT_ENTRY,888,11562503852693140409,17127876579529007976,13129277209406328865,8546755285912563914,1828,268,269,266,9,8,3,21,18446744073709537466,18446744073709550278,7,0,0,0,0,0,0,0,0,247,247,431550,8,1783,0,0,1,1,18446744073709545759,18446744073709551030,18446744073709551030,277,9,1,1,11058898975780255249,0,0,7,14158892069230358035,0,0,1,0
PAWN_AUDIT_RESULT,888,3,3,200,0,0,200,0,0,0,0,0
PAWN_AUDIT_ENTRY,889,17127876579529007976,11196226878817293744,13129277209406328865,5996430930059634197,666,268,269,266,9,8,3,22,18446744073709537224,18446744073709550278,7,0,0,0,0,0,0,0,0,247,247,431550,8,1784,0,0,1,1,18446744073709545649,18446744073709551030,18446744073709551030,277,9,1,1,11058898975780255249,0,0,7,14158892069230358035,0,0,1,0
PAWN_AUDIT_RESULT,889,3,3,195,0,0,195,0,0,0,0,0
PAWN_AUDIT_ENTRY,890,11196226878817293744,16508857734150780585,13129277209406328865,8767299915907554272,407,268,269,266,9,8,3,23,18446744073709539788,18446744073709549105,7,0,0,0,0,0,0,0,0,247,247,431550,8,1785,0,0,1,2,18446744073709546815,18446744073709551030,18446744073709551030,277,9,1,1,11058898975780255249,0,0,7,14158892069230358035,0,1,1,0
PAWN_AUDIT_RESULT,890,3,3,228,0,0,228,0,0,0,0,0
PAWN_AUDIT_ENTRY,891,16508857734150780585,387253232615098746,13129277209406328865,13241223429126712412,926,268,269,266,9,8,3,24,18446744073709536986,18446744073709550278,7,0,0,0,0,0,0,0,0,247,247,431550,8,1786,0,0,1,1,18446744073709545541,18446744073709551030,18446744073709551030,277,9,1,1,11058898975780255249,0,0,7,14158892069230358035,0,0,1,0
PAWN_AUDIT_RESULT,891,3,3,180,0,0,180,0,0,0,0,0
PAWN_AUDIT_ENTRY,892,387253232615098746,8791341662590510941,13129277209406328865,2618869132793195784,1113,268,269,266,9,8,3,25,18446744073709536373,18446744073709550278,7,0,0,0,0,0,0,0,0,247,247,431550,8,1787,0,0,1,1,18446744073709545262,18446744073709551030,18446744073709551030,277,9,1,1,11058898975780255249,0,0,7,14158892069230358035,0,0,1,0
PAWN_AUDIT_RESULT,892,3,3,145,0,0,145,0,0,0,0,0
PAWN_AUDIT_ENTRY,893,8791341662590510941,8718777162045826253,13129277209406328865,14290295040880524185,269,268,269,266,9,8,3,26,18446744073709537956,18446744073709549342,7,0,0,0,0,0,0,0,0,247,247,431550,8,1788,0,0,1,6,18446744073709545982,18446744073709551030,18446744073709551030,277,9,1,1,11058898975780255249,0,0,7,14158892069230358035,0,1,1,0
PAWN_AUDIT_RESULT,893,3,3,220,0,0,220,0,0,0,0,0
PAWN_AUDIT_ENTRY,894,8718777162045826253,10022695358446162423,13129277209406328865,11850248388042980400,259,268,269,266,9,8,3,27,18446744073709537987,18446744073709548543,7,0,0,0,0,0,0,0,0,247,247,431550,8,1789,0,0,1,6,18446744073709545996,18446744073709551030,18446744073709551030,277,9,1,1,11058898975780255249,0,0,7,14158892069230358035,0,1,1,0
PAWN_AUDIT_RESULT,894,3,3,208,0,0,208,0,0,0,0,0
PAWN_AUDIT_ENTRY,923,2211530408244449941,8571361877529362504,7755136492771713142,13536162540925961115,730,268,269,258,6,5,2,3,18446744073709550270,18446744073709550167,13,0,0,0,0,0,0,0,0,211,211,52572,8,1833,0,0,0,2,18446744073709551581,18446744073709551030,18446744073709551030,257,5,1,1,11058898975780255249,4,0,13,11279342848202656334,0,5,1,0
PAWN_AUDIT_RESULT,923,2,2,225,0,0,225,0,0,0,0,0
PAWN_AUDIT_ENTRY,924,8571361877529362504,12993685763971528266,7755136492771713142,2380107116798819920,454,268,269,258,6,5,1,4,18446744073709547914,18446744073709549453,13,0,0,0,0,0,0,0,0,211,211,52572,8,1834,0,0,0,4,18446744073709550510,18446744073709551030,18446744073709551030,257,5,1,1,11058898975780255249,4,0,13,11279342848202656334,0,5,1,0
PAWN_AUDIT_RESULT,924,1,1,227,0,0,227,0,0,0,0,0
PAWN_AUDIT_ENTRY,925,12993685763971528266,76844569474470873,7755136492771713142,7324041690843467557,1350,268,269,258,6,5,1,5,18446744073709544714,18446744073709548874,13,0,0,0,0,0,0,0,0,211,211,52572,8,1835,0,0,0,2,18446744073709549055,18446744073709551030,18446744073709551030,257,5,1,1,11058898975780255249,4,0,13,11279342848202656334,0,5,1,0
PAWN_AUDIT_RESULT,925,1,1,183,0,0,183,0,0,0,0,0
PAWN_AUDIT_ENTRY,926,76844569474470873,1590145366072939591,7755136492771713142,1162768554348810548,2,268,269,258,6,5,1,6,18446744073709546749,18446744073709549225,13,0,0,0,0,0,0,0,0,211,211,52572,8,1836,0,0,0,4,18446744073709549980,18446744073709551030,18446744073709551030,257,5,1,1,11058898975780255249,4,0,13,11279342848202656334,0,5,1,0
PAWN_AUDIT_RESULT,926,1,1,214,0,0,214,0,0,0,0,0
PAWN_AUDIT_ENTRY,927,1590145366072939591,17490688918059580230,7755136492771713142,3225832789237284495,3,268,269,258,6,5,1,7,18446744073709546243,18446744073709549109,13,0,0,0,0,0,0,0,0,211,211,52572,8,1837,0,0,0,4,18446744073709549750,18446744073709551030,18446744073709551030,257,5,1,1,11058898975780255249,4,0,13,11279342848202656334,0,5,1,0
PAWN_AUDIT_RESULT,927,1,1,214,0,0,214,0,0,0,0,0
PAWN_AUDIT_ENTRY,928,17490688918059580230,10871704504487512675,7755136492771713142,17183190022694260865,705,268,269,258,6,5,1,8,18446744073709545708,18446744073709549146,13,0,0,0,0,0,0,0,0,211,211,52572,8,1838,0,0,0,2,18446744073709549507,18446744073709551030,18446744073709551030,257,5,1,1,11058898975780255249,4,0,13,11279342848202656334,0,5,1,0
PAWN_AUDIT_RESULT,928,1,1,-1,0,0,-1,0,0,0,0,0
PAWN_AUDIT_ENTRY,929,10871704504487512675,11214493986894258550,7755136492771713142,16102607352610278799,1,268,269,258,6,5,1,10,18446744073709544039,18446744073709549581,13,0,0,0,0,0,0,0,0,211,211,52572,8,1839,0,0,0,4,18446744073709549039,18446744073709551030,18446744073709550430,257,5,1,1,11058898975780255249,4,0,13,11279342848202656334,0,5,1,0
PAWN_AUDIT_RESULT,929,1,1,207,0,0,207,0,0,0,0,0
PAWN_AUDIT_ENTRY,930,11214493986894258550,16591532601432422385,7755136492771713142,10262060800505594632,1375,268,269,258,6,5,1,11,18446744073709544714,18446744073709548874,13,0,0,0,0,0,0,0,0,211,211,52572,8,1840,0,0,0,2,18446744073709549055,18446744073709551030,18446744073709551030,257,5,1,1,11058898975780255249,4,0,13,11279342848202656334,0,5,1,0
PAWN_AUDIT_RESULT,930,1,1,181,0,0,181,0,0,0,0,0
PAWN_AUDIT_ENTRY,934,6282122411671212817,14613261797747081289,1828871890419038905,7035210340420114559,1355,268,269,259,8,7,2,3,18446744073709540134,2317,11,0,0,0,0,0,0,0,0,268,276,18446744073709392384,8,1846,0,0,0,2,18446744073709548149,18446744073709550579,18446744073709549070,268,4,1,1,11058898975780255249,2,0,11,8891204171953050447,0,3,1,0
PAWN_AUDIT_RESULT,934,2,2,201,0,0,201,0,0,0,0,0
PAWN_AUDIT_ENTRY,935,14613261797747081289,5725602745755896935,1828871890419038905,6050977567058437279,454,268,269,259,8,7,2,4,18446744073709547998,18446744073709549453,11,0,0,0,0,0,0,0,0,268,276,18446744073709392384,8,1847,0,0,0,4,18446744073709550548,18446744073709551030,18446744073709551030,268,4,1,1,11058898975780255249,2,0,11,8891204171953050447,0,3,1,0
PAWN_AUDIT_RESULT,935,2,2,237,0,0,237,0,0,0,0,0
PAWN_AUDIT_ENTRY,936,5725602745755896935,16221402912388493180,1828871890419038905,1682811184877426154,1350,268,269,259,8,7,2,5,18446744073709542845,18446744073709547836,11,0,0,0,0,0,0,0,0,268,276,18446744073709392384,8,1848,0,0,0,2,18446744073709548205,18446744073709551030,18446744073709551030,268,4,1,1,11058898975780255249,2,0,11,8891204171953050447,0,3,1,0
PAWN_AUDIT_RESULT,936,2,2,1,0,0,1,0,0,0,0,0
PAWN_AUDIT_ENTRY,937,16221402912388493180,13314467800137232050,1828871890419038905,5348557812303580051,82,268,269,259,8,7,2,6,18446744073709547151,18446744073709550375,11,0,0,0,0,0,0,0,0,268,276,18446744073709392384,8,1849,0,0,0,2,18446744073709550163,18446744073709551030,18446744073709551030,268,4,1,1,11058898975780255249,2,0,11,8891204171953050447,0,3,1,0
PAWN_AUDIT_RESULT,937,2,2,255,0,0,255,0,0,0,0,0
PAWN_AUDIT_ENTRY,938,13314467800137232050,12714727667937977327,1828871890419038905,9769909787691433077,332,268,269,259,8,7,1,7,18446744073709542698,18446744073709549772,11,0,0,0,0,0,0,0,0,268,276,18446744073709392384,8,1850,0,0,0,3,18446744073709548138,18446744073709551030,18446744073709551030,268,4,1,1,11058898975780255249,2,0,11,8891204171953050447,0,3,1,0
PAWN_AUDIT_RESULT,938,1,1,256,0,0,256,0,0,0,0,0
PAWN_AUDIT_ENTRY,939,12714727667937977327,12412823016638320154,1828871890419038905,18200342603932948935,1375,268,269,259,8,7,1,8,18446744073709542722,18446744073709547766,11,0,0,0,0,0,0,0,0,268,276,18446744073709392384,8,1851,0,0,0,2,18446744073709548149,18446744073709551030,18446744073709551030,268,4,1,1,11058898975780255249,2,0,11,8891204171953050447,0,3,1,0
PAWN_AUDIT_RESULT,939,1,1,189,0,0,189,0,0,0,0,0
PAWN_AUDIT_ENTRY,940,12412823016638320154,12533293559003213889,1828871890419038905,13496513885767604415,536,268,269,259,8,7,1,9,18446744073709540030,18446744073709550278,11,0,0,0,0,0,0,0,0,268,276,18446744073709392384,8,1852,0,0,0,1,18446744073709546925,18446744073709551030,18446744073709551030,268,4,1,1,11058898975780255249,2,0,11,8891204171953050447,0,0,1,0
PAWN_AUDIT_RESULT,940,1,1,258,0,0,258,0,0,0,0,0
PAWN_AUDIT_ENTRY,941,12533293559003213889,4860433570592544137,1828871890419038905,9621566680738936600,983,268,269,259,8,7,1,11,18446744073709539263,18446744073709550278,11,0,0,0,0,0,0,0,0,268,276,18446744073709392384,8,1853,0,0,0,1,18446744073709546576,18446744073709551030,18446744073709551030,268,4,1,1,11058898975780255249,2,0,11,8891204171953050447,0,0,1,0
PAWN_AUDIT_RESULT,941,1,1,241,0,0,241,0,0,0,0,0
PAWN_AUDIT_ENTRY,942,4860433570592544137,9529712019953295108,1828871890419038905,10924693818076039140,346,268,269,259,8,7,1,12,18446744073709540180,18446744073709547947,11,0,0,0,0,0,0,0,0,268,276,18446744073709392384,8,1854,0,0,0,3,18446744073709546993,18446744073709551030,18446744073709551030,268,4,1,1,11058898975780255249,2,0,11,8891204171953050447,0,3,1,0
PAWN_AUDIT_RESULT,942,1,1,242,0,0,242,0,0,0,0,0
PAWN_AUDIT_ENTRY,943,9529712019953295108,204353913761395596,1828871890419038905,14577924772015689305,528,268,269,259,8,7,1,13,18446744073709538528,18446744073709550278,11,0,0,0,0,0,0,0,0,268,276,18446744073709392384,8,1855,0,0,0,1,18446744073709546242,18446744073709551030,18446744073709551030,268,4,1,1,11058898975780255249,2,0,11,8891204171953050447,0,0,1,0
PAWN_AUDIT_RESULT,943,1,1,238,0,0,238,0,0,0,0,0
PAWN_AUDIT_ENTRY,944,204353913761395596,928372648136921152,1828871890419038905,10552181757695918539,80,268,269,259,8,7,1,14,18446744073709539599,18446744073709549734,11,0,0,0,0,0,0,0,0,268,276,18446744073709392384,8,1856,0,0,0,2,18446744073709546729,18446744073709551030,18446744073709551030,268,4,1,1,11058898975780255249,2,0,11,8891204171953050447,0,3,1,0
PAWN_AUDIT_RESULT,944,1,1,232,0,0,232,0,0,0,0,0
PAWN_AUDIT_ENTRY,945,928372648136921152,10790035026168071738,1828871890419038905,14261575580870562387,991,268,269,259,8,7,1,15,18446744073709538130,18446744073709550278,11,0,0,0,0,0,0,0,0,268,276,18446744073709392384,8,1857,0,0,0,1,18446744073709546061,18446744073709551030,18446744073709551030,268,4,1,1,11058898975780255249,2,0,11,8891204171953050447,0,0,1,0
PAWN_AUDIT_RESULT,945,1,1,247,0,0,247,0,0,0,0,0
PAWN_AUDIT_ENTRY,946,10790035026168071738,14202599587903540405,1828871890419038905,13233032769921985772,267,268,269,259,8,7,1,16,18446744073709539148,18446744073709549717,11,0,0,0,0,0,0,0,0,268,276,18446744073709392384,8,1858,0,0,0,6,18446744073709546524,18446744073709551030,18446744073709551030,268,4,1,1,11058898975780255249,2,0,11,8891204171953050447,0,3,1,0
PAWN_AUDIT_RESULT,946,1,1,240,0,0,240,0,0,0,0,0
PAWN_AUDIT_ENTRY,947,14202599587903540405,5756153374541262406,1828871890419038905,7546594656642531138,658,268,269,259,8,7,1,17,18446744073709537956,18446744073709550278,11,0,0,0,0,0,0,0,0,268,276,18446744073709392384,8,1859,0,0,0,1,18446744073709545982,18446744073709551030,18446744073709551030,268,4,1,1,11058898975780255249,2,0,11,8891204171953050447,0,0,1,0
PAWN_AUDIT_RESULT,947,1,1,234,0,0,234,0,0,0,0,0
PAWN_AUDIT_ENTRY,948,5756153374541262406,9993259498593199644,1828871890419038905,17297849082312969823,918,268,269,259,8,7,1,18,18446744073709537354,18446744073709550278,11,0,0,0,0,0,0,0,0,268,276,18446744073709392384,8,1860,0,0,0,1,18446744073709545708,18446744073709551030,18446744073709551030,268,4,1,1,11058898975780255249,2,0,11,8891204171953050447,0,0,1,0
PAWN_AUDIT_RESULT,948,1,1,231,0,0,231,0,0,0,0,0
PAWN_AUDIT_ENTRY,949,9993259498593199644,1716682818687063990,1828871890419038905,15693296350514305618,1828,268,269,259,8,7,1,19,18446744073709536973,18446744073709550278,11,0,0,0,0,0,0,0,0,268,276,18446744073709392384,8,1861,0,0,0,1,18446744073709545535,18446744073709551030,18446744073709551030,268,4,1,1,11058898975780255249,2,0,11,8891204171953050447,0,0,1,0
PAWN_AUDIT_RESULT,949,1,1,248,0,0,248,0,0,0,0,0
PAWN_AUDIT_ENTRY,950,1716682818687063990,5172837897939864442,1828871890419038905,18186238351840562317,666,268,269,259,8,7,1,20,18446744073709536718,18446744073709550278,11,0,0,0,0,0,0,0,0,268,276,18446744073709392384,8,1862,0,0,0,1,18446744073709545419,18446744073709551030,18446744073709551030,268,4,1,1,11058898975780255249,2,0,11,8891204171953050447,0,0,1,0
PAWN_AUDIT_RESULT,950,1,1,217,0,0,217,0,0,0,0,0
PAWN_AUDIT_ENTRY,951,5172837897939864442,16339151728244272878,1828871890419038905,1772065065516205764,926,268,269,259,8,7,1,21,18446744073709536505,18446744073709550278,11,0,0,0,0,0,0,0,0,268,276,18446744073709392384,8,1863,0,0,0,1,18446744073709545322,18446744073709551030,18446744073709551030,268,4,1,1,11058898975780255249,2,0,11,8891204171953050447,0,0,1,0
PAWN_AUDIT_RESULT,951,1,1,222,0,0,222,0,0,0,0,0
PAWN_AUDIT_ENTRY,952,16339151728244272878,3872922832580843670,1828871890419038905,10019931780679452560,1113,268,269,259,8,7,1,22,18446744073709536012,18446744073709550278,11,0,0,0,0,0,0,0,0,268,276,18446744073709392384,8,1864,0,0,0,1,18446744073709545098,18446744073709551030,18446744073709551030,268,4,1,1,11058898975780255249,2,0,11,8891204171953050447,0,0,1,0
PAWN_AUDIT_RESULT,952,1,1,204,0,0,204,0,0,0,0,0
PAWN_AUDIT_ENTRY,953,3872922832580843670,16541598480237934513,1828871890419038905,7567374365724102913,269,268,269,259,8,7,1,23,18446744073709537684,18446744073709549342,11,0,0,0,0,0,0,0,0,268,276,18446744073709392384,8,1865,0,0,0,6,18446744073709545858,18446744073709551030,18446744073709551030,268,4,1,1,11058898975780255249,2,0,11,8891204171953050447,0,3,1,0
PAWN_AUDIT_RESULT,953,1,1,245,0,0,245,0,0,0,0,0
PAWN_AUDIT_ENTRY,957,4401307583491701465,16478860671725747019,8455536363906300956,2738338327859629366,82,268,269,265,11,10,4,4,18446744073709545593,18446744073709550375,9,0,0,0,0,0,0,0,0,249,249,339504,8,1873,0,0,1,2,18446744073709550374,18446744073709550269,18446744073709549919,266,10,1,1,11058898975780255249,0,0,9,509738918742164014,0,1,1,0
PAWN_AUDIT_RESULT,957,4,4,240,0,0,240,0,0,0,0,0
PAWN_AUDIT_ENTRY,958,16478860671725747019,6277896072230211815,8455536363906300956,16246792676039337290,396,268,269,265,11,10,3,5,18446744073709543496,18446744073709550557,9,0,0,0,0,0,0,0,0,249,249,339504,8,1874,0,0,1,2,18446744073709549160,18446744073709550328,18446744073709550395,266,10,1,1,11058898975780255249,0,0,9,509738918742164014,0,1,1,0
PAWN_AUDIT_RESULT,958,3,3,238,0,0,238,0,0,0,0,0
PAWN_AUDIT_ENTRY,959,6277896072230211815,5071645680739395458,8455536363906300956,16982192374323247824,332,268,269,265,11,10,3,6,18446744073709543415,18446744073709550090,9,0,0,0,0,0,0,0,0,249,249,339504,8,1875,0,0,1,3,18446744073709548464,18446744073709551030,18446744073709551030,266,10,1,1,11058898975780255249,0,0,9,509738918742164014,0,1,1,0
PAWN_AUDIT_RESULT,959,3,3,241,0,0,241,0,0,0,0,0
PAWN_AUDIT_ENTRY,960,5071645680739395458,2258154090617073299,8455536363906300956,15525125154364055066,536,268,269,265,11,10,3,7,18446744073709540989,18446744073709550278,9,0,0,0,0,0,0,0,0,249,249,339504,8,1876,0,0,1,1,18446744073709547361,18446744073709551030,18446744073709551030,266,10,1,1,11058898975780255249,0,0,9,509738918742164014,0,0,1,0
PAWN_AUDIT_RESULT,960,3,3,238,0,0,238,0,0,0,0,0
PAWN_AUDIT_ENTRY,961,2258154090617073299,4553534080748837445,8455536363906300956,16843400098891854269,983,268,269,265,11,10,2,9,18446744073709539095,18446744073709550278,9,0,0,0,0,0,0,0,0,249,249,339504,8,1877,0,0,1,1,18446744073709546500,18446744073709551030,18446744073709551030,266,10,1,1,11058898975780255249,0,0,9,509738918742164014,0,0,1,0
PAWN_AUDIT_RESULT,961,2,2,230,0,0,230,0,0,0,0,0
PAWN_AUDIT_ENTRY,962,4553534080748837445,9235205013194118805,8455536363906300956,18132938954121658689,346,268,269,265,11,10,3,10,18446744073709541874,18446744073709547947,9,0,0,0,0,0,0,0,0,249,249,339504,8,1878,0,0,1,3,18446744073709546918,18446744073709551030,1156,266,10,1,1,11058898975780255249,0,0,9,509738918742164014,0,1,1,0
PAWN_AUDIT_RESULT,962,3,3,227,0,0,227,0,0,0,0,0
PAWN_AUDIT_ENTRY,963,9235205013194118805,8996722010363999069,8455536363906300956,11994877576411285756,528,268,269,265,11,10,2,11,18446744073709538339,18446744073709550278,9,0,0,0,0,0,0,0,0,249,249,339504,8,1879,0,0,1,1,18446744073709546156,18446744073709551030,18446744073709551030,266,10,1,1,11058898975780255249,0,0,9,509738918742164014,0,0,1,0
PAWN_AUDIT_RESULT,963,2,2,225,0,0,225,0,0,0,0,0
PAWN_AUDIT_ENTRY,964,8996722010363999069,3578277015641517199,8455536363906300956,18323332328753284974,80,268,269,265,11,10,2,12,18446744073709539227,18446744073709549253,9,0,0,0,0,0,0,0,0,249,249,339504,8,1880,0,0,1,2,18446744073709546560,18446744073709551030,18446744073709551030,266,10,1,1,11058898975780255249,0,0,9,509738918742164014,0,1,1,0
PAWN_AUDIT_RESULT,964,2,2,218,0,0,218,0,0,0,0,0
PAWN_AUDIT_ENTRY,965,3578277015641517199,7024909781827325613,8455536363906300956,12236886720284136694,991,268,269,265,11,10,2,13,18446744073709538090,18446744073709550278,9,0,0,0,0,0,0,0,0,249,249,339504,8,1881,0,0,1,1,18446744073709546043,18446744073709551030,18446744073709551030,266,10,1,1,11058898975780255249,0,0,9,509738918742164014,0,0,1,0
PAWN_AUDIT_RESULT,965,2,2,230,0,0,230,0,0,0,0,0
PAWN_AUDIT_ENTRY,966,7024909781827325613,13059950417965660018,8455536363906300956,15824595742138985033,267,268,269,265,11,10,2,14,18446744073709538970,18446744073709549467,9,0,0,0,0,0,0,0,0,249,249,339504,8,1882,0,0,1,6,18446744073709546443,18446744073709551030,18446744073709551030,266,10,1,1,11058898975780255249,0,0,9,509738918742164014,0,1,1,0
PAWN_AUDIT_RESULT,966,2,2,233,0,0,233,0,0,0,0,0
PAWN_AUDIT_ENTRY,967,13059950417965660018,6855429401233642634,8455536363906300956,325260923442706919,658,268,269,265,11,10,2,15,18446744073709537348,18446744073709550278,9,0,0,0,0,0,0,0,0,249,249,339504,8,1883,0,0,1,1,18446744073709545882,18446744073709551030,18446744073709550666,266,10,1,1,11058898975780255249,0,0,9,509738918742164014,0,0,1,0
PAWN_AUDIT_RESULT,967,2,2,228,0,0,228,0,0,0,0,0
PAWN_AUDIT_ENTRY,968,6855429401233642634,8073244400348603523,8455536363906300956,11256504116781975802,918,268,269,265,11,10,2,16,18446744073709537134,18446744073709550278,9,0,0,0,0,0,0,0,0,249,249,339504,8,1884,0,0,1,1,18446744073709545608,18446744073709551030,18446744073709551030,266,10,1,1,11058898975780255249,0,0,9,509738918742164014,0,0,1,0
PAWN_AUDIT_RESULT,968,2,2,220,0,0,220,0,0,0,0,0
PAWN_AUDIT_ENTRY,969,8073244400348603523,4422023377342620983,8455536363906300956,13110160137417465079,1828,268,269,265,11,10,2,17,18446744073709536958,18446744073709550278,9,0,0,0,0,0,0,0,0,249,249,339504,8,1885,0,0,1,1,18446744073709545528,18446744073709551030,18446744073709551030,266,10,1,1,11058898975780255249,0,0,9,509738918742164014,0,0,1,0
PAWN_AUDIT_RESULT,969,2,2,216,0,0,216,0,0,0,0,0
PAWN_AUDIT_ENTRY,970,4422023377342620983,2780238018145089796,8455536363906300956,13458793476409325533,407,268,269,265,11,10,2,18,18446744073709539546,18446744073709549105,9,0,0,0,0,0,0,0,0,249,249,339504,8,1886,0,0,1,2,18446744073709546705,18446744073709551030,18446744073709551030,266,10,1,1,11058898975780255249,0,0,9,509738918742164014,0,1,1,0
PAWN_AUDIT_RESULT,970,2,2,221,0,0,221,0,0,0,0,0
PAWN_AUDIT_ENTRY,971,2780238018145089796,14070782174250466705,8455536363906300956,10401929344373819944,666,268,269,265,11,10,2,19,18446744073709536419,18446744073709550278,9,0,0,0,0,0,0,0,0,249,249,339504,8,1887,0,0,1,1,18446744073709545283,18446744073709551030,18446744073709551030,266,10,1,1,11058898975780255249,0,0,9,509738918742164014,0,0,1,0
PAWN_AUDIT_RESULT,971,2,2,206,0,0,206,0,0,0,0,0
PAWN_AUDIT_ENTRY,972,14070782174250466705,10828407313522053697,8455536363906300956,8407885173268332641,926,268,269,265,11,10,2,20,18446744073709536276,18446744073709550278,9,0,0,0,0,0,0,0,0,249,249,339504,8,1888,0,0,1,1,18446744073709545218,18446744073709551030,18446744073709551030,266,10,1,1,11058898975780255249,0,0,9,509738918742164014,0,0,1,0
PAWN_AUDIT_RESULT,972,2,2,179,0,0,179,0,0,0,0,0
PAWN_AUDIT_ENTRY,973,10828407313522053697,17787418725750846623,8455536363906300956,16660114716212592949,1113,268,269,265,11,10,2,21,18446744073709535728,18446744073709550278,9,0,0,0,0,0,0,0,0,249,249,339504,8,1889,0,0,1,1,18446744073709544969,18446744073709551030,18446744073709551030,266,10,1,1,11058898975780255249,0,0,9,509738918742164014,0,0,1,0
PAWN_AUDIT_RESULT,973,2,2,197,0,0,197,0,0,0,0,0
PAWN_AUDIT_ENTRY,974,17787418725750846623,4435442466466207482,8455536363906300956,377697814260881316,269,268,269,265,11,10,2,22,18446744073709537624,18446744073709549229,9,0,0,0,0,0,0,0,0,249,249,339504,8,1890,0,0,1,6,18446744073709545831,18446744073709551030,18446744073709551030,266,10,1,1,11058898975780255249,0,0,9,509738918742164014,0,1,1,0
PAWN_AUDIT_RESULT,974,2,2,222,0,0,222,0,0,0,0,0
PAWN_AUDIT_ENTRY,975,4435442466466207482,7504670328064796209,8455536363906300956,7428691531503095821,259,268,269,265,11,10,2,23,18446744073709537523,18446744073709548543,9,0,0,0,0,0,0,0,0,249,249,339504,8,1891,0,0,1,6,18446744073709545785,18446744073709551030,18446744073709551030,266,10,1,1,11058898975780255249,0,0,9,509738918742164014,0,1,1,0
PAWN_AUDIT_RESULT,975,2,2,205,0,0,205,0,0,0,0,0
PAWN_AUDIT_ENTRY,976,7504670328064796209,11883479235304680810,8455536363906300956,15422289320140086248,268,268,269,265,11,10,2,24,18446744073709537272,18446744073709548297,9,0,0,0,0,0,0,0,0,249,249,339504,8,1892,0,0,1,6,18446744073709545671,18446744073709551030,18446744073709551030,266,10,1,1,11058898975780255249,0,0,9,509738918742164014,0,1,1,0
PAWN_AUDIT_RESULT,976,2,2,211,0,0,211,0,0,0,0,0
PAWN_AUDIT_ENTRY,991,8930757394908307188,2684232572726527763,8487060925824988417,16278316550406220887,396,268,269,265,13,12,7,5,18446744073709544864,708,7,0,0,0,0,0,0,0,0,147,147,18446744073702385120,8,1920,0,0,1,2,18446744073709549123,18446744073709551030,18446744073709551030,277,8,1,1,11090425736916188940,0,0,7,232160342240435425,0,1,1,0
PAWN_AUDIT_RESULT,991,7,7,221,0,0,221,0,4,4,0,0
PAWN_AUDIT_ENTRY,992,2684232572726527763,8546574953690879990,8487060925824988417,2778871910002590763,82,268,269,265,13,12,8,6,18446744073709550558,18446744073709550730,7,0,0,0,0,0,0,0,0,147,147,18446744073702385120,8,1925,0,0,1,2,96,18446744073709551030,18446744073709551030,277,8,1,1,11090425736916188940,0,0,7,232160342240435425,0,1,1,0
PAWN_AUDIT_RESULT,992,8,8,240,0,0,240,0,5,5,0,0
PAWN_AUDIT_ENTRY,995,6440087000022411517,6039411553394643831,8487060925824988417,15556649612591027975,536,268,269,265,13,12,6,7,18446744073709540949,18446744073709550278,7,0,0,0,0,0,0,0,0,147,147,18446744073702385120,8,1931,0,0,1,1,18446744073709547343,18446744073709551030,18446744073709551030,277,8,1,1,11090425736916188940,0,0,7,232160342240435425,0,0,1,0
PAWN_AUDIT_RESULT,995,6,6,263,0,0,263,0,3,3,0,0
PAWN_AUDIT_ENTRY,997,10932323432348283476,2316281045733072721,8487060925824988417,13896510928241445623,1763,268,269,265,13,12,5,8,18446744073709539852,18446744073709550278,7,0,0,0,0,0,0,0,0,147,147,18446744073702385120,8,1935,0,0,1,1,18446744073709546844,18446744073709551030,18446744073709551030,277,8,1,1,11090425736916188940,0,0,7,232160342240435425,0,0,1,0
PAWN_AUDIT_RESULT,997,5,5,176,0,0,176,0,0,0,0,0
PAWN_AUDIT_ENTRY,998,2316281045733072721,16075814503192143140,8487060925824988417,293734953138729210,658,268,269,265,13,12,4,9,18446744073709537574,18446744073709551313,7,0,0,0,0,0,0,0,0,147,147,18446744073702385120,8,1936,0,0,1,1,18446744073709545808,18446744073709551030,18446744073709551030,277,8,1,1,11090425736916188940,0,0,7,232160342240435425,0,0,1,0
PAWN_AUDIT_RESULT,998,4,4,205,0,0,205,0,0,0,0,0
PAWN_AUDIT_ENTRY,999,16075814503192143140,10092284952971838861,8487060925824988417,16950665579290653645,332,268,269,265,13,12,5,10,18446744073709543518,18446744073709548462,7,0,0,0,0,0,0,0,0,147,147,18446744073702385120,8,1937,0,0,1,3,18446744073709548511,18446744073709551030,18446744073709551030,277,8,1,1,11090425736916188940,0,0,7,232160342240435425,0,1,1,0
PAWN_AUDIT_RESULT,999,5,5,181,0,0,181,0,0,0,0,0
PAWN_AUDIT_ENTRY,1000,10092284952971838861,4340995375654055360,8487060925824988417,16802866791353645216,983,268,269,265,13,12,4,11,18446744073709538913,18446744073709550278,7,0,0,0,0,0,0,0,0,147,147,18446744073702385120,8,1938,0,0,1,1,18446744073709546417,18446744073709551030,18446744073709551030,277,8,1,1,11090425736916188940,0,0,7,232160342240435425,0,0,1,0
PAWN_AUDIT_RESULT,1000,4,4,212,0,0,212,0,0,0,0,0
PAWN_AUDIT_ENTRY,1001,4340995375654055360,12863049457990214281,8487060925824988417,12026402035175129569,528,268,269,265,13,12,4,12,18446744073709538099,18446744073709550278,7,0,0,0,0,0,0,0,0,147,147,18446744073702385120,8,1939,0,0,1,1,18446744073709546047,18446744073709551030,18446744073709551030,277,8,1,1,11090425736916188940,0,0,7,232160342240435425,0,0,1,0
PAWN_AUDIT_RESULT,1001,4,4,201,0,0,201,0,0,0,0,0
PAWN_AUDIT_ENTRY,1002,12863049457990214281,3597318074197454463,8487060925824988417,12196353447843732971,991,268,269,265,13,12,4,13,18446744073709537943,18446744073709550278,7,0,0,0,0,0,0,0,0,147,147,18446744073702385120,8,1940,0,0,1,1,18446744073709545976,18446744073709551030,18446744073709551030,277,8,1,1,11090425736916188940,0,0,7,232160342240435425,0,0,1,0
PAWN_AUDIT_RESULT,1002,4,4,216,0,0,216,0,0,0,0,0
PAWN_AUDIT_ENTRY,1003,3597318074197454463,11395805856638305197,8487060925824988417,11288030224873030119,918,268,269,265,13,12,4,14,18446744073709536918,18446744073709550278,7,0,0,0,0,0,0,0,0,147,147,18446744073702385120,8,1941,0,0,1,1,18446744073709545510,18446744073709551030,18446744073709551030,277,8,1,1,11090425736916188940,0,0,7,232160342240435425,0,0,1,0
PAWN_AUDIT_RESULT,1003,4,4,205,0,0,205,0,0,0,0,0
PAWN_AUDIT_ENTRY,1004,11395805856638305197,6580469625535156072,8487060925824988417,13069626830077302250,1828,268,269,265,13,12,4,15,18446744073709536718,18446744073709550278,7,0,0,0,0,0,0,0,0,147,147,18446744073702385120,8,1942,0,0,1,1,18446744073709545419,18446744073709551030,18446744073709551030,277,8,1,1,11090425736916188940,0,0,7,232160342240435425,0,0,1,0
PAWN_AUDIT_RESULT,1004,4,4,179,0,0,179,0,0,0,0,0
PAWN_AUDIT_ENTRY,1005,6580469625535156072,7705999160401074195,8487060925824988417,10433453665169703733,666,268,269,265,13,12,3,16,18446744073709536148,18446744073709550278,7,0,0,0,0,0,0,0,0,147,147,18446744073702385120,8,1943,0,0,1,1,18446744073709545160,18446744073709551030,18446744073709551030,277,8,1,1,11090425736916188940,0,0,7,232160342240435425,0,0,1,0
PAWN_AUDIT_RESULT,1005,3,3,216,0,0,216,0,0,0,0,0
PAWN_AUDIT_ENTRY,1006,7705999160401074195,23485763238602937,8487060925824988417,13427266990621720256,407,268,269,265,13,12,4,17,18446744073709539139,18446744073709548879,7,0,0,0,0,0,0,0,0,147,147,18446744073702385120,8,1944,0,0,1,2,18446744073709546520,18446744073709551030,18446744073709551030,277,8,1,1,11090425736916188940,0,0,7,232160342240435425,0,1,1,0
PAWN_AUDIT_RESULT,1006,4,4,181,0,0,181,0,0,0,0,0
PAWN_AUDIT_ENTRY,1007,23485763238602937,9193928171782024740,8487060925824988417,8376359340373952892,926,268,269,265,13,12,3,18,18446744073709535933,18446744073709550278,7,0,0,0,0,0,0,0,0,147,147,18446744073702385120,8,1945,0,0,1,1,18446744073709545062,18446744073709551030,18446744073709551030,277,8,1,1,11090425736916188940,0,0,7,232160342240435425,0,0,1,0
PAWN_AUDIT_RESULT,1007,3,3,193,0,0,193,0,0,0,0,0
PAWN_AUDIT_ENTRY,1008,9193928171782024740,8887663227508726612,8487060925824988417,18363863848846904947,80,268,269,265,13,12,4,19,18446744073709538790,18446744073709548874,7,0,0,0,0,0,0,0,0,147,147,18446744073702385120,8,1946,0,0,1,2,18446744073709546361,18446744073709551030,18446744073709551030,277,8,1,1,11090425736916188940,0,0,7,232160342240435425,0,1,1,0
PAWN_AUDIT_RESULT,1008,4,4,159,0,0,159,0,0,0,0,0
PAWN_AUDIT_ENTRY,1009,8887663227508726612,10075221386959165173,8487060925824988417,16691641373537929256,1113,268,269,265,13,12,3,20,18446744073709535511,18446744073709550278,7,0,0,0,0,0,0,0,0,147,147,18446744073702385120,8,1947,0,0,1,1,18446744073709544870,18446744073709551030,18446744073709551030,277,8,1,1,11090425736916188940,0,0,7,232160342240435425,0,0,1,0
PAWN_AUDIT_RESULT,1009,3,3,183,0,0,183,0,0,0,0,0
PAWN_AUDIT_ENTRY,1010,10075221386959165173,11895457333847019523,8487060925824988417,15784061747670246228,267,268,269,265,13,12,4,21,18446744073709538847,18446744073709547464,7,0,0,0,0,0,0,0,0,147,147,18446744073702385120,8,1948,0,0,1,6,18446744073709546387,18446744073709551030,18446744073709551030,277,8,1,1,11090425736916188940,0,0,7,232160342240435425,0,1,1,0
PAWN_AUDIT_RESULT,1010,4,4,189,0,0,189,0,0,0,0,0
PAWN_AUDIT_ENTRY,1011,11895457333847019523,646526686638283049,8487060925824988417,7460215955979557136,259,268,269,265,13,12,3,22,18446744073709537085,18446744073709548128,7,0,0,0,0,0,0,0,0,147,147,18446744073702385120,8,1949,0,0,1,6,18446744073709545586,18446744073709551030,18446744073709551030,277,8,1,1,11090425736916188940,0,0,7,232160342240435425,0,1,1,0
PAWN_AUDIT_RESULT,1011,3,3,155,0,0,155,0,0,0,0,0
PAWN_AUDIT_ENTRY,1012,646526686638283049,9067209529678089288,8487060925824988417,18101412331177035868,346,268,269,265,13,12,4,23,18446744073709539713,18446744073709546164,7,0,0,0,0,0,0,0,0,147,147,18446744073702385120,8,1950,0,0,1,3,18446744073709546781,18446744073709551030,18446744073709551030,277,8,1,1,11090425736916188940,0,0,7,232160342240435425,0,1,1,0
PAWN_AUDIT_RESULT,1012,4,4,140,0,0,140,0,0,0,0,0
PAWN_AUDIT_ENTRY,1013,9067209529678089288,15162314027189931304,8487060925824988417,409224334337056441,269,268,269,265,13,12,3,24,18446744073709537387,18446744073709546819,7,0,0,0,0,0,0,0,0,147,147,18446744073702385120,8,1951,0,0,1,6,18446744073709545723,18446744073709551030,18446744073709551030,277,8,1,1,11090425736916188940,0,0,7,232160342240435425,0,1,1,0
PAWN_AUDIT_RESULT,1013,3,3,172,0,0,172,0,0,0,0,0
PAWN_AUDIT_ENTRY,1014,15162314027189931304,4054633329532747990,8487060925824988417,15462822455897035509,268,268,269,265,13,12,3,25,18446744073709536934,18446744073709546919,7,0,0,0,0,0,0,0,0,147,147,18446744073702385120,8,1952,0,0,1,6,18446744073709545517,18446744073709551030,18446744073709551030,277,8,1,1,11090425736916188940,0,0,7,232160342240435425,0,1,1,0
PAWN_AUDIT_RESULT,1014,3,3,147,0,0,147,0,0,0,0,0
PAWN_AUDIT_ENTRY,1048,15005220613530976451,11327272594495003132,13160803970608191804,2904915219690872816,332,268,269,266,10,9,7,16,18446744073709542652,18446744073709547958,5,0,0,0,0,1,0,0,0,162,162,18446744073702385120,8,2043,0,0,1,3,18446744073709548117,18446744073709551030,18446744073709551030,277,11,1,1,11090425736916188940,0,0,5,5559326230492811445,0,1,1,0
PAWN_AUDIT_RESULT,1048,7,7,238,0,0,238,0,11,11,0,0
PAWN_AUDIT_ENTRY,1049,11327272594495003132,9636597678709124116,13160803970608191804,6902797941496196570,918,268,269,266,10,9,6,17,18446744073709537140,18446744073709550278,5,0,0,0,0,1,0,0,0,162,162,18446744073702385120,8,2055,0,0,1,1,18446744073709545611,18446744073709551030,18446744073709551030,277,11,1,1,11090425736916188940,0,0,5,5559326230492811445,0,0,1,0
PAWN_AUDIT_RESULT,1049,6,6,194,0,0,194,0,0,0,0,0
PAWN_AUDIT_ENTRY,1050,9636597678709124116,10597165617136307815,13160803970608191804,8444236076740716080,1033,268,269,266,10,9,7,18,18446744073709541662,18446744073709548215,5,0,0,0,0,1,0,0,0,162,162,18446744073702385120,8,2056,0,0,1,3,18446744073709547667,18446744073709551030,18446744073709551030,277,11,1,1,11090425736916188940,0,0,5,5559326230492811445,0,1,1,0
PAWN_AUDIT_RESULT,1050,7,7,165,0,0,165,0,5,5,0,0
PAWN_AUDIT_ENTRY,1051,10597165617136307815,16213175640504225995,13160803970608191804,18178477541431721728,1026,268,269,266,10,9,7,19,18446744073709539799,18446744073709548874,5,0,0,0,0,1,0,0,0,162,162,18446744073702385120,8,2062,0,0,1,3,18446744073709546820,18446744073709551030,18446744073709551030,277,11,1,1,11090425736916188940,0,0,5,5559326230492811445,0,1,1,0
PAWN_AUDIT_RESULT,1051,7,7,135,0,0,135,0,0,0,0,0
PAWN_AUDIT_ENTRY,1052,16213175640504225995,9352684663693714956,13160803970608191804,8735775629403116285,407,268,269,266,10,9,7,22,18446744073709538702,18446744073709548879,5,0,0,0,0,1,0,0,0,162,162,18446744073702385120,8,2063,0,0,1,2,18446744073709546321,18446744073709551030,18446744073709551030,277,11,1,1,11090425736916188940,0,0,5,5559326230492811445,0,1,1,0
PAWN_AUDIT_RESULT,1052,7,7,235,0,0,235,0,11,11,0,0
PAWN_AUDIT_ENTRY,1053,9352684663693714956,4307691133733564730,13160803970608191804,9994079788093215672,1058,268,269,266,10,9,7,24,18446744073709539799,18446744073709547758,5,0,0,0,0,1,0,0,0,162,162,18446744073702385120,8,2075,0,0,1,3,18446744073709546820,18446744073709551030,18446744073709551030,277,11,1,1,11090425736916188940,0,0,5,5559326230492811445,0,1,1,0
PAWN_AUDIT_RESULT,1053,7,7,127,0,0,127,0,0,0,0,0
PAWN_AUDIT_ENTRY,1067,4730941360226686230,17096124577801262666,2587697913703653912,8120491779032224562,82,268,269,268,9,8,6,15,18446744073709543850,18446744073709550730,3,0,0,0,0,1,0,0,0,134,134,18446744073705250252,8,2110,0,0,0,2,18446744073709548662,18446744073709551030,18446744073709551030,277,10,1,1,11090425736916188940,3,0,3,1356371177445769637,0,4,1,0
PAWN_AUDIT_RESULT,1067,6,6,69,0,0,69,0,0,0,0,0
PAWN_AUDIT_ENTRY,1221,9359972909785335668,13229943019220169359,3376993920384726814,9831617947895760805,339,252,253,208,6,5,3,2,18446744073709548226,1994,7,0,0,0,0,0,0,0,0,206,206,18446744073709231642,10,2433,0,0,0,3,18446744073709551012,18446744073709551030,18446744073709550288,206,0,1,1,11058898975780255249,2,0,7,15693636323418742054,0,3,1,0
PAWN_AUDIT_RESULT,1221,3,3,230,0,0,230,0,0,0,0,0
PAWN_AUDIT_ENTRY,1222,13229943019220169359,11101576354641905820,3376993920384726814,2370723558878648397,405,252,253,230,6,5,2,3,18446744073709547507,2284,7,0,0,0,0,0,0,0,0,206,206,18446744073709231642,10,2434,0,0,0,2,18446744073709550036,18446744073709551151,18446744073709551500,206,0,1,1,11058898975780255249,2,0,7,15693636323418742054,0,3,1,0
PAWN_AUDIT_RESULT,1222,2,2,237,0,0,237,0,14,14,0,0
PAWN_AUDIT_ENTRY,1231,553881409974159926,6688419960659533595,3376993920384726814,6205430153298154968,725,252,253,237,6,5,1,5,18446744073709544333,2922,7,0,0,0,0,0,0,0,0,206,206,18446744073709231642,10,2449,0,0,0,2,18446744073709548593,18446744073709551151,18446744073709551500,206,0,1,1,11058898975780255249,2,0,7,15693636323418742054,0,3,1,0
PAWN_AUDIT_RESULT,1231,1,1,200,0,0,200,0,0,0,0,0
PAWN_AUDIT_ENTRY,1232,6688419960659533595,10286332908906745523,3376993920384726814,12336570835690489833,705,252,253,237,6,5,1,6,18446744073709544136,18446744073709548310,7,0,0,0,0,0,0,0,0,206,206,18446744073709231642,10,2450,0,0,0,2,18446744073709548792,18446744073709551030,18446744073709551030,206,0,1,1,11058898975780255249,2,0,7,15693636323418742054,0,3,1,0
PAWN_AUDIT_RESULT,1232,1,1,-1,0,0,-1,0,0,0,0,0
PAWN_AUDIT_ENTRY,1233,10286332908906745523,8256165565554898128,3376993920384726814,13474018354274053704,396,252,253,237,6,5,2,7,18446744073709547342,18446744073709550295,7,0,0,0,0,0,0,0,0,206,206,18446744073709231642,10,2451,0,0,0,2,18446744073709550844,18446744073709550743,18446744073709550101,206,0,1,1,11058898975780255249,2,0,7,15693636323418742054,0,3,1,0
PAWN_AUDIT_RESULT,1233,2,2,213,0,0,213,0,0,0,0,0
PAWN_AUDIT_ENTRY,1234,8256165565554898128,2806578425186868095,3376993920384726814,12693882011694494162,332,252,253,237,6,5,1,8,18446744073709541409,18446744073709550090,7,0,0,0,0,0,0,0,0,206,206,18446744073709231642,10,2452,0,0,0,3,18446744073709547552,18446744073709551030,18446744073709551030,206,0,1,1,11058898975780255249,2,0,7,15693636323418742054,0,3,1,0
PAWN_AUDIT_RESULT,1234,1,1,229,0,0,229,0,0,0,0,0
PAWN_AUDIT_ENTRY,1235,2806578425186868095,15187499044505565288,3376993920384726814,11111872916286937831,1,252,253,237,6,5,1,9,18446744073709543216,18446744073709549063,7,0,0,0,0,0,0,0,0,206,206,18446744073709231642,10,2453,0,0,0,4,18446744073709548665,18446744073709551030,18446744073709550430,206,0,1,1,11058898975780255249,2,0,7,15693636323418742054,0,3,1,0
PAWN_AUDIT_RESULT,1235,1,1,200,0,0,200,0,0,0,0,0
PAWN_AUDIT_ENTRY,1236,15187499044505565288,15829896133409658999,3376993920384726814,522769721125909986,137,252,253,237,6,5,1,10,18446744073709540834,18446744073709550114,7,0,0,0,0,0,0,0,0,206,206,18446744073709231642,10,2454,0,0,0,3,18446744073709546852,18446744073709551030,318,206,0,1,1,11058898975780255249,2,0,7,15693636323418742054,0,3,1,0
PAWN_AUDIT_RESULT,1236,1,1,225,0,0,225,0,0,0,0,0
PAWN_AUDIT_ENTRY,1243,8230433555002378388,7835008160004606672,9919432500339159536,9769180455933697699,405,252,253,217,6,5,2,3,18446744073709550412,2235,7,0,0,0,0,0,0,0,0,176,176,18446744073709203104,10,2465,0,0,0,2,18446744073709551585,18446744073709551151,18446744073709551030,185,1,1,1,11058898975780255249,2,0,7,9133131062418594760,0,3,1,0
PAWN_AUDIT_RESULT,1243,2,2,237,0,0,237,0,5,5,0,0
PAWN_AUDIT_ENTRY,1244,7835008160004606672,16513220124690495141,9919432500339159536,10728559104857629602,736,252,253,237,6,5,1,4,18446744073709550340,18446744073709550278,7,0,0,0,0,0,0,0,0,176,176,18446744073709203104,10,2471,0,0,0,3,18446744073709551613,18446744073709551030,18446744073709551030,185,1,1,1,11058898975780255249,2,0,7,9133131062418594760,0,3,1,0
PAWN_AUDIT_RESULT,1244,1,1,165,0,0,165,0,0,0,0,0
PAWN_AUDIT_ENTRY,1246,11988431543684862216,13959688547661256223,9919432500339159536,12336570835690489833,706,252,253,237,6,5,1,6,18446744073709550340,18446744073709548874,7,0,0,0,0,0,0,0,0,176,176,18446744073709203104,10,2473,0,0,0,3,18446744073709551613,18446744073709551030,18446744073709551030,185,1,1,1,11058898975780255249,2,0,7,9133131062418594760,0,3,1,0
PAWN_AUDIT_RESULT,1246,1,1,1,0,0,1,0,0,0,0,0
PAWN_AUDIT_ENTRY,1247,13959688547661256223,11101531240593202923,9919432500339159536,2128176325328398502,396,252,253,237,6,5,1,8,18446744073709549079,18446744073709550251,7,0,0,0,0,0,0,0,0,176,176,18446744073709203104,10,2474,0,0,0,2,18446744073709551183,18446744073709550743,18446744073709551030,185,1,1,1,11058898975780255249,2,0,7,9133131062418594760,0,3,1,0
PAWN_AUDIT_RESULT,1247,1,1,200,0,0,200,0,0,0,0,0
PAWN_AUDIT_ENTRY,1248,11101531240593202923,10112002141028409250,9919432500339159536,4483479645329232166,722,252,253,237,6,5,1,9,18446744073709547219,18446744073709548874,7,0,0,0,0,0,0,0,0,176,176,18446744073709203104,10,2475,0,0,0,3,18446744073709550194,18446744073709551030,18446744073709551030,185,1,1,1,11058898975780255249,2,0,7,9133131062418594760,0,3,1,0
PAWN_AUDIT_RESULT,1248,1,1,174,0,0,174,0,0,0,0,0
PAWN_AUDIT_ENTRY,1249,10112002141028409250,6640234265640693078,9919432500339159536,2175362858109133084,724,252,253,237,6,5,1,10,18446744073709547219,18446744073709548874,7,0,0,0,0,0,0,0,0,176,176,18446744073709203104,10,2476,0,0,0,3,18446744073709550194,18446744073709551030,18446744073709551030,185,1,1,1,11058898975780255249,2,0,7,9133131062418594760,0,3,1,0
PAWN_AUDIT_RESULT,1249,1,1,178,0,0,178,0,0,0,0,0
PAWN_AUDIT_ENTRY,1250,6640234265640693078,2757583346960962755,9919432500339159536,17377683091045911546,733,252,253,237,6,5,1,11,18446744073709547219,18446744073709548874,7,0,0,0,0,0,0,0,0,176,176,18446744073709203104,10,2477,0,0,0,3,18446744073709550194,18446744073709551030,18446744073709551030,185,1,1,1,11058898975780255249,2,0,7,9133131062418594760,0,3,1,0
PAWN_AUDIT_RESULT,1250,1,1,161,0,0,161,0,0,0,0,0
PAWN_AUDIT_ENTRY,1251,2757583346960962755,7270809060622382162,9919432500339159536,1683259078161479484,332,252,253,237,6,5,1,12,18446744073709542999,18446744073709550737,7,0,0,0,0,0,0,0,0,176,176,18446744073709203104,10,2478,0,0,0,3,18446744073709548275,18446744073709551030,18446744073709551030,185,1,1,1,11058898975780255249,2,0,7,9133131062418594760,0,3,1,0
PAWN_AUDIT_RESULT,1251,1,1,214,0,0,214,0,0,0,0,0
PAWN_AUDIT_ENTRY,1252,7270809060622382162,14283412419841528088,6639375479287803345,18054472034571951466,339,252,253,251,8,7,5,3,18446744073709550410,2427,5,0,0,0,0,1,0,0,0,182,182,18446744073703513947,10,2479,0,0,1,3,1060,18446744073709550069,18446744073709549895,218,2,1,1,11058898975780255249,0,0,5,3344241086879667171,0,1,1,0
PAWN_AUDIT_RESULT,1252,5,5,249,0,0,249,0,19,19,0,0
PAWN_AUDIT_ENTRY,1262,1383276825279201118,4961757785200686775,6639375479287803345,5915533371610530434,405,252,253,251,8,7,4,4,18446744073709550658,3785,5,0,0,0,0,1,0,0,0,182,182,18446744073703513947,10,2499,0,0,1,2,2297,18446744073709548723,18446744073709548966,218,2,1,1,11058898975780255249,0,0,5,3344241086879667171,0,1,1,0
PAWN_AUDIT_ENTRY,1287,5727836927019878257,6388028799545525765,5915533371610530434,14851142927714795853,3899,18446744073709551363,18446744073709551364,18446744073709551360,6,5,1,4,18446744073709540779,18446744073709549445,6,0,1,0,0,1,0,3929,0,18446744073709551360,18446744073709551371,471067,10,2539,0,0,0,14,18446744073709547582,18446744073709550875,18446744073709550538,18446744073709551360,5,1,1,11058898975780255249,1,0,6,6639375479287803345,0,2,1,0
PAWN_AUDIT_RESULT,1287,1,1,-265,0,0,-265,0,0,0,0,0
PAWN_AUDIT_ENTRY,1288,6388028799545525765,8546497772334314959,5915533371610530434,6906110077555194172,3892,18446744073709551363,18446744073709551364,18446744073709551360,6,5,1,5,18446744073709543186,18446744073709550808,6,0,1,0,0,1,0,3929,0,18446744073709551360,18446744073709551371,471067,10,2540,0,0,0,14,18446744073709546353,2747,116,18446744073709551360,5,1,1,11058898975780255249,1,0,6,6639375479287803345,0,2,1,0
PAWN_AUDIT_RESULT,1288,1,1,-347,0,0,-347,0,0,0,0,0
PAWN_AUDIT_ENTRY,1289,8546497772334314959,15101782807142321051,5915533371610530434,11985168378118749069,3947,18446744073709551363,18446744073709551364,18446744073709551360,6,5,1,7,18446744073709542179,18446744073709549354,6,0,1,0,0,1,0,3929,0,18446744073709551360,18446744073709551371,471067,10,2541,0,0,0,11,18446744073709547902,18446744073709551030,18446744073709551030,18446744073709551360,5,1,1,11058898975780255249,1,0,6,6639375479287803345,0,2,1,0
PAWN_AUDIT_RESULT,1289,1,1,-283,0,0,-283,0,0,0,0,0
PAWN_AUDIT_ENTRY,1290,15101782807142321051,8899775099173874617,5915533371610530434,10528086867199578087,4020,18446744073709551363,18446744073709551364,18446744073709551360,6,5,1,8,18446744073709541017,18446744073709549924,6,0,1,0,0,1,0,3929,0,18446744073709551360,18446744073709551371,471067,10,2542,0,0,0,10,18446744073709547974,18446744073709550383,18446744073709550460,18446744073709551360,5,1,1,11058898975780255249,1,0,6,6639375479287803345,0,2,1,0
PAWN_AUDIT_RESULT,1290,1,1,-263,0,0,-263,0,0,0,0,0
PAWN_AUDIT_ENTRY,1291,8899775099173874617,472560556541828902,5915533371610530434,7308461400123551808,3891,18446744073709551363,18446744073709551364,18446744073709551360,6,5,1,9,18446744073709544714,18446744073709547581,6,0,1,0,0,1,0,3929,0,18446744073709551360,18446744073709551371,471067,10,2543,0,0,0,14,18446744073709549055,18446744073709551030,18446744073709551030,18446744073709551360,5,1,1,11058898975780255249,1,0,6,6639375479287803345,0,2,1,0
PAWN_AUDIT_RESULT,1291,1,1,-315,0,0,-315,0,0,0,0,0
PAWN_AUDIT_ENTRY,1292,472560556541828902,1850298716998019756,5915533371610530434,5083782117207047573,2917,18446744073709551363,18446744073709551364,18446744073709551360,6,5,1,10,18446744073709538356,18446744073709549718,6,0,1,0,0,1,0,3929,0,18446744073709551360,18446744073709551371,471067,10,2544,0,0,0,9,18446744073709546715,18446744073709550302,18446744073709550644,18446744073709551360,5,1,1,11058898975780255249,1,0,6,6639375479287803345,0,0,1,0
PAWN_AUDIT_RESULT,1292,1,1,-297,0,0,-297,0,0,0,0,0
PAWN_AUDIT_ENTRY,1293,1850298716998019756,7741906085383128498,5915533371610530434,130899006346976046,3112,18446744073709551363,18446744073709551364,18446744073709551360,6,5,1,11,18446744073709537371,18446744073709550278,6,0,1,0,0,1,0,3929,0,18446744073709551360,18446744073709551371,471067,10,2545,0,0,0,9,18446744073709545716,18446744073709551030,18446744073709551030,18446744073709551360,5,1,1,11058898975780255249,1,0,6,6639375479287803345,0,0,1,0
PAWN_AUDIT_RESULT,1293,1,1,-285,0,0,-285,0,0,0,0,0
PAWN_AUDIT_ENTRY,1294,7741906085383128498,14000748430518300265,5915533371610530434,2342209132018761971,3567,18446744073709551363,18446744073709551364,18446744073709551360,6,5,1,12,18446744073709537228,18446744073709550278,6,0,1,0,0,1,0,3929,0,18446744073709551360,18446744073709551371,471067,10,2546,0,0,0,9,18446744073709545651,18446744073709551030,18446744073709551030,18446744073709551360,5,1,1,11058898975780255249,1,0,6,6639375479287803345,0,0,1,0
PAWN_AUDIT_RESULT,1294,1,1,-303,0,0,-303,0,0,0,0,0
PAWN_AUDIT_ENTRY,1295,14000748430518300265,1055823942241253455,5915533371610530434,9571892968582237042,3893,18446744073709551363,18446744073709551364,18446744073709551360,6,5,1,13,18446744073709540808,18446744073709548964,6,0,1,0,0,1,0,3929,0,18446744073709551360,18446744073709551371,471067,10,2547,0,0,0,14,18446744073709548141,18446744073709549878,18446744073709550440,18446744073709551360,5,1,1,11058898975780255249,1,0,6,6639375479287803345,0,2,1,0
PAWN_AUDIT_RESULT,1295,1,1,-328,0,0,-328,0,0,0,0,0
PAWN_AUDIT_ENTRY,1296,1055823942241253455,16320543858461677092,5915533371610530434,8488325069239363958,3763,18446744073709551363,18446744073709551364,18446744073709551360,6,5,1,15,18446744073709540698,18446744073709548954,6,0,1,0,0,1,0,3929,0,18446744073709551360,18446744073709551371,471067,10,2548,0,0,0,11,18446744073709548016,18446744073709550113,18446744073709550353,18446744073709551360,5,1,1,11058898975780255249,1,0,6,6639375479287803345,0,2,1,0
PAWN_AUDIT_RESULT,1296,1,1,-282,0,0,-282,0,0,0,0,0
PAWN_AUDIT_RESULT,1262,4,4,256,1,6,256,0,29,49,1,1
PAWN_AUDIT_ENTRY,1304,13856735085413982817,15029111782831684835,877648992534693744,8706320579420132738,2868,252,253,236,7,6,4,2,18446744073709550340,18446744073709550278,5,0,0,0,0,1,0,0,0,228,228,18446744073706441765,10,2566,0,0,0,1,18446744073709551613,18446744073709551030,18446744073709551030,251,5,1,1,14516473580057910448,0,0,5,3344241086879667171,0,0,1,0
PAWN_AUDIT_RESULT,1304,4,4,246,0,0,246,0,3,3,0,0
PAWN_AUDIT_ENTRY,1306,18230101323887880360,12739269826156632916,877648992534693744,10956733708928081446,396,252,253,246,7,6,3,3,18446744073709550922,18446744073709551094,5,0,0,0,0,1,0,0,0,228,228,18446744073706441765,10,2570,0,0,0,2,652,18446744073709551030,18446744073709550226,251,5,1,1,14516473580057910448,0,0,5,3344241086879667171,0,1,1,0
PAWN_AUDIT_RESULT,1306,3,3,241,0,0,241,0,3,3,0,0
PAWN_AUDIT_ENTRY,1308,10255684501274118294,3023130000714643653,877648992534693744,5101581542498525516,144,252,253,249,7,6,2,5,18446744073709546057,18446744073709550519,5,0,0,0,0,1,0,0,0,228,228,18446744073706441765,10,2582,0,0,0,3,18446744073709549836,18446744073709550689,18446744073709551030,251,5,1,1,14516473580057910448,0,0,5,3344241086879667171,0,1,1,0
PAWN_AUDIT_RESULT,1308,2,2,198,0,0,198,0,2,2,0,0
PAWN_AUDIT_ENTRY,1309,3023130000714643653,16196271221198333563,877648992534693744,12286835050301061067,339,252,253,249,7,6,2,6,18446744073709547336,204,5,0,0,0,0,1,0,0,0,228,228,18446744073706441765,10,2585,0,0,0,3,18446744073709551144,18446744073709551030,18446744073709549182,251,5,1,1,14516473580057910448,0,0,5,3344241086879667171,0,1,1,0
PAWN_AUDIT_RESULT,1309,2,2,206,0,0,206,0,4,4,0,0
PAWN_AUDIT_ENTRY,1312,7743180607426636321,9446999930030605800,877648992534693744,10581996090744668604,332,252,253,249,7,6,2,7,18446744073709544534,18446744073709550474,5,0,0,0,0,1,0,0,0,228,228,18446744073706441765,10,2590,0,0,0,3,18446744073709548973,18446744073709551030,18446744073709551030,251,5,1,1,14516473580057910448,0,0,5,3344241086879667171,0,1,1,0
PAWN_AUDIT_RESULT,1312,2,2,207,0,0,207,0,2,2,0,0
PAWN_AUDIT_ENTRY,1319,8339192411974930388,9401417823812619701,877648992534693744,2716294296556258700,137,252,253,252,7,6,1,9,18446744073709540911,18446744073709550278,5,0,0,0,0,1,0,0,0,228,228,18446744073706441765,10,2606,0,0,0,3,18446744073709547437,18446744073709550807,18446744073709551030,251,5,1,1,14516473580057910448,0,0,5,3344241086879667171,0,1,1,0
PAWN_AUDIT_RESULT,1319,1,1,215,0,0,215,0,0,0,0,0
PAWN_AUDIT_ENTRY,1320,9401417823812619701,14522547130862755246,877648992534693744,17782052858206933167,157,252,253,252,7,6,1,10,18446744073709540648,18446744073709550278,5,0,0,0,0,1,0,0,0,228,228,18446744073706441765,10,2607,0,0,0,3,18446744073709547206,18446744073709551030,18446744073709551030,251,5,1,1,14516473580057910448,0,0,5,3344241086879667171,0,1,1,0
PAWN_AUDIT_RESULT,1320,1,1,213,0,0,213,0,0,0,0,0
PAWN_AUDIT_ENTRY,1321,14522547130862755246,7929459536452548724,877648992534693744,3364931668835709289,139,252,253,252,7,6,1,18,18446744073709541479,18446744073709550278,5,0,0,0,0,1,0,0,0,228,228,18446744073706441765,10,2608,0,0,0,3,18446744073709548498,18446744073709550884,18446744073709549297,251,5,1,1,14516473580057910448,0,0,5,3344241086879667171,0,1,1,0
PAWN_AUDIT_RESULT,1321,1,1,218,0,0,218,0,0,0,0,0
PAWN_AUDIT_ENTRY,1322,7929459536452548724,2047493787181810273,877648992534693744,9927968636963354503,75,252,253,252,7,6,1,21,18446744073709541720,18446744073709550278,5,0,0,0,0,1,0,0,0,228,228,18446744073706441765,10,2609,0,0,0,2,18446744073709548486,18446744073709550754,18446744073709549681,251,5,1,1,14516473580057910448,0,0,5,3344241086879667171,0,1,1,0
PAWN_AUDIT_RESULT,1322,1,1,227,0,0,227,0,0,0,0,0
PAWN_AUDIT_ENTRY,1327,14394680564031894609,3698025614921771545,6679908786637792460,18022948160385553527,339,252,253,252,10,9,7,5,18446744073709547853,18446744073709550099,3,0,0,0,0,1,0,0,0,94,94,18446744073695639763,10,2616,0,0,1,3,1337,18446744073709548707,18446744073709548332,218,4,1,1,11090425736916188940,0,0,3,3962983323243074868,0,1,1,0
PAWN_AUDIT_RESULT,1327,7,7,221,0,0,221,0,4,4,0,0
PAWN_AUDIT_ENTRY,1330,6397030294237149475,6732462320200958328,6679908786637792460,15662110352762967099,75,252,253,252,10,9,6,6,18446744073709540138,18446744073709548909,3,0,0,0,0,1,0,0,0,94,94,18446744073695639763,10,2621,0,0,1,2,18446744073709548722,18446744073709549040,18446744073709549479,218,4,1,1,11090425736916188940,0,0,3,3962983323243074868,0,1,1,0
PAWN_AUDIT_RESULT,1330,6,6,135,0,0,135,0,0,0,0,0
PAWN_AUDIT_ENTRY,1331,6732462320200958328,7532978101895762911,6679908786637792460,18347532056367449802,536,252,253,252,10,9,6,7,18446744073709539309,18446744073709550278,3,0,0,0,0,1,0,0,0,94,94,18446744073695639763,10,2622,0,0,1,1,18446744073709546597,18446744073709551030,18446744073709551030,218,4,1,1,11090425736916188940,0,0,3,3962983323243074868,0,0,1,0
PAWN_AUDIT_RESULT,1331,6,6,180,0,0,180,0,0,0,0,0
PAWN_AUDIT_ENTRY,1335,16147640701800051301,5526616729438217971,6679908786637792460,13858722869879269741,983,252,253,252,10,9,6,9,18446744073709538728,18446744073709550278,3,0,0,0,0,1,0,0,0,94,94,18446744073695639763,10,2630,0,0,1,1,18446744073709546333,18446744073709551030,18446744073709551030,218,4,1,1,11090425736916188940,0,0,3,3962983323243074868,0,0,1,0
PAWN_AUDIT_RESULT,1335,6,6,170,0,0,170,0,0,0,0,0
PAWN_AUDIT_ENTRY,1336,5526616729438217971,14211363436359432926,6679908786637792460,9092599679214342869,139,252,253,252,10,9,6,10,18446744073709540357,18446744073709550273,3,0,0,0,0,1,0,0,0,94,94,18446744073695639763,10,2631,0,0,1,3,18446744073709548429,18446744073709550014,18446744073709549284,218,4,1,1,11090425736916188940,0,0,3,3962983323243074868,0,1,1,0
PAWN_AUDIT_RESULT,1336,6,6,218,0,0,218,0,1,1,0,0
PAWN_AUDIT_ENTRY,1337,14211363436359432926,16039001663289356441,6679908786637792460,9239683855512570918,991,252,253,252,10,9,5,11,18446744073709538620,18446744073709550278,3,0,0,0,0,1,0,0,0,94,94,18446744073695639763,10,2633,0,0,1,1,18446744073709546284,18446744073709551030,18446744073709551030,218,4,1,1,11090425736916188940,0,0,3,3962983323243074868,0,0,1,0
PAWN_AUDIT_RESULT,1337,5,5,170,0,0,170,0,0,0,0,0
PAWN_AUDIT_ENTRY,1338,16039001663289356441,6934291622609490713,6679908786637792460,1147111767599420902,82,252,253,252,10,9,6,12,18446744073709546993,18446744073709549689,3,0,0,0,0,1,0,0,0,94,94,18446744073695639763,10,2634,0,0,1,2,1132,18446744073709548021,18446744073709548656,218,4,1,1,11090425736916188940,0,0,3,3962983323243074868,0,1,1,0
PAWN_AUDIT_RESULT,1338,6,6,177,0,0,177,0,4,4,0,0
PAWN_AUDIT_ENTRY,1339,6934291622609490713,7878392256055856294,6679908786637792460,13380413846118404856,666,252,253,252,10,9,5,13,18446744073709538291,18446744073709550278,3,0,0,0,0,1,0,0,0,94,94,18446744073695639763,10,2639,0,0,1,1,18446744073709546134,18446744073709551030,18446744073709551030,218,4,1,1,11090425736916188940,0,0,3,3962983323243074868,0,0,1,0
PAWN_AUDIT_RESULT,1339,5,5,178,0,0,178,0,0,0,0,0
PAWN_AUDIT_ENTRY,1340,7878392256055856294,121998759837327880,6679908786637792460,11987261015800165139,157,252,253,252,10,9,5,14,18446744073709540413,18446744073709549128,3,0,0,0,0,1,0,0,0,94,94,18446744073695639763,10,2640,0,0,1,3,18446744073709547099,18446744073709551030,18446744073709551030,218,4,1,1,11090425736916188940,0,0,3,3962983323243074868,0,1,1,0
PAWN_AUDIT_RESULT,1340,5,5,158,0,0,158,0,0,0,0,0
PAWN_AUDIT_ENTRY,1341,121998759837327880,1388921144499002056,6679908786637792460,13999168813399302656,332,252,253,252,10,9,6,19,18446744073709544963,18446744073709547958,3,0,0,0,0,1,0,0,0,94,94,18446744073695639763,10,2641,0,0,1,3,18446744073709549168,18446744073709551030,18446744073709551030,218,4,1,1,11090425736916188940,0,0,3,3962983323243074868,0,1,1,0
PAWN_AUDIT_RESULT,1341,6,6,172,0,0,172,0,0,0,0,0
PAWN_AUDIT_ENTRY,1454,9108970974816791043,4187602471871972479,14158892069230358035,3704769604270670891,4015,18446744073709551369,18446744073709551370,18446744073709551367,6,5,1,6,18446744073709545607,18446744073709548793,6,0,1,0,0,1,0,3308,0,18446744073709551350,18446744073709551275,18446744073708020002,11,2827,0,0,1,10,18446744073709548417,18446744073709550339,2277,18446744073709551350,10,2,1,5460289079532033007,0,0,6,13160803970608191804,0,1,1,0
PAWN_AUDIT_RESULT,1454,1,1,-306,0,0,-306,0,0,0,0,0
PAWN_AUDIT_ENTRY,1455,4187602471871972479,6764994526350709835,14158892069230358035,14894335872623008818,3929,18446744073709551369,18446744073709551370,18446744073709551367,6,5,1,15,18446744073709539199,18446744073709549422,6,0,1,0,0,1,0,3308,1,18446744073709551350,18446744073709551275,18446744073708020002,11,2828,0,0,1,11,18446744073709547871,18446744073709549415,18446744073709549966,18446744073709551350,10,2,1,5460289079532033007,0,0,6,13160803970608191804,0,1,1,0
PAWN_AUDIT_RESULT,1455,1,1,-727,0,0,-727,0,1,1,0,0
PAWN_AUDIT_ENTRY,1484,13253724751870944679,10431091225430311607,6679908786637792460,3271965418693599543,658,259,260,259,11,10,8,3,18446744073709539586,150,3,0,0,0,0,1,0,0,0,116,116,18446744073698461017,11,2876,0,0,1,1,18446744073709546723,18446744073709551030,18446744073709551030,252,10,1,1,11090425736916188940,0,0,3,3962983323243074868,0,0,1,0
PAWN_AUDIT_RESULT,1484,8,8,234,0,0,234,0,0,0,0,0
PAWN_AUDIT_ENTRY,1506,6379119357606959992,15968837387075187737,2053951240038288960,6224930970846783612,144,259,260,259,9,8,4,3,18446744073709546856,18446744073709550278,7,0,0,0,0,0,0,0,0,18446744073709551582,18446744073709551582,1428855,11,2913,0,0,1,3,18446744073709550029,18446744073709551030,18446744073709551030,245,3,1,1,13343491483384136489,0,0,7,8706320579420132738,0,1,1,0
PAWN_AUDIT_RESULT,1506,4,4,126,0,0,126,0,0,0,0,0
PAWN_AUDIT_ENTRY,1507,15968837387075187737,778408779051196636,2053951240038288960,9845207019991258902,396,259,260,259,9,8,4,4,18446744073709547866,18446744073709551049,7,0,0,0,0,0,0,0,0,18446744073709551582,18446744073709551582,1428855,11,2914,0,0,1,2,18446744073709550488,18446744073709551030,18446744073709551030,245,3,1,1,13343491483384136489,0,0,7,8706320579420132738,0,1,1,0
PAWN_AUDIT_RESULT,1507,4,4,138,0,0,138,0,0,0,0,0
PAWN_AUDIT_ENTRY,1508,778408779051196636,8087874511543809590,2053951240038288960,13415251045420203771,339,259,260,259,9,8,4,5,18446744073709549025,18446744073709550278,7,0,0,0,0,0,0,0,0,18446744073709551582,18446744073709551582,1428855,11,2915,0,0,1,3,18446744073709551015,18446744073709551030,18446744073709551030,245,3,1,1,13343491483384136489,0,0,7,8706320579420132738,0,1,1,0
PAWN_AUDIT_RESULT,1508,4,4,151,0,0,151,0,0,0,0,0
PAWN_AUDIT_ENTRY,1509,8087874511543809590,7755405092327686504,2053951240038288960,11054131471288467127,75,259,260,259,9,8,3,6,18446744073709545862,18446744073709549857,7,0,0,0,0,0,0,0,0,18446744073709551582,18446744073709551582,1428855,11,2916,0,0,1,2,18446744073709549577,18446744073709551030,18446744073709551030,245,3,1,1,13343491483384136489,0,0,7,8706320579420132738,0,1,1,0
PAWN_AUDIT_RESULT,1509,3,3,150,0,0,150,0,0,0,0,0
PAWN_AUDIT_ENTRY,1515,16550657441723246457,8050081521569445387,8003662446414037144,14537385315580342307,339,259,260,233,8,7,3,5,18446744073709548827,204,7,0,0,0,0,0,0,0,0,18446744073709551272,18446744073709551272,18446744073709113487,11,2931,0,0,1,3,18446744073709551611,18446744073709551030,18446744073709549617,172,0,1,1,14516473580057910448,0,0,7,5101581542498525516,0,1,1,0
PAWN_AUDIT_RESULT,1515,3,3,-465,0,0,-465,0,0,0,0,0
PAWN_AUDIT_ENTRY,1517,259099406078567595,16798616418695847238,877648992534693744,12286835050301061067,339,259,260,259,11,10,7,4,18446744073709544736,18446744073709550102,5,0,0,0,0,1,0,0,0,230,230,18446744073706741087,11,2933,0,0,0,3,18446744073709550192,18446744073709551030,18446744073709548708,252,7,1,1,14516473580057910448,0,0,5,3344241086879667171,0,1,1,0
PAWN_AUDIT_ENTRY,1518,16798616418695847238,3171186970117089331,13542556173083886956,13099613995856538175,405,259,260,222,7,6,3,2,18446744073709549962,18446744073709550296,7,0,0,0,0,0,0,0,0,94,94,634712,11,2938,0,0,1,2,18446744073709551577,18446744073709551030,18446744073709550750,191,2,1,1,13343491483384136489,0,0,7,12286835050301061067,0,1,1,0
PAWN_AUDIT_RESULT,1518,3,3,190,0,0,190,0,0,0,0,0
PAWN_AUDIT_ENTRY,1519,3171186970117089331,8790685494315075302,13542556173083886956,2115919334494811607,1221,259,260,222,7,6,2,3,18446744073709547219,18446744073709550278,7,0,0,0,0,0,0,0,0,94,94,634712,11,2939,0,0,1,3,18446744073709550194,18446744073709551030,18446744073709551030,191,2,1,1,13343491483384136489,0,0,7,12286835050301061067,0,1,1,0
PAWN_AUDIT_RESULT,1519,2,2,126,0,0,126,0,0,0,0,0
PAWN_AUDIT_ENTRY,1520,8790685494315075302,8223558712394601528,13542556173083886956,17371139606608782160,144,259,260,222,7,6,2,4,18446744073709547200,18446744073709550060,7,0,0,0,0,0,0,0,0,94,94,634712,11,2940,0,0,1,3,18446744073709550185,18446744073709551030,18446744073709551030,191,2,1,1,13343491483384136489,0,0,7,12286835050301061067,0,1,1,0
PAWN_AUDIT_RESULT,1520,2,2,176,0,0,176,0,0,0,0,0
PAWN_AUDIT_ENTRY,1521,8223558712394601528,18242608234723090525,13542556173083886956,8162689234781678535,261,259,260,222,7,6,2,5,18446744073709546036,18446744073709550278,7,0,0,0,0,0,0,0,0,94,94,634712,11,2941,0,0,1,6,18446744073709549656,18446744073709551030,18446744073709551030,191,2,1,1,13343491483384136489,0,0,7,12286835050301061067,0,1,1,0
PAWN_AUDIT_RESULT,1521,2,2,143,0,0,143,0,0,0,0,0
PAWN_AUDIT_ENTRY,1522,18242608234723090525,15200252364169725838,13542556173083886956,3445527821391633466,396,259,260,222,7,6,2,6,18446744073709548200,18446744073709551215,7,0,0,0,0,0,0,0,0,94,94,634712,11,2942,0,0,1,2,18446744073709550640,18446744073709551030,18446744073709551030,191,2,1,1,13343491483384136489,0,0,7,12286835050301061067,0,1,1,0
PAWN_AUDIT_RESULT,1522,2,2,197,0,0,197,0,0,0,0,0
PAWN_AUDIT_ENTRY,1523,15200252364169725838,241209556736100915,13542556173083886956,4474854898417644955,75,259,260,222,7,6,1,7,18446744073709545741,18446744073709550599,7,0,0,0,0,0,0,0,0,94,94,634712,11,2943,0,0,1,2,18446744073709550240,18446744073709551030,18446744073709549550,191,2,1,1,13343491483384136489,0,0,7,12286835050301061067,0,1,1,0
PAWN_AUDIT_RESULT,1523,1,1,195,0,0,195,0,0,0,0,0
PAWN_AUDIT_ENTRY,1524,241209556736100915,1603415905186784244,13542556173083886956,2548093679531321559,1228,259,260,222,7,6,1,8,18446744073709545440,18446744073709549103,7,0,0,0,0,0,0,0,0,94,94,634712,11,2944,0,0,1,3,18446744073709549385,18446744073709551030,18446744073709551030,191,2,1,1,13343491483384136489,0,0,7,12286835050301061067,0,1,1,0
PAWN_AUDIT_RESULT,1524,1,1,140,0,0,140,0,0,0,0,0
PAWN_AUDIT_RESULT,1517,7,7,258,0,0,258,0,12,12,0,0
PAWN_AUDIT_ENTRY,1526,15848102998044904813,16725787020414531970,877648992534693744,10956733708928081446,396,259,260,259,11,10,6,5,18446744073709548120,58,5,0,0,0,0,1,0,0,0,230,230,18446744073706741087,11,2946,0,0,0,2,18446744073709551289,18446744073709551030,18446744073709549618,252,7,1,1,14516473580057910448,0,0,5,3344241086879667171,0,1,1,0
PAWN_AUDIT_RESULT,1526,6,6,252,0,0,252,0,5,5,0,0
PAWN_AUDIT_ENTRY,1530,8771759824188395380,16393490978349661532,877648992534693744,10581996090744668604,332,259,260,259,11,10,5,6,18446744073709542686,18446744073709550138,5,0,0,0,0,1,0,0,0,230,230,18446744073706741087,11,2952,0,0,0,3,18446744073709548405,18446744073709551030,18446744073709550469,252,7,1,1,14516473580057910448,0,0,5,3344241086879667171,0,1,1,0
PAWN_AUDIT_RESULT,1530,5,5,224,0,0,224,0,10,10,0,0
PAWN_AUDIT_ENTRY,1541,8781361216869489884,4238260989683948670,14966065656059336170,11307048683473102016,82,259,260,234,6,5,1,4,18446744073709551495,1036,9,0,0,0,0,0,0,0,0,132,132,18446744073709380616,11,2984,0,0,0,2,522,18446744073709551030,18446744073709551030,132,0,1,1,9897406105434025940,2,0,9,1777963561207945008,0,3,1,0
PAWN_AUDIT_RESULT,1541,1,1,208,0,0,208,0,0,0,0,0
PAWN_AUDIT_ENTRY,1543,12498767179212485385,11801133393908041833,14966065656059336170,11177597434084357838,2117,259,260,234,6,5,1,6,18446744073709550340,18446744073709550278,9,0,0,0,0,0,0,0,0,132,132,18446744073709380616,11,2986,0,0,0,3,18446744073709551613,18446744073709551030,18446744073709551030,132,0,1,1,9897406105434025940,2,0,9,1777963561207945008,0,3,1,0
PAWN_AUDIT_RESULT,1543,1,1,-1,0,0,-1,0,0,0,0,0
PAWN_AUDIT_ENTRY,1544,11801133393908041833,13235089952583673560,14966065656059336170,16713346736906439064,2136,259,260,234,6,5,1,7,18446744073709550340,18446744073709550278,9,0,0,0,0,0,0,0,0,132,132,18446744073709380616,11,2987,0,0,0,3,18446744073709551613,18446744073709551030,18446744073709551030,132,0,1,1,9897406105434025940,2,0,9,1777963561207945008,0,3,1,0
PAWN_AUDIT_RESULT,1544,1,1,170,0,0,170,0,0,0,0,0
PAWN_AUDIT_ENTRY,1545,13235089952583673560,1444044436834921643,14966065656059336170,11332885679447334329,2131,259,260,234,6,5,1,8,18446744073709550340,18446744073709551215,9,0,0,0,0,0,0,0,0,132,132,18446744073709380616,11,2988,0,0,0,3,18446744073709551613,18446744073709551030,18446744073709551030,132,0,1,1,9897406105434025940,2,0,9,1777963561207945008,0,3,1,0
PAWN_AUDIT_RESULT,1545,1,1,173,0,0,173,0,0,0,0,0
PAWN_AUDIT_ENTRY,1546,1444044436834921643,11421280716034360333,14966065656059336170,11898274348726365134,2124,259,260,234,6,5,1,9,18446744073709550340,18446744073709550278,9,0,0,0,0,0,0,0,0,132,132,18446744073709380616,11,2989,0,0,0,3,18446744073709551613,18446744073709551030,18446744073709551030,132,0,1,1,9897406105434025940,2,0,9,1777963561207945008,0,3,1,0
PAWN_AUDIT_RESULT,1546,1,1,151,0,0,151,0,0,0,0,0
PAWN_AUDIT_ENTRY,1547,11421280716034360333,12443576604823003066,14966065656059336170,5357901125053768989,75,259,260,234,6,5,1,10,18446744073709548644,18446744073709550278,9,0,0,0,0,0,0,0,0,132,132,18446744073709380616,11,2990,0,0,0,2,18446744073709550842,18446744073709551030,18446744073709551030,132,0,1,1,9897406105434025940,2,0,9,1777963561207945008,0,3,1,0
PAWN_AUDIT_RESULT,1547,1,1,169,0,0,169,0,0,0,0,0
PAWN_AUDIT_ENTRY,1548,12443576604823003066,6464294118536855010,14966065656059336170,9606275940338758614,144,259,260,234,6,5,1,11,18446744073709547043,18446744073709550169,9,0,0,0,0,0,0,0,0,132,132,18446744073709380616,11,2991,0,0,0,3,18446744073709550114,18446744073709551030,18446744073709551030,132,0,1,1,9897406105434025940,2,0,9,1777963561207945008,0,3,1,0
PAWN_AUDIT_RESULT,1548,1,1,200,0,0,200,0,0,0,0,0
PAWN_AUDIT_ENTRY,1549,6464294118536855010,11814400485421739980,14966065656059336170,361771081166912321,261,259,260,234,6,5,1,12,18446744073709544277,18446744073709550278,9,0,0,0,0,0,0,0,0,132,132,18446744073709380616,11,2992,0,0,0,6,18446744073709548856,18446744073709551030,18446744073709551030,132,0,1,1,9897406105434025940,2,0,9,1777963561207945008,0,3,1,0
PAWN_AUDIT_RESULT,1549,1,1,143,0,0,143,0,0,0,0,0
PAWN_AUDIT_ENTRY,1564,17859241902531987399,6279598539577479559,5476501112106136596,495972957865955880,144,259,260,258,8,7,1,6,18446744073709547714,18446744073709550520,7,0,0,0,0,0,0,0,0,252,254,18446744073706879156,11,3019,0,0,1,3,18446744073709550419,18446744073709551030,18446744073709551030,252,3,1,1,9897406105434025940,0,0,7,11290633533732477293,0,1,1,0
PAWN_AUDIT_RESULT,1564,1,1,234,0,0,234,0,0,0,0,0
PAWN_AUDIT_ENTRY,1566,10543149666023141423,15758234334967890455,5476501112106136596,14549234266119062755,75,259,260,258,8,7,1,8,18446744073709547241,18446744073709549571,7,0,0,0,0,0,0,0,0,252,254,18446744073706879156,11,3024,0,0,1,2,18446744073709550204,18446744073709551030,18446744073709551030,252,3,1,1,9897406105434025940,0,0,7,11290633533732477293,0,1,1,0
PAWN_AUDIT_RESULT,1566,1,1,201,0,0,201,0,0,0,0,0
PAWN_AUDIT_ENTRY,1567,15758234334967890455,11961023262177876310,5476501112106136596,15200973403737830104,332,259,260,258,8,7,1,9,18446744073709543808,18446744073709549016,7,0,0,0,0,0,0,0,0,252,254,18446744073706879156,11,3025,0,0,1,3,18446744073709548643,18446744073709551030,18446744073709551030,252,3,1,1,9897406105434025940,0,0,7,11290633533732477293,0,1,1,0
PAWN_AUDIT_RESULT,1567,1,1,229,0,0,229,0,0,0,0,0
PAWN_AUDIT_ENTRY,1568,11961023262177876310,5184342254941297676,5476501112106136596,9484392124472278997,407,259,260,258,8,7,1,10,18446744073709540400,18446744073709550278,7,0,0,0,0,0,0,0,0,252,254,18446744073706879156,11,3026,0,0,1,2,18446744073709547093,18446744073709551030,18446744073709551030,252,3,1,1,9897406105434025940,0,0,7,11290633533732477293,0,1,1,0
PAWN_AUDIT_RESULT,1568,1,1,224,0,0,224,0,0,0,0,0
PAWN_AUDIT_ENTRY,1569,5184342254941297676,4747884510648709953,5476501112106136596,7321813819674293992,137,259,260,258,8,7,1,11,18446744073709540483,18446744073709550278,7,0,0,0,0,0,0,0,0,252,254,18446744073706879156,11,3027,0,0,1,3,18446744073709547131,18446744073709551030,18446744073709551030,252,3,1,1,9897406105434025940,0,0,7,11290633533732477293,0,1,1,0
PAWN_AUDIT_RESULT,1569,1,1,210,0,0,210,0,0,0,0,0
PAWN_AUDIT_ENTRY,1570,4747884510648709953,9392644854398267606,5476501112106136596,7970485286494175757,139,259,260,258,8,7,1,12,18446744073709543784,18446744073709550278,7,0,0,0,0,0,0,0,0,252,254,18446744073706879156,11,3028,0,0,1,3,18446744073709548686,18446744073709551030,18446744073709550919,252,3,1,1,9897406105434025940,0,0,7,11290633533732477293,0,1,1,0
PAWN_AUDIT_RESULT,1570,1,1,226,0,0,226,0,0,0,0,0
PAWN_AUDIT_ENTRY,1571,9392644854398267606,1093607840599800357,5476501112106136596,13180052011660895179,157,259,260,258,8,7,1,13,18446744073709539553,18446744073709550278,7,0,0,0,0,0,0,0,0,252,254,18446744073706879156,11,3029,0,0,1,3,18446744073709546708,18446744073709551030,18446744073709551030,252,3,1,1,9897406105434025940,0,0,7,11290633533732477293,0,1,1,0
PAWN_AUDIT_RESULT,1571,1,1,216,0,0,216,0,0,0,0,0
PAWN_AUDIT_ENTRY,1572,1093607840599800357,13142641009924677610,5476501112106136596,17162156234553398802,536,259,260,258,8,7,1,14,18446744073709539406,18446744073709550278,7,0,0,0,0,0,0,0,0,252,254,18446744073706879156,11,3030,0,0,1,1,18446744073709546641,18446744073709551030,18446744073709551030,252,3,1,1,9897406105434025940,0,0,7,11290633533732477293,0,0,1,0
PAWN_AUDIT_RESULT,1572,1,1,197,0,0,197,0,0,0,0,0
PAWN_AUDIT_ENTRY,1573,13142641009924677610,16306773644090772212,5476501112106136596,4457409344711455215,658,259,260,258,8,7,1,15,18446744073709539423,18446744073709550278,7,0,0,0,0,0,0,0,0,252,254,18446744073706879156,11,3031,0,0,1,1,18446744073709546649,18446744073709551030,18446744073709551030,252,3,1,1,9897406105434025940,0,0,7,11290633533732477293,0,0,1,0
PAWN_AUDIT_RESULT,1573,1,1,202,0,0,202,0,0,0,0,0
PAWN_AUDIT_ENTRY,1574,16306773644090772212,15089477954785383736,5476501112106136596,15053191726387444149,983,259,260,258,8,7,1,16,18446744073709538695,18446744073709550278,7,0,0,0,0,0,0,0,0,252,254,18446744073706879156,11,3032,0,0,1,1,18446744073709546318,18446744073709551030,18446744073709551030,252,3,1,1,9897406105434025940,0,0,7,11290633533732477293,0,0,1,0
PAWN_AUDIT_RESULT,1574,1,1,185,0,0,185,0,0,0,0,0
PAWN_AUDIT_ENTRY,1575,15089477954785383736,4593501378172906266,5476501112106136596,6481081410580810029,148,259,260,258,8,7,1,17,18446744073709538568,18446744073709550278,7,0,0,0,0,0,0,0,0,252,254,18446744073706879156,11,3033,0,0,1,3,18446744073709546260,18446744073709551030,18446744073709551030,252,3,1,1,9897406105434025940,0,0,7,11290633533732477293,0,1,1,0
PAWN_AUDIT_RESULT,1575,1,1,213,0,0,213,0,0,0,0,0
PAWN_AUDIT_ENTRY,1576,4593501378172906266,14176420152929942051,5476501112106136596,6791545534204581893,259,259,260,258,8,7,1,18,18446744073709538304,18446744073709550278,7,0,0,0,0,0,0,0,0,252,254,18446744073706879156,11,3034,0,0,1,6,18446744073709546140,18446744073709551030,18446744073709551030,252,3,1,1,9897406105434025940,0,0,7,11290633533732477293,0,1,1,0
PAWN_AUDIT_RESULT,1576,1,1,156,0,0,156,0,1,1,0,0
PAWN_AUDIT_ENTRY,1577,14176420152929942051,16052439092698446735,5476501112106136596,12178712613094113824,666,259,260,258,8,7,1,19,18446744073709537908,18446744073709550278,7,0,0,0,0,0,0,0,0,252,254,18446744073706879156,11,3036,0,0,1,1,18446744073709545960,18446744073709551030,18446744073709551030,252,3,1,1,9897406105434025940,0,0,7,11290633533732477293,0,0,1,0
PAWN_AUDIT_RESULT,1577,1,1,252,0,0,252,0,0,0,0,0
PAWN_AUDIT_ENTRY,1578,16052439092698446735,11360418616874745147,5476501112106136596,16340230174032011841,267,259,260,258,8,7,1,20,18446744073709537780,18446744073709550278,7,0,0,0,0,0,0,0,0,252,254,18446744073706879156,11,3037,0,0,1,6,18446744073709545902,18446744073709551030,18446744073709551030,252,3,1,1,9897406105434025940,0,0,7,11290633533732477293,0,1,1,0
PAWN_AUDIT_RESULT,1578,1,1,147,0,0,147,0,1,1,0,0
PAWN_AUDIT_ENTRY,1579,11360418616874745147,436571070588554222,5476501112106136596,10415223518226373886,991,259,260,258,8,7,1,21,18446744073709537653,18446744073709550278,7,0,0,0,0,0,0,0,0,252,254,18446744073706879156,11,3039,0,0,1,1,18446744073709545844,18446744073709551030,18446744073709551030,252,3,1,1,9897406105434025940,0,0,7,11290633533732477293,0,0,1,0
PAWN_AUDIT_RESULT,1579,1,1,200,0,0,200,0,0,0,0,0
PAWN_AUDIT_ENTRY,1580,436571070588554222,11992358911881750723,877648992534693744,14101102237559426225,407,259,260,259,11,10,5,8,18446744073709540120,18446744073709550278,5,0,0,0,0,1,0,0,0,230,230,18446744073706741087,11,3040,0,0,0,2,18446744073709546966,18446744073709551030,18446744073709551030,252,7,1,1,14516473580057910448,0,0,5,3344241086879667171,0,1,1,0
PAWN_AUDIT_RESULT,1580,5,5,247,0,0,247,0,3,3,0,0
PAWN_AUDIT_ENTRY,1581,11992358911881750723,2415768163232084673,877648992534693744,2716294296556258700,137,259,260,259,11,10,5,9,18446744073709539583,18446744073709550060,5,0,0,0,0,1,0,0,0,230,230,18446744073706741087,11,3044,0,0,0,3,18446744073709546833,18446744073709550807,18446744073709551030,252,7,1,1,14516473580057910448,0,0,5,3344241086879667171,0,1,1,0
PAWN_AUDIT_RESULT,1581,5,5,219,0,0,219,0,3,3,0,0
PAWN_AUDIT_ENTRY,1582,2415768163232084673,16628650867951006635,877648992534693744,9927968636963354503,75,259,260,259,11,10,5,10,18446744073709543522,18446744073709550125,5,0,0,0,0,1,0,0,0,230,230,18446744073706741087,11,3048,0,0,0,2,18446744073709549346,18446744073709550754,18446744073709549598,252,7,1,1,14516473580057910448,0,0,5,3344241086879667171,0,1,1,0
PAWN_AUDIT_RESULT,1582,5,5,234,0,0,234,0,3,3,0,0
PAWN_AUDIT_ENTRY,1583,16628650867951006635,787236632614199915,877648992534693744,12538658596811122038,536,259,260,259,11,10,5,11,18446744073709538601,18446744073709550278,5,0,0,0,0,1,0,0,0,230,230,18446744073706741087,11,3052,0,0,0,1,18446744073709546275,18446744073709551030,18446744073709551030,252,7,1,1,14516473580057910448,0,0,5,3344241086879667171,0,0,1,0
PAWN_AUDIT_RESULT,1583,5,5,211,0,0,211,0,0,0,0,0
PAWN_AUDIT_ENTRY,1590,13765281922409832689,12124533201373575511,877648992534693744,17782052858206933167,157,259,260,259,11,10,5,13,18446744073709539122,18446744073709550006,5,0,0,0,0,1,0,0,0,230,230,18446744073706741087,11,3066,0,0,0,3,18446744073709546512,18446744073709551030,18446744073709551030,252,7,1,1,14516473580057910448,0,0,5,3344241086879667171,0,1,1,0
PAWN_AUDIT_RESULT,1590,5,5,259,0,0,259,0,3,3,0,0
PAWN_AUDIT_ENTRY,1591,12124533201373575511,7614726289602696310,877648992534693744,3364931668835709289,139,259,260,259,11,10,5,14,18446744073709541556,18446744073709550158,5,0,0,0,0,1,0,0,0,230,230,18446744073706741087,11,3070,0,0,0,3,18446744073709548503,18446744073709550884,18446744073709549359,252,7,1,1,14516473580057910448,0,0,5,3344241086879667171,0,1,1,0
PAWN_AUDIT_RESULT,1591,5,5,226,0,0,226,0,3,3,0,0
PAWN_AUDIT_ENTRY,1592,7614726289602696310,2827527593223249901,877648992534693744,9076336047420654219,658,259,260,259,11,10,4,15,18446744073709538324,18446744073709550141,5,0,0,0,0,1,0,0,0,230,230,18446744073706741087,11,3074,0,0,0,1,18446744073709546326,18446744073709551030,18446744073709550666,252,7,1,1,14516473580057910448,0,0,5,3344241086879667171,0,0,1,0
PAWN_AUDIT_RESULT,1592,4,4,216,0,0,216,0,0,0,0,0
PAWN_AUDIT_ENTRY,1593,2827527593223249901,2066013213391247873,877648992534693744,10433107212115151569,983,259,260,259,11,10,4,16,18446744073709537875,18446744073709550278,5,0,0,0,0,1,0,0,0,230,230,18446744073706741087,11,3075,0,0,0,1,18446744073709545945,18446744073709551030,18446744073709551030,252,7,1,1,14516473580057910448,0,0,5,3344241086879667171,0,0,1,0
PAWN_AUDIT_RESULT,1593,4,4,188,0,0,188,0,0,0,0,0
PAWN_AUDIT_ENTRY,1594,2066013213391247873,17372539073550728606,877648992534693744,1864231385176357449,148,259,260,259,11,10,4,17,18446744073709538172,18446744073709550278,5,0,0,0,0,1,0,0,0,230,230,18446744073706741087,11,3076,0,0,0,3,18446744073709546080,18446744073709551030,18446744073709551030,252,7,1,1,14516473580057910448,0,0,5,3344241086879667171,0,1,1,0
PAWN_AUDIT_RESULT,1594,4,4,221,0,0,221,0,2,2,0,0
PAWN_AUDIT_ENTRY,1595,17372539073550728606,13035432786527153457,877648992534693744,2192711006822280033,259,259,260,259,11,10,5,18,18446744073709544613,18446744073709550278,5,0,0,0,0,1,0,0,0,230,230,18446744073706741087,11,3079,0,0,0,6,18446744073709549009,18446744073709551030,18446744073709551030,252,7,1,1,14516473580057910448,0,0,5,3344241086879667171,0,1,1,0
PAWN_AUDIT_RESULT,1595,5,5,211,0,0,211,0,0,0,0,0
PAWN_AUDIT_ENTRY,1596,13035432786527153457,647237171549498101,877648992534693744,16802089348128829764,666,259,260,259,11,10,5,19,18446744073709539896,18446744073709550278,5,0,0,0,0,1,0,0,0,230,230,18446744073706741087,11,3080,0,0,0,1,18446744073709546864,18446744073709551030,18446744073709551030,252,7,1,1,14516473580057910448,0,0,5,3344241086879667171,0,0,1,0
PAWN_AUDIT_RESULT,1596,5,5,256,0,0,256,0,8,8,0,0
PAWN_AUDIT_ENTRY,1597,647237171549498101,17641479616848841244,877648992534693744,11739284859738165541,267,259,260,259,11,10,5,20,18446744073709540949,18446744073709550278,5,0,0,0,0,1,0,0,0,230,230,18446744073706741087,11,3089,0,0,0,6,18446744073709547343,18446744073709551030,18446744073709551030,252,7,1,1,14516473580057910448,0,0,5,3344241086879667171,0,1,1,0
PAWN_AUDIT_RESULT,1597,5,5,181,0,0,181,0,0,0,0,0
PAWN_AUDIT_ENTRY,1598,17641479616848841244,12273877296545655130,877648992534693744,15034202198696390554,991,259,260,259,11,10,4,21,18446744073709537176,18446744073709550278,5,0,0,0,0,1,0,0,0,230,230,18446744073706741087,11,3090,0,0,0,1,18446744073709545627,18446744073709551030,18446744073709551030,252,7,1,1,14516473580057910448,0,0,5,3344241086879667171,0,0,1,0
PAWN_AUDIT_RESULT,1598,4,4,200,0,0,200,0,0,0,0,0
PAWN_AUDIT_ENTRY,1599,12273877296545655130,11745942922233670428,877648992534693744,9745680974532819970,80,259,260,259,11,10,4,22,18446744073709537237,18446744073709550278,5,0,0,0,0,1,0,0,0,230,230,18446744073706741087,11,3091,0,0,0,2,18446744073709545655,18446744073709551030,18446744073709551030,252,7,1,1,14516473580057910448,0,0,5,3344241086879667171,0,1,1,0
PAWN_AUDIT_RESULT,1599,4,4,159,0,0,159,0,0,0,0,0
PAWN_AUDIT_ENTRY,1600,11745942922233670428,6387449126304532872,877648992534693744,8956475162341731528,269,259,260,259,11,10,4,23,18446744073709536518,18446744073709550278,5,0,0,0,0,1,0,0,0,230,230,18446744073706741087,11,3092,0,0,0,6,18446744073709545328,18446744073709551030,18446744073709551030,252,7,1,1,14516473580057910448,0,0,5,3344241086879667171,0,1,1,0
PAWN_AUDIT_RESULT,1600,4,4,171,0,0,171,0,0,0,0,0
PAWN_AUDIT_ENTRY,1601,6387449126304532872,922734141269409983,877648992534693744,12641862474296647812,268,259,260,259,11,10,4,24,18446744073709536083,18446744073709550278,5,0,0,0,0,1,0,0,0,230,230,18446744073706741087,11,3093,0,0,0,6,18446744073709545130,18446744073709551030,18446744073709551030,252,7,1,1,14516473580057910448,0,0,5,3344241086879667171,0,1,1,0
PAWN_AUDIT_RESULT,1601,4,4,137,0,0,137,0,0,0,0,0
PAWN_AUDIT_ENTRY,1602,922734141269409983,3388315464288949147,877648992534693744,16519540189031953302,918,259,260,259,11,10,4,25,18446744073709535999,18446744073709550278,5,0,0,0,0,1,0,0,0,230,230,18446744073706741087,11,3094,0,0,0,1,18446744073709545092,18446744073709551030,18446744073709551030,252,7,1,1,14516473580057910448,0,0,5,3344241086879667171,0,0,1,0
PAWN_AUDIT_RESULT,1602,4,4,191,0,0,191,0,0,0,0,0
PAWN_AUDIT_ENTRY,1603,3388315464288949147,7496116122222048085,877648992534693744,14737666610664564635,1828,259,260,259,11,10,4,26,18446744073709535896,18446744073709550278,5,0,0,0,0,1,0,0,0,230,230,18446744073706741087,11,3095,0,0,0,1,18446744073709545045,18446744073709551030,18446744073709551030,252,7,1,1,14516473580057910448,0,0,5,3344241086879667171,0,0,1,0
PAWN_AUDIT_RESULT,1603,4,4,117,0,0,117,0,0,0,0,0
PAWN_AUDIT_ENTRY,1604,7496116122222048085,7892445001240205564,877648992534693744,997793167587949325,926,259,260,259,11,10,4,27,18446744073709535359,18446744073709550278,5,0,0,0,0,1,0,0,0,230,230,18446744073706741087,11,3096,0,0,0,1,18446744073709544801,18446744073709551030,18446744073709551030,252,7,1,1,14516473580057910448,0,0,5,3344241086879667171,0,0,1,0
PAWN_AUDIT_RESULT,1604,4,4,148,0,0,148,0,0,0,0,0
PAWN_AUDIT_ENTRY,1605,7892445001240205564,144729697692470547,877648992534693744,16068928164860130192,528,259,260,259,11,10,4,29,18446744073709535360,18446744073709550278,5,0,0,0,0,1,0,0,0,230,230,18446744073706741087,11,3097,0,0,0,1,18446744073709545022,18446744073709551030,18446744073709550576,252,7,1,1,14516473580057910448,0,0,5,3344241086879667171,0,0,1,0
PAWN_AUDIT_RESULT,1605,4,4,215,0,0,215,0,0,0,0,0
PAWN_AUDIT_ENTRY,1606,144729697692470547,10086893177453729673,6679908786637792460,18347532056367449802,536,259,260,259,11,10,7,5,18446744073709538321,18446744073709549775,3,0,0,0,0,1,0,0,0,116,116,18446744073698461017,11,3098,0,0,1,1,18446744073709546148,18446744073709551030,18446744073709551030,252,10,1,1,11090425736916188940,0,0,3,3962983323243074868,0,0,1,0
PAWN_AUDIT_RESULT,1606,7,7,253,0,0,253,0,1,1,0,0
PAWN_AUDIT_ENTRY,1607,10086893177453729673,3953252585365941063,6679908786637792460,13858722869879269741,983,259,260,259,11,10,7,6,18446744073709537307,18446744073709549950,3,0,0,0,0,1,0,0,0,116,116,18446744073698461017,11,3100,0,0,1,1,18446744073709545687,18446744073709551030,18446744073709551030,252,10,1,1,11090425736916188940,0,0,3,3962983323243074868,0,0,1,0
PAWN_AUDIT_RESULT,1607,7,7,236,0,0,236,0,1,1,0,0
PAWN_AUDIT_ENTRY,1608,3953252585365941063,949056375852502140,6679908786637792460,15662110352762967099,75,259,260,259,11,10,7,7,18446744073709542027,18446744073709548909,3,0,0,0,0,1,0,0,0,116,116,18446744073698461017,11,3102,0,0,1,2,18446744073709549678,18446744073709548993,18446744073709549327,252,10,1,1,11090425736916188940,0,0,3,3962983323243074868,0,1,1,0
PAWN_AUDIT_RESULT,1608,7,7,138,0,0,138,0,0,0,0,0
PAWN_AUDIT_ENTRY,1609,949056375852502140,11939746123053811648,6679908786637792460,9239683855512570918,991,259,260,259,11,10,6,8,18446744073709536865,18446744073709549983,3,0,0,0,0,1,0,0,0,116,116,18446744073698461017,11,3103,0,0,1,1,18446744073709545486,18446744073709551030,18446744073709551030,252,10,1,1,11090425736916188940,0,0,3,3962983323243074868,0,0,1,0
PAWN_AUDIT_RESULT,1609,6,6,240,0,0,240,0,1,1,0,0
PAWN_AUDIT_ENTRY,1610,11939746123053811648,4746296752746311897,6679908786637792460,13380413846118404856,666,259,260,259,11,10,7,9,18446744073709540538,18446744073709549912,3,0,0,0,0,1,0,0,0,116,116,18446744073698461017,11,3105,0,0,1,1,18446744073709547156,18446744073709551030,18446744073709551030,252,10,1,1,11090425736916188940,0,0,3,3962983323243074868,0,0,1,0
PAWN_AUDIT_RESULT,1610,7,7,242,0,0,242,0,1,1,0,0
PAWN_AUDIT_ENTRY,1611,4746296752746311897,9161465580312574499,6679908786637792460,13999168813399302656,332,259,260,259,11,10,7,10,18446744073709543141,18446744073709547624,3,0,0,0,0,1,0,0,0,116,116,18446744073698461017,11,3107,0,0,1,3,18446744073709548533,18446744073709550935,18446744073709550729,252,10,1,1,11090425736916188940,0,0,3,3962983323243074868,0,1,1,0
PAWN_AUDIT_RESULT,1611,7,7,219,0,0,219,0,7,7,0,0
PAWN_AUDIT_ENTRY,1612,9161465580312574499,6365413787569331751,6679908786637792460,10605107940014616333,407,259,260,259,11,10,6,11,18446744073709540598,18446744073709548768,3,0,0,0,0,1,0,0,0,116,116,18446744073698461017,11,3115,0,0,1,2,18446744073709547183,18446744073709551030,18446744073709551030,252,10,1,1,11090425736916188940,0,0,3,3962983323243074868,0,1,1,0
PAWN_AUDIT_RESULT,1612,6,6,177,0,0,177,0,0,0,0,0
PAWN_AUDIT_ENTRY,1613,6365413787569331751,5079481539302227033,6679908786637792460,14453150699908251034,396,259,260,259,11,10,8,12,18446744073709551377,18446744073709550584,3,0,0,0,0,1,0,0,0,116,116,18446744073698461017,11,3116,0,0,1,2,3322,18446744073709547926,18446744073709548348,252,10,1,1,11090425736916188940,0,0,3,3962983323243074868,0,1,1,0
PAWN_AUDIT_RESULT,1613,8,8,200,0,0,200,0,1,1,0,0
PAWN_AUDIT_ENTRY,1614,5079481539302227033,8548313003906470072,6679908786637792460,11987261015800165139,157,259,260,259,11,10,6,14,18446744073709539001,18446744073709548675,3,0,0,0,0,1,0,0,0,116,116,18446744073698461017,11,3118,0,0,1,3,18446744073709546457,18446744073709551030,18446744073709551030,252,10,1,1,11090425736916188940,0,0,3,3962983323243074868,0,1,1,0
PAWN_AUDIT_RESULT,1614,6,6,194,0,0,194,0,6,6,0,0
PAWN_AUDIT_ENTRY,1615,8548313003906470072,11425928074657903737,6679908786637792460,9092599679214342869,139,259,260,259,11,10,6,16,18446744073709540491,18446744073709550273,3,0,0,0,0,1,0,0,0,116,116,18446744073698461017,11,3125,0,0,1,3,18446744073709548490,18446744073709550014,18446744073709549284,252,10,1,1,11090425736916188940,0,0,3,3962983323243074868,0,1,1,0
PAWN_AUDIT_RESULT,1615,6,6,218,0,0,218,0,1,1,0,0
PAWN_AUDIT_ENTRY,1616,11425928074657903737,17738324423744613938,6679908786637792460,8444236076740716080,137,259,260,259,11,10,6,22,18446744073709539738,18446744073709548094,3,0,0,0,0,1,0,0,0,116,116,18446744073698461017,11,3127,0,0,1,3,18446744073709546792,18446744073709551030,18446744073709551030,252,10,1,1,11090425736916188940,0,0,3,3962983323243074868,0,1,1,0
PAWN_AUDIT_RESULT,1616,6,6,162,0,0,162,0,0,0,0,0
PAWN_AUDIT_ENTRY,1617,17738324423744613938,14760572814708186934,6679908786637792460,18022948160385553527,339,259,260,259,11,10,7,23,18446744073709547657,18446744073709549349,3,0,0,0,0,1,0,0,0,116,116,18446744073698461017,11,3128,0,0,1,3,1407,18446744073709548628,18446744073709548086,252,10,1,1,11090425736916188940,0,0,3,3962983323243074868,0,1,1,0
PAWN_AUDIT_RESULT,1617,7,7,221,0,0,221,0,1,1,0,0
PAWN_AUDIT_ENTRY,1618,14760572814708186934,16864380638742185541,6679908786637792460,5689127933444606173,259,259,260,259,11,10,6,24,18446744073709543918,18446744073709548128,3,0,0,0,0,1,0,0,0,116,116,18446744073698461017,11,3130,0,0,1,6,18446744073709548693,18446744073709551030,18446744073709551030,252,10,1,1,11090425736916188940,0,0,3,3962983323243074868,0,1,1,0
PAWN_AUDIT_RESULT,1618,6,6,151,0,0,151,0,0,0,0,0
PAWN_AUDIT_ENTRY,1635,13197958730466592881,1280613773354591347,9006522435107550914,11121417674048105220,1076,259,260,247,8,7,1,9,18446744073709541092,18446744073709550278,5,0,0,0,0,0,0,0,1,18446744073709551461,18446744073709551461,18446744073707582084,11,3162,0,0,0,3,18446744073709547408,18446744073709551030,18446744073709551030,187,3,1,1,8242954762181594215,2,0,5,5604181643494643071,0,3,1,0
PAWN_AUDIT_RESULT,1635,1,1,-1165,0,0,-1165,0,1,1,0,0
PAWN_AUDIT_ENTRY,1637,14809891785141091611,2900243865298332653,11691289985038633384,8127357742209002131,790,259,260,132,9,8,5,2,18446744073709549784,18446744073709550027,5,0,0,0,0,0,0,0,0,1,1,18446744073707582084,11,3167,0,0,0,2,18446744073709551360,18446744073709551030,18446744073709551030,95,1,1,1,8242954762181594215,2,0,5,10593692969710643733,0,3,1,0
PAWN_AUDIT_RESULT,1637,5,5,105,0,0,105,0,0,0,0,0
PAWN_AUDIT_ENTRY,1638,2900243865298332653,14115407245908885283,11691289985038633384,6409763205100201923,797,259,260,132,9,8,5,3,18446744073709549227,18446744073709549777,5,0,0,0,0,0,0,0,0,1,1,18446744073707582084,11,3168,0,0,0,2,18446744073709551107,18446744073709551030,18446744073709551030,95,1,1,1,8242954762181594215,2,0,5,10593692969710643733,0,3,1,0
PAWN_AUDIT_RESULT,1638,5,5,64,0,0,64,0,0,0,0,0
PAWN_AUDIT_ENTRY,1639,14115407245908885283,17771705725602328474,11691289985038633384,16779763730452688788,144,259,260,132,9,8,4,4,18446744073709547653,18446744073709550144,5,0,0,0,0,0,0,0,0,1,1,18446744073707582084,11,3169,0,0,0,3,18446744073709550391,18446744073709551030,18446744073709551030,95,1,1,1,8242954762181594215,2,0,5,10593692969710643733,0,3,1,0
PAWN_AUDIT_RESULT,1639,4,4,105,0,0,105,0,0,0,0,0
PAWN_AUDIT_ENTRY,1640,17771705725602328474,4543974977196230167,11691289985038633384,10833087002362551478,786,259,260,132,9,8,4,5,18446744073709546690,18446744073709549623,5,0,0,0,0,0,0,0,0,1,1,18446744073707582084,11,3170,0,0,0,2,18446744073709549736,18446744073709551465,18446744073709551030,95,1,1,1,8242954762181594215,2,0,5,10593692969710643733,0,3,1,0
PAWN_AUDIT_RESULT,1640,4,4,6,0,0,6,0,0,0,0,0
PAWN_AUDIT_ENTRY,1641,4543974977196230167,9170032225643757869,11691289985038633384,3900086586590171390,774,259,260,132,9,8,3,7,18446744073709547776,18446744073709548874,5,0,0,0,0,0,0,0,0,1,1,18446744073707582084,11,3171,0,0,0,2,18446744073709550447,18446744073709551030,18446744073709551030,95,1,1,1,8242954762181594215,2,0,5,10593692969710643733,0,3,1,0
PAWN_AUDIT_RESULT,1641,3,3,-1,0,0,-1,0,0,0,0,0
PAWN_AUDIT_ENTRY,1644,3519980443114991066,635754236545120819,11691289985038633384,16764613391685834638,454,259,260,203,9,8,3,10,18446744073709544149,18446744073709548874,5,0,0,0,0,0,0,0,0,1,1,18446744073707582084,11,3174,0,0,0,4,18446744073709548798,18446744073709551030,18446744073709551030,95,1,1,1,8242954762181594215,2,0,5,10593692969710643733,0,3,1,0
PAWN_AUDIT_RESULT,1644,3,3,44,0,0,44,0,0,0,0,0
PAWN_AUDIT_ENTRY,1645,635754236545120819,7389719006219611840,11691289985038633384,2870760574707743071,75,259,260,203,9,8,3,12,18446744073709545706,18446744073709547853,5,0,0,0,0,0,0,0,0,1,1,18446744073707582084,11,3175,0,0,0,2,18446744073709549644,18446744073709550754,18446744073709551030,95,1,1,1,8242954762181594215,2,0,5,10593692969710643733,0,3,1,0
PAWN_AUDIT_RESULT,1645,3,3,125,0,0,125,0,0,0,0,0
PAWN_AUDIT_ENTRY,1646,7389719006219611840,13689158511035430588,11691289985038633384,9269363310219231153,139,259,260,203,9,8,2,13,18446744073709543242,18446744073709548874,5,0,0,0,0,0,0,0,0,1,1,18446744073707582084,11,3176,0,0,0,3,18446744073709548316,18446744073709551169,18446744073709551030,95,1,1,1,8242954762181594215,2,0,5,10593692969710643733,0,3,1,0
PAWN_AUDIT_RESULT,1646,2,2,153,0,0,153,0,0,0,0,0
PAWN_AUDIT_ENTRY,1648,3698257785576481848,295762223492457610,10426526296438267973,15147093107656811888,1349,259,260,212,8,7,4,2,18446744073709550340,18446744073709550278,5,0,0,0,0,0,0,0,0,18446744073709551566,18446744073709551566,18446744073707582084,11,3183,0,0,0,5,18446744073709551613,18446744073709551030,18446744073709551030,245,3,1,1,8242954762181594215,2,0,5,11640084851869107192,0,3,1,0
PAWN_AUDIT_RESULT,1648,4,4,-48,0,0,-48,0,0,0,0,0
PAWN_AUDIT_ENTRY,1650,2151129360471069196,17273720994598004512,10426526296438267973,15731084584934835833,144,259,260,212,8,7,3,5,18446744073709545363,18446744073709550144,5,0,0,0,0,0,0,0,0,18446744073709551566,18446744073709551566,18446744073707582084,11,3185,0,0,0,3,18446744073709549350,18446744073709551030,18446744073709551030,245,3,1,1,8242954762181594215,2,0,5,11640084851869107192,0,3,1,0
PAWN_AUDIT_RESULT,1650,3,3,65,0,0,65,0,0,0,0,0
PAWN_AUDIT_ENTRY,1664,7029218457772775911,15337022875220664328,514661579498828611,16296129964229838199,666,259,260,248,10,9,5,8,18446744073709540879,18446744073709550278,3,0,0,0,0,1,0,0,0,246,290,18446744073679688685,11,3220,0,0,1,1,18446744073709547311,18446744073709551030,18446744073709551030,246,5,1,1,8242954762181594215,0,0,3,5502432833406508004,0,0,1,0
PAWN_AUDIT_RESULT,1664,5,5,175,0,0,175,0,5,5,0,0
PAWN_AUDIT_ENTRY,1665,15337022875220664328,18247656550147929227,514661579498828611,1541475625580633938,259,259,260,248,10,9,5,9,18446744073709542482,18446744073709548874,3,0,0,0,0,1,0,0,0,246,290,18446744073679688685,11,3226,0,0,1,6,18446744073709548040,18446744073709551030,18446744073709551030,246,5,1,1,8242954762181594215,0,0,3,5502432833406508004,0,1,1,0
PAWN_AUDIT_RESULT,1665,5,5,254,0,0,254,0,5,5,0,0
PAWN_AUDIT_ENTRY,1666,18247656550147929227,16382948893871336302,514661579498828611,9425262433229358004,75,259,260,254,10,9,6,10,18446744073709545207,18446744073709547431,3,0,0,0,0,1,0,0,0,246,290,18446744073679688685,11,3232,0,0,1,2,18446744073709549165,105,18446744073709550553,246,5,1,1,8242954762181594215,0,0,3,5502432833406508004,0,1,1,0
PAWN_AUDIT_RESULT,1666,6,6,99,0,0,99,0,6,6,0,0
PAWN_AUDIT_ENTRY,1667,16382948893871336302,9366821696126153251,514661579498828611,4724976530287727074,1357,259,260,254,10,9,5,11,18446744073709541215,18446744073709548874,3,0,0,0,0,1,0,0,0,246,290,18446744073679688685,11,3239,0,0,1,5,18446744073709548491,18446744073709550298,18446744073709549668,246,5,1,1,8242954762181594215,0,0,3,5502432833406508004,0,1,1,0
PAWN_AUDIT_RESULT,1667,5,5,159,0,0,159,0,0,0,0,0
PAWN_AUDIT_ENTRY,1668,9366821696126153251,5501221112278116081,514661579498828611,11891820162434732357,536,259,260,254,10,9,5,12,18446744073709539472,18446744073709550278,3,0,0,0,0,1,0,0,0,246,290,18446744073679688685,11,3240,0,0,1,1,18446744073709546671,18446744073709551030,18446744073709551030,246,5,1,1,8242954762181594215,0,0,3,5502432833406508004,0,0,1,0
PAWN_AUDIT_RESULT,1668,5,5,196,0,0,196,0,0,0,0,0
PAWN_AUDIT_ENTRY,1669,5501221112278116081,4420142451976279734,514661579498828611,10912069276200918615,1366,259,260,254,10,9,5,13,18446744073709541754,18446744073709548874,3,0,0,0,0,1,0,0,0,246,290,18446744073679688685,11,3241,0,0,1,5,18446744073709547987,18446744073709550890,18446744073709550601,246,5,1,1,8242954762181594215,0,0,3,5502432833406508004,0,1,1,0
PAWN_AUDIT_RESULT,1669,5,5,257,0,0,257,0,1,1,0,0
PAWN_AUDIT_ENTRY,1670,4420142451976279734,1390282261075544538,514661579498828611,2730094083379975005,1373,259,260,257,10,9,5,14,18446744073709541548,18446744073709548874,3,0,0,0,0,1,0,0,0,246,290,18446744073679688685,11,3243,0,0,1,5,18446744073709547813,18446744073709550794,18446744073709550866,246,5,1,1,8242954762181594215,0,0,3,5502432833406508004,0,1,1,0
PAWN_AUDIT_RESULT,1670,5,5,131,0,0,131,0,0,0,0,0
PAWN_AUDIT_ENTRY,1671,1390282261075544538,14203624329323344338,514661579498828611,16187313861031512645,1347,259,260,257,10,9,5,15,18446744073709542189,18446744073709548874,3,0,0,0,0,1,0,0,0,246,290,18446744073679688685,11,3244,0,0,1,5,18446744073709548094,18446744073709551030,18446744073709550644,246,5,1,1,8242954762181594215,0,0,3,5502432833406508004,0,1,1,0
PAWN_AUDIT_RESULT,1671,5,5,101,0,0,101,0,0,0,0,0
PAWN_AUDIT_ENTRY,1672,14203624329323344338,4920922891862426268,514661579498828611,2422745250005604215,1364,259,260,257,10,9,5,16,18446744073709541239,18446744073709548874,3,0,0,0,0,1,0,0,0,246,290,18446744073679688685,11,3245,0,0,1,5,18446744073709547638,18446744073709550948,18446744073709550778,246,5,1,1,8242954762181594215,0,0,3,5502432833406508004,0,1,1,0
PAWN_AUDIT_RESULT,1672,5,5,138,0,0,138,0,0,0,0,0
PAWN_AUDIT_ENTRY,1673,4920922891862426268,195653875305629191,514661579498828611,11083558252766279055,332,259,260,257,10,9,5,17,18446744073709543179,18446744073709548217,3,0,0,0,0,1,0,0,0,246,290,18446744073679688685,11,3246,0,0,1,3,18446744073709548357,18446744073709551030,18446744073709551030,246,5,1,1,8242954762181594215,0,0,3,5502432833406508004,0,1,1,0
PAWN_AUDIT_RESULT,1673,5,5,233,0,0,233,0,3,3,0,0
PAWN_AUDIT_ENTRY,1675,253290865337086127,13346020768607686459,514661579498828611,14464248255147489410,407,259,260,257,10,9,5,18,18446744073709540245,18446744073709549647,3,0,0,0,0,1,0,0,0,246,290,18446744073679688685,11,3250,0,0,1,2,18446744073709547065,18446744073709550945,18446744073709551030,246,5,1,1,8242954762181594215,0,0,3,5502432833406508004,0,1,1,0
PAWN_AUDIT_RESULT,1675,5,5,256,0,0,256,0,2,2,0,0
PAWN_AUDIT_ENTRY,1676,13346020768607686459,11957531564575426533,514661579498828611,582786153028486883,1356,259,260,257,10,9,5,19,18446744073709541530,18446744073709548874,3,0,0,0,0,1,0,0,0,246,290,18446744073679688685,11,3253,0,0,1,5,18446744073709547735,18446744073709550971,18446744073709550827,246,5,1,1,8242954762181594215,0,0,3,5502432833406508004,0,1,1,0
PAWN_AUDIT_RESULT,1676,5,5,112,0,0,112,0,0,0,0,0
PAWN_AUDIT_ENTRY,1677,11957531564575426533,13645244870925490554,514661579498828611,9269794328011865170,1363,259,260,257,10,9,5,20,18446744073709541001,18446744073709548874,3,0,0,0,0,1,0,0,0,246,290,18446744073679688685,11,3254,0,0,1,5,18446744073709547518,18446744073709551030,18446744073709550718,246,5,1,1,8242954762181594215,0,0,3,5502432833406508004,0,1,1,0
PAWN_AUDIT_RESULT,1677,5,5,103,0,0,103,0,0,0,0,0
PAWN_AUDIT_ENTRY,1678,13645244870925490554,15229383532544814017,514661579498828611,1720501660548468089,1362,259,260,257,10,9,5,21,18446744073709540791,18446744073709548874,3,0,0,0,0,1,0,0,0,246,290,18446744073679688685,11,3255,0,0,1,5,18446744073709547448,18446744073709551013,18446744073709550683,246,5,1,1,8242954762181594215,0,0,3,5502432833406508004,0,1,1,0
PAWN_AUDIT_RESULT,1678,5,5,120,0,0,120,0,0,0,0,0
PAWN_AUDIT_ENTRY,1679,15229383532544814017,18379516919651944829,514661579498828611,12005341249405143743,1367,259,260,257,10,9,5,22,18446744073709541722,18446744073709548874,3,0,0,0,0,1,0,0,0,246,290,18446744073679688685,11,3256,0,0,1,5,18446744073709547847,18446744073709550868,18446744073709550882,246,5,1,1,8242954762181594215,0,0,3,5502432833406508004,0,1,1,0
PAWN_AUDIT_RESULT,1679,5,5,121,0,0,121,0,0,0,0,0
PAWN_AUDIT_ENTRY,1680,18379516919651944829,9515609539943000044,514661579498828611,11224007499661426402,983,259,260,257,10,9,5,23,18446744073709537294,18446744073709550278,3,0,0,0,0,1,0,0,0,246,290,18446744073679688685,11,3257,0,0,1,1,18446744073709545681,18446744073709551030,18446744073709551030,246,5,1,1,8242954762181594215,0,0,3,5502432833406508004,0,0,1,0
PAWN_AUDIT_RESULT,1680,5,5,189,0,0,189,0,0,0,0,0
PAWN_AUDIT_ENTRY,1681,9515609539943000044,773884849228960187,514661579498828611,12240829420847473942,267,259,260,257,10,9,5,24,18446744073709539685,18446744073709548874,3,0,0,0,0,1,0,0,0,246,290,18446744073679688685,11,3258,0,0,1,6,18446744073709546768,18446744073709551030,18446744073709551030,246,5,1,1,8242954762181594215,0,0,3,5502432833406508004,0,1,1,0
PAWN_AUDIT_RESULT,1681,5,5,95,0,0,95,0,0,0,0,0
PAWN_AUDIT_ENTRY,1682,773884849228960187,9136830753608548518,514661579498828611,15829677562581408681,991,259,260,257,10,9,5,25,18446744073709536857,18446744073709550278,3,0,0,0,0,1,0,0,0,246,290,18446744073679688685,11,3259,0,0,1,1,18446744073709545482,18446744073709551030,18446744073709551030,246,5,1,1,8242954762181594215,0,0,3,5502432833406508004,0,0,1,0
PAWN_AUDIT_RESULT,1682,5,5,150,0,0,150,0,5,5,0,0
PAWN_AUDIT_ENTRY,1683,9136830753608548518,12320027294478920592,514661579498828611,8574826662091814584,658,259,260,257,10,9,5,26,18446744073709537856,18446744073709550278,3,0,0,0,0,1,0,0,0,246,290,18446744073679688685,11,3265,0,0,1,1,18446744073709546001,18446744073709551030,18446744073709550897,246,5,1,1,8242954762181594215,0,0,3,5502432833406508004,0,0,1,0
PAWN_AUDIT_RESULT,1683,5,5,185,0,0,185,0,0,0,0,0
PAWN_AUDIT_ENTRY,1684,12320027294478920592,17750822150343168147,514661579498828611,17170900081375365029,918,259,260,257,10,9,5,27,18446744073709535772,18446744073709550278,3,0,0,0,0,1,0,0,0,246,290,18446744073679688685,11,3266,0,0,1,1,18446744073709544989,18446744073709551030,18446744073709551030,246,5,1,1,8242954762181594215,0,0,3,5502432833406508004,0,0,1,0
PAWN_AUDIT_RESULT,1684,5,5,179,0,0,179,0,0,0,0,0
PAWN_AUDIT_ENTRY,1685,17750822150343168147,9672374629802203341,514661579498828611,15279083949776881571,528,259,260,257,10,9,5,28,18446744073709535779,18446744073709550278,3,0,0,0,0,1,0,0,0,246,290,18446744073679688685,11,3267,0,0,1,1,18446744073709544992,18446744073709551030,18446744073709551030,246,5,1,1,8242954762181594215,0,0,3,5502432833406508004,0,0,1,0
PAWN_AUDIT_RESULT,1685,5,5,172,0,0,172,0,0,0,0,0
PAWN_AUDIT_ENTRY,1686,9672374629802203341,13648742676639075175,514661579498828611,14379093470660318120,1828,259,260,257,10,9,5,29,18446744073709535629,18446744073709550278,3,0,0,0,0,1,0,0,0,246,290,18446744073679688685,11,3268,0,0,1,1,18446744073709544924,18446744073709551030,18446744073709551030,246,5,1,1,8242954762181594215,0,0,3,5502432833406508004,0,0,1,0
PAWN_AUDIT_RESULT,1686,5,5,170,0,0,170,0,0,0,0,0
PAWN_AUDIT_ENTRY,1687,13648742676639075175,1078777131352298765,514661579498828611,12841515190044232885,1763,259,260,257,10,9,5,30,18446744073709536851,18446744073709550278,3,0,0,0,0,1,0,0,0,246,290,18446744073679688685,11,3269,0,0,1,1,18446744073709545532,18446744073709550925,18446744073709551030,246,5,1,1,8242954762181594215,0,0,3,5502432833406508004,0,0,1,0
PAWN_AUDIT_RESULT,1687,5,5,256,0,0,256,0,6,6,0,0
PAWN_AUDIT_ENTRY,1689,3799800456275244039,5053206227537630828,514661579498828611,3366528289126805951,137,259,260,257,10,9,5,31,18446744073709539326,18446744073709548874,3,0,0,0,0,1,0,0,0,246,290,18446744073679688685,11,3276,0,0,1,3,18446744073709546618,18446744073709551004,18446744073709551030,246,5,1,1,8242954762181594215,0,0,3,5502432833406508004,0,1,1,0
PAWN_AUDIT_RESULT,1689,5,5,148,0,0,148,0,5,5,0,0
PAWN_AUDIT_ENTRY,1690,5053206227537630828,14265202121025664335,514661579498828611,9933053555858083358,346,259,260,257,10,9,5,32,18446744073709539890,18446744073709547995,3,0,0,0,0,1,0,0,0,246,290,18446744073679688685,11,3282,0,0,1,3,18446744073709546317,18446744073709551030,535,246,5,1,1,8242954762181594215,0,0,3,5502432833406508004,0,1,1,0
PAWN_AUDIT_RESULT,1690,5,5,204,0,0,204,0,1,1,0,0
PAWN_AUDIT_ENTRY,1691,14265202121025664335,7794056456916946203,514661579498828611,10757118655377821290,1113,259,260,257,10,9,5,33,18446744073709535168,18446744073709550278,3,0,0,0,0,1,0,0,0,246,290,18446744073679688685,11,3284,0,0,1,1,18446744073709544714,18446744073709551030,18446744073709551030,246,5,1,1,8242954762181594215,0,0,3,5502432833406508004,0,0,1,0
PAWN_AUDIT_RESULT,1691,5,5,131,0,0,131,0,0,0,0,0
PAWN_AUDIT_ENTRY,1692,7794056456916946203,2177034184141462030,514661579498828611,491639445145456446,926,259,260,257,10,9,5,34,18446744073709535198,18446744073709550278,3,0,0,0,0,1,0,0,0,246,290,18446744073679688685,11,3285,0,0,1,1,18446744073709544728,18446744073709551030,18446744073709551030,246,5,1,1,8242954762181594215,0,0,3,5502432833406508004,0,0,1,0
PAWN_AUDIT_RESULT,1692,5,5,123,0,0,123,0,5,5,0,0
PAWN_AUDIT_ENTRY,1693,2177034184141462030,6004950300204111532,514661579498828611,18288258532576322716,157,259,260,257,10,9,5,35,18446744073709538605,18446744073709548874,3,0,0,0,0,1,0,0,0,246,290,18446744073679688685,11,3291,0,0,1,3,18446744073709546277,18446744073709551030,18446744073709551030,246,5,1,1,8242954762181594215,0,0,3,5502432833406508004,0,1,1,0
PAWN_AUDIT_RESULT,1693,5,5,224,0,0,224,0,6,6,0,0
PAWN_AUDIT_ENTRY,1695,1870848792981732683,1728463229716422904,514661579498828611,2718163611795653978,139,259,260,257,10,9,6,36,18446744073709543626,18446744073709549238,3,0,0,0,0,1,0,0,0,246,290,18446744073679688685,11,3298,0,0,1,3,18446744073709548653,18446744073709550658,18446744073709551222,246,5,1,1,8242954762181594215,0,0,3,5502432833406508004,0,1,1,0
PAWN_AUDIT_RESULT,1695,6,6,156,0,0,156,0,5,5,0,0
PAWN_AUDIT_ENTRY,1696,1728463229716422904,7996421837092590052,514661579498828611,1357110092364844666,148,259,260,257,10,9,5,37,18446744073709537973,18446744073709548874,3,0,0,0,0,1,0,0,0,246,290,18446744073679688685,11,3304,0,0,1,3,18446744073709546024,18446744073709550961,18446744073709551030,246,5,1,1,8242954762181594215,0,0,3,5502432833406508004,0,1,1,0
PAWN_AUDIT_RESULT,1696,5,5,195,0,0,195,0,0,0,0,0
PAWN_AUDIT_ENTRY,1697,7996421837092590052,18032328415943538300,514661579498828611,8593345646150277371,269,259,260,257,10,9,5,38,18446744073709536129,18446744073709548874,3,0,0,0,0,1,0,0,0,246,290,18446744073679688685,11,3305,0,0,1,6,18446744073709545151,18446744073709551030,18446744073709551030,246,5,1,1,8242954762181594215,0,0,3,5502432833406508004,0,1,1,0
PAWN_AUDIT_RESULT,1697,5,5,159,0,0,159,0,0,0,0,0
PAWN_AUDIT_ENTRY,1698,18032328415943538300,10473302344943938197,514661579498828611,11851945974779466935,268,259,260,257,10,9,5,39,18446744073709535779,18446744073709548874,3,0,0,0,0,1,0,0,0,246,290,18446744073679688685,11,3306,0,0,1,6,18446744073709544992,18446744073709551030,18446744073709551030,246,5,1,1,8242954762181594215,0,0,3,5502432833406508004,0,1,1,0
PAWN_AUDIT_RESULT,1698,5,5,15,0,0,15,0,0,0,0,0
PAWN_AUDIT_ENTRY,1699,10473302344943938197,11981191706103366260,514661579498828611,10103234051216017457,80,259,260,257,10,9,5,40,18446744073709536600,18446744073709548874,3,0,0,0,0,1,0,0,0,246,290,18446744073679688685,11,3307,0,0,1,2,18446744073709545413,18446744073709550935,18446744073709551030,246,5,1,1,8242954762181594215,0,0,3,5502432833406508004,0,1,1,0
PAWN_AUDIT_RESULT,1699,5,5,160,0,0,160,0,0,0,0,0
PAWN_AUDIT_ENTRY,1708,5164734714879456301,13945185817851796698,4831576952288226808,15913750579570950565,2007,259,260,228,9,8,5,7,18446744073709542611,18446744073709551510,3,0,0,0,0,1,0,0,0,106,106,18446744073699234156,11,3334,0,0,0,5,18446744073709548141,18446744073709550945,18446744073709551030,192,5,1,1,11090425736916188940,3,0,3,8229941631192796741,0,4,1,0
PAWN_AUDIT_RESULT,1708,5,5,97,0,0,97,0,0,0,0,0
PAWN_AUDIT_ENTRY,1709,13945185817851796698,13297762420313958558,4831576952288226808,17090035395392296269,2006,259,260,228,9,8,5,8,18446744073709544442,18446744073709548874,3,0,0,0,0,1,0,0,0,106,106,18446744073699234156,11,3335,0,0,0,5,18446744073709549055,18446744073709550782,18446744073709551030,192,5,1,1,11090425736916188940,3,0,3,8229941631192796741,0,4,1,0
PAWN_AUDIT_RESULT,1709,5,5,129,0,0,129,0,0,0,0,0
PAWN_AUDIT_ENTRY,1710,13297762420313958558,10445807991072861552,4831576952288226808,4310235710566603512,1997,259,260,228,9,8,5,9,18446744073709544610,18446744073709548896,3,0,0,0,0,1,0,0,0,106,106,18446744073699234156,11,3336,0,0,0,5,18446744073709549073,18446744073709550899,18446744073709551030,192,5,1,1,11090425736916188940,3,0,3,8229941631192796741,0,4,1,0
PAWN_AUDIT_RESULT,1710,5,5,131,0,0,131,0,0,0,0,0
PAWN_AUDIT_ENTRY,1711,10445807991072861552,3630625290030950753,4831576952288226808,5563857811993608875,405,259,260,228,9,8,6,10,18446744073709547979,18446744073709548571,3,0,0,0,0,1,0,0,0,106,106,18446744073699234156,11,3337,0,0,0,2,18446744073709551075,18446744073709549959,18446744073709551030,192,5,1,1,11090425736916188940,3,0,3,8229941631192796741,0,4,1,0
PAWN_AUDIT_RESULT,1711,6,6,87,0,0,87,0,1,1,0,0
PAWN_AUDIT_ENTRY,1712,3630625290030950753,7129483594649075164,4831576952288226808,12053971276635652155,2014,259,260,228,9,8,5,14,18446744073709544714,18446744073709548090,3,0,0,0,0,1,0,0,0,106,106,18446744073699234156,11,3339,0,0,0,5,18446744073709549055,18446744073709551030,18446744073709551030,192,5,1,1,11090425736916188940,3,0,3,8229941631192796741,0,4,1,0
PAWN_AUDIT_RESULT,1712,5,5,76,0,0,76,0,0,0,0,0
PAWN_AUDIT_ENTRY,1848,16107851964437561754,18441545617312497611,4831576952288226808,15913750579570950565,2007,259,260,235,11,10,8,3,18446744073709540999,18446744073709551448,3,0,0,0,0,1,0,0,0,105,105,18446744073699170742,12,3525,0,0,0,5,18446744073709547408,18446744073709550945,18446744073709551030,228,9,1,1,11090425736916188940,3,0,3,8229941631192796741,0,4,1,0
PAWN_AUDIT_RESULT,1848,8,8,95,0,0,95,0,0,0,0,0
PAWN_AUDIT_ENTRY,1851,3970388062656702541,5679648618829149253,4831576952288226808,6890590505988479047,2013,259,260,235,11,10,7,8,18446744073709542600,18446744073709548874,3,0,0,0,0,1,0,0,0,105,105,18446744073699170742,12,3530,0,0,0,5,18446744073709548141,18446744073709550935,18446744073709551030,228,9,1,1,11090425736916188940,3,0,3,8229941631192796741,0,4,1,0
PAWN_AUDIT_RESULT,1851,7,7,112,0,0,112,0,0,0,0,0
PAWN_AUDIT_ENTRY,1852,5679648618829149253,8251266175391693113,4831576952288226808,17090035395392296269,2006,259,260,235,11,10,7,9,18446744073709542432,18446744073709548874,3,0,0,0,0,1,0,0,0,105,105,18446744073699170742,12,3531,0,0,0,5,18446744073709548141,18446744073709550782,18446744073709551030,228,9,1,1,11090425736916188940,3,0,3,8229941631192796741,0,4,1,0
PAWN_AUDIT_RESULT,1852,7,7,127,0,0,127,0,0,0,0,0
PAWN_AUDIT_ENTRY,1853,8251266175391693113,512029435534162641,4831576952288226808,4310235710566603512,1997,259,260,235,11,10,7,10,18446744073709542593,18446744073709548896,3,0,0,0,0,1,0,0,0,105,105,18446744073699170742,12,3532,0,0,0,5,18446744073709548156,18446744073709550899,18446744073709551030,228,9,1,1,11090425736916188940,3,0,3,8229941631192796741,0,4,1,0
PAWN_AUDIT_RESULT,1853,7,7,129,0,0,129,0,0,0,0,0
PAWN_AUDIT_ENTRY,1854,512029435534162641,7930957887094501527,4831576952288226808,16546409582559976771,339,259,260,235,11,10,7,11,18446744073709548121,18446744073709548810,3,0,0,0,0,1,0,0,0,105,105,18446744073699170742,12,3533,0,0,0,3,18446744073709550604,18446744073709551030,18446744073709551030,228,9,1,1,11090425736916188940,3,0,3,8229941631192796741,0,4,1,0
PAWN_AUDIT_RESULT,1854,7,7,213,0,0,213,0,1,1,0,0
PAWN_AUDIT_ENTRY,1855,7930957887094501527,6500997614073183416,4831576952288226808,7030575582776794081,139,259,260,235,11,10,7,12,18446744073709543550,18446744073709550295,3,0,0,0,0,1,0,0,0,105,105,18446744073699170742,12,3535,0,0,0,3,18446744073709548456,18446744073709551169,18446744073709551030,228,9,1,1,11090425736916188940,3,0,3,8229941631192796741,0,4,1,0
PAWN_AUDIT_RESULT,1855,7,7,59,0,0,59,0,4,4,0,0
PAWN_AUDIT_ENTRY,1857,9278637477177163946,820361459931842651,4831576952288226808,14331586956150136079,75,259,260,235,11,10,6,13,18446744073709542196,18446744073709548909,3,0,0,0,0,1,0,0,0,105,105,18446744073699170742,12,3540,0,0,0,2,18446744073709548048,18446744073709550754,18446744073709551030,228,9,1,1,11090425736916188940,3,0,3,8229941631192796741,0,4,1,0
PAWN_AUDIT_RESULT,1857,6,6,-1,0,0,-1,0,2,2,0,0
PAWN_AUDIT_ENTRY,1858,820361459931842651,15214175378167152676,4831576952288226808,12053971276635652155,2014,259,260,235,11,10,5,14,18446744073709542704,18446744073709548041,3,0,0,0,0,1,0,0,0,105,105,18446744073699170742,12,3543,0,0,0,5,18446744073709548141,18446744073709551030,18446744073709551030,228,9,1,1,11090425736916188940,3,0,3,8229941631192796741,0,4,1,0
PAWN_AUDIT_RESULT,1858,5,5,71,0,0,71,0,0,0,0,0
PAWN_AUDIT_ENTRY,1859,15214175378167152676,2333392581637357027,4831576952288226808,15505084249445037230,396,259,260,235,11,10,5,15,18446744073709545182,18446744073709549861,3,0,0,0,0,1,0,0,0,105,105,18446744073699170742,12,3544,0,0,0,2,18446744073709549386,18446744073709550793,18446744073709551030,228,9,1,1,11090425736916188940,3,0,3,8229941631192796741,0,4,1,0
PAWN_AUDIT_RESULT,1859,5,5,144,0,0,144,0,0,0,0,0
PAWN_AUDIT_ENTRY,1860,2333392581637357027,2143347873101337880,4831576952288226808,10129177746059437625,407,259,260,235,11,10,4,20,18446744073709540210,18446744073709548227,3,0,0,0,0,1,0,0,0,105,105,18446744073699170742,12,3545,0,0,0,2,18446744073709547007,18446744073709551030,18446744073709551030,228,9,1,1,11090425736916188940,3,0,3,8229941631192796741,0,4,1,0
PAWN_AUDIT_RESULT,1860,4,4,125,0,0,125,0,0,0,0,0
PAWN_AUDIT_ENTRY,1861,2143347873101337880,2818819729215908164,4831576952288226808,15995081463962839860,332,259,260,235,11,10,4,21,18446744073709540624,18446744073709547584,3,0,0,0,0,1,0,0,0,105,105,18446744073699170742,12,3546,0,0,0,3,18446744073709547195,18446744073709551030,18446744073709551030,228,9,1,1,11090425736916188940,3,0,3,8229941631192796741,0,4,1,0
PAWN_AUDIT_RESULT,1861,4,4,172,0,0,172,0,0,0,0,0
PAWN_AUDIT_ENTRY,1862,2818819729215908164,18153101336983055067,4831576952288226808,1177027295462546642,82,259,260,235,11,10,5,33,18446744073709543972,18446744073709547829,3,0,0,0,0,1,0,0,0,105,105,18446744073699170742,12,3547,0,0,0,2,18446744073709548500,18446744073709551465,18446744073709551030,228,9,1,1,11090425736916188940,3,0,3,8229941631192796741,0,4,1,0
PAWN_AUDIT_RESULT,1862,5,5,134,0,0,134,0,0,0,0,0
PAWN_AUDIT_ENTRY,1863,18153101336983055067,5434579344221372706,4831576952288226808,5244398502176102376,166,259,260,235,11,10,5,39,18446744073709544714,18446744073709547758,3,0,0,0,0,1,0,0,0,105,105,18446744073699170742,12,3548,0,0,0,3,18446744073709549055,18446744073709551030,18446744073709551030,228,9,1,1,11090425736916188940,3,0,3,8229941631192796741,0,4,1,0
PAWN_AUDIT_RESULT,1863,5,5,-91,0,0,-91,0,0,0,0,0
PAWN_AUDIT_ENTRY,1871,14905832585930084104,3558515764995141147,9006522435107550914,15731084584934835833,339,259,260,232,12,11,8,2,18446744073709546751,18446744073709548674,5,0,0,0,0,0,0,0,0,18446744073709551458,18446744073709551458,18446744073707071692,12,3570,0,0,0,3,18446744073709550993,18446744073709550378,18446744073709549617,247,8,1,1,8242954762181594215,2,0,5,5604181643494643071,0,3,1,0
PAWN_AUDIT_RESULT,1871,8,8,59,0,0,59,0,0,0,0,0
PAWN_AUDIT_ENTRY,1875,17857119509315309053,1558039934627302979,9006522435107550914,11121417674048105220,1076,259,260,232,12,11,5,7,18446744073709539799,18446744073709550278,5,0,0,0,0,0,0,0,1,18446744073709551458,18446744073709551458,18446744073707071692,12,3578,0,0,0,3,18446744073709546820,18446744073709551030,18446744073709551030,247,8,1,1,8242954762181594215,2,0,5,5604181643494643071,0,3,1,0
PAWN_AUDIT_RESULT,1875,5,5,-169,0,0,-169,0,0,0,0,0
PAWN_AUDIT_ENTRY,1876,1558039934627302979,8993767496369260467,9006522435107550914,4677854117467012166,1058,259,260,232,12,11,5,9,18446744073709538761,18446744073709550278,5,0,0,0,0,0,0,0,0,18446744073709551458,18446744073709551458,18446744073707071692,12,3579,0,0,0,3,18446744073709546348,18446744073709551030,18446744073709551030,247,8,1,1,8242954762181594215,2,0,5,5604181643494643071,0,3,1,0
PAWN_AUDIT_RESULT,1876,5,5,-49,0,0,-49,0,0,0,0,0
PAWN_AUDIT_ENTRY,1877,8993767496369260467,11654048824009888348,9006522435107550914,3900086586590171390,1026,259,260,232,12,11,5,10,18446744073709537928,18446744073709550278,5,0,0,0,0,0,0,0,0,18446744073709551458,18446744073709551458,18446744073707071692,12,3580,0,0,0,3,18446744073709545969,18446744073709551030,18446744073709551030,247,8,1,1,8242954762181594215,2,0,5,5604181643494643071,0,3,1,0
PAWN_AUDIT_RESULT,1877,5,5,1,0,0,1,0,0,0,0,0
PAWN_AUDIT_ENTRY,1878,11654048824009888348,4295061943320144306,9006522435107550914,11096467377678614774,666,259,260,232,12,11,4,11,18446744073709537776,18446744073709550278,5,0,0,0,0,0,0,0,0,18446744073709551458,18446744073709551458,18446744073707071692,12,3581,0,0,0,1,18446744073709545900,18446744073709551030,18446744073709551030,247,8,1,1,8242954762181594215,2,0,5,5604181643494643071,0,0,1,0
PAWN_AUDIT_RESULT,1878,4,4,75,0,0,75,0,0,0,0,0
PAWN_AUDIT_ENTRY,1882,18108827005775494699,13797834312241003266,18026234817855763797,12738556300468736873,144,259,260,164,7,6,4,2,18446744073709544404,18446744073709549422,7,0,0,0,0,0,0,0,1,148,148,18446744073693320827,12,3592,0,0,1,3,18446744073709549935,18446744073709549878,18446744073709550113,220,3,1,1,7577740799014679324,0,0,7,10005657511180803756,0,1,1,0
PAWN_AUDIT_RESULT,1882,4,4,51,0,0,51,0,2,2,0,0
PAWN_AUDIT_ENTRY,1883,13797834312241003266,14414745209483406179,18026234817855763797,7929193341351390211,396,259,260,164,7,6,2,3,18446744073709546074,18446744073709549799,7,0,0,0,0,0,0,0,0,148,148,18446744073693320827,12,3595,0,0,1,2,18446744073709549673,18446744073709551030,18446744073709551030,220,3,1,1,7577740799014679324,0,0,7,10005657511180803756,0,1,1,0
PAWN_AUDIT_RESULT,1883,2,2,183,0,0,183,0,0,0,0,0
PAWN_AUDIT_ENTRY,1884,14414745209483406179,4360497935421261715,18026234817855763797,15615853007084356428,139,259,260,183,7,6,2,4,18446744073709546660,18446744073709548583,7,0,0,0,0,0,0,0,0,148,148,18446744073693320827,12,3596,0,0,1,3,18446744073709550006,18446744073709550579,18446744073709551358,220,3,1,1,7577740799014679324,0,0,7,10005657511180803756,0,1,1,0
PAWN_AUDIT_RESULT,1884,2,2,171,0,0,171,0,0,0,0,0
PAWN_AUDIT_ENTRY,1885,4360497935421261715,7568831619712619598,18026234817855763797,9206271106803811746,75,259,260,183,7,6,1,5,18446744073709541331,18446744073709550075,7,0,0,0,0,0,0,0,0,148,148,18446744073693320827,12,3597,0,0,1,2,18446744073709548706,18446744073709550113,18446744073709549524,220,3,1,1,7577740799014679324,0,0,7,10005657511180803756,0,1,1,0
PAWN_AUDIT_RESULT,1885,1,1,197,0,0,197,0,0,0,0,0
PAWN_AUDIT_ENTRY,1886,7568831619712619598,8976051969132781218,18026234817855763797,7268468350470599577,332,259,260,197,7,6,1,7,18446744073709540334,18446744073709550278,7,0,0,0,0,0,0,0,0,148,148,18446744073693320827,12,3598,0,0,1,3,18446744073709547063,18446744073709551030,18446744073709551030,220,3,1,1,7577740799014679324,0,0,7,10005657511180803756,0,1,1,0
PAWN_AUDIT_RESULT,1886,1,1,172,0,0,172,0,0,0,0,0
PAWN_AUDIT_ENTRY,1887,8976051969132781218,7903395198332197174,18026234817855763797,8419258919324059656,346,259,260,197,7,6,1,8,18446744073709538933,18446744073709550278,7,0,0,0,0,0,0,0,0,148,148,18446744073693320827,12,3599,0,0,1,3,18446744073709546426,18446744073709551030,18446744073709551030,220,3,1,1,7577740799014679324,0,0,7,10005657511180803756,0,1,1,0
PAWN_AUDIT_RESULT,1887,1,1,117,0,0,117,0,1,1,0,0
PAWN_AUDIT_ENTRY,1888,7903395198332197174,5859673453454384010,18026234817855763797,16747223588543371588,259,259,260,197,7,6,1,9,18446744073709539869,18446744073709550278,7,0,0,0,0,0,0,0,0,148,148,18446744073693320827,12,3601,0,0,1,6,18446744073709547155,18446744073709551030,18446744073709550405,220,3,1,1,7577740799014679324,0,0,7,10005657511180803756,0,1,1,0
PAWN_AUDIT_RESULT,1888,1,1,157,0,0,157,0,0,0,0,0
PAWN_AUDIT_ENTRY,1889,5859673453454384010,17741850593632638256,18026234817855763797,1999920081675725402,843,259,260,197,7,6,1,11,18446744073709542850,18446744073709548550,7,0,0,0,0,0,0,0,0,148,148,18446744073693320827,12,3602,0,0,1,5,18446744073709548816,18446744073709550521,18446744073709550300,220,3,1,1,7577740799014679324,0,0,7,10005657511180803756,0,1,1,0
PAWN_AUDIT_RESULT,1889,1,1,75,0,0,75,0,0,0,0,0
PAWN_AUDIT_ENTRY,1890,17741850593632638256,15852734446238744779,18026234817855763797,10097674565034123564,854,259,260,197,7,6,1,12,18446744073709544378,18446744073709548261,7,0,0,0,0,0,0,0,0,148,148,18446744073693320827,12,3603,0,0,1,5,18446744073709549816,18446744073709550002,18446744073709550206,220,3,1,1,7577740799014679324,0,0,7,10005657511180803756,0,1,1,0
PAWN_AUDIT_RESULT,1890,1,1,138,0,0,138,0,0,0,0,0
PAWN_AUDIT_ENTRY,1891,15852734446238744779,16125694424472186268,18026234817855763797,1394752895159925144,844,259,260,197,7,6,1,13,18446744073709542661,18446744073709548613,7,0,0,0,0,0,0,0,0,148,148,18446744073693320827,12,3604,0,0,1,5,18446744073709548491,18446744073709550632,18446744073709550678,220,3,1,1,7577740799014679324,0,0,7,10005657511180803756,0,1,1,0
PAWN_AUDIT_RESULT,1891,1,1,85,0,0,85,0,0,0,0,0
PAWN_AUDIT_ENTRY,1892,16125694424472186268,4393280116161480793,18026234817855763797,4516669178046950438,861,259,260,197,7,6,1,14,18446744073709543564,18446744073709548474,7,0,0,0,0,0,0,0,0,148,148,18446744073693320827,12,3605,0,0,1,5,18446744073709549117,18446744073709550383,18446744073709550491,220,3,1,1,7577740799014679324,0,0,7,10005657511180803756,0,1,1,0
PAWN_AUDIT_RESULT,1892,1,1,149,0,0,149,0,0,0,0,0
PAWN_AUDIT_ENTRY,1893,4393280116161480793,80455639377939201,18026234817855763797,4238451585407690764,852,259,260,197,7,6,1,15,18446744073709543067,18446744073709548514,7,0,0,0,0,0,0,0,0,148,148,18446744073693320827,12,3606,0,0,1,5,18446744073709548829,18446744073709550455,18446744073709550545,220,3,1,1,7577740799014679324,0,0,7,10005657511180803756,0,1,1,0
PAWN_AUDIT_RESULT,1893,1,1,102,0,0,102,0,0,0,0,0
PAWN_AUDIT_ENTRY,1894,80455639377939201,4126805159909947260,18026234817855763797,9436783009715847765,863,259,260,197,7,6,1,17,18446744073709542681,18446744073709548379,7,0,0,0,0,0,0,0,0,148,148,18446744073693320827,12,3607,0,0,1,5,18446744073709548862,18446744073709550213,18446744073709550364,220,3,1,1,7577740799014679324,0,0,7,10005657511180803756,0,1,1,0
PAWN_AUDIT_RESULT,1894,1,1,101,0,0,101,0,0,0,0,0
PAWN_AUDIT_ENTRY,1905,7812523891329628968,864360853256138076,7079397584257791974,7825022212399097793,2389,259,260,259,9,8,5,6,18446744073709546034,18446744073709549367,5,0,0,0,0,1,0,0,0,92,92,18446744073693642988,12,3639,0,0,0,5,18446744073709549914,18446744073709551030,18446744073709550496,227,5,1,1,13343491483384136489,0,0,5,4645526852373947253,0,1,1,0
PAWN_AUDIT_RESULT,1905,5,5,207,0,0,207,0,2,2,0,0
PAWN_AUDIT_ENTRY,1906,864360853256138076,5104711271600703025,7079397584257791974,2944631647735337434,144,259,260,259,9,8,3,8,18446744073709544723,18446744073709549975,5,0,0,0,0,1,0,0,1,92,92,18446744073693642988,12,3642,0,0,0,3,18446744073709549935,18446744073709550375,18446744073709549900,227,5,1,1,13343491483384136489,0,0,5,4645526852373947253,0,1,1,0
PAWN_AUDIT_RESULT,1906,3,3,120,0,0,120,0,2,2,0,0
PAWN_AUDIT_ENTRY,1907,5104711271600703025,15886817864447208463,7079397584257791974,3559958261359757004,82,259,260,259,9,8,3,9,18446744073709548691,4577,5,0,0,0,0,1,0,0,0,92,92,18446744073693642988,12,3645,0,0,0,2,18446744073709549765,767,283,227,5,1,1,13343491483384136489,0,0,5,4645526852373947253,0,1,1,0
PAWN_AUDIT_RESULT,1907,3,3,-801,0,0,-801,0,2,2,0,0
PAWN_AUDIT_ENTRY,1908,15886817864447208463,7419242173914747114,7079397584257791974,14164525489807443805,339,259,260,259,9,8,3,15,18446744073709545766,868,5,0,0,0,0,1,0,0,0,92,92,18446744073693642988,12,3648,0,0,0,3,18446744073709550119,18446744073709551030,18446744073709549823,227,5,1,1,13343491483384136489,0,0,5,4645526852373947253,0,1,1,0
PAWN_AUDIT_RESULT,1908,3,3,-818,0,0,-818,0,2,2,0,0
PAWN_AUDIT_ENTRY,1909,7419242173914747114,6247713839874121692,7079397584257791974,16705576546925561617,75,259,260,259,9,8,3,16,18446744073709547417,18446744073709551271,5,0,0,0,0,1,0,0,0,92,92,18446744073693642988,12,3651,0,0,0,2,18446744073709549605,18446744073709550754,1097,227,5,1,1,13343491483384136489,0,0,5,4645526852373947253,0,1,1,0
PAWN_AUDIT_RESULT,1909,3,3,199,0,0,199,0,0,0,0,0
PAWN_AUDIT_ENTRY,1910,6247713839874121692,3792143813797113687,7079397584257791974,7783605575170021557,405,259,260,259,9,8,3,17,18446744073709549488,18446744073709549057,5,0,0,0,0,1,0,0,0,92,92,18446744073693642988,12,3652,0,0,0,2,18446744073709551379,18446744073709551030,18446744073709550714,227,5,1,1,13343491483384136489,0,0,5,4645526852373947253,0,1,1,0
PAWN_AUDIT_RESULT,1910,3,3,79,0,0,79,0,0,0,0,0
PAWN_AUDIT_ENTRY,1920,17051042211152753293,17336179071435298023,514661579498828611,10593692969710643733,396,259,260,259,11,10,8,5,18446744073709541441,1001,3,0,0,0,0,1,0,0,0,257,275,18446744073677719575,12,3664,0,0,1,2,18446744073709548884,18446744073709549612,18446744073709549776,257,10,1,1,8242954762181594215,0,0,3,5502432833406508004,0,1,1,0
PAWN_AUDIT_RESULT,1920,8,8,208,0,0,208,0,0,0,0,0
PAWN_AUDIT_ENTRY,1921,17336179071435298023,2803141913477835143,514661579498828611,2718163611795653978,139,259,260,259,11,10,8,6,18446744073709545349,18446744073709549238,3,0,0,0,0,1,0,0,0,257,275,18446744073677719575,12,3665,0,0,1,3,18446744073709549365,18446744073709550658,18446744073709551369,257,10,1,1,8242954762181594215,0,0,3,5502432833406508004,0,1,1,0
PAWN_AUDIT_RESULT,1921,8,8,136,0,0,136,0,3,3,0,0
PAWN_AUDIT_ENTRY,1922,2803141913477835143,16299587326885866968,514661579498828611,11640084851869107192,339,259,260,259,11,10,7,7,18446744073709549421,18446744073709548674,3,0,0,0,0,1,0,0,0,257,275,18446744073677719575,12,3669,0,0,1,3,18446744073709551395,18446744073709550630,18446744073709551030,257,10,1,1,8242954762181594215,0,0,3,5502432833406508004,0,1,1,0
PAWN_AUDIT_RESULT,1922,7,7,235,0,0,235,0,0,0,0,0
PAWN_AUDIT_ENTRY,1923,16299587326885866968,12675826457750284193,514661579498828611,10912069276200918615,1366,259,260,259,11,10,6,8,18446744073709540399,18446744073709548874,3,0,0,0,0,1,0,0,0,257,275,18446744073677719575,12,3670,0,0,1,5,18446744073709547371,18446744073709550890,18446744073709550601,257,10,1,1,8242954762181594215,0,0,3,5502432833406508004,0,1,1,0
PAWN_AUDIT_RESULT,1923,6,6,257,0,0,257,0,1,1,0,0
PAWN_AUDIT_ENTRY,1924,12675826457750284193,14236493965940911449,514661579498828611,2730094083379975005,1373,259,260,259,11,10,6,9,18446744073709540079,18446744073709548874,3,0,0,0,0,1,0,0,0,257,275,18446744073677719575,12,3672,0,0,1,5,18446744073709547145,18446744073709550794,18446744073709550866,257,10,1,1,8242954762181594215,0,0,3,5502432833406508004,0,1,1,0
PAWN_AUDIT_RESULT,1924,6,6,124,0,0,124,0,0,0,0,0
PAWN_AUDIT_ENTRY,1925,14236493965940911449,17783740235460923052,514661579498828611,1541475625580633938,259,259,260,259,11,10,6,10,18446744073709539489,18446744073709548874,3,0,0,0,0,1,0,0,0,257,275,18446744073677719575,12,3673,0,0,1,6,18446744073709546679,18446744073709551030,18446744073709551030,257,10,1,1,8242954762181594215,0,0,3,5502432833406508004,0,1,1,0
PAWN_AUDIT_RESULT,1925,6,6,163,0,0,163,0,2,2,0,0
PAWN_AUDIT_ENTRY,1926,17783740235460923052,7922860731516754165,514661579498828611,11891820162434732357,536,259,260,259,11,10,6,11,18446744073709537591,18446744073709550278,3,0,0,0,0,1,0,0,0,257,275,18446744073677719575,12,3676,0,0,1,1,18446744073709545816,18446744073709551030,18446744073709551030,257,10,1,1,8242954762181594215,0,0,3,5502432833406508004,0,0,1,0
PAWN_AUDIT_RESULT,1926,6,6,185,0,0,185,0,5,5,0,0
PAWN_AUDIT_ENTRY,1927,7922860731516754165,10111852850443800773,514661579498828611,2422745250005604215,1364,259,260,259,11,10,6,12,18446744073709539845,18446744073709548874,3,0,0,0,0,1,0,0,0,257,275,18446744073677719575,12,3682,0,0,1,5,18446744073709547004,18446744073709550948,18446744073709550778,257,10,1,1,8242954762181594215,0,0,3,5502432833406508004,0,1,1,0
PAWN_AUDIT_RESULT,1927,6,6,131,0,0,131,0,0,0,0,0
PAWN_AUDIT_ENTRY,1928,10111852850443800773,14898744217689417391,514661579498828611,16187313861031512645,1347,259,260,259,11,10,6,13,18446744073709540597,18446744073709548874,3,0,0,0,0,1,0,0,0,257,275,18446744073677719575,12,3683,0,0,1,5,18446744073709547370,18446744073709551030,18446744073709550644,257,10,1,1,8242954762181594215,0,0,3,5502432833406508004,0,1,1,0
PAWN_AUDIT_RESULT,1928,6,6,94,0,0,94,0,0,0,0,0
PAWN_AUDIT_ENTRY,1929,14898744217689417391,15115889129741101228,514661579498828611,16296129964229838199,666,259,260,259,11,10,6,14,18446744073709537571,18446744073709550278,3,0,0,0,0,1,0,0,0,257,275,18446744073677719575,12,3684,0,0,1,1,18446744073709545807,18446744073709551030,18446744073709551030,257,10,1,1,8242954762181594215,0,0,3,5502432833406508004,0,0,1,0
PAWN_AUDIT_RESULT,1929,6,6,99,0,0,99,0,5,5,0,0
PAWN_AUDIT_ENTRY,1930,15115889129741101228,13236642722384464365,514661579498828611,9269794328011865170,1363,259,260,259,11,10,6,15,18446744073709539660,18446744073709548874,3,0,0,0,0,1,0,0,0,257,275,18446744073677719575,12,3690,0,0,1,5,18446744073709546908,18446744073709551030,18446744073709550718,257,10,1,1,8242954762181594215,0,0,3,5502432833406508004,0,1,1,0
PAWN_AUDIT_RESULT,1930,6,6,95,0,0,95,0,0,0,0,0
PAWN_AUDIT_ENTRY,1931,13236642722384464365,7669692692671921374,514661579498828611,582786153028486883,1356,259,260,259,11,10,6,16,18446744073709540094,18446744073709548874,3,0,0,0,0,1,0,0,0,257,275,18446744073677719575,12,3691,0,0,1,5,18446744073709547082,18446744073709550971,18446744073709550827,257,10,1,1,8242954762181594215,0,0,3,5502432833406508004,0,1,1,0
PAWN_AUDIT_RESULT,1931,6,6,105,0,0,105,0,0,0,0,0
PAWN_AUDIT_ENTRY,1932,7669692692671921374,5756708258579581278,514661579498828611,9425262433229358004,75,259,260,259,11,10,7,17,18446744073709547969,18446744073709547431,3,0,0,0,0,1,0,0,0,257,275,18446744073677719575,12,3692,0,0,1,2,18446744073709550421,105,18446744073709550553,257,10,1,1,8242954762181594215,0,0,3,5502432833406508004,0,1,1,0
PAWN_AUDIT_ENTRY,1933,5756708258579581278,3106463987091977579,12967789476084506633,7184099309293667300,730,259,260,31,6,5,2,2,18446744073709548288,18446744073709549864,5,0,0,0,0,0,0,0,0,18446744073709551461,18446744073709551461,18446744073707124537,12,3695,0,0,0,2,18446744073709550680,18446744073709551030,18446744073709551030,108,2,1,1,8242954762181594215,2,0,5,9425262433229358004,0,3,1,0
PAWN_AUDIT_RESULT,1933,2,2,25,0,0,25,0,0,0,0,0
PAWN_AUDIT_RESULT,1932,7,7,248,0,0,248,0,3,3,0,0
PAWN_AUDIT_ENTRY,1934,3106463987091977579,2311236100962215000,514661579498828611,1720501660548468089,1362,259,260,259,11,10,6,18,18446744073709539480,18446744073709548874,3,0,0,0,0,1,0,0,0,257,275,18446744073677719575,12,3696,0,0,1,5,18446744073709546852,18446744073709551013,18446744073709550683,257,10,1,1,8242954762181594215,0,0,3,5502432833406508004,0,1,1,0
PAWN_AUDIT_RESULT,1934,6,6,112,0,0,112,0,0,0,0,0
PAWN_AUDIT_ENTRY,1935,2311236100962215000,5292685739092119977,514661579498828611,14464248255147489410,407,259,260,259,11,10,6,19,18446744073709538998,18446744073709549647,3,0,0,0,0,1,0,0,0,257,275,18446744073677719575,12,3697,0,0,1,2,18446744073709546498,18446744073709550945,18446744073709551030,257,10,1,1,8242954762181594215,0,0,3,5502432833406508004,0,1,1,0
PAWN_AUDIT_RESULT,1935,6,6,187,0,0,187,0,5,5,0,0
PAWN_AUDIT_ENTRY,1936,5292685739092119977,12865341643180659414,514661579498828611,12005341249405143743,1367,259,260,259,11,10,6,20,18446744073709540237,18446744073709548874,3,0,0,0,0,1,0,0,0,257,275,18446744073677719575,12,3703,0,0,1,5,18446744073709547172,18446744073709550868,18446744073709550882,257,10,1,1,8242954762181594215,0,0,3,5502432833406508004,0,1,1,0
PAWN_AUDIT_RESULT,1936,6,6,113,0,0,113,0,0,0,0,0
PAWN_AUDIT_ENTRY,1937,12865341643180659414,11229182483367947605,514661579498828611,4724976530287727074,1357,259,260,259,11,10,6,21,18446744073709538549,18446744073709548874,3,0,0,0,0,1,0,0,0,257,275,18446744073677719575,12,3704,0,0,1,5,18446744073709547689,18446744073709549988,18446744073709549142,257,10,1,1,8242954762181594215,0,0,3,5502432833406508004,0,1,1,0
PAWN_AUDIT_RESULT,1937,6,6,152,0,0,152,0,0,0,0,0
PAWN_AUDIT_ENTRY,1938,11229182483367947605,10168936424638291828,514661579498828611,15829677562581408681,991,259,260,259,11,10,5,22,18446744073709536173,18446744073709550278,3,0,0,0,0,1,0,0,0,257,275,18446744073677719575,12,3705,0,0,1,1,18446744073709545171,18446744073709551030,18446744073709551030,257,10,1,1,8242954762181594215,0,0,3,5502432833406508004,0,0,1,0
PAWN_AUDIT_RESULT,1938,5,5,79,0,0,79,0,5,5,0,0
PAWN_AUDIT_ENTRY,1939,10168936424638291828,8172135051282694854,514661579498828611,9933053555858083358,346,259,260,259,11,10,6,23,18446744073709543091,18446744073709547995,3,0,0,0,0,1,0,0,0,257,275,18446744073677719575,12,3711,0,0,1,3,18446744073709547752,18446744073709551030,578,257,10,1,1,8242954762181594215,0,0,3,5502432833406508004,0,1,1,0
PAWN_AUDIT_RESULT,1939,6,6,179,0,0,179,0,5,5,0,0
PAWN_AUDIT_ENTRY,1940,8172135051282694854,184543437044775653,514661579498828611,11224007499661426402,983,259,260,259,11,10,5,24,18446744073709535790,18446744073709550278,3,0,0,0,0,1,0,0,0,257,275,18446744073677719575,12,3717,0,0,1,1,18446744073709544997,18446744073709551030,18446744073709551030,257,10,1,1,8242954762181594215,0,0,3,5502432833406508004,0,0,1,0
PAWN_AUDIT_RESULT,1940,5,5,187,0,0,187,0,0,0,0,0
PAWN_AUDIT_ENTRY,1941,184543437044775653,9611301792726732502,514661579498828611,11083558252766279055,332,259,260,259,11,10,6,25,18446744073709539676,18446744073709548217,3,0,0,0,0,1,0,0,0,257,275,18446744073677719575,12,3718,0,0,1,3,18446744073709546764,18446744073709551030,18446744073709551030,257,10,1,1,8242954762181594215,0,0,3,5502432833406508004,0,1,1,0
PAWN_AUDIT_RESULT,1941,6,6,194,0,0,194,0,5,5,0,0
PAWN_AUDIT_ENTRY,1942,9611301792726732502,5938986544464124549,514661579498828611,17170900081375365029,918,259,260,259,11,10,5,26,18446744073709535234,18446744073709550278,3,0,0,0,0,1,0,0,0,257,275,18446744073677719575,12,3724,0,0,1,1,18446744073709544744,18446744073709551030,18446744073709551030,257,10,1,1,8242954762181594215,0,0,3,5502432833406508004,0,0,1,0
PAWN_AUDIT_RESULT,1942,5,5,177,0,0,177,0,0,0,0,0
PAWN_AUDIT_ENTRY,1943,5938986544464124549,10264610525598825018,514661579498828611,15279083949776881571,528,259,260,259,11,10,5,27,18446744073709535071,18446744073709550278,3,0,0,0,0,1,0,0,0,257,275,18446744073677719575,12,3725,0,0,1,1,18446744073709544670,18446744073709551030,18446744073709551030,257,10,1,1,8242954762181594215,0,0,3,5502432833406508004,0,0,1,0
PAWN_AUDIT_RESULT,1943,5,5,170,0,0,170,0,0,0,0,0
PAWN_AUDIT_ENTRY,1944,10264610525598825018,3813187966858435131,514661579498828611,14379093470660318120,1828,259,260,259,11,10,5,28,18446744073709535141,18446744073709550278,3,0,0,0,0,1,0,0,0,257,275,18446744073677719575,12,3726,0,0,1,1,18446744073709544702,18446744073709551030,18446744073709551030,257,10,1,1,8242954762181594215,0,0,3,5502432833406508004,0,0,1,0
PAWN_AUDIT_RESULT,1944,5,5,168,0,0,168,0,0,0,0,0
PAWN_AUDIT_ENTRY,1945,3813187966858435131,608997238443499281,514661579498828611,491639445145456446,926,259,260,259,11,10,5,29,18446744073709534987,18446744073709550278,3,0,0,0,0,1,0,0,0,257,275,18446744073677719575,12,3727,0,0,1,1,18446744073709544632,18446744073709551030,18446744073709551030,257,10,1,1,8242954762181594215,0,0,3,5502432833406508004,0,0,1,0
PAWN_AUDIT_RESULT,1945,5,5,54,0,0,54,0,3,3,0,0
PAWN_AUDIT_ENTRY,1946,608997238443499281,12951335944472345402,514661579498828611,3366528289126805951,137,259,260,259,11,10,6,30,18446744073709538431,18446744073709548874,3,0,0,0,0,1,0,0,0,257,275,18446744073677719575,12,3731,0,0,1,3,18446744073709546211,18446744073709551004,18446744073709551030,257,10,1,1,8242954762181594215,0,0,3,5502432833406508004,0,1,1,0
PAWN_AUDIT_RESULT,1946,6,6,34,0,0,34,0,2,2,0,0
PAWN_AUDIT_ENTRY,1947,12951335944472345402,16949942893327386358,514661579498828611,18288258532576322716,157,259,260,259,11,10,6,31,18446744073709537994,18446744073709548874,3,0,0,0,0,1,0,0,0,257,275,18446744073677719575,12,3734,0,0,1,3,18446744073709545999,18446744073709551030,18446744073709551030,257,10,1,1,8242954762181594215,0,0,3,5502432833406508004,0,1,1,0
PAWN_AUDIT_RESULT,1947,6,6,203,0,0,203,0,0,0,0,0
PAWN_AUDIT_ENTRY,1948,16949942893327386358,3950784309191959122,514661579498828611,12240829420847473942,267,259,260,259,11,10,6,32,18446744073709537615,18446744073709548874,3,0,0,0,0,1,0,0,0,257,275,18446744073677719575,12,3735,0,0,1,6,18446744073709545827,18446744073709551030,18446744073709551030,257,10,1,1,8242954762181594215,0,0,3,5502432833406508004,0,1,1,0
PAWN_AUDIT_RESULT,1948,6,6,86,0,0,86,0,0,0,0,0
PAWN_AUDIT_ENTRY,1949,3950784309191959122,7942098717445530258,514661579498828611,10757118655377821290,1113,259,260,259,11,10,6,33,18446744073709534772,18446744073709550278,3,0,0,0,0,1,0,0,0,257,275,18446744073677719575,12,3736,0,0,1,1,18446744073709544534,18446744073709551030,18446744073709551030,257,10,1,1,8242954762181594215,0,0,3,5502432833406508004,0,0,1,0
PAWN_AUDIT_RESULT,1949,6,6,129,0,0,129,0,0,0,0,0
PAWN_AUDIT_ENTRY,1950,7942098717445530258,10753385634981043406,514661579498828611,12841515190044232885,1763,259,260,259,11,10,6,34,18446744073709536018,18446744073709550278,3,0,0,0,0,1,0,0,0,257,275,18446744073677719575,12,3737,0,0,1,1,18446744073709545153,18446744073709550925,18446744073709551030,257,10,1,1,8242954762181594215,0,0,3,5502432833406508004,0,0,1,0
PAWN_AUDIT_RESULT,1950,6,6,259,0,0,259,0,4,4,0,0
PAWN_AUDIT_ENTRY,1951,10753385634981043406,8162697625243099652,514661579498828611,8574826662091814584,658,259,260,259,11,10,6,35,18446744073709536361,18446744073709550278,3,0,0,0,0,1,0,0,0,257,275,18446744073677719575,12,3742,0,0,1,1,18446744073709545321,18446744073709551030,18446744073709550897,257,10,1,1,8242954762181594215,0,0,3,5502432833406508004,0,0,1,0
PAWN_AUDIT_RESULT,1951,6,6,179,0,0,179,0,5,5,0,0
PAWN_AUDIT_ENTRY,1952,8162697625243099652,1162467283401127333,514661579498828611,1357110092364844666,148,259,260,259,11,10,6,36,18446744073709536752,18446744073709548874,3,0,0,0,0,1,0,0,0,257,275,18446744073677719575,12,3748,0,0,1,3,18446744073709545469,18446744073709550961,18446744073709551030,257,10,1,1,8242954762181594215,0,0,3,5502432833406508004,0,1,1,0
PAWN_AUDIT_RESULT,1952,6,6,193,0,0,193,0,5,5,0,0
PAWN_AUDIT_ENTRY,1953,1162467283401127333,2917957057721311159,514661579498828611,8593345646150277371,269,259,260,259,11,10,6,37,18446744073709535566,18446744073709548874,3,0,0,0,0,1,0,0,0,257,275,18446744073677719575,12,3754,0,0,1,6,18446744073709544895,18446744073709551030,18446744073709551030,257,10,1,1,8242954762181594215,0,0,3,5502432833406508004,0,1,1,0
PAWN_AUDIT_RESULT,1953,6,6,151,0,0,151,0,0,0,0,0
PAWN_AUDIT_ENTRY,1954,2917957057721311159,2223892802963619371,514661579498828611,11851945974779466935,268,259,260,259,11,10,6,38,18446744073709535339,18446744073709548874,3,0,0,0,0,1,0,0,0,257,275,18446744073677719575,12,3755,0,0,1,6,18446744073709544792,18446744073709551030,18446744073709551030,257,10,1,1,8242954762181594215,0,0,3,5502432833406508004,0,1,1,0
PAWN_AUDIT_RESULT,1954,6,6,7,0,0,7,0,0,0,0,0
PAWN_AUDIT_ENTRY,1955,2223892802963619371,14358550641031213979,514661579498828611,10103234051216017457,80,259,260,259,11,10,6,39,18446744073709535831,18446744073709548874,3,0,0,0,0,1,0,0,0,257,275,18446744073677719575,12,3756,0,0,1,2,18446744073709545063,18446744073709550935,18446744073709551030,257,10,1,1,8242954762181594215,0,0,3,5502432833406508004,0,1,1,0
PAWN_AUDIT_RESULT,1955,6,6,153,0,0,153,0,0,0,0,0
PAWN_AUDIT_ENTRY,1956,14358550641031213979,13380554907747768811,514661579498828611,6087987429282726505,82,259,260,259,11,10,7,40,18446744073709547497,18446744073709547777,3,0,0,0,0,1,0,0,0,257,275,18446744073677719575,12,3757,0,0,1,2,18446744073709550608,1244,18446744073709548552,257,10,1,1,8242954762181594215,0,0,3,5502432833406508004,0,1,1,0
PAWN_AUDIT_RESULT,1956,7,7,104,0,0,104,0,1,1,0,0
PAWN_AUDIT_ENTRY,1971,9606533282792863825,11225510893771802429,15815244571312141821,10491545848963322817,144,259,260,195,7,6,1,3,18446744073709545191,18446744073709550278,3,0,0,0,0,0,0,1959,1,91,18446744073709551175,18446744073706522864,12,3791,0,0,1,3,18446744073709549201,18446744073709551100,18446744073709551104,91,3,2,1,4101351359291447485,0,0,3,6468970739378658276,0,1,1,0
PAWN_AUDIT_RESULT,1971,1,1,137,0,0,137,0,1,1,0,0
PAWN_AUDIT_ENTRY,2013,15164565865380280659,17164203268364548776,13608971692183957901,5526488747509375805,2530,258,259,216,8,7,1,2,18446744073709550340,18446744073709550278,3,0,1,0,0,0,0,0,1,429,429,18446744073709380616,12,3844,0,0,1,5,18446744073709551613,18446744073709551030,18446744073709551030,32002,18446744073709551614,0,1,4459492652029598773,0,0,3,6029880492319341075,0,1,1,0
PAWN_AUDIT_RESULT,2013,1,1,-198,0,0,-198,0,1,1,0,0
PAWN_AUDIT_ENTRY,2014,17164203268364548776,7030578240295782473,13608971692183957901,17743826150119593905,144,258,259,216,8,7,1,3,18446744073709547381,18446744073709550278,3,0,1,0,0,0,0,0,1,429,429,18446744073709380616,12,3846,0,0,1,3,18446744073709551358,18446744073709548849,18446744073709551030,32002,18446744073709551614,0,1,4459492652029598773,0,0,3,6029880492319341075,0,1,1,0
PAWN_AUDIT_RESULT,2014,1,1,320,1,8,314,0,3,7,1,1
PAWN_AUDIT_ENTRY,2021,13002029161975863929,720052133600431420,6029880492319341075,3193713558924159714,2397,18446744073709551357,18446744073709551358,18446744073709551350,10,9,6,4,18446744073709547219,18446744073709550278,2,0,0,0,0,0,0,0,0,18446744073709551152,18446744073709551152,28469233,12,3864,0,0,0,9,18446744073709550194,18446744073709551030,18446744073709551030,18446744073709551293,8,1,1,8242954762181594215,1,0,2,69491236324576057,0,0,1,0
PAWN_AUDIT_RESULT,2021,6,6,-606,0,0,-606,0,0,0,0,0
PAWN_AUDIT_ENTRY,2022,720052133600431420,6204826725590283947,6029880492319341075,11869783680088379435,4015,18446744073709551357,18446744073709551358,18446744073709551350,10,9,5,5,18446744073709544132,18446744073709550278,2,0,0,0,0,0,0,0,0,18446744073709551152,18446744073709551152,28469233,12,3865,0,0,0,10,18446744073709548914,18446744073709551030,18446744073709550775,18446744073709551293,8,1,1,8242954762181594215,1,0,2,69491236324576057,0,2,1,0
PAWN_AUDIT_RESULT,2022,5,5,-476,0,0,-476,0,0,0,0,0
PAWN_AUDIT_ENTRY,2023,6204826725590283947,7093458007204274744,6029880492319341075,12744257025287380416,3372,18446744073709551357,18446744073709551358,18446744073709551350,10,9,5,6,18446744073709543659,18446744073709548874,2,0,0,0,0,0,0,0,0,18446744073709551152,18446744073709551152,28469233,12,3866,0,0,0,14,18446744073709548575,18446744073709551030,18446744073709551030,18446744073709551293,8,1,1,8242954762181594215,1,0,2,69491236324576057,0,2,1,0
PAWN_AUDIT_RESULT,2023,5,5,-693,0,0,-693,0,0,0,0,0
PAWN_AUDIT_ENTRY,2024,7093458007204274744,9045931713695427105,6029880492319341075,12482685396038709654,3177,18446744073709551357,18446744073709551358,18446744073709551350,10,9,4,7,18446744073709536826,18446744073709550295,2,0,0,0,0,0,0,0,0,18446744073709551152,18446744073709551152,28469233,12,3867,0,0,0,9,18446744073709545089,18446744073709551030,195,18446744073709551293,8,1,1,8242954762181594215,1,0,2,69491236324576057,0,0,1,0
PAWN_AUDIT_RESULT,2024,4,4,-588,0,0,-588,0,0,0,0,0
PAWN_AUDIT_ENTRY,2030,6008056890490223413,16379790819575722049,6428920278655042479,17556031436546644722,2869,18446744073709551357,18446744073709551358,18446744073709551357,8,7,4,3,18446744073709547089,18446744073709550094,4,0,0,0,0,0,0,0,0,18446744073709551134,18446744073709551134,18446744073708390452,12,3892,0,0,0,11,18446744073709550087,18446744073709551030,18446744073709551128,18446744073709551303,3,1,1,13343491483384136489,1,0,4,747752960601846405,0,2,1,0
PAWN_AUDIT_RESULT,2030,4,4,-357,0,0,-357,0,0,0,0,0
PAWN_AUDIT_ENTRY,2031,16379790819575722049,17997977526407000440,6428920278655042479,17140088274043483905,3827,18446744073709551357,18446744073709551358,18446744073709551357,8,7,3,4,18446744073709545904,18446744073709550278,4,0,0,0,0,0,0,0,0,18446744073709551134,18446744073709551134,18446744073708390452,12,3893,0,0,0,13,18446744073709549596,18446744073709551030,18446744073709551030,18446744073709551303,3,1,1,13343491483384136489,1,0,4,747752960601846405,0,2,1,0
PAWN_AUDIT_RESULT,2031,3,3,-416,0,0,-416,0,0,0,0,0
PAWN_AUDIT_ENTRY,2032,17997977526407000440,8945873493145281109,6428920278655042479,14084598987438477599,3379,18446744073709551357,18446744073709551358,18446744073709551357,8,7,3,5,18446744073709547156,18446744073709549299,4,0,0,0,0,0,0,0,0,18446744073709551134,18446744073709551134,18446744073708390452,12,3894,0,0,0,14,18446744073709550165,18446744073709551030,18446744073709551030,18446744073709551303,3,1,1,13343491483384136489,1,0,4,747752960601846405,0,2,1,0
PAWN_AUDIT_RESULT,2032,3,3,-328,0,0,-328,0,0,0,0,0
PAWN_AUDIT_ENTRY,2033,8945873493145281109,16003335839754551997,6428920278655042479,2000901769090661320,3834,18446744073709551357,18446744073709551358,18446744073709551357,8,7,3,6,18446744073709547219,18446744073709548874,4,0,0,0,0,0,0,0,0,18446744073709551134,18446744073709551134,18446744073708390452,12,3895,0,0,0,13,18446744073709550194,18446744073709551030,18446744073709551030,18446744073709551303,3,1,1,13343491483384136489,1,0,4,747752960601846405,0,2,1,0
PAWN_AUDIT_RESULT,2033,3,3,-450,0,0,-450,0,0,0,0,0
PAWN_AUDIT_ENTRY,2034,16003335839754551997,13412591790891190881,6428920278655042479,11225620876868931697,3819,18446744073709551357,18446744073709551358,18446744073709551357,8,7,3,8,18446744073709545904,18446744073709548874,4,0,0,0,0,0,0,0,0,18446744073709551134,18446744073709551134,18446744073708390452,12,3896,0,0,0,13,18446744073709549596,18446744073709551030,18446744073709551030,18446744073709551303,3,1,1,13343491483384136489,1,0,4,747752960601846405,0,2,1,0
PAWN_AUDIT_RESULT,2034,3,3,-466,0,0,-466,0,0,0,0,0
PAWN_AUDIT_ENTRY,2035,13412591790891190881,3841558226691127758,6428920278655042479,12551424323714279831,4015,18446744073709551357,18446744073709551358,18446744073709551357,8,7,3,10,18446744073709542456,18446744073709549755,4,0,0,0,0,0,0,0,0,18446744073709551134,18446744073709551134,18446744073708390452,12,3897,0,0,0,10,18446744073709548028,18446744073709551030,18446744073709551030,18446744073709551303,3,1,1,13343491483384136489,1,0,4,747752960601846405,0,2,1,0
PAWN_AUDIT_RESULT,2035,3,3,-374,0,0,-374,0,0,0,0,0
PAWN_AUDIT_ENTRY,2036,3841558226691127758,7570676214686101837,6428920278655042479,13777520420588871337,2867,18446744073709551357,18446744073709551358,18446744073709551357,8,7,3,11,18446744073709545027,18446744073709547896,4,0,0,0,0,0,0,0,0,18446744073709551134,18446744073709551134,18446744073708390452,12,3898,0,0,0,11,18446744073709549197,18446744073709551030,18446744073709551030,18446744073709551303,3,1,1,13343491483384136489,1,0,4,747752960601846405,0,2,1,0
PAWN_AUDIT_RESULT,2036,3,3,-578,0,0,-578,0,0,0,0,0
PAWN_AUDIT_ENTRY,2037,7570676214686101837,12463308904395979585,6428920278655042479,4040311163169746577,2874,18446744073709551357,18446744073709551358,18446744073709551357,8,7,3,12,18446744073709544714,18446744073709547758,4,0,0,0,0,0,0,0,0,18446744073709551134,18446744073709551134,18446744073708390452,12,3899,0,0,0,11,18446744073709549055,18446744073709551030,18446744073709551030,18446744073709551303,3,1,1,13343491483384136489,1,0,4,747752960601846405,0,2,1,0
PAWN_AUDIT_RESULT,2037,3,3,-572,0,0,-572,0,0,0,0,0
PAWN_AUDIT_ENTRY,2053,7444386236111119537,9879894124877717416,1951119857828773922,6387699838017575001,3808,18446744073709551357,18446744073709551358,18446744073709551357,10,9,2,5,18446744073709535062,18446744073709550278,2,0,0,0,0,0,0,3756,1,18446744073709550872,18446744073709550872,32119770,12,3935,0,0,1,13,18446744073709545417,18446744073709551030,18446744073709549483,18446744073709551311,4,1,1,14516473580057910448,0,0,2,7622668953355859725,0,1,1,0
PAWN_AUDIT_RESULT,2053,2,2,-417,0,0,-417,0,1,1,0,0
PAWN_AUDIT_ENTRY,2054,9879894124877717416,9555680077583167847,1951119857828773922,15700308562006316028,3819,18446744073709551357,18446744073709551358,18446744073709551357,10,9,1,6,18446744073709543342,18446744073709550278,2,0,0,0,0,0,0,3756,0,18446744073709550872,18446744073709550872,32119770,12,3937,0,0,1,13,18446744073709548576,18446744073709551030,18446744073709550731,18446744073709551311,4,1,1,14516473580057910448,0,0,2,7622668953355859725,0,1,1,0
PAWN_AUDIT_RESULT,2054,1,1,-644,0,0,-644,0,0,0,0,0
PAWN_AUDIT_ENTRY,2055,9555680077583167847,11472427727447148027,1951119857828773922,17006793058068310554,4015,18446744073709551357,18446744073709551358,18446744073709551357,10,9,1,7,18446744073709541023,18446744073709550278,2,0,0,0,0,0,0,3756,0,18446744073709550872,18446744073709550872,32119770,12,3938,0,0,1,10,18446744073709547796,18446744073709550191,18446744073709551030,18446744073709551311,4,1,1,14516473580057910448,0,0,2,7622668953355859725,0,1,1,0
PAWN_AUDIT_RESULT,2055,1,1,-503,0,0,-503,0,0,0,0,0
PAWN_AUDIT_ENTRY,2147,14015047786974195855,5704051504944853389,2690298586782602941,16918608258038046076,407,248,249,248,6,5,1,5,18446744073709540327,18446744073709550459,9,0,0,0,0,1,0,0,0,246,272,18446744073708723789,13,4107,0,0,0,2,18446744073709547060,18446744073709551030,18446744073709551030,246,1,1,1,14516473580057910448,0,0,9,509738918742164014,0,1,1,0
PAWN_AUDIT_RESULT,2147,1,1,219,0,0,219,0,0,0,0,0
PAWN_AUDIT_ENTRY,2149,6013236710792691491,5633992116969602596,2690298586782602941,11582395724821718602,75,248,249,248,6,5,1,7,18446744073709547063,18446744073709550125,9,0,0,0,0,1,0,0,0,246,272,18446744073708723789,13,4109,0,0,0,2,18446744073709551482,18446744073709550754,18446744073709548514,246,1,1,1,14516473580057910448,0,0,9,509738918742164014,0,1,1,0
PAWN_AUDIT_RESULT,2149,1,1,229,0,0,229,0,0,0,0,0
PAWN_AUDIT_ENTRY,2150,5633992116969602596,14194740419670536087,2690298586782602941,9509436604786697734,339,248,249,248,6,5,2,8,18446744073709549863,18446744073709550102,9,0,0,0,0,1,0,0,0,246,272,18446744073708723789,13,4110,0,0,0,3,965,18446744073709551030,18446744073709548589,246,1,1,1,14516473580057910448,0,0,9,509738918742164014,0,1,1,0
PAWN_AUDIT_RESULT,2150,2,2,242,0,0,242,0,2,2,0,0
PAWN_AUDIT_ENTRY,2151,14194740419670536087,17630586058433797220,2690298586782602941,13520114170946883697,332,248,249,248,6,5,1,9,18446744073709539837,18446744073709550138,9,0,0,0,0,1,0,0,0,246,272,18446744073708723789,13,4113,0,0,0,3,18446744073709547178,18446744073709551030,18446744073709550328,246,1,1,1,14516473580057910448,0,0,9,509738918742164014,0,1,1,0
PAWN_AUDIT_RESULT,2151,1,1,225,0,0,225,0,0,0,0,0
PAWN_AUDIT_ENTRY,2152,17630586058433797220,3969185099397546133,2690298586782602941,3969296759293754028,259,248,249,248,6,5,1,10,18446744073709539139,18446744073709549788,9,0,0,0,0,1,0,0,0,246,272,18446744073708723789,13,4114,0,0,0,6,18446744073709546520,18446744073709551030,18446744073709551030,246,1,1,1,14516473580057910448,0,0,9,509738918742164014,0,1,1,0
PAWN_AUDIT_RESULT,2152,1,1,189,0,0,189,0,0,0,0,0
PAWN_AUDIT_ENTRY,2153,3969185099397546133,16625625990523170160,2690298586782602941,9761999538531873979,536,248,249,248,6,5,1,11,18446744073709536432,18446744073709550278,9,0,0,0,0,1,0,0,0,246,272,18446744073708723789,13,4115,0,0,0,1,18446744073709545289,18446744073709551030,18446744073709551030,246,1,1,1,14516473580057910448,0,0,9,509738918742164014,0,0,1,0
PAWN_AUDIT_RESULT,2153,1,1,216,0,0,216,0,0,0,0,0
PAWN_AUDIT_ENTRY,2154,16625625990523170160,4980219522870101034,2690298586782602941,13859500653614522505,666,248,249,248,6,5,1,12,18446744073709536052,18446744073709550278,9,0,0,0,0,1,0,0,0,246,272,18446744073708723789,13,4116,0,0,0,1,18446744073709545116,18446744073709551030,18446744073709551030,246,1,1,1,14516473580057910448,0,0,9,509738918742164014,0,0,1,0
PAWN_AUDIT_RESULT,2154,1,1,130,0,0,130,0,1,1,0,0
PAWN_AUDIT_ENTRY,2156,6486974442257945583,5139148981233962924,8487060925824988417,16278316550406220887,396,248,249,248,8,7,5,3,18446744073709548246,18446744073709549861,7,0,0,0,0,1,0,2412,0,138,138,18446744073701259228,13,4120,0,0,1,2,350,18446744073709549734,18446744073709549676,246,4,1,1,11090425736916188940,0,0,7,232160342240435425,0,1,1,0
PAWN_AUDIT_RESULT,2156,5,5,221,0,0,221,0,1,1,0,0
PAWN_AUDIT_ENTRY,2157,5139148981233962924,14545979582288540895,8487060925824988417,15232733635538093498,339,248,249,248,8,7,5,4,18446744073709548966,18446744073709548810,7,0,0,0,0,1,0,2412,0,138,138,18446744073701259228,13,4122,0,0,1,3,1642,18446744073709548879,18446744073709548569,246,4,1,1,11090425736916188940,0,0,7,232160342240435425,0,1,1,0
PAWN_AUDIT_RESULT,2157,5,5,172,0,0,172,0,0,0,0,0
PAWN_AUDIT_ENTRY,2166,17788907966235947504,5001894819434484399,12575423134203773105,15364554515824325107,2,248,249,182,7,6,2,3,18446744073709545438,18446744073709550278,7,0,0,0,0,0,0,0,0,18446744073709551561,18446744073709551561,18446744073704722558,13,4140,0,0,1,4,18446744073709549384,18446744073709551030,18446744073709551030,72,3,1,1,8242954762181594215,0,0,7,16572121614054303766,0,1,1,0
PAWN_AUDIT_RESULT,2166,2,2,18,0,0,18,0,0,0,0,0
PAWN_AUDIT_ENTRY,2167,5001894819434484399,6016877625906779972,12575423134203773105,1904128919205604680,1,248,249,182,7,6,2,4,18446744073709545252,18446744073709550278,7,0,0,0,0,0,0,0,0,18446744073709551561,18446744073709551561,18446744073704722558,13,4141,0,0,1,4,18446744073709549350,18446744073709550929,18446744073709551030,72,3,1,1,8242954762181594215,0,0,7,16572121614054303766,0,1,1,0
PAWN_AUDIT_RESULT,2167,2,2,38,0,0,38,0,0,0,0,0
PAWN_AUDIT_ENTRY,2168,6016877625906779972,9096037214328732395,12575423134203773105,11163849262050432431,1164,248,249,228,7,6,1,9,18446744073709546483,1001,7,0,0,0,0,0,0,0,0,18446744073709551561,18446744073709551561,18446744073704722558,13,4142,0,0,1,2,18446744073709550568,18446744073709549612,18446744073709551030,72,3,1,1,8242954762181594215,0,0,7,16572121614054303766,0,1,1,0
PAWN_AUDIT_RESULT,2168,1,1,14,0,0,14,0,0,0,0,0
PAWN_AUDIT_ENTRY,2169,9096037214328732395,2389441406648795046,12575423134203773105,4225725467770247655,396,248,249,228,7,6,1,10,18446744073709545964,18446744073709550736,7,0,0,0,0,0,0,0,0,18446744073709551561,18446744073709551561,18446744073704722558,13,4143,0,0,1,2,18446744073709550332,18446744073709549612,18446744073709551030,72,3,1,1,8242954762181594215,0,0,7,16572121614054303766,0,1,1,0
PAWN_AUDIT_RESULT,2169,1,1,84,0,0,84,0,0,0,0,0
PAWN_AUDIT_ENTRY,2198,4330317526205114121,1685235931670264881,15244361586829441838,3829313146265052904,1076,7,8,18446744073709551267,8,7,1,15,18446744073709537928,18446744073709550278,5,0,0,0,0,0,0,0,1,18446744073709549866,18446744073709549866,18446744073708739780,13,4203,0,0,1,3,18446744073709545969,18446744073709551030,18446744073709551030,18446744073709551242,4,1,1,5460289079532033007,0,0,5,5851220040915326263,0,1,1,0
PAWN_AUDIT_RESULT,2198,1,1,-1098,0,0,-1098,0,1,1,0,0
PAWN_AUDIT_ENTRY,2201,17103167527840402205,5884664950442368042,1497565418660465116,11109630030779834830,3956,7,8,18446744073709551570,7,6,3,5,18446744073709550340,18446744073709548874,5,0,0,0,0,0,0,0,1,18446744073709550692,18446744073709550692,18446744073701664093,13,4209,0,0,1,3,18446744073709551613,18446744073709551030,18446744073709551030,18446744073709551231,6,1,1,11090425736916188940,0,0,5,10841576523842529221,0,1,1,0
PAWN_AUDIT_RESULT,2201,3,3,-421,0,0,-421,0,0,0,0,0
PAWN_AUDIT_ENTRY,2271,11628099976411192050,3062542762211882807,1021096093884905369,6523254820108833981,353,248,249,191,7,6,1,3,18446744073709538761,18446744073709550278,9,0,0,0,0,0,0,0,1,94,94,216180,13,4406,0,0,1,3,18446744073709546348,18446744073709551030,18446744073709551030,258,4,1,1,17943435391626604621,0,0,9,2258802652668183870,0,1,1,0
PAWN_AUDIT_RESULT,2271,1,1,196,0,0,196,0,0,0,0,0
PAWN_AUDIT_ENTRY,2272,3062542762211882807,8947130206903235265,1021096093884905369,4600275033626826,405,248,249,196,7,6,2,4,18446744073709548906,18446744073709549930,9,0,0,0,0,0,0,0,0,94,94,216180,13,4407,0,0,1,2,18446744073709551097,18446744073709551030,18446744073709550750,258,4,1,1,17943435391626604621,0,0,9,2258802652668183870,0,1,1,0
PAWN_AUDIT_RESULT,2272,2,2,161,0,0,161,0,0,0,0,0
PAWN_AUDIT_ENTRY,2273,8947130206903235265,6422980688359601642,1021096093884905369,6733788306530436787,1153,248,249,196,7,6,2,5,18446744073709547219,18446744073709550278,9,0,0,0,0,0,0,0,0,94,94,216180,13,4408,0,0,1,2,18446744073709550194,18446744073709551030,18446744073709551030,258,4,1,1,17943435391626604621,0,0,9,2258802652668183870,0,1,1,0
PAWN_AUDIT_RESULT,2273,2,2,112,0,0,112,0,0,0,0,0
PAWN_AUDIT_ENTRY,2274,6422980688359601642,13227808238147476863,1021096093884905369,11973123386948360529,1155,248,249,196,7,6,2,6,18446744073709547219,18446744073709550278,9,0,0,0,0,0,0,0,0,94,94,216180,13,4409,0,0,1,2,18446744073709550194,18446744073709551030,18446744073709551030,258,4,1,1,17943435391626604621,0,0,9,2258802652668183870,0,1,1,0
PAWN_AUDIT_RESULT,2274,2,2,142,0,0,142,0,0,0,0,0
PAWN_AUDIT_ENTRY,2275,13227808238147476863,8878865113568773811,1021096093884905369,12582402346801349057,1176,248,249,196,7,6,2,7,18446744073709547219,18446744073709550278,9,0,0,0,0,0,0,0,0,94,94,216180,13,4410,0,0,1,2,18446744073709550194,18446744073709551030,18446744073709551030,258,4,1,1,17943435391626604621,0,0,9,2258802652668183870,0,1,1,0
PAWN_AUDIT_RESULT,2275,2,2,141,0,0,141,0,0,0,0,0
PAWN_AUDIT_ENTRY,2276,8878865113568773811,4560684926486090479,1021096093884905369,4198124558588027527,1164,248,249,196,7,6,1,8,18446744073709545376,18446744073709550978,9,0,0,0,0,0,0,0,0,94,94,216180,13,4411,0,0,1,2,18446744073709549356,18446744073709551030,18446744073709551030,258,4,1,1,17943435391626604621,0,0,9,2258802652668183870,0,1,1,0
PAWN_AUDIT_RESULT,2276,1,1,138,0,0,138,0,0,0,0,0
PAWN_AUDIT_ENTRY,2277,4560684926486090479,4806931806741716187,1021096093884905369,12143458342929270562,339,248,249,196,7,6,1,9,18446744073709545165,18446744073709551336,9,0,0,0,0,0,0,0,0,94,94,216180,13,4412,0,0,1,3,18446744073709549260,18446744073709551030,18446744073709551030,258,4,1,1,17943435391626604621,0,0,9,2258802652668183870,0,1,1,0
PAWN_AUDIT_RESULT,2277,1,1,196,0,0,196,0,0,0,0,0
PAWN_AUDIT_ENTRY,2278,4806931806741716187,14448022564818704517,1021096093884905369,11100109909494738639,396,248,249,196,7,6,1,10,18446744073709544424,18446744073709550978,9,0,0,0,0,0,0,0,0,94,94,216180,13,4413,0,0,1,2,18446744073709548923,18446744073709551030,18446744073709551030,258,4,1,1,17943435391626604621,0,0,9,2258802652668183870,0,1,1,0
PAWN_AUDIT_RESULT,2278,1,1,179,0,0,179,0,0,0,0,0
PAWN_AUDIT_ENTRY,2279,14448022564818704517,3631374594891022864,1021096093884905369,3222048324893065600,139,248,249,196,7,6,1,11,18446744073709543679,18446744073709550278,9,0,0,0,0,0,0,0,0,94,94,216180,13,4414,0,0,1,3,18446744073709548584,18446744073709551030,18446744073709551030,258,4,1,1,17943435391626604621,0,0,9,2258802652668183870,0,1,1,0
PAWN_AUDIT_RESULT,2279,1,1,173,0,0,173,0,0,0,0,0
PAWN_AUDIT_ENTRY,2297,4650626492690204719,12626157189590311437,5476501112106136596,12178712613094113824,666,248,249,244,6,5,2,9,18446744073709539452,18446744073709550278,7,0,0,0,0,1,0,0,0,255,255,18446744073706995465,13,4443,0,0,1,1,18446744073709546662,18446744073709551030,18446744073709551030,258,8,1,1,9897406105434025940,0,0,7,11290633533732477293,0,0,1,0
PAWN_AUDIT_RESULT,2297,2,2,236,0,0,236,0,0,0,0,0
PAWN_AUDIT_ENTRY,2298,12626157189590311437,14858040127808661367,5476501112106136596,7970485286494175757,139,248,249,244,6,5,3,10,18446744073709543732,18446744073709549973,7,0,0,0,0,1,0,0,0,255,255,18446744073706995465,13,4444,0,0,1,3,18446744073709548662,18446744073709551030,18446744073709550919,258,8,1,1,9897406105434025940,0,0,7,11290633533732477293,0,1,1,0
PAWN_AUDIT_RESULT,2298,3,3,214,0,0,214,0,0,0,0,0
PAWN_AUDIT_ENTRY,2299,14858040127808661367,13453790193742978980,5476501112106136596,16340230174032011841,267,248,249,244,6,5,2,11,18446744073709535766,18446744073709551382,7,0,0,0,0,1,0,0,0,255,255,18446744073706995465,13,4445,0,0,1,6,18446744073709544986,18446744073709551030,18446744073709551030,258,8,1,1,9897406105434025940,0,0,7,11290633533732477293,0,1,1,0
PAWN_AUDIT_RESULT,2299,2,2,212,0,0,212,0,0,0,0,0
PAWN_AUDIT_ENTRY,2300,13453790193742978980,6831280237468719536,5476501112106136596,9484392124472278997,407,248,249,244,6,5,2,12,18446744073709538403,18446744073709549940,7,0,0,0,0,1,0,0,0,255,255,18446744073706995465,13,4446,0,0,1,2,18446744073709546185,18446744073709551030,18446744073709551030,258,8,1,1,9897406105434025940,0,0,7,11290633533732477293,0,1,1,0
PAWN_AUDIT_RESULT,2300,2,2,214,0,0,214,0,0,0,0,0
PAWN_AUDIT_ENTRY,2301,6831280237468719536,6277575950809131010,5476501112106136596,14549234266119062755,75,248,249,244,6,5,3,21,18446744073709544286,18446744073709548624,7,0,0,0,0,1,0,0,0,255,255,18446744073706995465,13,4447,0,0,1,2,18446744073709548860,18446744073709551030,18446744073709551030,258,8,1,1,9897406105434025940,0,0,7,11290633533732477293,0,1,1,0
PAWN_AUDIT_RESULT,2301,3,3,190,0,0,190,0,0,0,0,0
PAWN_AUDIT_ENTRY,2302,6277575950809131010,2663077240464796657,877648992534693744,16802089348128829764,666,248,249,244,8,7,4,5,18446744073709540309,18446744073709550278,5,0,0,0,0,1,0,0,0,230,230,18446744073706671086,13,4448,0,0,0,1,18446744073709547052,18446744073709551030,18446744073709551030,259,11,1,1,14516473580057910448,0,0,5,3344241086879667171,0,0,1,0
PAWN_AUDIT_RESULT,2302,4,4,188,0,0,188,0,0,0,0,0
PAWN_AUDIT_ENTRY,2303,2663077240464796657,7170734792706603205,877648992534693744,3364931668835709289,139,248,249,244,8,7,4,6,18446744073709541648,18446744073709550158,5,0,0,0,0,1,0,0,0,230,230,18446744073706671086,13,4449,0,0,0,3,18446744073709548396,18446744073709550884,18446744073709549665,259,11,1,1,14516473580057910448,0,0,5,3344241086879667171,0,1,1,0
PAWN_AUDIT_RESULT,2303,4,4,177,0,0,177,0,0,0,0,0
PAWN_AUDIT_ENTRY,2304,7170734792706603205,17776814750745214521,877648992534693744,12286835050301061067,339,248,249,244,8,7,5,7,18446744073709547037,18446744073709551195,5,0,0,0,0,1,0,0,0,230,230,18446744073706671086,13,4450,0,0,0,3,18446744073709551296,18446744073709551030,18446744073709548589,259,11,1,1,14516473580057910448,0,0,5,3344241086879667171,0,1,1,0
PAWN_AUDIT_RESULT,2304,5,5,226,0,0,226,0,6,6,0,0
PAWN_AUDIT_ENTRY,2309,11162327615920791345,18275136835862511924,877648992534693744,10956733708928081446,396,248,249,244,8,7,5,8,18446744073709546240,58,5,0,0,0,0,1,0,0,0,230,230,18446744073706671086,13,4457,0,0,0,2,18446744073709550679,18446744073709551030,18446744073709549113,259,11,1,1,14516473580057910448,0,0,5,3344241086879667171,0,1,1,0
PAWN_AUDIT_RESULT,2309,5,5,221,0,0,221,0,5,5,0,0
PAWN_AUDIT_ENTRY,2314,16196899465959370071,3573594129345652609,877648992534693744,9927968636963354503,75,248,249,244,8,7,4,15,18446744073709539671,18446744073709550125,5,0,0,0,0,1,0,0,0,230,230,18446744073706671086,13,4464,0,0,0,2,18446744073709548121,18446744073709550754,18446744073709548514,259,11,1,1,14516473580057910448,0,0,5,3344241086879667171,0,1,1,0
PAWN_AUDIT_RESULT,2314,4,4,234,0,0,234,0,1,1,0,0
PAWN_AUDIT_ENTRY,2317,2478174559476740836,12289893099918615457,1869226181598389048,5986039505954194692,144,71,72,18446744073709551570,6,5,3,2,18446744073709550836,18446744073709550423,5,0,0,0,0,0,0,0,0,18446744073709551482,18446744073709551482,18446744073704877430,13,4470,0,0,1,3,18446744073709550631,1829,18446744073709551030,0,5,1,1,8242954762181594215,0,0,5,5947059616796740511,0,1,1,0
PAWN_AUDIT_RESULT,2317,3,3,-62,0,0,-62,0,0,0,0,0
PAWN_AUDIT_ENTRY,2319,11131421569153938443,9996149122289305667,1869226181598389048,13789249325966676867,339,71,72,30,6,5,1,5,18446744073709550438,18446744073709548674,5,0,0,0,0,0,0,0,0,18446744073709551482,18446744073709551482,18446744073704877430,13,4472,0,0,1,3,771,18446744073709550630,18446744073709549939,0,5,1,1,8242954762181594215,0,0,5,5947059616796740511,0,1,1,0
PAWN_AUDIT_RESULT,2319,1,1,-19,0,0,-19,0,0,0,0,0
PAWN_AUDIT_ENTRY,2320,9996149122289305667,12980619137026129547,6679908786637792460,13380413846118404856,666,248,249,248,13,12,9,4,18446744073709540237,18446744073709549382,3,0,0,0,0,1,0,0,0,125,125,18446744073699671043,13,4473,0,0,1,1,18446744073709547019,18446744073709551030,18446744073709551030,259,11,1,1,11090425736916188940,0,0,3,3962983323243074868,0,0,1,0
PAWN_AUDIT_RESULT,2320,9,9,242,0,0,242,0,0,0,0,0
PAWN_AUDIT_ENTRY,2321,12980619137026129547,6907464697897959182,6679908786637792460,18022948160385553527,339,248,249,248,13,12,9,5,18446744073709546476,18446744073709548810,3,0,0,0,0,1,0,0,0,125,125,18446744073699671043,13,4474,0,0,1,3,870,18446744073709548628,18446744073709548086,259,11,1,1,11090425736916188940,0,0,3,3962983323243074868,0,1,1,0
PAWN_AUDIT_RESULT,2321,9,9,172,0,0,172,0,5,5,0,0
PAWN_AUDIT_ENTRY,2325,5447506312651991821,6088740758735570164,6679908786637792460,9092599679214342869,139,248,249,248,13,12,8,6,18446744073709540097,18446744073709551321,3,0,0,0,0,1,0,0,0,125,125,18446744073699671043,13,4480,0,0,1,3,18446744073709548311,18446744073709550014,18446744073709549284,259,11,1,1,11090425736916188940,0,0,3,3962983323243074868,0,1,1,0
PAWN_AUDIT_RESULT,2325,8,8,135,0,0,135,0,3,3,0,0
PAWN_AUDIT_ENTRY,2327,8663737632904113421,5049998430452256312,6679908786637792460,14453150699908251034,396,248,249,248,13,12,8,7,18446744073709542645,18446744073709549861,3,0,0,0,0,1,0,0,0,125,125,18446744073699671043,13,4484,0,0,1,2,18446744073709551225,18446744073709547801,18446744073709547947,259,11,1,1,11090425736916188940,0,0,3,3962983323243074868,0,1,1,0
PAWN_AUDIT_RESULT,2327,8,8,200,0,0,200,0,1,1,0,0
PAWN_AUDIT_ENTRY,2328,5049998430452256312,14300287717744343935,6679908786637792460,1147111767599420902,82,248,249,248,13,12,8,8,18446744073709541557,18446744073709546489,3,0,0,0,0,1,0,0,0,125,125,18446744073699671043,13,4486,0,0,1,2,611,18446744073709546291,18446744073709546418,259,11,1,1,11090425736916188940,0,0,3,3962983323243074868,0,1,1,0
PAWN_AUDIT_RESULT,2328,8,8,139,0,0,139,0,2,2,0,0
PAWN_AUDIT_ENTRY,2329,14300287717744343935,18250705101611999169,6679908786637792460,3271965418693599543,658,248,249,248,13,12,7,9,18446744073709535506,18446744073709550830,3,0,0,0,0,1,0,0,0,125,125,18446744073699671043,13,4489,0,0,1,1,18446744073709544868,18446744073709551030,18446744073709551030,259,11,1,1,11090425736916188940,0,0,3,3962983323243074868,0,0,1,0
PAWN_AUDIT_RESULT,2329,7,7,234,0,0,234,0,0,0,0,0
PAWN_AUDIT_ENTRY,2330,18250705101611999169,15931136339576737128,6679908786637792460,18347532056367449802,536,248,249,248,13,12,7,10,18446744073709536278,18446744073709549524,3,0,0,0,0,1,0,0,0,125,125,18446744073699671043,13,4490,0,0,1,1,18446744073709545219,18446744073709551030,18446744073709551030,259,11,1,1,11090425736916188940,0,0,3,3962983323243074868,0,0,1,0
PAWN_AUDIT_RESULT,2330,7,7,236,0,0,236,0,3,3,0,0
PAWN_AUDIT_ENTRY,2331,15931136339576737128,10675692791361258403,6679908786637792460,5689127933444606173,259,248,249,248,13,12,8,11,18446744073709542757,18446744073709546363,3,0,0,0,0,1,0,0,0,125,125,18446744073699671043,13,4494,0,0,1,6,18446744073709548165,18446744073709551030,18446744073709551030,259,11,1,1,11090425736916188940,0,0,3,3962983323243074868,0,1,1,0
PAWN_AUDIT_RESULT,2331,8,8,241,0,0,241,0,2,2,0,0
PAWN_AUDIT_ENTRY,2332,10675692791361258403,13128789647692863166,6679908786637792460,15662110352762967099,75,248,249,248,13,12,7,12,18446744073709537778,18446744073709548909,3,0,0,0,0,1,0,0,0,125,125,18446744073699671043,13,4497,0,0,1,2,18446744073709548317,18446744073709548714,18446744073709548438,259,11,1,1,11090425736916188940,0,0,3,3962983323243074868,0,1,1,0
PAWN_AUDIT_RESULT,2332,7,7,133,0,0,133,0,0,0,0,0
PAWN_AUDIT_ENTRY,2333,13128789647692863166,98056563569007713,6679908786637792460,11248708805284267047,1828,248,249,248,13,12,7,13,18446744073709534756,18446744073709549683,3,0,0,0,0,1,0,0,0,125,125,18446744073699671043,13,4498,0,0,1,1,18446744073709544527,18446744073709551030,18446744073709551030,259,11,1,1,11090425736916188940,0,0,3,3962983323243074868,0,0,1,0
PAWN_AUDIT_RESULT,2333,7,7,103,0,0,103,0,0,0,0,0
PAWN_AUDIT_ENTRY,2334,98056563569007713,17351519964501508624,6679908786637792460,13104620571860471850,918,248,249,248,13,12,7,15,18446744073709534783,18446744073709549629,3,0,0,0,0,1,0,0,0,125,125,18446744073699671043,13,4499,0,0,1,1,18446744073709544539,18446744073709551030,18446744073709551030,259,11,1,1,11090425736916188940,0,0,3,3962983323243074868,0,0,1,0
PAWN_AUDIT_RESULT,2334,7,7,207,0,0,207,0,1,1,0,0
PAWN_AUDIT_ENTRY,2335,17351519964501508624,12798226457484536355,6679908786637792460,11987261015800165139,157,248,249,248,13,12,7,16,18446744073709537033,18446744073709548556,3,0,0,0,0,1,0,0,0,125,125,18446744073699671043,13,4501,0,0,1,3,18446744073709545562,18446744073709551030,18446744073709551030,259,11,1,1,11090425736916188940,0,0,3,3962983323243074868,0,1,1,0
PAWN_AUDIT_RESULT,2335,7,7,209,0,0,209,0,3,3,0,0
PAWN_AUDIT_ENTRY,2337,8314568136657387361,13789230836881418227,6679908786637792460,13858722869879269741,983,248,249,248,13,12,7,18,18446744073709534548,18446744073709549617,3,0,0,0,0,1,0,0,0,125,125,18446744073699671043,13,4505,0,0,1,1,18446744073709544662,18446744073709550917,18446744073709550673,259,11,1,1,11090425736916188940,0,0,3,3962983323243074868,0,0,1,0
PAWN_AUDIT_RESULT,2337,7,7,236,0,0,236,0,0,0,0,0
PAWN_AUDIT_ENTRY,2338,13789230836881418227,5286236383721698776,6679908786637792460,6720807864436840625,926,248,249,248,13,12,6,19,18446744073709534712,18446744073709549533,3,0,0,0,0,1,0,0,0,125,125,18446744073699671043,13,4506,0,0,1,1,18446744073709544507,18446744073709551030,18446744073709551030,259,11,1,1,11090425736916188940,0,0,3,3962983323243074868,0,0,1,0
PAWN_AUDIT_RESULT,2338,6,6,157,0,0,157,0,0,0,0,0
PAWN_AUDIT_ENTRY,2339,5286236383721698776,18410127826948742157,6679908786637792460,9239683855512570918,991,248,249,248,13,12,6,20,18446744073709535311,18446744073709549337,3,0,0,0,0,1,0,0,0,125,125,18446744073699671043,13,4507,0,0,1,1,18446744073709544779,18446744073709551030,18446744073709551030,259,11,1,1,11090425736916188940,0,0,3,3962983323243074868,0,0,1,0
PAWN_AUDIT_RESULT,2339,6,6,240,0,0,240,0,0,0,0,0
PAWN_AUDIT_ENTRY,2340,18410127826948742157,12529796007633162404,6679908786637792460,17471598053409190553,267,248,249,248,13,12,7,21,18446744073709538324,18446744073709547309,3,0,0,0,0,1,0,0,0,125,125,18446744073699671043,13,4508,0,0,1,6,18446744073709546149,18446744073709551030,18446744073709551030,259,11,1,1,11090425736916188940,0,0,3,3962983323243074868,0,1,1,0
PAWN_AUDIT_RESULT,2340,7,7,117,0,0,117,0,0,0,0,0
PAWN_AUDIT_ENTRY,2341,12529796007633162404,15736363026334169169,6679908786637792460,5279010604229515765,148,248,249,248,13,12,7,22,18446744073709535977,18446744073709548886,3,0,0,0,0,1,0,0,0,125,125,18446744073699671043,13,4509,0,0,1,3,18446744073709545082,18446744073709551030,18446744073709551030,259,11,1,1,11090425736916188940,0,0,3,3962983323243074868,0,1,1,0
PAWN_AUDIT_RESULT,2341,7,7,83,0,0,83,0,5,5,0,0
PAWN_AUDIT_ENTRY,2342,15736363026334169169,649987089427173022,6679908786637792460,13999168813399302656,332,248,249,248,13,12,7,24,18446744073709538019,18446744073709547314,3,0,0,0,0,1,0,0,0,125,125,18446744073699671043,13,4515,0,0,1,3,18446744073709546204,18446744073709550935,18446744073709550729,259,11,1,1,11090425736916188940,0,0,3,3962983323243074868,0,1,1,0
PAWN_AUDIT_RESULT,2342,7,7,210,0,0,210,0,4,4,0,0
PAWN_AUDIT_ENTRY,2344,18349923519405020222,11366960293304138837,6679908786637792460,10605107940014616333,407,248,249,248,13,12,7,25,18446744073709538154,18446744073709547078,3,0,0,0,0,1,0,0,0,125,125,18446744073699671043,13,4520,0,0,1,2,18446744073709546072,18446744073709551030,18446744073709551030,259,11,1,1,11090425736916188940,0,0,3,3962983323243074868,0,1,1,0
PAWN_AUDIT_RESULT,2344,7,7,97,0,0,97,0,5,5,0,0
PAWN_AUDIT_ENTRY,2385,13587271676669776178,1497790648429298151,3905309521797610749,2476508981829255296,1383,270,271,252,6,5,2,3,18446744073709545970,18446744073709548874,5,0,0,0,0,1,0,0,1,270,278,18446744073701929235,13,4625,0,0,0,5,18446744073709549626,18446744073709551030,18446744073709551030,270,3,1,1,8242954762181594215,2,0,5,5604181643494643071,0,3,1,0
PAWN_AUDIT_RESULT,2385,2,2,168,0,0,168,0,2,2,0,0
PAWN_AUDIT_ENTRY,2386,1497790648429298151,1932858463929669851,3905309521797610749,13316942061446480288,346,270,271,252,6,5,1,4,18446744073709538447,18446744073709547995,5,0,0,0,0,1,0,0,1,270,278,18446744073701929235,13,4628,0,0,0,3,18446744073709546205,18446744073709551030,18446744073709551030,270,3,1,1,8242954762181594215,2,0,5,5604181643494643071,0,3,1,0
PAWN_AUDIT_RESULT,2386,1,1,108,0,0,108,0,1,1,0,0
PAWN_AUDIT_ENTRY,2387,1932858463929669851,6423314022091529401,3905309521797610749,7307903917081431511,82,270,271,252,6,5,1,5,18446744073709541838,422,5,0,0,0,0,1,0,0,0,270,278,18446744073701929235,13,4630,0,0,0,2,18446744073709548494,18446744073709551030,18446744073709549491,270,3,1,1,8242954762181594215,2,0,5,5604181643494643071,0,3,1,0
PAWN_AUDIT_RESULT,2387,1,1,233,0,0,233,0,0,0,0,0
PAWN_AUDIT_ENTRY,2388,6423314022091529401,6676176098574040901,3905309521797610749,10421294539358833734,339,270,271,252,6,5,2,6,18446744073709547695,18446744073709547294,5,0,0,0,0,1,0,0,0,270,278,18446744073701929235,13,4631,0,0,0,3,18446744073709551096,18446744073709551030,18446744073709549617,270,3,1,1,8242954762181594215,2,0,5,5604181643494643071,0,3,1,0
PAWN_AUDIT_RESULT,2388,2,2,219,0,0,219,0,0,0,0,0
PAWN_AUDIT_ENTRY,2389,6676176098574040901,14413552654826965233,3905309521797610749,11678493591180944811,396,270,271,252,6,5,1,8,18446744073709544121,18446744073709549183,5,0,0,0,0,1,0,0,0,270,278,18446744073701929235,13,4632,0,0,0,2,18446744073709549532,18446744073709551030,18446744073709549491,270,3,1,1,8242954762181594215,2,0,5,5604181643494643071,0,3,1,0
PAWN_AUDIT_RESULT,2389,1,1,216,0,0,216,0,0,0,0,0
PAWN_AUDIT_ENTRY,2390,14413552654826965233,14763690641151484928,3905309521797610749,15218077071892220617,666,270,271,252,6,5,1,9,18446744073709538581,18446744073709550278,5,0,0,0,0,1,0,0,0,270,278,18446744073701929235,13,4633,0,0,0,1,18446744073709546266,18446744073709551030,18446744073709551030,270,3,1,1,8242954762181594215,2,0,5,5604181643494643071,0,0,1,0
PAWN_AUDIT_RESULT,2390,1,1,135,0,0,135,0,0,0,0,0
PAWN_AUDIT_ENTRY,2391,14763690641151484928,2097788818589999680,3905309521797610749,15110394349393380859,1347,270,271,252,6,5,1,12,18446744073709539731,18446744073709548874,5,0,0,0,0,1,0,0,0,270,278,18446744073701929235,13,4634,0,0,0,5,18446744073709546789,18446744073709551030,18446744073709551030,270,3,1,1,8242954762181594215,2,0,5,5604181643494643071,0,3,1,0
PAWN_AUDIT_RESULT,2391,1,1,48,0,0,48,0,0,0,0,0
PAWN_AUDIT_ENTRY,2392,2097788818589999680,5558797809989571352,514661579498828611,6087987429282726505,82,248,249,244,14,13,11,3,18446744073709544650,422,3,0,0,0,0,1,0,0,0,245,245,18446744073673874060,13,4636,0,0,1,2,18446744073709548176,3519,18446744073709548552,259,11,1,1,8242954762181594215,0,0,3,5502432833406508004,0,1,1,0
PAWN_AUDIT_ENTRY,2393,5558797809989571352,2156019883629057580,25920719480710513,10144775026272276100,2397,248,249,90,7,6,3,2,18446744073709547702,80,7,0,0,0,0,0,0,0,0,18446744073709551298,18446744073709551298,6543819,13,4641,0,0,0,5,18446744073709550870,18446744073709550829,18446744073709550296,32002,18446744073709551613,0,0,13343491483384136489,0,0,7,2457626564301451746,0,1,1,0
PAWN_AUDIT_RESULT,2393,3,3,66,0,0,66,0,0,0,0,0
PAWN_AUDIT_ENTRY,2395,2112414701883469174,11915217481413809990,7297931064722874836,5177977657193715661,139,248,249,208,10,9,6,2,18446744073709547725,18446744073709548047,5,0,0,0,0,0,0,0,0,18446744073709551583,18446744073709551583,18446744073707421695,13,4643,0,0,0,3,18446744073709550255,18446744073709551368,18446744073709551030,144,3,1,1,8242954762181594215,2,0,5,6087987429282726505,0,3,1,0
PAWN_AUDIT_RESULT,2395,6,6,118,0,0,118,0,0,0,0,0
PAWN_AUDIT_ENTRY,2396,11915217481413809990,6909269705322372762,7297931064722874836,3433161126081890280,144,248,249,208,10,9,6,3,18446744073709548896,18446744073709549101,5,0,0,0,0,0,0,0,0,18446744073709551583,18446744073709551583,18446744073707421695,13,4644,0,0,0,3,18446744073709548631,18446744073709551030,4205,144,3,1,1,8242954762181594215,2,0,5,6087987429282726505,0,3,1,0
PAWN_AUDIT_RESULT,2396,6,6,34,0,0,34,0,0,0,0,0
PAWN_AUDIT_ENTRY,2397,6909269705322372762,8405456167528933774,7297931064722874836,14791449103567851292,1155,248,249,208,10,9,5,4,18446744073709545570,18446744073709548874,5,0,0,0,0,0,0,0,0,18446744073709551583,18446744073709551583,18446744073707421695,13,4645,0,0,0,2,18446744073709549444,18446744073709551030,18446744073709551030,144,3,1,1,8242954762181594215,2,0,5,6087987429282726505,0,3,1,0
PAWN_AUDIT_RESULT,2397,5,5,0,0,0,0,0,0,0,0,0
PAWN_AUDIT_ENTRY,2398,8405456167528933774,9539941271958061039,7297931064722874836,14263305305876518796,1176,248,249,208,10,9,4,5,18446744073709545550,18446744073709548874,5,0,0,0,0,0,0,0,0,18446744073709551583,18446744073709551583,18446744073707421695,13,4646,0,0,0,2,18446744073709549435,18446744073709551030,18446744073709551030,144,3,1,1,8242954762181594215,2,0,5,6087987429282726505,0,3,1,0
PAWN_AUDIT_RESULT,2398,4,4,1,0,0,1,0,0,0,0,0
PAWN_AUDIT_ENTRY,2399,9539941271958061039,12341149432003430992,7297931064722874836,3900086586590171390,1153,248,249,208,10,9,4,7,18446744073709544714,18446744073709548874,5,0,0,0,0,0,0,0,0,18446744073709551583,18446744073709551583,18446744073707421695,13,4647,0,0,0,2,18446744073709549055,18446744073709551030,18446744073709551030,144,3,1,1,8242954762181594215,2,0,5,6087987429282726505,0,3,1,0
PAWN_AUDIT_RESULT,2399,4,4,-1,0,0,-1,0,0,0,0,0
PAWN_AUDIT_ENTRY,2400,12341149432003430992,5129269945621620266,7297931064722874836,14117350904539222383,339,248,249,208,10,9,4,8,18446744073709547182,18446744073709547294,5,0,0,0,0,0,0,0,0,18446744073709551583,18446744073709551583,18446744073707421695,13,4648,0,0,0,3,18446744073709550177,18446744073709551030,18446744073709551030,144,3,1,1,8242954762181594215,2,0,5,6087987429282726505,0,3,1,0
PAWN_AUDIT_RESULT,2400,4,4,116,0,0,116,0,0,0,0,0
PAWN_AUDIT_ENTRY,2401,5129269945621620266,3507616022150977919,7297931064722874836,15109372500269993005,1,248,249,208,10,9,3,9,18446744073709543226,18446744073709548874,5,0,0,0,0,0,0,0,0,18446744073709551583,18446744073709551583,18446744073707421695,13,4649,0,0,0,4,18446744073709548378,18446744073709551030,18446744073709551030,144,3,1,1,8242954762181594215,2,0,5,6087987429282726505,0,3,1,0
PAWN_AUDIT_RESULT,2401,3,3,41,0,0,41,0,0,0,0,0
PAWN_AUDIT_ENTRY,2402,3507616022150977919,12208706997737377012,7297931064722874836,17394977609777821826,396,248,249,208,10,9,3,10,18446744073709543801,18446744073709548278,5,0,0,0,0,0,0,0,0,18446744073709551583,18446744073709551583,18446744073707421695,13,4650,0,0,0,2,18446744073709548758,18446744073709550793,18446744073709551030,144,3,1,1,8242954762181594215,2,0,5,6087987429282726505,0,3,1,0
PAWN_AUDIT_RESULT,2402,3,3,117,0,0,117,0,0,0,0,0
PAWN_AUDIT_ENTRY,2403,12208706997737377012,13640162102680428600,7297931064722874836,5849719433893754058,1164,248,249,208,10,9,3,12,18446744073709543539,18446744073709548278,5,0,0,0,0,0,0,0,0,18446744073709551583,18446744073709551583,18446744073707421695,13,4651,0,0,0,2,18446744073709548639,18446744073709550793,18446744073709551030,144,3,1,1,8242954762181594215,2,0,5,6087987429282726505,0,3,1,0
PAWN_AUDIT_RESULT,2403,3,3,20,0,0,20,0,0,0,0,0
PAWN_AUDIT_ENTRY,2404,13640162102680428600,9596645077296816413,7297931064722874836,14193250474817919016,1367,248,249,208,10,9,3,13,18446744073709539288,18446744073709548874,5,0,0,0,0,0,0,0,0,18446744073709551583,18446744073709551583,18446744073707421695,13,4652,0,0,0,5,18446744073709546630,18446744073709550945,18446744073709551030,144,3,1,1,8242954762181594215,2,0,5,6087987429282726505,0,3,1,0
PAWN_AUDIT_RESULT,2404,3,3,-21,0,0,-21,0,0,0,0,0
PAWN_AUDIT_RESULT,2392,11,11,211,0,0,211,0,16,16,0,0
PAWN_AUDIT_ENTRY,2408,13014984620661920359,843884686150716082,514661579498828611,11640084851869107192,339,248,249,244,14,13,10,6,18446744073709546142,18446744073709547294,3,0,0,0,0,1,0,0,0,245,245,18446744073673874060,13,4662,0,0,1,3,18446744073709549904,18446744073709550630,18446744073709551030,259,11,1,1,8242954762181594215,0,0,3,5502432833406508004,0,1,1,0
PAWN_AUDIT_RESULT,2408,10,10,226,0,0,226,0,4,4,0,0
PAWN_AUDIT_ENTRY,2410,2764794717291420985,10043376959954828207,514661579498828611,16296129964229838199,666,248,249,244,14,13,9,7,18446744073709537783,18446744073709550278,3,0,0,0,0,1,0,0,0,245,245,18446744073673874060,13,4667,0,0,1,1,18446744073709545903,18446744073709551030,18446744073709551030,259,11,1,1,8242954762181594215,0,0,3,5502432833406508004,0,0,1,0
PAWN_AUDIT_ENTRY,2411,10043376959954828207,16612275359114796013,960898559156948713,5167793023382120661,144,248,249,207,8,7,3,13,18446744073709547275,18446744073709550278,5,0,0,0,0,0,0,0,1,18446744073709551146,18446744073709551146,18446744073686739463,13,4674,0,0,1,3,18446744073709547801,4251,18446744073709551030,67,4,1,1,8652934899702919629,0,0,5,16296129964229838199,0,1,1,0
PAWN_AUDIT_RESULT,2411,3,3,92,0,0,92,0,2,2,0,0
PAWN_AUDIT_RESULT,2410,9,9,211,0,0,211,0,9,9,0,0
PAWN_AUDIT_ENTRY,2412,16612275359114796013,9670498677579627567,514661579498828611,2718163611795653978,139,248,249,244,14,13,10,8,18446744073709547026,18446744073709547863,3,0,0,0,0,1,0,0,0,245,245,18446744073673874060,13,4677,0,0,1,3,18446744073709550032,18446744073709550658,18446744073709551566,259,11,1,1,8242954762181594215,0,0,3,5502432833406508004,0,1,1,0
PAWN_AUDIT_ENTRY,2413,9670498677579627567,12053319241488590772,6584431408124073486,5056136787887735900,736,248,249,133,7,6,3,2,18446744073709547752,18446744073709550278,7,0,0,0,0,0,0,0,1,18446744073709551136,18446744073709551136,4049262,13,4684,0,0,0,3,18446744073709550436,18446744073709551030,18446744073709551030,14,0,1,1,1854890286828733258,1,0,7,7663733030531478963,0,2,1,0
PAWN_AUDIT_RESULT,2413,3,3,177,0,0,177,0,3,3,0,0
PAWN_AUDIT_ENTRY,2414,12053319241488590772,3373655210963571780,6584431408124073486,8099856797173193834,1804,248,249,177,7,6,2,3,18446744073709550340,18446744073709550278,7,0,0,0,0,0,0,0,0,18446744073709551136,18446744073709551136,4049262,13,4688,0,0,0,5,18446744073709551613,18446744073709551030,18446744073709551030,14,0,1,1,1854890286828733258,1,0,7,7663733030531478963,0,2,1,0
PAWN_AUDIT_RESULT,2414,2,2,-12,0,0,-12,0,0,0,0,0
PAWN_AUDIT_ENTRY,2415,3373655210963571780,5156136875367603702,14612611366452842180,14154090405769420515,1381,248,249,184,9,8,5,2,18446744073709545304,18446744073709550278,5,0,0,0,0,0,0,0,0,18446744073709551134,18446744073709551134,18446744073697607667,13,4689,0,0,1,5,18446744073709549323,18446744073709551030,18446744073709551030,136,2,1,1,4459492652029598773,0,0,5,2718163611795653978,0,1,1,0
PAWN_AUDIT_RESULT,2415,5,5,-113,0,0,-113,0,0,0,0,0
PAWN_AUDIT_ENTRY,2416,5156136875367603702,17068385095324538485,14612611366452842180,18433763215752103330,729,248,249,184,9,8,3,13,18446744073709547219,18446744073709550278,5,0,0,0,0,0,0,0,1,18446744073709551134,18446744073709551134,18446744073697607667,13,4690,0,0,1,3,18446744073709550194,18446744073709551030,18446744073709551030,136,2,1,1,4459492652029598773,0,0,5,2718163611795653978,0,1,1,0
PAWN_AUDIT_RESULT,2416,3,3,17,0,0,17,0,1,1,0,0
PAWN_AUDIT_RESULT,2412,10,10,189,0,0,189,0,14,14,0,0
PAWN_AUDIT_ENTRY,2417,17068385095324538485,13117863766824741153,514661579498828611,10912069276200918615,1366,248,249,244,14,13,9,9,18446744073709539220,18446744073709548874,3,0,0,0,0,1,0,0,0,245,245,18446744073673874060,13,4692,0,0,1,5,18446744073709546835,18446744073709550890,18446744073709550601,259,11,1,1,8242954762181594215,0,0,3,5502432833406508004,0,1,1,0
PAWN_AUDIT_ENTRY,2418,13117863766824741153,6013598486795467379,271389564502429768,16532297801604976014,1076,248,249,18446744073709551519,6,5,1,18,18446744073709537928,18446744073709550278,7,0,0,0,0,0,0,0,1,18446744073709550998,18446744073709550998,3238877,13,4699,0,0,0,3,18446744073709545969,18446744073709551030,18446744073709551030,32002,18446744073709551613,0,0,4459492652029598773,2,0,7,3674865494424482805,0,3,1,0
PAWN_AUDIT_RESULT,2418,1,1,-788,0,0,-788,0,1,1,0,0
PAWN_AUDIT_ENTRY,2419,6013598486795467379,2415455213442584318,8655288238364169673,6650535632886433774,1458,248,249,18446744073709551563,8,7,5,3,18446744073709550340,18446744073709550278,5,0,0,0,0,0,0,0,0,18446744073709551375,18446744073709551375,18446744073691847562,13,4701,0,0,1,5,18446744073709551613,18446744073709551030,18446744073709551030,80,0,1,1,4459492652029598773,0,0,5,10912069276200918615,0,1,1,0
PAWN_AUDIT_RESULT,2419,5,5,-18,0,0,-18,0,0,0,0,0
PAWN_AUDIT_ENTRY,2420,2415455213442584318,14558161181364525014,8655288238364169673,16797332716480748269,1431,248,249,18446744073709551598,8,7,4,4,18446744073709550340,18446744073709550278,5,0,0,0,0,0,0,0,0,18446744073709551375,18446744073709551375,18446744073691847562,13,4702,0,0,1,5,18446744073709551613,18446744073709551030,18446744073709551030,80,0,1,1,4459492652029598773,0,0,5,10912069276200918615,0,1,1,0
PAWN_AUDIT_RESULT,2420,4,4,-216,0,0,-216,0,0,0,0,0
PAWN_AUDIT_ENTRY,2421,14558161181364525014,88107135923870642,8655288238364169673,6370311416510192939,1426,248,249,18446744073709551598,8,7,4,5,18446744073709550340,18446744073709550278,5,0,0,0,0,0,0,0,0,18446744073709551375,18446744073709551375,18446744073691847562,13,4703,0,0,1,5,18446744073709551613,18446744073709551030,18446744073709551030,80,0,1,1,4459492652029598773,0,0,5,10912069276200918615,0,1,1,0
PAWN_AUDIT_RESULT,2421,4,4,-151,0,0,-151,0,0,0,0,0
PAWN_AUDIT_ENTRY,2422,88107135923870642,7586566081626060411,8655288238364169673,10560006303000746867,1438,248,249,18446744073709551598,8,7,4,6,18446744073709550340,18446744073709550027,5,0,0,0,0,0,0,0,0,18446744073709551375,18446744073709551375,18446744073691847562,13,4704,0,0,1,5,18446744073709551613,18446744073709551030,18446744073709551030,80,0,1,1,4459492652029598773,0,0,5,10912069276200918615,0,1,1,0
PAWN_AUDIT_RESULT,2422,4,4,-191,0,0,-191,0,0,0,0,0
PAWN_AUDIT_ENTRY,2423,7586566081626060411,16117182683943767435,8655288238364169673,15437486082752474492,1439,248,249,18446744073709551598,8,7,3,7,18446744073709549442,18446744073709550278,5,0,0,0,0,0,0,0,0,18446744073709551375,18446744073709551375,18446744073691847562,13,4705,0,0,1,5,18446744073709551613,18446744073709550213,18446744073709551030,80,0,1,1,4459492652029598773,0,0,5,10912069276200918615,0,1,1,0
PAWN_AUDIT_RESULT,2423,3,3,-83,0,0,-83,0,0,0,0,0
PAWN_AUDIT_ENTRY,2424,16117182683943767435,14879656652060818071,8655288238364169673,7666438578477515535,1437,248,249,18446744073709551598,8,7,3,8,18446744073709549629,18446744073709550278,5,0,0,0,0,0,0,0,0,18446744073709551375,18446744073709551375,18446744073691847562,13,4706,0,0,1,5,18446744073709551613,18446744073709550383,18446744073709551030,80,0,1,1,4459492652029598773,0,0,5,10912069276200918615,0,1,1,0
PAWN_AUDIT_RESULT,2424,3,3,-101,0,0,-101,0,0,0,0,0
PAWN_AUDIT_RESULT,2417,9,9,169,0,0,169,0,14,14,0,0
PAWN_AUDIT_ENTRY,2425,14879656652060818071,3745094899588285898,514661579498828611,2730094083379975005,1373,248,249,244,14,13,9,10,18446744073709538901,18446744073709548874,3,0,0,0,0,1,0,0,0,245,245,18446744073673874060,13,4707,0,0,1,5,18446744073709546609,18446744073709550794,18446744073709550866,259,11,1,1,8242954762181594215,0,0,3,5502432833406508004,0,1,1,0
PAWN_AUDIT_RESULT,2425,9,9,147,0,0,147,0,9,9,0,0
PAWN_AUDIT_ENTRY,2427,2148568427702750102,2121983953442673065,514661579498828611,2422745250005604215,1364,248,249,244,14,13,8,11,18446744073709538423,18446744073709548874,3,0,0,0,0,1,0,0,0,245,245,18446744073673874060,13,4717,0,0,1,5,18446744073709546496,18446744073709550844,18446744073709550600,259,11,1,1,8242954762181594215,0,0,3,5502432833406508004,0,1,1,0
PAWN_AUDIT_RESULT,2427,8,8,147,0,0,147,0,5,5,0,0
PAWN_AUDIT_ENTRY,2428,2121983953442673065,2706839591236670460,514661579498828611,9269794328011865170,1363,248,249,244,14,13,8,12,18446744073709538584,18446744073709548874,3,0,0,0,0,1,0,0,0,245,245,18446744073673874060,13,4723,0,0,1,5,18446744073709546419,18446744073709551030,18446744073709550718,259,11,1,1,8242954762181594215,0,0,3,5502432833406508004,0,1,1,0
PAWN_AUDIT_RESULT,2428,8,8,84,0,0,84,0,0,0,0,0
PAWN_AUDIT_ENTRY,2429,2706839591236670460,9409869372215558822,514661579498828611,11891820162434732357,536,248,249,244,14,13,8,13,18446744073709536261,18446744073709550278,3,0,0,0,0,1,0,0,0,245,245,18446744073673874060,13,4724,0,0,1,1,18446744073709545211,18446744073709551030,18446744073709551030,259,11,1,1,8242954762181594215,0,0,3,5502432833406508004,0,0,1,0
PAWN_AUDIT_RESULT,2429,8,8,172,0,0,172,0,3,3,0,0
PAWN_AUDIT_ENTRY,2430,9409869372215558822,16426290119199937977,514661579498828611,1720501660548468089,1362,248,249,244,14,13,8,14,18446744073709538429,18446744073709548874,3,0,0,0,0,1,0,0,0,245,245,18446744073673874060,13,4728,0,0,1,5,18446744073709546374,18446744073709551013,18446744073709550683,259,11,1,1,8242954762181594215,0,0,3,5502432833406508004,0,1,1,0
PAWN_AUDIT_RESULT,2430,8,8,248,0,0,248,0,1,1,0,0
PAWN_AUDIT_ENTRY,2431,16426290119199937977,15337848832832386490,514661579498828611,9933053555858083358,346,248,249,248,14,13,8,15,18446744073709539735,18446744073709547995,3,0,0,0,0,1,0,0,0,245,245,18446744073673874060,13,4730,0,0,1,3,18446744073709546205,18446744073709551030,621,259,11,1,1,8242954762181594215,0,0,3,5502432833406508004,0,1,1,0
PAWN_AUDIT_RESULT,2431,8,8,174,0,0,174,0,4,4,0,0
PAWN_AUDIT_ENTRY,2433,15633767594061760076,1283424635759152397,514661579498828611,582786153028486883,1356,248,249,248,14,13,8,16,18446744073709538941,18446744073709548874,3,0,0,0,0,1,0,0,0,245,245,18446744073673874060,13,4735,0,0,1,5,18446744073709546558,18446744073709550971,18446744073709550827,259,11,1,1,8242954762181594215,0,0,3,5502432833406508004,0,1,1,0
PAWN_AUDIT_RESULT,2433,8,8,224,0,0,224,0,0,0,0,0
PAWN_AUDIT_ENTRY,2434,1283424635759152397,13963655676609491771,514661579498828611,16187313861031512645,1347,248,249,248,14,13,8,17,18446744073709538294,18446744073709547758,3,0,0,0,0,1,0,0,0,245,245,18446744073673874060,13,4736,0,0,1,5,18446744073709546323,18446744073709551030,18446744073709550644,259,11,1,1,8242954762181594215,0,0,3,5502432833406508004,0,1,1,0
PAWN_AUDIT_RESULT,2434,8,8,83,0,0,83,0,0,0,0,0
PAWN_AUDIT_ENTRY,2435,13963655676609491771,14301550097840323718,514661579498828611,12005341249405143743,1367,248,249,248,14,13,8,18,18446744073709538089,18446744073709547758,3,0,0,0,0,1,0,0,0,245,245,18446744073673874060,13,4737,0,0,1,5,18446744073709546195,18446744073709550868,18446744073709550882,259,11,1,1,8242954762181594215,0,0,3,5502432833406508004,0,1,1,0
PAWN_AUDIT_RESULT,2435,8,8,90,0,0,90,0,1,1,0,0
PAWN_AUDIT_ENTRY,2436,14301550097840323718,1172875769972588084,514661579498828611,12240829420847473942,267,248,249,248,14,13,8,19,18446744073709537578,18446744073709548874,3,0,0,0,0,1,0,0,0,245,245,18446744073673874060,13,4739,0,0,1,6,18446744073709545810,18446744073709551030,18446744073709551030,259,11,1,1,8242954762181594215,0,0,3,5502432833406508004,0,1,1,0
PAWN_AUDIT_RESULT,2436,8,8,76,0,0,76,0,0,0,0,0
PAWN_AUDIT_ENTRY,2437,1172875769972588084,18144264888767732693,514661579498828611,1541475625580633938,259,248,249,248,14,13,8,20,18446744073709540035,18446744073709547931,3,0,0,0,0,1,0,0,0,245,245,18446744073673874060,13,4740,0,0,1,6,18446744073709546927,18446744073709551030,18446744073709551030,259,11,1,1,8242954762181594215,0,0,3,5502432833406508004,0,1,1,0
PAWN_AUDIT_RESULT,2437,8,8,172,0,0,172,0,2,2,0,0
PAWN_AUDIT_ENTRY,2438,18144264888767732693,11785706094732697976,514661579498828611,11224007499661426402,983,248,249,248,14,13,7,21,18446744073709535025,18446744073709550278,3,0,0,0,0,1,0,0,0,245,245,18446744073673874060,13,4743,0,0,1,1,18446744073709544649,18446744073709551030,18446744073709551030,259,11,1,1,8242954762181594215,0,0,3,5502432833406508004,0,0,1,0
PAWN_AUDIT_RESULT,2438,7,7,166,0,0,166,0,5,5,0,0
PAWN_AUDIT_ENTRY,2439,11785706094732697976,13685737903753556020,514661579498828611,14379093470660318120,1828,248,249,248,14,13,7,22,18446744073709534715,18446744073709550278,3,0,0,0,0,1,0,0,0,245,245,18446744073673874060,13,4749,0,0,1,1,18446744073709544508,18446744073709551030,18446744073709551030,259,11,1,1,8242954762181594215,0,0,3,5502432833406508004,0,0,1,0
PAWN_AUDIT_RESULT,2439,7,7,248,0,0,248,0,2,2,0,0
PAWN_AUDIT_ENTRY,2440,13685737903753556020,12465105388369328697,514661579498828611,15829677562581408681,991,248,249,248,14,13,7,23,18446744073709535269,18446744073709550278,3,0,0,0,0,1,0,0,0,245,245,18446744073673874060,13,4752,0,0,1,1,18446744073709544760,18446744073709551030,18446744073709551030,259,11,1,1,8242954762181594215,0,0,3,5502432833406508004,0,0,1,0
PAWN_AUDIT_RESULT,2440,7,7,4,0,0,4,0,2,2,0,0
PAWN_AUDIT_ENTRY,2441,12465105388369328697,11193943894659629194,514661579498828611,17170900081375365029,918,248,249,248,14,13,7,24,18446744073709534761,18446744073709550278,3,0,0,0,0,1,0,0,0,245,245,18446744073673874060,13,4755,0,0,1,1,18446744073709544529,18446744073709551030,18446744073709551030,259,11,1,1,8242954762181594215,0,0,3,5502432833406508004,0,0,1,0
PAWN_AUDIT_RESULT,2441,7,7,163,0,0,163,0,5,5,0,0
PAWN_AUDIT_ENTRY,2442,11193943894659629194,13228973523746630390,514661579498828611,10757118655377821290,1113,248,249,248,14,13,7,25,18446744073709534583,18446744073709550278,3,0,0,0,0,1,0,0,0,245,245,18446744073673874060,13,4761,0,0,1,1,18446744073709544448,18446744073709551030,18446744073709551030,259,11,1,1,8242954762181594215,0,0,3,5502432833406508004,0,0,1,0
PAWN_AUDIT_RESULT,2442,7,7,116,0,0,116,0,0,0,0,0
PAWN_AUDIT_ENTRY,2443,13228973523746630390,10128576481098121087,514661579498828611,491639445145456446,926,248,249,248,14,13,7,26,18446744073709534693,18446744073709550278,3,0,0,0,0,1,0,0,0,245,245,18446744073673874060,13,4762,0,0,1,1,18446744073709544498,18446744073709551030,18446744073709551030,259,11,1,1,8242954762181594215,0,0,3,5502432833406508004,0,0,1,0
PAWN_AUDIT_RESULT,2443,7,7,191,0,0,191,0,1,1,0,0
PAWN_AUDIT_ENTRY,2444,10128576481098121087,8757035515310042578,514661579498828611,15279083949776881571,528,248,249,248,14,13,7,27,18446744073709534737,18446744073709550278,3,0,0,0,0,1,0,0,0,245,245,18446744073673874060,13,4764,0,0,1,1,18446744073709544518,18446744073709551030,18446744073709551030,259,11,1,1,8242954762181594215,0,0,3,5502432833406508004,0,0,1,0
PAWN_AUDIT_RESULT,2444,7,7,165,0,0,165,0,5,5,0,0
PAWN_AUDIT_ENTRY,2445,8757035515310042578,11436573627116959024,514661579498828611,4724976530287727074,1357,248,249,248,14,13,8,28,18446744073709537133,18446744073709548874,3,0,0,0,0,1,0,0,0,245,245,18446744073673874060,13,4770,0,0,1,5,18446744073709547045,18446744073709549988,18446744073709549142,259,11,1,1,8242954762181594215,0,0,3,5502432833406508004,0,1,1,0
PAWN_AUDIT_RESULT,2445,8,8,-11,0,0,-11,0,3,3,0,0
PAWN_AUDIT_ENTRY,2446,11436573627116959024,16415293990625473160,514661579498828611,12841515190044232885,1763,248,249,248,14,13,7,29,18446744073709535244,18446744073709550278,3,0,0,0,0,1,0,0,0,245,245,18446744073673874060,13,4774,0,0,1,1,18446744073709544801,18446744073709550925,18446744073709551030,259,11,1,1,8242954762181594215,0,0,3,5502432833406508004,0,0,1,0
PAWN_AUDIT_RESULT,2446,7,7,94,0,0,94,0,6,6,0,0
PAWN_AUDIT_ENTRY,2448,5099416664060283838,257705542739930989,514661579498828611,10593692969710643733,396,248,249,248,14,13,8,30,18446744073709540754,18446744073709547284,3,0,0,0,0,1,0,0,0,245,245,18446744073673874060,13,4781,0,0,1,2,18446744073709548572,18446744073709549612,18446744073709549776,259,11,1,1,8242954762181594215,0,0,3,5502432833406508004,0,1,1,0
PAWN_AUDIT_RESULT,2448,8,8,208,0,0,208,0,0,0,0,0
PAWN_AUDIT_ENTRY,2449,257705542739930989,8375089617388535266,514661579498828611,18288258532576322716,157,248,249,248,14,13,8,31,18446744073709536722,18446744073709548874,3,0,0,0,0,1,0,0,0,245,245,18446744073673874060,13,4782,0,0,1,3,18446744073709545421,18446744073709551030,18446744073709551030,259,11,1,1,8242954762181594215,0,0,3,5502432833406508004,0,1,1,0
PAWN_AUDIT_RESULT,2449,8,8,198,0,0,198,0,2,2,0,0
PAWN_AUDIT_ENTRY,2450,8375089617388535266,8041427500321478794,514661579498828611,11083558252766279055,332,248,249,248,14,13,8,32,18446744073709538121,18446744073709548217,3,0,0,0,0,1,0,0,0,245,245,18446744073673874060,13,4785,0,0,1,3,18446744073709546057,18446744073709551030,18446744073709551030,259,11,1,1,8242954762181594215,0,0,3,5502432833406508004,0,1,1,0
PAWN_AUDIT_RESULT,2450,8,8,186,0,0,186,0,3,3,0,0
PAWN_AUDIT_ENTRY,2451,8041427500321478794,13293047864502728801,514661579498828611,8574826662091814584,658,248,249,248,14,13,7,33,18446744073709535334,18446744073709550278,3,0,0,0,0,1,0,0,0,245,245,18446744073673874060,13,4789,0,0,1,1,18446744073709544854,18446744073709551030,18446744073709550897,259,11,1,1,8242954762181594215,0,0,3,5502432833406508004,0,0,1,0
PAWN_AUDIT_RESULT,2451,7,7,179,0,0,179,0,1,1,0,0
PAWN_AUDIT_ENTRY,2452,13293047864502728801,4981860398854302361,514661579498828611,8593345646150277371,269,248,249,248,14,13,7,34,18446744073709534915,18446744073709548874,3,0,0,0,0,1,0,0,0,245,245,18446744073673874060,13,4791,0,0,1,6,18446744073709544599,18446744073709551030,18446744073709551030,259,11,1,1,8242954762181594215,0,0,3,5502432833406508004,0,1,1,0
PAWN_AUDIT_RESULT,2452,7,7,185,0,0,185,0,5,5,0,0
PAWN_AUDIT_ENTRY,2453,4981860398854302361,13641570077823073463,514661579498828611,11851945974779466935,268,248,249,248,14,13,7,35,18446744073709534809,18446744073709548874,3,0,0,0,0,1,0,0,0,245,245,18446744073673874060,13,4797,0,0,1,6,18446744073709544551,18446744073709551030,18446744073709551030,259,11,1,1,8242954762181594215,0,0,3,5502432833406508004,0,1,1,0
PAWN_AUDIT_RESULT,2453,7,7,-3,0,0,-3,0,0,0,0,0
PAWN_AUDIT_ENTRY,2454,13641570077823073463,12382515856711816152,514661579498828611,3366528289126805951,137,248,249,248,14,13,8,36,18446744073709536542,18446744073709548874,3,0,0,0,0,1,0,0,0,245,245,18446744073673874060,13,4798,0,0,1,3,18446744073709545352,18446744073709551004,18446744073709551030,259,11,1,1,8242954762181594215,0,0,3,5502432833406508004,0,1,1,0
PAWN_AUDIT_RESULT,2454,8,8,44,0,0,44,0,2,2,0,0
PAWN_AUDIT_ENTRY,2455,12382515856711816152,16285818405458113446,514661579498828611,9425262433229358004,75,248,249,248,14,13,8,37,18446744073709541116,18446744073709546610,3,0,0,0,0,1,0,0,0,245,245,18446744073673874060,13,4801,0,0,1,2,18446744073709547305,105,18446744073709550553,259,11,1,1,8242954762181594215,0,0,3,5502432833406508004,0,1,1,0
PAWN_AUDIT_RESULT,2455,8,8,153,0,0,153,0,3,3,0,0
PAWN_AUDIT_ENTRY,2456,16285818405458113446,11671087039633653075,514661579498828611,1357110092364844666,148,248,249,248,14,13,8,38,18446744073709535741,18446744073709548874,3,0,0,0,0,1,0,0,0,245,245,18446744073673874060,13,4805,0,0,1,3,18446744073709545009,18446744073709550961,18446744073709551030,259,11,1,1,8242954762181594215,0,0,3,5502432833406508004,0,1,1,0
PAWN_AUDIT_RESULT,2456,8,8,181,0,0,181,0,3,3,0,0
PAWN_AUDIT_ENTRY,2457,11671087039633653075,3205783860718070886,514661579498828611,10103234051216017457,80,248,249,248,14,13,7,39,18446744073709535290,18446744073709548874,3,0,0,0,0,1,0,0,0,245,245,18446744073673874060,13,4809,0,0,1,2,18446744073709544817,18446744073709550935,18446744073709551030,259,11,1,1,8242954762181594215,0,0,3,5502432833406508004,0,1,1,0
PAWN_AUDIT_RESULT,2457,7,7,162,0,0,162,0,5,5,0,0
PAWN_AUDIT_ENTRY,2458,3205783860718070886,16837575860555631572,514661579498828611,14464248255147489410,407,248,249,248,14,13,8,40,18446744073709537117,18446744073709548373,3,0,0,0,0,1,0,0,0,245,245,18446744073673874060,13,4815,0,0,1,2,18446744073709545643,18446744073709550945,18446744073709551030,259,11,1,1,8242954762181594215,0,0,3,5502432833406508004,0,1,1,0
PAWN_AUDIT_RESULT,2458,8,8,170,0,0,170,0,3,3,0,0
PAWN_AUDIT_ENTRY,2463,11363422835330957177,5290307833187351943,1884020933309753707,5820655641164844887,144,71,72,18446744073709551259,7,6,2,3,18446744073709542034,18446744073709550278,3,0,0,0,0,0,0,0,1,18446744073709549914,18446744073709549914,18446744073705274711,13,4825,0,0,1,3,18446744073709547801,18446744073709551100,18446744073709551030,18446744073709551141,0,1,1,17993155392092111915,0,0,3,10995552468676396914,0,1,1,0
PAWN_AUDIT_RESULT,2463,2,2,-564,0,0,-564,0,1,1,0,0
PAWN_AUDIT_ENTRY,2470,6965090172897179806,4322848506480053800,8948053718235093609,15965864079406850965,1493,248,249,229,11,10,8,3,18446744073709539002,7937,3,0,0,0,0,1,0,0,0,165,165,18446744073699997422,13,4837,0,0,0,5,18446744073709547230,18446744073709549485,18446744073709551030,232,9,1,1,11090425736916188940,3,0,3,5554709233845189076,0,4,1,0
PAWN_AUDIT_RESULT,2470,8,8,54,0,0,54,0,2,2,0,0
PAWN_AUDIT_ENTRY,2471,4322848506480053800,11098129660889536312,8948053718235093609,16426902762318526004,1503,248,249,229,11,10,7,5,18446744073709541092,1826,3,0,0,0,0,1,0,0,0,165,165,18446744073699997422,13,4840,0,0,0,5,18446744073709547408,18446744073709551030,18446744073709551030,232,9,1,1,11090425736916188940,3,0,3,5554709233845189076,0,4,1,0
PAWN_AUDIT_RESULT,2471,7,7,44,0,0,44,0,0,0,0,0
PAWN_AUDIT_ENTRY,2472,11098129660889536312,5968800560623676294,8948053718235093609,6823364580629851248,139,248,249,229,11,10,8,6,18446744073709546573,18446744073709551321,3,0,0,0,0,1,0,0,0,165,165,18446744073699997422,13,4841,0,0,0,3,18446744073709549731,18446744073709551368,18446744073709551030,232,9,1,1,11090425736916188940,3,0,3,5554709233845189076,0,4,1,0
PAWN_AUDIT_ENTRY,2476,2333123238892696186,11175695114968152338,1569950423628448983,613067290130601605,736,248,249,217,9,8,5,2,18446744073709545055,18446744073709550278,5,0,0,0,0,0,0,0,1,18446744073709551371,18446744073709551371,18446744073706313903,13,4848,0,0,1,3,18446744073709550436,18446744073709549993,18446744073709549572,137,2,1,1,8242954762181594215,0,0,5,6823364580629851248,0,1,1,0
PAWN_AUDIT_RESULT,2476,5,5,-144,0,0,-144,0,4,4,0,0
PAWN_AUDIT_ENTRY,2478,15261883822888676300,16896210766402622770,1569950423628448983,5084850001670600189,82,248,249,217,9,8,5,3,18446744073709548474,422,5,0,0,0,0,0,0,0,0,18446744073709551371,18446744073709551371,18446744073706313903,13,4853,0,0,1,2,18446744073709548712,3519,18446744073709551030,137,2,1,1,8242954762181594215,0,0,5,6823364580629851248,0,1,1,0
PAWN_AUDIT_RESULT,2478,5,5,71,0,0,71,0,0,0,0,0
PAWN_AUDIT_ENTRY,2479,16896210766402622770,9942529914952823465,1569950423628448983,11698652131870123009,722,248,249,217,9,8,3,6,18446744073709545607,18446744073709550278,5,0,0,0,0,0,0,0,0,18446744073709551371,18446744073709551371,18446744073706313903,13,4854,0,0,1,3,18446744073709549461,18446744073709551030,18446744073709551030,137,2,1,1,8242954762181594215,0,0,5,6823364580629851248,0,1,1,0
PAWN_AUDIT_RESULT,2479,3,3,-94,0,0,-94,0,0,0,0,0
PAWN_AUDIT_ENTRY,2480,9942529914952823465,8888217806271060871,1569950423628448983,3987162358239834830,706,248,249,217,9,8,3,7,18446744073709547219,18446744073709548874,5,0,0,0,0,0,0,0,0,18446744073709551371,18446744073709551371,18446744073706313903,13,4855,0,0,1,3,18446744073709550194,18446744073709551030,18446744073709551030,137,2,1,1,8242954762181594215,0,0,5,6823364580629851248,0,1,1,0
PAWN_AUDIT_RESULT,2480,3,3,-210,0,0,-210,0,0,0,0,0
PAWN_AUDIT_RESULT,2472,8,8,220,0,0,220,0,14,14,0,0
PAWN_AUDIT_ENTRY,2481,8888217806271060871,8808137073247638091,8948053718235093609,17090035395392296269,1494,248,249,229,11,10,7,7,18446744073709544226,18446744073709548874,3,0,0,0,0,1,0,0,0,165,165,18446744073699997422,13,4856,0,0,0,5,18446744073709548957,18446744073709550782,18446744073709551030,232,9,1,1,11090425736916188940,3,0,3,5554709233845189076,0,4,1,0
PAWN_AUDIT_RESULT,2481,7,7,120,0,0,120,0,0,0,0,0
PAWN_AUDIT_ENTRY,2482,8808137073247638091,3075217735300327206,8948053718235093609,15744668995183569618,339,248,249,229,11,10,8,9,18446744073709549295,18446744073709548810,3,0,0,0,0,1,0,0,0,165,165,18446744073699997422,13,4857,0,0,0,3,18446744073709551138,18446744073709551030,18446744073709551030,232,9,1,1,11090425736916188940,3,0,3,5554709233845189076,0,4,1,0
PAWN_AUDIT_ENTRY,2485,8275692163902663358,4511928941893889913,10518347629865222773,14024276059404448607,82,248,249,227,9,8,5,2,18446744073709548924,1101,5,0,0,0,0,0,0,0,0,18446744073709551434,18446744073709551434,18446744073706313903,13,4870,0,0,1,2,18446744073709549561,3519,18446744073709549702,147,2,1,1,8242954762181594215,0,0,5,15744668995183569618,0,1,1,0
PAWN_AUDIT_RESULT,2485,5,5,57,0,0,57,0,0,0,0,0
PAWN_AUDIT_ENTRY,2486,4511928941893889913,2906621120182557022,10518347629865222773,6579702958254009566,261,248,249,227,9,8,3,4,18446744073709542355,18446744073709550278,5,0,0,0,0,0,0,0,0,18446744073709551434,18446744073709551434,18446744073706313903,13,4871,0,0,1,6,18446744073709547982,18446744073709551030,18446744073709551030,147,2,1,1,8242954762181594215,0,0,5,15744668995183569618,0,1,1,0
PAWN_AUDIT_RESULT,2486,3,3,14,0,0,14,0,0,0,0,0
PAWN_AUDIT_RESULT,2482,8,8,229,0,0,229,0,14,14,0,0
PAWN_AUDIT_ENTRY,2487,2906621120182557022,15688361966145221628,8948053718235093609,6619205564084018285,1492,248,249,229,11,10,7,10,18446744073709542748,18446744073709548874,3,0,0,0,0,1,0,0,0,165,165,18446744073699997422,13,4872,0,0,0,5,18446744073709548234,18446744073709550884,18446744073709551030,232,9,1,1,11090425736916188940,3,0,3,5554709233845189076,0,4,1,0
PAWN_AUDIT_RESULT,2487,7,7,84,0,0,84,0,0,0,0,0
PAWN_AUDIT_ENTRY,2488,15688361966145221628,12747074480707681077,8948053718235093609,7900165528770774627,1490,248,249,229,11,10,7,11,18446744073709542483,18446744073709548874,3,0,0,0,0,1,0,0,0,165,165,18446744073699997422,13,4873,0,0,0,5,18446744073709548141,18446744073709550829,18446744073709551030,232,9,1,1,11090425736916188940,3,0,3,5554709233845189076,0,4,1,0
PAWN_AUDIT_RESULT,2488,7,7,50,0,0,50,0,0,0,0,0
PAWN_AUDIT_ENTRY,2489,12747074480707681077,17692898472691820016,8948053718235093609,18079587763338803016,1491,248,249,229,11,10,6,12,18446744073709541372,18446744073709548874,3,0,0,0,0,1,0,0,0,165,165,18446744073699997422,13,4874,0,0,0,5,18446744073709547625,18446744073709550850,18446744073709551030,232,9,1,1,11090425736916188940,3,0,3,5554709233845189076,0,4,1,0
PAWN_AUDIT_RESULT,2489,6,6,100,0,0,100,0,0,0,0,0
PAWN_AUDIT_ENTRY,2490,17692898472691820016,8269018468144184388,8948053718235093609,16721290546667209535,396,248,249,229,11,10,7,13,18446744073709543392,18446744073709549861,3,0,0,0,0,1,0,0,0,165,165,18446744073699997422,13,4875,0,0,0,2,18446744073709548572,18446744073709550793,18446744073709551030,232,9,1,1,11090425736916188940,3,0,3,5554709233845189076,0,4,1,0
PAWN_AUDIT_RESULT,2490,7,7,135,0,0,135,0,2,2,0,0
PAWN_AUDIT_ENTRY,2491,8269018468144184388,6843361511702238310,8948053718235093609,8220795426777331002,405,248,249,229,11,10,5,14,18446744073709542051,18446744073709548435,3,0,0,0,0,1,0,0,0,165,165,18446744073699997422,13,4878,0,0,0,2,18446744073709548795,18446744073709549959,18446744073709550174,232,9,1,1,11090425736916188940,3,0,3,5554709233845189076,0,4,1,0
PAWN_AUDIT_RESULT,2491,5,5,223,0,0,223,0,0,0,0,0
PAWN_AUDIT_ENTRY,2492,6843361511702238310,12304448968837529262,8948053718235093609,17997770279797779102,75,248,249,229,11,10,5,15,18446744073709539005,18446744073709548909,3,0,0,0,0,1,0,0,0,165,165,18446744073699997422,13,4879,0,0,0,2,18446744073709546597,18446744073709550754,18446744073709551030,232,9,1,1,11090425736916188940,3,0,3,5554709233845189076,0,4,1,0
PAWN_AUDIT_RESULT,2492,5,5,140,0,0,140,0,0,0,0,0
PAWN_AUDIT_ENTRY,2493,12304448968837529262,12781919785097808348,8948053718235093609,12053971276635652155,1502,248,249,229,11,10,5,19,18446744073709542704,18446744073709546761,3,0,0,0,0,1,0,0,0,165,165,18446744073699997422,13,4880,0,0,0,5,18446744073709548141,18446744073709551030,18446744073709551030,232,9,1,1,11090425736916188940,3,0,3,5554709233845189076,0,4,1,0
PAWN_AUDIT_RESULT,2493,5,5,63,0,0,63,0,0,0,0,0
PAWN_AUDIT_ENTRY,2494,12781919785097808348,8527878728277637835,8948053718235093609,3419726112092416835,82,248,249,229,11,10,5,29,18446744073709545509,18446744073709546489,3,0,0,0,0,1,0,0,0,165,165,18446744073699997422,13,4881,0,0,0,2,18446744073709549199,18446744073709551465,18446744073709551030,232,9,1,1,11090425736916188940,3,0,3,5554709233845189076,0,4,1,0
PAWN_AUDIT_RESULT,2494,5,5,214,0,0,214,0,3,3,0,0
PAWN_AUDIT_ENTRY,2499,10801347714257264849,8971475833918058467,2334373549570842207,9314313901121166134,1899,71,72,18446744073709550790,7,6,3,4,18446744073709550340,18446744073709549434,3,0,0,0,0,0,0,0,1,18446744073709550149,18446744073709550149,18446744073701664093,13,4890,0,0,1,3,18446744073709551613,18446744073709551030,18446744073709551030,18446744073709551256,0,1,1,11090425736916188940,0,0,3,11734185831933374534,0,1,1,0
PAWN_AUDIT_RESULT,2499,3,3,-1235,0,0,-1235,0,1,1,0,0
PAWN_AUDIT_ENTRY,2505,13471003724705499712,10433446954734310464,3733281793423564813,9477456636130572745,343,248,249,88,7,6,3,2,18446744073709550287,18446744073709550429,7,0,0,0,0,0,0,0,0,18446744073709551488,18446744073709551488,202796,13,4905,0,0,0,3,18446744073709551589,18446744073709551030,18446744073709551030,167,4,1,1,2054417733162501693,2,0,7,4467593671269505971,0,3,1,0
PAWN_AUDIT_RESULT,2505,3,3,78,0,0,78,0,0,0,0,0
PAWN_AUDIT_ENTRY,2507,14303051755778035232,16556969476056926533,3733281793423564813,6960271131300368679,82,248,249,88,7,6,2,4,18446744073709543307,18446744073709550323,7,0,0,0,0,0,0,0,0,18446744073709551488,18446744073709551488,202796,13,4907,0,0,0,2,18446744073709549162,18446744073709551030,18446744073709549491,167,4,1,1,2054417733162501693,2,0,7,4467593671269505971,0,3,1,0
PAWN_AUDIT_RESULT,2507,2,2,55,0,0,55,0,0,0,0,0
PAWN_AUDIT_ENTRY,2508,16556969476056926533,7070269088871332936,8422409426780011919,14171579144694228043,343,248,249,165,9,8,6,2,18446744073709549249,18446744073709550429,5,0,0,0,0,0,0,144,0,18446744073709551508,18446744073709551508,18446744073707752090,13,4908,0,0,1,3,18446744073709551117,18446744073709551030,18446744073709551030,185,5,1,1,2054417733162501693,0,0,5,4583125960796804392,0,1,1,0
PAWN_AUDIT_RESULT,2508,6,6,116,0,0,116,0,0,0,0,0
PAWN_AUDIT_ENTRY,2509,7070269088871332936,18375548025710246108,8422409426780011919,6232632387490483094,139,248,249,165,9,8,5,3,18446744073709546179,18446744073709550278,5,0,0,0,0,0,0,144,0,18446744073709551508,18446744073709551508,18446744073707752090,13,4909,0,0,1,3,18446744073709549907,18446744073709550658,18446744073709551030,185,5,1,1,2054417733162501693,0,0,5,4583125960796804392,0,1,1,0
PAWN_AUDIT_RESULT,2509,5,5,83,0,0,83,0,0,0,0,0
PAWN_AUDIT_ENTRY,2510,18375548025710246108,11579774881191857156,8422409426780011919,2862874336958532773,82,248,249,165,9,8,5,4,18446744073709547775,18446744073709549162,5,0,0,0,0,0,0,144,0,18446744073709551508,18446744073709551508,18446744073707752090,13,4910,0,0,1,2,18446744073709548394,3519,18446744073709551030,185,5,1,1,2054417733162501693,0,0,5,4583125960796804392,0,1,1,0
PAWN_AUDIT_RESULT,2510,5,5,104,0,0,104,0,0,0,0,0
PAWN_AUDIT_ENTRY,2511,11579774881191857156,9353581353674501372,8422409426780011919,15138646490247960172,334,248,249,165,9,8,4,5,18446744073709547365,18446744073709548940,5,0,0,0,0,0,0,144,0,18446744073709551508,18446744073709551508,18446744073707752090,13,4911,0,0,1,3,18446744073709550260,18446744073709551030,18446744073709551030,185,5,1,1,2054417733162501693,0,0,5,4583125960796804392,0,1,1,0
PAWN_AUDIT_RESULT,2511,4,4,86,0,0,86,0,0,0,0,0
PAWN_AUDIT_ENTRY,2512,9353581353674501372,9833308953644603521,8422409426780011919,8852271674648449756,405,248,249,165,9,8,4,6,18446744073709544014,18446744073709550278,5,0,0,0,0,0,0,144,0,18446744073709551508,18446744073709551508,18446744073707752090,13,4912,0,0,1,2,18446744073709548795,18446744073709550913,18446744073709551030,185,5,1,1,2054417733162501693,0,0,5,4583125960796804392,0,1,1,0
PAWN_AUDIT_RESULT,2512,4,4,80,0,0,80,0,0,0,0,0
PAWN_AUDIT_ENTRY,2513,9833308953644603521,5489626735628261272,8422409426780011919,15154606995587091764,339,248,249,165,9,8,4,7,18446744073709549199,18446744073709547767,5,0,0,0,0,0,0,144,0,18446744073709551508,18446744073709551508,18446744073707752090,13,4913,0,0,1,3,18446744073709551294,18446744073709550630,18446744073709551030,185,5,1,1,2054417733162501693,0,0,5,4583125960796804392,0,1,1,0
PAWN_AUDIT_RESULT,2513,4,4,58,0,0,58,0,0,0,0,0
PAWN_AUDIT_ENTRY,2514,5489626735628261272,2161013035740069298,8422409426780011919,17369076975128694136,75,248,249,165,9,8,4,8,18446744073709543438,18446744073709550278,5,0,0,0,0,0,0,144,0,18446744073709551508,18446744073709551508,18446744073707752090,13,4914,0,0,1,2,18446744073709548129,105,18446744073709551030,185,5,1,1,2054417733162501693,0,0,5,4583125960796804392,0,1,1,0
PAWN_AUDIT_RESULT,2514,4,4,98,0,0,98,0,0,0,0,0
PAWN_AUDIT_ENTRY,2515,2161013035740069298,11952259408410290816,8422409426780011919,16195580765229671641,396,248,249,165,9,8,3,9,18446744073709542711,18446744073709550278,5,0,0,0,0,0,0,144,0,18446744073709551508,18446744073709551508,18446744073707752090,13,4915,0,0,1,2,18446744073709548853,18446744073709549612,18446744073709551030,185,5,1,1,2054417733162501693,0,0,5,4583125960796804392,0,1,1,0
PAWN_AUDIT_RESULT,2515,3,3,103,0,0,103,0,0,0,0,0
PAWN_AUDIT_ENTRY,2518,2827521512570478429,12049795603550635485,15815244571312141821,10491545848963322817,144,248,249,181,11,10,5,3,18446744073709540648,18446744073709550278,3,0,0,0,0,0,0,1959,1,18446744073709551166,18446744073709551166,18446744073705274711,13,4918,0,0,1,3,18446744073709547135,18446744073709551100,18446744073709551104,199,7,1,1,4101351359291447485,0,0,3,6468970739378658276,0,1,1,0
PAWN_AUDIT_RESULT,2518,5,5,236,0,0,236,0,6,6,0,0
PAWN_AUDIT_ENTRY,2520,5569732865154963424,3620527092281966248,15815244571312141821,7724502114494770233,343,248,249,236,11,10,4,4,18446744073709550413,18446744073709550278,3,0,0,0,0,0,0,1959,0,18446744073709551166,18446744073709551166,18446744073705274711,13,4925,0,0,1,3,30,18446744073709551030,18446744073709551030,199,7,1,1,4101351359291447485,0,0,3,6468970739378658276,0,1,1,0
PAWN_AUDIT_RESULT,2520,4,4,-461,0,0,-461,0,0,0,0,0
PAWN_AUDIT_ENTRY,2521,3620527092281966248,9413636314970898253,15815244571312141821,457766625245609610,1958,248,249,236,11,10,3,5,18446744073709550340,18446744073709550278,3,0,0,0,0,0,0,1959,0,18446744073709551166,18446744073709551166,18446744073705274711,13,4926,0,0,1,1,18446744073709551613,18446744073709551030,18446744073709551030,199,7,1,1,4101351359291447485,0,0,3,6468970739378658276,0,0,1,0
PAWN_AUDIT_RESULT,2521,3,3,-914,0,0,-914,0,0,0,0,0
PAWN_AUDIT_ENTRY,2522,9413636314970898253,7646137080422180780,15815244571312141821,9047211980738403870,334,248,249,236,11,10,3,6,18446744073709546597,18446744073709550278,3,0,0,0,0,0,0,1959,0,18446744073709551166,18446744073709551166,18446744073705274711,13,4927,0,0,1,3,18446744073709549911,18446744073709551030,18446744073709551030,199,7,1,1,4101351359291447485,0,0,3,6468970739378658276,0,1,1,0
PAWN_AUDIT_RESULT,2522,3,3,-503,0,0,-503,0,0,0,0,0
PAWN_AUDIT_ENTRY,2523,7646137080422180780,12068764582779894806,15815244571312141821,9067605736283817286,339,248,249,236,11,10,2,8,18446744073709546887,18446744073709550278,3,0,0,0,0,0,0,1959,0,18446744073709551166,18446744073709551166,18446744073705274711,13,4928,0,0,1,3,18446744073709550043,18446744073709551030,18446744073709551030,199,7,1,1,4101351359291447485,0,0,3,6468970739378658276,0,1,1,0
PAWN_AUDIT_RESULT,2523,2,2,-487,0,0,-487,0,0,0,0,0
PAWN_AUDIT_ENTRY,2538,2190839010921991077,1143923993723625102,10561778648029478073,13964088002460994963,82,248,249,18446744073709551606,6,5,2,2,18446744073709543646,7263,7,0,0,0,0,0,0,0,0,18446744073709551256,18446744073709551256,18446744073709405939,13,4962,0,0,1,2,18446744073709548569,18446744073709551030,18446744073709551030,154,0,1,1,13343491483384136489,0,0,7,17780475271198812027,0,1,1,0
PAWN_AUDIT_RESULT,2538,2,2,39,0,0,39,0,0,0,0,0
PAWN_AUDIT_ENTRY,2539,1143923993723625102,12915187152557783652,9384913824247461257,7731779198100601156,781,248,249,171,8,7,2,3,18446744073709545954,18446744073709550201,5,0,0,0,0,0,0,0,0,189,189,18446744073706804096,13,4963,0,0,0,5,18446744073709550872,18446744073709548865,18446744073709550678,234,3,1,1,14516473580057910448,0,0,5,11563768235313864986,0,1,1,0
PAWN_AUDIT_RESULT,2539,2,2,203,0,0,203,0,0,0,0,0
PAWN_AUDIT_ENTRY,2540,12915187152557783652,11630735537698052839,9384913824247461257,3049716686460665223,779,248,249,203,8,7,2,4,18446744073709547041,18446744073709550278,5,0,0,0,0,0,0,0,0,189,189,18446744073706804096,13,4964,0,0,0,5,18446744073709550194,18446744073709550868,18446744073709551030,234,3,1,1,14516473580057910448,0,0,5,11563768235313864986,0,1,1,0
PAWN_AUDIT_RESULT,2540,2,2,160,0,0,160,0,0,0,0,0
PAWN_AUDIT_ENTRY,2541,11630735537698052839,12388492939139464595,9384913824247461257,12284234263762703604,787,248,249,203,8,7,2,5,18446744073709546937,18446744073709550278,5,0,0,0,0,0,0,0,0,189,189,18446744073706804096,13,4965,0,0,0,5,18446744073709550301,18446744073709551030,18446744073709550545,234,3,1,1,14516473580057910448,0,0,5,11563768235313864986,0,1,1,0
PAWN_AUDIT_RESULT,2541,2,2,160,0,0,160,0,0,0,0,0
PAWN_AUDIT_ENTRY,2542,12388492939139464595,5859769302161622000,9384913824247461257,10089778362368121562,405,248,249,203,8,7,2,6,18446744073709551089,18446744073709548167,5,0,0,0,0,0,0,0,0,189,189,18446744073706804096,13,4966,0,0,0,2,18446744073709551245,18446744073709551030,874,234,3,1,1,14516473580057910448,0,0,5,11563768235313864986,0,1,1,0
PAWN_AUDIT_RESULT,2542,2,2,87,0,0,87,0,2,2,0,0
PAWN_AUDIT_ENTRY,2543,5859769302161622000,6551039209004659380,9384913824247461257,14590067507774333667,771,248,249,203,8,7,1,7,18446744073709546579,18446744073709550278,5,0,0,0,0,0,0,0,0,189,189,18446744073706804096,13,4969,0,0,0,5,18446744073709550194,18446744073709551030,18446744073709550430,234,3,1,1,14516473580057910448,0,0,5,11563768235313864986,0,1,1,0
PAWN_AUDIT_RESULT,2543,1,1,183,0,0,183,0,0,0,0,0
PAWN_AUDIT_ENTRY,2544,6551039209004659380,3929899760768941186,9384913824247461257,17858333551719457671,798,248,249,203,8,7,1,8,18446744073709547219,18446744073709548874,5,0,0,0,0,0,0,0,0,189,189,18446744073706804096,13,4970,0,0,0,5,18446744073709550194,18446744073709551030,18446744073709551030,234,3,1,1,14516473580057910448,0,0,5,11563768235313864986,0,1,1,0
PAWN_AUDIT_RESULT,2544,1,1,103,0,0,103,0,0,0,0,0
PAWN_AUDIT_ENTRY,2545,3929899760768941186,12113092200781686443,9384913824247461257,11574607266091139984,139,248,249,203,8,7,1,9,18446744073709543887,18446744073709550158,5,0,0,0,0,0,0,0,0,189,189,18446744073706804096,13,4971,0,0,0,3,18446744073709549228,18446744073709550884,18446744073709550049,234,3,1,1,14516473580057910448,0,0,5,11563768235313864986,0,1,1,0
PAWN_AUDIT_RESULT,2545,1,1,144,0,0,144,0,1,1,0,0
PAWN_AUDIT_ENTRY,2546,12113092200781686443,8521626379682206560,9384913824247461257,10164589688308498473,789,248,249,203,8,7,1,10,18446744073709547178,18446744073709549527,5,0,0,0,0,0,0,0,0,189,189,18446744073706804096,13,4973,0,0,0,5,18446744073709550175,18446744073709551030,18446744073709551030,234,3,1,1,14516473580057910448,0,0,5,11563768235313864986,0,1,1,0
PAWN_AUDIT_RESULT,2546,1,1,181,0,0,181,0,0,0,0,0
PAWN_AUDIT_ENTRY,2547,8521626379682206560,10384791953754211557,9384913824247461257,811176653945880529,788,248,249,203,8,7,1,11,18446744073709546273,18446744073709548874,5,0,0,0,0,0,0,0,0,189,189,18446744073706804096,13,4974,0,0,0,5,18446744073709550194,18446744073709550550,18446744073709550638,234,3,1,1,14516473580057910448,0,0,5,11563768235313864986,0,1,1,0
PAWN_AUDIT_RESULT,2547,1,1,142,0,0,142,0,0,0,0,0
PAWN_AUDIT_ENTRY,2548,10384791953754211557,10684775046106562826,9384913824247461257,14474451690742272949,144,248,249,203,8,7,1,12,18446744073709538363,18446744073709551553,5,0,0,0,0,0,0,0,0,189,189,18446744073706804096,13,4975,0,0,0,3,18446744073709547135,18446744073709549305,18446744073709550813,234,3,1,1,14516473580057910448,0,0,5,11563768235313864986,0,1,1,0
PAWN_AUDIT_RESULT,2548,1,1,220,0,0,220,0,0,0,0,0
PAWN_AUDIT_ENTRY,2550,14401530928904443292,16045754957787225318,9384913824247461257,15088598975064655011,82,248,249,220,8,7,1,14,18446744073709545514,18446744073709549224,5,0,0,0,0,0,0,0,0,189,189,18446744073706804096,13,4978,0,0,0,2,18446744073709549822,725,18446744073709548848,234,3,1,1,14516473580057910448,0,0,5,11563768235313864986,0,1,1,0
PAWN_AUDIT_RESULT,2550,1,1,166,0,0,166,0,1,1,0,0
PAWN_AUDIT_ENTRY,2551,16045754957787225318,14116095050398444245,9384913824247461257,5594259893199355464,407,248,249,220,8,7,1,15,18446744073709539889,18446744073709549967,5,0,0,0,0,0,0,0,0,189,189,18446744073706804096,13,4980,0,0,0,2,18446744073709546861,18446744073709551030,18446744073709551030,234,3,1,1,14516473580057910448,0,0,5,11563768235313864986,0,1,1,0
PAWN_AUDIT_RESULT,2551,1,1,223,0,0,223,0,0,0,0,0
PAWN_AUDIT_ENTRY,2552,14116095050398444245,17179201697663082966,9384913824247461257,564316244443252094,75,248,249,223,8,7,1,16,18446744073709539625,18446744073709550125,5,0,0,0,0,0,0,0,0,189,189,18446744073706804096,13,4981,0,0,0,2,18446744073709548100,18446744073709550754,18446744073709548514,234,3,1,1,14516473580057910448,0,0,5,11563768235313864986,0,1,1,0
PAWN_AUDIT_RESULT,2552,1,1,200,0,0,200,0,0,0,0,0
PAWN_AUDIT_ENTRY,2553,17179201697663082966,9784228170599722931,15177181166481495605,10971421399313428489,144,248,249,235,11,10,7,2,18446744073709542141,7974,3,0,0,0,0,0,0,0,0,124,124,18446744073699610242,13,4982,0,0,0,3,18446744073709547885,18446744073709551030,18446744073709551030,216,2,1,1,11090425736916188940,3,0,3,16400905015512298888,0,4,1,0
PAWN_AUDIT_RESULT,2553,7,7,123,0,0,123,0,0,0,0,0
PAWN_AUDIT_ENTRY,2554,9784228170599722931,7786646635107423556,15177181166481495605,15965864079406850965,789,248,249,235,11,10,6,3,18446744073709544144,7937,3,0,0,0,0,0,0,0,0,124,124,18446744073699610242,13,4983,0,0,0,5,18446744073709549568,18446744073709549485,18446744073709551030,216,2,1,1,11090425736916188940,3,0,3,16400905015512298888,0,4,1,0
PAWN_AUDIT_RESULT,2554,6,6,116,0,0,116,0,0,0,0,0
PAWN_AUDIT_ENTRY,2555,7786646635107423556,3040971912114079003,15177181166481495605,5213722245993331576,794,248,249,235,11,10,6,5,18446744073709547219,18446744073709550278,3,0,0,0,0,0,0,0,0,124,124,18446744073699610242,13,4984,0,0,0,5,18446744073709550194,18446744073709551030,18446744073709551030,216,2,1,1,11090425736916188940,3,0,3,16400905015512298888,0,4,1,0
PAWN_AUDIT_RESULT,2555,6,6,-43,0,0,-43,0,0,0,0,0
PAWN_AUDIT_ENTRY,2556,3040971912114079003,12697762722063758362,15177181166481495605,17310859803698421804,139,248,249,235,11,10,6,6,18446744073709550154,18446744073709551180,3,0,0,0,0,0,0,0,0,124,124,18446744073699610242,13,4985,0,0,0,3,18446744073709551323,18446744073709551441,18446744073709551030,216,2,1,1,11090425736916188940,3,0,3,16400905015512298888,0,4,1,0
PAWN_AUDIT_RESULT,2556,6,6,13,0,0,13,0,3,3,0,0
PAWN_AUDIT_ENTRY,2558,12381442220211443183,10251666342356191698,15177181166481495605,4310235710566603512,781,248,249,235,11,10,4,8,18446744073709548412,18446744073709548896,3,0,0,0,0,0,0,0,0,124,124,18446744073699610242,13,4990,0,0,0,5,18446744073709550802,18446744073709550899,18446744073709551030,216,2,1,1,11090425736916188940,3,0,3,16400905015512298888,0,4,1,0
PAWN_AUDIT_RESULT,2558,4,4,122,0,0,122,0,0,0,0,0
PAWN_AUDIT_ENTRY,2559,10251666342356191698,9828165390276241230,15177181166481495605,11162050340589093215,771,248,249,235,11,10,3,9,18446744073709545732,18446744073709549291,3,0,0,0,0,0,0,0,0,124,124,18446744073699610242,13,4991,0,0,0,5,18446744073709549629,18446744073709550807,18446744073709551030,216,2,1,1,11090425736916188940,3,0,3,16400905015512298888,0,4,1,0
PAWN_AUDIT_RESULT,2559,3,3,131,0,0,131,0,0,0,0,0
PAWN_AUDIT_ENTRY,2560,9828165390276241230,13104620903757224371,15177181166481495605,8849293538980879931,779,248,249,235,11,10,3,10,18446744073709544754,18446744073709548874,3,0,0,0,0,0,0,0,0,124,124,18446744073699610242,13,4992,0,0,0,5,18446744073709549073,18446744073709551030,18446744073709551030,216,2,1,1,11090425736916188940,3,0,3,16400905015512298888,0,4,1,0
PAWN_AUDIT_RESULT,2560,3,3,90,0,0,90,0,0,0,0,0
PAWN_AUDIT_ENTRY,2561,13104620903757224371,6535277188550524832,15177181166481495605,18079587763338803016,787,248,249,235,11,10,3,11,18446744073709544706,18446744073709548874,3,0,0,0,0,0,0,0,0,124,124,18446744073699610242,13,4993,0,0,0,5,18446744073709549141,18446744073709550850,18446744073709551030,216,2,1,1,11090425736916188940,3,0,3,16400905015512298888,0,4,1,0
PAWN_AUDIT_RESULT,2561,3,3,100,0,0,100,0,0,0,0,0
PAWN_AUDIT_ENTRY,2562,6535277188550524832,8742557323204545007,15177181166481495605,6619205564084018285,788,248,249,235,11,10,3,12,18446744073709544554,18446744073709548874,3,0,0,0,0,0,0,0,0,124,124,18446744073699610242,13,4994,0,0,0,5,18446744073709549055,18446744073709550884,18446744073709551030,216,2,1,1,11090425736916188940,3,0,3,16400905015512298888,0,4,1,0
PAWN_AUDIT_RESULT,2562,3,3,83,0,0,83,0,0,0,0,0
PAWN_AUDIT_ENTRY,2563,8742557323204545007,12269548892860999556,15177181166481495605,6289591477002118850,75,248,249,235,11,10,3,13,18446744073709542113,18446744073709548909,3,0,0,0,0,0,0,0,0,124,124,18446744073699610242,13,4995,0,0,0,2,18446744073709548010,18446744073709550754,18446744073709551030,216,2,1,1,11090425736916188940,3,0,3,16400905015512298888,0,4,1,0
PAWN_AUDIT_RESULT,2563,3,3,178,0,0,178,0,0,0,0,0
PAWN_AUDIT_ENTRY,2564,12269548892860999556,10377474703076862200,15177181166481495605,9365442608719046431,82,248,249,235,11,10,3,14,18446744073709549690,18446744073709546489,3,0,0,0,0,0,0,0,0,124,124,18446744073699610242,13,4996,0,0,0,2,18446744073709551100,18446744073709551465,18446744073709551030,216,2,1,1,11090425736916188940,3,0,3,16400905015512298888,0,4,1,0
PAWN_AUDIT_RESULT,2564,3,3,154,0,0,154,0,0,0,0,0
PAWN_AUDIT_ENTRY,2565,10377474703076862200,8986019124699896269,15177181166481495605,12053971276635652155,798,248,249,235,11,10,3,15,18446744073709544714,18446744073709546761,3,0,0,0,0,0,0,0,0,124,124,18446744073699610242,13,4997,0,0,0,5,18446744073709549055,18446744073709551030,18446744073709551030,216,2,1,1,11090425736916188940,3,0,3,16400905015512298888,0,4,1,0
PAWN_AUDIT_RESULT,2565,3,3,62,0,0,62,0,0,0,0,0
PAWN_AUDIT_ENTRY,2566,8986019124699896269,3691592417425329670,15177181166481495605,4009092063654420481,666,248,249,235,11,10,2,16,18446744073709537261,18446744073709549382,3,0,0,0,0,0,0,0,0,124,124,18446744073699610242,13,4998,0,0,0,1,18446744073709545666,18446744073709551030,18446744073709551030,216,2,1,1,11090425736916188940,3,0,3,16400905015512298888,0,0,1,0
PAWN_AUDIT_RESULT,2566,2,2,179,0,0,179,0,0,0,0,0
PAWN_AUDIT_ENTRY,2567,3691592417425329670,1663500142668337477,15177181166481495605,11780215185190851534,658,248,249,235,11,10,2,18,18446744073709535086,18446744073709550830,3,0,0,0,0,0,0,0,0,124,124,18446744073699610242,13,4999,0,0,0,1,18446744073709544715,18446744073709550954,18446744073709551030,216,2,1,1,11090425736916188940,3,0,3,16400905015512298888,0,0,1,0
PAWN_AUDIT_RESULT,2567,2,2,164,0,0,164,0,0,0,0,0
PAWN_AUDIT_ENTRY,2568,1663500142668337477,15208109417511498435,15177181166481495605,8109970620750591027,536,248,249,235,11,10,2,19,18446744073709535687,18446744073709549524,3,0,0,0,0,0,0,0,0,124,124,18446744073699610242,13,5000,0,0,0,1,18446744073709544950,18446744073709551030,18446744073709551030,216,2,1,1,11090425736916188940,3,0,3,16400905015512298888,0,0,1,0
PAWN_AUDIT_RESULT,2568,2,2,152,0,0,152,0,0,0,0,0
PAWN_AUDIT_ENTRY,2569,15208109417511498435,12899088110648512419,15177181166481495605,2107413072834485748,407,248,249,235,11,10,2,20,18446744073709541858,18446744073709547078,3,0,0,0,0,0,0,0,0,124,124,18446744073699610242,13,5001,0,0,0,2,18446744073709547756,18446744073709551030,18446744073709551030,216,2,1,1,11090425736916188940,3,0,3,16400905015512298888,0,4,1,0
PAWN_AUDIT_RESULT,2569,2,2,143,0,0,143,0,0,0,0,0
PAWN_AUDIT_ENTRY,2570,12899088110648512419,17753175592575720818,15177181166481495605,1299448415212123870,1828,248,249,235,11,10,2,22,18446744073709534671,18446744073709549683,3,0,0,0,0,0,0,0,0,124,124,18446744073699610242,13,5002,0,0,0,1,18446744073709544488,18446744073709551030,18446744073709551030,216,2,1,1,11090425736916188940,3,0,3,16400905015512298888,0,0,1,0
PAWN_AUDIT_RESULT,2570,2,2,139,0,0,139,0,0,0,0,0
PAWN_AUDIT_ENTRY,2571,17753175592575720818,7262577403016516992,15177181166481495605,5640744770122996628,983,248,249,235,11,10,2,23,18446744073709534853,18446744073709549617,3,0,0,0,0,0,0,0,0,124,124,18446744073699610242,13,5003,0,0,0,1,18446744073709544571,18446744073709551030,18446744073709551030,216,2,1,1,11090425736916188940,3,0,3,16400905015512298888,0,0,1,0
PAWN_AUDIT_RESULT,2571,2,2,136,0,0,136,0,0,0,0,0
PAWN_AUDIT_ENTRY,2577,17902593573720791298,7759788752954537144,15186634637220253732,17320115328612607549,139,248,249,244,7,6,4,2,18446744073709548103,2482,7,0,0,0,0,0,0,0,0,191,191,2134128,13,5022,0,0,1,3,18446744073709551312,18446744073709550550,18446744073709550049,249,2,1,1,11058898975780255249,0,0,7,11568391620373114390,0,1,1,0
PAWN_AUDIT_RESULT,2577,4,4,204,0,0,204,0,0,0,0,0
PAWN_AUDIT_ENTRY,2579,3341289369360192880,16659794520349638648,15186634637220253732,6280534085999911123,75,248,249,244,7,6,2,5,18446744073709538795,297,7,0,0,0,0,0,0,0,0,191,191,2134128,13,5024,0,0,1,2,18446744073709547938,18446744073709550323,18446744073709548514,249,2,1,1,11058898975780255249,0,0,7,11568391620373114390,0,1,1,0
PAWN_AUDIT_RESULT,2579,2,2,221,0,0,221,0,0,0,0,0
PAWN_AUDIT_ENTRY,2580,16659794520349638648,9783959555367437998,15186634637220253732,9338585500464275726,82,248,249,244,7,6,2,6,18446744073709542802,18446744073709549483,7,0,0,0,0,0,0,0,0,191,191,2134128,13,5025,0,0,1,2,18446744073709550283,18446744073709548953,18446744073709548848,249,2,1,1,11058898975780255249,0,0,7,11568391620373114390,0,1,1,0
PAWN_AUDIT_RESULT,2580,2,2,196,0,0,196,0,0,0,0,0
PAWN_AUDIT_ENTRY,2581,9783959555367437998,12711525672771310732,15186634637220253732,1762774663438106255,261,248,249,244,7,6,2,7,18446744073709540811,18446744073709550278,7,0,0,0,0,0,0,0,0,191,191,2134128,13,5026,0,0,1,6,18446744073709547280,18446744073709551030,18446744073709551030,249,2,1,1,11058898975780255249,0,0,7,11568391620373114390,0,1,1,0
PAWN_AUDIT_RESULT,2581,2,2,167,0,0,167,0,0,0,0,0
PAWN_AUDIT_ENTRY,2582,12711525672771310732,4662226070136776607,15186634637220253732,12073796137827974368,2526,248,249,244,7,6,2,8,18446744073709539775,18446744073709550278,7,0,0,0,0,0,0,0,0,191,191,2134128,13,5027,0,0,1,3,18446744073709546809,18446744073709551030,18446744073709551030,249,2,1,1,11058898975780255249,0,0,7,11568391620373114390,0,1,1,0
PAWN_AUDIT_RESULT,2582,2,2,178,0,0,178,0,0,0,0,0
PAWN_AUDIT_ENTRY,2583,4662226070136776607,3948344737347362052,15186634637220253732,10962816768128251416,144,248,249,244,7,6,2,9,18446744073709540410,18446744073709549647,7,0,0,0,0,0,0,0,0,191,191,2134128,13,5028,0,0,1,3,18446744073709547203,18446744073709551030,18446744073709550813,249,2,1,1,11058898975780255249,0,0,7,11568391620373114390,0,1,1,0
PAWN_AUDIT_RESULT,2583,2,2,190,0,0,190,0,0,0,0,0
PAWN_AUDIT_ENTRY,2584,3948344737347362052,6417457401642815526,15155108392303139129,11003347979784945413,144,248,249,244,9,8,5,2,18446744073709540305,7974,5,0,0,0,0,0,0,0,0,163,163,18446744073702672297,13,5029,0,0,0,3,18446744073709547012,18446744073709551030,18446744073709551108,257,4,1,1,11090425736916188940,1,0,5,16387006010779089540,0,2,1,0
PAWN_AUDIT_RESULT,2584,5,5,167,0,0,167,0,0,0,0,0
PAWN_AUDIT_ENTRY,2586,16780346110988543373,14686382399408668969,15155108392303139129,17351639649385033504,139,248,249,244,9,8,5,4,18446744073709549989,18446744073709551563,5,0,0,0,0,0,0,0,0,163,163,18446744073702672297,13,5033,0,0,0,3,18446744073709551248,18446744073709551441,18446744073709551030,257,4,1,1,11090425736916188940,1,0,5,16387006010779089540,0,2,1,0
PAWN_AUDIT_RESULT,2586,5,5,194,0,0,194,0,2,2,0,0
PAWN_AUDIT_ENTRY,2587,14686382399408668969,16245494775725295432,15155108392303139129,6427602249896463885,2556,248,249,244,9,8,5,5,18446744073709550340,18446744073709550278,5,0,0,0,0,0,0,0,0,163,163,18446744073702672297,13,5036,0,0,0,3,18446744073709551613,18446744073709551030,18446744073709551030,257,4,1,1,11090425736916188940,1,0,5,16387006010779089540,0,2,1,0
PAWN_AUDIT_RESULT,2587,5,5,-142,0,0,-142,0,0,0,0,0
PAWN_AUDIT_ENTRY,2588,16245494775725295432,18229354752261289391,15155108392303139129,15882573391601268330,405,248,249,244,9,8,5,6,18446744073709551234,18446744073709548651,5,0,0,0,0,0,0,0,0,163,163,18446744073702672297,13,5037,0,0,0,2,707,18446744073709550423,18446744073709551030,257,4,1,1,11090425736916188940,1,0,5,16387006010779089540,0,2,1,0
PAWN_AUDIT_RESULT,2588,5,5,166,0,0,166,0,0,0,0,0
PAWN_AUDIT_ENTRY,2589,18229354752261289391,13372215741523770707,15155108392303139129,5076093975252910191,396,248,249,244,9,8,4,7,18446744073709544276,18446744073709549861,5,0,0,0,0,0,0,0,0,163,163,18446744073702672297,13,5038,0,0,0,2,18446744073709548974,18446744073709550793,18446744073709551030,257,4,1,1,11090425736916188940,1,0,5,16387006010779089540,0,2,1,0
PAWN_AUDIT_RESULT,2589,4,4,207,0,0,207,0,0,0,0,0
PAWN_AUDIT_ENTRY,2590,13372215741523770707,14104751659826917420,15155108392303139129,6321067117855435214,75,248,249,244,9,8,4,8,18446744073709543527,18446744073709548795,5,0,0,0,0,0,0,0,0,163,163,18446744073702672297,13,5039,0,0,0,2,18446744073709548653,18446744073709550754,18446744073709551030,257,4,1,1,11090425736916188940,1,0,5,16387006010779089540,0,2,1,0
PAWN_AUDIT_RESULT,2590,4,4,177,0,0,177,0,0,0,0,0
PAWN_AUDIT_ENTRY,2591,14104751659826917420,2852283938447443250,15155108392303139129,12042270166966679037,2526,248,249,244,9,8,3,9,18446744073709539142,18446744073709550278,5,0,0,0,0,0,0,0,0,163,163,18446744073702672297,13,5040,0,0,0,3,18446744073709546521,18446744073709551030,18446744073709551030,257,4,1,1,11090425736916188940,1,0,5,16387006010779089540,0,2,1,0
PAWN_AUDIT_RESULT,2591,3,3,123,0,0,123,0,0,0,0,0
PAWN_AUDIT_ENTRY,2592,2852283938447443250,5503237781353973847,15155108392303139129,9298054701904062483,82,248,249,244,9,8,4,10,18446744073709546972,18446744073709546489,5,0,0,0,0,0,0,0,0,163,163,18446744073702672297,13,5041,0,0,0,2,18446744073709550023,18446744073709551465,18446744073709550702,257,4,1,1,11090425736916188940,1,0,5,16387006010779089540,0,2,1,0
PAWN_AUDIT_RESULT,2592,4,4,174,0,0,174,0,0,0,0,0
PAWN_AUDIT_ENTRY,2593,5503237781353973847,12475442426877386875,15155108392303139129,15747133520447017433,2499,248,249,244,9,8,3,11,18446744073709536784,18446744073709550278,5,0,0,0,0,0,0,0,0,163,163,18446744073702672297,13,5042,0,0,0,3,18446744073709545449,18446744073709551030,18446744073709551030,257,4,1,1,11090425736916188940,1,0,5,16387006010779089540,0,2,1,0
PAWN_AUDIT_RESULT,2593,3,3,151,0,0,151,0,0,0,0,0
PAWN_AUDIT_ENTRY,2594,12475442426877386875,9849355457428589666,15155108392303139129,1794301012323104658,261,248,249,244,9,8,3,12,18446744073709539764,18446744073709548874,5,0,0,0,0,0,0,0,0,163,163,18446744073702672297,13,5043,0,0,0,6,18446744073709546804,18446744073709551030,18446744073709551030,257,4,1,1,11090425736916188940,1,0,5,16387006010779089540,0,2,1,0
PAWN_AUDIT_RESULT,2594,3,3,123,0,0,123,0,0,0,0,0
PAWN_AUDIT_ENTRY,2595,9849355457428589666,5678818650499943134,15155108392303139129,18193727343906488332,2549,248,249,244,9,8,3,14,18446744073709538882,18446744073709548874,5,0,0,0,0,0,0,0,0,163,163,18446744073702672297,13,5044,0,0,0,3,18446744073709546403,18446744073709551030,18446744073709551030,257,4,1,1,11090425736916188940,1,0,5,16387006010779089540,0,2,1,0
PAWN_AUDIT_RESULT,2595,3,3,83,0,0,83,0,0,0,0,0
PAWN_AUDIT_ENTRY,2596,5678818650499943134,12713654921189653054,15155108392303139129,3986469552988909325,666,248,249,244,9,8,3,16,18446744073709537226,18446744073709549382,5,0,0,0,0,0,0,0,0,163,163,18446744073702672297,13,5045,0,0,0,1,18446744073709545650,18446744073709551030,18446744073709551030,257,4,1,1,11090425736916188940,1,0,5,16387006010779089540,0,0,1,0
PAWN_AUDIT_RESULT,2596,3,3,217,0,0,217,0,0,0,0,0
PAWN_AUDIT_ENTRY,2598,3697200355182847334,4040685915878783913,4934005501000191820,1052548898203265392,144,248,249,244,11,10,6,3,18446744073709539629,7974,3,0,0,0,0,0,0,0,1,18446744073709551274,18446744073709551274,18446744073701494989,13,5047,0,0,1,3,18446744073709546684,18446744073709551100,18446744073709551079,262,5,1,1,11090425736916188940,0,0,3,14322700690022146389,0,1,1,0
PAWN_AUDIT_ENTRY,2601,18119781973863925097,4322632216194348915,4584930819789474509,15639414176726800139,1076,248,249,167,6,5,1,16,18446744073709537928,18446744073709548874,5,0,0,0,0,0,0,0,1,18446744073709550742,18446744073709550742,18446744073701664093,13,5052,0,0,0,3,18446744073709545969,18446744073709551030,18446744073709551030,33,2,1,1,11090425736916188940,2,0,5,1052548898203265392,0,3,1,0
PAWN_AUDIT_RESULT,2601,1,1,-541,0,0,-541,0,2,2,0,0
PAWN_AUDIT_RESULT,2598,6,6,177,0,0,177,0,7,7,0,0
PAWN_AUDIT_ENTRY,2602,4322632216194348915,13094188914079353374,4934005501000191820,15748489383291554176,773,248,249,244,11,10,5,4,18446744073709550340,18446744073709550278,3,0,0,0,0,0,0,0,0,18446744073709551274,18446744073709551274,18446744073701494989,13,5055,0,0,1,3,18446744073709551613,18446744073709551030,18446744073709551030,262,5,1,1,11090425736916188940,0,0,3,14322700690022146389,0,1,1,0
PAWN_AUDIT_RESULT,2602,5,5,-873,0,0,-873,0,0,0,0,0
PAWN_AUDIT_ENTRY,2603,13094188914079353374,12629782868594647747,4934005501000191820,7414527254486071637,139,248,249,244,11,10,4,5,18446744073709548436,18446744073709551563,3,0,0,0,0,0,0,0,0,18446744073709551274,18446744073709551274,18446744073701494989,13,5056,0,0,1,3,18446744073709550747,18446744073709551030,18446744073709551030,262,5,1,1,11090425736916188940,0,0,3,14322700690022146389,0,1,1,0
PAWN_AUDIT_RESULT,2603,4,4,-296,0,0,-296,0,0,0,0,0
PAWN_AUDIT_ENTRY,2604,12629782868594647747,15966095620520344220,4934005501000191820,5351091424739942431,405,248,249,244,11,10,4,6,18446744073709549617,18446744073709548651,3,0,0,0,0,0,0,0,0,18446744073709551274,18446744073709551274,18446744073701494989,13,5057,0,0,1,2,18446744073709551284,18446744073709551030,18446744073709551030,262,5,1,1,11090425736916188940,0,0,3,14322700690022146389,0,1,1,0
PAWN_AUDIT_RESULT,2604,4,4,-652,0,0,-652,0,0,0,0,0
PAWN_AUDIT_ENTRY,2615,16376878022782159401,12508046311646116050,5244544205859712444,4757331636453285789,3929,18446744073709551367,18446744073709551368,18446744073709551363,9,8,1,4,18446744073709535793,18446744073709549422,4,0,1,0,0,0,0,0,1,18446744073709551391,18446744073709551391,5518695,13,5078,0,0,1,11,18446744073709546778,18446744073709547650,18446744073709550845,32002,18446744073709551614,0,1,5460289079532033007,0,0,4,4184601623817689747,0,1,1,0
PAWN_AUDIT_RESULT,2615,1,1,-265,0,0,-265,0,6,6,0,0
PAWN_AUDIT_ENTRY,2616,12508046311646116050,1689139306710191885,5244544205859712444,17391566779066548200,3956,18446744073709551367,18446744073709551368,18446744073709551363,9,8,1,5,18446744073709548096,18446744073709548447,4,0,1,0,0,0,0,0,0,18446744073709551391,18446744073709551391,5518695,13,5085,0,0,1,11,18446744073709549274,611,898,32002,18446744073709551614,0,1,5460289079532033007,0,0,4,4184601623817689747,0,1,1,0
PAWN_AUDIT_RESULT,2616,1,1,-340,0,0,-340,0,0,0,0,0
PAWN_AUDIT_ENTRY,2617,1689139306710191885,14248824753362176838,5244544205859712444,13140735482471015993,3177,18446744073709551367,18446744073709551368,18446744073709551363,9,8,1,6,18446744073709545022,18446744073709550278,4,0,1,0,0,0,0,0,0,18446744073709551391,18446744073709551391,5518695,13,5086,0,0,1,9,18446744073709548102,18446744073709551029,1667,32002,18446744073709551614,0,1,5460289079532033007,0,0,4,4184601623817689747,0,0,1,0
PAWN_AUDIT_RESULT,2617,1,1,-309,0,0,-309,0,0,0,0,0
PAWN_AUDIT_ENTRY,2618,14248824753362176838,13659176965647292944,5244544205859712444,15435631914395671881,3559,18446744073709551367,18446744073709551368,18446744073709551363,9,8,1,9,18446744073709538019,18446744073709550278,4,0,1,0,0,0,0,0,0,18446744073709551391,18446744073709551391,5518695,13,5087,0,0,1,9,18446744073709546056,18446744073709550939,18446744073709551030,32002,18446744073709551614,0,1,5460289079532033007,0,0,4,4184601623817689747,0,0,1,0
PAWN_AUDIT_RESULT,2618,1,1,-304,0,0,-304,0,0,0,0,0
PAWN_AUDIT_ENTRY,2619,13659176965647292944,519057804230752838,5244544205859712444,15246655460562083315,3886,18446744073709551367,18446744073709551368,18446744073709551363,9,8,1,11,18446744073709541092,18446744073709548874,4,0,1,0,0,0,0,0,0,18446744073709551391,18446744073709551391,5518695,13,5088,0,0,1,13,18446744073709547408,18446744073709551030,18446744073709551030,32002,18446744073709551614,0,1,5460289079532033007,0,0,4,4184601623817689747,0,1,1,0
PAWN_AUDIT_RESULT,2619,1,1,-366,0,0,-366,0,0,0,0,0
PAWN_AUDIT_ENTRY,2620,519057804230752838,3296047315919119121,5244544205859712444,10027259351407711571,3502,18446744073709551367,18446744073709551368,18446744073709551363,9,8,1,12,18446744073709537280,18446744073709550278,4,0,1,0,0,0,0,0,0,18446744073709551391,18446744073709551391,5518695,13,5089,0,0,1,9,18446744073709545750,18446744073709550879,18446744073709551030,32002,18446744073709551614,0,1,5460289079532033007,0,0,4,4184601623817689747,0,0,1,0
PAWN_AUDIT_RESULT,2620,1,1,-371,0,0,-371,0,0,0,0,0
PAWN_AUDIT_ENTRY,2621,3296047315919119121,2452504167149618136,5244544205859712444,9857016537035808985,4020,18446744073709551367,18446744073709551368,18446744073709551363,9,8,1,13,18446744073709541921,18446744073709548159,4,0,1,0,0,0,0,0,0,18446744073709551391,18446744073709551391,5518695,13,5090,0,0,1,10,18446744073709547860,18446744073709550880,18446744073709551030,32002,18446744073709551614,0,1,5460289079532033007,0,0,4,4184601623817689747,0,1,1,0
PAWN_AUDIT_RESULT,2621,1,1,-342,0,0,-342,0,0,0,0,0
PAWN_AUDIT_ENTRY,2622,2452504167149618136,18223130972110704441,5244544205859712444,863015400609313539,3494,18446744073709551367,18446744073709551368,18446744073709551363,9,8,1,14,18446744073709535298,18446744073709550278,4,0,1,0,0,0,0,0,0,18446744073709551391,18446744073709551391,5518695,13,5091,0,0,1,9,18446744073709544824,18446744073709550929,18446744073709551030,32002,18446744073709551614,0,1,5460289079532033007,0,0,4,4184601623817689747,0,0,1,0
PAWN_AUDIT_RESULT,2622,1,1,-357,0,0,-357,0,0,0,0,0
PAWN_AUDIT_ENTRY,2623,18223130972110704441,12844630157916538769,5244544205859712444,11594464424763069100,3104,18446744073709551367,18446744073709551368,18446744073709551363,9,8,1,15,18446744073709535258,18446744073709550278,4,0,1,0,0,0,0,0,0,18446744073709551391,18446744073709551391,5518695,13,5092,0,0,1,9,18446744073709544796,18446744073709550948,18446744073709551030,32002,18446744073709551614,0,1,5460289079532033007,0,0,4,4184601623817689747,0,0,1,0
PAWN_AUDIT_RESULT,2623,1,1,-328,0,0,-328,0,0,0,0,0
PAWN_AUDIT_ENTRY,2624,12844630157916538769,5046119315102259038,5244544205859712444,8234507809446491504,3169,18446744073709551367,18446744073709551368,18446744073709551363,9,8,1,16,18446744073709535073,18446744073709550278,4,0,1,0,0,0,0,0,0,18446744073709551391,18446744073709551391,5518695,13,5093,0,0,1,9,18446744073709544695,18446744073709550982,18446744073709551030,32002,18446744073709551614,0,1,5460289079532033007,0,0,4,4184601623817689747,0,0,1,0
PAWN_AUDIT_RESULT,2624,1,1,-353,0,0,-353,0,0,0,0,0
PAWN_AUDIT_ENTRY,2625,5046119315102259038,4586435296528124418,5244544205859712444,1945947128971539472,3112,18446744073709551367,18446744073709551368,18446744073709551363,9,8,1,17,18446744073709535029,18446744073709550278,4,0,1,0,0,0,0,0,0,18446744073709551391,18446744073709551391,5518695,13,5094,0,0,1,9,18446744073709544743,18446744073709550846,18446744073709551030,32002,18446744073709551614,0,1,5460289079532033007,0,0,4,4184601623817689747,0,0,1,0
PAWN_AUDIT_RESULT,2625,1,1,-348,0,0,-348,0,0,0,0,0
PAWN_AUDIT_ENTRY,2626,4586435296528124418,15381936612719149840,5244544205859712444,4202242880622751693,3567,18446744073709551367,18446744073709551368,18446744073709551363,9,8,1,18,18446744073709534938,18446744073709550278,4,0,1,0,0,0,0,0,0,18446744073709551391,18446744073709551391,5518695,13,5095,0,0,1,9,18446744073709544644,18446744073709550961,18446744073709551030,32002,18446744073709551614,0,1,5460289079532033007,0,0,4,4184601623817689747,0,0,1,0
PAWN_AUDIT_RESULT,2626,1,1,-310,0,0,-310,0,0,0,0,0
PAWN_AUDIT_ENTRY,2627,15381936612719149840,3686005696211154258,5244544205859712444,13583894735902889139,3947,18446744073709551367,18446744073709551368,18446744073709551363,9,8,1,19,18446744073709540400,18446744073709547758,4,0,1,0,0,0,0,0,0,18446744073709551391,18446744073709551391,5518695,13,5096,0,0,1,11,18446744073709547093,18446744073709551030,18446744073709551030,32002,18446744073709551614,0,1,5460289079532033007,0,0,4,4184601623817689747,0,1,1,0
PAWN_AUDIT_RESULT,2627,1,1,-297,0,0,-297,0,0,0,0,0
PAWN_AUDIT_ENTRY,2628,3686005696211154258,10699604616614002751,5244544205859712444,16050903114079254658,3688,18446744073709551367,18446744073709551368,18446744073709551363,9,8,1,20,18446744073709535484,18446744073709549560,4,0,1,0,0,0,0,0,0,18446744073709551391,18446744073709551391,5518695,13,5097,0,0,1,10,18446744073709544858,18446744073709551030,18446744073709551030,32002,18446744073709551614,0,1,5460289079532033007,0,0,4,4184601623817689747,0,1,1,0
PAWN_AUDIT_RESULT,2628,1,1,-261,0,0,-261,0,0,0,0,0
PAWN_AUDIT_ENTRY,2629,10699604616614002751,6011057341405900976,5244544205859712444,9729204376168541531,3892,18446744073709551367,18446744073709551368,18446744073709551363,9,8,1,21,18446744073709537936,18446744073709548874,4,0,1,0,0,0,0,0,0,18446744073709551391,18446744073709551391,5518695,13,5098,0,0,1,13,18446744073709545973,18446744073709551030,18446744073709551030,32002,18446744073709551614,0,1,5460289079532033007,0,0,4,4184601623817689747,0,1,1,0
PAWN_AUDIT_RESULT,2629,1,1,-399,0,0,-399,0,0,0,0,0
PAWN_AUDIT_ENTRY,2630,6011057341405900976,15045980989400354964,5244544205859712444,9081298946695742822,3826,18446744073709551367,18446744073709551368,18446744073709551363,9,8,1,22,18446744073709535515,18446744073709548874,4,0,1,0,0,0,0,0,0,18446744073709551391,18446744073709551391,5518695,13,5099,0,0,1,14,18446744073709544872,18446744073709551030,18446744073709551030,32002,18446744073709551614,0,1,5460289079532033007,0,0,4,4184601623817689747,0,1,1,0
PAWN_AUDIT_RESULT,2630,1,1,-341,0,0,-341,0,0,0,0,0
PAWN_AUDIT_ENTRY,2631,15045980989400354964,6366829114360394494,5244544205859712444,8787588057310252545,3828,18446744073709551367,18446744073709551368,18446744073709551363,9,8,1,24,18446744073709534532,18446744073709549221,4,0,1,0,0,0,0,0,0,18446744073709551391,18446744073709551391,5518695,13,5100,0,0,1,14,18446744073709545130,18446744073709551002,18446744073709549606,32002,18446744073709551614,0,1,5460289079532033007,0,0,4,4184601623817689747,0,1,1,0
PAWN_AUDIT_RESULT,2631,1,1,-485,0,0,-485,0,0,0,0,0
PAWN_AUDIT_ENTRY,2632,6366829114360394494,1636672940267830234,5244544205859712444,9191765642373669440,3307,18446744073709551367,18446744073709551368,18446744073709551363,9,8,1,25,18446744073709534871,18446744073709550278,4,0,1,0,0,0,0,0,0,18446744073709551391,18446744073709551391,5518695,13,5101,0,0,1,9,18446744073709544579,18446744073709551030,18446744073709551030,32002,18446744073709551614,0,1,5460289079532033007,0,0,4,4184601623817689747,0,0,1,0
PAWN_AUDIT_RESULT,2632,1,1,-385,0,0,-385,0,0,0,0,0
PAWN_AUDIT_ENTRY,2633,1636672940267830234,17529206892279735297,5244544205859712444,12275088558974684470,2722,18446744073709551367,18446744073709551368,18446744073709551363,9,8,1,26,18446744073709534436,18446744073709550278,4,0,1,0,0,0,0,0,0,18446744073709551391,18446744073709551391,5518695,13,5102,0,0,1,9,18446744073709544484,18446744073709550825,18446744073709551030,32002,18446744073709551614,0,1,5460289079532033007,0,0,4,4184601623817689747,0,0,1,0
PAWN_AUDIT_RESULT,2633,1,1,-374,0,0,-374,0,0,0,0,0
PAWN_AUDIT_ENTRY,2635,8260409119513841105,9838108831551174463,4634701637975282057,1371721161289851043,82,248,249,227,8,7,1,2,18446744073709551018,423,3,0,1,0,0,0,0,0,0,166,166,18446744073682019469,13,5107,0,0,1,2,18446744073709549500,3519,174,229,2,1,1,8242954762181594215,0,0,3,804214609077975342,0,1,1,0
PAWN_AUDIT_RESULT,2635,1,1,177,0,0,177,0,0,0,0,0
PAWN_AUDIT_ENTRY,2636,9838108831551174463,2445987032157608460,4634701637975282057,9269794328011865170,211,248,249,227,8,7,1,3,18446744073709550340,18446744073709548874,3,0,1,0,0,0,0,0,0,166,166,18446744073682019469,13,5108,0,0,1,5,18446744073709551613,18446744073709551030,18446744073709551030,229,2,1,1,8242954762181594215,0,0,3,804214609077975342,0,1,1,0
PAWN_AUDIT_RESULT,2636,1,1,84,0,0,84,0,0,0,0,0
PAWN_AUDIT_ENTRY,2637,2445987032157608460,5146188442976374024,4634701637975282057,582786153028486883,204,248,249,227,8,7,1,5,18446744073709547154,18446744073709548874,3,0,1,0,0,0,0,0,0,166,166,18446744073682019469,13,5109,0,0,1,5,18446744073709550194,18446744073709550971,18446744073709551030,229,2,1,1,8242954762181594215,0,0,3,804214609077975342,0,1,1,0
PAWN_AUDIT_RESULT,2637,1,1,93,0,0,93,0,0,0,0,0
PAWN_AUDIT_ENTRY,2639,777933656415115084,4238386801892477456,4634701637975282057,39534051115160865,203,248,249,227,8,7,1,7,18446744073709545042,18446744073709548874,3,0,1,0,0,0,0,0,0,166,166,18446744073682019469,13,5111,0,0,1,5,18446744073709549241,18446744073709550956,18446744073709551030,229,2,1,1,8242954762181594215,0,0,3,804214609077975342,0,1,1,0
PAWN_AUDIT_RESULT,2639,1,1,115,0,0,115,0,0,0,0,0
PAWN_AUDIT_ENTRY,2641,587650958751181676,3910624941445001040,4634701637975282057,12092535939044993167,213,248,249,227,8,7,1,9,18446744073709543244,18446744073709548193,3,0,1,0,0,0,0,0,0,166,166,18446744073682019469,13,5113,0,0,1,5,18446744073709549055,18446744073709549693,18446744073709551030,229,2,1,1,8242954762181594215,0,0,3,804214609077975342,0,1,1,0
PAWN_AUDIT_RESULT,2641,1,1,116,0,0,116,0,0,0,0,0
PAWN_AUDIT_ENTRY,2642,3910624941445001040,18201680556123556812,4634701637975282057,15308279183881685215,396,248,249,227,8,7,1,23,18446744073709547532,18446744073709547284,3,0,1,0,0,0,0,0,0,166,166,18446744073682019469,13,5114,0,0,1,2,18446744073709551045,18446744073709549612,18446744073709551030,229,2,1,1,8242954762181594215,0,0,3,804214609077975342,0,1,1,0
PAWN_AUDIT_RESULT,2642,1,1,155,0,0,155,0,0,0,0,0
PAWN_AUDIT_ENTRY,2643,18201680556123556812,8855351734131594615,4289728127200547848,7552744063127725346,82,248,249,21,9,8,4,2,18446744073709542074,423,5,0,0,0,0,0,0,0,0,18446744073709551336,18446744073709551336,18446744073705828845,13,5121,0,0,0,2,18446744073709549049,18446744073709550135,18446744073709549491,223,4,1,1,8242954762181594215,2,0,5,771163286701012917,0,3,1,0
PAWN_AUDIT_RESULT,2643,4,4,-1,0,0,-1,0,0,0,0,0
PAWN_AUDIT_ENTRY,2644,8855351734131594615,11415630947679543421,4289728127200547848,10983449208858251949,194,248,249,21,9,8,4,4,18446744073709547219,18446744073709548874,5,0,0,0,0,0,0,0,0,18446744073709551336,18446744073709551336,18446744073705828845,13,5122,0,0,0,5,18446744073709550194,18446744073709551030,18446744073709551030,223,4,1,1,8242954762181594215,2,0,5,771163286701012917,0,3,1,0
PAWN_AUDIT_RESULT,2644,4,4,-104,0,0,-104,0,0,0,0,0
PAWN_AUDIT_ENTRY,2645,11415630947679543421,9957568429608584944,4289728127200547848,15934442588787100110,1076,248,249,241,9,8,2,11,18446744073709537928,18446744073709550278,5,0,0,0,0,0,0,0,1,18446744073709551336,18446744073709551336,18446744073705828845,13,5123,0,0,0,3,18446744073709545969,18446744073709551030,18446744073709551030,223,4,1,1,8242954762181594215,2,0,5,771163286701012917,0,3,1,0
PAWN_AUDIT_RESULT,2645,2,2,-1245,0,0,-1245,0,1,1,0,0
PAWN_AUDIT_ENTRY,2646,9957568429608584944,10195690922085966344,4634701637975282057,1371721161289851043,82,248,249,241,11,10,7,2,18446744073709548223,18446744073709550454,3,0,0,0,0,0,0,0,0,166,166,18446744073682019469,13,5125,0,0,1,2,18446744073709548229,3519,174,227,8,1,1,8242954762181594215,0,0,3,804214609077975342,0,1,1,0
PAWN_AUDIT_RESULT,2646,7,7,165,0,0,165,0,4,4,0,0
PAWN_AUDIT_ENTRY,2647,10195690922085966344,10370264083495187565,4634701637975282057,9269794328011865170,211,248,249,241,11,10,5,4,18446744073709547219,18446744073709548874,3,0,0,0,0,0,0,0,0,166,166,18446744073682019469,13,5130,0,0,1,5,18446744073709550194,18446744073709551030,18446744073709551030,227,8,1,1,8242954762181594215,0,0,3,804214609077975342,0,1,1,0
PAWN_AUDIT_RESULT,2647,5,5,84,0,0,84,0,0,0,0,0
PAWN_AUDIT_ENTRY,2653,2453906572942930542,15280062011099985818,4634701637975282057,582786153028486883,204,248,249,241,11,10,3,6,18446744073709544650,18446744073709548874,3,0,0,0,0,0,0,0,0,166,166,18446744073682019469,13,5138,0,0,1,5,18446744073709549055,18446744073709550971,18446744073709551030,227,8,1,1,8242954762181594215,0,0,3,804214609077975342,0,1,1,0
PAWN_AUDIT_RESULT,2653,3,3,93,0,0,93,0,0,0,0,0
PAWN_AUDIT_ENTRY,2654,15280062011099985818,15888029519015982635,4634701637975282057,39534051115160865,203,248,249,241,11,10,3,7,18446744073709542953,18446744073709548874,3,0,0,0,0,0,0,0,0,166,166,18446744073682019469,13,5139,0,0,1,5,18446744073709548291,18446744073709550956,18446744073709551030,227,8,1,1,8242954762181594215,0,0,3,804214609077975342,0,1,1,0
PAWN_AUDIT_RESULT,2654,3,3,115,0,0,115,0,0,0,0,0
PAWN_AUDIT_ENTRY,2656,8703752577387686018,12292077690896114556,4634701637975282057,11912811236592805821,666,248,249,241,11,10,2,9,18446744073709539839,18446744073709550278,3,0,0,0,0,0,0,0,0,166,166,18446744073682019469,13,5141,0,0,1,1,18446744073709546838,18446744073709551030,18446744073709551030,227,8,1,1,8242954762181594215,0,0,3,804214609077975342,0,0,1,0
PAWN_AUDIT_RESULT,2656,2,2,140,0,0,140,0,0,0,0,0
PAWN_AUDIT_ENTRY,2657,12292077690896114556,2052467504390230475,4634701637975282057,12092535939044993167,213,248,249,241,11,10,2,10,18446744073709541234,18446744073709547216,3,0,0,0,0,0,0,0,0,166,166,18446744073682019469,13,5142,0,0,1,5,18446744073709548141,18446744073709549693,18446744073709551030,227,8,1,1,8242954762181594215,0,0,3,804214609077975342,0,1,1,0
PAWN_AUDIT_RESULT,2657,2,2,116,0,0,116,0,0,0,0,0
PAWN_AUDIT_ENTRY,2658,2052467504390230475,3025379351006712063,4634701637975282057,17673127041228025471,1763,248,249,241,11,10,2,11,18446744073709536644,18446744073709550278,3,0,0,0,0,0,0,0,0,166,166,18446744073682019469,13,5143,0,0,1,1,18446744073709545438,18446744073709550925,18446744073709551030,227,8,1,1,8242954762181594215,0,0,3,804214609077975342,0,0,1,0
PAWN_AUDIT_RESULT,2658,2,2,162,0,0,162,0,0,0,0,0
PAWN_AUDIT_ENTRY,2659,3025379351006712063,4254412925108816339,4634701637975282057,14892558424100023508,346,248,249,241,11,10,2,12,18446744073709539276,18446744073709547995,3,0,0,0,0,0,0,0,0,166,166,18446744073682019469,13,5144,0,0,1,3,18446744073709546582,18446744073709551030,18446744073709551030,227,8,1,1,8242954762181594215,0,0,3,804214609077975342,0,1,1,0
PAWN_AUDIT_RESULT,2659,2,2,187,0,0,187,0,0,0,0,0
PAWN_AUDIT_ENTRY,2660,4254412925108816339,12685924280798546797,4634701637975282057,16320356763635397519,536,248,249,241,11,10,2,13,18446744073709535535,18446744073709550278,3,0,0,0,0,0,0,0,0,166,166,18446744073682019469,13,5145,0,0,1,1,18446744073709544881,18446744073709551030,18446744073709551030,227,8,1,1,8242954762181594215,0,0,3,804214609077975342,0,0,1,0
PAWN_AUDIT_RESULT,2660,2,2,144,0,0,144,0,0,0,0,0
PAWN_AUDIT_ENTRY,2661,12685924280798546797,13371345895325840681,4634701637975282057,10362466394175478344,407,248,249,241,11,10,2,14,18446744073709540533,18446744073709548373,3,0,0,0,0,0,0,0,0,166,166,18446744073682019469,13,5146,0,0,1,2,18446744073709547196,18446744073709550945,18446744073709551030,227,8,1,1,8242954762181594215,0,0,3,804214609077975342,0,1,1,0
PAWN_AUDIT_RESULT,2661,2,2,186,0,0,186,0,0,0,0,0
PAWN_AUDIT_ENTRY,2662,13371345895325840681,15252760800992420986,4634701637975282057,16043230272557815621,332,248,249,241,11,10,2,15,18446744073709539472,18446744073709548217,3,0,0,0,0,0,0,0,0,166,166,18446744073682019469,13,5147,0,0,1,3,18446744073709546671,18446744073709551030,18446744073709551030,227,8,1,1,8242954762181594215,0,0,3,804214609077975342,0,1,1,0
PAWN_AUDIT_RESULT,2662,2,2,192,0,0,192,0,0,0,0,0
PAWN_AUDIT_ENTRY,2663,15252760800992420986,9875235580439072520,4634701637975282057,14247409351631954302,75,248,249,241,11,10,2,16,18446744073709543823,18446744073709546610,3,0,0,0,0,0,0,0,0,166,166,18446744073682019469,13,5148,0,0,1,2,18446744073709548304,105,18446744073709551030,227,8,1,1,8242954762181594215,0,0,3,804214609077975342,0,1,1,0
PAWN_AUDIT_RESULT,2663,2,2,156,0,0,156,0,0,0,0,0
PAWN_AUDIT_ENTRY,2664,9875235580439072520,4375208642501656979,4634701637975282057,15903927952652508200,983,248,249,241,11,10,1,17,18446744073709534792,18446744073709550278,3,0,0,0,0,0,0,0,0,166,166,18446744073682019469,13,5149,0,0,1,1,18446744073709544543,18446744073709551030,18446744073709551030,227,8,1,1,8242954762181594215,0,0,3,804214609077975342,0,0,1,0
PAWN_AUDIT_RESULT,2664,1,1,120,0,0,120,0,0,0,0,0
PAWN_AUDIT_ENTRY,2665,4375208642501656979,4302539491384742425,4634701637975282057,15149338402620730528,1113,248,249,241,11,10,1,18,18446744073709534576,18446744073709550278,3,0,0,0,0,0,0,0,0,166,166,18446744073682019469,13,5150,0,0,1,1,18446744073709544445,18446744073709551030,18446744073709551030,227,8,1,1,8242954762181594215,0,0,3,804214609077975342,0,0,1,0
PAWN_AUDIT_RESULT,2665,1,1,83,0,0,83,0,0,0,0,0
PAWN_AUDIT_ENTRY,2666,4302539491384742425,10660017355381415329,4634701637975282057,9293591508306981218,1828,248,249,241,11,10,1,19,18446744073709534646,18446744073709550278,3,0,0,0,0,0,0,0,0,166,166,18446744073682019469,13,5151,0,0,1,1,18446744073709544477,18446744073709551030,18446744073709551030,227,8,1,1,8242954762181594215,0,0,3,804214609077975342,0,0,1,0
PAWN_AUDIT_RESULT,2666,1,1,124,0,0,124,0,0,0,0,0
PAWN_AUDIT_ENTRY,2667,10660017355381415329,10296196788293995062,4634701637975282057,12195466080843162991,918,248,249,241,11,10,1,20,18446744073709534684,18446744073709550278,3,0,0,0,0,0,0,0,0,166,166,18446744073682019469,13,5152,0,0,1,1,18446744073709544494,18446744073709551030,18446744073709551030,227,8,1,1,8242954762181594215,0,0,3,804214609077975342,0,0,1,0
PAWN_AUDIT_RESULT,2667,1,1,138,0,0,138,0,0,0,0,0
PAWN_AUDIT_ENTRY,2668,10296196788293995062,18084616937892414365,4634701637975282057,11302903327534315875,991,248,249,241,11,10,1,21,18446744073709535143,18446744073709550278,3,0,0,0,0,0,0,0,0,166,166,18446744073682019469,13,5153,0,0,1,1,18446744073709544703,18446744073709551030,18446744073709551030,227,8,1,1,8242954762181594215,0,0,3,804214609077975342,0,0,1,0
PAWN_AUDIT_RESULT,2668,1,1,138,0,0,138,0,0,0,0,0
PAWN_AUDIT_ENTRY,2669,18084616937892414365,4333165470834155768,4634701637975282057,4730769824233729524,926,248,249,241,11,10,1,22,18446744073709534657,18446744073709550278,3,0,0,0,0,0,0,0,0,166,166,18446744073682019469,13,5154,0,0,1,1,18446744073709544482,18446744073709551030,18446744073709551030,227,8,1,1,8242954762181594215,0,0,3,804214609077975342,0,0,1,0
PAWN_AUDIT_RESULT,2669,1,1,138,0,0,138,0,0,0,0,0
PAWN_AUDIT_ENTRY,2670,4333165470834155768,17894274025632043919,4634701637975282057,10628354972140660073,528,248,249,241,11,10,1,23,18446744073709534668,18446744073709550278,3,0,0,0,0,0,0,0,0,166,166,18446744073682019469,13,5155,0,0,1,1,18446744073709544487,18446744073709551030,18446744073709551030,227,8,1,1,8242954762181594215,0,0,3,804214609077975342,0,0,1,0
PAWN_AUDIT_RESULT,2670,1,1,128,0,0,128,0,0,0,0,0
PAWN_AUDIT_ENTRY,2671,17894274025632043919,10866394264572822586,4634701637975282057,7119467566994073488,139,248,249,241,11,10,2,25,18446744073709544030,18446744073709547863,3,0,0,0,0,0,0,0,0,166,166,18446744073682019469,13,5156,0,0,1,3,18446744073709548930,18446744073709550658,18446744073709551030,227,8,1,1,8242954762181594215,0,0,3,804214609077975342,0,1,1,0
PAWN_AUDIT_RESULT,2671,2,2,138,0,0,138,0,0,0,0,0
PAWN_AUDIT_ENTRY,2672,10866394264572822586,10733578472471222384,4634701637975282057,16644273909196251442,339,248,249,241,11,10,2,30,18446744073709544008,18446744073709547294,3,0,0,0,0,0,0,0,0,166,166,18446744073682019469,13,5157,0,0,1,3,18446744073709548934,18446744073709550630,18446744073709551030,227,8,1,1,8242954762181594215,0,0,3,804214609077975342,0,1,1,0
PAWN_AUDIT_RESULT,2672,2,2,187,0,0,187,0,0,0,0,0
PAWN_AUDIT_ENTRY,2673,10733578472471222384,9728558774687094167,4634701637975282057,15308279183881685215,396,248,249,241,11,10,2,34,18446744073709544882,18446744073709546555,3,0,0,0,0,0,0,0,0,166,166,18446744073682019469,13,5158,0,0,1,2,18446744073709549840,18446744073709549612,18446744073709551030,227,8,1,1,8242954762181594215,0,0,3,804214609077975342,0,1,1,0
PAWN_AUDIT_RESULT,2673,2,2,155,0,0,155,0,0,0,0,0
PAWN_AUDIT_ENTRY,2681,6271881493318670943,1569391750658856988,654869409055505849,17835248643457840700,3177,18446744073709551367,18446744073709551368,18446744073709550887,7,6,1,2,18446744073709540741,18446744073709549845,6,0,1,0,0,0,0,0,0,18446744073709551508,18446744073709551544,18446744073706177390,13,5180,0,0,0,9,18446744073709547377,18446744073709550764,18446744073709551039,18446744073709551508,3,1,1,11058898975780255249,1,0,6,517191381508559594,0,0,1,0
PAWN_AUDIT_RESULT,2681,1,1,-283,0,0,-283,0,2,2,0,0
PAWN_AUDIT_ENTRY,2682,1569391750658856988,2294046279611531668,654869409055505849,277994489423499160,3929,18446744073709551367,18446744073709551368,18446744073709551333,7,6,1,3,18446744073709534322,18446744073709548534,6,0,1,0,0,0,0,0,1,18446744073709551508,18446744073709551544,18446744073706177390,13,5183,0,0,0,11,18446744073709546778,18446744073709548283,18446744073709548815,18446744073709551508,3,1,1,11058898975780255249,1,0,6,517191381508559594,0,2,1,0
PAWN_AUDIT_RESULT,2682,1,1,-253,0,0,-253,0,2,2,0,0
PAWN_AUDIT_ENTRY,2683,2294046279611531668,18028201549559479477,654869409055505849,18302929329058748289,4015,18446744073709551367,18446744073709551368,18446744073709551363,7,6,1,5,18446744073709542435,18446744073709550219,6,0,1,0,0,0,0,0,0,18446744073709551508,18446744073709551544,18446744073706177390,13,5186,0,0,0,10,18446744073709546153,18446744073709550410,3896,18446744073709551508,3,1,1,11058898975780255249,1,0,6,517191381508559594,0,2,1,0
PAWN_AUDIT_RESULT,2683,1,1,-252,0,0,-252,0,2,2,0,0
PAWN_AUDIT_ENTRY,2684,18028201549559479477,14472762279048116680,654869409055505849,1399675244389825123,3893,18446744073709551367,18446744073709551368,18446744073709551364,7,6,1,6,18446744073709541092,18446744073709550278,6,0,1,0,0,0,0,0,0,18446744073709551508,18446744073709551544,18446744073706177390,13,5189,0,0,0,13,18446744073709547408,18446744073709551030,18446744073709551030,18446744073709551508,3,1,1,11058898975780255249,1,0,6,517191381508559594,0,2,1,0
PAWN_AUDIT_RESULT,2684,1,1,-287,0,0,-287,0,0,0,0,0
PAWN_AUDIT_ENTRY,2685,14472762279048116680,2505816237074120937,654869409055505849,4047897887482142212,3828,18446744073709551367,18446744073709551368,18446744073709551364,7,6,1,7,18446744073709542618,18446744073709550095,6,0,1,0,0,0,0,0,0,18446744073709551508,18446744073709551544,18446744073706177390,13,5190,0,0,0,14,18446744073709544992,4305,783,18446744073709551508,3,1,1,11058898975780255249,1,0,6,517191381508559594,0,2,1,0
PAWN_AUDIT_RESULT,2685,1,1,-492,0,0,-492,0,0,0,0,0
PAWN_AUDIT_ENTRY,2686,2505816237074120937,10015004619993911469,654869409055505849,1060825310862972636,3891,18446744073709551367,18446744073709551368,18446744073709551364,7,6,1,8,18446744073709541653,18446744073709548874,6,0,1,0,0,0,0,0,0,18446744073709551508,18446744073709551544,18446744073706177390,13,5191,0,0,0,13,18446744073709547663,18446744073709551030,18446744073709551030,18446744073709551508,3,1,1,11058898975780255249,1,0,6,517191381508559594,0,2,1,0
PAWN_AUDIT_RESULT,2686,1,1,-303,0,0,-303,0,0,0,0,0
PAWN_AUDIT_ENTRY,2687,10015004619993911469,4567628577570624468,654869409055505849,14489739412486205660,4020,18446744073709551367,18446744073709551368,18446744073709551364,7,6,1,9,18446744073709539275,18446744073709549924,6,0,1,0,0,0,0,0,0,18446744073709551508,18446744073709551544,18446744073706177390,13,5192,0,0,0,10,18446744073709547182,18446744073709550383,18446744073709550460,18446744073709551508,3,1,1,11058898975780255249,1,0,6,517191381508559594,0,2,1,0
PAWN_AUDIT_RESULT,2687,1,1,-225,1,6,-252,0,1,29,0,0
PAWN_AUDIT_ENTRY,2703,8572642760375763694,10546031873865573311,654869409055505849,186536287984277368,3827,18446744073709551367,18446744073709551368,18446744073709551364,7,6,1,11,18446744073709540415,18446744073709546730,6,0,1,0,0,0,0,0,0,18446744073709551508,18446744073709551544,18446744073706177390,13,5222,0,0,0,14,18446744073709547100,18446744073709551030,18446744073709551030,18446744073709551508,3,1,1,11058898975780255249,1,0,6,517191381508559594,0,2,1,0
PAWN_AUDIT_RESULT,2703,1,1,-418,0,0,-418,0,0,0,0,0
PAWN_AUDIT_ENTRY,2704,10546031873865573311,11669256557252308206,654869409055505849,2126713765864833710,2917,18446744073709551367,18446744073709551368,18446744073709551364,7,6,1,12,18446744073709537124,18446744073709549718,6,0,1,0,0,0,0,0,0,18446744073709551508,18446744073709551544,18446744073706177390,13,5223,0,0,0,9,18446744073709546155,18446744073709550302,18446744073709550644,18446744073709551508,3,1,1,11058898975780255249,1,0,6,517191381508559594,0,0,1,0
PAWN_AUDIT_RESULT,2704,1,1,-251,0,0,-251,0,2,2,0,0
PAWN_AUDIT_ENTRY,2705,11669256557252308206,6374287586926604631,654869409055505849,18256886056757904566,3947,18446744073709551367,18446744073709551368,18446744073709551365,7,6,1,13,18446744073709539502,18446744073709549354,6,0,1,0,0,0,0,0,0,18446744073709551508,18446744073709551544,18446744073706177390,13,5226,0,0,0,11,18446744073709546685,18446744073709551030,18446744073709551030,18446744073709551508,3,1,1,11058898975780255249,1,0,6,517191381508559594,0,2,1,0
PAWN_AUDIT_RESULT,2705,1,1,-277,0,0,-277,0,0,0,0,0
PAWN_AUDIT_ENTRY,2706,6374287586926604631,9978621699383862383,654869409055505849,14329291539496287582,3892,18446744073709551367,18446744073709551368,18446744073709551365,7,6,1,14,18446744073709537266,18446744073709550278,6,0,1,0,0,0,0,0,0,18446744073709551508,18446744073709551544,18446744073706177390,13,5227,0,0,0,13,18446744073709545668,18446744073709551030,18446744073709551030,18446744073709551508,3,1,1,11058898975780255249,1,0,6,517191381508559594,0,2,1,0
PAWN_AUDIT_RESULT,2706,1,1,-308,0,0,-308,0,0,0,0,0
PAWN_AUDIT_ENTRY,2707,9978621699383862383,2094139061792923669,654869409055505849,10541182032125267446,3886,18446744073709551367,18446744073709551368,18446744073709551365,7,6,1,15,18446744073709539799,18446744073709548874,6,0,1,0,0,0,0,0,0,18446744073709551508,18446744073709551544,18446744073706177390,13,5228,0,0,0,13,18446744073709546820,18446744073709551030,18446744073709551030,18446744073709551508,3,1,1,11058898975780255249,1,0,6,517191381508559594,0,2,1,0
PAWN_AUDIT_ENTRY,2712,4825286906531013184,541989535268293933,10541182032125267446,8506375643271094325,1951,248,249,229,6,5,1,5,18446744073709546324,18446744073709548874,7,0,0,0,0,0,0,0,0,229,229,2291216,13,5246,0,0,0,5,18446744073709549866,18446744073709551030,18446744073709550867,229,1,1,1,11058898975780255249,2,0,7,654869409055505849,0,3,1,0
PAWN_AUDIT_RESULT,2712,1,1,307,1,6,249,0,2,9,1,1
PAWN_AUDIT_RESULT,2707,1,1,-229,1,6,-249,0,4,27,0,0
PAWN_AUDIT_ENTRY,2717,6751560427197938911,11530855475548638938,654869409055505849,6066822480966007245,3699,18446744073709551367,18446744073709551368,18446744073709551367,7,6,1,16,18446744073709539329,18446744073709549030,6,0,1,0,0,0,0,0,0,18446744073709551508,18446744073709551544,18446744073706177390,13,5256,0,0,0,10,18446744073709547428,18446744073709550213,18446744073709550178,18446744073709551508,3,1,1,11058898975780255249,1,0,6,517191381508559594,0,2,1,0
PAWN_AUDIT_ENTRY,2718,11530855475548638938,4749149047233050771,6066822480966007245,8551496192544837588,139,248,249,181,6,5,1,2,18446744073709546076,5887,7,0,0,0,0,0,0,0,0,187,187,2574802,13,5260,0,0,0,3,18446744073709549004,18446744073709551030,795,232,1,1,1,11058898975780255249,2,0,7,654869409055505849,0,3,1,0
PAWN_AUDIT_RESULT,2718,1,1,225,0,0,225,0,0,0,0,0
PAWN_AUDIT_ENTRY,2719,4749149047233050771,6832495137657753681,6066822480966007245,13736192049101404023,1942,248,249,225,6,5,1,4,18446744073709547110,18446744073709549285,7,0,0,0,0,0,0,0,0,187,187,2574802,13,5261,0,0,0,5,18446744073709550378,18446744073709551030,18446744073709550548,232,1,1,1,11058898975780255249,2,0,7,654869409055505849,0,3,1,0
PAWN_AUDIT_RESULT,2719,1,1,306,1,6,252,0,7,37,1,1
PAWN_AUDIT_RESULT,2717,1,1,-232,1,6,-251,0,2,42,0,0
PAWN_AUDIT_ENTRY,2742,3034448930522024000,11247037107845689098,654869409055505849,10946188116878200140,3559,18446744073709551367,18446744073709551368,18446744073709551367,7,6,1,17,18446744073709547732,18446744073709549775,6,0,1,0,0,0,0,0,0,18446744073709551508,18446744073709551544,18446744073706177390,13,5299,0,0,0,9,18446744073709549796,7,103,18446744073709551508,3,1,1,11058898975780255249,1,0,6,517191381508559594,0,0,1,0
PAWN_AUDIT_RESULT,2742,1,1,-232,1,6,-251,0,1,19,0,0
PAWN_AUDIT_ENTRY,2753,15933963717685586571,1264461942047133907,654869409055505849,3369313389277566541,3763,18446744073709551367,18446744073709551368,18446744073709551367,7,6,1,18,18446744073709540800,18446744073709549132,6,0,1,0,0,0,0,0,0,18446744073709551508,18446744073709551544,18446744073706177390,13,5319,0,0,0,11,18446744073709548062,18446744073709550113,18446744073709550353,18446744073709551508,3,1,1,11058898975780255249,1,0,6,517191381508559594,0,2,1,0
PAWN_AUDIT_RESULT,2753,1,1,-259,0,0,-259,0,1,1,0,0
PAWN_AUDIT_ENTRY,2754,1264461942047133907,2122369899988501586,654869409055505849,4600862631634523491,3826,18446744073709551367,18446744073709551368,18446744073709551367,7,6,1,19,18446744073709535324,18446744073709550278,6,0,1,0,0,0,0,0,0,18446744073709551508,18446744073709551544,18446744073706177390,13,5321,0,0,0,14,18446744073709544785,18446744073709551030,18446744073709551030,18446744073709551508,3,1,1,11058898975780255249,1,0,6,517191381508559594,0,2,1,0
PAWN_AUDIT_RESULT,2754,1,1,-335,0,0,-335,0,0,0,0,0
PAWN_AUDIT_ENTRY,2755,2122369899988501586,17221514672713389616,654869409055505849,11465758099830974599,3688,18446744073709551367,18446744073709551368,18446744073709551367,7,6,1,20,18446744073709535484,18446744073709549712,6,0,1,0,0,0,0,0,0,18446744073709551508,18446744073709551544,18446744073706177390,13,5322,0,0,0,10,18446744073709544858,18446744073709551030,18446744073709551030,18446744073709551508,3,1,1,11058898975780255249,1,0,6,517191381508559594,0,2,1,0
PAWN_AUDIT_RESULT,2755,1,1,-294,0,0,-294,0,2,2,0,0
PAWN_AUDIT_ENTRY,2756,17221514672713389616,5451270073129390509,654869409055505849,3717743827971270005,3169,18446744073709551367,18446744073709551368,18446744073709551367,7,6,1,21,18446744073709534816,18446744073709550013,6,0,1,0,0,0,0,0,0,18446744073709551508,18446744073709551544,18446744073706177390,13,5325,0,0,0,9,18446744073709544643,18446744073709551030,18446744073709550847,18446744073709551508,3,1,1,11058898975780255249,1,0,6,517191381508559594,0,0,1,0
PAWN_AUDIT_RESULT,2756,1,1,-306,0,0,-306,0,0,0,0,0
PAWN_AUDIT_ENTRY,2757,5451270073129390509,5414745408036520480,654869409055505849,873626559122427317,2852,18446744073709551367,18446744073709551368,18446744073709551367,7,6,1,22,18446744073709535466,18446744073709549586,6,0,1,0,0,0,0,0,0,18446744073709551508,18446744073709551544,18446744073706177390,13,5326,0,0,0,9,18446744073709545081,18446744073709551030,18446744073709550553,18446744073709551508,3,1,1,11058898975780255249,1,0,6,517191381508559594,0,0,1,0
PAWN_AUDIT_ENTRY,2760,9046242823594683247,6206026634385801992,873626559122427317,16742910186362839158,1951,248,249,216,6,5,1,3,18446744073709547744,18446744073709550278,7,0,0,0,0,0,0,0,0,18446744073709551489,18446744073709551489,9915531,13,5334,0,0,0,5,18446744073709550427,18446744073709551030,18446744073709551041,217,2,1,1,4360914193046134225,0,0,7,654869409055505849,0,1,1,0
PAWN_AUDIT_RESULT,2760,1,1,140,0,0,140,0,0,0,0,0
PAWN_AUDIT_RESULT,2757,1,1,-217,1,6,-216,0,2,10,1,1
PAWN_AUDIT_ENTRY,2764,7515851330014381169,11119861034922950047,517191381508559594,16386369730372304681,1951,248,249,220,7,6,3,3,18446744073709551394,2029,5,0,0,0,0,0,0,405,0,100,42,1521507,13,5338,0,0,1,5,490,18446744073709551105,18446744073709550924,100,4,2,1,11058898975780255249,0,0,5,8459875065451769048,0,1,1,0
PAWN_AUDIT_RESULT,2764,3,3,108,0,0,108,0,0,0,0,0
PAWN_AUDIT_ENTRY,2766,11878150792651607660,1800026779043484153,517191381508559594,2716167896620246259,139,248,249,220,7,6,1,5,18446744073709539067,4117,5,0,0,0,0,0,0,405,0,100,42,1521507,13,5340,0,0,1,3,18446744073709547503,18446744073709550449,18446744073709549535,100,4,2,1,11058898975780255249,0,0,5,8459875065451769048,0,1,1,0
PAWN_AUDIT_RESULT,2766,1,1,180,0,0,180,0,0,0,0,0
PAWN_AUDIT_ENTRY,2767,1800026779043484153,13220208118611940262,517191381508559594,8270029532203287780,1932,248,249,220,7,6,2,6,18446744073709550003,18446744073709550278,5,0,0,0,0,0,0,405,0,100,42,1521507,13,5341,0,0,1,5,18446744073709551613,18446744073709551030,18446744073709550714,100,4,2,1,11058898975780255249,0,0,5,8459875065451769048,0,1,1,0
PAWN_AUDIT_RESULT,2767,2,2,167,0,0,167,0,0,0,0,0
PAWN_AUDIT_ENTRY,2768,13220208118611940262,15513273193284274834,517191381508559594,11130524232754808898,1923,248,249,220,7,6,2,7,18446744073709549700,18446744073709550278,5,0,0,0,0,0,0,405,0,100,42,1521507,13,5342,0,0,1,5,18446744073709551613,18446744073709551030,18446744073709550430,100,4,2,1,11058898975780255249,0,0,5,8459875065451769048,0,1,1,0
PAWN_AUDIT_RESULT,2768,2,2,185,0,0,185,0,0,0,0,0
PAWN_AUDIT_ENTRY,2769,15513273193284274834,15766506519149930325,517191381508559594,15925332730374253192,1941,248,249,220,7,6,2,8,18446744073709550340,18446744073709549853,5,0,0,0,0,0,0,405,0,100,42,1521507,13,5343,0,0,1,5,18446744073709551613,18446744073709551030,18446744073709551030,100,4,2,1,11058898975780255249,0,0,5,8459875065451769048,0,1,1,0
PAWN_AUDIT_RESULT,2769,2,2,168,0,0,168,0,0,0,0,0
PAWN_AUDIT_ENTRY,2770,15766506519149930325,15175647867415047580,557724688245791735,5575196715453644235,144,248,249,222,11,10,6,2,18446744073709539500,7974,3,0,0,0,0,0,0,0,0,90,90,18446744073699955251,13,5344,0,0,0,3,18446744073709546684,18446744073709551030,18446744073709551030,213,2,1,1,11090425736916188940,3,0,3,3929102923718703178,0,4,1,0
PAWN_AUDIT_RESULT,2770,6,6,135,0,0,135,0,0,0,0,0
PAWN_AUDIT_ENTRY,2771,15175647867415047580,6036013152672343175,557724688245791735,15965864079406850965,1941,248,249,222,11,10,7,3,18446744073709548339,7937,3,0,0,0,0,0,0,0,0,90,90,18446744073699955251,13,5345,0,0,0,5,448,18446744073709549485,18446744073709549818,213,2,1,1,11090425736916188940,3,0,3,3929102923718703178,0,4,1,0
PAWN_AUDIT_RESULT,2771,7,7,116,0,0,116,0,0,0,0,0
PAWN_AUDIT_ENTRY,2773,3770012173594901453,4356075027101950410,557724688245791735,16426902762318526004,1951,248,249,222,11,10,6,5,18446744073709548564,1826,3,0,0,0,0,0,0,0,0,90,90,18446744073699955251,13,5352,0,0,0,5,18446744073709550602,18446744073709551139,18446744073709551337,213,2,1,1,11090425736916188940,3,0,3,3929102923718703178,0,4,1,0
PAWN_AUDIT_RESULT,2773,6,6,53,0,0,53,0,0,0,0,0
PAWN_AUDIT_ENTRY,2775,6433988867703628636,6495018492366393148,557724688245791735,8238505932961254905,1932,248,249,222,11,10,6,8,18446744073709551155,18446744073709548698,3,0,0,0,0,0,0,0,0,90,90,18446744073699955251,13,5358,0,0,0,5,426,18446744073709550913,18446744073709551030,213,2,1,1,11090425736916188940,3,0,3,3929102923718703178,0,4,1,0
PAWN_AUDIT_RESULT,2775,6,6,93,0,0,93,0,0,0,0,0
PAWN_AUDIT_ENTRY,2778,18380033593274185219,18265396406442082897,557724688245791735,15913750579570950565,1943,248,249,222,11,10,5,11,18446744073709545094,18446744073709551246,3,0,0,0,0,0,0,0,0,90,90,18446744073699955251,13,5361,0,0,0,5,18446744073709549270,18446744073709550945,18446744073709551030,213,2,1,1,11090425736916188940,3,0,3,3929102923718703178,0,4,1,0
PAWN_AUDIT_RESULT,2778,5,5,90,0,0,90,0,0,0,0,0
PAWN_AUDIT_ENTRY,2779,18265396406442082897,17382005539778897766,557724688245791735,6890590505988479047,1949,248,249,222,11,10,5,12,18446744073709545793,18446744073709548874,3,0,0,0,0,0,0,0,0,90,90,18446744073699955251,13,5362,0,0,0,5,18446744073709549593,18446744073709550935,18446744073709551030,213,2,1,1,11090425736916188940,3,0,3,3929102923718703178,0,4,1,0
PAWN_AUDIT_RESULT,2779,5,5,111,0,0,111,0,0,0,0,0
PAWN_AUDIT_ENTRY,2780,17382005539778897766,4428595144392203042,557724688245791735,2675636514027974126,139,248,249,222,11,10,4,14,18446744073709544629,18446744073709549896,3,0,0,0,0,0,0,0,0,90,90,18446744073699955251,13,5363,0,0,0,3,18446744073709548817,18446744073709551429,18446744073709551029,213,2,1,1,11090425736916188940,3,0,3,3929102923718703178,0,4,1,0
PAWN_AUDIT_RESULT,2780,4,4,179,0,0,179,0,0,0,0,0
PAWN_AUDIT_ENTRY,2781,4428595144392203042,11145065824161314124,557724688245791735,10636734844558459553,396,248,249,222,11,10,4,15,18446744073709544012,18446744073709550350,3,0,0,0,0,0,0,0,0,90,90,18446744073699955251,13,5364,0,0,0,2,18446744073709548854,18446744073709550793,18446744073709551030,213,2,1,1,11090425736916188940,3,0,3,3929102923718703178,0,4,1,0
PAWN_AUDIT_RESULT,2781,4,4,169,0,0,169,0,0,0,0,0
PAWN_AUDIT_ENTRY,2782,11145065824161314124,15949563668795547246,557724688245791735,9391232699415587584,75,248,249,222,11,10,4,16,18446744073709541246,18446744073709548795,3,0,0,0,0,0,0,0,0,90,90,18446744073699955251,13,5365,0,0,0,2,18446744073709547616,18446744073709550754,18446744073709551030,213,2,1,1,11090425736916188940,3,0,3,3929102923718703178,0,4,1,0
PAWN_AUDIT_RESULT,2782,4,4,165,0,0,165,0,0,0,0,0
PAWN_AUDIT_ENTRY,2783,15949563668795547246,7788310575147803545,557724688245791735,16338608100041715139,666,248,249,222,11,10,4,17,18446744073709538792,18446744073709549382,3,0,0,0,0,0,0,0,0,90,90,18446744073699955251,13,5366,0,0,0,1,18446744073709546362,18446744073709551030,18446744073709551030,213,2,1,1,11090425736916188940,3,0,3,3929102923718703178,0,0,1,0
PAWN_AUDIT_RESULT,2783,4,4,153,0,0,153,0,0,0,0,0
PAWN_AUDIT_ENTRY,2784,7788310575147803545,9675469729417539868,557724688245791735,11606055364488522572,339,248,249,222,11,10,4,18,18446744073709544105,18446744073709548810,3,0,0,0,0,0,0,0,0,90,90,18446744073699955251,13,5367,0,0,0,3,18446744073709548741,18446744073709551104,18446744073709551030,213,2,1,1,11090425736916188940,3,0,3,3929102923718703178,0,4,1,0
PAWN_AUDIT_RESULT,2784,4,4,151,0,0,151,0,2,2,0,0
PAWN_AUDIT_ENTRY,2785,9675469729417539868,5215280718692644915,557724688245791735,8531780554428603916,658,248,249,222,11,10,2,19,18446744073709535036,18446744073709550830,3,0,0,0,0,0,0,0,0,90,90,18446744073699955251,13,5370,0,0,0,1,18446744073709544692,18446744073709550954,18446744073709551030,213,2,1,1,11090425736916188940,3,0,3,3929102923718703178,0,0,1,0
PAWN_AUDIT_RESULT,2785,2,2,160,0,0,160,0,0,0,0,0
PAWN_AUDIT_ENTRY,2786,5215280718692644915,1461744237678657976,557724688245791735,11930357786003290609,536,248,249,222,11,10,2,22,18446744073709535339,18446744073709549524,3,0,0,0,0,0,0,0,0,90,90,18446744073699955251,13,5371,0,0,0,1,18446744073709544792,18446744073709551030,18446744073709551030,213,2,1,1,11090425736916188940,3,0,3,3929102923718703178,0,0,1,0
PAWN_AUDIT_RESULT,2786,2,2,137,0,0,137,0,0,0,0,0
PAWN_AUDIT_ENTRY,2787,1461744237678657976,9705393317500908723,557724688245791735,14345604249873971996,1828,248,249,222,11,10,2,23,18446744073709534627,18446744073709549683,3,0,0,0,0,0,0,0,0,90,90,18446744073699955251,13,5372,0,0,0,1,18446744073709544468,18446744073709551030,18446744073709551030,213,2,1,1,11090425736916188940,3,0,3,3929102923718703178,0,0,1,0
PAWN_AUDIT_RESULT,2787,2,2,126,0,0,126,0,0,0,0,0
PAWN_AUDIT_ENTRY,2788,9705393317500908723,2498515670713164179,557724688245791735,14421171951733805110,407,248,249,222,11,10,2,30,18446744073709541394,18446744073709546440,3,0,0,0,0,0,0,0,0,90,90,18446744073699955251,13,5373,0,0,0,2,18446744073709547545,18446744073709551030,18446744073709551030,213,2,1,1,11090425736916188940,3,0,3,3929102923718703178,0,4,1,0
PAWN_AUDIT_RESULT,2788,2,2,139,0,0,139,0,0,0,0,0
PAWN_AUDIT_ENTRY,2789,2498515670713164179,14194497167388938946,557724688245791735,6117575027546811101,82,248,249,222,11,10,2,33,18446744073709542633,18446744073709546489,3,0,0,0,0,0,0,0,0,90,90,18446744073699955251,13,5374,0,0,0,2,18446744073709547891,18446744073709551465,18446744073709551030,213,2,1,1,11090425736916188940,3,0,3,3929102923718703178,0,4,1,0
PAWN_AUDIT_RESULT,2789,2,2,144,0,0,144,0,0,0,0,0
PAWN_AUDIT_ENTRY,2797,3110083319606631916,16192456722979486058,4509675300187524811,8392433386523011319,144,71,72,18446744073709550930,7,6,2,3,18446744073709538741,18446744073709550278,3,0,0,0,0,0,0,0,1,18446744073709549801,18446744073709549801,18446744073694281661,13,5396,0,0,1,3,18446744073709546339,18446744073709551030,18446744073709551030,18446744073709551283,0,1,1,4217910738605992714,0,0,3,13807223585223569921,0,1,1,0
PAWN_AUDIT_RESULT,2797,2,2,-565,0,0,-565,0,1,1,0,0
PAWN_AUDIT_ENTRY,2798,16192456722979486058,9596421122949638965,4509675300187524811,8693713485088176452,2413,71,72,18446744073709551051,7,6,1,6,18446744073709550340,18446744073709550278,3,0,0,0,0,0,0,0,1,18446744073709549801,18446744073709549801,18446744073694281661,13,5398,0,0,1,1,18446744073709551613,18446744073709551030,18446744073709551030,18446744073709551283,0,1,1,4217910738605992714,0,0,3,13807223585223569921,0,0,1,0
PAWN_AUDIT_RESULT,2798,1,1,-1254,0,0,-1254,0,1,1,0,0
PAWN_AUDIT_ENTRY,2829,170300848891590975,5081010017370390811,4186934468525602069,1296321660443071326,196,237,238,210,7,6,3,2,18446744073709547741,18446744073709550245,13,0,0,0,0,0,0,0,0,183,183,1759210,13,5472,0,0,0,6,18446744073709550431,18446744073709551030,18446744073709551030,205,2,1,1,11058898975780255249,4,0,13,802044648186320552,0,5,1,0
PAWN_AUDIT_RESULT,2829,3,3,201,0,0,201,0,0,0,0,0
PAWN_AUDIT_ENTRY,2830,5081010017370390811,17367029153259883251,4186934468525602069,5952622416450556419,194,237,238,210,7,6,2,3,18446744073709544714,18446744073709550278,13,0,0,0,0,0,0,0,0,183,183,1759210,13,5473,0,0,0,6,18446744073709549055,18446744073709551030,18446744073709551030,205,2,1,1,11058898975780255249,4,0,13,802044648186320552,0,5,1,0
PAWN_AUDIT_RESULT,2830,2,2,187,0,0,187,0,0,0,0,0
PAWN_AUDIT_ENTRY,2831,17367029153259883251,5875223822122873045,4186934468525602069,18293850738884594006,1348,237,238,210,7,6,2,4,18446744073709546526,18446744073709548874,13,0,0,0,0,0,0,0,0,183,183,1759210,13,5474,0,0,0,2,18446744073709550194,18446744073709551030,18446744073709550380,205,2,1,1,11058898975780255249,4,0,13,802044648186320552,0,5,1,0
PAWN_AUDIT_RESULT,2831,2,2,170,0,0,170,0,0,0,0,0
PAWN_AUDIT_ENTRY,2832,5875223822122873045,13933471144199463023,4186934468525602069,13831620376354309602,75,237,238,210,7,6,2,5,18446744073709543358,297,13,0,0,0,0,0,0,0,0,183,183,1759210,13,5475,0,0,0,2,18446744073709548576,18446744073709550754,18446744073709551030,205,2,1,1,11058898975780255249,4,0,13,802044648186320552,0,5,1,0
PAWN_AUDIT_RESULT,2832,2,2,213,0,0,213,0,0,0,0,0
PAWN_AUDIT_ENTRY,2833,13933471144199463023,16259875221561772907,4186934468525602069,2768474041590174877,203,237,238,213,7,6,1,6,18446744073709541356,18446744073709549467,13,0,0,0,0,0,0,0,0,183,183,1759210,13,5476,0,0,0,6,18446744073709547528,18446744073709551030,18446744073709551030,205,2,1,1,11058898975780255249,4,0,13,802044648186320552,0,5,1,0
PAWN_AUDIT_RESULT,2833,1,1,206,0,0,206,0,0,0,0,0
PAWN_AUDIT_ENTRY,2834,16259875221561772907,18181527399690848888,4186934468525602069,7584742380267357247,82,237,238,213,7,6,2,7,18446744073709545927,18446744073709549204,13,0,0,0,0,0,0,0,0,183,183,1759210,13,5477,0,0,0,2,18446744073709549389,18446744073709551465,18446744073709551030,205,2,1,1,11058898975780255249,4,0,13,802044648186320552,0,5,1,0
PAWN_AUDIT_RESULT,2834,2,2,201,0,0,201,0,0,0,0,0
PAWN_AUDIT_ENTRY,2835,18181527399690848888,11002422687598552933,4186934468525602069,3166351493309998396,204,237,238,228,7,6,1,9,18446744073709542704,18446744073709548297,13,0,0,0,0,0,0,0,0,183,183,1759210,13,5478,0,0,0,6,18446744073709548141,18446744073709551030,18446744073709551030,205,2,1,1,11058898975780255249,4,0,13,802044648186320552,0,5,1,0
PAWN_AUDIT_RESULT,2835,1,1,187,0,0,187,0,0,0,0,0
PAWN_AUDIT_ENTRY,2839,1454640080532408351,5811992568110772900,5249902163823140922,17183190022694260865,1221,237,238,197,7,6,3,2,18446744073709544714,18446744073709550278,13,0,0,0,0,0,0,0,0,224,236,2230920,13,5486,0,0,0,3,18446744073709549055,18446744073709551030,18446744073709551030,224,2,1,1,11058898975780255249,4,0,13,13820675556391143938,0,5,1,0
PAWN_AUDIT_RESULT,2839,3,3,-1,0,0,-1,0,0,0,0,0
PAWN_AUDIT_ENTRY,2840,5811992568110772900,10114369400788534674,5249902163823140922,4772612736333100349,453,237,238,197,7,6,3,3,18446744073709547076,18446744073709549109,13,0,0,0,0,0,0,0,0,224,236,2230920,13,5487,0,0,0,4,18446744073709550129,18446744073709551030,18446744073709551030,224,2,1,1,11058898975780255249,4,0,13,13820675556391143938,0,5,1,0
PAWN_AUDIT_RESULT,2840,3,3,201,0,0,201,0,0,0,0,0
PAWN_AUDIT_ENTRY,2841,10114369400788534674,2925387952097903487,5249902163823140922,15021493322536062337,1228,237,238,201,7,6,2,4,18446744073709543621,18446744073709550326,13,0,0,0,0,0,0,0,0,224,236,2230920,13,5488,0,0,0,3,18446744073709548558,18446744073709551030,18446744073709551030,224,2,1,1,11058898975780255249,4,0,13,13820675556391143938,0,5,1,0
PAWN_AUDIT_RESULT,2841,2,2,186,0,0,186,0,0,0,0,0
PAWN_AUDIT_ENTRY,2842,2925387952097903487,17873114355480030960,5249902163823140922,13870786151994603024,1242,237,238,201,7,6,2,5,18446744073709545414,18446744073709547947,13,0,0,0,0,0,0,0,0,224,236,2230920,13,5489,0,0,0,3,18446744073709549373,18446744073709551030,18446744073709551030,224,2,1,1,11058898975780255249,4,0,13,13820675556391143938,0,5,1,0
PAWN_AUDIT_RESULT,2842,2,2,180,0,0,180,0,0,0,0,0
PAWN_AUDIT_ENTRY,2843,17873114355480030960,10170923391444242693,5249902163823140922,6528948575257365547,259,237,238,201,7,6,2,6,18446744073709548635,18446744073709547108,13,0,0,0,0,0,0,0,0,224,236,2230920,13,5490,0,0,0,6,18446744073709551188,18446744073709551506,18446744073709549818,224,2,1,1,11058898975780255249,4,0,13,13820675556391143938,0,5,1,0
PAWN_AUDIT_RESULT,2843,2,2,191,0,0,191,0,0,0,0,0
PAWN_AUDIT_ENTRY,2844,10170923391444242693,2776222876808814429,5249902163823140922,14785975049493041357,75,237,238,201,7,6,1,7,18446744073709540389,886,13,0,0,0,0,0,0,0,0,224,236,2230920,13,5491,0,0,0,2,18446744073709549311,18446744073709548021,18446744073709549550,224,2,1,1,11058898975780255249,4,0,13,13820675556391143938,0,5,1,0
PAWN_AUDIT_RESULT,2844,1,1,226,0,0,226,0,0,0,0,0
PAWN_AUDIT_ENTRY,2845,2776222876808814429,16356037944548029614,5249902163823140922,12526881203635017230,666,237,238,226,7,6,1,8,18446744073709538480,18446744073709550278,13,0,0,0,0,0,0,0,0,224,236,2230920,13,5492,0,0,0,1,18446744073709546220,18446744073709551030,18446744073709551030,224,2,1,1,11058898975780255249,4,0,13,13820675556391143938,0,0,1,0
PAWN_AUDIT_RESULT,2845,1,1,179,0,0,179,0,0,0,0,0
PAWN_AUDIT_ENTRY,2846,16356037944548029614,4124082494335347728,5249902163823140922,1982700418200424720,82,237,238,226,7,6,1,9,18446744073709544507,18446744073709549456,13,0,0,0,0,0,0,0,0,224,236,2230920,13,5493,0,0,0,2,18446744073709549605,18446744073709551030,18446744073709549702,224,2,1,1,11058898975780255249,4,0,13,13820675556391143938,0,5,1,0
PAWN_AUDIT_RESULT,2846,1,1,222,0,0,222,0,0,0,0,0
PAWN_AUDIT_ENTRY,2886,712889982341792728,7559675361485910172,13631945256786928043,1525832727732801379,1155,237,238,218,9,8,3,3,18446744073709543393,18446744073709550278,13,0,0,0,0,0,0,0,0,207,207,1874688,13,5565,0,0,0,2,18446744073709548454,18446744073709551030,18446744073709551030,221,1,1,1,11058898975780255249,4,0,13,5348557812303580051,0,5,1,0
PAWN_AUDIT_RESULT,2886,3,3,185,0,0,185,0,0,0,0,0
PAWN_AUDIT_ENTRY,2887,7559675361485910172,6546947596440063742,13631945256786928043,2132560826005297139,1176,237,238,218,9,8,2,4,18446744073709542319,18446744073709549429,13,0,0,0,0,0,0,0,0,207,207,1874688,13,5566,0,0,0,2,18446744073709547966,18446744073709551030,18446744073709551030,221,1,1,1,11058898975780255249,4,0,13,5348557812303580051,0,5,1,0
PAWN_AUDIT_RESULT,2887,2,2,183,0,0,183,0,0,0,0,0
PAWN_AUDIT_ENTRY,2888,6546947596440063742,5932505323302225512,13631945256786928043,18047568189642194770,3,237,238,218,9,8,2,5,18446744073709544140,18446744073709549109,13,0,0,0,0,0,0,0,0,207,207,1874688,13,5567,0,0,0,4,18446744073709548794,18446744073709551030,18446744073709551030,221,1,1,1,11058898975780255249,4,0,13,5348557812303580051,0,5,1,0
PAWN_AUDIT_RESULT,2888,2,2,199,0,0,199,0,0,0,0,0
PAWN_AUDIT_ENTRY,2889,5932505323302225512,8669464011924311831,13631945256786928043,14308879017933803753,2,237,238,218,9,8,2,6,18446744073709543285,18446744073709549225,13,0,0,0,0,0,0,0,0,207,207,1874688,13,5568,0,0,0,4,18446744073709548405,18446744073709551030,18446744073709551030,221,1,1,1,11058898975780255249,4,0,13,5348557812303580051,0,5,1,0
PAWN_AUDIT_RESULT,2889,2,2,191,0,0,191,0,0,0,0,0
PAWN_AUDIT_ENTRY,2890,8669464011924311831,3142650070543021708,13631945256786928043,17183190022694260865,1153,237,238,218,9,8,2,7,18446744073709543281,18446744073709547596,13,0,0,0,0,0,0,0,0,207,207,1874688,13,5569,0,0,0,2,18446744073709548403,18446744073709551030,18446744073709551030,221,1,1,1,11058898975780255249,4,0,13,5348557812303580051,0,5,1,0
PAWN_AUDIT_RESULT,2890,2,2,1,0,0,1,0,0,0,0,0
PAWN_AUDIT_ENTRY,2891,3142650070543021708,16487018679425846918,13631945256786928043,12641181858372160954,259,237,238,218,9,8,2,8,18446744073709547648,18446744073709546722,13,0,0,0,0,0,0,0,0,207,207,1874688,13,5570,0,0,0,6,18446744073709550151,18446744073709551506,18446744073709551030,221,1,1,1,11058898975780255249,4,0,13,5348557812303580051,0,5,1,0
PAWN_AUDIT_RESULT,2891,2,2,184,0,0,184,0,0,0,0,0
PAWN_AUDIT_ENTRY,2892,16487018679425846918,18424178214835649641,13631945256786928043,704345375768923218,1,237,238,218,9,8,1,9,18446744073709541510,18446744073709548705,13,0,0,0,0,0,0,0,0,207,207,1874688,13,5571,0,0,0,4,18446744073709547598,18446744073709551030,18446744073709551030,221,1,1,1,11058898975780255249,4,0,13,5348557812303580051,0,5,1,0
PAWN_AUDIT_RESULT,2892,1,1,186,0,0,186,0,0,0,0,0
PAWN_AUDIT_ENTRY,2893,18424178214835649641,12201601773896311485,13631945256786928043,9891998852010800309,1164,237,238,218,9,8,1,10,18446744073709541656,18446744073709548879,13,0,0,0,0,0,0,0,0,207,207,1874688,13,5572,0,0,0,2,18446744073709547808,18446744073709550743,18446744073709551030,221,1,1,1,11058898975780255249,4,0,13,5348557812303580051,0,5,1,0
PAWN_AUDIT_RESULT,2893,1,1,180,0,0,180,0,0,0,0,0
PAWN_AUDIT_ENTRY,2894,12201601773896311485,3216850326364951323,13631945256786928043,2583554938561963879,332,237,238,218,9,8,1,11,18446744073709539775,18446744073709549438,13,0,0,0,0,0,0,0,0,207,207,1874688,13,5573,0,0,0,3,18446744073709546809,18446744073709551030,18446744073709551030,221,1,1,1,11058898975780255249,4,0,13,5348557812303580051,0,5,1,0
PAWN_AUDIT_RESULT,2894,1,1,215,0,0,215,0,0,0,0,0
PAWN_AUDIT_ENTRY,2895,3216850326364951323,9812775064189103843,13631945256786928043,593399834976984669,1763,237,238,218,9,8,1,12,18446744073709536050,18446744073709550278,13,0,0,0,0,0,0,0,0,207,207,1874688,13,5574,0,0,0,1,18446744073709545115,18446744073709551030,18446744073709551030,221,1,1,1,11058898975780255249,4,0,13,5348557812303580051,0,0,1,0
PAWN_AUDIT_RESULT,2895,1,1,174,0,0,174,0,0,0,0,0
PAWN_AUDIT_ENTRY,2896,9812775064189103843,11778982099712020949,13631945256786928043,17849582535208910733,454,237,238,218,9,8,1,13,18446744073709539291,18446744073709549060,13,0,0,0,0,0,0,0,0,207,207,1874688,13,5575,0,0,0,4,18446744073709546589,18446744073709551030,18446744073709551030,221,1,1,1,11058898975780255249,4,0,13,5348557812303580051,0,5,1,0
PAWN_AUDIT_RESULT,2896,1,1,200,0,0,200,0,0,0,0,0
PAWN_AUDIT_ENTRY,2897,11778982099712020949,14810514229558191312,13631945256786928043,14262062401412252525,1355,237,238,218,9,8,1,14,18446744073709536062,18446744073709550817,13,0,0,0,0,0,0,0,0,207,207,1874688,13,5576,0,0,0,2,18446744073709546625,18446744073709548021,18446744073709551030,221,1,1,1,11058898975780255249,4,0,13,5348557812303580051,0,5,1,0
PAWN_AUDIT_RESULT,2897,1,1,178,0,0,178,0,0,0,0,0
PAWN_AUDIT_ENTRY,2898,14810514229558191312,7260583023170575581,13631945256786928043,17742954487632872540,1187,237,238,218,9,8,2,24,18446744073709550340,18446744073709550278,13,0,0,0,0,0,0,0,1,207,207,1874688,13,5577,0,0,0,2,18446744073709551613,18446744073709551030,18446744073709551030,221,1,1,1,11058898975780255249,4,0,13,5348557812303580051,0,5,1,0
PAWN_AUDIT_RESULT,2898,2,2,-480,0,0,-480,0,2,2,0,0
PAWN_AUDIT_ENTRY,2935,16517912813009240957,14525159007709882642,5249902163823140922,17183190022694260865,1221,237,238,203,8,7,2,3,18446744073709544714,18446744073709550278,13,0,0,0,0,0,0,0,0,218,218,18446744073709349622,13,5643,0,0,0,3,18446744073709549055,18446744073709551030,18446744073709551030,226,7,1,1,11058898975780255249,4,0,13,3087767775819565516,0,5,1,0
PAWN_AUDIT_RESULT,2935,2,2,165,0,0,165,0,0,0,0,0
PAWN_AUDIT_ENTRY,2936,14525159007709882642,15035820384747484399,5249902163823140922,4772612736333100349,453,237,238,203,8,7,2,4,18446744073709546346,18446744073709549109,13,0,0,0,0,0,0,0,0,218,218,18446744073709349622,13,5644,0,0,0,4,18446744073709549797,18446744073709551030,18446744073709551030,226,7,1,1,11058898975780255249,4,0,13,3087767775819565516,0,5,1,0
PAWN_AUDIT_RESULT,2936,2,2,200,0,0,200,0,0,0,0,0
PAWN_AUDIT_ENTRY,2937,15035820384747484399,11646092790352287821,5249902163823140922,15021493322536062337,1228,237,238,203,8,7,2,5,18446744073709541893,18446744073709549915,13,0,0,0,0,0,0,0,0,218,218,18446744073709349622,13,5645,0,0,0,3,18446744073709548046,18446744073709550743,18446744073709550761,226,7,1,1,11058898975780255249,4,0,13,3087767775819565516,0,5,1,0
PAWN_AUDIT_RESULT,2937,2,2,184,0,0,184,0,0,0,0,0
PAWN_AUDIT_ENTRY,2938,11646092790352287821,18239276452917268909,5249902163823140922,12526881203635017230,666,237,238,203,8,7,1,6,18446744073709537329,18446744073709550278,13,0,0,0,0,0,0,0,0,218,218,18446744073709349622,13,5646,0,0,0,1,18446744073709545697,18446744073709551030,18446744073709551030,226,7,1,1,11058898975780255249,4,0,13,3087767775819565516,0,0,1,0
PAWN_AUDIT_RESULT,2938,1,1,178,0,0,178,0,0,0,0,0
PAWN_AUDIT_ENTRY,2939,18239276452917268909,3881809134322000981,5249902163823140922,13870786151994603024,1242,237,238,203,8,7,2,7,18446744073709543800,18446744073709547250,13,0,0,0,0,0,0,0,0,218,218,18446744073709349622,13,5647,0,0,0,3,18446744073709548639,18446744073709551030,18446744073709551030,226,7,1,1,11058898975780255249,4,0,13,3087767775819565516,0,5,1,0
PAWN_AUDIT_RESULT,2939,2,2,179,0,0,179,0,0,0,0,0
PAWN_AUDIT_ENTRY,2940,3881809134322000981,18146539830108782525,5249902163823140922,9397895017463991953,261,237,238,203,8,7,1,9,18446744073709538733,18446744073709549092,13,0,0,0,0,0,0,0,0,218,218,18446744073709349622,13,5648,0,0,0,6,18446744073709546335,18446744073709551030,18446744073709551030,226,7,1,1,11058898975780255249,4,0,13,3087767775819565516,0,5,1,0
PAWN_AUDIT_RESULT,2940,1,1,179,0,0,179,0,0,0,0,0
PAWN_AUDIT_ENTRY,2941,18146539830108782525,9957566175017271048,5249902163823140922,163105339406040604,454,237,238,203,8,7,1,10,18446744073709538870,18446744073709548952,13,0,0,0,0,0,0,0,0,218,218,18446744073709349622,13,5649,0,0,0,4,18446744073709546549,18446744073709551030,18446744073709550718,226,7,1,1,11058898975780255249,4,0,13,3087767775819565516,0,5,1,0
PAWN_AUDIT_RESULT,2941,1,1,194,0,0,194,0,0,0,0,0
PAWN_AUDIT_ENTRY,2942,9957566175017271048,4309221928551617499,5249902163823140922,6528948575257365547,259,237,238,203,8,7,1,13,18446744073709544955,18446744073709546413,13,0,0,0,0,0,0,0,0,218,218,18446744073709349622,13,5650,0,0,0,6,18446744073709549634,18446744073709549742,18446744073709551389,226,7,1,1,11058898975780255249,4,0,13,3087767775819565516,0,5,1,0
PAWN_AUDIT_RESULT,2942,1,1,190,0,0,190,0,0,0,0,0
PAWN_AUDIT_ENTRY,2943,4309221928551617499,10332023110680211120,5249902163823140922,5107249806884491113,1350,237,238,203,8,7,1,15,18446744073709540039,18446744073709547836,13,0,0,0,0,0,0,0,0,218,218,18446744073709349622,13,5651,0,0,0,2,18446744073709547074,18446744073709551030,18446744073709550731,226,7,1,1,11058898975780255249,4,0,13,3087767775819565516,0,5,1,0
PAWN_AUDIT_RESULT,2943,1,1,-1,0,0,-1,0,0,0,0,0
PAWN_AUDIT_ENTRY,2944,10332023110680211120,3682698941375490106,5249902163823140922,14785975049493041357,75,237,238,203,8,7,1,19,18446744073709542127,18446744073709549948,13,0,0,0,0,0,0,0,0,218,218,18446744073709349622,13,5652,0,0,0,2,18446744073709549311,18446744073709550702,18446744073709548416,226,7,1,1,11058898975780255249,4,0,13,3087767775819565516,0,5,1,0
PAWN_AUDIT_RESULT,2944,1,1,226,0,0,226,0,0,0,0,0
PAWN_AUDIT_ENTRY,2947,16848119195442840247,3883969361200439232,2657698818424596127,9389891442516530724,1221,237,238,227,10,9,4,3,18446744073709542799,18446744073709550278,11,0,0,0,0,0,0,0,0,205,205,334869,13,5657,0,0,0,3,18446744073709548184,18446744073709551030,18446744073709551030,243,2,1,1,11058898975780255249,2,0,11,15273267629545589927,0,3,1,0
PAWN_AUDIT_RESULT,2947,4,4,1,0,0,1,0,0,0,0,0
PAWN_AUDIT_ENTRY,2948,3883969361200439232,13477731917944125718,2657698818424596127,13568919459908668196,1228,237,238,227,10,9,3,4,18446744073709541666,18446744073709549915,11,0,0,0,0,0,0,0,0,205,205,334869,13,5658,0,0,0,3,18446744073709547669,18446744073709551030,18446744073709551030,243,2,1,1,11058898975780255249,2,0,11,15273267629545589927,0,3,1,0
PAWN_AUDIT_RESULT,2948,3,3,187,0,0,187,0,0,0,0,0
PAWN_AUDIT_ENTRY,2949,13477731917944125718,12566455440497463389,2657698818424596127,12414034172159226037,1242,237,238,227,10,9,3,5,18446744073709542623,18446744073709547250,11,0,0,0,0,0,0,0,0,205,205,334869,13,5659,0,0,0,3,18446744073709548104,18446744073709551030,18446744073709551030,243,2,1,1,11058898975780255249,2,0,11,15273267629545589927,0,3,1,0
PAWN_AUDIT_RESULT,2949,3,3,178,0,0,178,0,0,0,0,0
PAWN_AUDIT_ENTRY,2950,12566455440497463389,261677566748294811,2657698818424596127,16968769700716408158,407,237,238,227,10,9,2,6,18446744073709540459,18446744073709549105,11,0,0,0,0,0,0,0,0,205,205,334869,13,5660,0,0,0,2,18446744073709547120,18446744073709551030,18446744073709551030,243,2,1,1,11058898975780255249,2,0,11,15273267629545589927,0,3,1,0
PAWN_AUDIT_RESULT,2950,2,2,187,0,0,187,0,0,0,0,0
PAWN_AUDIT_ENTRY,2951,261677566748294811,17032109754758554737,2657698818424596127,13970448450990969003,666,237,238,227,10,9,2,8,18446744073709536958,18446744073709550278,11,0,0,0,0,0,0,0,0,205,205,334869,13,5661,0,0,0,1,18446744073709545528,18446744073709551030,18446744073709551030,243,2,1,1,11058898975780255249,2,0,11,15273267629545589927,0,0,1,0
PAWN_AUDIT_RESULT,2951,2,2,172,0,0,172,0,0,0,0,0
PAWN_AUDIT_ENTRY,2952,17032109754758554737,9608071218627556932,2657698818424596127,3936727639956769422,259,237,238,227,10,9,2,9,18446744073709544305,18446744073709546413,11,0,0,0,0,0,0,0,0,205,205,334869,13,5662,0,0,0,6,18446744073709549219,18446744073709551506,18446744073709549818,243,2,1,1,11058898975780255249,2,0,11,15273267629545589927,0,3,1,0
PAWN_AUDIT_RESULT,2952,2,2,180,0,0,180,0,0,0,0,0
PAWN_AUDIT_ENTRY,2953,9608071218627556932,14362298704810330706,2657698818424596127,17173750902361491508,261,237,238,227,10,9,1,10,18446744073709538194,18446744073709548336,11,0,0,0,0,0,0,0,0,205,205,334869,13,5663,0,0,0,6,18446744073709546090,18446744073709551030,18446744073709551030,243,2,1,1,11058898975780255249,2,0,11,15273267629545589927,0,3,1,0
PAWN_AUDIT_RESULT,2953,1,1,173,0,0,173,0,0,0,0,0
PAWN_AUDIT_ENTRY,2954,14362298704810330706,10587313538392649436,2657698818424596127,9713772274514773145,536,237,238,227,10,9,1,11,18446744073709535603,18446744073709550278,11,0,0,0,0,0,0,0,0,205,205,334869,13,5664,0,0,0,1,18446744073709544912,18446744073709551030,18446744073709551030,243,2,1,1,11058898975780255249,2,0,11,15273267629545589927,0,0,1,0
PAWN_AUDIT_RESULT,2954,1,1,205,0,0,205,0,0,0,0,0
PAWN_AUDIT_ENTRY,2955,10587313538392649436,7504896062651601697,2657698818424596127,17899614837996981877,991,237,238,227,10,9,1,12,18446744073709534937,18446744073709550278,11,0,0,0,0,0,0,0,0,205,205,334869,13,5665,0,0,0,1,18446744073709544609,18446744073709551030,18446744073709551030,243,2,1,1,11058898975780255249,2,0,11,15273267629545589927,0,0,1,0
PAWN_AUDIT_RESULT,2955,1,1,193,0,0,193,0,0,0,0,0
PAWN_AUDIT_ENTRY,2956,7504896062651601697,3877968175558251822,2657698818424596127,14811549322581578361,918,237,238,227,10,9,1,13,18446744073709534642,18446744073709550278,11,0,0,0,0,0,0,0,0,205,205,334869,13,5666,0,0,0,1,18446744073709544475,18446744073709551030,18446744073709551030,243,2,1,1,11058898975780255249,2,0,11,15273267629545589927,0,0,1,0
PAWN_AUDIT_RESULT,2956,1,1,177,0,0,177,0,0,0,0,0
PAWN_AUDIT_ENTRY,2957,3877968175558251822,9014504392043759522,2657698818424596127,6141111566062986084,658,237,238,227,10,9,1,14,18446744073709535040,18446744073709550278,11,0,0,0,0,0,0,0,0,205,205,334869,13,5667,0,0,0,1,18446744073709544656,18446744073709551030,18446744073709551030,243,2,1,1,11058898975780255249,2,0,11,15273267629545589927,0,0,1,0
PAWN_AUDIT_RESULT,2957,1,1,192,0,0,192,0,0,0,0,0
PAWN_AUDIT_ENTRY,2958,9014504392043759522,16863917844488315394,2657698818424596127,16450161076779419252,1828,237,238,227,10,9,1,16,18446744073709534607,18446744073709550278,11,0,0,0,0,0,0,0,0,205,205,334869,13,5668,0,0,0,1,18446744073709544459,18446744073709551030,18446744073709551030,243,2,1,1,11058898975780255249,2,0,11,15273267629545589927,0,0,1,0
PAWN_AUDIT_RESULT,2958,1,1,196,0,0,196,0,0,0,0,0
PAWN_AUDIT_ENTRY,2959,16863917844488315394,17019756940509075265,2657698818424596127,12736778587430600649,396,237,238,227,10,9,2,17,18446744073709543911,18446744073709548281,11,0,0,0,0,0,0,0,0,205,205,334869,13,5669,0,0,0,2,18446744073709548833,18446744073709550743,18446744073709551030,243,2,1,1,11058898975780255249,2,0,11,15273267629545589927,0,3,1,0
PAWN_AUDIT_RESULT,2959,2,2,205,0,0,205,0,0,0,0,0
PAWN_AUDIT_ENTRY,2960,17019756940509075265,14895147699945915168,2657698818424596127,6091058373847026983,269,237,238,227,10,9,1,18,18446744073709534772,18446744073709549732,11,0,0,0,0,0,0,0,0,205,205,334869,13,5670,0,0,0,6,18446744073709544534,18446744073709551030,18446744073709551030,243,2,1,1,11058898975780255249,2,0,11,15273267629545589927,0,3,1,0
PAWN_AUDIT_RESULT,2960,1,1,189,0,0,189,0,0,0,0,0
PAWN_AUDIT_ENTRY,2961,14895147699945915168,8263650317880882667,2657698818424596127,9954734756199297226,267,237,238,227,10,9,1,19,18446744073709536375,18446744073709548700,11,0,0,0,0,0,0,0,0,205,205,334869,13,5671,0,0,0,6,18446744073709545263,18446744073709551030,18446744073709551030,243,2,1,1,11058898975780255249,2,0,11,15273267629545589927,0,3,1,0
PAWN_AUDIT_RESULT,2961,1,1,205,0,0,205,0,0,0,0,0
PAWN_AUDIT_ENTRY,2962,8263650317880882667,3873989895711603732,2657698818424596127,12678652007081401837,80,237,238,227,10,9,1,20,18446744073709535044,18446744073709549253,11,0,0,0,0,0,0,0,0,205,205,334869,13,5672,0,0,0,2,18446744073709544658,18446744073709551030,18446744073709551030,243,2,1,1,11058898975780255249,2,0,11,15273267629545589927,0,3,1,0
PAWN_AUDIT_RESULT,2962,1,1,195,0,0,195,0,0,0,0,0
PAWN_AUDIT_ENTRY,2963,3873989895711603732,13974016010815052207,2657698818424596127,11604431789187503720,75,237,238,227,10,9,1,21,18446744073709540389,18446744073709549948,11,0,0,0,0,0,0,0,0,205,205,334869,13,5673,0,0,0,2,18446744073709549311,18446744073709548021,18446744073709549550,243,2,1,1,11058898975780255249,2,0,11,15273267629545589927,0,3,1,0
PAWN_AUDIT_RESULT,2963,1,1,236,0,0,236,0,0,0,0,0
PAWN_AUDIT_ENTRY,2964,13974016010815052207,10659555458728591022,2657698818424596127,13154607040438999990,1113,237,238,236,10,9,1,22,18446744073709534565,18446744073709549718,11,0,0,0,0,0,0,0,0,205,205,334869,13,5674,0,0,0,1,18446744073709544440,18446744073709551030,18446744073709551030,243,2,1,1,11058898975780255249,2,0,11,15273267629545589927,0,0,1,0
PAWN_AUDIT_RESULT,2964,1,1,173,0,0,173,0,0,0,0,0
PAWN_AUDIT_ENTRY,2965,10659555458728591022,10474720499389207733,2657698818424596127,13260238181747288894,983,237,238,236,10,9,1,23,18446744073709534730,18446744073709549655,11,0,0,0,0,0,0,0,0,205,205,334869,13,5675,0,0,0,1,18446744073709544515,18446744073709551030,18446744073709551030,243,2,1,1,11058898975780255249,2,0,11,15273267629545589927,0,0,1,0
PAWN_AUDIT_RESULT,2965,1,1,209,0,0,209,0,0,0,0,0
PAWN_AUDIT_ENTRY,2971,1051174309398222911,1871191754950492478,15066521184454371086,8725077788802550214,1155,237,238,220,9,8,2,4,18446744073709542634,18446744073709549668,11,0,0,0,0,0,0,0,0,206,206,383036,13,5686,0,0,0,2,18446744073709548109,18446744073709551030,18446744073709551030,234,2,1,1,11058898975780255249,2,0,11,2738338327859629366,0,3,1,0
PAWN_AUDIT_RESULT,2971,2,2,187,0,0,187,0,0,0,0,0
PAWN_AUDIT_ENTRY,2972,1871191754950492478,12590176978053943646,15066521184454371086,10830237261943339511,3,237,238,220,9,8,2,5,18446744073709543905,18446744073709548964,11,0,0,0,0,0,0,0,0,206,206,383036,13,5687,0,0,0,4,18446744073709548687,18446744073709551030,18446744073709551030,234,2,1,1,11058898975780255249,2,0,11,2738338327859629366,0,3,1,0
PAWN_AUDIT_RESULT,2972,2,2,203,0,0,203,0,0,0,0,0
PAWN_AUDIT_ENTRY,2973,12590176978053943646,11926993311363649440,15066521184454371086,12297700465393260108,2,237,238,220,9,8,2,6,18446744073709542788,18446744073709548884,11,0,0,0,0,0,0,0,0,206,206,383036,13,5688,0,0,0,4,18446744073709548179,18446744073709551030,18446744073709551030,234,2,1,1,11058898975780255249,2,0,11,2738338327859629366,0,3,1,0
PAWN_AUDIT_RESULT,2973,2,2,193,0,0,193,0,0,0,0,0
PAWN_AUDIT_ENTRY,2974,11926993311363649440,10742597304219864543,15066521184454371086,5756670467069370818,332,237,238,220,9,8,1,7,18446744073709540945,18446744073709549915,11,0,0,0,0,0,0,0,0,206,206,383036,13,5689,0,0,0,3,18446744073709547341,18446744073709551030,18446744073709551030,234,2,1,1,11058898975780255249,2,0,11,2738338327859629366,0,3,1,0
PAWN_AUDIT_RESULT,2974,1,1,208,0,0,208,0,0,0,0,0
PAWN_AUDIT_ENTRY,2975,10742597304219864543,2922988086260148601,15066521184454371086,8187838829724586326,1176,237,238,220,9,8,1,8,18446744073709541592,18446744073709548847,11,0,0,0,0,0,0,0,0,206,206,383036,13,5690,0,0,0,2,18446744073709547635,18446744073709551030,18446744073709551030,234,2,1,1,11058898975780255249,2,0,11,2738338327859629366,0,3,1,0
PAWN_AUDIT_RESULT,2975,1,1,191,0,0,191,0,0,0,0,0
PAWN_AUDIT_ENTRY,2976,2922988086260148601,3204185475764157935,15066521184454371086,9389891442516530724,1153,237,238,220,9,8,1,10,18446744073709543281,18446744073709547596,11,0,0,0,0,0,0,0,0,206,206,383036,13,5691,0,0,0,2,18446744073709548403,18446744073709551030,18446744073709551030,234,2,1,1,11058898975780255249,2,0,11,2738338327859629366,0,3,1,0
PAWN_AUDIT_RESULT,2976,1,1,-1,0,0,-1,0,0,0,0,0
PAWN_AUDIT_ENTRY,2977,3204185475764157935,14415953839933499957,15066521184454371086,7349657637332617975,1,237,238,220,9,8,1,11,18446744073709540954,18446744073709548269,11,0,0,0,0,0,0,0,0,206,206,383036,13,5692,0,0,0,4,18446744073709547345,18446744073709551030,18446744073709551030,234,2,1,1,11058898975780255249,2,0,11,2738338327859629366,0,3,1,0
PAWN_AUDIT_RESULT,2977,1,1,186,0,0,186,0,0,0,0,0
PAWN_AUDIT_ENTRY,2978,14415953839933499957,6565382402112983693,15066521184454371086,2200058913481321679,407,237,238,220,9,8,1,12,18446744073709540024,18446744073709548672,11,0,0,0,0,0,0,0,0,206,206,383036,13,5693,0,0,0,2,18446744073709546922,18446744073709551030,18446744073709551030,234,2,1,1,11058898975780255249,2,0,11,2738338327859629366,0,3,1,0
PAWN_AUDIT_RESULT,2978,1,1,190,0,0,190,0,0,0,0,0
PAWN_AUDIT_ENTRY,2979,6565382402112983693,17266157155311242670,15066521184454371086,14075740196137421599,259,237,238,220,9,8,1,14,18446744073709544534,18446744073709546099,11,0,0,0,0,0,0,0,0,206,206,383036,13,5694,0,0,0,6,18446744073709548735,18446744073709551506,18446744073709551030,234,2,1,1,11058898975780255249,2,0,11,2738338327859629366,0,3,1,0
PAWN_AUDIT_RESULT,2979,1,1,173,0,0,173,0,0,0,0,0
PAWN_AUDIT_ENTRY,2980,17266157155311242670,531358766504067586,15066521184454371086,4987494055324335704,396,237,238,220,9,8,1,17,18446744073709543977,18446744073709548317,11,0,0,0,0,0,0,0,0,206,206,383036,13,5695,0,0,0,2,18446744073709548863,18446744073709550743,18446744073709551030,234,2,1,1,11058898975780255249,2,0,11,2738338327859629366,0,3,1,0
PAWN_AUDIT_RESULT,2980,1,1,190,0,0,190,0,0,0,0,0
PAWN_AUDIT_ENTRY,2987,11610747935658111737,12360865730537393851,10380659241023453749,13540087179073559678,196,237,238,197,6,5,1,4,18446744073709548257,18446744073709549675,11,0,0,0,0,0,0,0,0,101,101,383036,13,5706,0,0,0,6,18446744073709550666,18446744073709551030,18446744073709551030,32002,18446744073709551613,0,0,11058898975780255249,2,0,11,7428691531503095821,0,3,1,0
PAWN_AUDIT_RESULT,2987,1,1,168,0,0,168,0,0,0,0,0
PAWN_AUDIT_ENTRY,2988,12360865730537393851,8120367734416537883,10380659241023453749,17910409651364207907,194,237,238,197,6,5,1,5,18446744073709544068,18446744073709549828,11,0,0,0,0,0,0,0,0,101,101,383036,13,5707,0,0,0,6,18446744073709548761,18446744073709551030,18446744073709551030,32002,18446744073709551613,0,0,11058898975780255249,2,0,11,7428691531503095821,0,3,1,0
PAWN_AUDIT_RESULT,2988,1,1,164,0,0,164,0,0,0,0,0
PAWN_AUDIT_ENTRY,2992,14253396115999186776,17027750561373558138,5607188628663770597,10105315320449137892,1485,237,238,190,6,5,2,3,18446744073709550340,18446744073709550278,11,0,0,0,0,0,0,0,0,142,142,383036,13,5715,0,0,0,2,18446744073709551613,18446744073709551030,18446744073709551030,32002,18446744073709551613,0,0,11058898975780255249,2,0,11,13458793476409325533,0,3,1,0
PAWN_AUDIT_RESULT,2992,2,2,183,0,0,183,0,0,0,0,0
PAWN_AUDIT_ENTRY,2993,17027750561373558138,12182169696636487120,5607188628663770597,17051878602683539737,1501,237,238,190,6,5,2,4,18446744073709550340,18446744073709550278,11,0,0,0,0,0,0,0,0,142,142,383036,13,5716,0,0,0,2,18446744073709551613,18446744073709551030,18446744073709551030,32002,18446744073709551613,0,0,11058898975780255249,2,0,11,13458793476409325533,0,3,1,0
PAWN_AUDIT_RESULT,2993,2,2,184,0,0,184,0,0,0,0,0
PAWN_AUDIT_ENTRY,2994,12182169696636487120,5459910366161157182,5607188628663770597,9389891442516530724,1478,237,238,190,6,5,1,5,18446744073709550340,18446744073709547836,11,0,0,0,0,0,0,0,0,142,142,383036,13,5717,0,0,0,2,18446744073709551613,18446744073709551030,18446744073709551030,32002,18446744073709551613,0,0,11058898975780255249,2,0,11,13458793476409325533,0,3,1,0
PAWN_AUDIT_RESULT,2994,1,1,1,0,0,1,0,0,0,0,0
PAWN_AUDIT_ENTRY,3086,5093746488343920181,7569351580774125789,4560630224556155321,3640528914128361991,3892,18446744073709551378,18446744073709551379,18446744073709551375,10,9,1,2,18446744073709537103,8063,10,0,1,0,0,0,0,0,0,18446744073709551415,18446744073709551415,427299,13,5875,0,0,1,14,18446744073709545594,18446744073709551030,18446744073709551030,32002,18446744073709551614,0,1,11058898975780255249,0,0,10,10507359088123109030,0,1,1,0
PAWN_AUDIT_RESULT,3086,1,1,-252,0,0,-252,0,0,0,0,0
PAWN_AUDIT_ENTRY,3087,7569351580774125789,3449758337849745862,4560630224556155321,4198397184116740533,2852,18446744073709551378,18446744073709551379,18446744073709551375,10,9,2,3,18446744073709547567,18446744073709549370,10,0,1,0,0,0,0,0,0,18446744073709551415,18446744073709551415,427299,13,5876,0,0,1,9,18446744073709550352,18446744073709551030,18446744073709551030,32002,18446744073709551614,0,1,11058898975780255249,0,0,10,10507359088123109030,0,0,1,0
PAWN_AUDIT_RESULT,3087,2,2,-253,0,0,-253,0,0,0,0,0
PAWN_AUDIT_ENTRY,3088,3449758337849745862,8258402691830381083,4560630224556155321,11652115554246922572,3559,18446744073709551378,18446744073709551379,18446744073709551375,10,9,1,4,18446744073709544620,18446744073709549597,10,0,1,0,0,0,0,0,0,18446744073709551415,18446744073709551415,427299,13,5877,0,0,1,9,18446744073709549012,18446744073709551030,18446744073709551030,32002,18446744073709551614,0,1,11058898975780255249,0,0,10,10507359088123109030,0,0,1,0
PAWN_AUDIT_RESULT,3088,1,1,-282,0,0,-282,0,0,0,0,0
PAWN_AUDIT_ENTRY,3089,8258402691830381083,13052392287805385434,4560630224556155321,11766626587686609526,3899,18446744073709551378,18446744073709551379,18446744073709551375,10,9,1,5,18446744073709539533,18446744073709551603,10,0,1,0,0,0,0,0,0,18446744073709551415,18446744073709551415,427299,13,5878,0,0,1,14,18446744073709546699,18446744073709551030,18446744073709551030,32002,18446744073709551614,0,1,11058898975780255249,0,0,10,10507359088123109030,0,1,1,0
PAWN_AUDIT_RESULT,3089,1,1,-251,0,0,-251,0,0,0,0,0
PAWN_AUDIT_ENTRY,3090,13052392287805385434,4834092844695246555,4560630224556155321,17326037417017649213,3901,18446744073709551378,18446744073709551379,18446744073709551375,10,9,1,6,18446744073709542108,18446744073709547482,10,0,1,0,0,0,0,0,0,18446744073709551415,18446744073709551415,427299,13,5879,0,0,1,14,18446744073709547869,18446744073709551030,18446744073709551032,32002,18446744073709551614,0,1,11058898975780255249,0,0,10,10507359088123109030,0,1,1,0
PAWN_AUDIT_RESULT,3090,1,1,-292,0,0,-292,0,0,0,0,0
PAWN_AUDIT_ENTRY,3091,4834092844695246555,8516511511371939226,4560630224556155321,7092504911048648141,3699,18446744073709551378,18446744073709551379,18446744073709551375,10,9,1,7,18446744073709539795,18446744073709548821,10,0,1,0,0,0,0,0,0,18446744073709551415,18446744073709551415,427299,13,5880,0,0,1,10,18446744073709546818,18446744073709551030,18446744073709551030,32002,18446744073709551614,0,1,11058898975780255249,0,0,10,10507359088123109030,0,1,1,0
PAWN_AUDIT_RESULT,3091,1,1,-249,0,0,-249,0,0,0,0,0
PAWN_AUDIT_ENTRY,3092,8516511511371939226,5240716128537638334,4560630224556155321,1773918979262958157,3763,18446744073709551378,18446744073709551379,18446744073709551375,10,9,1,8,18446744073709541204,18446744073709548361,10,0,1,0,0,0,0,0,0,18446744073709551415,18446744073709551415,427299,13,5881,0,0,1,11,18446744073709547459,18446744073709551030,18446744073709551030,32002,18446744073709551614,0,1,11058898975780255249,0,0,10,10507359088123109030,0,1,1,0
PAWN_AUDIT_RESULT,3092,1,1,-266,0,0,-266,0,0,0,0,0
PAWN_AUDIT_ENTRY,3093,5240716128537638334,9023130433373274066,4560630224556155321,18395489778329332956,4020,18446744073709551378,18446744073709551379,18446744073709551375,10,9,1,9,18446744073709538471,18446744073709548793,10,0,1,0,0,0,0,0,0,18446744073709551415,18446744073709551415,427299,13,5882,0,0,1,10,18446744073709546216,18446744073709551030,18446744073709551030,32002,18446744073709551614,0,1,11058898975780255249,0,0,10,10507359088123109030,0,1,1,0
PAWN_AUDIT_RESULT,3093,1,1,-241,0,0,-241,0,0,0,0,0
PAWN_AUDIT_ENTRY,3094,9023130433373274066,14845691091726654166,4560630224556155321,15520829125943467689,3104,18446744073709551378,18446744073709551379,18446744073709551375,10,9,1,10,18446744073709535190,18446744073709549825,10,0,1,0,0,0,0,0,0,18446744073709551415,18446744073709551415,427299,13,5883,0,0,1,9,18446744073709544724,18446744073709551030,18446744073709551030,32002,18446744073709551614,0,1,11058898975780255249,0,0,10,10507359088123109030,0,0,1,0
PAWN_AUDIT_RESULT,3094,1,1,-256,0,0,-256,0,0,0,0,0
PAWN_AUDIT_ENTRY,3095,14845691091726654166,16727743504097237238,4560630224556155321,415484642732374389,3169,18446744073709551378,18446744073709551379,18446744073709551375,10,9,1,11,18446744073709534902,18446744073709549893,10,0,1,0,0,0,0,0,0,18446744073709551415,18446744073709551415,427299,13,5884,0,0,1,9,18446744073709544593,18446744073709551030,18446744073709551030,32002,18446744073709551614,0,1,11058898975780255249,0,0,10,10507359088123109030,0,0,1,0
PAWN_AUDIT_RESULT,3095,1,1,-269,0,0,-269,0,0,0,0,0
PAWN_AUDIT_ENTRY,3096,16727743504097237238,8931121885602319049,4560630224556155321,18205022409777699158,3502,18446744073709551378,18446744073709551379,18446744073709551375,10,9,1,12,18446744073709536872,18446744073709549472,10,0,1,0,0,0,0,0,0,18446744073709551415,18446744073709551415,427299,13,5885,0,0,1,9,18446744073709545489,18446744073709551030,18446744073709551030,32002,18446744073709551614,0,1,11058898975780255249,0,0,10,10507359088123109030,0,0,1,0
PAWN_AUDIT_RESULT,3096,1,1,-290,0,0,-290,0,0,0,0,0
PAWN_AUDIT_ENTRY,3097,8931121885602319049,12719881042976326456,4560630224556155321,8969142694350683910,3494,18446744073709551378,18446744073709551379,18446744073709551375,10,9,1,13,18446744073709535238,18446744073709549718,10,0,1,0,0,0,0,0,0,18446744073709551415,18446744073709551415,427299,13,5886,0,0,1,9,18446744073709544746,18446744073709551030,18446744073709551030,32002,18446744073709551614,0,1,11058898975780255249,0,0,10,10507359088123109030,0,0,1,0
PAWN_AUDIT_RESULT,3097,1,1,-319,0,0,-319,0,0,0,0,0
PAWN_AUDIT_ENTRY,3098,12719881042976326456,7870276708319991210,4560630224556155321,3161412187002445486,2917,18446744073709551378,18446744073709551379,18446744073709551375,10,9,1,14,18446744073709537343,18446744073709549416,10,0,1,0,0,0,0,0,0,18446744073709551415,18446744073709551415,427299,13,5887,0,0,1,9,18446744073709545703,18446744073709551030,18446744073709551030,32002,18446744073709551614,0,1,11058898975780255249,0,0,10,10507359088123109030,0,0,1,0
PAWN_AUDIT_RESULT,3098,1,1,-297,0,0,-297,0,0,0,0,0
PAWN_AUDIT_ENTRY,3099,7870276708319991210,3034966183049318834,4560630224556155321,5607999198896284616,3567,18446744073709551378,18446744073709551379,18446744073709551375,10,9,1,15,18446744073709534921,18446744073709549897,10,0,1,0,0,0,0,0,0,18446744073709551415,18446744073709551415,427299,13,5888,0,0,1,9,18446744073709544602,18446744073709551030,18446744073709551030,32002,18446744073709551614,0,1,11058898975780255249,0,0,10,10507359088123109030,0,0,1,0
PAWN_AUDIT_RESULT,3099,1,1,-289,0,0,-289,0,0,0,0,0
PAWN_AUDIT_ENTRY,3100,3034966183049318834,7136362084798773835,4560630224556155321,12196455305167123591,3688,18446744073709551378,18446744073709551379,18446744073709551375,10,9,1,16,18446744073709535319,18446744073709548762,10,0,1,0,0,0,0,0,0,18446744073709551415,18446744073709551415,427299,13,5889,0,0,1,10,18446744073709544783,18446744073709551030,18446744073709551030,32002,18446744073709551614,0,1,11058898975780255249,0,0,10,10507359088123109030,0,1,1,0
PAWN_AUDIT_RESULT,3100,1,1,-286,0,0,-286,0,0,0,0,0
PAWN_AUDIT_ENTRY,3101,7136362084798773835,14637221966470450963,4560630224556155321,7819274484862924821,3112,18446744073709551378,18446744073709551379,18446744073709551375,10,9,1,17,18446744073709535095,18446744073709549544,10,0,1,0,0,0,0,0,0,18446744073709551415,18446744073709551415,427299,13,5890,0,0,1,9,18446744073709544681,18446744073709551030,18446744073709551030,32002,18446744073709551614,0,1,11058898975780255249,0,0,10,10507359088123109030,0,0,1,0
PAWN_AUDIT_RESULT,3101,1,1,-275,0,0,-275,0,0,0,0,0
PAWN_AUDIT_ENTRY,3102,14637221966470450963,8539677205345320683,4560630224556155321,13970031224031537724,3177,18446744073709551378,18446744073709551379,18446744073709551375,10,9,1,18,18446744073709537585,18446744073709549123,10,0,1,0,0,0,0,0,0,18446744073709551415,18446744073709551415,427299,13,5891,0,0,1,9,18446744073709545813,18446744073709551030,18446744073709551030,32002,18446744073709551614,0,1,11058898975780255249,0,0,10,10507359088123109030,0,0,1,0
PAWN_AUDIT_RESULT,3102,1,1,-257,0,0,-257,0,0,0,0,0
PAWN_AUDIT_ENTRY,3103,8539677205345320683,8817522116613607283,4560630224556155321,16826748603914758217,3893,18446744073709551378,18446744073709551379,18446744073709551375,10,9,1,19,18446744073709538706,18446744073709547829,10,0,1,0,0,0,0,0,0,18446744073709551415,18446744073709551415,427299,13,5892,0,0,1,14,18446744073709546323,18446744073709551030,18446744073709551030,32002,18446744073709551614,0,1,11058898975780255249,0,0,10,10507359088123109030,0,1,1,0
PAWN_AUDIT_RESULT,3103,1,1,-295,0,0,-295,0,0,0,0,0
PAWN_AUDIT_ENTRY,3104,8817522116613607283,14073111420065790959,4560630224556155321,594037198236439419,3891,18446744073709551378,18446744073709551379,18446744073709551375,10,9,1,21,18446744073709538352,18446744073709545912,10,0,1,0,0,0,0,0,0,18446744073709551415,18446744073709551415,427299,13,5893,0,0,1,14,18446744073709546162,18446744073709551030,18446744073709551030,32002,18446744073709551614,0,1,11058898975780255249,0,0,10,10507359088123109030,0,1,1,0
PAWN_AUDIT_RESULT,3104,1,1,-288,0,0,-288,0,0,0,0,0
PAWN_AUDIT_ENTRY,3109,10626107014406206427,7071510537821059326,5699568786837722442,15126513515654271878,332,237,238,228,8,7,1,4,18446744073709540968,18446744073709550071,9,0,1,0,0,0,0,0,0,225,240,1568017,13,5901,0,0,0,3,18446744073709547482,18446744073709551030,18446744073709550761,225,1,1,1,11058898975780255249,2,0,9,13262941058334474098,0,3,1,0
PAWN_AUDIT_RESULT,3109,1,1,218,0,0,218,0,0,0,0,0
PAWN_AUDIT_ENTRY,3110,7071510537821059326,5304609581015226355,5699568786837722442,10129595149614852678,1033,237,238,228,8,7,1,5,18446744073709537587,18446744073709550606,9,0,1,0,0,0,0,0,0,225,240,1568017,13,5902,0,0,0,3,18446744073709545814,18446744073709551030,18446744073709551030,225,1,1,1,11058898975780255249,2,0,9,13262941058334474098,0,3,1,0
PAWN_AUDIT_RESULT,3110,1,1,222,0,0,222,0,0,0,0,0
PAWN_AUDIT_ENTRY,3111,5304609581015226355,16402730513310162605,5699568786837722442,12257643403252638590,666,237,238,228,8,7,1,7,18446744073709536272,18446744073709550278,9,0,1,0,0,0,0,0,0,225,240,1568017,13,5903,0,0,0,1,18446744073709545216,18446744073709551030,18446744073709551030,225,1,1,1,11058898975780255249,2,0,9,13262941058334474098,0,0,1,0
PAWN_AUDIT_RESULT,3111,1,1,173,0,0,173,0,0,0,0,0
PAWN_AUDIT_ENTRY,3112,16402730513310162605,9922669120761200491,5699568786837722442,14623711740105598397,75,237,238,228,8,7,1,9,18446744073709542777,18446744073709549948,9,0,1,0,0,0,0,0,0,225,240,1568017,13,5904,0,0,0,2,18446744073709550947,18446744073709548021,18446744073709548416,225,1,1,1,11058898975780255249,2,0,9,13262941058334474098,0,3,1,0
PAWN_AUDIT_RESULT,3112,1,1,222,0,0,222,0,0,0,0,0
PAWN_AUDIT_ENTRY,3113,9922669120761200491,2489736400930015346,5699568786837722442,396597005035653996,454,237,238,228,8,7,1,10,18446744073709538584,18446744073709548952,9,0,1,0,0,0,0,0,0,225,240,1568017,13,5905,0,0,0,4,18446744073709546419,18446744073709551030,18446744073709550718,225,1,1,1,11058898975780255249,2,0,9,13262941058334474098,0,3,1,0
PAWN_AUDIT_RESULT,3113,1,1,202,0,0,202,0,0,0,0,0
PAWN_AUDIT_ENTRY,3114,2489736400930015346,4155349051313607086,5699568786837722442,10633792259913334176,991,237,238,228,8,7,1,11,18446744073709534891,18446744073709550278,9,0,1,0,0,0,0,0,0,225,240,1568017,13,5906,0,0,0,1,18446744073709544588,18446744073709551030,18446744073709551030,225,1,1,1,11058898975780255249,2,0,9,13262941058334474098,0,0,1,0
PAWN_AUDIT_RESULT,3114,1,1,190,0,0,190,0,0,0,0,0
PAWN_AUDIT_ENTRY,3115,4155349051313607086,7961275442087277865,5699568786837722442,11995290061975757228,918,237,238,228,8,7,1,13,18446744073709534622,18446744073709550278,9,0,1,0,0,0,0,0,0,225,240,1568017,13,5907,0,0,0,1,18446744073709544466,18446744073709551030,18446744073709551030,225,1,1,1,11058898975780255249,2,0,9,13262941058334474098,0,0,1,0
PAWN_AUDIT_RESULT,3115,1,1,191,0,0,191,0,0,0,0,0
PAWN_AUDIT_ENTRY,3116,7961275442087277865,10512170312175913125,5699568786837722442,10353867026381190561,1828,237,238,228,8,7,1,15,18446744073709534596,18446744073709550278,9,0,1,0,0,0,0,0,0,225,240,1568017,13,5908,0,0,0,1,18446744073709544454,18446744073709551030,18446744073709551030,225,1,1,1,11058898975780255249,2,0,9,13262941058334474098,0,0,1,0
PAWN_AUDIT_RESULT,3116,1,1,187,0,0,187,0,0,0,0,0
PAWN_AUDIT_ENTRY,3117,10512170312175913125,17442699862692430021,5699568786837722442,4522591547908919473,658,237,238,228,8,7,1,16,18446744073709534979,18446744073709550278,9,0,1,0,0,0,0,0,0,225,240,1568017,13,5909,0,0,0,1,18446744073709544628,18446744073709551030,18446744073709551030,225,1,1,1,11058898975780255249,2,0,9,13262941058334474098,0,0,1,0
PAWN_AUDIT_RESULT,3117,1,1,202,0,0,202,0,0,0,0,0
PAWN_AUDIT_ENTRY,3118,17442699862692430021,18380142096850128456,5699568786837722442,4693613984365820441,1350,237,238,228,8,7,1,17,18446744073709540039,18446744073709547836,9,0,1,0,0,0,0,0,0,225,240,1568017,13,5910,0,0,0,2,18446744073709547074,18446744073709551030,18446744073709550731,225,1,1,1,11058898975780255249,2,0,9,13262941058334474098,0,3,1,0
PAWN_AUDIT_RESULT,3118,1,1,-1,0,0,-1,0,0,0,0,0
PAWN_AUDIT_ENTRY,3119,18380142096850128456,10024626200203544013,5699568786837722442,430819325395284854,1026,237,238,228,8,7,1,18,18446744073709536722,18446744073709548874,9,0,1,0,0,0,0,0,0,225,240,1568017,13,5911,0,0,0,3,18446744073709545421,18446744073709551030,18446744073709551030,225,1,1,1,11058898975780255249,2,0,9,13262941058334474098,0,3,1,0
PAWN_AUDIT_RESULT,3119,1,1,211,0,0,211,0,0,0,0,0
PAWN_AUDIT_ENTRY,3120,10024626200203544013,10773936912213505412,5699568786837722442,6726396033534032219,259,237,238,228,8,7,1,20,18446744073709541669,18446744073709545729,9,0,1,0,0,0,0,0,0,225,240,1568017,13,5912,0,0,0,6,18446744073709547258,18446744073709551506,18446744073709551389,225,1,1,1,11058898975780255249,2,0,9,13262941058334474098,0,3,1,0
PAWN_AUDIT_RESULT,3120,1,1,197,0,0,197,0,0,0,0,0
PAWN_AUDIT_ENTRY,3121,10773936912213505412,11540910164100419469,5699568786837722442,8290674445640409038,1058,237,238,228,8,7,1,21,18446744073709536291,18446744073709548874,9,0,1,0,0,0,0,0,0,225,240,1568017,13,5913,0,0,0,3,18446744073709545225,18446744073709551030,18446744073709551030,225,1,1,1,11058898975780255249,2,0,9,13262941058334474098,0,3,1,0
PAWN_AUDIT_RESULT,3121,1,1,174,0,0,174,0,0,0,0,0
PAWN_AUDIT_ENTRY,3130,1569890711350456661,10906447269734514653,5563758122016290581,15258957445537706457,332,237,238,227,10,9,3,3,18446744073709540839,18446744073709549514,11,0,0,0,0,0,0,0,0,196,196,18446744073709318269,13,5936,0,0,1,3,18446744073709547551,18446744073709551030,18446744073709550498,222,4,1,1,11058898975780255249,0,0,11,18051749467636863127,0,1,1,0
PAWN_AUDIT_RESULT,3130,3,3,216,0,0,216,0,0,0,0,0
PAWN_AUDIT_ENTRY,3131,10906447269734514653,14253189607828251974,5563758122016290581,14474361723505625058,75,237,238,227,10,9,4,4,18446744073709548729,18446744073709551309,11,0,0,0,0,0,0,0,0,196,196,18446744073709318269,13,5937,0,0,1,2,378,18446744073709551030,18446744073709548736,222,4,1,1,11058898975780255249,0,0,11,18051749467636863127,0,1,1,0
PAWN_AUDIT_RESULT,3131,4,4,220,0,0,220,0,3,3,0,0
PAWN_AUDIT_ENTRY,3133,2244776452305452437,10437443268835965774,5563758122016290581,12120728863586959649,666,237,238,227,10,9,1,6,18446744073709535946,18446744073709550278,11,0,0,0,0,0,0,0,0,196,196,18446744073709318269,13,5941,0,0,1,1,18446744073709545068,18446744073709551030,18446744073709551030,222,4,1,1,11058898975780255249,0,0,11,18051749467636863127,0,0,1,0
PAWN_AUDIT_RESULT,3133,1,1,172,0,0,172,0,0,0,0,0
PAWN_AUDIT_ENTRY,3134,10437443268835965774,8004449328710833351,5563758122016290581,17229147220111529235,536,237,238,227,10,9,1,7,18446744073709535748,18446744073709550278,11,0,0,0,0,0,0,0,0,196,196,18446744073709318269,13,5942,0,0,1,1,18446744073709544978,18446744073709551030,18446744073709551030,222,4,1,1,11058898975780255249,0,0,11,18051749467636863127,0,0,1,0
PAWN_AUDIT_RESULT,3134,1,1,206,0,0,206,0,0,0,0,0
PAWN_AUDIT_ENTRY,3135,8004449328710833351,2015811471128220181,5563758122016290581,10501354939375869951,991,237,238,227,10,9,1,8,18446744073709534851,18446744073709550278,11,0,0,0,0,0,0,0,0,196,196,18446744073709318269,13,5943,0,0,1,1,18446744073709544570,18446744073709551030,18446744073709551030,222,4,1,1,11058898975780255249,0,0,11,18051749467636863127,0,0,1,0
PAWN_AUDIT_RESULT,3135,1,1,196,0,0,196,0,0,0,0,0
PAWN_AUDIT_ENTRY,3136,2015811471128220181,4126804218638509322,5563758122016290581,11842580070922372083,918,237,238,227,10,9,1,9,18446744073709534613,18446744073709550278,11,0,0,0,0,0,0,0,0,196,196,18446744073709318269,13,5944,0,0,1,1,18446744073709544462,18446744073709551030,18446744073709551030,222,4,1,1,11058898975780255249,0,0,11,18051749467636863127,0,0,1,0
PAWN_AUDIT_RESULT,3136,1,1,187,0,0,187,0,0,0,0,0
PAWN_AUDIT_ENTRY,3137,4126804218638509322,6235657903014342893,5563758122016290581,10204818250218395646,1828,237,238,227,10,9,1,11,18446744073709534589,18446744073709550278,11,0,0,0,0,0,0,0,0,196,196,18446744073709318269,13,5945,0,0,1,1,18446744073709544451,18446744073709551030,18446744073709551030,222,4,1,1,11058898975780255249,0,0,11,18051749467636863127,0,0,1,0
PAWN_AUDIT_RESULT,3137,1,1,183,0,0,183,0,0,0,0,0
PAWN_AUDIT_ENTRY,3138,6235657903014342893,2055083488581451386,5563758122016290581,4390418204857463534,658,237,238,227,10,9,1,12,18446744073709534952,18446744073709550278,11,0,0,0,0,0,0,0,0,196,196,18446744073709318269,13,5946,0,0,1,1,18446744073709544616,18446744073709551030,18446744073709551030,222,4,1,1,11058898975780255249,0,0,11,18051749467636863127,0,0,1,0
PAWN_AUDIT_RESULT,3138,1,1,194,0,0,194,0,0,0,0,0
PAWN_AUDIT_ENTRY,3139,2055083488581451386,17442650239676406467,5563758122016290581,4831674211456669766,1350,237,238,227,10,9,1,13,18446744073709540358,18446744073709547836,11,0,0,0,0,0,0,0,0,196,196,18446744073709318269,13,5947,0,0,1,2,18446744073709547074,18446744073709551030,18446744073709551030,222,4,1,1,11058898975780255249,0,0,11,18051749467636863127,0,1,1,0
PAWN_AUDIT_RESULT,3139,1,1,159,0,0,159,0,0,0,0,0
PAWN_AUDIT_ENTRY,3140,17442650239676406467,4863085034784915709,5563758122016290581,553487326211615027,454,237,238,227,10,9,1,14,18446744073709538656,18446744073709548609,11,0,0,0,0,0,0,0,0,196,196,18446744073709318269,13,5948,0,0,1,4,18446744073709546300,18446744073709551030,18446744073709551030,222,4,1,1,11058898975780255249,0,0,11,18051749467636863127,0,1,1,0
PAWN_AUDIT_RESULT,3140,1,1,203,0,0,203,0,0,0,0,0
PAWN_AUDIT_ENTRY,3141,4863085034784915709,8932959372725765355,5563758122016290581,16425235813348647232,267,237,238,227,10,9,1,15,18446744073709536371,18446744073709548735,11,0,0,0,0,0,0,0,0,196,196,18446744073709318269,13,5949,0,0,1,6,18446744073709545261,18446744073709551030,18446744073709551030,222,4,1,1,11058898975780255249,0,0,11,18051749467636863127,0,1,1,0
PAWN_AUDIT_RESULT,3141,1,1,215,0,0,215,0,0,0,0,0
PAWN_AUDIT_ENTRY,3142,8932959372725765355,10495575958705375670,5563758122016290581,14108452612134275656,346,237,238,227,10,9,1,16,18446744073709538552,18446744073709546806,11,0,0,0,0,0,0,0,0,196,196,18446744073709318269,13,5950,0,0,1,3,18446744073709546253,18446744073709551030,18446744073709551030,222,4,1,1,11058898975780255249,0,0,11,18051749467636863127,0,1,1,0
PAWN_AUDIT_RESULT,3142,1,1,208,0,0,208,0,0,0,0,0
PAWN_AUDIT_ENTRY,3143,10495575958705375670,17961180223837054692,5563758122016290581,15119056915089046196,983,237,238,227,10,9,1,17,18446744073709534681,18446744073709549655,11,0,0,0,0,0,0,0,0,196,196,18446744073709318269,13,5951,0,0,1,1,18446744073709544816,18446744073709551030,18446744073709550364,222,4,1,1,11058898975780255249,0,0,11,18051749467636863127,0,0,1,0
PAWN_AUDIT_RESULT,3143,1,1,205,0,0,205,0,0,0,0,0
PAWN_AUDIT_ENTRY,3144,17961180223837054692,13642471582732952383,5563758122016290581,12160738142247375979,1375,237,238,227,10,9,1,19,18446744073709538350,18446744073709547766,11,0,0,0,0,0,0,0,0,196,196,18446744073709318269,13,5952,0,0,1,2,18446744073709546161,18446744073709551030,18446744073709551030,222,4,1,1,11058898975780255249,0,0,11,18051749467636863127,0,1,1,0
PAWN_AUDIT_RESULT,3144,1,1,144,0,0,144,0,0,0,0,0
PAWN_AUDIT_ENTRY,3145,13642471582732952383,16515125357219927513,5563758122016290581,6878802683730336516,259,237,238,227,10,9,1,22,18446744073709539603,18446744073709545531,11,0,0,0,0,0,0,0,0,196,196,18446744073709318269,13,5953,0,0,1,6,18446744073709547024,18446744073709551030,18446744073709550426,222,4,1,1,11058898975780255249,0,0,11,18051749467636863127,0,1,1,0
PAWN_AUDIT_RESULT,3145,1,1,190,0,0,190,0,0,0,0,0
PAWN_AUDIT_ENTRY,3146,16515125357219927513,3771589348174010830,5563758122016290581,3888035036250985939,1355,237,238,227,10,9,1,26,18446744073709535530,812,11,0,0,0,0,0,0,0,0,196,196,18446744073709318269,13,5954,0,0,1,2,18446744073709545992,18446744073709551030,18446744073709548736,222,4,1,1,11058898975780255249,0,0,11,18051749467636863127,0,1,1,0
PAWN_AUDIT_RESULT,3146,1,1,176,0,0,176,0,0,0,0,0
PAWN_AUDIT_ENTRY,3151,15769204459727985501,14240442814570095356,16840504816451724785,8481567187473163838,3899,18446744073709551378,18446744073709551379,18446744073709551378,7,6,1,5,18446744073709539359,18446744073709551421,10,0,1,0,0,0,0,0,0,18446744073709551403,18446744073709551403,18446744073707612335,13,5963,0,0,0,14,18446744073709546650,893,18446744073709549444,32002,18446744073709551614,0,1,11058898975780255249,3,0,10,5699568786837722442,0,4,1,0
PAWN_AUDIT_RESULT,3151,1,1,-250,0,0,-250,0,0,0,0,0
PAWN_AUDIT_ENTRY,3152,14240442814570095356,2116632242161566305,16840504816451724785,13011536228310114693,3699,18446744073709551378,18446744073709551379,18446744073709551378,7,6,1,6,18446744073709539722,18446744073709548743,10,0,1,0,0,0,0,0,0,18446744073709551403,18446744073709551403,18446744073707612335,13,5964,0,0,0,10,18446744073709546785,18446744073709551030,18446744073709551030,32002,18446744073709551614,0,1,11058898975780255249,3,0,10,5699568786837722442,0,4,1,0
PAWN_AUDIT_RESULT,3152,1,1,-244,0,0,-244,0,0,0,0,0
PAWN_AUDIT_ENTRY,3153,2116632242161566305,18016571042904188765,16840504816451724785,9120935788551283563,4094,18446744073709551378,18446744073709551379,18446744073709551378,7,6,1,7,18446744073709540995,18446744073709547946,10,0,1,0,0,0,0,0,0,18446744073709551403,18446744073709551403,18446744073707612335,13,5965,0,0,0,12,18446744073709547687,18446744073709551030,18446744073709550364,32002,18446744073709551614,0,1,11058898975780255249,3,0,10,5699568786837722442,0,4,1,0
PAWN_AUDIT_RESULT,3153,1,1,-278,0,0,-278,0,0,0,0,0
PAWN_AUDIT_ENTRY,3154,18016571042904188765,14180694653300652090,16840504816451724785,115667773227391713,3104,18446744073709551378,18446744073709551379,18446744073709551378,7,6,1,8,18446744073709535161,18446744073709549825,10,0,1,0,0,0,0,0,0,18446744073709551403,18446744073709551403,18446744073707612335,13,5966,0,0,0,9,18446744073709544711,18446744073709551030,18446744073709551030,32002,18446744073709551614,0,1,11058898975780255249,3,0,10,5699568786837722442,0,0,1,0
PAWN_AUDIT_RESULT,3154,1,1,-241,0,0,-241,0,0,0,0,0
PAWN_AUDIT_ENTRY,3155,14180694653300652090,4685377527664155103,16840504816451724785,9117979552027773118,3038,18446744073709551378,18446744073709551379,18446744073709551378,7,6,1,9,18446744073709541182,18446744073709547605,10,0,1,0,0,0,0,0,0,18446744073709551403,18446744073709551403,18446744073707612335,13,5967,0,0,0,10,18446744073709547894,18446744073709551030,18446744073709550113,32002,18446744073709551614,0,1,11058898975780255249,3,0,10,5699568786837722442,0,4,1,0
PAWN_AUDIT_RESULT,3155,1,1,-272,0,0,-272,0,0,0,0,0
PAWN_AUDIT_ENTRY,3156,4685377527664155103,760162137600467982,16840504816451724785,15221034199310482749,3169,18446744073709551378,18446744073709551379,18446744073709551378,7,6,1,10,18446744073709534864,18446744073709549893,10,0,1,0,0,0,0,0,0,18446744073709551403,18446744073709551403,18446744073707612335,13,5968,0,0,0,9,18446744073709544576,18446744073709551030,18446744073709551030,32002,18446744073709551614,0,1,11058898975780255249,3,0,10,5699568786837722442,0,0,1,0
PAWN_AUDIT_RESULT,3156,1,1,-248,0,0,-248,0,0,0,0,0
PAWN_AUDIT_ENTRY,3157,760162137600467982,12056940398073449457,16840504816451724785,12287837541734267726,3494,18446744073709551378,18446744073709551379,18446744073709551378,7,6,1,12,18446744073709535102,18446744073709549718,10,0,1,0,0,0,0,0,0,18446744073709551403,18446744073709551403,18446744073707612335,13,5969,0,0,0,9,18446744073709544684,18446744073709551030,18446744073709551030,32002,18446744073709551614,0,1,11058898975780255249,3,0,10,5699568786837722442,0,0,1,0
PAWN_AUDIT_RESULT,3157,1,1,-298,0,0,-298,0,0,0,0,0
PAWN_AUDIT_ENTRY,3158,12056940398073449457,14115957593784006502,16840504816451724785,3051993092352318750,3502,18446744073709551378,18446744073709551379,18446744073709551378,7,6,1,13,18446744073709536423,18446744073709549472,10,0,1,0,0,0,0,0,0,18446744073709551403,18446744073709551403,18446744073707612335,13,5970,0,0,0,9,18446744073709545285,18446744073709551030,18446744073709551030,32002,18446744073709551614,0,1,11058898975780255249,3,0,10,5699568786837722442,0,0,1,0
PAWN_AUDIT_RESULT,3158,1,1,-276,0,0,-276,0,0,0,0,0
PAWN_AUDIT_ENTRY,3159,14115957593784006502,7613335485871634385,16840504816451724785,14871406076208778757,3763,18446744073709551378,18446744073709551379,18446744073709551378,7,6,1,14,18446744073709540633,18446744073709547922,10,0,1,0,0,0,0,0,0,18446744073709551403,18446744073709551403,18446744073707612335,13,5971,0,0,0,11,18446744073709547199,18446744073709551030,18446744073709551030,32002,18446744073709551614,0,1,11058898975780255249,3,0,10,5699568786837722442,0,4,1,0
PAWN_AUDIT_RESULT,3159,1,1,-263,0,0,-263,0,0,0,0,0
PAWN_AUDIT_ENTRY,3160,7613335485871634385,9221660452008011095,16840504816451724785,18239709621077367526,2917,18446744073709551378,18446744073709551379,18446744073709551378,7,6,1,15,18446744073709536791,18446744073709549416,10,0,1,0,0,0,0,0,0,18446744073709551403,18446744073709551403,18446744073707612335,13,5972,0,0,0,9,18446744073709545452,18446744073709551030,18446744073709551030,32002,18446744073709551614,0,1,11058898975780255249,3,0,10,5699568786837722442,0,0,1,0
PAWN_AUDIT_RESULT,3160,1,1,-322,0,0,-322,0,0,0,0,0
PAWN_AUDIT_ENTRY,3161,9221660452008011095,137206324444385939,16840504816451724785,2207604830870556617,3070,18446744073709551378,18446744073709551379,18446744073709551378,7,6,1,18,18446744073709541310,18446744073709546522,10,0,1,0,0,0,0,0,0,18446744073709551403,18446744073709551403,18446744073707612335,13,5973,0,0,0,10,18446744073709547867,18446744073709551030,18446744073709550288,32002,18446744073709551614,0,1,11058898975780255249,3,0,10,5699568786837722442,0,4,1,0
PAWN_AUDIT_RESULT,3161,1,1,-343,0,0,-343,0,0,0,0,0
PAWN_AUDIT_ENTRY,3162,137206324444385939,8173383692954489507,16840504816451724785,13437690525663624285,3112,18446744073709551378,18446744073709551379,18446744073709551378,7,6,1,19,18446744073709535025,18446744073709549544,10,0,1,0,0,0,0,0,0,18446744073709551403,18446744073709551403,18446744073707612335,13,5974,0,0,0,9,18446744073709544649,18446744073709551030,18446744073709551030,32002,18446744073709551614,0,1,11058898975780255249,3,0,10,5699568786837722442,0,0,1,0
PAWN_AUDIT_RESULT,3162,1,1,-271,0,0,-271,0,0,0,0,0
PAWN_AUDIT_ENTRY,3163,8173383692954489507,17436059069367195283,16840504816451724785,1666443465674436212,3177,18446744073709551378,18446744073709551379,18446744073709551378,7,6,1,20,18446744073709537442,18446744073709549123,10,0,1,0,0,0,0,0,0,18446744073709551403,18446744073709551403,18446744073707612335,13,5975,0,0,0,9,18446744073709545747,18446744073709551030,18446744073709551032,32002,18446744073709551614,0,1,11058898975780255249,3,0,10,5699568786837722442,0,0,1,0
PAWN_AUDIT_RESULT,3163,1,1,-241,0,0,-241,0,0,0,0,0
PAWN_AUDIT_ENTRY,3164,17436059069367195283,12595507018253942469,16840504816451724785,16390937869453318096,3929,18446744073709551378,18446744073709551379,18446744073709551378,7,6,1,23,18446744073709537654,18446744073709548018,10,0,1,0,0,0,0,0,1,18446744073709551403,18446744073709551403,18446744073707612335,13,5976,0,0,0,11,18446744073709546175,18446744073709550630,18446744073709550761,32002,18446744073709551614,0,1,11058898975780255249,3,0,10,5699568786837722442,0,4,1,0
PAWN_AUDIT_RESULT,3164,1,1,-1104,0,0,-1104,0,1,1,0,0
PAWN_AUDIT_ENTRY,3165,12595507018253942469,8028832394647524045,16840504816451724785,4574388752032197633,3893,18446744073709551378,18446744073709551379,18446744073709551378,7,6,1,24,18446744073709537884,18446744073709546927,10,0,1,0,0,0,0,0,0,18446744073709551403,18446744073709551403,18446744073707612335,13,5978,0,0,0,14,18446744073709545949,18446744073709551030,18446744073709551030,32002,18446744073709551614,0,1,11058898975780255249,3,0,10,5699568786837722442,0,4,1,0
PAWN_AUDIT_RESULT,3165,1,1,-308,0,0,-308,0,0,0,0,0
PAWN_AUDIT_ENTRY,3170,16063418146149404217,4758819056717066207,7994046010981645114,17505887518055086325,3899,18446744073709551378,18446744073709551379,18446744073709551374,8,7,1,4,18446744073709539417,18446744073709550711,12,0,1,0,0,0,0,0,0,18446744073709551362,18446744073709551405,18446744073702444062,13,5990,0,0,1,14,18446744073709546646,18446744073709551030,18446744073709551030,18446744073709551362,3,1,1,11058898975780255249,0,0,12,13865369473762509861,0,1,1,0
PAWN_AUDIT_RESULT,3170,1,1,-254,0,0,-254,0,1,1,0,0
PAWN_AUDIT_ENTRY,3171,4758819056717066207,9265136448562821164,7994046010981645114,6956503277541620956,4093,18446744073709551378,18446744073709551379,18446744073709551374,8,7,1,5,18446744073709544523,18446744073709548342,12,0,1,0,0,0,0,0,0,18446744073709551362,18446744073709551405,18446744073702444062,13,5992,0,0,1,12,18446744073709548968,18446744073709551030,18446744073709551030,18446744073709551362,3,1,1,11058898975780255249,0,0,12,13865369473762509861,0,1,1,0
PAWN_AUDIT_RESULT,3171,1,1,-256,0,0,-256,0,0,0,0,0
PAWN_AUDIT_ENTRY,3172,9265136448562821164,11193760579134961517,7994046010981645114,3735648870753943374,3699,18446744073709551378,18446744073709551379,18446744073709551374,8,7,1,6,18446744073709540408,18446744073709549041,12,0,1,0,0,0,0,0,0,18446744073709551362,18446744073709551405,18446744073702444062,13,5993,0,0,1,10,18446744073709547097,18446744073709551030,18446744073709551030,18446744073709551362,3,1,1,11058898975780255249,0,0,12,13865369473762509861,0,1,1,0
PAWN_AUDIT_RESULT,3172,1,1,-269,0,0,-269,0,1,1,0,0
PAWN_AUDIT_ENTRY,3173,11193760579134961517,11943594785341376777,7994046010981645114,9718518011241006122,3104,18446744073709551378,18446744073709551379,18446744073709551374,8,7,1,7,18446744073709536393,18446744073709549825,12,0,1,0,0,0,0,0,0,18446744073709551362,18446744073709551405,18446744073702444062,13,5995,0,0,1,9,18446744073709545271,18446744073709551030,18446744073709551030,18446744073709551362,3,1,1,11058898975780255249,0,0,12,13865369473762509861,0,0,1,0
PAWN_AUDIT_RESULT,3173,1,1,-322,0,0,-322,0,1,1,0,0
PAWN_AUDIT_ENTRY,3174,11943594785341376777,14941260988247250562,7994046010981645114,10404887549396381887,3177,18446744073709551378,18446744073709551379,18446744073709551374,8,7,1,8,18446744073709538493,18446744073709549123,12,0,1,0,0,0,0,0,0,18446744073709551362,18446744073709551405,18446744073702444062,13,5997,0,0,1,9,18446744073709546226,18446744073709551030,18446744073709551030,18446744073709551362,3,1,1,11058898975780255249,0,0,12,13865369473762509861,0,0,1,0
PAWN_AUDIT_RESULT,3174,1,1,-281,0,0,-281,0,1,1,0,0
PAWN_AUDIT_ENTRY,3175,14941260988247250562,9959270122786213660,7994046010981645114,6088315206559425526,3169,18446744073709551378,18446744073709551379,18446744073709551374,8,7,1,9,18446744073709535102,18446744073709549893,12,0,1,0,0,0,0,0,0,18446744073709551362,18446744073709551405,18446744073702444062,13,5999,0,0,1,9,18446744073709544684,18446744073709551030,18446744073709551030,18446744073709551362,3,1,1,11058898975780255249,0,0,12,13865369473762509861,0,0,1,0
PAWN_AUDIT_RESULT,3175,1,1,-254,0,0,-254,0,0,0,0,0
PAWN_AUDIT_ENTRY,3176,9959270122786213660,9990199514474796880,7994046010981645114,12474733567306843093,3502,18446744073709551378,18446744073709551379,18446744073709551374,8,7,1,10,18446744073709536212,18446744073709549472,12,0,1,0,0,0,0,0,0,18446744073709551362,18446744073709551405,18446744073702444062,13,6000,0,0,1,9,18446744073709545189,18446744073709551030,18446744073709551030,18446744073709551362,3,1,1,11058898975780255249,0,0,12,13865369473762509861,0,0,1,0
PAWN_AUDIT_RESULT,3176,1,1,-270,0,0,-270,0,0,0,0,0
PAWN_AUDIT_ENTRY,3177,9990199514474796880,12222340658040787986,7994046010981645114,8819601520853713965,2917,18446744073709551378,18446744073709551379,18446744073709551374,8,7,1,11,18446744073709536346,18446744073709549416,12,0,1,0,0,0,0,0,0,18446744073709551362,18446744073709551405,18446744073702444062,13,6001,0,0,1,9,18446744073709545250,18446744073709551030,18446744073709551030,18446744073709551362,3,1,1,11058898975780255249,0,0,12,13865369473762509861,0,0,1,0
PAWN_AUDIT_RESULT,3177,1,1,-304,0,0,-304,0,0,0,0,0
PAWN_AUDIT_ENTRY,3178,12222340658040787986,1133951333886675053,7994046010981645114,5270384267253174478,3763,18446744073709551378,18446744073709551379,18446744073709551374,8,7,1,12,18446744073709540296,18446744073709547665,12,0,1,0,0,0,0,0,0,18446744073709551362,18446744073709551405,18446744073702444062,13,6002,0,0,1,11,18446744073709547046,18446744073709551030,18446744073709551030,18446744073709551362,3,1,1,11058898975780255249,0,0,12,13865369473762509861,0,1,1,0
PAWN_AUDIT_RESULT,3178,1,1,-247,0,0,-247,0,0,0,0,0
PAWN_AUDIT_ENTRY,3179,1133951333886675053,10587994062527077317,7994046010981645114,18001416986463272352,4094,18446744073709551378,18446744073709551379,18446744073709551374,8,7,1,13,18446744073709540850,18446744073709547386,12,0,1,0,0,0,0,0,0,18446744073709551362,18446744073709551405,18446744073702444062,13,6003,0,0,1,12,18446744073709547298,18446744073709551030,18446744073709551030,18446744073709551362,3,1,1,11058898975780255249,0,0,12,13865369473762509861,0,1,1,0
PAWN_AUDIT_RESULT,3179,1,1,-288,0,0,-288,0,0,0,0,0
PAWN_AUDIT_ENTRY,3180,10587994062527077317,2712691081355066565,7994046010981645114,3297436170709624197,3494,18446744073709551378,18446744073709551379,18446744073709551374,8,7,1,14,18446744073709534992,18446744073709549718,12,0,1,0,0,0,0,0,0,18446744073709551362,18446744073709551405,18446744073702444062,13,6004,0,0,1,9,18446744073709544634,18446744073709551030,18446744073709551030,18446744073709551362,3,1,1,11058898975780255249,0,0,12,13865369473762509861,0,0,1,0
PAWN_AUDIT_RESULT,3180,1,1,-307,0,0,-307,0,0,0,0,0
PAWN_AUDIT_ENTRY,3181,2712691081355066565,6688219316979813305,7994046010981645114,17999869073601091189,3038,18446744073709551378,18446744073709551379,18446744073709551374,8,7,1,16,18446744073709541449,18446744073709547200,12,0,1,0,0,0,0,0,0,18446744073709551362,18446744073709551405,18446744073702444062,13,6005,0,0,1,10,18446744073709547570,18446744073709551030,18446744073709551030,18446744073709551362,3,1,1,11058898975780255249,0,0,12,13865369473762509861,0,1,1,0
PAWN_AUDIT_RESULT,3181,1,1,-270,0,0,-270,0,0,0,0,0
PAWN_AUDIT_ENTRY,3182,6688219316979813305,15504932757836210178,7994046010981645114,4411759412686070422,3112,18446744073709551378,18446744073709551379,18446744073709551374,8,7,1,17,18446744073709534981,18446744073709549544,12,0,1,0,0,0,0,0,0,18446744073709551362,18446744073709551405,18446744073702444062,13,6006,0,0,1,9,18446744073709544629,18446744073709551030,18446744073709551030,18446744073709551362,3,1,1,11058898975780255249,0,0,12,13865369473762509861,0,0,1,0
PAWN_AUDIT_RESULT,3182,1,1,-258,0,0,-258,0,0,0,0,0
PAWN_AUDIT_ENTRY,3183,15504932757836210178,2656290785096270282,7994046010981645114,11657673477440320190,3901,18446744073709551378,18446744073709551379,18446744073709551374,8,7,1,19,18446744073709540615,18446744073709546651,12,0,1,0,0,0,0,0,0,18446744073709551362,18446744073709551405,18446744073702444062,13,6007,0,0,1,14,18446744073709547190,18446744073709551030,18446744073709551032,18446744073709551362,3,1,1,11058898975780255249,0,0,12,13865369473762509861,0,1,1,0
PAWN_AUDIT_RESULT,3183,1,1,-280,0,0,-280,0,0,0,0,0
PAWN_AUDIT_ENTRY,3184,2656290785096270282,17653690898616910,7994046010981645114,11089849633882870018,3070,18446744073709551378,18446744073709551379,18446744073709551374,8,7,1,20,18446744073709540609,18446744073709545887,12,0,1,0,0,0,0,0,0,18446744073709551362,18446744073709551405,18446744073702444062,13,6008,0,0,1,10,18446744073709547188,18446744073709551030,18446744073709551030,18446744073709551362,3,1,1,11058898975780255249,0,0,12,13865369473762509861,0,1,1,0
PAWN_AUDIT_RESULT,3184,1,1,-312,0,0,-312,0,0,0,0,0
PAWN_AUDIT_ENTRY,3208,15009907934046201593,1027356012162573707,5775410343165245349,251903263431607951,82,237,238,234,8,7,2,4,18446744073709550235,18446744073709551018,11,0,0,0,0,0,0,0,0,234,255,37981,13,6051,0,0,0,2,1376,18446744073709551030,18446744073709548090,234,4,1,1,11058898975780255249,4,0,11,16840504816451724785,0,5,1,0
PAWN_AUDIT_RESULT,3208,2,2,219,0,0,219,0,0,0,0,0
PAWN_AUDIT_ENTRY,3209,1027356012162573707,13775555928275218510,5775410343165245349,6541125340299993762,453,237,238,234,8,7,1,5,18446744073709545840,18446744073709549077,11,0,0,0,0,0,0,0,0,234,255,37981,13,6052,0,0,0,4,18446744073709549567,18446744073709551030,18446744073709551030,234,4,1,1,11058898975780255249,4,0,11,16840504816451724785,0,5,1,0
PAWN_AUDIT_RESULT,3209,1,1,227,0,0,227,0,0,0,0,0
PAWN_AUDIT_ENTRY,3210,13775555928275218510,7835384418872509851,5775410343165245349,17765560755160794910,1221,237,238,234,8,7,1,6,18446744073709542799,18446744073709550278,11,0,0,0,0,0,0,0,0,234,255,37981,13,6053,0,0,0,3,18446744073709548184,18446744073709551030,18446744073709551030,234,4,1,1,11058898975780255249,4,0,11,16840504816451724785,0,5,1,0
PAWN_AUDIT_RESULT,3210,1,1,1,0,0,1,0,0,0,0,0
PAWN_AUDIT_ENTRY,3211,7835384418872509851,15552084413973209470,5775410343165245349,14450388461630954014,1228,237,238,234,8,7,1,7,18446744073709540567,18446744073709550200,11,0,0,0,0,0,0,0,0,234,255,37981,13,6054,0,0,0,3,18446744073709547169,18446744073709551030,18446744073709551030,234,4,1,1,11058898975780255249,4,0,11,16840504816451724785,0,5,1,0
PAWN_AUDIT_RESULT,3211,1,1,205,0,0,205,0,0,0,0,0
PAWN_AUDIT_ENTRY,3212,15552084413973209470,18054339901155168761,5775410343165245349,10641165445974378665,1033,237,238,234,8,7,1,8,18446744073709538242,18446744073709550606,11,0,0,0,0,0,0,0,0,234,255,37981,13,6055,0,0,0,3,18446744073709546112,18446744073709551030,18446744073709551030,234,4,1,1,11058898975780255249,4,0,11,16840504816451724785,0,5,1,0
PAWN_AUDIT_RESULT,3212,1,1,226,0,0,226,0,0,0,0,0
PAWN_AUDIT_ENTRY,3213,18054339901155168761,5135514859335701293,5775410343165245349,15601570457966027151,1242,237,238,234,8,7,1,9,18446744073709541719,18446744073709547239,11,0,0,0,0,0,0,0,0,234,255,37981,13,6056,0,0,0,3,18446744073709547693,18446744073709551030,18446744073709551030,234,4,1,1,11058898975780255249,4,0,11,16840504816451724785,0,5,1,0
PAWN_AUDIT_RESULT,3213,1,1,192,0,0,192,0,0,0,0,0
PAWN_AUDIT_ENTRY,3214,5135514859335701293,5888007578421024282,5775410343165245349,18366305321966182896,267,237,238,234,8,7,1,11,18446744073709538148,18446744073709549420,11,0,0,0,0,0,0,0,0,234,255,37981,13,6057,0,0,0,6,18446744073709546069,18446744073709551030,18446744073709551030,234,4,1,1,11058898975780255249,4,0,11,16840504816451724785,0,5,1,0
PAWN_AUDIT_RESULT,3214,1,1,220,0,0,220,0,0,0,0,0
PAWN_AUDIT_ENTRY,3215,5888007578421024282,13764509769289834606,5775410343165245349,13052957008539304337,666,237,238,234,8,7,1,13,18446744073709535770,18446744073709550278,11,0,0,0,0,0,0,0,0,234,255,37981,13,6058,0,0,0,1,18446744073709544988,18446744073709551030,18446744073709551030,234,4,1,1,11058898975780255249,4,0,11,16840504816451724785,0,0,1,0
PAWN_AUDIT_RESULT,3215,1,1,188,0,0,188,0,0,0,0,0
PAWN_AUDIT_ENTRY,3216,13764509769289834606,1751408591165567790,5775410343165245349,1927101219525142915,454,237,238,234,8,7,1,14,18446744073709538948,18446744073709548733,11,0,0,0,0,0,0,0,0,234,255,37981,13,6059,0,0,0,4,18446744073709546433,18446744073709551030,18446744073709551030,234,4,1,1,11058898975780255249,4,0,11,16840504816451724785,0,5,1,0
PAWN_AUDIT_RESULT,3216,1,1,212,0,0,212,0,0,0,0,0
PAWN_AUDIT_ENTRY,3217,1751408591165567790,3445987653150675645,5775410343165245349,10136581585412579151,991,237,238,234,8,7,1,15,18446744073709534844,18446744073709550278,11,0,0,0,0,0,0,0,0,234,255,37981,13,6060,0,0,0,1,18446744073709544567,18446744073709551030,18446744073709551030,234,4,1,1,11058898975780255249,4,0,11,16840504816451724785,0,0,1,0
PAWN_AUDIT_RESULT,3217,1,1,206,0,0,206,0,0,0,0,0
PAWN_AUDIT_ENTRY,3218,3445987653150675645,10066991821302423251,5775410343165245349,13351301832680424259,918,237,238,234,8,7,1,16,18446744073709534609,18446744073709550278,11,0,0,0,0,0,0,0,0,234,255,37981,13,6061,0,0,0,1,18446744073709544460,18446744073709551030,18446744073709551030,234,4,1,1,11058898975780255249,4,0,11,16840504816451724785,0,0,1,0
PAWN_AUDIT_RESULT,3218,1,1,200,0,0,200,0,0,0,0,0
PAWN_AUDIT_ENTRY,3219,10066991821302423251,13814433884567372383,5775410343165245349,10416506747667765070,1828,237,238,234,8,7,1,18,18446744073709534585,18446744073709550278,11,0,0,0,0,0,0,0,0,234,255,37981,13,6062,0,0,0,1,18446744073709544449,18446744073709551030,18446744073709551030,234,4,1,1,11058898975780255249,4,0,11,16840504816451724785,0,0,1,0
PAWN_AUDIT_RESULT,3219,1,1,224,0,0,224,0,0,0,0,0
PAWN_AUDIT_ENTRY,3220,13814433884567372383,15761661675741269140,5775410343165245349,2449385951775781470,658,237,238,234,8,7,1,19,18446744073709534939,18446744073709550278,11,0,0,0,0,0,0,0,0,234,255,37981,13,6063,0,0,0,1,18446744073709544610,18446744073709551030,18446744073709551030,234,4,1,1,11058898975780255249,4,0,11,16840504816451724785,0,0,1,0
PAWN_AUDIT_RESULT,3220,1,1,217,0,0,217,0,0,0,0,0
PAWN_AUDIT_ENTRY,3221,15761661675741269140,7134742923447633344,5775410343165245349,14754284667415378436,983,237,238,234,8,7,1,20,18446744073709535909,18446744073709549655,11,0,0,0,0,0,0,0,0,234,255,37981,13,6064,0,0,0,1,18446744073709545051,18446744073709551030,18446744073709551030,234,4,1,1,11058898975780255249,4,0,11,16840504816451724785,0,0,1,0
PAWN_AUDIT_RESULT,3221,1,1,223,0,0,223,0,0,0,0,0
PAWN_AUDIT_ENTRY,3222,7134742923447633344,2492951465728138396,5775410343165245349,2946764654506005859,1355,237,238,234,8,7,1,29,18446744073709536025,18446744073709551613,11,0,0,0,0,0,0,0,0,234,255,37981,13,6065,0,0,0,2,18446744073709545822,18446744073709551030,18446744073709549550,234,4,1,1,11058898975780255249,4,0,11,16840504816451724785,0,5,1,0
PAWN_AUDIT_RESULT,3222,1,1,193,0,0,193,0,0,0,0,0
PAWN_AUDIT_ENTRY,3223,2492951465728138396,10145252365854266808,5699568786837722442,2035765743290459232,82,237,238,234,12,11,5,3,18446744073709549311,18446744073709551018,9,0,0,0,0,0,0,0,0,228,233,554872,13,6066,0,0,0,2,1298,18446744073709548499,18446744073709549993,228,8,1,1,11058898975780255249,2,0,9,13262941058334474098,0,3,1,0
PAWN_AUDIT_RESULT,3223,5,5,187,0,0,187,0,0,0,0,0
PAWN_AUDIT_ENTRY,3224,10145252365854266808,1285360681022945258,5699568786837722442,14623711740105598397,75,237,238,234,12,11,5,4,18446744073709548877,18446744073709550560,9,0,0,0,0,0,0,0,0,228,233,554872,13,6067,0,0,0,2,2105,18446744073709548021,18446744073709548416,228,8,1,1,11058898975780255249,2,0,9,13262941058334474098,0,3,1,0
PAWN_AUDIT_RESULT,3224,5,5,-1724,0,0,-1724,0,1,1,0,0
PAWN_AUDIT_ENTRY,3225,1285360681022945258,16715731543006699485,5699568786837722442,15126513515654271878,332,237,238,234,12,11,4,5,18446744073709542710,18446744073709549705,9,0,0,0,0,0,0,0,0,228,233,554872,13,6069,0,0,0,3,18446744073709548274,18446744073709551030,18446744073709550761,228,8,1,1,11058898975780255249,2,0,9,13262941058334474098,0,3,1,0
PAWN_AUDIT_RESULT,3225,4,4,223,0,0,223,0,2,2,0,0
PAWN_AUDIT_ENTRY,3226,16715731543006699485,7909029386493702829,5699568786837722442,10129595149614852678,1033,237,238,234,12,11,3,6,18446744073709538711,18446744073709550766,9,0,0,0,0,0,0,0,0,228,233,554872,13,6072,0,0,0,3,18446744073709546325,18446744073709551030,18446744073709551030,228,8,1,1,11058898975780255249,2,0,9,13262941058334474098,0,3,1,0
PAWN_AUDIT_RESULT,3226,3,3,225,0,0,225,0,0,0,0,0
PAWN_AUDIT_ENTRY,3227,7909029386493702829,15355642690456744997,5699568786837722442,16275085356310709023,267,237,238,234,12,11,2,8,18446744073709538123,18446744073709549381,9,0,0,0,0,0,0,0,0,228,233,554872,13,6073,0,0,0,6,18446744073709546058,18446744073709551030,18446744073709551030,228,8,1,1,11058898975780255249,2,0,9,13262941058334474098,0,3,1,0
PAWN_AUDIT_RESULT,3227,2,2,216,0,0,216,0,0,0,0,0
PAWN_AUDIT_ENTRY,3228,15355642690456744997,16666520381113196505,5699568786837722442,12257643403252638590,666,237,238,234,12,11,2,10,18446744073709535590,18446744073709550278,9,0,0,0,0,0,0,0,0,228,233,554872,13,6074,0,0,0,1,18446744073709544906,18446744073709551030,18446744073709551030,228,8,1,1,11058898975780255249,2,0,9,13262941058334474098,0,0,1,0
PAWN_AUDIT_RESULT,3228,2,2,174,0,0,174,0,0,0,0,0
PAWN_AUDIT_ENTRY,3229,16666520381113196505,14854537969792217799,5699568786837722442,10633792259913334176,991,237,238,234,12,11,2,11,18446744073709534822,18446744073709550278,9,0,0,0,0,0,0,0,0,228,233,554872,13,6075,0,0,0,1,18446744073709544557,18446744073709551030,18446744073709551030,228,8,1,1,11058898975780255249,2,0,9,13262941058334474098,0,0,1,0
PAWN_AUDIT_RESULT,3229,2,2,191,0,0,191,0,0,0,0,0
PAWN_AUDIT_ENTRY,3230,14854537969792217799,17781475118748224509,5699568786837722442,396597005035653996,454,237,238,234,12,11,2,13,18446744073709538426,18446744073709548497,9,0,0,0,0,0,0,0,0,228,233,554872,13,6076,0,0,0,4,18446744073709546347,18446744073709551030,18446744073709550718,228,8,1,1,11058898975780255249,2,0,9,13262941058334474098,0,3,1,0
PAWN_AUDIT_RESULT,3230,2,2,206,0,0,206,0,0,0,0,0
PAWN_AUDIT_ENTRY,3231,17781475118748224509,7398755121721963175,5699568786837722442,13971808659615148055,346,237,238,234,12,11,2,14,18446744073709539439,18446744073709546736,9,0,0,0,0,0,0,0,0,228,233,554872,13,6077,0,0,0,3,18446744073709546656,18446744073709551030,18446744073709551030,228,8,1,1,11058898975780255249,2,0,9,13262941058334474098,0,3,1,0
PAWN_AUDIT_RESULT,3231,2,2,204,0,0,204,0,0,0,0,0
PAWN_AUDIT_ENTRY,3232,7398755121721963175,1202525214688167772,5699568786837722442,11995290061975757228,918,237,238,234,12,11,1,15,18446744073709534602,18446744073709550278,9,0,0,0,0,0,0,0,0,228,233,554872,13,6078,0,0,0,1,18446744073709544457,18446744073709551030,18446744073709551030,228,8,1,1,11058898975780255249,2,0,9,13262941058334474098,0,0,1,0
PAWN_AUDIT_RESULT,3232,1,1,192,0,0,192,0,0,0,0,0
PAWN_AUDIT_ENTRY,3233,1202525214688167772,7139722568988370086,5699568786837722442,10353867026381190561,1828,237,238,234,12,11,1,17,18446744073709534970,18446744073709550278,9,0,0,0,0,0,0,0,0,228,233,554872,13,6079,0,0,0,1,18446744073709544624,18446744073709551030,18446744073709551030,228,8,1,1,11058898975780255249,2,0,9,13262941058334474098,0,0,1,0
PAWN_AUDIT_RESULT,3233,1,1,188,0,0,188,0,0,0,0,0
PAWN_AUDIT_ENTRY,3234,7139722568988370086,18333927376649033009,5699568786837722442,4522591547908919473,658,237,238,234,12,11,1,18,18446744073709534930,18446744073709550278,9,0,0,0,0,0,0,0,0,228,233,554872,13,6080,0,0,0,1,18446744073709544606,18446744073709551030,18446744073709551030,228,8,1,1,11058898975780255249,2,0,9,13262941058334474098,0,0,1,0
PAWN_AUDIT_RESULT,3234,1,1,203,0,0,203,0,0,0,0,0
PAWN_AUDIT_ENTRY,3235,18333927376649033009,2145764590009331559,5699568786837722442,15275982600811829483,983,237,238,234,12,11,1,20,18446744073709536094,18446744073709549655,9,0,0,0,0,0,0,0,0,228,233,554872,13,6081,0,0,0,1,18446744073709545135,18446744073709551030,18446744073709551030,228,8,1,1,11058898975780255249,2,0,9,13262941058334474098,0,0,1,0
PAWN_AUDIT_RESULT,3235,1,1,208,0,0,208,0,0,0,0,0
PAWN_AUDIT_ENTRY,3236,2145764590009331559,10748935277052350077,5699568786837722442,430819325395284854,1026,237,238,234,12,11,1,21,18446744073709536668,18446744073709548735,9,0,0,0,0,0,0,0,0,228,233,554872,13,6082,0,0,0,3,18446744073709545396,18446744073709551030,18446744073709551030,228,8,1,1,11058898975780255249,2,0,9,13262941058334474098,0,3,1,0
PAWN_AUDIT_RESULT,3236,1,1,214,0,0,214,0,0,0,0,0
PAWN_AUDIT_ENTRY,3237,10748935277052350077,14270745738486673813,5699568786837722442,4574861389992279794,269,237,238,234,12,11,1,22,18446744073709534737,18446744073709549086,9,0,0,0,0,0,0,0,0,228,233,554872,13,6083,0,0,0,6,18446744073709544518,18446744073709551030,18446744073709551030,228,8,1,1,11058898975780255249,2,0,9,13262941058334474098,0,3,1,0
PAWN_AUDIT_RESULT,3237,1,1,202,0,0,202,0,0,0,0,0
PAWN_AUDIT_ENTRY,3238,14270745738486673813,4569146617672936328,5699568786837722442,15957493778370635875,1113,237,238,234,12,11,1,23,18446744073709534558,18446744073709549718,9,0,0,0,0,0,0,0,0,228,233,554872,13,6084,0,0,0,1,18446744073709544437,18446744073709551030,18446744073709551030,228,8,1,1,11058898975780255249,2,0,9,13262941058334474098,0,0,1,0
PAWN_AUDIT_RESULT,3238,1,1,143,0,0,143,0,0,0,0,0
PAWN_AUDIT_ENTRY,3239,4569146617672936328,15313243250039729654,5699568786837722442,6726396033534032219,259,237,238,234,12,11,2,24,18446744073709540891,18446744073709545430,9,0,0,0,0,0,0,0,0,228,233,554872,13,6085,0,0,0,6,18446744073709546904,18446744073709551506,18446744073709551389,228,8,1,1,11058898975780255249,2,0,9,13262941058334474098,0,3,1,0
PAWN_AUDIT_RESULT,3239,2,2,201,0,0,201,0,0,0,0,0
PAWN_AUDIT_ENTRY,3240,15313243250039729654,355321121055249671,5699568786837722442,4693613984365820441,1350,237,238,234,12,11,2,25,18446744073709538996,18446744073709547016,9,0,0,0,0,0,0,0,0,228,233,554872,13,6086,0,0,0,2,18446744073709546600,18446744073709551030,18446744073709550731,228,8,1,1,11058898975780255249,2,0,9,13262941058334474098,0,3,1,0
PAWN_AUDIT_RESULT,3240,2,2,-1,0,0,-1,0,0,0,0,0
PAWN_AUDIT_ENTRY,3241,355321121055249671,2153086841676128122,5699568786837722442,8290674445640409038,1058,237,238,234,12,11,1,26,18446744073709535975,18446744073709547853,9,0,0,0,0,0,0,0,0,228,233,554872,13,6087,0,0,0,3,18446744073709545081,18446744073709551030,18446744073709551030,228,8,1,1,11058898975780255249,2,0,9,13262941058334474098,0,3,1,0
PAWN_AUDIT_RESULT,3241,1,1,178,0,0,178,0,0,0,0,0
PAWN_AUDIT_ENTRY,3242,2153086841676128122,12114196283240992596,5699568786837722442,12316502743838012980,1375,237,238,234,12,11,1,27,18446744073709537299,18446744073709546877,9,0,0,0,0,0,0,0,0,228,233,554872,13,6088,0,0,0,2,18446744073709545819,18446744073709551030,18446744073709550750,228,8,1,1,11058898975780255249,2,0,9,13262941058334474098,0,3,1,0
PAWN_AUDIT_RESULT,3242,1,1,153,0,0,153,0,0,0,0,0
PAWN_AUDIT_ENTRY,3243,12114196283240992596,8407910687473089467,5699568786837722442,4024964973999896460,1355,237,238,234,12,11,1,28,18446744073709531125,18446744073709550560,9,0,0,0,0,0,0,0,0,228,233,554872,13,6089,0,0,0,2,18446744073709545649,18446744073709548021,18446744073709548416,228,8,1,1,11058898975780255249,2,0,9,13262941058334474098,0,3,1,0
PAWN_AUDIT_RESULT,3243,1,1,180,0,0,180,0,0,0,0,0
PAWN_AUDIT_ENTRY,3246,15568263553737731151,12883703848651011101,10942887192441552465,10580608178271374941,2852,18446744073709551378,18446744073709551379,18446744073709551378,9,8,1,3,18446744073709547147,18446744073709549370,10,0,1,0,0,0,0,0,0,18446744073709551425,18446744073709551425,18446744073704970473,13,6096,0,0,1,9,18446744073709550161,18446744073709551030,18446744073709551030,32002,18446744073709551614,0,1,11058898975780255249,0,0,10,4127495737594265934,0,0,1,0
PAWN_AUDIT_ENTRY,3255,12173641530608078751,6558666024779488715,17463214083501969829,10625049085930306715,3756,18446744073709551378,18446744073709551379,18446744073709551378,6,5,1,4,18446744073709544890,18446744073709550278,12,0,1,0,0,0,0,2916,0,18446744073709551402,18446744073709551326,18446744073708296512,13,6116,0,0,1,11,18446744073709549135,18446744073709551030,18446744073709551030,18446744073709551402,0,2,1,18229488571198052837,0,0,12,10580608178271374941,0,1,1,0
PAWN_AUDIT_RESULT,3255,1,1,-271,0,0,-271,0,0,0,0,0
PAWN_AUDIT_ENTRY,3256,6558666024779488715,13685759166223760132,17463214083501969829,11984873238419512642,3742,18446744073709551378,18446744073709551379,18446744073709551378,6,5,1,5,18446744073709544714,18446744073709550278,12,0,1,0,0,0,0,2916,0,18446744073709551402,18446744073709551326,18446744073708296512,13,6117,0,0,1,11,18446744073709549055,18446744073709551030,18446744073709551030,18446744073709551402,0,2,1,18229488571198052837,0,0,12,10580608178271374941,0,1,1,0
PAWN_AUDIT_RESULT,3256,1,1,-317,0,0,-317,0,0,0,0,0
PAWN_AUDIT_ENTRY,3257,13685759166223760132,10629209277302417145,17463214083501969829,7829491414841860432,3559,18446744073709551378,18446744073709551379,18446744073709551378,6,5,1,6,18446744073709543045,18446744073709550278,12,0,1,0,0,0,0,2916,0,18446744073709551402,18446744073709551326,18446744073708296512,13,6118,0,0,1,9,18446744073709548296,18446744073709551030,18446744073709551030,18446744073709551402,0,2,1,18229488571198052837,0,0,12,10580608178271374941,0,0,1,0
PAWN_AUDIT_RESULT,3257,1,1,-340,0,0,-340,0,0,0,0,0
PAWN_AUDIT_ENTRY,3258,10629209277302417145,9412192938853494637,17463214083501969829,12645810930545530321,3699,18446744073709551378,18446744073709551379,18446744073709551378,6,5,1,7,18446744073709543441,18446744073709550278,12,0,1,0,0,0,0,2916,0,18446744073709551402,18446744073709551326,18446744073708296512,13,6119,0,0,1,10,18446744073709548476,18446744073709551030,18446744073709551030,18446744073709551402,0,2,1,18229488571198052837,0,0,12,10580608178271374941,0,1,1,0
PAWN_AUDIT_RESULT,3258,1,1,-243,0,0,-243,0,4,4,0,0
PAWN_AUDIT_RESULT,3246,1,1,-228,1,8,-238,0,10,27,0,0
PAWN_AUDIT_ENTRY,3259,9412192938853494637,6955951875041532473,10942887192441552465,854866308616437150,3899,18446744073709551378,18446744073709551379,18446744073709551378,9,8,1,4,18446744073709540888,18446744073709550711,10,0,1,0,0,0,0,0,0,18446744073709551425,18446744073709551425,18446744073704970473,13,6124,0,0,1,14,18446744073709547315,18446744073709551030,18446744073709551030,32002,18446744073709551614,0,1,11058898975780255249,0,0,10,4127495737594265934,0,1,1,0
PAWN_AUDIT_RESULT,3259,1,1,-238,0,0,-238,0,0,0,0,0
PAWN_AUDIT_ENTRY,3260,6955951875041532473,6745958787925537197,10942887192441552465,658314680212852388,3559,18446744073709551378,18446744073709551379,18446744073709551378,9,8,1,5,18446744073709541365,18446744073709549597,10,0,1,0,0,0,0,0,0,18446744073709551425,18446744073709551425,18446744073704970473,13,6125,0,0,1,9,18446744073709547532,18446744073709551030,18446744073709551030,32002,18446744073709551614,0,1,11058898975780255249,0,0,10,4127495737594265934,0,0,1,0
PAWN_AUDIT_RESULT,3260,1,1,-264,0,0,-264,0,0,0,0,0
PAWN_AUDIT_ENTRY,3261,6745958787925537197,8596683551490092182,10942887192441552465,14626512128781498917,3699,18446744073709551378,18446744073709551379,18446744073709551378,9,8,1,6,18446744073709548411,18446744073709550356,10,0,1,0,0,0,0,0,0,18446744073709551425,18446744073709551425,18446744073704970473,13,6126,0,0,1,10,18446744073709550736,18446744073709551030,18446744073709551030,32002,18446744073709551614,0,1,11058898975780255249,0,0,10,4127495737594265934,0,1,1,0
PAWN_AUDIT_RESULT,3261,1,1,-239,0,0,-239,0,0,0,0,0
PAWN_AUDIT_ENTRY,3262,8596683551490092182,3538554882220200191,10942887192441552465,9219821927405158721,3104,18446744073709551378,18446744073709551379,18446744073709551378,9,8,1,7,18446744073709538260,18446744073709549825,10,0,1,0,0,0,0,0,0,18446744073709551425,18446744073709551425,18446744073704970473,13,6127,0,0,1,9,18446744073709546120,18446744073709551030,18446744073709551030,32002,18446744073709551614,0,1,11058898975780255249,0,0,10,4127495737594265934,0,0,1,0
PAWN_AUDIT_RESULT,3262,1,1,-242,0,0,-242,0,0,0,0,0
PAWN_AUDIT_ENTRY,3263,3538554882220200191,16667078574858373210,10942887192441552465,7586851830856021460,3177,18446744073709551378,18446744073709551379,18446744073709551378,9,8,1,8,18446744073709540525,18446744073709549123,10,0,1,0,0,0,0,0,0,18446744073709551425,18446744073709551425,18446744073704970473,13,6128,0,0,1,9,18446744073709547150,18446744073709551030,18446744073709551030,32002,18446744073709551614,0,1,11058898975780255249,0,0,10,4127495737594265934,0,0,1,0
PAWN_AUDIT_RESULT,3263,1,1,-242,0,0,-242,0,0,0,0,0
PAWN_AUDIT_ENTRY,3264,16667078574858373210,17880446681710843468,10942887192441552465,6331925388378518324,4020,18446744073709551378,18446744073709551379,18446744073709551378,9,8,1,9,18446744073709539021,18446744073709549020,10,0,1,0,0,0,0,0,0,18446744073709551425,18446744073709551425,18446744073704970473,13,6129,0,0,1,10,18446744073709546466,18446744073709551030,18446744073709551030,32002,18446744073709551614,0,1,11058898975780255249,0,0,10,4127495737594265934,0,1,1,0
PAWN_AUDIT_RESULT,3264,1,1,-269,0,0,-269,0,2,2,0,0
PAWN_AUDIT_ENTRY,3265,17880446681710843468,7410638825916565876,10942887192441552465,12489174450962654877,3169,18446744073709551378,18446744073709551379,18446744073709551378,9,8,1,10,18446744073709535091,18446744073709549893,10,0,1,0,0,0,0,0,0,18446744073709551425,18446744073709551425,18446744073704970473,13,6132,0,0,1,9,18446744073709544679,18446744073709551030,18446744073709551030,32002,18446744073709551614,0,1,11058898975780255249,0,0,10,4127495737594265934,0,0,1,0
PAWN_AUDIT_RESULT,3265,1,1,-240,0,0,-240,0,0,0,0,0
PAWN_AUDIT_ENTRY,3266,7410638825916565876,6721208442409312702,10942887192441552465,16520876227441032224,3567,18446744073709551378,18446744073709551379,18446744073709551378,9,8,1,11,18446744073709534851,18446744073709549897,10,0,1,0,0,0,0,0,0,18446744073709551425,18446744073709551425,18446744073704970473,13,6133,0,0,1,9,18446744073709544570,18446744073709551030,18446744073709551030,32002,18446744073709551614,0,1,11058898975780255249,0,0,10,4127495737594265934,0,0,1,0
PAWN_AUDIT_RESULT,3266,1,1,-274,0,0,-274,0,0,0,0,0
PAWN_AUDIT_ENTRY,3267,6721208442409312702,3740403700802619562,10942887192441552465,12684481823732454821,3763,18446744073709551378,18446744073709551379,18446744073709551378,9,8,1,12,18446744073709540492,18446744073709547665,10,0,1,0,0,0,0,0,0,18446744073709551425,18446744073709551425,18446744073704970473,13,6134,0,0,1,11,18446744073709547135,18446744073709551030,18446744073709551030,32002,18446744073709551614,0,1,11058898975780255249,0,0,10,4127495737594265934,0,1,1,0
PAWN_AUDIT_RESULT,3267,1,1,-255,0,0,-255,0,0,0,0,0
PAWN_AUDIT_ENTRY,3268,3740403700802619562,2821042208759219028,10942887192441552465,6067289363331499710,3502,18446744073709551378,18446744073709551379,18446744073709551378,9,8,1,13,18446744073709536061,18446744073709549472,10,0,1,0,0,0,0,0,0,18446744073709551425,18446744073709551425,18446744073704970473,13,6135,0,0,1,9,18446744073709545120,18446744073709551030,18446744073709551030,32002,18446744073709551614,0,1,11058898975780255249,0,0,10,4127495737594265934,0,0,1,0
PAWN_AUDIT_RESULT,3268,1,1,-270,0,0,-270,0,0,0,0,0
PAWN_AUDIT_ENTRY,3269,2821042208759219028,14879606577884183307,10942887192441552465,9460368781322551622,2917,18446744073709551378,18446744073709551379,18446744073709551378,9,8,1,14,18446744073709535990,18446744073709549416,10,0,1,0,0,0,0,0,0,18446744073709551425,18446744073709551425,18446744073704970473,13,6136,0,0,1,9,18446744073709545088,18446744073709551030,18446744073709551030,32002,18446744073709551614,0,1,11058898975780255249,0,0,10,4127495737594265934,0,0,1,0
PAWN_AUDIT_RESULT,3269,1,1,-280,0,0,-280,0,0,0,0,0
PAWN_AUDIT_ENTRY,3270,14879606577884183307,13572351180940406800,10942887192441552465,15343384772227227886,3494,18446744073709551378,18446744073709551379,18446744073709551378,9,8,1,15,18446744073709534904,18446744073709549718,10,0,1,0,0,0,0,0,0,18446744073709551425,18446744073709551425,18446744073704970473,13,6137,0,0,1,9,18446744073709544594,18446744073709551030,18446744073709551030,32002,18446744073709551614,0,1,11058898975780255249,0,0,10,4127495737594265934,0,0,1,0
PAWN_AUDIT_RESULT,3270,1,1,-304,0,0,-304,0,0,0,0,0
PAWN_AUDIT_ENTRY,3271,13572351180940406800,6785918468803208180,10942887192441552465,14129419711522646013,3112,18446744073709551378,18446744073709551379,18446744073709551378,9,8,1,16,18446744073709534963,18446744073709549544,10,0,1,0,0,0,0,0,0,18446744073709551425,18446744073709551425,18446744073704970473,13,6138,0,0,1,9,18446744073709544621,18446744073709551030,18446744073709551030,32002,18446744073709551614,0,1,11058898975780255249,0,0,10,4127495737594265934,0,0,1,0
PAWN_AUDIT_RESULT,3271,1,1,-258,0,0,-258,0,0,0,0,0
PAWN_AUDIT_ENTRY,3272,6785918468803208180,6773690799410192539,10942887192441552465,6405279552842807253,3901,18446744073709551378,18446744073709551379,18446744073709551378,9,8,1,18,18446744073709539797,18446744073709546651,10,0,1,0,0,0,0,0,0,18446744073709551425,18446744073709551425,18446744073704970473,13,6139,0,0,1,14,18446744073709546818,18446744073709551030,18446744073709551032,32002,18446744073709551614,0,1,11058898975780255249,0,0,10,4127495737594265934,0,1,1,0
PAWN_AUDIT_RESULT,3272,1,1,-279,0,0,-279,0,0,0,0,0
PAWN_AUDIT_ENTRY,3275,8737863414609330002,1220550664729108823,16685418220411144866,4693613984365820441,1221,237,238,234,7,6,1,3,18446744073709542799,18446744073709550278,9,0,1,0,0,0,0,0,0,190,190,1311681,13,6148,0,0,0,3,18446744073709548184,18446744073709551030,18446744073709551030,32002,18446744073709551613,0,0,11058898975780255249,2,0,9,1195989879973617818,0,3,1,0
PAWN_AUDIT_RESULT,3275,1,1,1,0,0,1,0,0,0,0,0
PAWN_AUDIT_ENTRY,3276,1220550664729108823,2243941017263689767,16685418220411144866,7090830424829999701,75,237,238,234,7,6,1,4,18446744073709550670,18446744073709549472,9,0,1,0,0,0,0,0,0,190,190,1311681,13,6149,0,0,0,2,2370,18446744073709548021,18446744073709549550,32002,18446744073709551613,0,0,11058898975780255249,2,0,9,1195989879973617818,0,3,1,0
PAWN_AUDIT_RESULT,3276,1,1,212,0,0,212,0,0,0,0,0
PAWN_AUDIT_ENTRY,3277,2243941017263689767,16389024328711328834,16685418220411144866,2595729200340153774,1033,237,238,234,7,6,1,5,18446744073709540054,18446744073709550766,9,0,1,0,0,0,0,0,0,190,190,1311681,13,6150,0,0,0,3,18446744073709546936,18446744073709551030,18446744073709551030,32002,18446744073709551613,0,0,11058898975780255249,2,0,9,1195989879973617818,0,3,1,0
PAWN_AUDIT_RESULT,3277,1,1,208,0,0,208,0,0,0,0,0
PAWN_AUDIT_ENTRY,3278,16389024328711328834,9835732999540821860,16685418220411144866,13030623198466456456,82,237,238,235,7,6,1,10,18446744073709545081,18446744073709551018,9,0,1,0,0,0,0,0,0,190,190,1311681,13,6151,0,0,0,2,298,18446744073709548499,18446744073709548090,32002,18446744073709551613,0,0,11058898975780255249,2,0,9,1195989879973617818,0,3,1,0
PAWN_AUDIT_RESULT,3278,1,1,182,0,0,182,0,0,0,0,0
PAWN_AUDIT_ENTRY,3279,9835732999540821860,8194863731023597552,16685418220411144866,16840504816451724785,405,237,238,236,10,9,5,2,18446744073709550144,7386,9,0,0,0,0,0,0,0,0,190,190,1311681,13,6154,0,0,0,2,5718,18446744073709541357,18446744073709549024,235,7,1,1,11058898975780255249,2,0,9,1195989879973617818,0,3,1,0
PAWN_AUDIT_RESULT,3279,5,5,234,0,0,234,0,0,0,0,0
PAWN_AUDIT_ENTRY,3280,8194863731023597552,3544965672379236238,16685418220411144866,7090830424829999701,75,237,238,236,10,9,4,3,18446744073709551288,18446744073709550095,9,0,0,0,0,0,0,0,0,190,190,1311681,13,6155,0,0,0,2,2651,18446744073709548021,18446744073709549550,235,7,1,1,11058898975780255249,2,0,9,1195989879973617818,0,3,1,0
PAWN_AUDIT_RESULT,3280,4,4,-1605,0,0,-1605,0,1,1,0,0
PAWN_AUDIT_ENTRY,3281,3544965672379236238,7053894813561346793,16685418220411144866,2595729200340153774,1033,237,238,236,10,9,3,4,18446744073709541172,18446744073709551167,9,0,0,0,0,0,0,0,0,190,190,1311681,13,6157,0,0,0,3,18446744073709547444,18446744073709551030,18446744073709551030,235,7,1,1,11058898975780255249,2,0,9,1195989879973617818,0,3,1,0
PAWN_AUDIT_RESULT,3281,3,3,208,0,0,208,0,0,0,0,0
PAWN_AUDIT_ENTRY,3282,7053894813561346793,3818976838863122673,16685418220411144866,4693613984365820441,1221,237,238,236,10,9,3,5,18446744073709542799,18446744073709550278,9,0,0,0,0,0,0,0,0,190,190,1311681,13,6158,0,0,0,3,18446744073709548184,18446744073709551030,18446744073709551030,235,7,1,1,11058898975780255249,2,0,9,1195989879973617818,0,3,1,0
PAWN_AUDIT_RESULT,3282,3,3,-1,0,0,-1,0,0,0,0,0
PAWN_AUDIT_ENTRY,3283,3818976838863122673,3549345960695048675,16685418220411144866,9161154878175602457,1228,237,238,236,10,9,2,6,18446744073709540142,18446744073709549705,9,0,0,0,0,0,0,0,0,190,190,1311681,13,6159,0,0,0,3,18446744073709546976,18446744073709551030,18446744073709551030,235,7,1,1,11058898975780255249,2,0,9,1195989879973617818,0,3,1,0
PAWN_AUDIT_RESULT,3283,2,2,185,0,0,185,0,0,0,0,0
PAWN_AUDIT_ENTRY,3284,3549345960695048675,6513167510785847524,16685418220411144866,5281274365621427447,267,237,238,236,10,9,2,8,18446744073709538422,18446744073709549496,9,0,0,0,0,0,0,0,0,190,190,1311681,13,6160,0,0,0,6,18446744073709546194,18446744073709551030,18446744073709551030,235,7,1,1,11058898975780255249,2,0,9,1195989879973617818,0,3,1,0
PAWN_AUDIT_RESULT,3284,2,2,197,0,0,197,0,0,0,0,0
PAWN_AUDIT_ENTRY,3285,6513167510785847524,8027239900050428952,16685418220411144866,183954143302040726,666,237,238,236,10,9,1,10,18446744073709535410,18446744073709550278,9,0,0,0,0,0,0,0,0,190,190,1311681,13,6161,0,0,0,1,18446744073709544824,18446744073709551030,18446744073709551030,235,7,1,1,11058898975780255249,2,0,9,1195989879973617818,0,0,1,0
PAWN_AUDIT_RESULT,3285,1,1,153,0,0,153,0,0,0,0,0
PAWN_AUDIT_ENTRY,3286,8027239900050428952,12942519076301394396,16685418220411144866,2887273184755663203,407,237,238,236,10,9,1,11,18446744073709539205,18446744073709548347,9,0,0,0,0,0,0,0,0,190,190,1311681,13,6162,0,0,0,2,18446744073709546550,18446744073709551030,18446744073709551030,235,7,1,1,11058898975780255249,2,0,9,1195989879973617818,0,3,1,0
PAWN_AUDIT_RESULT,3286,1,1,184,0,0,184,0,0,0,0,0
PAWN_AUDIT_ENTRY,3287,12942519076301394396,14387576447866298420,16685418220411144866,2821012442986228297,1828,237,238,236,10,9,1,12,18446744073709534921,18446744073709550278,9,0,0,0,0,0,0,0,0,190,190,1311681,13,6163,0,0,0,1,18446744073709544602,18446744073709551030,18446744073709551030,235,7,1,1,11058898975780255249,2,0,9,1195989879973617818,0,0,1,0
PAWN_AUDIT_RESULT,3287,1,1,169,0,0,169,0,0,0,0,0
PAWN_AUDIT_ENTRY,3288,14387576447866298420,10963754394710664744,16685418220411144866,13030623198466456456,82,237,238,236,10,9,2,22,18446744073709543898,18446744073709550451,9,0,0,0,0,0,0,0,0,190,190,1311681,13,6164,0,0,0,2,18446744073709551376,18446744073709548499,18446744073709548090,235,7,1,1,11058898975780255249,2,0,9,1195989879973617818,0,3,1,0
PAWN_AUDIT_RESULT,3288,2,2,182,0,0,182,0,0,0,0,0
PAWN_AUDIT_ENTRY,3289,10963754394710664744,969936169179506955,16685418220411144866,8335785975256552436,396,237,238,236,10,9,1,26,18446744073709543139,18446744073709548006,9,0,0,0,0,0,0,0,0,190,190,1311681,13,6165,0,0,0,2,18446744073709548482,18446744073709550743,18446744073709551030,235,7,1,1,11058898975780255249,2,0,9,1195989879973617818,0,3,1,0
PAWN_AUDIT_RESULT,3289,1,1,207,0,0,207,0,0,0,0,0
PAWN_AUDIT_ENTRY,3296,15705387390892489041,5333716853099008159,80670620711728953,3313694657612895235,807,237,238,228,7,6,3,3,18446744073709547219,18446744073709548874,9,0,0,0,0,0,0,0,1,18446744073709551097,18446744073709551097,1547192,13,6180,0,0,1,3,18446744073709550194,18446744073709551030,18446744073709551030,216,2,1,1,11058898975780255249,0,0,9,2936439815423514349,0,1,1,0
PAWN_AUDIT_RESULT,3296,3,3,207,0,0,207,0,2,2,0,0
PAWN_AUDIT_ENTRY,3306,13673437840732321788,8397312487933020298,2595729200340153774,8728784568379961818,3699,18446744073709551378,18446744073709551379,18446744073709551377,6,5,1,5,18446744073709549779,18446744073709551111,10,0,1,0,0,0,0,0,0,18446744073709551452,18446744073709551452,18446744073705293353,13,6203,0,0,0,10,18446744073709551358,18446744073709551030,18446744073709551030,32002,18446744073709551614,0,1,11058898975780255249,3,0,10,9414902077322413333,0,4,1,0
PAWN_AUDIT_RESULT,3306,1,1,-229,1,5,-238,0,4,44,0,0
PAWN_AUDIT_ENTRY,3328,9129994501678275593,13087489867227686944,2595729200340153774,3371176548189947791,3929,18446744073709551378,18446744073709551379,18446744073709551378,6,5,1,6,18446744073709537654,18446744073709547748,10,0,1,0,0,0,0,0,1,18446744073709551452,18446744073709551452,18446744073705293353,13,6248,0,0,0,11,18446744073709546175,18446744073709550630,18446744073709550761,32002,18446744073709551614,0,1,11058898975780255249,3,0,10,9414902077322413333,0,4,1,0
PAWN_AUDIT_RESULT,3328,1,1,-238,0,0,-238,0,4,4,0,0
PAWN_AUDIT_ENTRY,3329,13087489867227686944,7918498670536938792,2595729200340153774,13259732518037124705,3899,18446744073709551378,18446744073709551379,18446744073709551378,6,5,1,8,18446744073709542532,18446744073709551199,10,0,1,0,0,0,0,0,0,18446744073709551452,18446744073709551452,18446744073705293353,13,6253,0,0,0,14,18446744073709548093,893,18446744073709549444,32002,18446744073709551614,0,1,11058898975780255249,3,0,10,9414902077322413333,0,4,1,0
PAWN_AUDIT_RESULT,3329,1,1,-239,0,0,-239,0,1,1,0,0
PAWN_AUDIT_ENTRY,3330,7918498670536938792,8080203209781616202,2595729200340153774,14711697755887356606,3104,18446744073709551378,18446744073709551379,18446744073709551378,6,5,1,9,18446744073709538302,18446744073709549825,10,0,1,0,0,0,0,0,0,18446744073709551452,18446744073709551452,18446744073705293353,13,6255,0,0,0,9,18446744073709546139,18446744073709551030,18446744073709551030,32002,18446744073709551614,0,1,11058898975780255249,3,0,10,9414902077322413333,0,0,1,0
PAWN_AUDIT_RESULT,3330,1,1,-218,1,5,-232,0,1,17,1,1
PAWN_AUDIT_ENTRY,3340,6336058791076587233,10138243436698545864,9414902077322413333,12336570835690489833,578,237,238,233,8,7,2,3,18446744073709547087,18446744073709548735,9,0,0,0,0,0,0,0,0,165,165,1171505,13,6285,0,0,0,3,18446744073709550134,18446744073709551030,18446744073709551030,222,2,1,1,11058898975780255249,2,0,9,8484766910180110125,0,3,1,0
PAWN_AUDIT_RESULT,3340,2,2,171,0,0,171,0,0,0,0,0
PAWN_AUDIT_ENTRY,3341,10138243436698545864,13044909406863408631,9414902077322413333,522769721125909986,75,237,238,233,8,7,2,4,18446744073709551153,2178,9,0,0,0,0,0,0,0,0,165,165,1171505,13,6286,0,0,0,2,1749,18446744073709548179,18446744073709551119,222,2,1,1,11058898975780255249,2,0,9,8484766910180110125,0,3,1,0
PAWN_AUDIT_RESULT,3341,2,2,233,0,0,233,0,9,9,0,0
PAWN_AUDIT_ENTRY,3345,1728443999506163643,16435972122014865619,9414902077322413333,4483479645329232166,594,237,238,233,8,7,1,5,18446744073709547422,18446744073709547963,9,0,0,0,0,0,0,0,0,165,165,1171505,13,6296,0,0,0,3,18446744073709550286,18446744073709551030,18446744073709551030,222,2,1,1,11058898975780255249,2,0,9,8484766910180110125,0,3,1,0
PAWN_AUDIT_RESULT,3345,1,1,176,0,0,176,0,0,0,0,0
PAWN_AUDIT_ENTRY,3346,16435972122014865619,14891025680418130920,9414902077322413333,4693613984365820441,592,237,238,233,8,7,1,6,18446744073709548066,18446744073709549202,9,0,0,0,0,0,0,0,0,165,165,1171505,13,6297,0,0,0,3,18446744073709550579,18446744073709551030,18446744073709551030,222,2,1,1,11058898975780255249,2,0,9,8484766910180110125,0,3,1,0
PAWN_AUDIT_RESULT,3346,1,1,1,0,0,1,0,0,0,0,0
PAWN_AUDIT_ENTRY,3347,14891025680418130920,12528666740021106480,9414902077322413333,2043710597019321305,332,237,238,233,8,7,1,7,18446744073709543725,18446744073709549316,9,0,0,0,0,0,0,0,0,165,165,1171505,13,6298,0,0,0,3,18446744073709548605,18446744073709551030,18446744073709551030,222,2,1,1,11058898975780255249,2,0,9,8484766910180110125,0,3,1,0
PAWN_AUDIT_RESULT,3347,1,1,215,0,0,215,0,0,0,0,0
PAWN_AUDIT_ENTRY,3397,15132225584328622092,15471927796899058028,3889646151349018509,11662887945113290459,396,237,238,194,9,8,4,4,18446744073709544776,18446744073709551351,11,0,0,0,0,0,0,0,0,18446744073709551615,18446744073709551615,18446744073708953381,13,6443,0,0,1,2,18446744073709549083,18446744073709551030,18446744073709551030,172,4,1,1,13343491483384136489,0,0,11,5884169672045724751,0,1,1,0
PAWN_AUDIT_RESULT,3397,4,4,146,0,0,146,0,0,0,0,0
PAWN_AUDIT_ENTRY,3399,14688770061644151185,13894797887239522099,3889646151349018509,12325799031945402689,332,237,238,194,9,8,3,6,18446744073709546126,18446744073709548120,11,0,0,0,0,0,0,0,0,18446744073709551615,18446744073709551615,18446744073708953381,13,6445,0,0,1,3,18446744073709549697,18446744073709551030,18446744073709551030,172,4,1,1,13343491483384136489,0,0,11,5884169672045724751,0,1,1,0
PAWN_AUDIT_RESULT,3399,3,3,137,0,0,137,0,0,0,0,0
PAWN_AUDIT_ENTRY,3410,13631055901731304860,5231817375612065693,8490610433307389161,16281813848404882879,396,237,238,169,7,6,2,5,18446744073709546181,18446744073709551090,13,0,0,0,0,0,0,0,0,18446744073709551597,18446744073709551597,18446744073708438478,13,6464,0,0,1,2,18446744073709549722,18446744073709551030,18446744073709551030,18446744073709551603,0,1,1,17943435391626604621,0,0,13,1262904008548628267,0,1,1,0
PAWN_AUDIT_RESULT,3410,2,2,145,0,0,145,0,0,0,0,0
PAWN_AUDIT_ENTRY,3411,5231817375612065693,14475823716768828048,8490610433307389161,16942666382643374629,332,237,238,169,7,6,2,6,18446744073709546375,18446744073709550278,13,0,0,0,0,0,0,0,0,18446744073709551597,18446744073709551597,18446744073708438478,13,6465,0,0,1,3,18446744073709549810,18446744073709551030,18446744073709551030,18446744073709551603,0,1,1,17943435391626604621,0,0,13,1262904008548628267,0,1,1,0
PAWN_AUDIT_RESULT,3411,2,2,143,0,0,143,0,0,0,0,0
PAWN_AUDIT_ENTRY,3433,3424976769890553421,16351004701285265280,2832900679086335572,12929929580395970306,396,237,238,234,6,5,1,4,18446744073709547435,18446744073709550271,13,0,0,0,0,0,0,0,0,192,192,18446744073709380616,13,6496,0,0,1,2,18446744073709550292,18446744073709551030,18446744073709551030,192,0,1,1,17943435391626604621,0,0,13,3901019288090465523,0,1,1,0
PAWN_AUDIT_RESULT,3433,1,1,199,0,0,199,0,0,0,0,0
PAWN_AUDIT_ENTRY,3434,16351004701285265280,8722315295292475288,2832900679086335572,13377019462537797784,332,237,238,234,6,5,1,5,18446744073709547499,18446744073709550930,13,0,0,0,0,0,0,0,0,192,192,18446744073709380616,13,6497,0,0,1,3,18446744073709550321,18446744073709551030,18446744073709551030,192,0,1,1,17943435391626604621,0,0,13,3901019288090465523,0,1,1,0
PAWN_AUDIT_RESULT,3434,1,1,200,0,0,200,0,0,0,0,0
PAWN_AUDIT_ENTRY,3435,8722315295292475288,2505948743060368294,2832900679086335572,2984622908041890055,405,237,238,234,6,5,1,6,18446744073709546840,18446744073709549439,13,0,0,0,0,0,0,0,0,192,192,18446744073709380616,13,6498,0,0,1,2,18446744073709551100,18446744073709551030,18446744073709548808,192,0,1,1,17943435391626604621,0,0,13,3901019288090465523,0,1,1,0
PAWN_AUDIT_RESULT,3435,1,1,178,0,0,178,0,0,0,0,0
PAWN_AUDIT_ENTRY,3436,2505948743060368294,5646905305879322458,2832900679086335572,6920852237581252781,3,237,238,234,6,5,1,7,18446744073709543861,18446744073709550278,13,0,0,0,0,0,0,0,0,192,192,18446744073709380616,13,6499,0,0,1,4,18446744073709548667,18446744073709551030,18446744073709551030,192,0,1,1,17943435391626604621,0,0,13,3901019288090465523,0,1,1,0
PAWN_AUDIT_RESULT,3436,1,1,178,0,0,178,0,0,0,0,0
PAWN_AUDIT_ENTRY,3438,13044689202887160643,8605606163844875187,7312620847199757785,17391652375198137487,396,237,238,237,9,8,4,3,18446744073709547435,1223,11,0,0,0,0,0,0,0,0,245,245,18446744073706046533,13,6502,0,0,1,2,18446744073709550292,18446744073709551030,18446744073709551030,248,2,1,1,9897406105434025940,0,0,11,13099764278449653920,0,1,1,0
PAWN_AUDIT_RESULT,3438,4,4,207,0,0,207,0,4,4,0,0
PAWN_AUDIT_ENTRY,3444,7127941590190447900,16283877621150193560,7312620847199757785,8591671796268042696,259,237,238,237,9,8,1,5,18446744073709538999,900,11,0,0,0,0,0,0,0,0,245,245,18446744073706046533,13,6512,0,0,1,6,18446744073709546456,18446744073709551030,18446744073709551030,248,2,1,1,9897406105434025940,0,0,11,13099764278449653920,0,1,1,0
PAWN_AUDIT_RESULT,3444,1,1,228,0,0,228,0,0,0,0,0
PAWN_AUDIT_ENTRY,3446,3310825913726028796,8445625546398623522,7312620847199757785,18126814302745600789,332,237,238,237,9,8,2,7,18446744073709547582,18446744073709548865,11,0,0,0,0,0,0,0,0,245,245,18446744073706046533,13,6514,0,0,1,3,18446744073709550359,18446744073709551030,18446744073709551030,248,2,1,1,9897406105434025940,0,0,11,13099764278449653920,0,1,1,0
PAWN_AUDIT_RESULT,3446,2,2,208,0,0,208,0,0,0,0,0
PAWN_AUDIT_ENTRY,3447,8445625546398623522,4631882632146388471,7312620847199757785,14681732107821593484,267,237,238,237,9,8,1,8,18446744073709538126,18446744073709551382,11,0,0,0,0,0,0,0,0,245,245,18446744073706046533,13,6515,0,0,1,6,18446744073709546059,18446744073709551030,18446744073709551030,248,2,1,1,9897406105434025940,0,0,11,13099764278449653920,0,1,1,0
PAWN_AUDIT_RESULT,3447,1,1,235,0,0,235,0,1,1,0,0
PAWN_AUDIT_ENTRY,3448,4631882632146388471,16066087055479854048,7312620847199757785,7728277542742182538,405,237,238,237,9,8,2,9,18446744073709547864,18446744073709550224,11,0,0,0,0,0,0,0,0,245,245,18446744073706046533,13,6517,0,0,1,2,18446744073709550487,18446744073709551030,18446744073709551030,248,2,1,1,9897406105434025940,0,0,11,13099764278449653920,0,1,1,0
PAWN_AUDIT_RESULT,3448,2,2,204,0,0,204,0,0,0,0,0
PAWN_AUDIT_ENTRY,3449,16066087055479854048,7311639485882413616,7312620847199757785,12314109355447660056,407,237,238,237,9,8,1,10,18446744073709538766,18446744073709549940,11,0,0,0,0,0,0,0,0,245,245,18446744073706046533,13,6518,0,0,1,2,18446744073709546350,18446744073709551030,18446744073709551030,248,2,1,1,9897406105434025940,0,0,11,13099764278449653920,0,1,1,0
PAWN_AUDIT_RESULT,3449,1,1,195,0,0,195,0,0,0,0,0
PAWN_AUDIT_ENTRY,3450,7311639485882413616,1455115932866512212,7312620847199757785,14364212864542345183,536,237,238,237,9,8,1,11,18446744073709536445,18446744073709550278,11,0,0,0,0,0,0,0,0,245,245,18446744073706046533,13,6519,0,0,1,1,18446744073709545295,18446744073709551030,18446744073709551030,248,2,1,1,9897406105434025940,0,0,11,13099764278449653920,0,0,1,0
PAWN_AUDIT_RESULT,3450,1,1,189,0,0,189,0,0,0,0,0
PAWN_AUDIT_ENTRY,3451,1455115932866512212,8018983305768885198,7312620847199757785,9257342328331326445,666,237,238,237,9,8,1,12,18446744073709535102,18446744073709550278,11,0,0,0,0,0,0,0,0,245,245,18446744073706046533,13,6520,0,0,1,1,18446744073709544684,18446744073709551030,18446744073709551030,248,2,1,1,9897406105434025940,0,0,11,13099764278449653920,0,0,1,0
PAWN_AUDIT_RESULT,3451,1,1,205,0,0,205,0,2,2,0,0
PAWN_AUDIT_ENTRY,3452,8018983305768885198,2303492993865103506,7312620847199757785,17179598460781338283,80,237,238,237,9,8,1,13,18446744073709534970,18446744073709550278,11,0,0,0,0,0,0,0,0,245,245,18446744073706046533,13,6523,0,0,1,2,18446744073709544624,18446744073709551030,18446744073709551030,248,2,1,1,9897406105434025940,0,0,11,13099764278449653920,0,1,1,0
PAWN_AUDIT_RESULT,3452,1,1,193,0,0,193,0,0,0,0,0
PAWN_AUDIT_ENTRY,3453,2303492993865103506,13088314744251862904,7312620847199757785,13398661683208408371,991,237,238,237,9,8,1,14,18446744073709534767,18446744073709550278,11,0,0,0,0,0,0,0,0,245,245,18446744073706046533,13,6524,0,0,1,1,18446744073709544532,18446744073709551030,18446744073709551030,248,2,1,1,9897406105434025940,0,0,11,13099764278449653920,0,0,1,0
PAWN_AUDIT_RESULT,3453,1,1,204,0,0,204,0,0,0,0,0
PAWN_AUDIT_ENTRY,3454,13088314744251862904,2584805391319386073,7312620847199757785,1521766173204237921,269,237,238,237,9,8,1,15,18446744073709534710,18446744073709550278,11,0,0,0,0,0,0,0,0,245,245,18446744073706046533,13,6525,0,0,1,6,18446744073709544506,18446744073709551030,18446744073709551030,248,2,1,1,9897406105434025940,0,0,11,13099764278449653920,0,1,1,0
PAWN_AUDIT_RESULT,3454,1,1,223,0,0,223,0,0,0,0,0
PAWN_AUDIT_ENTRY,3455,2584805391319386073,16134802517636366976,7312620847199757785,17986386573633464440,983,237,238,237,9,8,1,16,18446744073709535854,18446744073709550278,11,0,0,0,0,0,0,0,0,245,245,18446744073706046533,13,6526,0,0,1,1,18446744073709545026,18446744073709551030,18446744073709551030,248,2,1,1,9897406105434025940,0,0,11,13099764278449653920,0,0,1,0
PAWN_AUDIT_RESULT,3455,1,1,192,0,0,192,0,0,0,0,0
PAWN_AUDIT_ENTRY,3456,16134802517636366976,7806006521243373703,7312620847199757785,14277895166646633005,268,237,238,237,9,8,1,17,18446744073709534640,18446744073709550278,11,0,0,0,0,0,0,0,0,245,245,18446744073706046533,13,6527,0,0,1,6,18446744073709544474,18446744073709551030,18446744073709551030,248,2,1,1,9897406105434025940,0,0,11,13099764278449653920,0,1,1,0
PAWN_AUDIT_RESULT,3456,1,1,176,0,0,176,0,0,0,0,0
PAWN_AUDIT_ENTRY,3457,7806006521243373703,101147892473104710,7312620847199757785,7245574266066016676,926,237,238,237,9,8,1,18,18446744073709534594,18446744073709550278,11,0,0,0,0,0,0,0,0,245,245,18446744073706046533,13,6528,0,0,1,1,18446744073709544453,18446744073709551030,18446744073709551030,248,2,1,1,9897406105434025940,0,0,11,13099764278449653920,0,0,1,0
PAWN_AUDIT_RESULT,3457,1,1,132,0,0,132,0,0,0,0,0
PAWN_AUDIT_ENTRY,3458,101147892473104710,4029297191193752755,7312620847199757785,10093867171110080831,918,237,238,237,9,8,1,19,18446744073709534587,18446744073709550278,11,0,0,0,0,0,0,0,0,245,245,18446744073706046533,13,6529,0,0,1,1,18446744073709544450,18446744073709551030,18446744073709551030,248,2,1,1,9897406105434025940,0,0,11,13099764278449653920,0,0,1,0
PAWN_AUDIT_RESULT,3458,1,1,181,0,0,181,0,0,0,0,0
PAWN_AUDIT_ENTRY,3459,4029297191193752755,8996685932846792079,7312620847199757785,1486244478315618338,658,237,238,237,9,8,1,20,18446744073709534869,18446744073709550278,11,0,0,0,0,0,0,0,0,245,245,18446744073706046533,13,6530,0,0,1,1,18446744073709544578,18446744073709551030,18446744073709551030,248,2,1,1,9897406105434025940,0,0,11,13099764278449653920,0,0,1,0
PAWN_AUDIT_RESULT,3459,1,1,194,0,0,194,0,0,0,0,0
PAWN_AUDIT_ENTRY,3460,8996685932846792079,12291135616013781376,7312620847199757785,17804737568128981232,1113,237,238,237,9,8,1,21,18446744073709534554,18446744073709550278,11,0,0,0,0,0,0,0,0,245,245,18446744073706046533,13,6531,0,0,1,1,18446744073709544435,18446744073709551030,18446744073709551030,248,2,1,1,9897406105434025940,0,0,11,13099764278449653920,0,0,1,0
PAWN_AUDIT_RESULT,3460,1,1,150,0,0,150,0,0,0,0,0
PAWN_AUDIT_ENTRY,3461,12291135616013781376,17391129004863521736,7312620847199757785,13138655934605054265,528,237,238,237,9,8,1,22,18446744073709534627,18446744073709550278,11,0,0,0,0,0,0,0,0,245,245,18446744073706046533,13,6532,0,0,1,1,18446744073709544468,18446744073709551030,18446744073709551030,248,2,1,1,9897406105434025940,0,0,11,13099764278449653920,0,0,1,0
PAWN_AUDIT_RESULT,3461,1,1,181,0,0,181,0,0,0,0,0
PAWN_AUDIT_ENTRY,3474,427404561678055652,1496421065415522278,2690298586782602941,16918608258038046076,407,237,238,237,11,10,6,5,18446744073709538339,18446744073709550732,9,0,0,0,0,1,0,0,0,248,251,18446744073706009160,13,6559,0,0,0,2,18446744073709546156,18446744073709551030,18446744073709551030,248,6,1,1,14516473580057910448,0,0,9,509738918742164014,0,1,1,0
PAWN_AUDIT_RESULT,3474,6,6,211,0,0,211,0,7,7,0,0
PAWN_AUDIT_ENTRY,3478,13731564640380214885,15427556600328590735,2690298586782602941,9509436604786697734,339,237,238,237,11,10,7,7,18446744073709549795,18446744073709551195,9,0,0,0,0,1,0,0,0,248,251,18446744073706009160,13,6571,0,0,0,3,1474,18446744073709551030,18446744073709547476,248,6,1,1,14516473580057910448,0,0,9,509738918742164014,0,1,1,0
PAWN_AUDIT_ENTRY,3483,12981547748798337290,17669450339588100672,17512668559067368959,8911770392577498069,1242,237,238,202,7,6,2,3,18446744073709540806,18446744073709550278,11,0,0,0,0,0,0,0,0,18446744073709551587,18446744073709551587,18446744073708270700,13,6581,0,0,1,3,18446744073709547278,18446744073709551030,18446744073709551030,241,1,1,1,1833191660436008069,0,0,11,9509436604786697734,0,1,1,0
PAWN_AUDIT_RESULT,3483,2,2,103,0,0,103,0,0,0,0,0
PAWN_AUDIT_ENTRY,3486,10693137143813613851,14717668414291625628,17512668559067368959,6759101765344222122,267,237,238,202,7,6,1,9,18446744073709547565,18446744073709550278,11,0,0,0,0,0,0,0,0,18446744073709551587,18446744073709551587,18446744073708270700,13,6585,0,0,1,6,18446744073709550351,18446744073709551030,18446744073709551030,241,1,1,1,1833191660436008069,0,0,11,9509436604786697734,0,1,1,0
PAWN_AUDIT_RESULT,3486,1,1,-1,0,0,-1,0,0,0,0,0
PAWN_AUDIT_ENTRY,3487,14717668414291625628,13037210261097107663,17512668559067368959,8565930606225341704,75,237,238,202,7,6,1,11,18446744073709547037,18446744073709550550,11,0,0,0,0,0,0,0,0,18446744073709551587,18446744073709551587,18446744073708270700,13,6586,0,0,1,2,18446744073709551219,18446744073709550113,18446744073709549692,241,1,1,1,1833191660436008069,0,0,11,9509436604786697734,0,1,1,0
PAWN_AUDIT_RESULT,3487,1,1,71,0,0,71,0,0,0,0,0
PAWN_AUDIT_RESULT,3478,7,7,205,0,0,205,0,15,15,0,0
PAWN_AUDIT_ENTRY,3488,13037210261097107663,6790061335798225931,2690298586782602941,9761999538531873979,536,237,238,237,11,10,6,8,18446744073709536210,18446744073709550278,9,0,0,0,0,1,0,0,0,248,251,18446744073706009160,13,6587,0,0,0,1,18446744073709545188,18446744073709551030,18446744073709551030,248,6,1,1,14516473580057910448,0,0,9,509738918742164014,0,0,1,0
PAWN_AUDIT_RESULT,3488,6,6,153,0,0,153,0,1,1,0,0
PAWN_AUDIT_ENTRY,3489,6790061335798225931,2473612422699082954,2690298586782602941,3129477135167289838,405,237,238,237,11,10,6,9,18446744073709542042,18446744073709550420,9,0,0,0,0,1,0,0,0,248,251,18446744073706009160,13,6589,0,0,0,2,18446744073709550125,18446744073709551030,18446744073709546322,248,6,1,1,14516473580057910448,0,0,9,509738918742164014,0,1,1,0
PAWN_AUDIT_RESULT,3489,6,6,90,0,0,90,0,0,0,0,0
PAWN_AUDIT_ENTRY,3490,2473612422699082954,663615793288504359,2690298586782602941,3969296759293754028,259,237,238,237,11,10,6,10,18446744073709541602,18446744073709548495,9,0,0,0,0,1,0,0,0,248,251,18446744073706009160,13,6590,0,0,0,6,18446744073709547004,18446744073709551030,724,248,6,1,1,14516473580057910448,0,0,9,509738918742164014,0,1,1,0
PAWN_AUDIT_RESULT,3490,6,6,177,0,0,177,0,0,0,0,0
PAWN_AUDIT_ENTRY,3491,663615793288504359,2026776578380502657,2690298586782602941,13859500653614522505,666,237,238,237,11,10,6,11,18446744073709538999,18446744073709550278,9,0,0,0,0,1,0,0,0,248,251,18446744073706009160,13,6591,0,0,0,1,18446744073709546456,18446744073709551030,18446744073709551030,248,6,1,1,14516473580057910448,0,0,9,509738918742164014,0,0,1,0
PAWN_AUDIT_ENTRY,3494,10243387258807207953,3376661572328253557,12729396962735442800,838305003110267231,1698,237,238,211,6,5,1,3,18446744073709550177,18446744073709550278,11,0,0,0,0,0,0,0,0,55,55,18446744073706431523,13,6601,0,0,1,1,18446744073709551539,18446744073709551030,18446744073709551030,72,0,1,1,6667267642112344445,0,0,11,13859500653614522505,0,0,1,0
PAWN_AUDIT_RESULT,3494,1,1,57,0,0,57,0,0,0,0,0
PAWN_AUDIT_ENTRY,3496,15437152374655551671,18083397861942963552,12729396962735442800,2189804271738445093,267,237,238,211,6,5,1,5,18446744073709544992,18446744073709550278,11,0,0,0,0,0,0,0,0,55,55,18446744073706431523,13,6603,0,0,1,6,18446744073709549181,18446744073709551030,18446744073709551030,72,0,1,1,6667267642112344445,0,0,11,13859500653614522505,0,1,1,0
PAWN_AUDIT_RESULT,3496,1,1,150,0,0,150,0,0,0,0,0
PAWN_AUDIT_RESULT,3491,6,6,221,0,0,221,0,12,12,0,0
PAWN_AUDIT_ENTRY,3497,18083397861942963552,1105168636491979767,2690298586782602941,10056964808961130728,267,237,238,237,11,10,6,12,18446744073709544959,18446744073709548874,9,0,0,0,0,1,0,0,0,248,251,18446744073706009160,13,6604,0,0,0,6,18446744073709549166,18446744073709551030,18446744073709551030,248,6,1,1,14516473580057910448,0,0,9,509738918742164014,0,1,1,0
PAWN_AUDIT_RESULT,3497,6,6,200,0,0,200,0,7,7,0,0
PAWN_AUDIT_ENTRY,3500,17108170166950426937,15407329260443368371,2690298586782602941,16572508747631490646,1828,237,238,237,11,10,5,13,18446744073709534807,18446744073709550278,9,0,0,0,0,1,0,0,0,248,251,18446744073706009160,13,6612,0,0,0,1,18446744073709544550,18446744073709551030,18446744073709551030,248,6,1,1,14516473580057910448,0,0,9,509738918742164014,0,0,1,0
PAWN_AUDIT_RESULT,3500,5,5,157,0,0,157,0,0,0,0,0
PAWN_AUDIT_ENTRY,3501,15407329260443368371,11472489808350109898,2690298586782602941,18005358784437485143,991,237,238,237,11,10,5,14,18446744073709534752,18446744073709550278,9,0,0,0,0,1,0,0,0,248,251,18446744073706009160,13,6613,0,0,0,1,18446744073709544525,18446744073709551030,18446744073709551030,248,6,1,1,14516473580057910448,0,0,9,509738918742164014,0,0,1,0
PAWN_AUDIT_RESULT,3501,5,5,178,0,0,178,0,1,1,0,0
PAWN_AUDIT_ENTRY,3502,11472489808350109898,6686289308297323493,2690298586782602941,2639965682960116416,926,237,238,237,11,10,5,15,18446744073709534585,18446744073709550278,9,0,0,0,0,1,0,0,0,248,251,18446744073706009160,13,6615,0,0,0,1,18446744073709544449,18446744073709551030,18446744073709551030,248,6,1,1,14516473580057910448,0,0,9,509738918742164014,0,0,1,0
PAWN_AUDIT_RESULT,3502,5,5,150,0,0,150,0,0,0,0,0
PAWN_AUDIT_ENTRY,3503,6686289308297323493,9355791591346904384,2690298586782602941,14716328802609455707,918,237,238,237,11,10,5,16,18446744073709534580,18446744073709550278,9,0,0,0,0,1,0,0,0,248,251,18446744073706009160,13,6616,0,0,0,1,18446744073709544447,18446744073709551030,18446744073709551030,248,6,1,1,14516473580057910448,0,0,9,509738918742164014,0,0,1,0
PAWN_AUDIT_RESULT,3503,5,5,184,0,0,184,0,0,0,0,0
PAWN_AUDIT_ENTRY,3535,9791586881258288123,3612404697074508431,7457404139182216496,14536034065115104101,267,237,238,222,7,6,2,4,18446744073709545801,18446744073709549647,11,0,0,0,0,0,0,0,0,163,163,247532,13,6675,0,0,1,6,18446744073709549549,18446744073709551030,18446744073709551030,246,0,1,1,13343491483384136489,0,0,11,8506541011370567575,0,1,1,0
PAWN_AUDIT_RESULT,3535,2,2,205,0,0,205,0,0,0,0,0
PAWN_AUDIT_ENTRY,3536,3612404697074508431,4027580695065597036,7457404139182216496,2316459705207344073,3,237,238,222,7,6,1,5,18446744073709543019,18446744073709550278,11,0,0,0,0,0,0,0,0,163,163,247532,13,6676,0,0,1,4,18446744073709548284,18446744073709551030,18446744073709551030,246,0,1,1,13343491483384136489,0,0,11,8506541011370567575,0,1,1,0
PAWN_AUDIT_RESULT,3536,1,1,172,0,0,172,0,0,0,0,0
PAWN_AUDIT_ENTRY,3537,4027580695065597036,6558390066909372026,7457404139182216496,2072563846548874354,2,237,238,222,7,6,1,6,18446744073709542370,18446744073709550278,11,0,0,0,0,0,0,0,0,163,163,247532,13,6677,0,0,1,4,18446744073709547989,18446744073709551030,18446744073709551030,246,0,1,1,13343491483384136489,0,0,11,8506541011370567575,0,1,1,0
PAWN_AUDIT_RESULT,3537,1,1,173,0,0,173,0,0,0,0,0
PAWN_AUDIT_ENTRY,3538,6558390066909372026,39108123361256276,7457404139182216496,14951027971044752376,1155,237,238,222,7,6,1,7,18446744073709542038,18446744073709550278,11,0,0,0,0,0,0,0,0,163,163,247532,13,6678,0,0,1,2,18446744073709547838,18446744073709551030,18446744073709551030,246,0,1,1,13343491483384136489,0,0,11,8506541011370567575,0,1,1,0
PAWN_AUDIT_RESULT,3538,1,1,153,0,0,153,0,0,0,0,0
PAWN_AUDIT_ENTRY,3541,1983096445866505539,1119196833877842021,2690298586782602941,6092889670503355206,658,237,238,237,11,10,5,18,18446744073709534429,18446744073709550127,9,0,0,0,0,1,0,0,0,248,251,18446744073706009160,13,6684,0,0,0,1,18446744073709544562,18446744073709551030,18446744073709550651,248,6,1,1,14516473580057910448,0,0,9,509738918742164014,0,0,1,0
PAWN_AUDIT_RESULT,3541,5,5,194,0,0,194,0,0,0,0,0
PAWN_AUDIT_ENTRY,3542,1119196833877842021,5886489152012790469,2690298586782602941,13380760671627221788,983,237,238,237,11,10,5,19,18446744073709535249,18446744073709550278,9,0,0,0,0,1,0,0,0,248,251,18446744073706009160,13,6685,0,0,0,1,18446744073709544959,18446744073709551030,18446744073709550601,248,6,1,1,14516473580057910448,0,0,9,509738918742164014,0,0,1,0
PAWN_AUDIT_RESULT,3542,5,5,191,0,0,191,0,0,0,0,0
PAWN_AUDIT_ENTRY,3543,5886489152012790469,16953265479124511128,2690298586782602941,13202684770749639572,1113,237,238,237,11,10,5,20,18446744073709534140,18446744073709550278,9,0,0,0,0,1,0,0,0,248,251,18446744073706009160,13,6686,0,0,0,1,18446744073709544434,18446744073709551030,18446744073709550644,248,6,1,1,14516473580057910448,0,0,9,509738918742164014,0,0,1,0
PAWN_AUDIT_RESULT,3543,5,5,173,0,0,173,0,0,0,0,0
PAWN_AUDIT_ENTRY,3544,16953265479124511128,545996584557469121,2690298586782602941,12557241248439905743,80,237,238,237,11,10,5,21,18446744073709534924,18446744073709548874,9,0,0,0,0,1,0,0,0,248,251,18446744073706009160,13,6687,0,0,0,2,18446744073709544603,18446744073709551030,18446744073709551030,248,6,1,1,14516473580057910448,0,0,9,509738918742164014,0,1,1,0
PAWN_AUDIT_RESULT,3544,5,5,169,0,0,169,0,0,0,0,0
PAWN_AUDIT_ENTRY,3545,545996584557469121,3094563157992023208,2690298586782602941,6138441341917986053,269,237,238,237,11,10,5,22,18446744073709535383,18446744073709548874,9,0,0,0,0,1,0,0,0,248,251,18446744073706009160,13,6688,0,0,0,6,18446744073709544812,18446744073709551030,18446744073709551030,248,6,1,1,14516473580057910448,0,0,9,509738918742164014,0,1,1,0
PAWN_AUDIT_RESULT,3545,5,5,191,0,0,191,0,0,0,0,0
PAWN_AUDIT_ENTRY,3546,3094563157992023208,15599823820341308143,2690298586782602941,9658883802094760265,268,237,238,237,11,10,5,23,18446744073709534622,18446744073709548874,9,0,0,0,0,1,0,0,0,248,251,18446744073706009160,13,6689,0,0,0,6,18446744073709544466,18446744073709551030,18446744073709551030,248,6,1,1,14516473580057910448,0,0,9,509738918742164014,0,1,1,0
PAWN_AUDIT_RESULT,3546,5,5,164,0,0,164,0,0,0,0,0
PAWN_AUDIT_ENTRY,3547,15599823820341308143,1921674671007595591,2690298586782602941,17760957038565450333,528,237,238,237,11,10,5,24,18446744073709533627,18446744073709550278,9,0,0,0,0,1,0,0,0,248,251,18446744073706009160,13,6690,0,0,0,1,18446744073709544462,18446744073709551030,18446744073709550106,248,6,1,1,14516473580057910448,0,0,9,509738918742164014,0,0,1,0
PAWN_AUDIT_RESULT,3547,5,5,191,0,0,191,0,0,0,0,0
PAWN_AUDIT_ENTRY,3549,7790181278643522569,16427031577833858923,12290555176479524080,312026739665834661,267,60,61,18446744073709551556,7,6,3,2,18446744073709547233,18446744073709548874,9,0,0,0,0,0,0,0,0,18446744073709551440,18446744073709551440,18446744073700622357,13,6694,0,0,1,6,18446744073709550200,18446744073709551030,18446744073709551030,44,1,1,1,8242954762181594215,0,0,9,16278316550406220887,0,1,1,0
PAWN_AUDIT_RESULT,3549,3,3,-75,0,0,-75,0,0,0,0,0
PAWN_AUDIT_ENTRY,3550,16427031577833858923,8806241118381108846,12290555176479524080,5734165305546240708,666,60,61,18446744073709551556,7,6,2,3,18446744073709542531,18446744073709550278,9,0,0,0,0,0,0,0,0,18446744073709551440,18446744073709551440,18446744073700622357,13,6695,0,0,1,1,18446744073709548062,18446744073709551030,18446744073709551030,44,1,1,1,8242954762181594215,0,0,9,16278316550406220887,0,0,1,0
PAWN_AUDIT_RESULT,3550,2,2,-21,0,0,-21,0,0,0,0,0
PAWN_AUDIT_ENTRY,3551,8806241118381108846,3850698828386230376,12290555176479524080,8675393388440889291,790,60,61,18446744073709551595,7,6,2,4,18446744073709545658,18446744073709548821,9,0,0,0,0,0,0,0,0,18446744073709551440,18446744073709551440,18446744073700622357,13,6696,0,0,1,2,18446744073709549484,18446744073709551030,18446744073709551030,44,1,1,1,8242954762181594215,0,0,9,16278316550406220887,0,1,1,0
PAWN_AUDIT_RESULT,3551,2,2,-52,0,0,-52,0,0,0,0,0
PAWN_AUDIT_ENTRY,3552,3850698828386230376,2506187762136936038,12290555176479524080,4517383700070063526,774,60,61,18446744073709551595,7,6,2,5,18446744073709545486,18446744073709548874,9,0,0,0,0,0,0,0,0,18446744073709551440,18446744073709551440,18446744073700622357,13,6697,0,0,1,2,18446744073709549406,18446744073709551030,18446744073709551030,44,1,1,1,8242954762181594215,0,0,9,16278316550406220887,0,1,1,0
PAWN_AUDIT_RESULT,3552,2,2,-137,0,0,-137,0,0,0,0,0
PAWN_AUDIT_ENTRY,3553,2506187762136936038,12575610726722825426,12290555176479524080,5790240645657668251,797,60,61,18446744073709551595,7,6,2,6,18446744073709545856,18446744073709548476,9,0,0,0,0,0,0,0,0,18446744073709551440,18446744073709551440,18446744073700622357,13,6698,0,0,1,2,18446744073709549574,18446744073709551030,18446744073709551030,44,1,1,1,8242954762181594215,0,0,9,16278316550406220887,0,1,1,0
PAWN_AUDIT_RESULT,3553,2,2,-59,0,0,-59,0,0,0,0,0
PAWN_AUDIT_ENTRY,3554,12575610726722825426,2226535678211174726,12290555176479524080,7766700518809613533,770,60,61,18446744073709551595,7,6,2,7,18446744073709544752,18446744073709548874,9,0,0,0,0,0,0,0,0,18446744073709551440,18446744073709551440,18446744073700622357,13,6699,0,0,1,2,18446744073709549072,18446744073709551030,18446744073709551030,44,1,1,1,8242954762181594215,0,0,9,16278316550406220887,0,1,1,0
PAWN_AUDIT_RESULT,3554,2,2,-115,0,0,-115,0,0,0,0,0
PAWN_AUDIT_ENTRY,3556,10322120751965598314,12442050039918253213,8487060925824988417,10433453665169703733,666,237,238,237,13,12,10,3,18446744073709544917,18446744073709549382,7,0,0,0,0,1,0,2412,0,115,115,18446744073698242067,13,6701,0,0,1,1,18446744073709549147,18446744073709551030,18446744073709551030,248,8,1,1,11090425736916188940,0,0,7,232160342240435425,0,0,1,0
PAWN_AUDIT_ENTRY,3557,12442050039918253213,18331221950227046064,15831263939825871762,6968850114468911549,1698,237,238,108,6,5,2,2,18446744073709547090,18446744073709550278,9,0,0,0,0,0,0,0,0,18446744073709551467,18446744073709551467,18446744073705465700,13,6704,0,0,1,1,18446744073709550135,18446744073709551030,18446744073709551030,18446744073709551615,0,1,1,4004528191453389215,0,0,9,10433453665169703733,0,0,1,0
PAWN_AUDIT_RESULT,3557,2,2,88,0,0,88,0,0,0,0,0
PAWN_AUDIT_RESULT,3556,10,10,144,0,0,144,0,5,5,0,0
PAWN_AUDIT_ENTRY,3560,4182284980189664135,2938366251115819353,8487060925824988417,15784061747670246228,267,237,238,237,13,12,8,4,18446744073709545581,18446744073709546513,7,0,0,0,0,1,0,2412,0,115,115,18446744073698242067,13,6707,0,0,1,6,18446744073709549449,18446744073709551030,18446744073709551030,248,8,1,1,11090425736916188940,0,0,7,232160342240435425,0,1,1,0
PAWN_AUDIT_RESULT,3560,8,8,132,0,0,132,0,5,5,0,0
PAWN_AUDIT_ENTRY,3561,2938366251115819353,13275555619191640879,8487060925824988417,15232733635538093498,339,237,238,237,13,12,8,5,18446744073709545263,18446744073709549944,7,0,0,0,0,1,0,2412,0,115,115,18446744073698242067,13,6713,0,0,1,3,2267,18446744073709547357,18446744073709545380,248,8,1,1,11090425736916188940,0,0,7,232160342240435425,0,1,1,0
PAWN_AUDIT_ENTRY,3566,13010869640460035088,4513784989395240153,10961034648898055453,9015749976688712489,666,237,238,71,9,8,5,2,18446744073709546217,18446744073709550278,9,0,0,0,0,0,0,0,0,18446744073709551445,18446744073709551445,18446744073700622357,13,6728,0,0,1,1,18446744073709549738,18446744073709551030,18446744073709551030,66,4,1,1,8242954762181594215,0,0,9,15232733635538093498,0,0,1,0
PAWN_AUDIT_RESULT,3566,5,5,69,0,0,69,0,0,0,0,0
PAWN_AUDIT_ENTRY,3568,4834899480638864460,18048137746708508930,10961034648898055453,3952245717657140040,267,237,238,217,9,8,4,4,18446744073709544939,18446744073709548138,9,0,0,0,0,0,0,0,0,18446744073709551445,18446744073709551445,18446744073700622357,13,6732,0,0,1,6,18446744073709549157,18446744073709551030,18446744073709551030,66,4,1,1,8242954762181594215,0,0,9,15232733635538093498,0,1,1,0
PAWN_AUDIT_RESULT,3568,4,4,72,0,0,72,0,0,0,0,0
PAWN_AUDIT_RESULT,3561,8,8,231,0,0,231,0,20,20,0,0
PAWN_AUDIT_ENTRY,3570,12761265594388918885,5698273686076319429,8487060925824988417,16950665579290653645,332,237,238,237,13,12,8,6,18446744073709543725,18446744073709547314,7,0,0,0,0,1,0,2412,0,115,115,18446744073698242067,13,6734,0,0,1,3,18446744073709549017,18446744073709550723,18446744073709550498,248,8,1,1,11090425736916188940,0,0,7,232160342240435425,0,1,1,0
PAWN_AUDIT_RESULT,3570,8,8,123,0,0,123,0,4,4,0,0
PAWN_AUDIT_ENTRY,3571,5698273686076319429,16547477627441278146,8487060925824988417,293734953138729210,658,237,238,237,13,12,6,7,18446744073709534800,18446744073709550830,7,0,0,0,0,1,0,2412,0,115,115,18446744073698242067,13,6739,0,0,1,1,18446744073709544547,18446744073709551030,18446744073709551030,248,8,1,1,11090425736916188940,0,0,7,232160342240435425,0,0,1,0
PAWN_AUDIT_RESULT,3571,6,6,77,0,0,77,0,2,2,0,0
PAWN_AUDIT_ENTRY,3573,18347303497606491817,3894959314782005608,8487060925824988417,15556649612591027975,536,237,238,237,13,12,5,10,18446744073709536091,18446744073709549524,7,0,0,0,0,1,0,2412,0,115,115,18446744073698242067,13,6744,0,0,1,1,18446744073709545134,18446744073709551030,18446744073709551030,248,8,1,1,11090425736916188940,0,0,7,232160342240435425,0,0,1,0
PAWN_AUDIT_RESULT,3573,5,5,183,0,0,183,0,0,0,0,0
PAWN_AUDIT_ENTRY,3574,3894959314782005608,4382616508819757449,8487060925824988417,13069626830077302250,1828,237,238,237,13,12,5,11,18446744073709534754,18446744073709549683,7,0,0,0,0,1,0,2412,0,115,115,18446744073698242067,13,6745,0,0,1,1,18446744073709544526,18446744073709551030,18446744073709551030,248,8,1,1,11090425736916188940,0,0,7,232160342240435425,0,0,1,0
PAWN_AUDIT_RESULT,3574,5,5,151,0,0,151,0,0,0,0,0
PAWN_AUDIT_ENTRY,3575,4382616508819757449,17145533197225235934,8487060925824988417,11288030224873030119,918,237,238,237,13,12,5,12,18446744073709534574,18446744073709549629,7,0,0,0,0,1,0,2412,0,115,115,18446744073698242067,13,6746,0,0,1,1,18446744073709544444,18446744073709551030,18446744073709551030,248,8,1,1,11090425736916188940,0,0,7,232160342240435425,0,0,1,0
PAWN_AUDIT_RESULT,3575,5,5,177,0,0,177,0,0,0,0,0
PAWN_AUDIT_ENTRY,3576,17145533197225235934,10053269506053879625,8487060925824988417,8376359340373952892,926,237,238,237,13,12,5,13,18446744073709534576,18446744073709549533,7,0,0,0,0,1,0,2412,0,115,115,18446744073698242067,13,6747,0,0,1,1,18446744073709544445,18446744073709551030,18446744073709551030,248,8,1,1,11090425736916188940,0,0,7,232160342240435425,0,0,1,0
PAWN_AUDIT_RESULT,3576,5,5,165,0,0,165,0,0,0,0,0
PAWN_AUDIT_ENTRY,3577,10053269506053879625,10092587921197689338,8487060925824988417,12196353447843732971,991,237,238,237,13,12,4,14,18446744073709534734,18446744073709549337,7,0,0,0,0,1,0,2412,0,115,115,18446744073698242067,13,6748,0,0,1,1,18446744073709544517,18446744073709551030,18446744073709551030,248,8,1,1,11090425736916188940,0,0,7,232160342240435425,0,0,1,0
PAWN_AUDIT_RESULT,3577,4,4,187,0,0,187,0,0,0,0,0
PAWN_AUDIT_ENTRY,3578,10092587921197689338,2851291462523999631,8487060925824988417,16802866791353645216,983,237,238,237,13,12,4,15,18446744073709533952,18446744073709549617,7,0,0,0,0,1,0,2412,0,115,115,18446744073698242067,13,6749,0,0,1,1,18446744073709544893,18446744073709550213,18446744073709550364,248,8,1,1,11090425736916188940,0,0,7,232160342240435425,0,0,1,0
PAWN_AUDIT_RESULT,3578,4,4,184,0,0,184,0,0,0,0,0
PAWN_AUDIT_ENTRY,3579,2851291462523999631,246180368039801386,8487060925824988417,16691641373537929256,1113,237,238,237,13,12,4,16,18446744073709533109,18446744073709549736,7,0,0,0,0,1,0,2412,0,115,115,18446744073698242067,13,6750,0,0,1,1,18446744073709544433,18446744073709550302,18446744073709550430,248,8,1,1,11090425736916188940,0,0,7,232160342240435425,0,0,1,0
PAWN_AUDIT_RESULT,3579,4,4,155,0,0,155,0,0,0,0,0
PAWN_AUDIT_ENTRY,3580,246180368039801386,16723656287436556176,8487060925824988417,17303158754934294006,75,237,238,237,13,12,5,17,18446744073709541594,18446744073709548667,7,0,0,0,0,1,0,2412,0,115,115,18446744073698242067,13,6751,0,0,1,2,18446744073709549878,18446744073709548773,18446744073709548736,248,8,1,1,11090425736916188940,0,0,7,232160342240435425,0,1,1,0
PAWN_AUDIT_RESULT,3580,5,5,46,0,0,46,0,0,0,0,0
PAWN_AUDIT_ENTRY,3581,16723656287436556176,17046113376813329811,8487060925824988417,12026402035175129569,528,237,238,237,13,12,4,18,18446744073709532320,18446744073709549475,7,0,0,0,0,1,0,2412,0,115,115,18446744073698242067,13,6752,0,0,1,1,18446744073709544458,18446744073709549949,18446744073709550003,248,8,1,1,11090425736916188940,0,0,7,232160342240435425,0,0,1,0
PAWN_AUDIT_RESULT,3581,4,4,173,0,0,173,0,0,0,0,0
PAWN_AUDIT_ENTRY,3582,17046113376813329811,7031788957248343794,8487060925824988417,7460215955979557136,259,237,238,237,13,12,5,19,18446744073709538126,18446744073709546384,7,0,0,0,0,1,0,2412,0,115,115,18446744073698242067,13,6753,0,0,1,6,18446744073709546527,18446744073709550681,18446744073709550426,248,8,1,1,11090425736916188940,0,0,7,232160342240435425,0,1,1,0
PAWN_AUDIT_RESULT,3582,5,5,129,0,0,129,0,0,0,0,0
PAWN_AUDIT_ENTRY,3583,7031788957248343794,4872201180616818601,8487060925824988417,18101412331177035868,346,237,238,237,13,12,5,22,18446744073709538768,18446744073709545584,7,0,0,0,0,1,0,2412,0,115,115,18446744073698242067,13,6754,0,0,1,3,18446744073709546351,18446744073709551030,18446744073709551030,248,8,1,1,11090425736916188940,0,0,7,232160342240435425,0,1,1,0
PAWN_AUDIT_RESULT,3583,5,5,116,0,0,116,0,0,0,0,0
PAWN_AUDIT_ENTRY,3586,3634491097316097945,368414169962335427,7637079510053365965,10159928892491587321,666,60,61,58,8,7,4,3,18446744073709546144,18446744073709550278,7,0,0,0,0,0,0,0,0,18446744073709551565,18446744073709551565,18446744073701861333,13,6764,0,0,1,1,18446744073709549705,18446744073709551030,18446744073709551030,59,3,1,1,8242954762181594215,0,0,7,2487318646302474346,0,0,1,0
PAWN_AUDIT_RESULT,3586,4,4,0,0,0,0,0,0,0,0,0
PAWN_AUDIT_ENTRY,3587,368414169962335427,680055604849292590,7637079510053365965,13477507714301627382,790,60,61,58,8,7,3,4,18446744073709545282,18446744073709548632,7,0,0,0,0,0,0,0,0,18446744073709551565,18446744073709551565,18446744073701861333,13,6765,0,0,1,2,18446744073709549313,18446744073709551030,18446744073709551030,59,3,1,1,8242954762181594215,0,0,7,2487318646302474346,0,1,1,0
PAWN_AUDIT_RESULT,3587,3,3,-26,0,0,-26,0,0,0,0,0
PAWN_AUDIT_ENTRY,3589,14866617546136066178,569205067179013469,7637079510053365965,14355227264566115992,267,60,61,58,8,7,1,6,18446744073709545036,18446744073709548193,7,0,0,0,0,0,0,0,0,18446744073709551565,18446744073709551565,18446744073701861333,13,6769,0,0,1,6,18446744073709549201,18446744073709551030,18446744073709551030,59,3,1,1,8242954762181594215,0,0,7,2487318646302474346,0,1,1,0
PAWN_AUDIT_RESULT,3589,1,1,-44,0,0,-44,0,0,0,0,0
PAWN_AUDIT_ENTRY,3590,569205067179013469,9162002286631428215,7637079510053365965,10608115368104265382,797,60,61,58,8,7,1,7,18446744073709545128,18446744073709548139,7,0,0,0,0,0,0,0,0,18446744073709551565,18446744073709551565,18446744073701861333,13,6770,0,0,1,2,18446744073709549243,18446744073709551030,18446744073709551030,59,3,1,1,8242954762181594215,0,0,7,2487318646302474346,0,1,1,0
PAWN_AUDIT_RESULT,3590,1,1,-33,0,0,-33,0,0,0,0,0
PAWN_AUDIT_ENTRY,3591,9162002286631428215,4220080309494317688,7637079510053365965,18292620048072929691,774,60,61,58,8,7,1,8,18446744073709543325,18446744073709548874,7,0,0,0,0,0,0,0,0,18446744073709551565,18446744073709551565,18446744073701861333,13,6771,0,0,1,2,18446744073709548423,18446744073709551030,18446744073709551030,59,3,1,1,8242954762181594215,0,0,7,2487318646302474346,0,1,1,0
PAWN_AUDIT_RESULT,3591,1,1,-101,0,0,-101,0,0,0,0,0
PAWN_AUDIT_ENTRY,3592,4220080309494317688,9922853185641122502,7637079510053365965,12283350118839146433,1033,60,61,58,8,7,1,9,18446744073709541917,18446744073709548874,7,0,0,0,0,0,0,0,0,18446744073709551565,18446744073709551565,18446744073701861333,13,6772,0,0,1,3,18446744073709547796,18446744073709551004,18446744073709551030,59,3,1,1,8242954762181594215,0,0,7,2487318646302474346,0,1,1,0
PAWN_AUDIT_RESULT,3592,1,1,-54,0,0,-54,0,0,0,0,0
PAWN_AUDIT_ENTRY,3593,9922853185641122502,15413891067193450622,7637079510053365965,6743381977318227411,786,60,61,58,8,7,1,21,18446744073709545336,18446744073709550821,7,0,0,0,0,0,0,0,0,18446744073709551565,18446744073709551565,18446744073701861333,13,6773,0,0,1,2,18446744073709547285,3519,18446744073709551030,59,3,1,1,8242954762181594215,0,0,7,2487318646302474346,0,1,1,0
PAWN_AUDIT_RESULT,3593,1,1,-57,0,0,-57,0,0,0,0,0
PAWN_AUDIT_ENTRY,3597,2260541570026607328,7732123015092925658,10961034648898055453,4517383700070063526,1221,237,238,187,10,9,7,4,18446744073709542799,18446744073709548874,9,0,0,0,0,1,0,0,0,18446744073709551444,18446744073709551444,18446744073700464659,13,6782,0,0,1,3,18446744073709548184,18446744073709551030,18446744073709551030,231,9,1,1,8242954762181594215,0,0,9,17216626525963076861,0,1,1,0
PAWN_AUDIT_RESULT,3597,7,7,-21,0,0,-21,0,0,0,0,0
PAWN_AUDIT_ENTRY,3600,7599948503412667923,894913296054686531,6589297838752170272,13723287610729166612,666,237,238,203,12,11,7,3,18446744073709546089,18446744073709550278,7,0,0,0,0,0,0,0,0,18446744073709551570,18446744073709551570,18446744073701861333,13,6786,0,0,1,1,18446744073709549680,18446744073709551030,18446744073709551030,72,4,1,1,8242954762181594215,0,0,7,1155458084712688007,0,0,1,0
PAWN_AUDIT_RESULT,3600,7,7,95,0,0,95,0,0,0,0,0
PAWN_AUDIT_ENTRY,3602,439154450149731295,12791351031828879725,6589297838752170272,18292620048072929691,1221,237,238,203,12,11,6,5,18446744073709541167,18446744073709548874,7,0,0,0,0,0,0,0,0,18446744073709551570,18446744073709551570,18446744073701861333,13,6790,0,0,1,3,18446744073709547442,18446744073709551030,18446744073709551030,72,4,1,1,8242954762181594215,0,0,7,1155458084712688007,0,1,1,0
PAWN_AUDIT_RESULT,3602,6,6,12,0,0,12,0,0,0,0,0
PAWN_AUDIT_ENTRY,3603,12791351031828879725,1913134273996003807,6589297838752170272,9798668803312314826,991,237,238,203,12,11,5,8,18446744073709536802,18446744073709550278,7,0,0,0,0,0,0,0,0,18446744073709551570,18446744073709551570,18446744073701861333,13,6791,0,0,1,1,18446744073709545457,18446744073709551030,18446744073709551030,72,4,1,1,8242954762181594215,0,0,7,1155458084712688007,0,0,1,0
PAWN_AUDIT_RESULT,3603,5,5,93,0,0,93,0,0,0,0,0
PAWN_AUDIT_ENTRY,3605,9142907062291894602,12810589960369118125,6589297838752170272,14381750463649320065,983,237,238,203,12,11,5,10,18446744073709537105,18446744073709550278,7,0,0,0,0,0,0,0,0,18446744073709551570,18446744073709551570,18446744073701861333,13,6793,0,0,1,1,18446744073709545595,18446744073709551030,18446744073709551030,72,4,1,1,8242954762181594215,0,0,7,1155458084712688007,0,0,1,0
PAWN_AUDIT_RESULT,3605,5,5,96,0,0,96,0,0,0,0,0
PAWN_AUDIT_ENTRY,3606,12810589960369118125,12915741178923148199,6589297838752170272,17705263132680689525,267,237,238,203,12,11,5,11,18446744073709543043,18446744073709547254,7,0,0,0,0,0,0,0,0,18446744073709551570,18446744073709551570,18446744073701861333,13,6794,0,0,1,6,18446744073709548295,18446744073709551030,18446744073709551030,72,4,1,1,8242954762181594215,0,0,7,1155458084712688007,0,1,1,0
PAWN_AUDIT_RESULT,3606,5,5,92,0,0,92,0,0,0,0,0
PAWN_AUDIT_ENTRY,3607,12915741178923148199,10080991857618146922,6589297838752170272,11023265951186386476,1033,237,238,237,12,11,5,16,18446744073709540455,18446744073709547758,7,0,0,0,0,0,0,0,0,18446744073709551570,18446744073709551570,18446744073701861333,13,6795,0,0,1,3,18446744073709547131,18446744073709551004,18446744073709551030,72,4,1,1,8242954762181594215,0,0,7,1155458084712688007,0,1,1,0
PAWN_AUDIT_RESULT,3607,5,5,64,0,0,64,0,0,0,0,0
PAWN_AUDIT_ENTRY,3608,10080991857618146922,1189011201297434629,6589297838752170272,15263943548821739274,1242,237,238,237,12,11,5,17,18446744073709540316,18446744073709547777,7,0,0,0,0,0,0,0,0,18446744073709551570,18446744073709551570,18446744073701861333,13,6796,0,0,1,3,18446744073709547055,18446744073709551030,18446744073709551030,72,4,1,1,8242954762181594215,0,0,7,1155458084712688007,0,1,1,0
PAWN_AUDIT_RESULT,3608,5,5,31,0,0,31,0,0,0,0,0
PAWN_AUDIT_ENTRY,3609,1189011201297434629,3492310101733072973,6589297838752170272,14113601579500383387,1228,237,238,237,12,11,4,20,18446744073709539808,18446744073709548110,7,0,0,0,0,0,0,0,0,18446744073709551570,18446744073709551570,18446744073701861333,13,6797,0,0,1,3,18446744073709546824,18446744073709551030,18446744073709551030,72,4,1,1,8242954762181594215,0,0,7,1155458084712688007,0,1,1,0
PAWN_AUDIT_RESULT,3609,4,4,34,0,0,34,0,0,0,0,0
PAWN_AUDIT_ENTRY,3610,3492310101733072973,12990089016778339098,6589297838752170272,16039799584003420631,75,237,238,237,12,11,5,30,18446744073709545856,18446744073709546023,7,0,0,0,0,0,0,0,0,18446744073709551570,18446744073709551570,18446744073701861333,13,6798,0,0,1,2,18446744073709549878,105,18446744073709549692,72,4,1,1,8242954762181594215,0,0,7,1155458084712688007,0,1,1,0
PAWN_AUDIT_RESULT,3610,5,5,87,0,0,87,0,0,0,0,0
PAWN_AUDIT_ENTRY,3612,17871977247235221308,17873852544347424668,15831263939825871762,9866088370128870072,82,237,238,90,9,8,5,2,18446744073709545466,18446744073709551548,9,0,0,0,0,0,0,0,0,18446744073709551466,18446744073709551466,18446744073705308002,13,6804,0,0,1,2,974,18446744073709548811,18446744073709546737,134,6,1,1,4004528191453389215,0,0,9,12484865228310069874,0,1,1,0
PAWN_AUDIT_RESULT,3612,5,5,110,0,0,110,0,0,0,0,0
PAWN_AUDIT_ENTRY,3613,17873852544347424668,4243297949935605606,15831263939825871762,5734165305546240708,396,237,238,110,9,8,5,3,18446744073709550988,18446744073709550278,9,0,0,0,0,0,0,0,0,18446744073709551466,18446744073709551466,18446744073705308002,13,6805,0,0,1,2,1597,18446744073709549734,18446744073709549676,134,6,1,1,4004528191453389215,0,0,9,12484865228310069874,0,1,1,0
PAWN_AUDIT_RESULT,3613,5,5,92,0,0,92,0,0,0,0,0
PAWN_AUDIT_ENTRY,3614,4243297949935605606,9406955944522962064,15831263939825871762,4992019012502138206,332,237,238,110,9,8,4,4,18446744073709543077,18446744073709550278,9,0,0,0,0,0,0,0,0,18446744073709551466,18446744073709551466,18446744073705308002,13,6806,0,0,1,3,18446744073709548722,18446744073709550723,18446744073709550498,134,6,1,1,4004528191453389215,0,0,9,12484865228310069874,0,1,1,0
PAWN_AUDIT_RESULT,3614,4,4,70,0,0,70,0,0,0,0,0
PAWN_AUDIT_ENTRY,3615,9406955944522962064,14990604453424123980,15831263939825871762,8464421864231910855,267,237,238,110,9,8,3,5,18446744073709542183,18446744073709550278,9,0,0,0,0,0,0,0,0,18446744073709551466,18446744073709551466,18446744073705308002,13,6807,0,0,1,6,18446744073709547904,18446744073709551030,18446744073709551030,134,6,1,1,4004528191453389215,0,0,9,12484865228310069874,0,1,1,0
PAWN_AUDIT_RESULT,3615,3,3,79,0,0,79,0,0,0,0,0
PAWN_AUDIT_ENTRY,3617,4970261462025083963,8377416371223637407,15831263939825871762,9015749976688712489,339,237,238,129,9,8,3,8,18446744073709542535,18446744073709549777,9,0,0,0,0,0,0,0,0,18446744073709551466,18446744073709551466,18446744073705308002,13,6809,0,0,1,3,985,18446744073709547440,18446744073709545380,134,6,1,1,4004528191453389215,0,0,9,12484865228310069874,0,1,1,0
PAWN_AUDIT_RESULT,3617,3,3,67,0,0,67,0,0,0,0,0
PAWN_AUDIT_ENTRY,3619,3180722023470264207,17799606815840272401,1792286578153228207,11806993227416843648,1698,237,238,138,11,10,7,3,18446744073709548770,18446744073709550278,7,0,0,0,0,0,0,0,0,18446744073709551543,18446744073709551543,18446744073706786681,13,6811,0,0,1,1,18446744073709550899,18446744073709551030,18446744073709551030,240,4,1,1,4004528191453389215,0,0,7,6027957450138955528,0,0,1,0
PAWN_AUDIT_RESULT,3619,7,7,114,0,0,114,0,0,0,0,0
PAWN_AUDIT_ENTRY,3621,17545796336184857135,779690798640293816,1792286578153228207,13723287610729166612,339,237,238,138,11,10,6,5,18446744073709551248,18446744073709549777,7,0,0,0,0,0,0,0,0,18446744073709551543,18446744073709551543,18446744073706786681,13,6813,0,0,1,3,610,18446744073709550630,18446744073709551030,240,4,1,1,4004528191453389215,0,0,7,6027957450138955528,0,1,1,0
PAWN_AUDIT_RESULT,3621,6,6,94,0,0,94,0,0,0,0,0
PAWN_AUDIT_ENTRY,3622,779690798640293816,13482239075973536126,1792286578153228207,9668031438689927523,332,237,238,138,11,10,5,6,18446744073709543635,18446744073709550016,7,0,0,0,0,0,0,0,0,18446744073709551543,18446744073709551543,18446744073706786681,13,6814,0,0,1,3,18446744073709548564,18446744073709551030,18446744073709551030,240,4,1,1,4004528191453389215,0,0,7,6027957450138955528,0,1,1,0
PAWN_AUDIT_RESULT,3622,5,5,88,0,0,88,0,0,0,0,0
PAWN_AUDIT_ENTRY,3623,13482239075973536126,16057061417984782081,1792286578153228207,13122120832934744570,267,237,238,138,11,10,5,7,18446744073709542293,18446744073709550323,7,0,0,0,0,0,0,0,0,18446744073709551543,18446744073709551543,18446744073706786681,13,6815,0,0,1,6,18446744073709547954,18446744073709551030,18446744073709551030,240,4,1,1,4004528191453389215,0,0,7,6027957450138955528,0,1,1,0
PAWN_AUDIT_RESULT,3623,5,5,100,0,0,100,0,0,0,0,0
PAWN_AUDIT_ENTRY,3625,16135963786075268695,2200752927244106659,1792286578153228207,15804285193265346723,1033,237,238,138,11,10,4,9,18446744073709539282,18446744073709550278,7,0,0,0,0,0,0,0,0,18446744073709551543,18446744073709551543,18446744073706786681,13,6817,0,0,1,3,18446744073709546598,18446744073709551004,18446744073709551030,240,4,1,1,4004528191453389215,0,0,7,6027957450138955528,0,1,1,0
PAWN_AUDIT_RESULT,3625,4,4,51,0,0,51,0,0,0,0,0
PAWN_AUDIT_ENTRY,3626,2200752927244106659,3363464599062828700,1792286578153228207,1649590378647906556,405,237,238,138,11,10,4,10,18446744073709544624,18446744073709550278,7,0,0,0,0,0,0,0,0,18446744073709551543,18446744073709551543,18446744073706786681,13,6818,0,0,1,2,18446744073709549488,18446744073709550913,18446744073709550174,240,4,1,1,4004528191453389215,0,0,7,6027957450138955528,0,1,1,0
PAWN_AUDIT_RESULT,3626,4,4,82,0,0,82,0,0,0,0,0
PAWN_AUDIT_ENTRY,3627,3363464599062828700,9552858713904498296,1792286578153228207,765437343543831486,259,237,238,138,11,10,4,11,18446744073709538308,18446744073709550278,7,0,0,0,0,0,0,0,0,18446744073709551543,18446744073709551543,18446744073706786681,13,6819,0,0,1,6,18446744073709546142,18446744073709551030,18446744073709551030,240,4,1,1,4004528191453389215,0,0,7,6027957450138955528,0,1,1,0
PAWN_AUDIT_RESULT,3627,4,4,50,0,0,50,0,0,0,0,0
PAWN_AUDIT_ENTRY,3628,9552858713904498296,13536068096509204407,1792286578153228207,15510502637504466030,407,237,238,138,11,10,4,12,18446744073709538070,18446744073709550278,7,0,0,0,0,0,0,0,0,18446744073709551543,18446744073709551543,18446744073706786681,13,6820,0,0,1,2,18446744073709546076,18446744073709550945,18446744073709551030,240,4,1,1,4004528191453389215,0,0,7,6027957450138955528,0,1,1,0
PAWN_AUDIT_RESULT,3628,4,4,84,0,0,84,0,0,0,0,0
PAWN_AUDIT_ENTRY,3629,13536068096509204407,10760433711278542327,1792286578153228207,11328322046660704088,75,237,238,210,11,10,4,15,18446744073709545853,18446744073709549375,7,0,0,0,0,0,0,0,0,18446744073709551543,18446744073709551543,18446744073706786681,13,6821,0,0,1,2,18446744073709549227,105,18446744073709551030,240,4,1,1,4004528191453389215,0,0,7,6027957450138955528,0,1,1,0
PAWN_AUDIT_RESULT,3629,4,4,83,0,0,83,0,0,0,0,0
PAWN_AUDIT_ENTRY,3632,11519284859293433408,16981471934191577858,11548422352991345514,10134857062309410896,807,237,238,71,8,7,4,2,18446744073709545044,18446744073709550278,9,0,0,0,0,0,0,0,0,18446744073709551397,18446744073709551397,18446744073700464659,13,6828,0,0,1,3,18446744073709549205,18446744073709551030,18446744073709551030,18446744073709551562,2,1,1,8242954762181594215,0,0,9,15471246369640100490,0,1,1,0
PAWN_AUDIT_RESULT,3632,4,4,-29,0,0,-29,0,0,0,0,0
PAWN_AUDIT_ENTRY,3634,3376484739231049237,13712867753478966523,7145160339288061783,5749609378119160941,807,237,238,188,10,9,6,2,18446744073709542970,18446744073709548874,7,0,0,0,0,0,0,0,1,18446744073709551499,18446744073709551499,18446744073701896377,13,6830,0,0,1,3,18446744073709548262,18446744073709551030,18446744073709551030,61,1,1,1,8242954762181594215,0,0,7,2904915219690872816,0,1,1,0
PAWN_AUDIT_RESULT,3634,6,6,214,0,0,214,0,8,8,0,0
PAWN_AUDIT_ENTRY,3638,13598504662849549719,1835225394558359726,7145160339288061783,9668031438689927523,666,237,238,214,10,9,4,3,18446744073709547510,18446744073709550278,7,0,0,0,0,0,0,0,0,18446744073709551499,18446744073709551499,18446744073701896377,13,6839,0,0,1,1,18446744073709550326,18446744073709551030,18446744073709551030,61,1,1,1,8242954762181594215,0,0,7,2904915219690872816,0,0,1,0
PAWN_AUDIT_RESULT,3638,4,4,88,0,0,88,0,0,0,0,0
PAWN_AUDIT_ENTRY,3639,1835225394558359726,7265993245570087723,7145160339288061783,11919479346860010581,789,237,238,214,10,9,3,4,18446744073709542693,18446744073709550278,7,0,0,0,0,0,0,0,0,18446744073709551499,18446744073709551499,18446744073701896377,13,6840,0,0,1,3,18446744073709548136,18446744073709551030,18446744073709551030,61,1,1,1,8242954762181594215,0,0,7,2904915219690872816,0,1,1,0
PAWN_AUDIT_RESULT,3639,3,3,45,0,0,45,0,0,0,0,0
PAWN_AUDIT_ENTRY,3640,7265993245570087723,18431117313571812645,7145160339288061783,18292620048072929691,773,237,238,214,10,9,3,5,18446744073709544714,18446744073709548874,7,0,0,0,0,0,0,0,0,18446744073709551499,18446744073709551499,18446744073701896377,13,6841,0,0,1,3,18446744073709549055,18446744073709551030,18446744073709551030,61,1,1,1,8242954762181594215,0,0,7,2904915219690872816,0,1,1,0
PAWN_AUDIT_RESULT,3640,3,3,12,0,0,12,0,0,0,0,0
PAWN_AUDIT_ENTRY,3642,6931306978016131787,3449640213226179270,7145160339288061783,3490330176927565437,82,237,238,214,10,9,3,7,18446744073709551371,18446744073709550821,7,0,0,0,0,0,0,0,0,18446744073709551499,18446744073709551499,18446744073701896377,13,6843,0,0,1,2,18446744073709550131,3519,18446744073709550820,61,1,1,1,8242954762181594215,0,0,7,2904915219690872816,0,1,1,0
PAWN_AUDIT_RESULT,3642,3,3,47,0,0,47,0,0,0,0,0
PAWN_AUDIT_ENTRY,3643,3449640213226179270,8155099901124988883,7145160339288061783,16710425720951097153,771,237,238,214,10,9,2,8,18446744073709542467,18446744073709548874,7,0,0,0,0,0,0,0,0,18446744073709551499,18446744073709551499,18446744073701896377,13,6844,0,0,1,3,18446744073709548033,18446744073709551030,18446744073709551030,61,1,1,1,8242954762181594215,0,0,7,2904915219690872816,0,1,1,0
PAWN_AUDIT_RESULT,3643,2,2,27,0,0,27,0,0,0,0,0
PAWN_AUDIT_ENTRY,3644,8155099901124988883,9685051969003235481,7145160339288061783,15263943548821739274,794,237,238,214,10,9,2,9,18446744073709544714,18446744073709547777,7,0,0,0,0,0,0,0,0,18446744073709551499,18446744073709551499,18446744073701896377,13,6845,0,0,1,3,18446744073709549055,18446744073709551030,18446744073709551030,61,1,1,1,8242954762181594215,0,0,7,2904915219690872816,0,1,1,0
PAWN_AUDIT_RESULT,3644,2,2,31,0,0,31,0,0,0,0,0
PAWN_AUDIT_ENTRY,3649,3649199028565684864,4655232687175006379,5722788812166699101,8883018247897608286,1178,237,238,65,7,6,3,2,18446744073709546980,18446744073709550278,9,0,0,0,0,0,0,0,0,18446744073709551397,18446744073709551397,18446744073705308002,13,6861,0,0,1,1,18446744073709550085,18446744073709551030,18446744073709551030,46,2,1,1,11766337484913300048,0,0,9,4151116477607408061,0,0,1,0
PAWN_AUDIT_RESULT,3649,3,3,46,0,0,46,0,0,0,0,0
PAWN_AUDIT_ENTRY,3651,4260636570032966358,17045633270183293510,10090288112141153376,13270519863010155619,1178,237,238,130,9,8,5,2,18446744073709546560,18446744073709550278,7,0,0,0,0,0,0,0,0,18446744073709551511,18446744073709551511,18446744073706786681,13,6863,0,0,1,1,18446744073709549894,18446744073709551030,18446744073709551030,79,2,1,1,11766337484913300048,0,0,7,14375217243094031559,0,0,1,0
PAWN_AUDIT_RESULT,3651,5,5,58,0,0,58,0,0,0,0,0
PAWN_AUDIT_ENTRY,3653,15935848899131125970,4893109855278985208,10090288112141153376,3074399339809129691,339,237,238,130,9,8,4,4,18446744073709550384,18446744073709550278,7,0,0,0,0,0,0,0,0,18446744073709551511,18446744073709551511,18446744073706786681,13,6865,0,0,1,3,217,18446744073709550630,18446744073709551030,79,2,1,1,11766337484913300048,0,0,7,14375217243094031559,0,1,1,0
PAWN_AUDIT_RESULT,3653,4,4,87,0,0,87,0,0,0,0,0
PAWN_AUDIT_ENTRY,3654,4893109855278985208,4311866946602603196,10090288112141153376,1365474595312710316,332,237,238,178,9,8,3,6,18446744073709541844,18446744073709550278,7,0,0,0,0,0,0,0,0,18446744073709551511,18446744073709551511,18446744073706786681,13,6866,0,0,1,3,18446744073709547750,18446744073709551030,18446744073709551030,79,2,1,1,11766337484913300048,0,0,7,14375217243094031559,0,1,1,0
PAWN_AUDIT_RESULT,3654,3,3,79,0,0,79,0,0,0,0,0
PAWN_AUDIT_ENTRY,3656,4487963891911814149,15203726249381453971,10090288112141153376,715742865009722519,75,237,238,178,9,8,2,13,18446744073709544850,18446744073709550278,7,0,0,0,0,0,0,0,0,18446744073709551511,18446744073709551511,18446744073706786681,13,6868,0,0,1,2,18446744073709548771,105,18446744073709551030,79,2,1,1,11766337484913300048,0,0,7,14375217243094031559,0,1,1,0
PAWN_AUDIT_RESULT,3656,2,2,87,0,0,87,0,0,0,0,0
PAWN_AUDIT_ENTRY,3680,13504111822381889279,7149268907065722182,3055718127017723678,18013245511301706664,2283,237,238,202,9,8,4,5,18446744073709550340,18446744073709550278,7,0,0,0,0,0,0,0,0,18446744073709551169,18446744073709551169,18446744073707909332,13,6908,0,0,1,1,18446744073709551613,18446744073709551030,18446744073709551030,66,0,1,1,10092127147394620214,0,0,7,267641499543004874,0,0,1,0
PAWN_AUDIT_RESULT,3680,4,4,-483,0,0,-483,0,0,0,0,0
PAWN_AUDIT_ENTRY,3716,3610405913039422503,8617437821957796180,15244361586829441838,3829313146265052904,1076,18446744073709551612,18446744073709551613,18446744073709550881,10,9,2,14,18446744073709536722,18446744073709550278,5,0,0,0,0,0,0,0,1,18446744073709549853,18446744073709549853,18446744073707018989,13,7031,0,0,1,3,18446744073709545421,18446744073709551030,18446744073709551030,18446744073709551267,8,1,1,5460289079532033007,0,0,5,5851220040915326263,0,1,1,0
PAWN_AUDIT_RESULT,3716,2,2,-432,0,0,-432,0,0,0,0,0
PAWN_AUDIT_ENTRY,3719,8444097380254976498,13292284182988326165,1497565418660465116,15884999761226770372,3920,18446744073709551612,18446744073709551613,18446744073709551159,9,8,5,3,18446744073709550417,8081,5,0,0,0,0,0,0,0,0,18446744073709550686,18446744073709550686,18446744073700897043,13,7036,0,0,1,3,18446744073709551613,18446744073709551100,18446744073709551030,18446744073709551570,7,1,1,11090425736916188940,0,0,5,10841576523842529221,0,1,1,0
PAWN_AUDIT_RESULT,3719,5,5,-761,0,0,-761,0,0,0,0,0
PAWN_AUDIT_ENTRY,3720,13292284182988326165,4960740382504212379,1497565418660465116,11109630030779834830,3956,18446744073709551612,18446744073709551613,18446744073709551445,9,8,4,5,18446744073709550340,18446744073709548874,5,0,0,0,0,0,0,0,1,18446744073709550686,18446744073709550686,18446744073700897043,13,7037,0,0,1,3,18446744073709551613,18446744073709551030,18446744073709551030,18446744073709551570,7,1,1,11090425736916188940,0,0,5,10841576523842529221,0,1,1,0
PAWN_AUDIT_RESULT,3720,4,4,-432,0,0,-432,0,0,0,0,0
PAWN_AUDIT_ENTRY,3725,5830956721305005027,14223880654850273745,18138366205055445001,13610961847797659376,3,60,61,16,8,7,3,4,18446744073709542407,18446744073709550278,7,0,0,0,0,0,0,0,0,18446744073709551395,18446744073709551395,18446744073698904637,13,7049,0,0,1,4,18446744073709548006,18446744073709551030,18446744073709551030,18446744073709551584,3,1,1,8242954762181594215,0,0,7,12736333191568294062,0,1,1,0
PAWN_AUDIT_RESULT,3725,3,3,-84,0,0,-84,0,0,0,0,0
PAWN_AUDIT_ENTRY,3726,14223880654850273745,14536946873688603965,18138366205055445001,2214471188440342077,666,60,61,16,8,7,3,5,18446744073709542394,18446744073709550278,7,0,0,0,0,0,0,0,0,18446744073709551395,18446744073709551395,18446744073698904637,13,7050,0,0,1,1,18446744073709548000,18446744073709551030,18446744073709551030,18446744073709551584,3,1,1,8242954762181594215,0,0,7,12736333191568294062,0,0,1,0
PAWN_AUDIT_RESULT,3726,3,3,-69,0,0,-69,0,0,0,0,0
PAWN_AUDIT_ENTRY,3727,14536946873688603965,12150499769693569771,18138366205055445001,6707541602761857202,339,60,61,16,8,7,3,7,18446744073709548306,18446744073709547122,7,0,0,0,0,0,0,0,0,18446744073709551395,18446744073709551395,18446744073698904637,13,7051,0,0,1,3,18446744073709550993,18446744073709550630,18446744073709550814,18446744073709551584,3,1,1,8242954762181594215,0,0,7,12736333191568294062,0,1,1,0
PAWN_AUDIT_RESULT,3727,3,3,-77,0,0,-77,0,0,0,0,0
PAWN_AUDIT_ENTRY,3728,12150499769693569771,15136779589911051978,18138366205055445001,8041249342816907615,396,60,61,16,8,7,3,10,18446744073709548356,18446744073709546929,7,0,0,0,0,0,0,0,0,18446744073709551395,18446744073709551395,18446744073698904637,13,7052,0,0,1,2,18446744073709551420,18446744073709549612,18446744073709551030,18446744073709551584,3,1,1,8242954762181594215,0,0,7,12736333191568294062,0,1,1,0
PAWN_AUDIT_RESULT,3728,3,3,-55,0,0,-55,0,0,0,0,0
PAWN_AUDIT_ENTRY,3730,352798083516060473,13589684756440182378,2187542034773622705,9978745020168857319,396,60,61,21,7,6,3,3,18446744073709548949,18446744073709550350,5,0,0,0,0,0,0,0,0,18446744073709551417,18446744073709551417,18446744073700897043,13,7054,0,0,1,2,18446744073709551589,18446744073709551030,18446744073709549776,18446744073709551605,5,1,1,11090425736916188940,0,0,5,4000735885042540133,0,1,1,0
PAWN_AUDIT_RESULT,3730,3,3,-543,0,0,-543,0,0,0,0,0
PAWN_AUDIT_ENTRY,3731,13589684756440182378,6755128609645987118,2187542034773622705,13327883685725949706,339,60,61,21,7,6,2,5,18446744073709547851,18446744073709549944,5,0,0,0,0,0,0,0,0,18446744073709551417,18446744073709551417,18446744073700897043,13,7055,0,0,1,3,18446744073709550520,18446744073709550952,18446744073709551030,18446744073709551605,5,1,1,11090425736916188940,0,0,5,4000735885042540133,0,1,1,0
PAWN_AUDIT_RESULT,3731,2,2,-628,0,0,-628,0,0,0,0,0
PAWN_AUDIT_ENTRY,3790,4025101100108263947,12438870474797916030,6678662739774684452,14451851344041895026,396,237,238,138,8,7,4,2,18446744073709546247,18446744073709551557,9,0,0,0,0,0,0,0,0,18446744073709551573,18446744073709551573,1610028,13,7190,0,0,1,2,18446744073709549752,18446744073709551030,18446744073709551030,241,4,1,1,17943435391626604621,0,0,9,4106554800653346534,0,1,1,0
PAWN_AUDIT_RESULT,3790,4,4,121,0,0,121,0,0,0,0,0
PAWN_AUDIT_ENTRY,3791,12438870474797916030,9310093537102805869,6678662739774684452,577455461571583488,353,237,238,138,8,7,2,3,18446744073709535669,18446744073709550278,9,0,0,0,0,0,0,0,1,18446744073709551573,18446744073709551573,1610028,13,7191,0,0,1,3,18446744073709544942,18446744073709551030,18446744073709551030,241,4,1,1,17943435391626604621,0,0,9,4106554800653346534,0,1,1,0
PAWN_AUDIT_RESULT,3791,2,2,86,0,0,86,0,1,1,0,0
PAWN_AUDIT_ENTRY,3792,9310093537102805869,8448869831756887800,6678662739774684452,13379185441907755792,666,237,238,138,8,7,2,4,18446744073709541952,18446744073709550278,9,0,0,0,0,0,0,0,0,18446744073709551573,18446744073709551573,1610028,13,7193,0,0,1,1,18446744073709547799,18446744073709551030,18446744073709551030,241,4,1,1,17943435391626604621,0,0,9,4106554800653346534,0,0,1,0
PAWN_AUDIT_RESULT,3792,2,2,125,0,0,125,0,0,0,0,0
PAWN_AUDIT_ENTRY,3793,8448869831756887800,9893153655191126194,6678662739774684452,1150654127282932750,82,237,238,138,8,7,2,7,18446744073709541121,1389,9,0,0,0,0,0,0,0,0,18446744073709551573,18446744073709551573,1610028,13,7194,0,0,1,2,18446744073709547421,18446744073709551030,18446744073709551030,241,4,1,1,17943435391626604621,0,0,9,4106554800653346534,0,1,1,0
PAWN_AUDIT_RESULT,3793,2,2,142,0,0,142,0,0,0,0,0
PAWN_AUDIT_ENTRY,3794,9893153655191126194,13660498684278954596,6678662739774684452,5950555762506584695,405,237,238,142,8,7,2,8,18446744073709547021,18446744073709548866,9,0,0,0,0,0,0,0,0,18446744073709551573,18446744073709551573,1610028,13,7195,0,0,1,2,18446744073709550104,18446744073709551030,18446744073709551030,241,4,1,1,17943435391626604621,0,0,9,4106554800653346534,0,1,1,0
PAWN_AUDIT_RESULT,3794,2,2,118,0,0,118,0,0,0,0,0
PAWN_AUDIT_ENTRY,3796,1076157866291521812,9598791458178588724,17561611596474552550,6132480789696143453,339,237,238,140,8,7,4,2,18446744073709546359,2626,9,0,0,0,0,0,0,0,0,92,92,216180,13,7199,0,0,1,3,18446744073709549803,18446744073709551030,18446744073709551030,92,0,1,1,17943435391626604621,0,0,9,16340230174032011841,0,1,1,0
PAWN_AUDIT_RESULT,3796,4,4,166,0,0,166,0,0,0,0,0
PAWN_AUDIT_ENTRY,3797,9598791458178588724,5283329104576232377,17561611596474552550,11596752577833624012,82,237,238,166,8,7,3,3,18446744073709546972,2178,9,0,0,0,0,0,0,0,0,92,92,216180,13,7200,0,0,1,2,18446744073709548692,2193,18446744073709551030,92,0,1,1,17943435391626604621,0,0,9,16340230174032011841,0,1,1,0
PAWN_AUDIT_RESULT,3797,3,3,170,0,0,170,0,0,0,0,0
PAWN_AUDIT_ENTRY,3798,5283329104576232377,12815932978883598012,17561611596474552550,7464517274218088880,396,237,238,170,8,7,3,4,18446744073709546643,111,9,0,0,0,0,0,0,0,0,92,92,216180,13,7201,0,0,1,2,18446744073709549932,18446744073709551030,18446744073709551030,92,0,1,1,17943435391626604621,0,0,9,16340230174032011841,0,1,1,0
PAWN_AUDIT_RESULT,3798,3,3,162,0,0,162,0,0,0,0,0
PAWN_AUDIT_ENTRY,3799,12815932978883598012,18379099268988508540,17561611596474552550,575334987602303464,723,237,238,170,8,7,3,5,18446744073709547219,18446744073709550278,9,0,0,0,0,0,0,0,0,92,92,216180,13,7202,0,0,1,6,18446744073709550194,18446744073709551030,18446744073709551030,92,0,1,1,17943435391626604621,0,0,9,16340230174032011841,0,1,1,0
PAWN_AUDIT_RESULT,3799,3,3,25,0,0,25,0,0,0,0,0
PAWN_AUDIT_ENTRY,3800,18379099268988508540,8125343528861400527,17561611596474552550,3239861247776685905,724,237,238,170,8,7,2,6,18446744073709545821,18446744073709550278,9,0,0,0,0,0,0,0,0,92,92,216180,13,7203,0,0,1,6,18446744073709549558,18446744073709551030,18446744073709551030,92,0,1,1,17943435391626604621,0,0,9,16340230174032011841,0,1,1,0
PAWN_AUDIT_RESULT,3800,2,2,118,0,0,118,0,0,0,0,0
PAWN_AUDIT_ENTRY,3801,8125343528861400527,14203593664840251423,17561611596474552550,6834488989104159371,716,237,238,170,8,7,2,7,18446744073709547558,18446744073709548874,9,0,0,0,0,0,0,0,0,92,92,216180,13,7204,0,0,1,6,18446744073709550348,18446744073709551030,18446744073709551030,92,0,1,1,17943435391626604621,0,0,9,16340230174032011841,0,1,1,0
PAWN_AUDIT_RESULT,3801,2,2,83,0,0,83,0,0,0,0,0
PAWN_AUDIT_ENTRY,3802,14203593664840251423,12431022182456139196,17561611596474552550,7265623142444338409,708,237,238,170,8,7,2,8,18446744073709546747,18446744073709548874,9,0,0,0,0,0,0,0,0,92,92,216180,13,7205,0,0,1,6,18446744073709549979,18446744073709551030,18446744073709551030,92,0,1,1,17943435391626604621,0,0,9,16340230174032011841,0,1,1,0
PAWN_AUDIT_RESULT,3802,2,2,104,0,0,104,0,0,0,0,0
PAWN_AUDIT_ENTRY,3803,12431022182456139196,17863455961342403022,17561611596474552550,4322262217130817107,722,237,238,170,8,7,2,9,18446744073709543421,18446744073709550278,9,0,0,0,0,0,0,0,0,92,92,216180,13,7206,0,0,1,6,18446744073709548467,18446744073709551030,18446744073709551030,92,0,1,1,17943435391626604621,0,0,9,16340230174032011841,0,1,1,0
PAWN_AUDIT_RESULT,3803,2,2,108,0,0,108,0,0,0,0,0
PAWN_AUDIT_ENTRY,3804,17863455961342403022,13305221830664187031,17561611596474552550,1636049756736874194,666,237,238,170,8,7,2,10,18446744073709542878,18446744073709550278,9,0,0,0,0,0,0,0,0,92,92,216180,13,7207,0,0,1,1,18446744073709548220,18446744073709551030,18446744073709551030,92,0,1,1,17943435391626604621,0,0,9,16340230174032011841,0,0,1,0
PAWN_AUDIT_RESULT,3804,2,2,143,0,0,143,0,0,0,0,0
PAWN_AUDIT_ENTRY,3805,13305221830664187031,13145683926867839467,17561611596474552550,13354611926092347098,144,237,238,170,8,7,1,11,18446744073709541826,18446744073709550521,9,0,0,0,0,0,0,0,0,92,92,216180,13,7208,0,0,1,3,18446744073709547492,18446744073709551529,18446744073709551030,92,0,1,1,17943435391626604621,0,0,9,16340230174032011841,0,1,1,0
PAWN_AUDIT_RESULT,3805,1,1,179,0,0,179,0,0,0,0,0
PAWN_AUDIT_ENTRY,3806,13145683926867839467,2934418081265829507,17561611596474552550,12041368099782554562,353,237,238,179,8,7,1,13,18446744073709532360,18446744073709550278,9,0,0,0,0,0,0,0,1,92,92,216180,13,7209,0,0,1,3,18446744073709544942,18446744073709548021,18446744073709551030,92,0,1,1,17943435391626604621,0,0,9,16340230174032011841,0,1,1,0
PAWN_AUDIT_RESULT,3806,1,1,64,0,0,64,0,3,3,0,0
PAWN_AUDIT_ENTRY,3807,2934418081265829507,2342523002221996102,17561611596474552550,18270151664206675893,405,237,238,179,8,7,2,14,18446744073709546253,18446744073709548952,9,0,0,0,0,0,0,0,0,92,92,216180,13,7213,0,0,1,2,18446744073709550170,18446744073709551030,18446744073709550174,92,0,1,1,17943435391626604621,0,0,9,16340230174032011841,0,1,1,0
PAWN_AUDIT_RESULT,3807,2,2,152,0,0,152,0,0,0,0,0
PAWN_AUDIT_ENTRY,3809,15587664798856609019,1793396900354276233,5476501112106136596,6791545534204581893,259,237,238,235,10,9,6,4,18446744073709536569,1236,7,0,0,0,0,1,0,0,0,230,230,18446744073703683947,13,7217,0,0,1,6,18446744073709545351,18446744073709551030,18446744073709551030,244,6,1,1,9897406105434025940,0,0,7,11290633533732477293,0,1,1,0
PAWN_AUDIT_ENTRY,3811,16692234654319027809,12622856178424534219,5706943469928622754,16834086673579334169,339,237,238,201,8,7,4,2,18446744073709546509,2671,9,0,0,0,0,0,0,0,0,105,105,216180,13,7224,0,0,1,3,18446744073709549871,18446744073709551030,18446744073709551030,200,4,1,1,17943435391626604621,0,0,9,6791545534204581893,0,1,1,0
PAWN_AUDIT_RESULT,3811,4,4,177,0,0,177,0,0,0,0,0
PAWN_AUDIT_ENTRY,3812,12622856178424534219,17493139235517634797,5706943469928622754,15785970479625597940,396,237,238,201,8,7,4,3,18446744073709548396,59,9,0,0,0,0,0,0,0,0,105,105,216180,13,7225,0,0,1,2,18446744073709550729,18446744073709551030,18446744073709551030,200,4,1,1,17943435391626604621,0,0,9,6791545534204581893,0,1,1,0
PAWN_AUDIT_RESULT,3812,4,4,170,0,0,170,0,0,0,0,0
PAWN_AUDIT_ENTRY,3813,17493139235517634797,1230898739749054198,5706943469928622754,7265623142444338409,196,237,238,201,8,7,3,4,18446744073709550692,18446744073709548874,9,0,0,0,0,0,0,0,0,105,105,216180,13,7226,0,0,1,6,157,18446744073709551030,18446744073709551030,200,4,1,1,17943435391626604621,0,0,9,6791545534204581893,0,1,1,0
PAWN_AUDIT_RESULT,3813,3,3,104,0,0,104,0,0,0,0,0
PAWN_AUDIT_ENTRY,3814,1230898739749054198,15341941787469560155,5706943469928622754,419220283799784606,144,237,238,201,8,7,2,5,18446744073709543425,18446744073709551139,9,0,0,0,0,0,0,0,0,105,105,216180,13,7227,0,0,1,3,18446744073709548219,18446744073709551529,18446744073709551030,200,4,1,1,17943435391626604621,0,0,9,6791545534204581893,0,1,1,0
PAWN_AUDIT_RESULT,3814,2,2,155,0,0,155,0,0,0,0,0
PAWN_AUDIT_ENTRY,3815,15341941787469560155,15688357292773877324,5706943469928622754,12263346861351492758,666,237,238,201,8,7,2,6,18446744073709542113,18446744073709550278,9,0,0,0,0,0,0,0,0,105,105,216180,13,7228,0,0,1,1,18446744073709547872,18446744073709551030,18446744073709551030,200,4,1,1,17943435391626604621,0,0,9,6791545534204581893,0,0,1,0
PAWN_AUDIT_RESULT,3815,2,2,161,0,0,161,0,0,0,0,0
PAWN_AUDIT_ENTRY,3816,15688357292773877324,8153801542114053330,5706943469928622754,15116304258837687406,332,237,238,201,8,7,2,7,18446744073709540076,18446744073709550972,9,0,0,0,0,0,0,0,0,105,105,216180,13,7229,0,0,1,3,18446744073709546946,18446744073709551030,18446744073709551030,200,4,1,1,17943435391626604621,0,0,9,6791545534204581893,0,1,1,0
PAWN_AUDIT_RESULT,3816,2,2,150,0,0,150,0,0,0,0,0
PAWN_AUDIT_ENTRY,3817,8153801542114053330,17264204501018456033,5706943469928622754,6834488989104159371,204,237,238,201,8,7,2,8,18446744073709542379,18446744073709548874,9,0,0,0,0,0,0,0,0,105,105,216180,13,7230,0,0,1,6,18446744073709547993,18446744073709551030,18446744073709551030,200,4,1,1,17943435391626604621,0,0,9,6791545534204581893,0,1,1,0
PAWN_AUDIT_RESULT,3817,2,2,83,0,0,83,0,0,0,0,0
PAWN_AUDIT_ENTRY,3818,17264204501018456033,1254054803291231943,5706943469928622754,1990531764080724358,353,237,238,201,8,7,1,9,18446744073709532360,18446744073709550278,9,0,0,0,0,0,0,0,1,105,105,216180,13,7231,0,0,1,3,18446744073709544942,18446744073709548021,18446744073709551030,200,4,1,1,17943435391626604621,0,0,9,6791545534204581893,0,1,1,0
PAWN_AUDIT_RESULT,3818,1,1,171,0,0,171,0,2,2,0,0
PAWN_AUDIT_ENTRY,3819,1254054803291231943,15889306566958750567,5706943469928622754,4686237619928385009,405,237,238,201,8,7,1,13,18446744073709545633,18446744073709548671,9,0,0,0,0,0,0,0,0,105,105,216180,13,7234,0,0,1,2,18446744073709549888,18446744073709551030,18446744073709550174,200,4,1,1,17943435391626604621,0,0,9,6791545534204581893,0,1,1,0
PAWN_AUDIT_RESULT,3819,1,1,165,0,0,165,0,0,0,0,0
PAWN_AUDIT_RESULT,3809,6,6,205,0,0,205,0,17,17,0,0
PAWN_AUDIT_ENTRY,3820,15889306566958750567,7862871178702665637,5476501112106136596,12178712613094113824,666,237,238,235,10,9,7,5,18446744073709541858,18446744073709550278,7,0,0,0,0,1,0,0,0,230,230,18446744073703683947,13,7235,0,0,1,1,18446744073709547756,18446744073709551030,18446744073709551030,244,6,1,1,9897406105434025940,0,0,7,11290633533732477293,0,0,1,0
PAWN_AUDIT_RESULT,3820,7,7,201,0,0,201,0,7,7,0,0
PAWN_AUDIT_ENTRY,3825,17142588100923356629,10701885215509525268,5476501112106136596,1777963561207945008,353,237,238,235,10,9,4,6,18446744073709527434,18446744073709550278,7,0,0,0,0,1,0,0,1,230,230,18446744073703683947,13,7243,0,0,1,3,18446744073709544942,18446744073709547219,18446744073709547241,244,6,1,1,9897406105434025940,0,0,7,11290633533732477293,0,1,1,0
PAWN_AUDIT_RESULT,3825,4,4,237,0,0,237,0,0,0,0,0
PAWN_AUDIT_ENTRY,3826,10701885215509525268,9164367084800864418,5476501112106136596,4772564562067970887,405,237,238,237,10,9,6,7,18446744073709546379,18446744073709550224,7,0,0,0,0,1,0,0,0,230,230,18446744073703683947,13,7244,0,0,1,2,18446744073709549812,18446744073709551030,18446744073709551030,244,6,1,1,9897406105434025940,0,0,7,11290633533732477293,0,1,1,0
PAWN_AUDIT_RESULT,3826,6,6,155,0,0,155,0,0,0,0,0
PAWN_AUDIT_ENTRY,3827,9164367084800864418,1870428841334146854,5476501112106136596,16910421507449013423,339,237,238,237,10,9,6,8,18446744073709547230,18446744073709551190,7,0,0,0,0,1,0,0,0,230,230,18446744073703683947,13,7245,0,0,1,3,18446744073709550199,18446744073709551030,18446744073709551030,244,6,1,1,9897406105434025940,0,0,7,11290633533732477293,0,1,1,0
PAWN_AUDIT_RESULT,3827,6,6,195,0,0,195,0,7,7,0,0
PAWN_AUDIT_ENTRY,3830,7181427973247973107,17774690818167323427,5476501112106136596,17162156234553398802,536,237,238,237,10,9,5,9,18446744073709537563,18446744073709550278,7,0,0,0,0,1,0,0,0,230,230,18446744073703683947,13,7253,0,0,1,1,18446744073709545803,18446744073709551030,18446744073709551030,244,6,1,1,9897406105434025940,0,0,7,11290633533732477293,0,0,1,0
PAWN_AUDIT_RESULT,3830,5,5,174,0,0,174,0,0,0,0,0
PAWN_AUDIT_ENTRY,3831,17774690818167323427,6026618015065486405,5476501112106136596,495972957865955880,144,237,238,237,10,9,5,10,18446744073709542390,18446744073709550520,7,0,0,0,0,1,0,0,0,230,230,18446744073703683947,13,7254,0,0,1,3,18446744073709547998,18446744073709551030,18446744073709551030,244,6,1,1,9897406105434025940,0,0,7,11290633533732477293,0,1,1,0
PAWN_AUDIT_RESULT,3831,5,5,176,0,0,176,0,0,0,0,0
PAWN_AUDIT_ENTRY,3832,6026618015065486405,15116673383363451797,5476501112106136596,2258802652668183870,82,237,238,237,10,9,6,11,18446744073709551027,1548,7,0,0,0,0,1,0,0,0,230,230,18446744073703683947,13,7255,0,0,1,2,1366,18446744073709550030,18446744073709549883,244,6,1,1,9897406105434025940,0,0,7,11290633533732477293,0,1,1,0
PAWN_AUDIT_ENTRY,3834,15232833985153358502,4362335358721980334,6045454397442416656,6424655895577203249,3929,18446744073709551378,18446744073709551379,18446744073709551318,6,5,1,2,18446744073709537582,18446744073709550278,10,0,1,0,0,0,0,0,1,18446744073709551531,18446744073709551531,18446744073709299525,13,7261,0,0,0,11,18446744073709545812,18446744073709551030,18446744073709551030,32002,18446744073709551614,0,1,17943435391626604621,1,0,10,1021096093884905369,0,2,1,0
PAWN_AUDIT_RESULT,3834,1,1,-302,0,0,-302,0,4,4,0,0
PAWN_AUDIT_ENTRY,3836,2907993445913807767,476285842099855003,6045454397442416656,2490508723424759857,2853,18446744073709551378,18446744073709551379,18446744073709551318,6,5,1,4,18446744073709550340,18446744073709550278,10,0,1,0,0,0,0,0,0,18446744073709551531,18446744073709551531,18446744073709299525,13,7267,0,0,0,11,18446744073709551613,18446744073709551030,18446744073709551030,32002,18446744073709551614,0,1,17943435391626604621,1,0,10,1021096093884905369,0,2,1,0
PAWN_AUDIT_RESULT,3836,1,1,-399,0,0,-399,0,0,0,0,0
PAWN_AUDIT_ENTRY,3837,476285842099855003,12178587520460045563,6045454397442416656,10379216959423633663,3502,18446744073709551378,18446744073709551379,18446744073709551318,6,5,1,5,18446744073709546410,18446744073709550278,10,0,1,0,0,0,0,0,0,18446744073709551531,18446744073709551531,18446744073709299525,13,7268,0,0,0,9,18446744073709549826,18446744073709551030,18446744073709551030,32002,18446744073709551614,0,1,17943435391626604621,1,0,10,1021096093884905369,0,0,1,0
PAWN_AUDIT_RESULT,3837,1,1,-453,0,0,-453,0,0,0,0,0
PAWN_AUDIT_ENTRY,3838,12178587520460045563,16156344438915342494,6045454397442416656,1063687458588206180,3699,18446744073709551378,18446744073709551379,18446744073709551318,6,5,1,6,18446744073709545372,18446744073709550278,10,0,1,0,0,0,0,0,0,18446744073709551531,18446744073709551531,18446744073709299525,13,7269,0,0,0,10,18446744073709549334,18446744073709551030,18446744073709551071,32002,18446744073709551614,0,1,17943435391626604621,1,0,10,1021096093884905369,0,2,1,0
PAWN_AUDIT_RESULT,3838,1,1,-488,0,0,-488,0,0,0,0,0
PAWN_AUDIT_ENTRY,3839,16156344438915342494,18273052570602955439,6045454397442416656,6785403440468876206,3892,18446744073709551378,18446744073709551379,18446744073709551318,6,5,1,7,18446744073709542759,18446744073709550278,10,0,1,0,0,0,0,0,0,18446744073709551531,18446744073709551531,18446744073709299525,13,7270,0,0,0,14,18446744073709548611,18446744073709551030,18446744073709550113,32002,18446744073709551614,0,1,17943435391626604621,1,0,10,1021096093884905369,0,2,1,0
PAWN_AUDIT_RESULT,3839,1,1,-377,0,0,-377,0,0,0,0,0
PAWN_AUDIT_ENTRY,3840,18273052570602955439,18319292857436566370,6045454397442416656,13109500792657231126,2867,18446744073709551378,18446744073709551379,18446744073709551318,6,5,1,8,18446744073709542955,18446744073709550278,10,0,1,0,0,0,0,0,0,18446744073709551531,18446744073709551531,18446744073709299525,13,7271,0,0,0,11,18446744073709548255,18446744073709551030,18446744073709551030,32002,18446744073709551614,0,1,17943435391626604621,1,0,10,1021096093884905369,0,2,1,0
PAWN_AUDIT_RESULT,3840,1,1,-445,0,0,-445,0,0,0,0,0
PAWN_AUDIT_ENTRY,3841,18319292857436566370,10717593251808949834,6045454397442416656,3661366884469427502,2874,18446744073709551378,18446744073709551379,18446744073709551318,6,5,1,9,18446744073709542704,18446744073709550278,10,0,1,0,0,0,0,0,0,18446744073709551531,18446744073709551531,18446744073709299525,13,7272,0,0,0,11,18446744073709548141,18446744073709551030,18446744073709551030,32002,18446744073709551614,0,1,17943435391626604621,1,0,10,1021096093884905369,0,2,1,0
PAWN_AUDIT_RESULT,3841,1,1,-547,0,0,-547,0,0,0,0,0
PAWN_AUDIT_ENTRY,3842,10717593251808949834,1448179661017903077,6045454397442416656,11885639044161669672,4015,18446744073709551378,18446744073709551379,18446744073709551318,6,5,1,10,18446744073709543918,18446744073709548602,10,0,1,0,0,0,0,0,0,18446744073709551531,18446744073709551531,18446744073709299525,13,7273,0,0,0,10,18446744073709549525,18446744073709551030,18446744073709549315,32002,18446744073709551614,0,1,17943435391626604621,1,0,10,1021096093884905369,0,2,1,0
PAWN_AUDIT_RESULT,3842,1,1,-456,0,0,-456,0,0,0,0,0
PAWN_AUDIT_ENTRY,3843,1448179661017903077,13922610590182736781,6045454397442416656,14281467979303016965,2846,18446744073709551378,18446744073709551379,18446744073709551318,6,5,1,11,18446744073709542972,18446744073709550278,10,0,1,0,0,0,0,0,0,18446744073709551531,18446744073709551531,18446744073709299525,13,7274,0,0,0,11,18446744073709548498,18446744073709551030,18446744073709550545,32002,18446744073709551614,0,1,17943435391626604621,1,0,10,1021096093884905369,0,2,1,0
PAWN_AUDIT_RESULT,3843,1,1,-489,0,0,-489,0,0,0,0,0
PAWN_AUDIT_ENTRY,3844,13922610590182736781,7832894837973303262,6045454397442416656,17977901060984863053,2869,18446744073709551378,18446744073709551379,18446744073709551318,6,5,1,12,18446744073709542855,18446744073709550278,10,0,1,0,0,0,0,0,0,18446744073709551531,18446744073709551531,18446744073709299525,13,7275,0,0,0,11,18446744073709548523,18446744073709551030,18446744073709550384,32002,18446744073709551614,0,1,17943435391626604621,1,0,10,1021096093884905369,0,2,1,0
PAWN_AUDIT_RESULT,3844,1,1,-369,0,0,-369,0,0,0,0,0
PAWN_AUDIT_ENTRY,3845,7832894837973303262,12717198274690865526,6045454397442416656,14779680261411279077,3559,18446744073709551378,18446744073709551379,18446744073709551318,6,5,1,14,18446744073709540727,18446744073709550278,10,0,1,0,0,0,0,0,0,18446744073709551531,18446744073709551531,18446744073709299525,13,7276,0,0,0,9,18446744073709547242,18446744073709551030,18446744073709551030,32002,18446744073709551614,0,1,17943435391626604621,1,0,10,1021096093884905369,0,0,1,0
PAWN_AUDIT_RESULT,3845,1,1,-471,0,0,-471,0,0,0,0,0
PAWN_AUDIT_ENTRY,3846,12717198274690865526,7383460260501218421,6045454397442416656,16894928833458205252,3956,18446744073709551378,18446744073709551379,18446744073709551318,6,5,1,15,18446744073709539804,18446744073709550278,10,0,1,0,0,0,0,0,0,18446744073709551531,18446744073709551531,18446744073709299525,13,7277,0,0,0,11,18446744073709546822,18446744073709551030,18446744073709551030,32002,18446744073709551614,0,1,17943435391626604621,1,0,10,1021096093884905369,0,2,1,0
PAWN_AUDIT_RESULT,3846,1,1,-443,0,0,-443,0,0,0,0,0
PAWN_AUDIT_ENTRY,3847,7383460260501218421,15000046399020015628,6045454397442416656,14980147953921860575,3899,18446744073709551378,18446744073709551379,18446744073709551318,6,5,1,16,18446744073709538227,18446744073709550278,10,0,1,0,0,0,0,0,0,18446744073709551531,18446744073709551531,18446744073709299525,13,7278,0,0,0,14,18446744073709546105,18446744073709551030,18446744073709551030,32002,18446744073709551614,0,1,17943435391626604621,1,0,10,1021096093884905369,0,2,1,0
PAWN_AUDIT_ENTRY,3848,15000046399020015628,17541183876335118586,14980147953921860575,7586805366643446628,339,237,238,1,6,5,3,2,18446744073709551404,2671,11,0,0,0,0,0,0,0,0,37,37,196962,13,7281,0,0,0,3,444,18446744073709551104,18446744073709551030,201,2,1,1,17943435391626604621,2,0,11,6045454397442416656,0,3,1,0
PAWN_AUDIT_RESULT,3848,3,3,160,0,0,160,0,0,0,0,0
PAWN_AUDIT_ENTRY,3850,17423401491805412168,5073462642728448469,14980147953921860575,5360204298750688782,2128,237,238,160,6,5,2,4,18446744073709550340,18446744073709550278,11,0,0,0,0,0,0,0,0,37,37,196962,13,7283,0,0,0,2,18446744073709551613,18446744073709551030,18446744073709551030,201,2,1,1,17943435391626604621,2,0,11,6045454397442416656,0,3,1,0
PAWN_AUDIT_RESULT,3850,2,2,80,0,0,80,0,0,0,0,0
PAWN_AUDIT_ENTRY,3851,5073462642728448469,2338818325518483227,14980147953921860575,15970950801513713614,259,237,238,201,6,5,1,8,18446744073709547448,18446744073709549300,11,0,0,0,0,0,0,0,0,37,37,196962,13,7284,0,0,0,6,18446744073709550443,18446744073709551030,18446744073709550731,201,2,1,1,17943435391626604621,2,0,11,6045454397442416656,0,3,1,0
PAWN_AUDIT_RESULT,3851,1,1,154,0,0,154,0,0,0,0,0
PAWN_AUDIT_RESULT,3847,1,1,-201,1,6,-201,0,1,7,1,1
PAWN_AUDIT_ENTRY,3855,10898250331617882296,5247543717799042792,1021096093884905369,12143458342929270562,339,237,238,214,8,7,4,3,18446744073709548424,3057,9,0,0,0,0,1,0,0,0,94,94,216180,13,7290,0,0,1,3,899,18446744073709551030,18446744073709547376,196,7,1,1,17943435391626604621,0,0,9,2258802652668183870,0,1,1,0
PAWN_AUDIT_RESULT,3855,4,4,237,0,0,237,0,4,4,0,0
PAWN_AUDIT_ENTRY,3857,8435850165491752612,4975207661635756400,1021096093884905369,2047927732019780488,259,237,238,237,8,7,3,4,18446744073709550465,18446744073709550897,9,0,0,0,0,1,0,0,0,94,94,216180,13,7295,0,0,1,6,54,18446744073709551030,18446744073709551030,196,7,1,1,17943435391626604621,0,0,9,2258802652668183870,0,1,1,0
PAWN_AUDIT_RESULT,3857,3,3,201,0,0,201,0,0,0,0,0
PAWN_AUDIT_ENTRY,3859,14415660478109544876,8829998567254095303,1021096093884905369,6523254820108833981,353,237,238,237,8,7,1,26,18446744073709529542,18446744073709550278,9,0,0,0,0,1,0,0,1,94,94,216180,13,7297,0,0,1,3,18446744073709544942,18446744073709546634,18446744073709549818,196,7,1,1,17943435391626604621,0,0,9,2258802652668183870,0,1,1,0
PAWN_AUDIT_RESULT,3859,1,1,196,0,0,196,0,0,0,0,0
PAWN_AUDIT_RESULT,3832,6,6,237,0,0,237,0,42,42,0,0
PAWN_AUDIT_ENTRY,3860,8829998567254095303,2960956871462107489,5476501112106136596,10415223518226373886,991,237,238,237,10,9,5,12,18446744073709536322,18446744073709550278,7,0,0,0,0,1,0,0,0,230,230,18446744073703683947,13,7298,0,0,1,1,18446744073709545239,18446744073709551030,18446744073709551030,244,6,1,1,9897406105434025940,0,0,7,11290633533732477293,0,0,1,0
PAWN_AUDIT_RESULT,3860,5,5,185,0,0,185,0,1,1,0,0
PAWN_AUDIT_ENTRY,3861,2960956871462107489,9616816257176813921,5476501112106136596,15053191726387444149,983,237,238,237,10,9,5,13,18446744073709536487,18446744073709550278,7,0,0,0,0,1,0,0,0,230,230,18446744073703683947,13,7300,0,0,1,1,18446744073709545314,18446744073709551030,18446744073709551030,244,6,1,1,9897406105434025940,0,0,7,11290633533732477293,0,0,1,0
PAWN_AUDIT_RESULT,3861,5,5,162,0,0,162,0,0,0,0,0
PAWN_AUDIT_ENTRY,3862,9616816257176813921,4962071214260750485,5476501112106136596,4352081504149462956,269,237,238,237,10,9,4,14,18446744073709535031,18446744073709550489,7,0,0,0,0,1,0,0,0,230,230,18446744073703683947,13,7301,0,0,1,6,18446744073709544652,18446744073709551030,18446744073709551030,244,6,1,1,9897406105434025940,0,0,7,11290633533732477293,0,1,1,0
PAWN_AUDIT_RESULT,3862,4,4,195,0,0,195,0,0,0,0,0
PAWN_AUDIT_ENTRY,3863,4962071214260750485,12435349861704899141,5476501112106136596,15200973403737830104,332,237,238,237,10,9,5,15,18446744073709539628,18446744073709548631,7,0,0,0,0,1,0,0,0,230,230,18446744073703683947,13,7302,0,0,1,3,18446744073709546742,18446744073709551030,18446744073709551030,244,6,1,1,9897406105434025940,0,0,7,11290633533732477293,0,1,1,0
PAWN_AUDIT_RESULT,3863,5,5,198,0,0,198,0,1,1,0,0
PAWN_AUDIT_ENTRY,3864,12435349861704899141,17841153875977293851,5476501112106136596,11920830173355000050,918,237,238,237,10,9,4,16,18446744073709535082,18446744073709550278,7,0,0,0,0,1,0,0,0,230,230,18446744073703683947,13,7304,0,0,1,1,18446744073709544675,18446744073709551030,18446744073709551030,244,6,1,1,9897406105434025940,0,0,7,11290633533732477293,0,0,1,0
PAWN_AUDIT_RESULT,3864,4,4,172,0,0,172,0,0,0,0,0
PAWN_AUDIT_ENTRY,3865,17841153875977293851,8354900479622423614,5476501112106136596,13180052011660895179,157,237,238,237,10,9,4,17,18446744073709536360,18446744073709549668,7,0,0,0,0,1,0,0,0,230,230,18446744073703683947,13,7305,0,0,1,3,18446744073709545256,18446744073709551030,18446744073709551030,244,6,1,1,9897406105434025940,0,0,7,11290633533732477293,0,1,1,0
PAWN_AUDIT_RESULT,3865,4,4,197,0,0,197,0,0,0,0,0
PAWN_AUDIT_ENTRY,3866,8354900479622423614,16026240418667361617,5476501112106136596,9484392124472278997,407,237,238,237,10,9,5,18,18446744073709537066,18446744073709549257,7,0,0,0,0,1,0,0,0,230,230,18446744073703683947,13,7306,0,0,1,2,18446744073709545577,18446744073709551030,18446744073709551030,244,6,1,1,9897406105434025940,0,0,7,11290633533732477293,0,1,1,0
PAWN_AUDIT_RESULT,3866,5,5,233,0,0,233,0,1,1,0,0
PAWN_AUDIT_ENTRY,3867,16026240418667361617,15970463314403544760,5476501112106136596,4457409344711455215,658,237,238,237,10,9,4,19,18446744073709535190,18446744073709550278,7,0,0,0,0,1,0,0,0,230,230,18446744073703683947,13,7308,0,0,1,1,18446744073709544724,18446744073709551030,18446744073709551030,244,6,1,1,9897406105434025940,0,0,7,11290633533732477293,0,0,1,0
PAWN_AUDIT_RESULT,3867,4,4,178,0,0,178,0,0,0,0,0
PAWN_AUDIT_ENTRY,3868,15970463314403544760,17233343421793697634,5476501112106136596,5617860362959882345,926,237,238,237,10,9,4,20,18446744073709534567,18446744073709550278,7,0,0,0,0,1,0,0,0,230,230,18446744073703683947,13,7309,0,0,1,1,18446744073709544441,18446744073709551030,18446744073709551030,244,6,1,1,9897406105434025940,0,0,7,11290633533732477293,0,0,1,0
PAWN_AUDIT_RESULT,3868,4,4,127,0,0,127,0,0,0,0,0
PAWN_AUDIT_ENTRY,3869,17233343421793697634,17638410337788413889,5476501112106136596,7321813819674293992,137,237,238,237,10,9,4,21,18446744073709535979,18446744073709549494,7,0,0,0,0,1,0,0,0,230,230,18446744073703683947,13,7310,0,0,1,3,18446744073709545083,18446744073709551030,18446744073709551030,244,6,1,1,9897406105434025940,0,0,7,11290633533732477293,0,1,1,0
PAWN_AUDIT_RESULT,3869,4,4,189,0,0,189,0,0,0,0,0
PAWN_AUDIT_ENTRY,3870,17638410337788413889,17305337570414721234,5476501112106136596,6481081410580810029,148,237,238,237,10,9,4,22,18446744073709535423,18446744073709549581,7,0,0,0,0,1,0,0,0,230,230,18446744073703683947,13,7311,0,0,1,3,18446744073709544830,18446744073709551030,18446744073709551030,244,6,1,1,9897406105434025940,0,0,7,11290633533732477293,0,1,1,0
PAWN_AUDIT_RESULT,3870,4,4,194,0,0,194,0,0,0,0,0
PAWN_AUDIT_ENTRY,3871,17305337570414721234,2476224226541235245,5476501112106136596,7970485286494175757,139,237,238,237,10,9,5,24,18446744073709540787,18446744073709549973,7,0,0,0,0,1,0,0,0,230,230,18446744073703683947,13,7312,0,0,1,3,18446744073709547339,18446744073709551030,18446744073709550886,244,6,1,1,9897406105434025940,0,0,7,11290633533732477293,0,1,1,0
PAWN_AUDIT_RESULT,3871,5,5,187,0,0,187,0,1,1,0,0
PAWN_AUDIT_ENTRY,3872,2476224226541235245,15721181130175974383,5476501112106136596,14344497608562773862,80,237,238,237,10,9,4,25,18446744073709534849,18446744073709549505,7,0,0,0,0,1,0,0,0,230,230,18446744073703683947,13,7314,0,0,1,2,18446744073709544569,18446744073709551030,18446744073709551030,244,6,1,1,9897406105434025940,0,0,7,11290633533732477293,0,1,1,0
PAWN_AUDIT_RESULT,3872,4,4,171,0,0,171,0,0,0,0,0
PAWN_AUDIT_ENTRY,3873,15721181130175974383,15737531476302098736,5476501112106136596,11470163172445208820,528,237,238,237,10,9,4,26,18446744073709534748,18446744073709550278,7,0,0,0,0,1,0,0,0,230,230,18446744073703683947,13,7315,0,0,1,1,18446744073709544523,18446744073709551030,18446744073709551030,244,6,1,1,9897406105434025940,0,0,7,11290633533732477293,0,0,1,0
PAWN_AUDIT_RESULT,3873,4,4,183,0,0,183,0,0,0,0,0
PAWN_AUDIT_ENTRY,3874,15737531476302098736,12997987696130351648,5476501112106136596,14549234266119062755,75,237,238,237,10,9,5,28,18446744073709540670,18446744073709548624,7,0,0,0,0,1,0,0,0,230,230,18446744073703683947,13,7316,0,0,1,2,18446744073709547216,18446744073709551030,18446744073709551030,244,6,1,1,9897406105434025940,0,0,7,11290633533732477293,0,1,1,0
PAWN_AUDIT_RESULT,3874,5,5,182,0,0,182,0,0,0,0,0
PAWN_AUDIT_ENTRY,3882,12055896896495613952,13192197368662309442,2053951240038288960,1063135202635489873,259,237,238,139,6,5,2,4,18446744073709550465,18446744073709549694,7,0,0,0,0,0,0,0,0,18446744073709551587,18446744073709551587,2078908,13,7330,0,0,1,6,54,18446744073709551030,18446744073709551030,259,9,1,1,13343491483384136489,0,0,7,8706320579420132738,0,1,1,0
PAWN_AUDIT_RESULT,3882,2,2,99,0,0,99,0,0,0,0,0
PAWN_AUDIT_ENTRY,3886,5729089166369110531,8006243902017037287,877648992534693744,2192711006822280033,259,237,238,237,10,9,7,5,18446744073709549689,18446744073709548495,5,0,0,0,0,1,0,0,0,207,207,18446744073703688087,13,7336,0,0,0,6,18446744073709550994,18446744073709550934,178,244,8,1,1,14516473580057910448,0,0,5,3344241086879667171,0,1,1,0
PAWN_AUDIT_RESULT,3886,7,7,209,0,0,209,0,7,7,0,0
PAWN_AUDIT_ENTRY,3887,8006243902017037287,10778759437050398578,877648992534693744,12286835050301061067,339,237,238,237,10,9,7,6,18446744073709551548,18446744073709551195,5,0,0,0,0,1,0,0,0,207,207,18446744073703688087,13,7344,0,0,0,3,2271,18446744073709551030,18446744073709547476,244,8,1,1,14516473580057910448,0,0,5,3344241086879667171,0,1,1,0
PAWN_AUDIT_RESULT,3887,7,7,229,0,0,229,0,3,3,0,0
PAWN_AUDIT_ENTRY,3888,10778759437050398578,8209008064861878267,877648992534693744,16802089348128829764,666,237,238,237,10,9,6,7,18446744073709543494,18446744073709550278,5,0,0,0,0,1,0,0,0,207,207,18446744073703688087,13,7348,0,0,0,1,18446744073709548500,18446744073709551030,18446744073709551030,244,8,1,1,14516473580057910448,0,0,5,3344241086879667171,0,0,1,0
PAWN_AUDIT_RESULT,3888,6,6,189,0,0,189,0,12,12,0,0
PAWN_AUDIT_ENTRY,3897,1022149891523587927,5251925441834713910,877648992534693744,5101581542498525516,144,237,238,237,10,9,5,8,18446744073709540369,487,5,0,0,0,0,1,0,0,0,207,207,18446744073703688087,13,7361,0,0,0,3,18446744073709548047,18446744073709549305,18446744073709550813,244,8,1,1,14516473580057910448,0,0,5,3344241086879667171,0,1,1,0
PAWN_AUDIT_RESULT,3897,5,5,235,0,0,235,0,0,0,0,0
PAWN_AUDIT_ENTRY,3898,5251925441834713910,3503612913036448564,877648992534693744,11739284859738165541,267,237,238,237,10,9,5,9,18446744073709542197,18446744073709549325,5,0,0,0,0,1,0,0,0,207,207,18446744073703688087,13,7362,0,0,0,6,18446744073709548337,18446744073709550712,18446744073709550478,244,8,1,1,14516473580057910448,0,0,5,3344241086879667171,0,1,1,0
PAWN_AUDIT_RESULT,3898,5,5,157,0,0,157,0,0,0,0,0
PAWN_AUDIT_ENTRY,3899,3503612913036448564,8928293809266623074,877648992534693744,150298342972287011,405,237,238,237,10,9,5,10,18446744073709541334,18446744073709550420,5,0,0,0,0,1,0,0,0,207,207,18446744073703688087,13,7363,0,0,0,2,18446744073709549803,18446744073709551030,18446744073709546322,244,8,1,1,14516473580057910448,0,0,5,3344241086879667171,0,1,1,0
PAWN_AUDIT_RESULT,3899,5,5,162,0,0,162,0,0,0,0,0
PAWN_AUDIT_ENTRY,3900,8928293809266623074,18198073296161005822,877648992534693744,10581996090744668604,332,237,238,237,10,9,5,11,18446744073709538823,18446744073709550138,5,0,0,0,0,1,0,0,0,207,207,18446744073703688087,13,7364,0,0,0,3,18446744073709546717,18446744073709551030,18446744073709550328,244,8,1,1,14516473580057910448,0,0,5,3344241086879667171,0,1,1,0
PAWN_AUDIT_RESULT,3900,5,5,221,0,0,221,0,1,1,0,0
PAWN_AUDIT_ENTRY,3901,18198073296161005822,16736992150261935136,877648992534693744,14101102237559426225,407,237,238,237,10,9,5,12,18446744073709536975,18446744073709550732,5,0,0,0,0,1,0,0,0,207,207,18446744073703688087,13,7366,0,0,0,2,18446744073709545536,18446744073709551030,18446744073709551030,244,8,1,1,14516473580057910448,0,0,5,3344241086879667171,0,1,1,0
PAWN_AUDIT_RESULT,3901,5,5,177,0,0,177,0,0,0,0,0
PAWN_AUDIT_ENTRY,3902,16736992150261935136,562029639450719911,877648992534693744,12538658596811122038,536,237,238,237,10,9,5,13,18446744073709537055,18446744073709550278,5,0,0,0,0,1,0,0,0,207,207,18446744073703688087,13,7367,0,0,0,1,18446744073709545572,18446744073709551030,18446744073709551030,244,8,1,1,14516473580057910448,0,0,5,3344241086879667171,0,0,1,0
PAWN_AUDIT_RESULT,3902,5,5,233,0,0,233,0,2,2,0,0
PAWN_AUDIT_ENTRY,3903,562029639450719911,3188169017026693102,877648992534693744,3364931668835709289,139,237,238,237,10,9,4,14,18446744073709537032,731,5,0,0,0,0,1,0,0,0,207,207,18446744073703688087,13,7370,0,0,0,3,18446744073709547263,18446744073709550884,18446744073709547675,244,8,1,1,14516473580057910448,0,0,5,3344241086879667171,0,1,1,0
PAWN_AUDIT_RESULT,3903,4,4,170,0,0,170,0,0,0,0,0
PAWN_AUDIT_ENTRY,3904,3188169017026693102,7853930207751927340,877648992534693744,15034202198696390554,991,237,238,237,10,9,4,15,18446744073709536045,18446744073709550278,5,0,0,0,0,1,0,0,0,207,207,18446744073703688087,13,7371,0,0,0,1,18446744073709545113,18446744073709551030,18446744073709551030,244,8,1,1,14516473580057910448,0,0,5,3344241086879667171,0,0,1,0
PAWN_AUDIT_RESULT,3904,4,4,176,0,0,176,0,0,0,0,0
PAWN_AUDIT_ENTRY,3905,7853930207751927340,1034894683583051142,877648992534693744,17782052858206933167,157,237,238,237,10,9,4,16,18446744073709536236,18446744073709550006,5,0,0,0,0,1,0,0,0,207,207,18446744073703688087,13,7372,0,0,0,3,18446744073709545200,18446744073709551030,18446744073709551030,244,8,1,1,14516473580057910448,0,0,5,3344241086879667171,0,1,1,0
PAWN_AUDIT_RESULT,3905,4,4,182,0,0,182,0,0,0,0,0
PAWN_AUDIT_ENTRY,3906,1034894683583051142,10168194346031125899,877648992534693744,10433107212115151569,983,237,238,237,10,9,4,17,18446744073709535644,18446744073709550278,5,0,0,0,0,1,0,0,0,207,207,18446744073703688087,13,7373,0,0,0,1,18446744073709545139,18446744073709551030,18446744073709550601,244,8,1,1,14516473580057910448,0,0,5,3344241086879667171,0,0,1,0
PAWN_AUDIT_RESULT,3906,4,4,163,0,0,163,0,0,0,0,0
PAWN_AUDIT_ENTRY,3907,10168194346031125899,6010923060384826993,877648992534693744,2716294296556258700,137,237,238,237,10,9,4,18,18446744073709535587,18446744073709550060,5,0,0,0,0,1,0,0,0,207,207,18446744073703688087,13,7374,0,0,0,3,18446744073709545016,18446744073709550807,18446744073709551030,244,8,1,1,14516473580057910448,0,0,5,3344241086879667171,0,1,1,0
PAWN_AUDIT_RESULT,3907,4,4,167,0,0,167,0,0,0,0,0
PAWN_AUDIT_ENTRY,3908,6010923060384826993,2601223643202956481,877648992534693744,16519540189031953302,918,237,238,237,10,9,4,19,18446744073709534987,18446744073709550278,5,0,0,0,0,1,0,0,0,207,207,18446744073703688087,13,7375,0,0,0,1,18446744073709544632,18446744073709551030,18446744073709551030,244,8,1,1,14516473580057910448,0,0,5,3344241086879667171,0,0,1,0
PAWN_AUDIT_RESULT,3908,4,4,167,0,0,167,0,0,0,0,0
PAWN_AUDIT_ENTRY,3909,2601223643202956481,11992390108032454551,877648992534693744,1864231385176357449,148,237,238,237,10,9,4,20,18446744073709535352,18446744073709550038,5,0,0,0,0,1,0,0,0,207,207,18446744073703688087,13,7376,0,0,0,3,18446744073709544798,18446744073709551030,18446744073709551030,244,8,1,1,14516473580057910448,0,0,5,3344241086879667171,0,1,1,0
PAWN_AUDIT_RESULT,3909,4,4,168,0,0,168,0,0,0,0,0
PAWN_AUDIT_ENTRY,3910,11992390108032454551,11954291009041537328,877648992534693744,14737666610664564635,1828,237,238,237,10,9,4,21,18446744073709534682,18446744073709550278,5,0,0,0,0,1,0,0,0,207,207,18446744073703688087,13,7377,0,0,0,1,18446744073709544493,18446744073709551030,18446744073709551030,244,8,1,1,14516473580057910448,0,0,5,3344241086879667171,0,0,1,0
PAWN_AUDIT_RESULT,3910,4,4,93,0,0,93,0,0,0,0,0
PAWN_AUDIT_ENTRY,3911,11954291009041537328,15038917194374877698,877648992534693744,997793167587949325,926,237,238,237,10,9,4,22,18446744073709534563,18446744073709550278,5,0,0,0,0,1,0,0,0,207,207,18446744073703688087,13,7378,0,0,0,1,18446744073709544439,18446744073709551030,18446744073709551030,244,8,1,1,14516473580057910448,0,0,5,3344241086879667171,0,0,1,0
PAWN_AUDIT_RESULT,3911,4,4,124,0,0,124,0,0,0,0,0
PAWN_AUDIT_ENTRY,3912,15038917194374877698,4820764983271351439,877648992534693744,9076336047420654219,658,237,238,237,10,9,4,23,18446744073709534688,18446744073709550127,5,0,0,0,0,1,0,0,0,207,207,18446744073703688087,13,7379,0,0,0,1,18446744073709544680,18446744073709551030,18446744073709550651,244,8,1,1,14516473580057910448,0,0,5,3344241086879667171,0,0,1,0
PAWN_AUDIT_RESULT,3912,4,4,192,0,0,192,0,0,0,0,0
PAWN_AUDIT_ENTRY,3913,4820764983271351439,10536238930626278196,877648992534693744,9927968636963354503,75,237,238,237,10,9,5,26,18446744073709537048,18446744073709549954,5,0,0,0,0,1,0,0,0,207,207,18446744073703688087,13,7380,0,0,0,2,18446744073709546845,18446744073709550754,18446744073709548685,244,8,1,1,14516473580057910448,0,0,5,3344241086879667171,0,1,1,0
PAWN_AUDIT_RESULT,3913,5,5,234,0,0,234,0,1,1,0,0
PAWN_AUDIT_ENTRY,3914,10536238930626278196,11422391219942983504,6679908786637792460,1608262116292985584,144,237,238,237,15,14,12,2,18446744073709538116,4750,3,0,0,0,0,1,0,0,0,101,101,18446744073696505985,13,7382,0,0,1,3,18446744073709548047,18446744073709549017,18446744073709548999,248,13,1,1,11090425736916188940,0,0,3,3962983323243074868,0,1,1,0
PAWN_AUDIT_RESULT,3914,12,12,237,0,0,237,0,0,0,0,0
PAWN_AUDIT_ENTRY,3916,16887112229803631344,2485697276240590686,12783115304158510288,6081466443280370404,666,60,61,35,8,7,4,2,18446744073709543874,18446744073709550278,5,0,0,0,0,0,0,0,0,18446744073709551518,18446744073709551518,18446744073701861333,13,7390,0,0,1,1,18446744073709548673,18446744073709551030,18446744073709551030,18446744073709551611,4,1,1,8242954762181594215,0,0,5,18022948160385553527,0,0,1,0
PAWN_AUDIT_RESULT,3916,4,4,-36,0,0,-36,0,0,0,0,0
PAWN_AUDIT_ENTRY,3918,16410829160221829647,10222829635358980474,12783115304158510288,11756266073803165889,259,60,61,35,8,7,3,4,18446744073709546689,18446744073709547931,5,0,0,0,0,0,0,0,0,18446744073709551518,18446744073709551518,18446744073701861333,13,7392,0,0,1,6,18446744073709550541,18446744073709551030,18446744073709549818,18446744073709551611,4,1,1,8242954762181594215,0,0,5,18022948160385553527,0,1,1,0
PAWN_AUDIT_RESULT,3918,3,3,-49,0,0,-49,0,0,0,0,0
PAWN_AUDIT_ENTRY,3929,15973740406914082006,1213300614878224146,3319265979096174085,15638723112507597885,4015,18446744073709551555,18446744073709551556,18446744073709551555,6,5,1,3,18446744073709541731,18446744073709549886,6,0,1,0,0,0,0,0,0,18446744073709551555,18446744073709551613,18446744073708437227,13,7421,0,0,1,10,18446744073709547822,18446744073709551030,18446744073709550775,18446744073709551555,4,1,1,5613493378099684734,0,0,6,12783115304158510288,0,1,1,0
PAWN_AUDIT_RESULT,3929,1,1,-62,0,0,-62,0,0,0,0,0
PAWN_AUDIT_ENTRY,3930,1213300614878224146,13803559289802446992,3319265979096174085,2656371798979804196,3929,18446744073709551555,18446744073709551556,18446744073709551555,6,5,1,4,18446744073709536408,18446744073709550278,6,0,1,0,0,0,0,0,1,18446744073709551555,18446744073709551613,18446744073708437227,13,7422,0,0,1,11,18446744073709545417,18446744073709550926,18446744073709550851,18446744073709551555,4,1,1,5613493378099684734,0,0,6,12783115304158510288,0,1,1,0
PAWN_AUDIT_RESULT,3930,1,1,-107,0,0,-107,0,1,1,0,0
PAWN_AUDIT_ENTRY,3931,13803559289802446992,15302814584793820703,3319265979096174085,14285404890835513621,3104,18446744073709551555,18446744073709551556,18446744073709551555,6,5,1,5,18446744073709540593,18446744073709550278,6,0,1,0,0,0,0,0,0,18446744073709551555,18446744073709551613,18446744073708437227,13,7424,0,0,1,9,18446744073709547181,18446744073709551030,18446744073709551030,18446744073709551555,4,1,1,5613493378099684734,0,0,6,12783115304158510288,0,0,1,0
PAWN_AUDIT_RESULT,3931,1,1,-74,0,0,-74,0,0,0,0,0
PAWN_AUDIT_ENTRY,3932,15302814584793820703,5436733563684357446,3319265979096174085,17155077024623313760,4020,18446744073709551555,18446744073709551556,18446744073709551555,6,5,1,7,18446744073709544710,18446744073709550234,6,0,1,0,0,0,0,0,0,18446744073709551555,18446744073709551613,18446744073708437227,13,7425,0,0,1,10,18446744073709549053,18446744073709551030,18446744073709551030,18446744073709551555,4,1,1,5613493378099684734,0,0,6,12783115304158510288,0,1,1,0
PAWN_AUDIT_RESULT,3932,1,1,-61,0,0,-61,0,0,0,0,0
PAWN_AUDIT_ENTRY,3933,5436733563684357446,9515588032017466242,3319265979096174085,2584848580127602107,3892,18446744073709551555,18446744073709551556,18446744073709551555,6,5,1,8,18446744073709539939,18446744073709550278,6,0,1,0,0,0,0,0,0,18446744073709551555,18446744073709551613,18446744073708437227,13,7426,0,0,1,14,18446744073709547221,18446744073709551030,18446744073709550335,18446744073709551555,4,1,1,5613493378099684734,0,0,6,12783115304158510288,0,1,1,0
PAWN_AUDIT_RESULT,3933,1,1,-150,0,0,-150,0,0,0,0,0
PAWN_AUDIT_ENTRY,3934,9515588032017466242,1514986939311752058,3319265979096174085,10917704259960446033,3956,18446744073709551555,18446744073709551556,18446744073709551555,6,5,1,10,18446744073709538429,18446744073709550278,6,0,1,0,0,0,0,0,0,18446744073709551555,18446744073709551613,18446744073708437227,13,7427,0,0,1,11,18446744073709546197,18446744073709551030,18446744073709551030,18446744073709551555,4,1,1,5613493378099684734,0,0,6,12783115304158510288,0,1,1,0
PAWN_AUDIT_RESULT,3934,1,1,-67,0,0,-67,0,0,0,0,0
PAWN_AUDIT_ENTRY,3935,1514986939311752058,2318256374036420875,3319265979096174085,15025555048585659776,3177,18446744073709551555,18446744073709551556,18446744073709551555,6,5,1,11,18446744073709542014,18446744073709550278,6,0,1,0,0,0,0,0,0,18446744073709551555,18446744073709551613,18446744073708437227,13,7428,0,0,1,9,18446744073709546858,18446744073709551030,1411,18446744073709551555,4,1,1,5613493378099684734,0,0,6,12783115304158510288,0,0,1,0
PAWN_AUDIT_RESULT,3935,1,1,-74,0,0,-74,0,0,0,0,0
PAWN_AUDIT_ENTRY,3936,2318256374036420875,6697170171906096570,3319265979096174085,17932882233331730421,3893,18446744073709551555,18446744073709551556,18446744073709551555,6,5,1,12,18446744073709539680,18446744073709550278,6,0,1,0,0,0,0,0,0,18446744073709551555,18446744073709551613,18446744073708437227,13,7429,0,0,1,14,18446744073709545649,18446744073709551030,1715,18446744073709551555,4,1,1,5613493378099684734,0,0,6,12783115304158510288,0,1,1,0
PAWN_AUDIT_RESULT,3936,1,1,-82,0,0,-82,0,0,0,0,0
PAWN_AUDIT_ENTRY,3937,6697170171906096570,17035677811254728822,3319265979096174085,12749227137797750512,3559,18446744073709551555,18446744073709551556,18446744073709551555,6,5,1,13,18446744073709538764,18446744073709550278,6,0,1,0,0,0,0,0,0,18446744073709551555,18446744073709551613,18446744073708437227,13,7430,0,0,1,9,18446744073709546487,18446744073709551030,18446744073709550746,18446744073709551555,4,1,1,5613493378099684734,0,0,6,12783115304158510288,0,0,1,0
PAWN_AUDIT_RESULT,3937,1,1,-82,0,0,-82,0,0,0,0,0
PAWN_AUDIT_ENTRY,3938,17035677811254728822,6197601693744116507,3319265979096174085,15734323328086882058,3947,18446744073709551555,18446744073709551556,18446744073709551555,6,5,1,14,18446744073709538088,18446744073709550278,6,0,1,0,0,0,0,0,0,18446744073709551555,18446744073709551613,18446744073708437227,13,7431,0,0,1,11,18446744073709546042,18446744073709551030,18446744073709551030,18446744073709551555,4,1,1,5613493378099684734,0,0,6,12783115304158510288,0,1,1,0
PAWN_AUDIT_RESULT,3938,1,1,-75,0,0,-75,0,0,0,0,0
PAWN_AUDIT_ENTRY,3940,9082730326136743416,6730170581777164321,12783115304158510288,6081466443280370404,666,237,238,220,12,11,6,3,18446744073709543102,18446744073709550278,5,0,0,0,0,0,0,1829,0,61,18446744073709551525,18446744073702780206,13,7437,0,0,1,1,18446744073709548322,18446744073709551030,18446744073709551030,61,8,2,1,8242954762181594215,0,0,5,18022948160385553527,0,0,1,0
PAWN_AUDIT_RESULT,3940,6,6,92,0,0,92,0,0,0,0,0
PAWN_AUDIT_ENTRY,3941,6730170581777164321,9131233735789746109,12783115304158510288,11756266073803165889,259,237,238,220,12,11,5,4,18446744073709543865,18446744073709547287,5,0,0,0,0,0,0,1829,0,61,18446744073709551525,18446744073702780206,13,7438,0,0,1,6,18446744073709549257,18446744073709551030,18446744073709549818,61,8,2,1,8242954762181594215,0,0,5,18022948160385553527,0,1,1,0
PAWN_AUDIT_RESULT,3941,5,5,74,0,0,74,0,0,0,0,0
PAWN_AUDIT_ENTRY,3942,9131233735789746109,1403683392560848423,12783115304158510288,1390193022987902678,536,237,238,220,12,11,4,5,18446744073709536861,18446744073709550278,5,0,0,0,0,0,0,1829,0,61,18446744073709551525,18446744073702780206,13,7439,0,0,1,1,18446744073709545484,18446744073709551030,18446744073709551030,61,8,2,1,8242954762181594215,0,0,5,18022948160385553527,0,0,1,0
PAWN_AUDIT_RESULT,3942,4,4,108,0,0,108,0,0,0,0,0
PAWN_AUDIT_ENTRY,3943,1403683392560848423,5516848407982474548,12783115304158510288,1714514517968014443,1221,237,238,220,12,11,4,6,18446744073709539859,18446744073709548874,5,0,0,0,0,0,0,1829,0,61,18446744073709551525,18446744073702780206,13,7440,0,0,1,3,18446744073709546847,18446744073709551030,18446744073709551030,61,8,2,1,8242954762181594215,0,0,5,18022948160385553527,0,1,1,0
PAWN_AUDIT_RESULT,3943,4,4,-23,0,0,-23,0,0,0,0,0
PAWN_AUDIT_ENTRY,3944,5516848407982474548,3946532587182012989,12783115304158510288,7920848236762977338,991,237,238,220,12,11,4,7,18446744073709535856,18446744073709550278,5,0,0,0,0,0,0,1829,0,61,18446744073709551525,18446744073702780206,13,7441,0,0,1,1,18446744073709545027,18446744073709551030,18446744073709551030,61,8,2,1,8242954762181594215,0,0,5,18022948160385553527,0,0,1,0
PAWN_AUDIT_RESULT,3944,4,4,83,0,0,83,0,0,0,0,0
PAWN_AUDIT_ENTRY,3945,3946532587182012989,5816810167243682701,12783115304158510288,321150139944469286,1763,237,238,220,12,11,4,8,18446744073709535052,18446744073709550278,5,0,0,0,0,0,0,1829,0,61,18446744073709551525,18446744073702780206,13,7442,0,0,1,1,18446744073709544714,18446744073709550925,18446744073709551030,61,8,2,1,8242954762181594215,0,0,5,18022948160385553527,0,0,1,0
PAWN_AUDIT_RESULT,3945,4,4,71,0,0,71,0,0,0,0,0
PAWN_AUDIT_ENTRY,3946,5816810167243682701,7956409452416361962,12783115304158510288,3279008675641438577,983,237,238,220,12,11,3,9,18446744073709535825,18446744073709550278,5,0,0,0,0,0,0,1829,0,61,18446744073709551525,18446744073702780206,13,7443,0,0,1,1,18446744073709545013,18446744073709551030,18446744073709551030,61,8,2,1,8242954762181594215,0,0,5,18022948160385553527,0,0,1,0
PAWN_AUDIT_RESULT,3946,3,3,88,0,0,88,0,0,0,0,0
PAWN_AUDIT_ENTRY,3947,7956409452416361962,18409650022206027520,12783115304158510288,13888302129433311531,658,237,238,220,12,11,3,10,18446744073709535049,18446744073709550278,5,0,0,0,0,0,0,1829,0,61,18446744073709551525,18446744073702780206,13,7444,0,0,1,1,18446744073709544660,18446744073709551030,18446744073709551030,61,8,2,1,8242954762181594215,0,0,5,18022948160385553527,0,0,1,0
PAWN_AUDIT_RESULT,3947,3,3,100,0,0,100,0,0,0,0,0
PAWN_AUDIT_ENTRY,3948,18409650022206027520,8925537613146749500,12783115304158510288,6343747754752297014,918,237,238,220,12,11,3,11,18446744073709534915,18446744073709550278,5,0,0,0,0,0,0,1829,0,61,18446744073709551525,18446744073702780206,13,7445,0,0,1,1,18446744073709544599,18446744073709551030,18446744073709551030,61,8,2,1,8242954762181594215,0,0,5,18022948160385553527,0,0,1,0
PAWN_AUDIT_RESULT,3948,3,3,72,0,0,72,0,0,0,0,0
PAWN_AUDIT_ENTRY,3949,8925537613146749500,12496764904662852746,12783115304158510288,18123826157889051372,144,237,238,220,12,11,3,16,18446744073709541084,18446744073709549101,5,0,0,0,0,0,0,1829,0,61,18446744073709551525,18446744073702780206,13,7446,0,0,1,3,18446744073709547504,18446744073709550830,18446744073709551030,61,8,2,1,8242954762181594215,0,0,5,18022948160385553527,0,1,1,0
PAWN_AUDIT_RESULT,3949,3,3,64,0,0,64,0,0,0,0,0
PAWN_AUDIT_ENTRY,3950,12496764904662852746,15020721909807901104,12783115304158510288,16302518352983313914,82,237,238,220,12,11,4,20,18446744073709548783,18446744073709548176,5,0,0,0,0,0,0,1829,0,61,18446744073709551525,18446744073702780206,13,7447,0,0,1,2,18446744073709550808,3066,18446744073709547468,61,8,2,1,8242954762181594215,0,0,5,18022948160385553527,0,1,1,0
PAWN_AUDIT_RESULT,3950,4,4,78,0,0,78,0,0,0,0,0
PAWN_AUDIT_ENTRY,3951,15020721909807901104,5454245440735949841,12783115304158510288,2279639302397241989,267,237,238,220,12,11,3,21,18446744073709541438,18446744073709546852,5,0,0,0,0,0,0,1829,0,61,18446744073709551525,18446744073702780206,13,7448,0,0,1,6,18446744073709547565,18446744073709551030,18446744073709551030,61,8,2,1,8242954762181594215,0,0,5,18022948160385553527,0,1,1,0
PAWN_AUDIT_RESULT,3951,3,3,31,0,0,31,0,0,0,0,0
PAWN_AUDIT_ENTRY,3952,5454245440735949841,10297521935364944611,6679908786637792460,13380413846118404856,666,237,238,237,15,14,10,4,18446744073709542825,18446744073709549382,3,0,0,0,0,1,0,0,0,101,101,18446744073696505985,13,7449,0,0,1,1,18446744073709548196,18446744073709551030,18446744073709551030,248,13,1,1,11090425736916188940,0,0,3,3962983323243074868,0,0,1,0
PAWN_AUDIT_RESULT,3952,10,10,226,0,0,226,0,1,1,0,0
PAWN_AUDIT_ENTRY,3954,8669870471473870211,12560182580478870138,9505699705687741757,7415191778738365193,666,60,61,29,6,5,2,2,18446744073709543921,18446744073709550278,5,0,0,0,0,0,0,0,0,18446744073709551487,18446744073709551487,18446744073702196889,13,7456,0,0,1,1,18446744073709548694,18446744073709551030,18446744073709551030,23,3,1,1,8242954762181594215,0,0,5,14453150699908251034,0,0,1,0
PAWN_AUDIT_RESULT,3954,2,2,-15,0,0,-15,0,0,0,0,0
PAWN_AUDIT_ENTRY,3955,12560182580478870138,2603557487011120141,9505699705687741757,15038528721104200727,82,60,61,35,6,5,1,8,18446744073709551109,18446744073709548176,5,0,0,0,0,0,0,0,0,18446744073709551487,18446744073709551487,18446744073702196889,13,7457,0,0,1,2,18446744073709550222,3066,18446744073709550854,23,3,1,1,8242954762181594215,0,0,5,14453150699908251034,0,1,1,0
PAWN_AUDIT_RESULT,3955,1,1,-53,0,0,-53,0,0,0,0,0
PAWN_AUDIT_ENTRY,3956,2603557487011120141,5311018815872983060,6679908786637792460,5689127933444606173,259,237,238,237,15,14,10,6,18446744073709544266,18446744073709546384,3,0,0,0,0,1,0,0,0,101,101,18446744073696505985,13,7458,0,0,1,6,18446744073709548739,18446744073709551085,18446744073709551204,248,13,1,1,11090425736916188940,0,0,3,3962983323243074868,0,1,1,0
PAWN_AUDIT_RESULT,3956,10,10,235,0,0,235,0,2,2,0,0
PAWN_AUDIT_ENTRY,3957,5311018815872983060,10915048508556069070,6679908786637792460,1147111767599420902,82,237,238,237,15,14,8,7,18446744073709535456,18446744073709546133,3,0,0,0,0,1,0,0,0,101,101,18446744073696505985,13,7461,0,0,1,2,18446744073709549583,18446744073709546228,18446744073709546215,248,13,1,1,11090425736916188940,0,0,3,3962983323243074868,0,1,1,0
PAWN_AUDIT_RESULT,3957,8,8,139,0,0,139,0,1,1,0,0
PAWN_AUDIT_ENTRY,3958,10915048508556069070,8716867907444931832,6679908786637792460,5947059616796740511,405,237,238,237,15,14,9,8,18446744073709543837,18446744073709547454,3,0,0,0,0,1,0,0,0,101,101,18446744073696505985,13,7463,0,0,1,2,18446744073709549745,18446744073709550521,18446744073709549311,248,13,1,1,11090425736916188940,0,0,3,3962983323243074868,0,1,1,0
PAWN_AUDIT_RESULT,3958,9,9,207,0,0,207,0,1,1,0,0
PAWN_AUDIT_ENTRY,3959,8716867907444931832,9432554359625424398,6679908786637792460,18347532056367449802,536,237,238,237,15,14,8,9,18446744073709538027,18446744073709549524,3,0,0,0,0,1,0,0,0,101,101,18446744073696505985,13,7465,0,0,1,1,18446744073709546014,18446744073709551030,18446744073709551030,248,13,1,1,11090425736916188940,0,0,3,3962983323243074868,0,0,1,0
PAWN_AUDIT_RESULT,3959,8,8,170,0,0,170,0,5,5,0,0
PAWN_AUDIT_ENTRY,3963,10530613003137120767,14139409132877248108,6679908786637792460,3271965418693599543,658,237,238,237,15,14,8,10,18446744073709535238,18446744073709550830,3,0,0,0,0,1,0,0,0,101,101,18446744073696505985,13,7471,0,0,1,1,18446744073709544746,18446744073709551030,18446744073709551030,248,13,1,1,11090425736916188940,0,0,3,3962983323243074868,0,0,1,0
PAWN_AUDIT_RESULT,3963,8,8,234,0,0,234,0,0,0,0,0
PAWN_AUDIT_ENTRY,3964,14139409132877248108,13671837763119422880,6679908786637792460,13858722869879269741,983,237,238,237,15,14,8,11,18446744073709535261,18446744073709549617,3,0,0,0,0,1,0,0,0,101,101,18446744073696505985,13,7472,0,0,1,1,18446744073709544986,18446744073709550917,18446744073709550673,248,13,1,1,11090425736916188940,0,0,3,3962983323243074868,0,0,1,0
PAWN_AUDIT_RESULT,3964,8,8,236,0,0,236,0,0,0,0,0
PAWN_AUDIT_ENTRY,3965,13671837763119422880,946420528845651680,6679908786637792460,13104620571860471850,918,237,238,237,15,14,8,12,18446744073709534871,18446744073709549629,3,0,0,0,0,1,0,0,0,101,101,18446744073696505985,13,7473,0,0,1,1,18446744073709544579,18446744073709551030,18446744073709551030,248,13,1,1,11090425736916188940,0,0,3,3962983323243074868,0,0,1,0
PAWN_AUDIT_RESULT,3965,8,8,207,0,0,207,0,0,0,0,0
PAWN_AUDIT_ENTRY,3966,946420528845651680,1969367374605631099,6679908786637792460,11248708805284267047,1828,237,238,237,15,14,8,13,18446744073709534655,18446744073709549683,3,0,0,0,0,1,0,0,0,101,101,18446744073696505985,13,7474,0,0,1,1,18446744073709544481,18446744073709551030,18446744073709551030,248,13,1,1,11090425736916188940,0,0,3,3962983323243074868,0,0,1,0
PAWN_AUDIT_RESULT,3966,8,8,100,0,0,100,0,0,0,0,0
PAWN_AUDIT_ENTRY,3967,1969367374605631099,17370419548063098704,6679908786637792460,13999168813399302656,332,237,238,237,15,14,8,14,18446744073709539837,18446744073709547314,3,0,0,0,0,1,0,0,0,101,101,18446744073696505985,13,7475,0,0,1,3,18446744073709547031,18446744073709550935,18446744073709550729,248,13,1,1,11090425736916188940,0,0,3,3962983323243074868,0,1,1,0
PAWN_AUDIT_RESULT,3967,8,8,204,0,0,204,0,4,4,0,0
PAWN_AUDIT_ENTRY,3969,5412141659828604123,4962259560999462877,6679908786637792460,9239683855512570918,991,237,238,237,15,14,8,15,18446744073709535766,18446744073709549337,3,0,0,0,0,1,0,0,0,101,101,18446744073696505985,13,7480,0,0,1,1,18446744073709544986,18446744073709551030,18446744073709551030,248,13,1,1,11090425736916188940,0,0,3,3962983323243074868,0,0,1,0
PAWN_AUDIT_RESULT,3969,8,8,222,0,0,222,0,1,1,0,0
PAWN_AUDIT_ENTRY,3970,4962259560999462877,14371000374811968608,6679908786637792460,17471598053409190553,267,237,238,237,15,14,8,18,18446744073709539427,18446744073709546513,3,0,0,0,0,1,0,0,0,101,101,18446744073696505985,13,7482,0,0,1,6,18446744073709546946,18446744073709550885,18446744073709550571,248,13,1,1,11090425736916188940,0,0,3,3962983323243074868,0,1,1,0
PAWN_AUDIT_RESULT,3970,8,8,211,0,0,211,0,2,2,0,0
PAWN_AUDIT_ENTRY,3971,14371000374811968608,16872898442901046709,6679908786637792460,6720807864436840625,926,237,238,237,15,14,7,19,18446744073709534558,18446744073709549533,3,0,0,0,0,1,0,0,0,101,101,18446744073696505985,13,7485,0,0,1,1,18446744073709544437,18446744073709551030,18446744073709551030,248,13,1,1,11090425736916188940,0,0,3,3962983323243074868,0,0,1,0
PAWN_AUDIT_RESULT,3971,7,7,177,0,0,177,0,1,1,0,0
PAWN_AUDIT_ENTRY,3972,16872898442901046709,12276142661658206672,6679908786637792460,11987261015800165139,157,237,238,237,15,14,7,20,18446744073709536203,18446744073709548556,3,0,0,0,0,1,0,0,0,101,101,18446744073696505985,13,7487,0,0,1,3,18446744073709545185,18446744073709551030,18446744073709551030,248,13,1,1,11090425736916188940,0,0,3,3962983323243074868,0,1,1,0
PAWN_AUDIT_RESULT,3972,7,7,209,0,0,209,0,1,1,0,0
PAWN_AUDIT_ENTRY,3973,12276142661658206672,8615054334330564089,6679908786637792460,10348578954780938284,528,237,238,237,15,14,7,21,18446744073709533818,18446744073709549475,3,0,0,0,0,1,0,0,0,101,101,18446744073696505985,13,7489,0,0,1,1,18446744073709544511,18446744073709550828,18446744073709550392,248,13,1,1,11090425736916188940,0,0,3,3962983323243074868,0,0,1,0
PAWN_AUDIT_RESULT,3973,7,7,225,0,0,225,0,1,1,0,0
PAWN_AUDIT_ENTRY,3974,8615054334330564089,8830353026520299385,6679908786637792460,15662110352762967099,75,237,238,237,15,14,7,22,18446744073709535106,18446744073709548667,3,0,0,0,0,1,0,0,0,101,101,18446744073696505985,13,7491,0,0,1,2,18446744073709547102,18446744073709548714,18446744073709548438,248,13,1,1,11090425736916188940,0,0,3,3962983323243074868,0,1,1,0
PAWN_AUDIT_RESULT,3974,7,7,141,0,0,141,0,0,0,0,0
PAWN_AUDIT_ENTRY,3975,8830353026520299385,3488634909055380664,6679908786637792460,9092599679214342869,139,237,238,237,15,14,7,23,18446744073709535169,18446744073709550289,3,0,0,0,0,1,0,0,0,101,101,18446744073696505985,13,7492,0,0,1,3,18446744073709547030,18446744073709549384,18446744073709547955,248,13,1,1,11090425736916188940,0,0,3,3962983323243074868,0,1,1,0
PAWN_AUDIT_RESULT,3975,7,7,135,0,0,135,0,1,1,0,0
PAWN_AUDIT_ENTRY,3976,3488634909055380664,2530184608158228529,6679908786637792460,5279010604229515765,148,237,238,237,15,14,7,24,18446744073709535330,18446744073709548253,3,0,0,0,0,1,0,0,0,101,101,18446744073696505985,13,7494,0,0,1,3,18446744073709544788,18446744073709551030,18446744073709551030,248,13,1,1,11090425736916188940,0,0,3,3962983323243074868,0,1,1,0
PAWN_AUDIT_RESULT,3976,7,7,162,0,0,162,0,2,2,0,0
PAWN_AUDIT_ENTRY,3977,2530184608158228529,11175987688995464286,6679908786637792460,15538080120723169214,80,237,238,237,15,14,7,25,18446744073709534794,18446744073709547663,3,0,0,0,0,1,0,0,0,101,101,18446744073696505985,13,7497,0,0,1,2,18446744073709544544,18446744073709551030,18446744073709551030,248,13,1,1,11090425736916188940,0,0,3,3962983323243074868,0,1,1,0
PAWN_AUDIT_RESULT,3977,7,7,96,0,0,96,0,0,0,0,0
PAWN_AUDIT_ENTRY,3978,11175987688995464286,1514975063532769745,6679908786637792460,8444236076740716080,137,237,238,237,15,14,7,26,18446744073709535801,18446744073709547586,3,0,0,0,0,1,0,0,0,101,101,18446744073696505985,13,7498,0,0,1,3,18446744073709545002,18446744073709551030,18446744073709551030,248,13,1,1,11090425736916188940,0,0,3,3962983323243074868,0,1,1,0
PAWN_AUDIT_RESULT,3978,7,7,148,0,0,148,0,1,1,0,0
PAWN_AUDIT_ENTRY,3979,1514975063532769745,12688659359082306225,6679908786637792460,3230785216262967156,269,237,238,237,15,14,7,27,18446744073709534992,18446744073709546793,3,0,0,0,0,1,0,0,0,101,101,18446744073696505985,13,7500,0,0,1,6,18446744073709544634,18446744073709551030,18446744073709551030,248,13,1,1,11090425736916188940,0,0,3,3962983323243074868,0,1,1,0
PAWN_AUDIT_RESULT,3979,7,7,115,0,0,115,0,0,0,0,0
PAWN_AUDIT_ENTRY,3980,12688659359082306225,2926310189607243328,6679908786637792460,15154322236087064977,346,237,238,237,15,14,7,28,18446744073709536727,18446744073709545584,3,0,0,0,0,1,0,0,0,101,101,18446744073696505985,13,7501,0,0,1,3,18446744073709545423,18446744073709551030,18446744073709551030,248,13,1,1,11090425736916188940,0,0,3,3962983323243074868,0,1,1,0
PAWN_AUDIT_RESULT,3980,7,7,112,0,0,112,0,0,0,0,0
PAWN_AUDIT_ENTRY,3981,2926310189607243328,874122945836613713,6679908786637792460,10605107940014616333,407,237,238,237,15,14,7,29,18446744073709537556,18446744073709546014,3,0,0,0,0,1,0,0,0,101,101,18446744073696505985,13,7502,0,0,1,2,18446744073709545800,18446744073709551030,18446744073709551030,248,13,1,1,11090425736916188940,0,0,3,3962983323243074868,0,1,1,0
PAWN_AUDIT_RESULT,3981,7,7,180,0,0,180,0,2,2,0,0
PAWN_AUDIT_ENTRY,3992,6117826369275775807,10653856366986426635,4436772619201862135,18271631777565414546,4020,18446744073709551378,18446744073709551379,18446744073709551375,6,5,1,2,18446744073709546082,18446744073709550731,8,0,1,0,0,0,0,0,0,18446744073709551579,18446744073709551579,18446744073705039762,13,7529,0,0,0,10,18446744073709549053,18446744073709551030,699,32002,18446744073709551613,0,0,14939893859950389793,1,0,8,2237796078040412142,0,2,1,0
PAWN_AUDIT_ENTRY,3994,2552754240032325833,6758549059846403575,18271631777565414546,14450482394250502132,729,237,238,93,6,5,2,2,18446744073709547219,18446744073709550278,9,0,0,0,0,0,0,0,0,18446744073709551534,18446744073709551587,18446744073709533514,13,7537,0,0,0,3,18446744073709550194,18446744073709551030,18446744073709551030,18446744073709551534,2,1,1,14939893859950389793,2,0,9,4436772619201862135,0,3,1,0
PAWN_AUDIT_RESULT,3994,2,2,60,0,0,60,0,0,0,0,0
PAWN_AUDIT_ENTRY,3995,6758549059846403575,13388252482196423340,18271631777565414546,2863914598605221104,1374,237,238,93,6,5,1,3,18446744073709546773,18446744073709550278,9,0,0,0,0,0,0,0,0,18446744073709551534,18446744073709551587,18446744073709533514,13,7538,0,0,0,5,18446744073709549991,18446744073709551030,18446744073709551030,18446744073709551534,2,1,1,14939893859950389793,2,0,9,4436772619201862135,0,3,1,0
PAWN_AUDIT_RESULT,3995,1,1,-39,0,0,-39,0,0,0,0,0
PAWN_AUDIT_ENTRY,3996,13388252482196423340,16601218230506800612,18271631777565414546,1770735357694042790,666,237,238,93,6,5,1,5,18446744073709545110,18446744073709550278,9,0,0,0,0,0,0,0,0,18446744073709551534,18446744073709551587,18446744073709533514,13,7539,0,0,0,1,18446744073709549235,18446744073709551030,18446744073709551030,18446744073709551534,2,1,1,14939893859950389793,2,0,9,4436772619201862135,0,0,1,0
PAWN_AUDIT_RESULT,3996,1,1,153,0,0,153,0,0,0,0,0
PAWN_AUDIT_RESULT,3992,1,1,82,1,6,-153,0,2,10,1,1
PAWN_AUDIT_ENTRY,3997,16601218230506800612,17958146979571196077,2237796078040412142,14204763072168564620,1374,237,238,165,8,7,4,2,18446744073709544358,18446744073709548874,7,0,0,0,0,0,0,0,0,38,38,6060065,13,7540,0,0,0,5,18446744073709548893,18446744073709551030,18446744073709551030,32002,18446744073709551613,0,0,14939893859950389793,0,0,7,4416086448166697853,0,1,1,0
PAWN_AUDIT_RESULT,3997,4,4,-6,0,0,-6,0,0,0,0,0
PAWN_AUDIT_ENTRY,3998,17958146979571196077,3179006963145297021,2237796078040412142,18018116556458367450,666,237,238,165,8,7,3,4,18446744073709548040,18446744073709550278,7,0,0,0,0,0,0,0,0,38,38,6060065,13,7541,0,0,0,1,18446744073709550567,18446744073709551030,18446744073709551030,32002,18446744073709551613,0,0,14939893859950389793,0,0,7,4416086448166697853,0,0,1,0
PAWN_AUDIT_RESULT,3998,3,3,164,0,0,164,0,0,0,0,0
PAWN_AUDIT_ENTRY,3999,3179006963145297021,8999511411228375960,2237796078040412142,958745268422296575,259,237,238,165,8,7,2,5,18446744073709542709,18446744073709550278,7,0,0,0,0,0,0,0,0,38,38,6060065,13,7542,0,0,0,6,18446744073709548191,18446744073709550934,18446744073709551030,32002,18446744073709551613,0,0,14939893859950389793,0,0,7,4416086448166697853,0,1,1,0
PAWN_AUDIT_RESULT,3999,2,2,168,0,0,168,0,2,2,0,0
PAWN_AUDIT_ENTRY,4000,8999511411228375960,14471378898443026263,2237796078040412142,11161903846735060761,75,237,238,168,8,7,1,7,18446744073709541666,18446744073709550278,7,0,0,0,0,0,0,0,0,38,38,6060065,13,7545,0,0,0,2,18446744073709547807,18446744073709550754,18446744073709551030,32002,18446744073709551613,0,0,14939893859950389793,0,0,7,4416086448166697853,0,1,1,0
PAWN_AUDIT_RESULT,4000,1,1,104,0,0,104,0,0,0,0,0
PAWN_AUDIT_ENTRY,4001,14471378898443026263,30504885117437533,2237796078040412142,5500775414353436356,82,237,238,168,8,7,1,8,18446744073709545100,18446744073709549833,7,0,0,0,0,0,0,0,0,38,38,6060065,13,7546,0,0,0,2,18446744073709549330,18446744073709550831,18446744073709551030,32002,18446744073709551613,0,0,14939893859950389793,0,0,7,4416086448166697853,0,1,1,0
PAWN_AUDIT_RESULT,4001,1,1,168,0,0,168,0,0,0,0,0
PAWN_AUDIT_ENTRY,4023,17634203293325461797,2741420306799024302,13486353925219782202,5024960654754973119,3177,18446744073709551378,18446744073709551379,18446744073709551363,8,7,1,4,18446744073709542794,18446744073709550278,6,0,1,0,0,0,0,0,0,18446744073709551441,18446744073709551441,4500243,13,7579,0,0,0,9,18446744073709547492,18446744073709551030,835,32002,18446744073709551614,0,1,5613493378099684734,2,0,6,12207355748410335787,0,0,1,0
PAWN_AUDIT_RESULT,4023,1,1,-283,0,0,-283,0,0,0,0,0
PAWN_AUDIT_ENTRY,4024,2741420306799024302,14614221637630305723,13486353925219782202,8702785283771119317,3502,18446744073709551378,18446744073709551379,18446744073709551363,8,7,1,5,18446744073709539038,18446744073709550278,6,0,1,0,0,0,0,0,0,18446744073709551441,18446744073709551441,4500243,13,7580,0,0,0,9,18446744073709546474,18446744073709551030,18446744073709551030,32002,18446744073709551614,0,1,5613493378099684734,2,0,6,12207355748410335787,0,0,1,0
PAWN_AUDIT_RESULT,4024,1,1,-303,0,0,-303,0,0,0,0,0
PAWN_AUDIT_ENTRY,4025,14614221637630305723,13327236523143524008,13486353925219782202,5494011606567117826,4015,18446744073709551378,18446744073709551379,18446744073709551363,8,7,1,7,18446744073709544006,18446744073709549886,6,0,1,0,0,0,0,0,0,18446744073709551441,18446744073709551441,4500243,13,7581,0,0,0,10,18446744073709549653,18446744073709551030,18446744073709549134,32002,18446744073709551614,0,1,5613493378099684734,2,0,6,12207355748410335787,0,3,1,0
PAWN_AUDIT_RESULT,4025,1,1,-266,0,0,-266,0,0,0,0,0
PAWN_AUDIT_ENTRY,4026,13327236523143524008,18144189587374366794,13486353925219782202,5982668910617063722,3104,18446744073709551378,18446744073709551379,18446744073709551363,8,7,1,9,18446744073709538939,18446744073709550278,6,0,1,0,0,0,0,0,0,18446744073709551441,18446744073709551441,4500243,13,7582,0,0,0,9,18446744073709546429,18446744073709551030,18446744073709551030,32002,18446744073709551614,0,1,5613493378099684734,2,0,6,12207355748410335787,0,0,1,0
PAWN_AUDIT_RESULT,4026,1,1,-305,0,0,-305,0,0,0,0,0
PAWN_AUDIT_ENTRY,4027,18144189587374366794,6068759577014004594,13486353925219782202,2726677967568568015,3559,18446744073709551378,18446744073709551379,18446744073709551363,8,7,1,10,18446744073709539201,18446744073709550278,6,0,1,0,0,0,0,0,0,18446744073709551441,18446744073709551441,4500243,13,7583,0,0,0,9,18446744073709545942,18446744073709551030,663,32002,18446744073709551614,0,1,5613493378099684734,2,0,6,12207355748410335787,0,0,1,0
PAWN_AUDIT_RESULT,4027,1,1,-270,0,0,-270,0,0,0,0,0
PAWN_AUDIT_ENTRY,4028,6068759577014004594,8696073430770951709,13486353925219782202,196535009401412718,3956,18446744073709551378,18446744073709551379,18446744073709551363,8,7,1,12,18446744073709539075,18446744073709550093,6,0,1,0,0,0,0,0,0,18446744073709551441,18446744073709551441,4500243,13,7584,0,0,0,11,18446744073709546151,18446744073709551030,114,32002,18446744073709551614,0,1,5613493378099684734,2,0,6,12207355748410335787,0,3,1,0
PAWN_AUDIT_RESULT,4028,1,1,-295,0,0,-295,0,0,0,0,0
PAWN_AUDIT_ENTRY,4029,8696073430770951709,3471615345951957660,13486353925219782202,8422973265055698653,3892,18446744073709551378,18446744073709551379,18446744073709551363,8,7,1,13,18446744073709539274,18446744073709550278,6,0,1,0,0,0,0,0,0,18446744073709551441,18446744073709551441,4500243,13,7585,0,0,0,13,18446744073709546670,18446744073709551030,18446744073709550847,32002,18446744073709551614,0,1,5613493378099684734,2,0,6,12207355748410335787,0,3,1,0
PAWN_AUDIT_RESULT,4029,1,1,-311,0,0,-311,0,0,0,0,0
PAWN_AUDIT_ENTRY,4030,3471615345951957660,6276863092730628040,13486353925219782202,5720356652204963637,3947,18446744073709551378,18446744073709551379,18446744073709551363,8,7,1,14,18446744073709537654,18446744073709549842,6,0,1,0,0,0,0,0,0,18446744073709551441,18446744073709551441,4500243,13,7586,0,0,0,11,18446744073709545943,18446744073709551030,18446744073709550827,32002,18446744073709551614,0,1,5613493378099684734,2,0,6,12207355748410335787,0,3,1,0
PAWN_AUDIT_RESULT,4030,1,1,-300,0,0,-300,0,0,0,0,0
PAWN_AUDIT_ENTRY,4031,6276863092730628040,7092501944778524031,13486353925219782202,11624654901496056288,3893,18446744073709551378,18446744073709551379,18446744073709551363,8,7,1,15,18446744073709536570,18446744073709550278,6,0,1,0,0,0,0,0,0,18446744073709551441,18446744073709551441,4500243,13,7587,0,0,0,13,18446744073709545539,18446744073709551030,18446744073709550644,32002,18446744073709551614,0,1,5613493378099684734,2,0,6,12207355748410335787,0,3,1,0
PAWN_AUDIT_RESULT,4031,1,1,-275,0,0,-275,0,0,0,0,0
PAWN_AUDIT_ENTRY,4032,7092501944778524031,9726620336872939633,13486353925219782202,10224925000068998880,3826,18446744073709551378,18446744073709551379,18446744073709551363,8,7,1,16,18446744073709535018,18446744073709550278,6,0,1,0,0,0,0,0,0,18446744073709551441,18446744073709551441,4500243,13,7588,0,0,0,14,18446744073709544698,18446744073709551030,18446744073709550923,32002,18446744073709551614,0,1,5613493378099684734,2,0,6,12207355748410335787,0,3,1,0
PAWN_AUDIT_RESULT,4032,1,1,-406,0,0,-406,0,0,0,0,0
PAWN_AUDIT_ENTRY,4033,9726620336872939633,5467779862193129146,13486353925219782202,1063484035801106632,3494,18446744073709551378,18446744073709551379,18446744073709551363,8,7,1,17,18446744073709534833,18446744073709550278,6,0,1,0,0,0,0,0,0,18446744073709551441,18446744073709551441,4500243,13,7589,0,0,0,9,18446744073709544562,18446744073709551030,18446744073709551030,32002,18446744073709551614,0,1,5613493378099684734,2,0,6,12207355748410335787,0,0,1,0
PAWN_AUDIT_RESULT,4033,1,1,-332,0,0,-332,0,0,0,0,0
PAWN_AUDIT_ENTRY,4034,5467779862193129146,11494950963196683050,13486353925219782202,9342615595969844982,3169,18446744073709551378,18446744073709551379,18446744073709551363,8,7,1,18,18446744073709535236,18446744073709550278,6,0,1,0,0,0,0,0,0,18446744073709551441,18446744073709551441,4500243,13,7590,0,0,0,9,18446744073709544787,18446744073709551030,18446744073709550944,32002,18446744073709551614,0,1,5613493378099684734,2,0,6,12207355748410335787,0,0,1,0
PAWN_AUDIT_RESULT,4034,1,1,-326,0,0,-326,0,0,0,0,0
PAWN_AUDIT_ENTRY,4035,11494950963196683050,17500436815744541844,13486353925219782202,16780446027520432022,3112,18446744073709551378,18446744073709551379,18446744073709551363,8,7,1,19,18446744073709534932,18446744073709550278,6,0,1,0,0,0,0,0,0,18446744073709551441,18446744073709551441,4500243,13,7591,0,0,0,9,18446744073709544607,18446744073709551030,18446744073709551030,32002,18446744073709551614,0,1,5613493378099684734,2,0,6,12207355748410335787,0,0,1,0
PAWN_AUDIT_RESULT,4035,1,1,-358,0,0,-358,0,0,0,0,0
PAWN_AUDIT_ENTRY,4036,17500436815744541844,11633837675138980504,13486353925219782202,3251943132494158596,3688,18446744073709551378,18446744073709551379,18446744073709551363,8,7,1,20,18446744073709535083,18446744073709550278,6,0,1,0,0,0,0,0,0,18446744073709551441,18446744073709551441,4500243,13,7592,0,0,0,10,18446744073709544722,18446744073709551030,18446744073709550934,32002,18446744073709551614,0,1,5613493378099684734,2,0,6,12207355748410335787,0,3,1,0
PAWN_AUDIT_RESULT,4036,1,1,-254,0,0,-254,0,0,0,0,0
PAWN_AUDIT_ENTRY,4037,11633837675138980504,15641286433454735369,13486353925219782202,14533159949059263563,3567,18446744073709551378,18446744073709551379,18446744073709551363,8,7,1,21,18446744073709534807,18446744073709550278,6,0,1,0,0,0,0,0,0,18446744073709551441,18446744073709551441,4500243,13,7593,0,0,0,9,18446744073709544550,18446744073709551030,18446744073709551030,32002,18446744073709551614,0,1,5613493378099684734,2,0,6,12207355748410335787,0,0,1,0
PAWN_AUDIT_RESULT,4037,1,1,-339,0,0,-339,0,0,0,0,0
PAWN_AUDIT_ENTRY,4046,7215615276724192424,17765082403299475414,4594689342522419730,14471222973634674730,4015,18446744073709551378,18446744073709551379,18446744073709551351,9,8,1,3,18446744073709550840,18446744073709550943,8,0,1,0,0,0,0,0,0,18446744073709551328,18446744073709551328,18446744073703770528,13,7614,0,0,0,10,18446744073709548997,6970,18446744073709549104,18446744073709551360,5,1,1,14939893859950389793,1,0,8,11055791624026299049,0,2,1,0
PAWN_AUDIT_RESULT,4046,1,1,-258,0,0,-258,0,0,0,0,0
PAWN_AUDIT_ENTRY,4047,17765082403299475414,9799126523894246055,4594689342522419730,13931469807804604823,3177,18446744073709551378,18446744073709551379,18446744073709551358,9,8,1,4,18446744073709539707,18446744073709550992,8,0,1,0,0,0,0,0,0,18446744073709551328,18446744073709551328,18446744073703770528,13,7615,0,0,0,9,18446744073709546778,18446744073709551030,18446744073709551030,18446744073709551360,5,1,1,14939893859950389793,1,0,8,11055791624026299049,0,0,1,0
PAWN_AUDIT_RESULT,4047,1,1,-308,0,0,-308,0,0,0,0,0
PAWN_AUDIT_ENTRY,4048,9799126523894246055,9741706004480257610,4594689342522419730,7125999972025282150,3699,18446744073709551378,18446744073709551379,18446744073709551358,9,8,1,6,18446744073709540568,18446744073709549288,8,0,1,0,0,0,0,0,0,18446744073709551328,18446744073709551328,18446744073703770528,13,7616,0,0,0,10,18446744073709547184,18446744073709551253,18446744073709550771,18446744073709551360,5,1,1,14939893859950389793,1,0,8,11055791624026299049,0,2,1,0
PAWN_AUDIT_RESULT,4048,1,1,-297,0,0,-297,0,0,0,0,0
PAWN_AUDIT_ENTRY,4049,9741706004480257610,6167203009063305104,4594689342522419730,15558827583627040002,3104,18446744073709551378,18446744073709551379,18446744073709551358,9,8,1,7,18446744073709541846,18446744073709550278,8,0,1,0,0,0,0,0,0,18446744073709551328,18446744073709551328,18446744073703770528,13,7617,0,0,0,9,18446744073709546034,3119,18446744073709550750,18446744073709551360,5,1,1,14939893859950389793,1,0,8,11055791624026299049,0,0,1,0
PAWN_AUDIT_RESULT,4049,1,1,-295,0,0,-295,0,0,0,0,0
PAWN_AUDIT_ENTRY,4050,6167203009063305104,2208050424418267741,4594689342522419730,18170964527537279741,3502,18446744073709551378,18446744073709551379,18446744073709551358,9,8,1,8,18446744073709537647,18446744073709550278,8,0,1,0,0,0,0,0,0,18446744073709551328,18446744073709551328,18446744073703770528,13,7618,0,0,0,9,18446744073709546070,18446744073709551030,18446744073709550559,18446744073709551360,5,1,1,14939893859950389793,1,0,8,11055791624026299049,0,0,1,0
PAWN_AUDIT_RESULT,4050,1,1,-309,0,0,-309,0,0,0,0,0
PAWN_AUDIT_ENTRY,4051,2208050424418267741,258104071107617323,4594689342522419730,9678377854122162246,3956,18446744073709551378,18446744073709551379,18446744073709551358,9,8,1,9,18446744073709540656,18446744073709550278,8,0,1,0,0,0,0,0,0,18446744073709551328,18446744073709551328,18446744073703770528,13,7619,0,0,0,11,18446744073709545811,760,909,18446744073709551360,5,1,1,14939893859950389793,1,0,8,11055791624026299049,0,2,1,0
PAWN_AUDIT_RESULT,4051,1,1,-281,0,0,-281,0,0,0,0,0
PAWN_AUDIT_ENTRY,4053,8945276685501965388,1465876155723724642,4594689342522419730,1735919343692988902,3763,18446744073709551378,18446744073709551379,18446744073709551358,9,8,1,12,18446744073709539604,18446744073709549886,8,0,1,0,0,0,0,0,0,18446744073709551328,18446744073709551328,18446744073703770528,13,7621,0,0,0,11,18446744073709546845,18446744073709551030,18446744073709550796,18446744073709551360,5,1,1,14939893859950389793,1,0,8,11055791624026299049,0,2,1,0
PAWN_AUDIT_RESULT,4053,1,1,-281,0,0,-281,0,0,0,0,0
PAWN_AUDIT_ENTRY,4055,14991250712041321602,4749629559485060671,13486353925219782202,5024960654754973119,3177,18446744073709551378,18446744073709551379,18446744073709551374,11,10,1,5,18446744073709540520,18446744073709550278,6,0,1,0,0,0,0,0,0,18446744073709551363,18446744073709551383,18446744073706287115,13,7623,0,0,0,9,18446744073709546458,18446744073709551030,835,18446744073709551363,8,1,1,5613493378099684734,2,0,6,12207355748410335787,0,0,1,0
PAWN_AUDIT_RESULT,4055,1,1,-290,0,0,-290,0,0,0,0,0
PAWN_AUDIT_ENTRY,4056,4749629559485060671,4062626415319553561,13486353925219782202,8702785283771119317,3502,18446744073709551378,18446744073709551379,18446744073709551374,11,10,1,6,18446744073709537635,18446744073709550278,6,0,1,0,0,0,0,0,0,18446744073709551363,18446744073709551383,18446744073706287115,13,7624,0,0,0,9,18446744073709545836,18446744073709551030,18446744073709551030,18446744073709551363,8,1,1,5613493378099684734,2,0,6,12207355748410335787,0,0,1,0
PAWN_AUDIT_RESULT,4056,1,1,-310,0,0,-310,0,0,0,0,0
PAWN_AUDIT_ENTRY,4057,4062626415319553561,17858321569865612718,13486353925219782202,5494011606567117826,4015,18446744073709551378,18446744073709551379,18446744073709551374,11,10,1,8,18446744073709544246,18446744073709549045,6,0,1,0,0,0,0,0,0,18446744073709551363,18446744073709551383,18446744073706287115,13,7625,0,0,0,10,18446744073709549762,18446744073709551030,18446744073709549134,18446744073709551363,8,1,1,5613493378099684734,2,0,6,12207355748410335787,0,3,1,0
PAWN_AUDIT_RESULT,4057,1,1,-268,0,0,-268,0,0,0,0,0
PAWN_AUDIT_ENTRY,4058,17858321569865612718,8799839613291719373,13486353925219782202,2726677967568568015,3559,18446744073709551378,18446744073709551379,18446744073709551374,11,10,1,10,18446744073709538713,18446744073709550278,6,0,1,0,0,0,0,0,0,18446744073709551363,18446744073709551383,18446744073706287115,13,7626,0,0,0,9,18446744073709545720,18446744073709551030,663,18446744073709551363,8,1,1,5613493378099684734,2,0,6,12207355748410335787,0,0,1,0
PAWN_AUDIT_RESULT,4058,1,1,-278,0,0,-278,0,0,0,0,0
PAWN_AUDIT_ENTRY,4059,8799839613291719373,8403177075260005537,13486353925219782202,5982668910617063722,3104,18446744073709551378,18446744073709551379,18446744073709551374,11,10,1,11,18446744073709537785,18446744073709550278,6,0,1,0,0,0,0,0,0,18446744073709551363,18446744073709551383,18446744073706287115,13,7627,0,0,0,9,18446744073709545904,18446744073709551030,18446744073709551030,18446744073709551363,8,1,1,5613493378099684734,2,0,6,12207355748410335787,0,0,1,0
PAWN_AUDIT_RESULT,4059,1,1,-312,0,0,-312,0,0,0,0,0
PAWN_AUDIT_ENTRY,4060,8403177075260005537,15895696955642588050,13486353925219782202,196535009401412718,3956,18446744073709551378,18446744073709551379,18446744073709551374,11,10,1,12,18446744073709538266,18446744073709548727,6,0,1,0,0,0,0,0,0,18446744073709551363,18446744073709551383,18446744073706287115,13,7628,0,0,0,11,18446744073709545783,18446744073709551030,114,18446744073709551363,8,1,1,5613493378099684734,2,0,6,12207355748410335787,0,3,1,0
PAWN_AUDIT_RESULT,4060,1,1,-298,0,0,-298,0,0,0,0,0
PAWN_AUDIT_ENTRY,4061,15895696955642588050,17236480408500804762,13486353925219782202,8422973265055698653,3892,18446744073709551378,18446744073709551379,18446744073709551374,11,10,1,13,18446744073709538302,18446744073709548874,6,0,1,0,0,0,0,0,0,18446744073709551363,18446744073709551383,18446744073706287115,13,7629,0,0,0,13,18446744073709546228,18446744073709551030,18446744073709550847,18446744073709551363,8,1,1,5613493378099684734,2,0,6,12207355748410335787,0,3,1,0
PAWN_AUDIT_RESULT,4061,1,1,-316,0,0,-316,0,0,0,0,0
PAWN_AUDIT_ENTRY,4062,17236480408500804762,3618302186822668901,13486353925219782202,1063484035801106632,3494,18446744073709551378,18446744073709551379,18446744073709551374,11,10,1,14,18446744073709534776,18446744073709550278,6,0,1,0,0,0,0,0,0,18446744073709551363,18446744073709551383,18446744073706287115,13,7630,0,0,0,9,18446744073709544536,18446744073709551030,18446744073709551030,18446744073709551363,8,1,1,5613493378099684734,2,0,6,12207355748410335787,0,0,1,0
PAWN_AUDIT_RESULT,4062,1,1,-339,0,0,-339,0,0,0,0,0
PAWN_AUDIT_ENTRY,4063,3618302186822668901,10778805047524304301,13486353925219782202,9342615595969844982,3169,18446744073709551378,18446744073709551379,18446744073709551374,11,10,1,15,18446744073709535082,18446744073709550278,6,0,1,0,0,0,0,0,0,18446744073709551363,18446744073709551383,18446744073706287115,13,7631,0,0,0,9,18446744073709544717,18446744073709551030,18446744073709550944,18446744073709551363,8,1,1,5613493378099684734,2,0,6,12207355748410335787,0,0,1,0
PAWN_AUDIT_RESULT,4063,1,1,-333,0,0,-333,0,0,0,0,0
PAWN_AUDIT_ENTRY,4064,10778805047524304301,8044237489342828848,13486353925219782202,16780446027520432022,3112,18446744073709551378,18446744073709551379,18446744073709551374,11,10,1,16,18446744073709534855,18446744073709550278,6,0,1,0,0,0,0,0,0,18446744073709551363,18446744073709551383,18446744073706287115,13,7632,0,0,0,9,18446744073709544572,18446744073709551030,18446744073709551030,18446744073709551363,8,1,1,5613493378099684734,2,0,6,12207355748410335787,0,0,1,0
PAWN_AUDIT_RESULT,4064,1,1,-365,0,0,-365,0,0,0,0,0
PAWN_AUDIT_ENTRY,4065,8044237489342828848,8110948410627484648,13486353925219782202,14533159949059263563,3567,18446744073709551378,18446744073709551379,18446744073709551374,11,10,1,17,18446744073709534754,18446744073709550278,6,0,1,0,0,0,0,0,0,18446744073709551363,18446744073709551383,18446744073706287115,13,7633,0,0,0,9,18446744073709544526,18446744073709551030,18446744073709551030,18446744073709551363,8,1,1,5613493378099684734,2,0,6,12207355748410335787,0,0,1,0
PAWN_AUDIT_RESULT,4065,1,1,-346,0,0,-346,0,0,0,0,0
PAWN_AUDIT_ENTRY,4066,8110948410627484648,5365936023263890901,13486353925219782202,11624654901496056288,3893,18446744073709551378,18446744073709551379,18446744073709551374,11,10,1,18,18446744073709536168,18446744073709549103,6,0,1,0,0,0,0,0,0,18446744073709551363,18446744073709551383,18446744073706287115,13,7634,0,0,0,13,18446744073709545356,18446744073709551030,18446744073709550644,18446744073709551363,8,1,1,5613493378099684734,2,0,6,12207355748410335787,0,3,1,0
PAWN_AUDIT_RESULT,4066,1,1,-280,0,0,-280,0,0,0,0,0
PAWN_AUDIT_ENTRY,4067,5365936023263890901,12579099575206036261,13486353925219782202,3251943132494158596,3688,18446744073709551378,18446744073709551379,18446744073709551374,11,10,1,19,18446744073709535032,18446744073709549734,6,0,1,0,0,0,0,0,0,18446744073709551363,18446744073709551383,18446744073706287115,13,7635,0,0,0,10,18446744073709544699,18446744073709551030,18446744073709550934,18446744073709551363,8,1,1,5613493378099684734,2,0,6,12207355748410335787,0,3,1,0
PAWN_AUDIT_RESULT,4067,1,1,-257,0,0,-257,0,0,0,0,0
PAWN_AUDIT_ENTRY,4068,12579099575206036261,5123660133509351840,13486353925219782202,5720356652204963637,3947,18446744073709551378,18446744073709551379,18446744073709551374,11,10,1,20,18446744073709536996,18446744073709548528,6,0,1,0,0,0,0,0,0,18446744073709551363,18446744073709551383,18446744073706287115,13,7636,0,0,0,11,18446744073709545644,18446744073709551030,18446744073709550827,18446744073709551363,8,1,1,5613493378099684734,2,0,6,12207355748410335787,0,3,1,0
PAWN_AUDIT_RESULT,4068,1,1,-302,0,0,-302,0,0,0,0,0
PAWN_AUDIT_ENTRY,4069,5123660133509351840,832117716023432636,13486353925219782202,12754051802255717136,3938,18446744073709551378,18446744073709551379,18446744073709551374,11,10,2,21,18446744073709550340,18446744073709550278,6,0,1,0,0,0,0,0,0,18446744073709551363,18446744073709551383,18446744073706287115,13,7637,0,0,0,11,18446744073709551613,18446744073709551030,18446744073709551030,18446744073709551363,8,1,1,5613493378099684734,2,0,6,12207355748410335787,0,3,1,0
PAWN_AUDIT_RESULT,4069,2,2,-428,0,0,-428,0,0,0,0,0
PAWN_AUDIT_ENTRY,4070,832117716023432636,8545184734627671497,13486353925219782202,10224925000068998880,3826,18446744073709551378,18446744073709551379,18446744073709551374,11,10,1,22,18446744073709534902,18446744073709548874,6,0,1,0,0,0,0,0,0,18446744073709551363,18446744073709551383,18446744073706287115,13,7638,0,0,0,14,18446744073709544645,18446744073709551030,18446744073709550923,18446744073709551363,8,1,1,5613493378099684734,2,0,6,12207355748410335787,0,3,1,0
PAWN_AUDIT_RESULT,4070,1,1,-412,0,0,-412,0,0,0,0,0
PAWN_AUDIT_ENTRY,4071,8545184734627671497,12796332466507580342,13486353925219782202,10119250250941120966,3307,18446744073709551378,18446744073709551379,18446744073709551374,11,10,1,23,18446744073709534807,18446744073709550278,6,0,1,0,0,0,0,0,0,18446744073709551363,18446744073709551383,18446744073706287115,13,7639,0,0,0,9,18446744073709544550,18446744073709551030,18446744073709551030,18446744073709551363,8,1,1,5613493378099684734,2,0,6,12207355748410335787,0,0,1,0
PAWN_AUDIT_RESULT,4071,1,1,-297,0,0,-297,0,0,0,0,0
PAWN_AUDIT_ENTRY,4072,12796332466507580342,4806135998791337369,13486353925219782202,6465086976240889520,2722,18446744073709551378,18446744073709551379,18446744073709551374,11,10,1,24,18446744073709534638,18446744073709550278,6,0,1,0,0,0,0,0,0,18446744073709551363,18446744073709551383,18446744073706287115,13,7640,0,0,0,9,18446744073709544473,18446744073709551030,18446744073709551030,18446744073709551363,8,1,1,5613493378099684734,2,0,6,12207355748410335787,0,0,1,0
PAWN_AUDIT_RESULT,4072,1,1,-372,0,0,-372,0,0,0,0,0
PAWN_AUDIT_ENTRY,4073,4806135998791337369,5743430894647629722,13486353925219782202,12818394289649548315,3929,18446744073709551378,18446744073709551379,18446744073709551374,11,10,1,25,18446744073709534399,18446744073709550278,6,0,1,0,0,0,0,0,0,18446744073709551363,18446744073709551383,18446744073706287115,13,7641,0,0,0,11,18446744073709545417,18446744073709551030,18446744073709548861,18446744073709551363,8,1,1,5613493378099684734,2,0,6,12207355748410335787,0,3,1,0
PAWN_AUDIT_RESULT,4073,1,1,-268,0,0,-268,0,0,0,0,0
PAWN_AUDIT_ENTRY,4074,5743430894647629722,8093132306676547503,13486353925219782202,9949210911518698887,3828,18446744073709551378,18446744073709551379,18446744073709551374,11,10,1,26,18446744073709533418,18446744073709548874,6,0,1,0,0,0,0,0,0,18446744073709551363,18446744073709551383,18446744073706287115,13,7642,0,0,0,14,18446744073709544797,18446744073709551030,18446744073709549220,18446744073709551363,8,1,1,5613493378099684734,2,0,6,12207355748410335787,0,3,1,0
PAWN_AUDIT_RESULT,4074,1,1,-609,0,0,-609,0,0,0,0,0
PAWN_AUDIT_ENTRY,4077,10167220202954598930,14632379517076399378,2069424238007379390,1082733008093372857,3899,18446744073709551378,18446744073709551379,18446744073709551374,9,8,5,3,18446744073709550061,18446744073709550278,6,0,0,0,0,0,0,0,0,18446744073709551338,18446744073709551338,15208607,13,7648,0,0,0,13,18446744073709551486,18446744073709551030,18446744073709551030,32002,18446744073709551613,0,0,14939893859950389793,1,0,6,13408764322147112197,0,2,1,0
PAWN_AUDIT_RESULT,4077,5,5,-395,0,0,-395,0,0,0,0,0
PAWN_AUDIT_ENTRY,4078,14632379517076399378,3627771956253619127,2069424238007379390,7443444902957042748,3381,18446744073709551378,18446744073709551379,18446744073709551374,9,8,4,4,18446744073709543948,18446744073709550278,6,0,0,0,0,0,0,0,1,18446744073709551338,18446744073709551338,15208607,13,7649,0,0,0,14,18446744073709548875,18446744073709551030,18446744073709550683,32002,18446744073709551613,0,0,14939893859950389793,1,0,6,13408764322147112197,0,2,1,0
PAWN_AUDIT_RESULT,4078,4,4,-313,0,0,-313,0,2,2,0,0
PAWN_AUDIT_ENTRY,4079,3627771956253619127,15935854020831326081,2069424238007379390,9725104107522471694,3379,18446744073709551378,18446744073709551379,18446744073709551374,9,8,3,5,18446744073709546680,18446744073709550278,6,0,0,0,0,0,0,0,1,18446744073709551338,18446744073709551338,15208607,13,7652,0,0,0,14,18446744073709549955,18446744073709551030,18446744073709551017,32002,18446744073709551613,0,0,14939893859950389793,1,0,6,13408764322147112197,0,2,1,0
PAWN_AUDIT_RESULT,4079,3,3,-394,0,0,-394,0,2,2,0,0
PAWN_AUDIT_ENTRY,4080,15935854020831326081,12953122993947595036,2069424238007379390,16297693648266784315,3177,18446744073709551378,18446744073709551379,18446744073709551374,9,8,1,6,18446744073709538374,18446744073709550992,6,0,0,0,0,0,0,0,0,18446744073709551338,18446744073709551338,15208607,13,7655,0,0,0,9,18446744073709546172,18446744073709551030,18446744073709551030,32002,18446744073709551613,0,0,14939893859950389793,1,0,6,13408764322147112197,0,0,1,0
PAWN_AUDIT_RESULT,4080,1,1,-347,0,0,-347,0,0,0,0,0
PAWN_AUDIT_ENTRY,4082,9838294568684310256,15058079827145102459,2069424238007379390,17624697214329854638,3104,18446744073709551378,18446744073709551379,18446744073709551374,9,8,1,8,18446744073709540920,18446744073709550278,6,0,0,0,0,0,0,0,0,18446744073709551338,18446744073709551338,15208607,13,7658,0,0,0,9,18446744073709545613,3119,18446744073709550750,32002,18446744073709551613,0,0,14939893859950389793,1,0,6,13408764322147112197,0,0,1,0
PAWN_AUDIT_RESULT,4082,1,1,-342,0,0,-342,0,0,0,0,0
PAWN_AUDIT_ENTRY,4083,15058079827145102459,1462395239715634103,2069424238007379390,16093529750961937745,3502,18446744073709551378,18446744073709551379,18446744073709551374,9,8,1,9,18446744073709536521,18446744073709550278,6,0,0,0,0,0,0,0,0,18446744073709551338,18446744073709551338,15208607,13,7659,0,0,0,9,18446744073709545558,18446744073709551030,18446744073709550559,32002,18446744073709551613,0,0,14939893859950389793,1,0,6,13408764322147112197,0,0,1,0
PAWN_AUDIT_RESULT,4083,1,1,-307,0,0,-307,0,0,0,0,0
PAWN_AUDIT_ENTRY,4084,1462395239715634103,4497240544729160856,2069424238007379390,4281998067963383370,3763,18446744073709551378,18446744073709551379,18446744073709551374,9,8,1,11,18446744073709539490,18446744073709549742,6,0,0,0,0,0,0,0,0,18446744073709551338,18446744073709551338,15208607,13,7660,0,0,0,11,18446744073709546793,18446744073709551030,18446744073709550796,32002,18446744073709551613,0,0,14939893859950389793,1,0,6,13408764322147112197,0,2,1,0
PAWN_AUDIT_RESULT,4084,1,1,-382,0,0,-382,0,0,0,0,0
PAWN_AUDIT_ENTRY,4085,4497240544729160856,15043608306813932094,2069424238007379390,1951831999505075931,3891,18446744073709551378,18446744073709551379,18446744073709551374,9,8,1,12,18446744073709537653,18446744073709550278,6,0,0,0,0,0,0,0,0,18446744073709551338,18446744073709551338,15208607,13,7661,0,0,0,13,18446744073709545844,18446744073709551030,18446744073709551030,32002,18446744073709551613,0,0,14939893859950389793,1,0,6,13408764322147112197,0,2,1,0
PAWN_AUDIT_RESULT,4085,1,1,-435,0,0,-435,0,0,0,0,0
PAWN_AUDIT_ENTRY,4086,15043608306813932094,7634636847841805890,2069424238007379390,9387241306891621707,3559,18446744073709551378,18446744073709551379,18446744073709551374,9,8,1,13,18446744073709536981,18446744073709550278,6,0,0,0,0,0,0,0,0,18446744073709551338,18446744073709551338,15208607,13,7662,0,0,0,9,18446744073709545605,18446744073709551030,18446744073709550893,32002,18446744073709551613,0,0,14939893859950389793,1,0,6,13408764322147112197,0,0,1,0
PAWN_AUDIT_RESULT,4086,1,1,-335,0,0,-335,0,0,0,0,0
PAWN_AUDIT_ENTRY,4087,7634636847841805890,11139057009703615362,2069424238007379390,4728547356173377994,3699,18446744073709551378,18446744073709551379,18446744073709551374,9,8,1,14,18446744073709540021,18446744073709548738,6,0,0,0,0,0,0,0,0,18446744073709551338,18446744073709551338,15208607,13,7663,0,0,0,10,18446744073709546935,18446744073709551253,18446744073709550771,32002,18446744073709551613,0,0,14939893859950389793,1,0,6,13408764322147112197,0,2,1,0
PAWN_AUDIT_RESULT,4087,1,1,-399,0,0,-399,0,0,0,0,0
PAWN_AUDIT_ENTRY,4088,11139057009703615362,15620033802560937730,2069424238007379390,486994708233839204,3893,18446744073709551378,18446744073709551379,18446744073709551374,9,8,1,15,18446744073709536377,18446744073709550278,6,0,0,0,0,0,0,0,0,18446744073709551338,18446744073709551338,15208607,13,7664,0,0,0,13,18446744073709545264,18446744073709551030,18446744073709551030,32002,18446744073709551613,0,0,14939893859950389793,1,0,6,13408764322147112197,0,2,1,0
PAWN_AUDIT_RESULT,4088,1,1,-439,0,0,-439,0,0,0,0,0
PAWN_AUDIT_ENTRY,4089,15620033802560937730,249526514390661061,2069424238007379390,9087214225246470694,3371,18446744073709551378,18446744073709551379,18446744073709551374,9,8,1,16,18446744073709535627,18446744073709550278,6,0,0,0,0,0,0,0,1,18446744073709551338,18446744073709551338,15208607,13,7665,0,0,0,14,18446744073709544923,18446744073709551030,18446744073709551030,32002,18446744073709551613,0,0,14939893859950389793,1,0,6,13408764322147112197,0,2,1,0
PAWN_AUDIT_RESULT,4089,1,1,-259,0,0,-259,0,1,1,0,0
PAWN_AUDIT_ENTRY,4090,249526514390661061,981423987436585224,10976020563884671382,10082461165851968913,3899,18446744073709551378,18446744073709551379,18446744073709551375,14,13,7,3,18446744073709546995,18446744073709550278,4,0,1,0,0,0,0,3387,0,18446744073709551393,18446744073709551388,25125821,13,7667,0,0,1,13,18446744073709550092,18446744073709551030,18446744073709551030,18446744073709551393,10,2,1,5613493378099684734,0,0,4,514661579498828611,0,1,1,0
PAWN_AUDIT_RESULT,4090,7,7,-429,0,0,-429,0,0,0,0,0
PAWN_AUDIT_ENTRY,4091,981423987436585224,4507552932522079420,10976020563884671382,16404035492280772628,3381,18446744073709551378,18446744073709551379,18446744073709551375,14,13,7,4,18446744073709546775,18446744073709549636,4,0,1,0,0,0,0,3387,1,18446744073709551393,18446744073709551388,25125821,13,7668,0,0,1,14,18446744073709548875,18446744073709551030,1715,18446744073709551393,10,2,1,5613493378099684734,0,0,4,514661579498828611,0,1,1,0
PAWN_AUDIT_RESULT,4091,7,7,-285,0,0,-285,0,3,3,0,0
PAWN_AUDIT_ENTRY,4093,11736712212587689308,6102092504741567365,10976020563884671382,8017860404940073902,4015,18446744073709551378,18446744073709551379,18446744073709551375,14,13,5,5,18446744073709543219,18446744073709549045,4,0,1,0,0,0,0,3387,0,18446744073709551393,18446744073709551388,25125821,13,7672,0,0,1,10,18446744073709548499,18446744073709551030,18446744073709550775,18446744073709551393,10,2,1,5613493378099684734,0,0,4,514661579498828611,0,1,1,0
PAWN_AUDIT_RESULT,4093,5,5,-404,0,0,-404,0,0,0,0,0
PAWN_AUDIT_ENTRY,4094,6102092504741567365,47384997437054527,10976020563884671382,6610456215061117305,3502,18446744073709551378,18446744073709551379,18446744073709551375,14,13,5,6,18446744073709540683,18446744073709550278,4,0,1,0,0,0,0,3387,0,18446744073709551393,18446744073709551388,25125821,13,7673,0,0,1,9,18446744073709545392,18446744073709551030,3184,18446744073709551393,10,2,1,5613493378099684734,0,0,4,514661579498828611,0,0,1,0
PAWN_AUDIT_RESULT,4094,5,5,-410,0,0,-410,0,0,0,0,0
PAWN_AUDIT_ENTRY,4095,47384997437054527,17732364186155678282,10976020563884671382,7406082638863993363,3177,18446744073709551378,18446744073709551379,18446744073709551375,14,13,4,7,18446744073709539749,18446744073709550278,4,0,1,0,0,0,0,3387,0,18446744073709551393,18446744073709551388,25125821,13,7674,0,0,1,9,18446744073709545828,18446744073709551030,1411,18446744073709551393,10,2,1,5613493378099684734,0,0,4,514661579498828611,0,0,1,0
PAWN_AUDIT_RESULT,4095,4,4,-394,0,0,-394,0,0,0,0,0
PAWN_AUDIT_ENTRY,4096,17732364186155678282,12890558737702309566,10976020563884671382,480922908938465635,3559,18446744073709551378,18446744073709551379,18446744073709551375,14,13,4,9,18446744073709536314,18446744073709550278,4,0,1,0,0,0,0,3387,0,18446744073709551393,18446744073709551388,25125821,13,7675,0,0,1,9,18446744073709545373,18446744073709551030,18446744073709550746,18446744073709551393,10,2,1,5613493378099684734,0,0,4,514661579498828611,0,0,1,0
PAWN_AUDIT_RESULT,4096,4,4,-398,0,0,-398,0,0,0,0,0
PAWN_AUDIT_ENTRY,4097,12890558737702309566,7510333877976897622,10976020563884671382,8105699025720409734,3104,18446744073709551378,18446744073709551379,18446744073709551375,14,13,4,10,18446744073709536630,18446744073709550278,4,0,1,0,0,0,0,3387,0,18446744073709551393,18446744073709551388,25125821,13,7676,0,0,1,9,18446744073709545379,18446744073709551030,18446744073709551030,18446744073709551393,10,2,1,5613493378099684734,0,0,4,514661579498828611,0,0,1,0
PAWN_AUDIT_RESULT,4097,4,4,-384,0,0,-384,0,0,0,0,0
PAWN_AUDIT_ENTRY,4098,7510333877976897622,12107791472854360174,10976020563884671382,18083922677936465422,3371,18446744073709551378,18446744073709551379,18446744073709551375,14,13,4,11,18446744073709535252,18446744073709550278,4,0,1,0,0,0,0,3387,1,18446744073709551393,18446744073709551388,25125821,13,7677,0,0,1,14,18446744073709544923,18446744073709551030,18446744073709550678,18446744073709551393,10,2,1,5613493378099684734,0,0,4,514661579498828611,0,1,1,0
PAWN_AUDIT_RESULT,4098,4,4,-1006,0,0,-1006,0,1,1,0,0
PAWN_AUDIT_ENTRY,4099,12107791472854360174,2493005196050917915,10976020563884671382,3294892084341262180,3494,18446744073709551378,18446744073709551379,18446744073709551375,14,13,3,12,18446744073709534730,18446744073709550278,4,0,1,0,0,0,0,3387,0,18446744073709551393,18446744073709551388,25125821,13,7679,0,0,1,9,18446744073709544515,18446744073709551030,18446744073709551030,18446744073709551393,10,2,1,5613493378099684734,0,0,4,514661579498828611,0,0,1,0
PAWN_AUDIT_RESULT,4099,3,3,-439,0,0,-439,0,0,0,0,0
PAWN_AUDIT_ENTRY,4100,2493005196050917915,17683738303084352353,10976020563884671382,11735303789503027546,3169,18446744073709551378,18446744073709551379,18446744073709551375,14,13,3,13,18446744073709534583,18446744073709550278,4,0,1,0,0,0,0,3387,0,18446744073709551393,18446744073709551388,25125821,13,7680,0,0,1,9,18446744073709544660,18446744073709551030,18446744073709550594,18446744073709551393,10,2,1,5613493378099684734,0,0,4,514661579498828611,0,0,1,0
PAWN_AUDIT_RESULT,4100,3,3,-368,0,0,-368,0,0,0,0,0
PAWN_AUDIT_ENTRY,4101,17683738303084352353,6924350234131334223,10976020563884671382,14671479903152068666,3112,18446744073709551378,18446744073709551379,18446744073709551375,14,13,3,14,18446744073709534375,18446744073709550278,4,0,1,0,0,0,0,3387,0,18446744073709551393,18446744073709551388,25125821,13,7681,0,0,1,9,18446744073709544544,18446744073709551030,18446744073709550638,18446744073709551393,10,2,1,5613493378099684734,0,0,4,514661579498828611,0,0,1,0
PAWN_AUDIT_RESULT,4101,3,3,-401,0,0,-401,0,0,0,0,0
PAWN_AUDIT_ENTRY,4102,6924350234131334223,2314542115263147555,10976020563884671382,16918801164941493223,3567,18446744073709551378,18446744073709551379,18446744073709551375,14,13,3,15,18446744073709534137,18446744073709550278,4,0,1,0,0,0,0,3387,0,18446744073709551393,18446744073709551388,25125821,13,7682,0,0,1,9,18446744073709544507,18446744073709551030,18446744073709550491,18446744073709551393,10,2,1,5613493378099684734,0,0,4,514661579498828611,0,0,1,0
PAWN_AUDIT_RESULT,4102,3,3,-499,0,0,-499,0,0,0,0,0
PAWN_AUDIT_ENTRY,4103,2314542115263147555,12419695541378549453,10976020563884671382,9378919906813937228,3893,18446744073709551378,18446744073709551379,18446744073709551375,14,13,3,16,18446744073709536014,18446744073709549103,4,0,1,0,0,0,0,3387,0,18446744073709551393,18446744073709551388,25125821,13,7683,0,0,1,13,18446744073709545099,18446744073709551030,18446744073709551030,18446744073709551393,10,2,1,5613493378099684734,0,0,4,514661579498828611,0,1,1,0
PAWN_AUDIT_RESULT,4103,3,3,-476,0,0,-476,0,0,0,0,0
PAWN_AUDIT_ENTRY,4104,12419695541378549453,11323402760019437657,10976020563884671382,1034340210575725736,3688,18446744073709551378,18446744073709551379,18446744073709551375,14,13,3,17,18446744073709534663,18446744073709549734,4,0,1,0,0,0,0,3387,0,18446744073709551393,18446744073709551388,25125821,13,7684,0,0,1,10,18446744073709544720,18446744073709551030,18446744073709550545,18446744073709551393,10,2,1,5613493378099684734,0,0,4,514661579498828611,0,1,1,0
PAWN_AUDIT_RESULT,4104,3,3,-363,0,0,-363,0,0,0,0,0
PAWN_AUDIT_ENTRY,4105,11323402760019437657,6855674924418758146,10976020563884671382,12616064154339495530,3307,18446744073709551378,18446744073709551379,18446744073709551375,14,13,3,18,18446744073709534761,18446744073709550278,4,0,1,0,0,0,0,3387,0,18446744073709551393,18446744073709551388,25125821,13,7685,0,0,1,9,18446744073709544529,18446744073709551030,18446744073709551030,18446744073709551393,10,2,1,5613493378099684734,0,0,4,514661579498828611,0,0,1,0
PAWN_AUDIT_RESULT,4105,3,3,-351,0,0,-351,0,0,0,0,0
PAWN_AUDIT_ENTRY,4106,6855674924418758146,9457835832991810948,10976020563884671382,8845937894226305308,2722,18446744073709551378,18446744073709551379,18446744073709551375,14,13,3,19,18446744073709534620,18446744073709550278,4,0,1,0,0,0,0,3387,0,18446744073709551393,18446744073709551388,25125821,13,7686,0,0,1,9,18446744073709544465,18446744073709551030,18446744073709551030,18446744073709551393,10,2,1,5613493378099684734,0,0,4,514661579498828611,0,0,1,0
PAWN_AUDIT_RESULT,4106,3,3,-503,0,0,-503,0,0,0,0,0
PAWN_AUDIT_ENTRY,4118,4605692708429083487,6157243802724308905,6512910394768111441,5127657804901278979,736,237,238,207,8,7,1,3,18446744073709543390,18446744073709550278,7,0,1,0,0,0,0,0,1,121,121,6759522,13,7726,0,0,0,3,18446744073709549813,18446744073709551030,18446744073709548227,32002,18446744073709551613,0,0,4360914193046134225,0,0,7,6875782251838768989,0,1,1,0
PAWN_AUDIT_RESULT,4118,1,1,179,0,0,179,0,1,1,0,0
PAWN_AUDIT_ENTRY,4120,18408059765934391894,11910572260316445349,6512910394768111441,14567321480999426629,1366,237,238,207,8,7,1,5,18446744073709538620,2503,7,0,1,0,0,0,0,0,0,121,121,6759522,13,7729,0,0,0,5,18446744073709546467,18446744073709549959,140,32002,18446744073709551613,0,0,4360914193046134225,0,0,7,6875782251838768989,0,1,1,0
PAWN_AUDIT_RESULT,4120,1,1,158,0,0,158,0,0,0,0,0
PAWN_AUDIT_ENTRY,4121,11910572260316445349,14115668779523832848,6512910394768111441,13790456749226934629,666,237,238,207,8,7,1,7,18446744073709545425,18446744073709550278,7,0,1,0,0,0,0,0,0,121,121,6759522,13,7730,0,0,0,1,18446744073709549378,18446744073709551030,18446744073709551030,32002,18446744073709551613,0,0,4360914193046134225,0,0,7,6875782251838768989,0,0,1,0
PAWN_AUDIT_RESULT,4121,1,1,81,0,0,81,0,0,0,0,0
PAWN_AUDIT_ENTRY,4122,14115668779523832848,15401943309717462602,6512910394768111441,14842200589883434941,724,237,238,207,8,7,1,9,18446744073709543593,18446744073709550278,7,0,1,0,0,0,0,0,0,121,121,6759522,13,7731,0,0,0,3,18446744073709548545,18446744073709551030,18446744073709551030,32002,18446744073709551613,0,0,4360914193046134225,0,0,7,6875782251838768989,0,1,1,0
PAWN_AUDIT_RESULT,4122,1,1,135,0,0,135,0,0,0,0,0
PAWN_AUDIT_ENTRY,4123,15401943309717462602,11683831179750118838,6512910394768111441,8718454182022119752,706,237,238,207,8,7,1,10,18446744073709544714,18446744073709549386,7,0,1,0,0,0,0,0,0,121,121,6759522,13,7732,0,0,0,3,18446744073709549055,18446744073709551030,18446744073709551030,32002,18446744073709551613,0,0,4360914193046134225,0,0,7,6875782251838768989,0,1,1,0
PAWN_AUDIT_RESULT,4123,1,1,44,0,0,44,0,0,0,0,0
PAWN_AUDIT_ENTRY,4124,11683831179750118838,2801097195564019678,6512910394768111441,17146016085808453511,722,237,238,207,8,7,1,11,18446744073709541669,18446744073709550278,7,0,1,0,0,0,0,0,0,121,121,6759522,13,7733,0,0,0,3,18446744073709547670,18446744073709551030,18446744073709551030,32002,18446744073709551613,0,0,4360914193046134225,0,0,7,6875782251838768989,0,1,1,0
PAWN_AUDIT_RESULT,4124,1,1,146,0,0,146,0,0,0,0,0
PAWN_AUDIT_ENTRY,4125,2801097195564019678,10894615297620666232,6512910394768111441,664862355313346171,82,237,238,207,8,7,1,13,18446744073709549529,18446744073709550278,7,0,1,0,0,0,0,0,0,121,121,6759522,13,7734,0,0,0,2,18446744073709551244,18446744073709551030,18446744073709551030,32002,18446744073709551613,0,0,4360914193046134225,0,0,7,6875782251838768989,0,1,1,0
PAWN_AUDIT_RESULT,4125,1,1,180,0,0,180,0,0,0,0,0
PAWN_AUDIT_ENTRY,4126,10894615297620666232,1354872006975540590,6512910394768111441,14862629897165893127,396,237,238,207,8,7,1,16,18446744073709546588,18446744073709550278,7,0,1,0,0,0,0,0,0,121,121,6759522,13,7735,0,0,0,2,18446744073709549907,18446744073709551030,18446744073709551030,32002,18446744073709551613,0,0,4360914193046134225,0,0,7,6875782251838768989,0,1,1,0
PAWN_AUDIT_RESULT,4126,1,1,194,0,0,194,0,0,0,0,0
PAWN_AUDIT_ENTRY,4138,10319658077459754629,14361669171629846608,9076729186607018308,17130569080707275856,1366,237,238,209,11,10,4,4,18446744073709539704,2424,5,0,1,0,0,1,0,139,0,302,302,1672108,13,7751,0,0,1,5,18446744073709546323,18446744073709551515,18446744073709551465,282,3,2,1,11058898975780255249,0,0,5,1134318061230772086,0,1,1,0
PAWN_AUDIT_RESULT,4138,4,4,167,0,0,167,0,0,0,0,0
PAWN_AUDIT_ENTRY,4139,14361669171629846608,7490125328197752408,9076729186607018308,17878787901924852147,75,237,238,209,11,10,4,5,18446744073709537406,2178,5,0,1,0,0,1,0,139,0,302,302,1672108,13,7752,0,0,1,2,18446744073709547207,18446744073709550356,18446744073709548685,282,3,2,1,11058898975780255249,0,0,5,1134318061230772086,0,1,1,0
PAWN_AUDIT_RESULT,4139,4,4,230,0,0,230,0,4,4,0,0
PAWN_AUDIT_ENTRY,4142,17861458173158401323,5669350644971589610,9076729186607018308,11021450941545367408,666,237,238,230,11,10,4,6,18446744073709543276,18446744073709550278,5,0,1,0,0,1,0,139,0,302,302,1672108,13,7757,0,0,1,1,18446744073709548401,18446744073709551030,18446744073709551030,282,3,2,1,11058898975780255249,0,0,5,1134318061230772086,0,0,1,0
PAWN_AUDIT_RESULT,4142,4,4,172,0,0,172,0,0,0,0,0
PAWN_AUDIT_ENTRY,4143,5669350644971589610,4137602516894201717,9076729186607018308,3364070928907550830,82,237,238,230,11,10,4,8,18446744073709542133,18446744073709550451,5,0,1,0,0,1,0,139,0,302,302,1672108,13,7758,0,0,1,2,18446744073709550656,18446744073709548668,18446744073709547746,282,3,2,1,11058898975780255249,0,0,5,1134318061230772086,0,1,1,0
PAWN_AUDIT_RESULT,4143,4,4,186,0,0,186,0,0,0,0,0
PAWN_AUDIT_ENTRY,4144,4137602516894201717,2864824779999641130,9076729186607018308,11130524232754808898,1347,237,238,230,11,10,3,10,18446744073709537243,38,5,0,1,0,0,1,0,139,0,302,302,1672108,13,7759,0,0,1,5,18446744073709545949,18446744073709551030,18446744073709550430,282,3,2,1,11058898975780255249,0,0,5,1134318061230772086,0,1,1,0
PAWN_AUDIT_RESULT,4144,3,3,166,0,0,166,0,0,0,0,0
PAWN_AUDIT_ENTRY,4145,2864824779999641130,14974077351463235282,9076729186607018308,16130573964772643650,536,237,238,230,11,10,3,11,18446744073709539359,18446744073709550278,5,0,1,0,0,1,0,139,0,302,302,1672108,13,7760,0,0,1,1,18446744073709546620,18446744073709551030,18446744073709551030,282,3,2,1,11058898975780255249,0,0,5,1134318061230772086,0,0,1,0
PAWN_AUDIT_RESULT,4145,3,3,190,0,0,190,0,0,0,0,0
PAWN_AUDIT_ENTRY,4146,14974077351463235282,12986387021966811073,9076729186607018308,12094503072148769062,1374,237,238,230,11,10,4,12,18446744073709542418,18446744073709548874,5,0,1,0,0,1,0,139,0,302,302,1672108,13,7761,0,0,1,5,18446744073709548011,18446744073709551030,18446744073709551030,282,3,2,1,11058898975780255249,0,0,5,1134318061230772086,0,1,1,0
PAWN_AUDIT_RESULT,4146,4,4,60,0,0,60,0,0,0,0,0
PAWN_AUDIT_ENTRY,4147,12986387021966811073,14159297217981891439,9076729186607018308,16358130897868535688,332,237,238,230,11,10,3,13,18446744073709538641,18446744073709550481,5,0,1,0,0,1,0,139,0,302,302,1672108,13,7762,0,0,1,3,18446744073709546995,18446744073709550308,18446744073709550328,282,3,2,1,11058898975780255249,0,0,5,1134318061230772086,0,1,1,0
PAWN_AUDIT_RESULT,4147,3,3,223,0,0,223,0,3,3,0,0
PAWN_AUDIT_ENTRY,4149,3979837243072672800,7988438978737925397,9076729186607018308,8270029532203287780,1356,237,238,230,11,10,3,14,18446744073709537962,18446744073709550867,5,0,1,0,0,1,0,139,0,302,302,1672108,13,7766,0,0,1,5,18446744073709546138,18446744073709551030,18446744073709550714,282,3,2,1,11058898975780255249,0,0,5,1134318061230772086,0,1,1,0
PAWN_AUDIT_RESULT,4149,3,3,148,0,0,148,0,0,0,0,0
PAWN_AUDIT_ENTRY,4150,7988438978737925397,4415565098592993658,9076729186607018308,6083020886884283320,137,237,238,230,11,10,3,15,18446744073709535733,18446744073709551167,5,0,1,0,0,1,0,139,0,302,302,1672108,13,7767,0,0,1,3,18446744073709544971,18446744073709551030,18446744073709551030,282,3,2,1,11058898975780255249,0,0,5,1134318061230772086,0,1,1,0
PAWN_AUDIT_RESULT,4150,3,3,210,0,0,210,0,0,0,0,0
PAWN_AUDIT_ENTRY,4151,4415565098592993658,6287277293675933163,9076729186607018308,15218610236780947217,267,237,238,230,11,10,3,16,18446744073709538394,18446744073709549447,5,0,1,0,0,1,0,139,0,302,302,1672108,13,7768,0,0,1,6,18446744073709546449,18446744073709551030,18446744073709550478,282,3,2,1,11058898975780255249,0,0,5,1134318061230772086,0,1,1,0
PAWN_AUDIT_RESULT,4151,3,3,133,0,0,133,0,0,0,0,0
PAWN_AUDIT_ENTRY,4152,6287277293675933163,3781821659103780333,9076729186607018308,14476063332033793714,1763,237,238,230,11,10,3,17,18446744073709536400,18446744073709550278,5,0,1,0,0,1,0,139,0,302,302,1672108,13,7769,0,0,1,1,18446744073709544680,18446744073709551030,639,282,3,2,1,11058898975780255249,0,0,5,1134318061230772086,0,0,1,0
PAWN_AUDIT_RESULT,4152,3,3,47,0,0,47,0,0,0,0,0
PAWN_AUDIT_ENTRY,4153,3781821659103780333,6031831478179532460,9076729186607018308,4269704911746995173,1357,237,238,230,11,10,3,18,18446744073709538282,18446744073709550278,5,0,1,0,0,1,0,139,0,302,302,1672108,13,7770,0,0,1,5,18446744073709546529,18446744073709550917,18446744073709550325,282,3,2,1,11058898975780255249,0,0,5,1134318061230772086,0,1,1,0
PAWN_AUDIT_RESULT,4153,3,3,159,0,0,159,0,0,0,0,0
PAWN_AUDIT_ENTRY,4154,6031831478179532460,587053764159246283,9076729186607018308,11636522156666575278,991,237,238,230,11,10,3,19,18446744073709535761,18446744073709550278,5,0,1,0,0,1,0,139,0,302,302,1672108,13,7771,0,0,1,1,18446744073709544984,18446744073709551030,18446744073709551030,282,3,2,1,11058898975780255249,0,0,5,1134318061230772086,0,0,1,0
PAWN_AUDIT_RESULT,4154,3,3,191,0,0,191,0,0,0,0,0
PAWN_AUDIT_ENTRY,4155,587053764159246283,5107680427894248921,9076729186607018308,877238252358595775,658,237,238,230,11,10,3,20,18446744073709535542,18446744073709550278,5,0,1,0,0,1,0,139,0,302,302,1672108,13,7772,0,0,1,1,18446744073709545068,18446744073709551030,18446744073709550651,282,3,2,1,11058898975780255249,0,0,5,1134318061230772086,0,0,1,0
PAWN_AUDIT_RESULT,4155,3,3,191,0,0,191,0,0,0,0,0
PAWN_AUDIT_ENTRY,4156,5107680427894248921,14967093790258061890,9076729186607018308,10707376584637728162,918,237,238,230,11,10,3,21,18446744073709534860,18446744073709550278,5,0,1,0,0,1,0,139,0,302,302,1672108,13,7773,0,0,1,1,18446744073709544574,18446744073709551030,18446744073709551030,282,3,2,1,11058898975780255249,0,0,5,1134318061230772086,0,0,1,0
PAWN_AUDIT_RESULT,4156,3,3,178,0,0,178,0,0,0,0,0
PAWN_AUDIT_ENTRY,4157,14967093790258061890,12952955059078683765,9076729186607018308,18048061380642471509,1363,237,238,230,11,10,3,22,18446744073709537535,18446744073709549288,5,0,1,0,0,1,0,139,0,302,302,1672108,13,7774,0,0,1,5,18446744073709546026,18446744073709551030,18446744073709550545,282,3,2,1,11058898975780255249,0,0,5,1134318061230772086,0,1,1,0
PAWN_AUDIT_RESULT,4157,3,3,137,0,0,137,0,0,0,0,0
PAWN_AUDIT_ENTRY,4158,12952955059078683765,11430882755456140310,9076729186607018308,13645829578523464111,1828,237,238,230,11,10,3,23,18446744073709534633,18446744073709550278,5,0,1,0,0,1,0,139,0,302,302,1672108,13,7775,0,0,1,1,18446744073709544471,18446744073709551030,18446744073709551030,282,3,2,1,11058898975780255249,0,0,5,1134318061230772086,0,0,1,0
PAWN_AUDIT_RESULT,4158,3,3,136,0,0,136,0,0,0,0,0
PAWN_AUDIT_ENTRY,4159,11430882755456140310,6216708854559152297,9076729186607018308,8935655787326803257,926,237,238,230,11,10,3,24,18446744073709534556,18446744073709550278,5,0,1,0,0,1,0,139,0,302,302,1672108,13,7776,0,0,1,1,18446744073709544436,18446744073709551030,18446744073709551030,282,3,2,1,11058898975780255249,0,0,5,1134318061230772086,0,0,1,0
PAWN_AUDIT_RESULT,4159,3,3,148,0,0,148,0,0,0,0,0
PAWN_AUDIT_ENTRY,4160,6216708854559152297,4189268331898615772,9076729186607018308,6578673940362253680,1364,237,238,230,11,10,3,25,18446744073709537771,18446744073709549016,5,0,1,0,0,1,0,139,0,302,302,1672108,13,7777,0,0,1,5,18446744073709546088,18446744073709551030,18446744073709550638,282,3,2,1,11058898975780255249,0,0,5,1134318061230772086,0,1,1,0
PAWN_AUDIT_RESULT,4160,3,3,128,0,0,128,0,0,0,0,0
PAWN_AUDIT_ENTRY,4161,4189268331898615772,2089215563614024557,9076729186607018308,3969212113493383032,144,237,238,230,11,10,3,26,18446744073709540047,18446744073709549202,5,0,1,0,0,1,0,139,0,302,302,1672108,13,7778,0,0,1,3,18446744073709547038,18446744073709551030,18446744073709550813,282,3,2,1,11058898975780255249,0,0,5,1134318061230772086,0,1,1,0
PAWN_AUDIT_RESULT,4161,3,3,199,0,0,199,0,0,0,0,0
PAWN_AUDIT_ENTRY,4162,2089215563614024557,13568870667665048902,9076729186607018308,16217703852723649765,983,237,238,230,11,10,3,27,18446744073709535081,18446744073709549655,5,0,1,0,0,1,0,139,0,302,302,1672108,13,7779,0,0,1,1,18446744073709545007,18446744073709550782,18446744073709550601,282,3,2,1,11058898975780255249,0,0,5,1134318061230772086,0,0,1,0
PAWN_AUDIT_RESULT,4162,3,3,173,0,0,173,0,0,0,0,0
PAWN_AUDIT_ENTRY,4163,13568870667665048902,6462419569041852791,9076729186607018308,16849988486321137682,396,237,238,230,11,10,4,28,18446744073709544161,18446744073709548436,5,0,1,0,0,1,0,139,0,302,302,1672108,13,7780,0,0,1,2,18446744073709550857,18446744073709549200,18446744073709548684,282,3,2,1,11058898975780255249,0,0,5,1134318061230772086,0,1,1,0
PAWN_AUDIT_RESULT,4163,4,4,193,0,0,193,0,9,9,0,0
PAWN_AUDIT_ENTRY,4168,4798640612668525240,8658401563189565240,9076729186607018308,7868641516968087422,1362,237,238,230,11,10,3,29,18446744073709537399,18446744073709548874,5,0,1,0,0,1,0,139,0,302,302,1672108,13,7790,0,0,1,5,18446744073709545990,18446744073709551030,18446744073709550491,282,3,2,1,11058898975780255249,0,0,5,1134318061230772086,0,1,1,0
PAWN_AUDIT_RESULT,4168,3,3,117,0,0,117,0,0,0,0,0
PAWN_AUDIT_ENTRY,4169,8658401563189565240,16249673628022639945,9076729186607018308,6859064673056215386,1373,237,238,230,11,10,3,30,18446744073709537050,18446744073709548874,5,0,1,0,0,1,0,139,0,302,302,1672108,13,7791,0,0,1,5,18446744073709546179,18446744073709550789,18446744073709550023,282,3,2,1,11058898975780255249,0,0,5,1134318061230772086,0,1,1,0
PAWN_AUDIT_RESULT,4169,3,3,121,0,0,121,0,0,0,0,0
PAWN_AUDIT_ENTRY,4170,16249673628022639945,9710643619881466124,9076729186607018308,17512879871660526617,346,237,238,230,11,10,3,31,18446744073709538891,18446744073709546594,5,0,1,0,0,1,0,139,0,302,302,1672108,13,7792,0,0,1,3,18446744073709545474,18446744073709551030,1336,282,3,2,1,11058898975780255249,0,0,5,1134318061230772086,0,1,1,0
PAWN_AUDIT_RESULT,4170,3,3,198,0,0,198,0,0,0,0,0
PAWN_AUDIT_ENTRY,4171,9710643619881466124,3622122183242742961,9076729186607018308,15873216860445165752,1367,237,238,230,11,10,3,32,18446744073709536321,18446744073709548874,5,0,1,0,0,1,0,139,0,302,302,1672108,13,7793,0,0,1,5,18446744073709545846,18446744073709550785,18446744073709550031,282,3,2,1,11058898975780255249,0,0,5,1134318061230772086,0,1,1,0
PAWN_AUDIT_RESULT,4171,3,3,89,0,0,89,0,0,0,0,0
PAWN_AUDIT_ENTRY,4172,3622122183242742961,11421132069326955805,9076729186607018308,12855562275659004549,407,237,238,230,11,10,3,34,18446744073709537514,18446744073709548034,5,0,1,0,0,1,0,139,0,302,302,1672108,13,7794,0,0,1,2,18446744073709545781,18446744073709551030,18446744073709551030,282,3,2,1,11058898975780255249,0,0,5,1134318061230772086,0,1,1,0
PAWN_AUDIT_RESULT,4172,3,3,209,0,0,209,0,0,0,0,0
PAWN_AUDIT_ENTRY,4173,11421132069326955805,5484368441433143629,9076729186607018308,17791067044371532342,80,237,238,230,11,10,3,35,18446744073709534745,18446744073709549021,5,0,1,0,0,1,0,139,0,302,302,1672108,13,7795,0,0,1,2,18446744073709544522,18446744073709551030,18446744073709551030,282,3,2,1,11058898975780255249,0,0,5,1134318061230772086,0,1,1,0
PAWN_AUDIT_RESULT,4173,3,3,200,0,0,200,0,0,0,0,0
PAWN_AUDIT_ENTRY,4174,5484368441433143629,9985122652789526393,9076729186607018308,12599172928389694884,528,237,238,230,11,10,3,36,18446744073709534053,18446744073709549204,5,0,1,0,0,1,0,139,0,302,302,1672108,13,7796,0,0,1,1,18446744073709545058,18446744073709550225,18446744073709550106,282,3,2,1,11058898975780255249,0,0,5,1134318061230772086,0,0,1,0
PAWN_AUDIT_RESULT,4174,3,3,192,0,0,192,0,0,0,0,0
PAWN_AUDIT_ENTRY,4175,9985122652789526393,18244169484988912092,9076729186607018308,978062553900899068,269,237,238,230,11,10,3,37,18446744073709534904,18446744073709548780,5,0,1,0,0,1,0,139,0,302,302,1672108,13,7797,0,0,1,6,18446744073709544594,18446744073709551030,18446744073709551030,282,3,2,1,11058898975780255249,0,0,5,1134318061230772086,0,1,1,0
PAWN_AUDIT_RESULT,4175,3,3,139,0,0,139,0,0,0,0,0
PAWN_AUDIT_ENTRY,4176,18244169484988912092,16789535905946402596,9076729186607018308,7495705637820632189,148,237,238,230,11,10,3,38,18446744073709535297,18446744073709548251,5,0,1,0,0,1,0,139,0,302,302,1672108,13,7798,0,0,1,3,18446744073709544773,18446744073709551030,18446744073709551030,282,3,2,1,11058898975780255249,0,0,5,1134318061230772086,0,1,1,0
PAWN_AUDIT_RESULT,4176,3,3,187,0,0,187,0,3,3,0,0
PAWN_AUDIT_ENTRY,4177,16789535905946402596,6879669817975929381,9076729186607018308,9736649204906321563,157,237,238,230,11,10,3,39,18446744073709536113,18446744073709547844,5,0,1,0,0,1,0,139,0,302,302,1672108,13,7802,0,0,1,3,18446744073709545144,18446744073709551030,18446744073709551030,282,3,2,1,11058898975780255249,0,0,5,1134318061230772086,0,1,1,0
PAWN_AUDIT_RESULT,4177,3,3,224,0,0,224,0,0,0,0,0
PAWN_AUDIT_ENTRY,4178,6879669817975929381,13673760720487101467,9076729186607018308,16044609073473771184,268,237,238,230,11,10,3,40,18446744073709534585,18446744073709546520,5,0,1,0,0,1,0,139,0,302,302,1672108,13,7803,0,0,1,6,18446744073709544449,18446744073709551030,18446744073709551030,282,3,2,1,11058898975780255249,0,0,5,1134318061230772086,0,1,1,0
PAWN_AUDIT_RESULT,4178,3,3,101,0,0,101,0,0,0,0,0
PAWN_AUDIT_ENTRY,4179,13673760720487101467,3283171193586015589,9036196051338180697,4000735885042540133,144,237,238,230,13,12,7,2,18446744073709535735,4750,3,0,1,0,0,1,0,2412,0,280,260,18446744073700264151,13,7804,0,0,0,3,18446744073709546599,18446744073709551030,18446744073709547678,280,5,2,1,11090425736916188940,3,0,3,5502432833406508004,0,4,1,0
PAWN_AUDIT_RESULT,4179,7,7,21,0,0,21,0,0,0,0,0
PAWN_AUDIT_ENTRY,4186,9541218054899581256,4841663360332924842,8009403989184812104,17426997774855988413,3559,18446744073709551378,18446744073709551379,18446744073709551363,8,7,1,5,18446744073709537541,18446744073709550278,4,0,1,0,0,0,0,0,0,18446744073709551458,18446744073709551458,20865869,13,7818,0,0,0,9,18446744073709545187,18446744073709551030,663,32002,18446744073709551613,0,0,11090425736916188940,4,0,4,9036196051338180697,0,0,1,0
PAWN_AUDIT_RESULT,4186,1,1,-302,0,0,-302,0,0,0,0,0
PAWN_AUDIT_ENTRY,4187,4841663360332924842,9582958648856940668,8009403989184812104,11199593690603892039,3947,18446744073709551378,18446744073709551379,18446744073709551363,8,7,1,7,18446744073709536473,18446744073709550278,4,0,1,0,0,0,0,0,0,18446744073709551458,18446744073709551458,20865869,13,7819,0,0,0,11,18446744073709545406,18446744073709551030,18446744073709550827,32002,18446744073709551613,0,0,11090425736916188940,4,0,4,9036196051338180697,0,5,1,0
PAWN_AUDIT_RESULT,4187,1,1,-339,0,0,-339,0,0,0,0,0
PAWN_AUDIT_ENTRY,4188,9582958648856940668,18099484945904034955,8009403989184812104,11595168702082798767,3892,18446744073709551378,18446744073709551379,18446744073709551363,8,7,1,8,18446744073709537521,18446744073709550278,4,0,1,0,0,0,0,0,0,18446744073709551458,18446744073709551458,20865869,13,7820,0,0,0,13,18446744073709545873,18446744073709551030,18446744073709550847,32002,18446744073709551613,0,0,11090425736916188940,4,0,4,9036196051338180697,0,5,1,0
PAWN_AUDIT_RESULT,4188,1,1,-323,0,0,-323,0,0,0,0,0
PAWN_AUDIT_ENTRY,4189,18099484945904034955,13830400573711799840,8009403989184812104,6478430348660259986,3826,18446744073709551378,18446744073709551379,18446744073709551363,8,7,1,9,18446744073709534809,18446744073709550278,4,0,1,0,0,0,0,0,0,18446744073709551458,18446744073709551458,20865869,13,7821,0,0,0,14,18446744073709544603,18446744073709551030,18446744073709550923,32002,18446744073709551613,0,0,11090425736916188940,4,0,4,9036196051338180697,0,5,1,0
PAWN_AUDIT_RESULT,4189,1,1,-394,0,0,-394,0,0,0,0,0
PAWN_AUDIT_ENTRY,4190,13830400573711799840,7904768897537103044,8009403989184812104,15470993378825602588,3956,18446744073709551378,18446744073709551379,18446744073709551363,8,7,1,10,18446744073709537767,18446744073709548282,4,0,1,0,0,0,0,0,0,18446744073709551458,18446744073709551458,20865869,13,7822,0,0,0,11,18446744073709545556,18446744073709551030,114,32002,18446744073709551613,0,0,11090425736916188940,4,0,4,9036196051338180697,0,5,1,0
PAWN_AUDIT_RESULT,4190,1,1,-308,0,0,-308,0,0,0,0,0
PAWN_AUDIT_ENTRY,4191,7904768897537103044,1479497304348756042,8009403989184812104,10498460387725451213,3177,18446744073709551378,18446744073709551379,18446744073709551363,8,7,1,12,18446744073709538453,18446744073709548324,4,0,1,0,0,0,0,0,0,18446744073709551458,18446744073709551458,20865869,13,7823,0,0,0,9,18446744073709545518,18446744073709551030,835,32002,18446744073709551613,0,0,11090425736916188940,4,0,4,9036196051338180697,0,0,1,0
PAWN_AUDIT_RESULT,4191,1,1,-317,0,0,-317,0,0,0,0,0
PAWN_AUDIT_ENTRY,4192,1479497304348756042,3177444802308442487,8009403989184812104,8456962971958219666,3893,18446744073709551378,18446744073709551379,18446744073709551363,8,7,1,14,18446744073709535312,18446744073709548874,4,0,1,0,0,0,0,0,0,18446744073709551458,18446744073709551458,20865869,13,7824,0,0,0,13,18446744073709544967,18446744073709551030,18446744073709550644,32002,18446744073709551613,0,0,11090425736916188940,4,0,4,9036196051338180697,0,5,1,0
PAWN_AUDIT_RESULT,4192,1,1,-295,0,0,-295,0,0,0,0,0
PAWN_AUDIT_ENTRY,4193,3177444802308442487,11947228493476961146,8009403989184812104,12450403573784784039,3502,18446744073709551378,18446744073709551379,18446744073709551363,8,7,1,15,18446744073709536241,18446744073709548032,4,0,1,0,0,0,0,0,0,18446744073709551458,18446744073709551458,20865869,13,7825,0,0,0,9,18446744073709545202,18446744073709551030,18446744073709551030,32002,18446744073709551613,0,0,11090425736916188940,4,0,4,9036196051338180697,0,0,1,0
PAWN_AUDIT_RESULT,4193,1,1,-341,0,0,-341,0,0,0,0,0
PAWN_AUDIT_ENTRY,4194,11947228493476961146,12676249031939398396,8009403989184812104,9730181630332824408,3104,18446744073709551378,18446744073709551379,18446744073709551363,8,7,1,16,18446744073709536219,18446744073709547924,4,0,1,0,0,0,0,0,0,18446744073709551458,18446744073709551458,20865869,13,7826,0,0,0,9,18446744073709545192,18446744073709551030,18446744073709551030,32002,18446744073709551613,0,0,11090425736916188940,4,0,4,9036196051338180697,0,0,1,0
PAWN_AUDIT_RESULT,4194,1,1,-348,0,0,-348,0,0,0,0,0
PAWN_AUDIT_ENTRY,4195,12676249031939398396,101092058330138066,8009403989184812104,7343731345382336105,3929,18446744073709551378,18446744073709551379,18446744073709551363,8,7,1,17,18446744073709533057,978,4,0,1,0,0,0,0,0,0,18446744073709551458,18446744073709551458,20865869,13,7827,0,0,0,11,18446744073709545072,18446744073709551030,18446744073709548315,32002,18446744073709551613,0,0,11090425736916188940,4,0,4,9036196051338180697,0,5,1,0
PAWN_AUDIT_RESULT,4195,1,1,-311,0,0,-311,0,0,0,0,0
PAWN_AUDIT_ENTRY,4210,10888522461559215514,3618616173820132442,15996324709481537222,2160929481076839331,4020,18446744073709551378,18446744073709551379,18446744073709551378,9,8,4,5,18446744073709550747,18446744073709548874,6,0,0,0,0,0,0,0,0,18446744073709551262,18446744073709551262,18446744073708623319,13,7856,0,0,1,10,18446744073709549786,18446744073709550883,3711,18446744073709551374,4,1,1,3112085880223528322,0,0,6,5575516713221161179,0,1,1,0
PAWN_AUDIT_RESULT,4210,4,4,-350,0,0,-350,0,0,0,0,0
PAWN_AUDIT_ENTRY,4211,3618616173820132442,3340357325775353679,15996324709481537222,7236511019505568914,3956,18446744073709551378,18446744073709551379,18446744073709551378,9,8,2,8,18446744073709538084,18446744073709550278,6,0,0,0,0,0,0,0,0,18446744073709551262,18446744073709551262,18446744073708623319,13,7857,0,0,1,11,18446744073709545334,18446744073709550991,909,18446744073709551374,4,1,1,3112085880223528322,0,0,6,5575516713221161179,0,1,1,0
PAWN_AUDIT_RESULT,4211,2,2,-495,0,0,-495,0,0,0,0,0
PAWN_AUDIT_ENTRY,4212,3340357325775353679,2675803570159919230,15996324709481537222,3092246231302714622,4015,18446744073709551378,18446744073709551379,18446744073709551378,9,8,2,12,18446744073709539194,18446744073709550278,6,0,0,0,0,0,0,0,0,18446744073709551262,18446744073709551262,18446744073708623319,13,7858,0,0,1,10,18446744073709547597,18446744073709550795,18446744073709549104,18446744073709551374,4,1,1,3112085880223528322,0,0,6,5575516713221161179,0,1,1,0
PAWN_AUDIT_RESULT,4212,2,2,-388,0,0,-388,0,0,0,0,0
PAWN_AUDIT_ENTRY,4226,11333863669172025890,12250887638022761067,7651106169068856388,5238418759920554589,139,237,238,235,8,7,1,3,18446744073709546995,18446744073709550278,5,0,1,0,0,0,0,0,0,349,349,2141673,13,7883,0,0,0,3,18446744073709550092,18446744073709551030,18446744073709551030,32002,18446744073709551614,0,1,4329389905820275916,0,0,5,8009403989184812104,0,1,1,0
PAWN_AUDIT_RESULT,4226,1,1,156,0,0,156,0,1,1,0,0
PAWN_AUDIT_ENTRY,4227,12250887638022761067,17877374510818259919,7651106169068856388,4140674149519938926,82,237,238,235,8,7,1,4,18446744073709549630,18446744073709550278,5,0,1,0,0,0,0,0,0,349,349,2141673,13,7885,0,0,0,2,18446744073709551160,18446744073709551030,18446744073709551298,32002,18446744073709551614,0,1,4329389905820275916,0,0,5,8009403989184812104,0,1,1,0
PAWN_AUDIT_RESULT,4227,1,1,185,0,0,185,0,1,1,0,0
PAWN_AUDIT_ENTRY,4228,17877374510818259919,3074956548824276422,7651106169068856388,17277782078453175475,75,237,238,235,8,7,1,6,18446744073709543720,18446744073709550278,5,0,1,0,0,0,0,0,0,349,349,2141673,13,7887,0,0,0,2,18446744073709548603,18446744073709551030,18446744073709551030,32002,18446744073709551614,0,1,4329389905820275916,0,0,5,8009403989184812104,0,1,1,0
PAWN_AUDIT_ENTRY,4244,2228201612990076519,7464173836498599277,17277782078453175475,3442006006446266838,4020,18446744073709551378,18446744073709551379,18446744073709551374,7,6,1,5,18446744073709542111,18446744073709550278,6,0,0,0,0,0,0,0,0,18446744073709551296,18446744073709551296,18446744073709171815,13,7926,0,0,0,10,18446744073709548070,18446744073709550632,18446744073709551030,18446744073709551373,1,1,1,4329389905820275916,1,0,6,7651106169068856388,0,2,1,0
PAWN_AUDIT_RESULT,4244,1,1,-322,0,0,-322,0,0,0,0,0
PAWN_AUDIT_RESULT,4228,1,1,243,1,7,242,0,1,39,1,1
PAWN_AUDIT_ENTRY,4245,7464173836498599277,8024791345199143838,8009403989184812104,12620329728671701293,4020,18446744073709551378,18446744073709551379,18446744073709551378,12,11,7,4,18446744073709540648,18446744073709548347,4,0,0,0,0,1,0,0,0,18446744073709551357,18446744073709551357,7606993,13,7927,0,0,0,10,18446744073709547529,18446744073709550682,18446744073709550723,18446744073709551363,8,1,1,11090425736916188940,4,0,4,9036196051338180697,0,5,1,0
PAWN_AUDIT_RESULT,4245,7,7,-290,0,0,-290,0,3,3,0,0
PAWN_AUDIT_ENTRY,4247,2365140807456969997,17760103672728212719,8009403989184812104,17426997774855988413,3559,18446744073709551378,18446744073709551379,18446744073709551378,12,11,6,5,18446744073709537213,18446744073709550278,4,0,0,0,0,1,0,0,0,18446744073709551357,18446744073709551357,7606993,13,7931,0,0,0,9,18446744073709545038,18446744073709551030,663,18446744073709551363,8,1,1,11090425736916188940,4,0,4,9036196051338180697,0,0,1,0
PAWN_AUDIT_RESULT,4247,6,6,-276,0,0,-276,0,3,3,0,0
PAWN_AUDIT_ENTRY,4249,2467684837226147989,8420609870505415953,8009403989184812104,10498460387725451213,3177,18446744073709551378,18446744073709551379,18446744073709551378,12,11,6,8,18446744073709537980,18446744073709548324,4,0,0,0,0,1,0,0,0,18446744073709551357,18446744073709551357,7606993,13,7935,0,0,0,9,18446744073709545303,18446744073709551030,835,18446744073709551363,8,1,1,11090425736916188940,4,0,4,9036196051338180697,0,0,1,0
PAWN_AUDIT_RESULT,4249,6,6,-308,0,0,-308,0,0,0,0,0
PAWN_AUDIT_ENTRY,4250,8420609870505415953,4508098294046523846,8009403989184812104,11199593690603892039,3947,18446744073709551378,18446744073709551379,18446744073709551378,12,11,6,9,18446744073709536048,18446744073709548874,4,0,0,0,0,1,0,0,0,18446744073709551357,18446744073709551357,7606993,13,7936,0,0,0,11,18446744073709545213,18446744073709551030,18446744073709550827,18446744073709551363,8,1,1,11090425736916188940,4,0,4,9036196051338180697,0,5,1,0
PAWN_AUDIT_RESULT,4250,6,6,-335,0,0,-335,0,0,0,0,0
PAWN_AUDIT_ENTRY,4251,4508098294046523846,16883085524029730787,8009403989184812104,6781448600353093621,3828,18446744073709551378,18446744073709551379,18446744073709551378,12,11,5,10,18446744073709533257,18446744073709550060,4,0,0,0,0,1,0,0,0,18446744073709551357,18446744073709551357,7606993,13,7937,0,0,0,14,18446744073709544667,18446744073709551143,18446744073709549220,18446744073709551363,8,1,1,11090425736916188940,4,0,4,9036196051338180697,0,5,1,0
PAWN_AUDIT_RESULT,4251,5,5,-501,0,0,-501,0,0,0,0,0
PAWN_AUDIT_ENTRY,4252,16883085524029730787,6344881250718752306,8009403989184812104,6478430348660259986,3826,18446744073709551378,18446744073709551379,18446744073709551378,12,11,5,11,18446744073709534735,18446744073709548874,4,0,0,0,0,1,0,0,0,18446744073709551357,18446744073709551357,7606993,13,7938,0,0,0,14,18446744073709544569,18446744073709551030,18446744073709550923,18446744073709551363,8,1,1,11090425736916188940,4,0,4,9036196051338180697,0,5,1,0
PAWN_AUDIT_RESULT,4252,5,5,-389,0,0,-389,0,0,0,0,0
PAWN_AUDIT_ENTRY,4253,6344881250718752306,12629232553624156719,8009403989184812104,15470993378825602588,3956,18446744073709551378,18446744073709551379,18446744073709551378,12,11,6,12,18446744073709536887,18446744073709547287,4,0,0,0,0,1,0,0,0,18446744073709551357,18446744073709551357,7606993,13,7939,0,0,0,11,18446744073709545156,18446744073709551030,114,18446744073709551363,8,1,1,11090425736916188940,4,0,4,9036196051338180697,0,5,1,0
PAWN_AUDIT_RESULT,4253,6,6,-304,0,0,-304,0,0,0,0,0
PAWN_AUDIT_ENTRY,4254,12629232553624156719,749295113608420738,8009403989184812104,11595168702082798767,3892,18446744073709551378,18446744073709551379,18446744073709551378,12,11,5,13,18446744073709536894,18446744073709548874,4,0,0,0,0,1,0,0,0,18446744073709551357,18446744073709551357,7606993,13,7940,0,0,0,13,18446744073709545588,18446744073709551030,18446744073709550847,18446744073709551363,8,1,1,11090425736916188940,4,0,4,9036196051338180697,0,5,1,0
PAWN_AUDIT_RESULT,4254,5,5,-318,0,0,-318,0,0,0,0,0
PAWN_AUDIT_ENTRY,4255,749295113608420738,15397714409848712446,8009403989184812104,12450403573784784039,3502,18446744073709551378,18446744073709551379,18446744073709551378,12,11,5,14,18446744073709535907,18446744073709548032,4,0,0,0,0,1,0,0,0,18446744073709551357,18446744073709551357,7606993,13,7941,0,0,0,9,18446744073709545050,18446744073709551030,18446744073709551030,18446744073709551363,8,1,1,11090425736916188940,4,0,4,9036196051338180697,0,0,1,0
PAWN_AUDIT_RESULT,4255,5,5,-331,0,0,-331,0,0,0,0,0
PAWN_AUDIT_ENTRY,4256,15397714409848712446,9317157507720238285,8009403989184812104,9730181630332824408,3104,18446744073709551378,18446744073709551379,18446744073709551378,12,11,5,15,18446744073709535889,18446744073709547924,4,0,0,0,0,1,0,0,0,18446744073709551357,18446744073709551357,7606993,13,7942,0,0,0,9,18446744073709545042,18446744073709551030,18446744073709551030,18446744073709551363,8,1,1,11090425736916188940,4,0,4,9036196051338180697,0,0,1,0
PAWN_AUDIT_RESULT,4256,5,5,-339,0,0,-339,0,0,0,0,0
PAWN_AUDIT_ENTRY,4257,9317157507720238285,9694189694625487413,8009403989184812104,4390490458974244324,3112,18446744073709551378,18446744073709551379,18446744073709551378,12,11,5,16,18446744073709534745,18446744073709548318,4,0,0,0,0,1,0,0,0,18446744073709551357,18446744073709551357,7606993,13,7943,0,0,0,9,18446744073709544522,18446744073709551030,18446744073709551030,18446744073709551363,8,1,1,11090425736916188940,4,0,4,9036196051338180697,0,0,1,0
PAWN_AUDIT_RESULT,4257,5,5,-362,0,0,-362,0,0,0,0,0
PAWN_AUDIT_ENTRY,4258,9694189694625487413,8690611014288028711,8009403989184812104,15766108433350644410,3494,18446744073709551378,18446744073709551379,18446744073709551378,12,11,5,17,18446744073709534693,18446744073709548272,4,0,0,0,0,1,0,0,0,18446744073709551357,18446744073709551357,7606993,13,7944,0,0,0,9,18446744073709544498,18446744073709551030,18446744073709551030,18446744073709551363,8,1,1,11090425736916188940,4,0,4,9036196051338180697,0,0,1,0
PAWN_AUDIT_RESULT,4258,5,5,-381,0,0,-381,0,0,0,0,0
PAWN_AUDIT_ENTRY,4259,8690611014288028711,10814193245186672092,8009403989184812104,6172634554962021508,3169,18446744073709551378,18446744073709551379,18446744073709551378,12,11,5,18,18446744073709534858,18446744073709547881,4,0,0,0,0,1,0,0,0,18446744073709551357,18446744073709551357,7606993,13,7945,0,0,0,9,18446744073709544615,18446744073709551030,18446744073709550944,18446744073709551363,8,1,1,11090425736916188940,4,0,4,9036196051338180697,0,0,1,0
PAWN_AUDIT_RESULT,4259,5,5,-389,0,0,-389,0,0,0,0,0
PAWN_AUDIT_ENTRY,4260,10814193245186672092,3925497515195907273,8009403989184812104,2143184521657456185,3567,18446744073709551378,18446744073709551379,18446744073709551378,12,11,5,19,18446744073709534679,18446744073709547892,4,0,0,0,0,1,0,0,0,18446744073709551357,18446744073709551357,7606993,13,7946,0,0,0,9,18446744073709544492,18446744073709551030,18446744073709551030,18446744073709551363,8,1,1,11090425736916188940,4,0,4,9036196051338180697,0,0,1,0
PAWN_AUDIT_RESULT,4260,5,5,-334,0,0,-334,0,0,0,0,0
PAWN_AUDIT_ENTRY,4261,3925497515195907273,13511162771218194841,8009403989184812104,8456962971958219666,3893,18446744073709551378,18446744073709551379,18446744073709551378,12,11,5,20,18446744073709535079,18446744073709547758,4,0,0,0,0,1,0,0,0,18446744073709551357,18446744073709551357,7606993,13,7947,0,0,0,13,18446744073709544861,18446744073709551030,18446744073709550644,18446744073709551363,8,1,1,11090425736916188940,4,0,4,9036196051338180697,0,5,1,0
PAWN_AUDIT_RESULT,4261,5,5,-304,0,0,-304,0,2,2,0,0
PAWN_AUDIT_ENTRY,4262,13511162771218194841,11795205514794394342,8009403989184812104,10966440449707933296,4015,18446744073709551378,18446744073709551379,18446744073709551378,12,11,6,22,18446744073709543852,18446744073709545322,4,0,0,0,0,1,0,0,0,18446744073709551357,18446744073709551357,7606993,13,7950,0,0,0,10,18446744073709549578,28,18446744073709548512,18446744073709551363,8,1,1,11090425736916188940,4,0,4,9036196051338180697,0,5,1,0
PAWN_AUDIT_RESULT,4262,6,6,-283,0,0,-283,0,3,3,0,0
PAWN_AUDIT_ENTRY,4264,18164655666167461504,6686834923003927347,8009403989184812104,17955570249215197558,3688,18446744073709551378,18446744073709551379,18446744073709551378,12,11,5,23,18446744073709534953,18446744073709547286,4,0,0,0,0,1,0,0,0,18446744073709551357,18446744073709551357,7606993,13,7954,0,0,0,10,18446744073709544663,18446744073709551030,18446744073709550934,18446744073709551363,8,1,1,11090425736916188940,4,0,4,9036196051338180697,0,5,1,0
PAWN_AUDIT_RESULT,4264,5,5,-298,0,0,-298,0,3,3,0,0
PAWN_AUDIT_ENTRY,4266,2167317486546340535,5725548397060798983,8009403989184812104,7343731345382336105,3929,18446744073709551378,18446744073709551379,18446744073709551378,12,11,5,24,18446744073709532778,18446744073709550717,4,0,0,0,0,1,0,0,0,18446744073709551357,18446744073709551357,7606993,13,7958,0,0,0,11,18446744073709544945,18446744073709551030,18446744073709548315,18446744073709551363,8,1,1,11090425736916188940,4,0,4,9036196051338180697,0,5,1,0
PAWN_AUDIT_RESULT,4266,5,5,-307,0,0,-307,0,0,0,0,0
PAWN_AUDIT_ENTRY,4267,5725548397060798983,10987370065337249238,8009403989184812104,6368359751108942772,3307,18446744073709551378,18446744073709551379,18446744073709551378,12,11,5,25,18446744073709534719,18446744073709546328,4,0,0,0,0,1,0,0,0,18446744073709551357,18446744073709551357,7606993,13,7959,0,0,0,9,18446744073709544510,18446744073709551030,18446744073709551030,18446744073709551363,8,1,1,11090425736916188940,4,0,4,9036196051338180697,0,0,1,0
PAWN_AUDIT_RESULT,4267,5,5,-339,0,0,-339,0,0,0,0,0
PAWN_AUDIT_ENTRY,4268,10987370065337249238,16944261326450838369,8009403989184812104,10211528799481836738,2722,18446744073709551378,18446744073709551379,18446744073709551378,12,11,5,26,18446744073709534605,18446744073709545726,4,0,0,0,0,1,0,0,0,18446744073709551357,18446744073709551357,7606993,13,7960,0,0,0,9,18446744073709544458,18446744073709551030,18446744073709551030,18446744073709551363,8,1,1,11090425736916188940,4,0,4,9036196051338180697,0,0,1,0
PAWN_AUDIT_RESULT,4268,5,5,-321,0,0,-321,0,0,0,0,0
PAWN_AUDIT_ENTRY,4274,539290441979720075,10360230103514924174,5502432833406508004,6909120015230410723,3899,18446744073709551378,18446744073709551379,18446744073709551378,14,13,7,5,18446744073709544536,18446744073709548874,2,0,1,0,0,1,0,2853,0,18446744073709551368,18446744073709551265,42403961,13,7980,0,0,0,13,18446744073709548974,18446744073709551030,18446744073709551030,18446744073709551368,13,2,1,11090425736916188940,2,0,2,6354772724160210841,0,3,1,0
PAWN_AUDIT_RESULT,4274,7,7,-498,0,0,-498,0,0,0,0,0
PAWN_AUDIT_ENTRY,4275,10360230103514924174,867112946230915423,5502432833406508004,4010717499134128742,3381,18446744073709551378,18446744073709551379,18446744073709551378,14,13,6,6,18446744073709544319,18446744073709548874,2,0,1,0,0,1,0,2853,0,18446744073709551368,18446744073709551265,42403961,13,7981,0,0,0,14,18446744073709548875,18446744073709551030,18446744073709551030,18446744073709551368,13,2,1,11090425736916188940,2,0,2,6354772724160210841,0,3,1,0
PAWN_AUDIT_RESULT,4275,6,6,-398,0,0,-398,0,0,0,0,0
PAWN_AUDIT_ENTRY,4276,867112946230915423,4921602749453762407,5502432833406508004,15177884839723494161,3559,18446744073709551378,18446744073709551379,18446744073709551378,14,13,5,8,18446744073709536098,18446744073709550278,2,0,1,0,0,1,0,2853,0,18446744073709551368,18446744073709551265,42403961,13,7982,0,0,0,9,18446744073709544969,18446744073709551030,18446744073709551376,18446744073709551368,13,2,1,11090425736916188940,2,0,2,6354772724160210841,0,0,1,0
PAWN_AUDIT_RESULT,4276,5,5,-404,0,0,-404,0,0,0,0,0
PAWN_AUDIT_ENTRY,4277,4921602749453762407,4027233620264773272,5502432833406508004,6207830522650074174,3893,18446744073709551378,18446744073709551379,18446744073709551378,14,13,5,9,18446744073709535054,18446744073709547758,2,0,1,0,0,1,0,2853,0,18446744073709551368,18446744073709551265,42403961,13,7983,0,0,0,13,18446744073709544818,18446744073709551030,18446744073709550709,18446744073709551368,13,2,1,11090425736916188940,2,0,2,6354772724160210841,0,3,1,0
PAWN_AUDIT_RESULT,4277,5,5,-460,0,0,-460,0,0,0,0,0
PAWN_AUDIT_ENTRY,4278,4027233620264773272,1167718607360508415,5502432833406508004,12882979826326278241,3177,18446744073709551378,18446744073709551379,18446744073709551378,14,13,5,10,18446744073709535431,18446744073709548324,2,0,1,0,0,1,0,2853,0,18446744073709551368,18446744073709551265,42403961,13,7984,0,0,0,9,18446744073709545147,18446744073709551030,18446744073709550385,18446744073709551368,13,2,1,11090425736916188940,2,0,2,6354772724160210841,0,0,1,0
PAWN_AUDIT_RESULT,4278,5,5,-419,0,0,-419,0,0,0,0,0
PAWN_AUDIT_ENTRY,4279,1167718607360508415,18095606684056255334,5502432833406508004,11849818753419568372,3104,18446744073709551378,18446744073709551379,18446744073709551378,14,13,5,11,18446744073709535623,18446744073709547924,2,0,1,0,0,1,0,2853,0,18446744073709551368,18446744073709551265,42403961,13,7985,0,0,0,9,18446744073709544921,18446744073709551030,18446744073709551030,18446744073709551368,13,2,1,11090425736916188940,2,0,2,6354772724160210841,0,0,1,0
PAWN_AUDIT_RESULT,4279,5,5,-435,0,0,-435,0,0,0,0,0
PAWN_AUDIT_ENTRY,4280,18095606684056255334,9108588046032663725,5502432833406508004,13495898850975674844,4015,18446744073709551378,18446744073709551379,18446744073709551378,14,13,6,12,18446744073709545800,18446744073709545258,2,0,1,0,0,1,0,2853,0,18446744073709551368,18446744073709551265,42403961,13,7986,0,0,0,10,18446744073709549412,18446744073709550855,18446744073709551492,18446744073709551368,13,2,1,11090425736916188940,2,0,2,6354772724160210841,0,3,1,0
PAWN_AUDIT_RESULT,4280,6,6,-384,0,0,-384,0,0,0,0,0
PAWN_AUDIT_ENTRY,4281,9108588046032663725,10752130677690885522,5502432833406508004,17994123421154729238,3494,18446744073709551378,18446744073709551379,18446744073709551378,14,13,5,13,18446744073709534664,18446744073709548272,2,0,1,0,0,1,0,2853,0,18446744073709551368,18446744073709551265,42403961,13,7987,0,0,0,9,18446744073709544485,18446744073709551030,18446744073709551030,18446744073709551368,13,2,1,11090425736916188940,2,0,2,6354772724160210841,0,0,1,0
PAWN_AUDIT_RESULT,4281,5,5,-552,0,0,-552,0,0,0,0,0
PAWN_AUDIT_ENTRY,4282,10752130677690885522,93408030198269198,5502432833406508004,10354681444334510859,3502,18446744073709551378,18446744073709551379,18446744073709551378,14,13,5,14,18446744073709535638,18446744073709548032,2,0,1,0,0,1,0,2853,0,18446744073709551368,18446744073709551265,42403961,13,7988,0,0,0,9,18446744073709544928,18446744073709551030,18446744073709551030,18446744073709551368,13,2,1,11090425736916188940,2,0,2,6354772724160210841,0,0,1,0
PAWN_AUDIT_RESULT,4282,5,5,-415,0,0,-415,0,0,0,0,0
PAWN_AUDIT_ENTRY,4283,93408030198269198,2303385101560496854,5502432833406508004,2275910127237710408,3112,18446744073709551378,18446744073709551379,18446744073709551378,14,13,5,15,18446744073709534706,18446744073709548318,2,0,1,0,0,1,0,2853,0,18446744073709551368,18446744073709551265,42403961,13,7989,0,0,0,9,18446744073709544504,18446744073709551030,18446744073709551030,18446744073709551368,13,2,1,11090425736916188940,2,0,2,6354772724160210841,0,0,1,0
PAWN_AUDIT_RESULT,4283,5,5,-438,0,0,-438,0,0,0,0,0
PAWN_AUDIT_ENTRY,4284,2303385101560496854,144261835391619841,5502432833406508004,3384673725249371260,3371,18446744073709551378,18446744073709551379,18446744073709551378,14,13,5,16,18446744073709535627,18446744073709547485,2,0,1,0,0,1,0,2853,0,18446744073709551368,18446744073709551265,42403961,13,7990,0,0,0,14,18446744073709544923,18446744073709551030,18446744073709551030,18446744073709551368,13,2,1,11090425736916188940,2,0,2,6354772724160210841,0,3,1,0
PAWN_AUDIT_RESULT,4284,5,5,-705,0,0,-705,0,0,0,0,0
PAWN_AUDIT_ENTRY,4285,144261835391619841,12949594937497913736,5502432833406508004,8561929550584415016,3169,18446744073709551378,18446744073709551379,18446744073709551378,14,13,5,17,18446744073709534794,18446744073709547881,2,0,1,0,0,1,0,2853,0,18446744073709551368,18446744073709551265,42403961,13,7991,0,0,0,9,18446744073709544579,18446744073709551030,18446744073709550958,18446744073709551368,13,2,1,11090425736916188940,2,0,2,6354772724160210841,0,0,1,0
PAWN_AUDIT_RESULT,4285,5,5,-430,0,0,-430,0,0,0,0,0
PAWN_AUDIT_ENTRY,4286,12949594937497913736,11429808721862093089,5502432833406508004,4523180881284897173,3567,18446744073709551378,18446744073709551379,18446744073709551378,14,13,5,18,18446744073709534653,18446744073709547892,2,0,1,0,0,1,0,2853,0,18446744073709551368,18446744073709551265,42403961,13,7992,0,0,0,9,18446744073709544480,18446744073709551030,18446744073709551030,18446744073709551368,13,2,1,11090425736916188940,2,0,2,6354772724160210841,0,0,1,0
PAWN_AUDIT_RESULT,4286,5,5,-486,0,0,-486,0,0,0,0,0
PAWN_AUDIT_ENTRY,4287,11429808721862093089,17291272184137621602,5502432833406508004,15732357719838576346,3688,18446744073709551378,18446744073709551379,18446744073709551378,14,13,5,19,18446744073709534957,18446744073709547194,2,0,1,0,0,1,0,2853,0,18446744073709551368,18446744073709551265,42403961,13,7993,0,0,0,10,18446744073709544657,18446744073709551030,18446744073709550950,18446744073709551368,13,2,1,11090425736916188940,2,0,2,6354772724160210841,0,3,1,0
PAWN_AUDIT_RESULT,4287,5,5,-424,0,0,-424,0,0,0,0,0
PAWN_AUDIT_ENTRY,4288,17291272184137621602,5169388546821609971,5502432833406508004,8870818647932621848,3307,18446744073709551378,18446744073709551379,18446744073709551378,14,13,4,20,18446744073709531127,18446744073709546328,2,0,1,0,0,1,0,2853,0,18446744073709551368,18446744073709551265,42403961,13,7994,0,0,0,9,18446744073709544494,18446744073709551030,18446744073709547698,18446744073709551368,13,2,1,11090425736916188940,2,0,2,6354772724160210841,0,0,1,0
PAWN_AUDIT_RESULT,4288,4,4,-436,0,0,-436,0,0,0,0,0
PAWN_AUDIT_ENTRY,4329,16195164346795014232,18093943492014298189,15962938999314068452,1341709910283986971,3363,18446744073709551357,18446744073709551358,18446744073709551346,9,8,6,2,18446744073709547219,18446744073709548874,8,0,0,0,0,0,0,0,0,18446744073709551349,18446744073709551349,18446744073702511271,13,8092,0,0,0,10,18446744073709550194,18446744073709551030,18446744073709551030,18446744073709551357,5,1,1,5613493378099684734,4,0,8,8874996223956337503,0,5,1,0
PAWN_AUDIT_RESULT,4329,6,6,-340,0,0,-340,0,0,0,0,0
PAWN_AUDIT_ENTRY,4331,12658295904545675533,8866924747564207940,15962938999314068452,2527319932967827553,3177,18446744073709551357,18446744073709551358,18446744073709551346,9,8,3,4,18446744073709536694,18446744073709550278,8,0,0,0,0,0,0,0,0,18446744073709551349,18446744073709551349,18446744073702511271,13,8094,0,0,0,9,18446744073709545081,18446744073709551030,88,18446744073709551357,5,1,1,5613493378099684734,4,0,8,8874996223956337503,0,0,1,0
PAWN_AUDIT_RESULT,4331,3,3,-274,0,0,-274,0,0,0,0,0
PAWN_AUDIT_ENTRY,4332,8866924747564207940,10500653797902369498,15962938999314068452,2191113480858176267,3502,18446744073709551357,18446744073709551358,18446744073709551346,9,8,3,6,18446744073709535289,18446744073709550278,8,0,0,0,0,0,0,0,0,18446744073709551349,18446744073709551349,18446744073702511271,13,8095,0,0,0,9,18446744073709544769,18446744073709551030,18446744073709551030,18446744073709551357,5,1,1,5613493378099684734,4,0,8,8874996223956337503,0,0,1,0
PAWN_AUDIT_RESULT,4332,3,3,-297,0,0,-297,0,0,0,0,0
PAWN_AUDIT_ENTRY,4333,10500653797902369498,9898338868878891845,15962938999314068452,3866431179199204596,3104,18446744073709551357,18446744073709551358,18446744073709551346,9,8,3,7,18446744073709539343,18446744073709550278,8,0,0,0,0,0,0,0,0,18446744073709551349,18446744073709551349,18446744073702511271,13,8096,0,0,0,9,18446744073709544760,3119,18446744073709551030,18446744073709551357,5,1,1,5613493378099684734,4,0,8,8874996223956337503,0,0,1,0
PAWN_AUDIT_RESULT,4333,3,3,-305,0,0,-305,0,0,0,0,0
PAWN_AUDIT_ENTRY,4334,9898338868878891845,355692351922873778,15962938999314068452,2127023979073535617,3390,18446744073709551357,18446744073709551358,18446744073709551346,9,8,3,8,18446744073709541092,18446744073709548874,8,0,0,0,0,0,0,0,0,18446744073709551349,18446744073709551349,18446744073702511271,13,8097,0,0,0,10,18446744073709547408,18446744073709551030,18446744073709551030,18446744073709551357,5,1,1,5613493378099684734,4,0,8,8874996223956337503,0,5,1,0
PAWN_AUDIT_RESULT,4334,3,3,-408,0,0,-408,0,0,0,0,0
PAWN_AUDIT_ENTRY,4335,355692351922873778,12953756186631482812,15962938999314068452,4862194534798148369,3559,18446744073709551357,18446744073709551358,18446744073709551346,9,8,2,9,18446744073709536384,18446744073709550278,8,0,0,0,0,0,0,0,0,18446744073709551349,18446744073709551349,18446744073702511271,13,8098,0,0,0,9,18446744073709544857,18446744073709551030,259,18446744073709551357,5,1,1,5613493378099684734,4,0,8,8874996223956337503,0,0,1,0
PAWN_AUDIT_RESULT,4335,2,2,-315,0,0,-315,0,0,0,0,0
PAWN_AUDIT_ENTRY,4336,12953756186631482812,6100388644960468106,15962938999314068452,5379179564418938238,4094,18446744073709551357,18446744073709551358,18446744073709551346,9,8,2,10,18446744073709538752,18446744073709548874,8,0,0,0,0,0,0,0,0,18446744073709551349,18446744073709551349,18446744073702511271,13,8099,0,0,0,12,18446744073709546344,18446744073709551030,18446744073709551030,18446744073709551357,5,1,1,5613493378099684734,4,0,8,8874996223956337503,0,5,1,0
PAWN_AUDIT_RESULT,4336,2,2,-341,0,0,-341,0,0,0,0,0
PAWN_AUDIT_ENTRY,4367,2499881204188814159,13116485491076041019,4594689342522419730,13931469807804604823,3177,18446744073709551357,18446744073709551358,18446744073709551302,11,10,5,5,18446744073709536544,18446744073709550992,8,0,0,0,0,1,0,0,0,18446744073709551337,18446744073709551353,18446744073706968411,13,8168,0,0,0,9,18446744073709545340,18446744073709551030,18446744073709551030,18446744073709551337,5,1,1,14939893859950389793,1,0,8,11055791624026299049,0,0,1,0
PAWN_AUDIT_RESULT,4367,5,5,-327,0,0,-327,0,0,0,0,0
PAWN_AUDIT_ENTRY,4369,10963207023368054403,9096843057455240452,4594689342522419730,9678377854122162246,3956,18446744073709551357,18446744073709551358,18446744073709551302,11,10,5,8,18446744073709538765,18446744073709550136,8,0,0,0,0,1,0,0,0,18446744073709551337,18446744073709551353,18446744073706968411,13,8170,0,0,0,11,18446744073709544951,760,909,18446744073709551337,5,1,1,14939893859950389793,1,0,8,11055791624026299049,0,2,1,0
PAWN_AUDIT_RESULT,4369,5,5,-327,0,0,-327,0,0,0,0,0
PAWN_AUDIT_ENTRY,4370,9096843057455240452,9870327124953111041,4594689342522419730,15558827583627040002,3104,18446744073709551357,18446744073709551358,18446744073709551302,11,10,5,9,18446744073709538971,18446744073709550278,8,0,0,0,0,1,0,0,0,18446744073709551337,18446744073709551353,18446744073706968411,13,8171,0,0,0,9,18446744073709544727,3119,18446744073709550750,18446744073709551337,5,1,1,14939893859950389793,1,0,8,11055791624026299049,0,0,1,0
PAWN_AUDIT_RESULT,4370,5,5,-321,0,0,-321,0,5,5,0,0
PAWN_AUDIT_ENTRY,4373,8933149907323323018,14380833123372870111,4594689342522419730,18170964527537279741,3502,18446744073709551357,18446744073709551358,18446744073709551302,11,10,3,10,18446744073709534599,18446744073709550278,8,0,0,0,0,1,0,0,0,18446744073709551337,18446744073709551353,18446744073706968411,13,8177,0,0,0,9,18446744073709544684,18446744073709551030,18446744073709550559,18446744073709551337,5,1,1,14939893859950389793,1,0,8,11055791624026299049,0,0,1,0
PAWN_AUDIT_RESULT,4373,3,3,-328,0,0,-328,0,0,0,0,0
PAWN_AUDIT_ENTRY,4374,14380833123372870111,12238333952664087410,4594689342522419730,3766056147976601811,3827,18446744073709551357,18446744073709551358,18446744073709551302,11,10,3,11,18446744073709538261,18446744073709550278,8,0,0,0,0,1,0,0,0,18446744073709551337,18446744073709551353,18446744073706968411,13,8178,0,0,0,14,18446744073709546127,18446744073709551030,18446744073709551017,18446744073709551337,5,1,1,14939893859950389793,1,0,8,11055791624026299049,0,2,1,0
PAWN_AUDIT_RESULT,4374,3,3,-496,0,0,-496,0,0,0,0,0
PAWN_AUDIT_ENTRY,4375,12238333952664087410,1047373524631472097,4594689342522419730,11618620493119560423,3559,18446744073709551357,18446744073709551358,18446744073709551302,11,10,3,12,18446744073709535206,18446744073709550278,8,0,0,0,0,1,0,0,0,18446744073709551337,18446744073709551353,18446744073706968411,13,8179,0,0,0,9,18446744073709544798,18446744073709551030,18446744073709550893,18446744073709551337,5,1,1,14939893859950389793,1,0,8,11055791624026299049,0,0,1,0
PAWN_AUDIT_RESULT,4375,3,3,-324,0,0,-324,0,2,2,0,0
PAWN_AUDIT_ENTRY,4376,1047373524631472097,518874345755423048,4594689342522419730,17297995641904442101,3892,18446744073709551357,18446744073709551358,18446744073709551302,11,10,3,13,18446744073709536184,18446744073709550278,8,0,0,0,0,1,0,0,0,18446744073709551337,18446744073709551353,18446744073706968411,13,8182,0,0,0,13,18446744073709545176,18446744073709551030,18446744073709551030,18446744073709551337,5,1,1,14939893859950389793,1,0,8,11055791624026299049,0,2,1,0
PAWN_AUDIT_RESULT,4376,3,3,-348,0,0,-348,0,0,0,0,0
PAWN_AUDIT_ENTRY,4377,518874345755423048,4296234187662584576,4594689342522419730,14666096417160942365,3947,18446744073709551357,18446744073709551358,18446744073709551302,11,10,3,14,18446744073709535689,18446744073709550278,8,0,0,0,0,1,0,0,0,18446744073709551337,18446744073709551353,18446744073706968411,13,8183,0,0,0,11,18446744073709544951,18446744073709551030,18446744073709551030,18446744073709551337,5,1,1,14939893859950389793,1,0,8,11055791624026299049,0,2,1,0
PAWN_AUDIT_RESULT,4377,3,3,-290,0,0,-290,0,0,0,0,0
PAWN_AUDIT_ENTRY,4378,4296234187662584576,3366618161191738356,4594689342522419730,652038917706891976,3826,18446744073709551357,18446744073709551358,18446744073709551326,11,10,3,15,18446744073709534789,18446744073709550278,8,0,0,0,0,1,0,0,0,18446744073709551337,18446744073709551353,18446744073706968411,13,8184,0,0,0,14,18446744073709544542,18446744073709551030,18446744073709551030,18446744073709551337,5,1,1,14939893859950389793,1,0,8,11055791624026299049,0,2,1,0
PAWN_AUDIT_RESULT,4378,3,3,-459,0,0,-459,0,0,0,0,0
PAWN_AUDIT_ENTRY,4379,3366618161191738356,8624268105246383524,4594689342522419730,9955484007657417952,3494,18446744073709551357,18446744073709551358,18446744073709551326,11,10,3,16,18446744073709534620,18446744073709550278,8,0,0,0,0,1,0,0,0,18446744073709551337,18446744073709551353,18446744073706968411,13,8185,0,0,0,9,18446744073709544465,18446744073709551030,18446744073709551030,18446744073709551337,5,1,1,14939893859950389793,1,0,8,11055791624026299049,0,0,1,0
PAWN_AUDIT_RESULT,4379,3,3,-343,0,0,-343,0,0,0,0,0
PAWN_AUDIT_ENTRY,4380,8624268105246383524,13391813084165526835,4594689342522419730,15947845188029663896,2722,18446744073709551357,18446744073709551358,18446744073709551326,11,10,3,17,18446744073709534594,18446744073709550278,8,0,0,0,0,1,0,0,0,18446744073709551337,18446744073709551353,18446744073706968411,13,8186,0,0,0,9,18446744073709544453,18446744073709551030,18446744073709551030,18446744073709551337,5,1,1,14939893859950389793,1,0,8,11055791624026299049,0,0,1,0
PAWN_AUDIT_RESULT,4380,3,3,-403,0,0,-403,0,0,0,0,0
PAWN_AUDIT_ENTRY,4381,13391813084165526835,14620078833215124147,4594689342522419730,12235017816610979628,3688,18446744073709551357,18446744073709551358,18446744073709551326,11,10,3,18,18446744073709534943,18446744073709550278,8,0,0,0,0,1,0,0,0,18446744073709551337,18446744073709551353,18446744073706968411,13,8187,0,0,0,10,18446744073709544612,18446744073709551030,18446744073709551030,18446744073709551337,5,1,1,14939893859950389793,1,0,8,11055791624026299049,0,2,1,0
PAWN_AUDIT_ENTRY,4387,10484216683564493847,5322807346893062717,7476706700648324446,4998489519478385479,139,258,259,250,6,5,1,2,18446744073709543606,18446744073709550278,11,0,1,0,0,0,0,0,0,134,134,18446744073709380616,13,8200,0,0,1,3,18446744073709548551,18446744073709551030,18446744073709551030,134,0,1,1,4988889097830776065,0,0,11,16423485667034555337,0,1,1,0
PAWN_AUDIT_RESULT,4387,1,1,211,0,0,211,0,0,0,0,0
PAWN_AUDIT_ENTRY,4388,5322807346893062717,11767891499156990750,7476706700648324446,16297307580232166825,75,258,259,250,6,5,1,3,18446744073709547782,18446744073709550278,11,0,1,0,0,0,0,0,0,134,134,18446744073709380616,13,8201,0,0,1,2,18446744073709550450,18446744073709551030,18446744073709551030,134,0,1,1,4988889097830776065,0,0,11,16423485667034555337,0,1,1,0
PAWN_AUDIT_RESULT,4388,1,1,167,0,0,167,0,0,0,0,0
PAWN_AUDIT_ENTRY,4389,11767891499156990750,658275564039989319,7476706700648324446,2685737060919351403,1349,258,259,250,6,5,1,5,18446744073709542704,18446744073709550278,11,0,1,0,0,0,0,0,0,134,134,18446744073709380616,13,8202,0,0,1,5,18446744073709548141,18446744073709551030,18446744073709551030,134,0,1,1,4988889097830776065,0,0,11,16423485667034555337,0,1,1,0
PAWN_AUDIT_RESULT,4389,1,1,81,0,0,81,0,0,0,0,0
PAWN_AUDIT_ENTRY,4390,658275564039989319,9405545970903019958,7476706700648324446,3790351471943117940,82,258,259,250,6,5,1,10,18446744073709544429,18446744073709550278,11,0,1,0,0,0,0,0,0,134,134,18446744073709380616,13,8203,0,0,1,2,18446744073709548925,18446744073709551030,18446744073709551030,134,0,1,1,4988889097830776065,0,0,11,16423485667034555337,0,1,1,0
PAWN_AUDIT_RESULT,4390,1,1,237,0,0,237,0,0,0,0,0
PAWN_AUDIT_ENTRY,4396,5760831942721889619,1965425977293819034,12235017816610979628,10040539510024210741,139,258,259,250,9,8,2,3,18446744073709547933,2019,9,0,1,0,0,1,0,0,0,251,297,10250531,13,8211,0,0,0,3,18446744073709549238,18446744073709551030,2052,251,3,1,1,14939893859950389793,2,0,9,4594689342522419730,0,3,1,0
PAWN_AUDIT_RESULT,4396,2,2,217,0,0,217,0,0,0,0,0
PAWN_AUDIT_ENTRY,4397,1965425977293819034,7985730129714060732,12235017816610979628,18055795484073479686,82,258,259,250,9,8,1,5,18446744073709545159,18446744073709551486,9,0,1,0,0,1,0,0,0,251,297,10250531,13,8212,0,0,0,2,18446744073709550986,18446744073709551030,18446744073709547468,251,3,1,1,14939893859950389793,2,0,9,4594689342522419730,0,3,1,0
PAWN_AUDIT_RESULT,4397,1,1,234,0,0,234,0,0,0,0,0
PAWN_AUDIT_ENTRY,4398,7985730129714060732,1872632365518859576,12235017816610979628,3180297961536344027,75,258,259,250,9,8,1,6,18446744073709544933,18446744073709547871,9,0,1,0,0,1,0,0,0,251,297,10250531,13,8213,0,0,0,2,18446744073709549804,18446744073709551030,18446744073709549692,251,3,1,1,14939893859950389793,2,0,9,4594689342522419730,0,3,1,0
PAWN_AUDIT_RESULT,4398,1,1,193,0,0,193,0,0,0,0,0
PAWN_AUDIT_ENTRY,4399,1872632365518859576,12194674842211623822,12235017816610979628,5532823630716160280,666,258,259,250,9,8,1,8,18446744073709540349,18446744073709550278,9,0,1,0,0,1,0,0,0,251,297,10250531,13,8214,0,0,0,1,18446744073709547070,18446744073709551030,18446744073709551030,251,3,1,1,14939893859950389793,2,0,9,4594689342522419730,0,0,1,0
PAWN_AUDIT_RESULT,4399,1,1,206,0,0,206,0,0,0,0,0
PAWN_AUDIT_ENTRY,4400,12194674842211623822,14384539241539724355,12235017816610979628,13095026460379176612,203,258,259,250,9,8,1,9,18446744073709540569,18446744073709550278,9,0,1,0,0,1,0,0,0,251,297,10250531,13,8215,0,0,0,6,18446744073709547170,18446744073709551030,18446744073709551030,251,3,1,1,14939893859950389793,2,0,9,4594689342522419730,0,3,1,0
PAWN_AUDIT_RESULT,4400,1,1,111,0,0,111,0,0,0,0,0
PAWN_AUDIT_ENTRY,4401,14384539241539724355,11507346940706328983,12235017816610979628,1109593718650687383,1221,258,259,250,9,8,1,10,18446744073709538810,18446744073709550278,9,0,1,0,0,1,0,0,0,251,297,10250531,13,8216,0,0,0,3,18446744073709546370,18446744073709551030,18446744073709551030,251,3,1,1,14939893859950389793,2,0,9,4594689342522419730,0,3,1,0
PAWN_AUDIT_RESULT,4401,1,1,1,0,0,1,0,0,0,0,0
PAWN_AUDIT_ENTRY,4402,11507346940706328983,3672160165201295220,12235017816610979628,3560083704380232343,1228,258,259,250,9,8,1,11,18446744073709538768,18446744073709550278,9,0,1,0,0,1,0,0,0,251,297,10250531,13,8217,0,0,0,3,18446744073709546351,18446744073709551030,18446744073709551030,251,3,1,1,14939893859950389793,2,0,9,4594689342522419730,0,3,1,0
PAWN_AUDIT_RESULT,4402,1,1,139,0,0,139,0,0,0,0,0
PAWN_AUDIT_ENTRY,4403,3672160165201295220,8880976935492976741,12235017816610979628,857875759073434922,536,258,259,250,9,8,1,12,18446744073709538064,18446744073709550278,9,0,1,0,0,1,0,0,0,251,297,10250531,13,8218,0,0,0,1,18446744073709546031,18446744073709551030,18446744073709551030,251,3,1,1,14939893859950389793,2,0,9,4594689342522419730,0,0,1,0
PAWN_AUDIT_RESULT,4403,1,1,206,0,0,206,0,0,0,0,0
PAWN_AUDIT_ENTRY,4404,8880976935492976741,2464023334029045915,12235017816610979628,16955134918406584857,1349,258,259,250,9,8,1,13,18446744073709541092,18446744073709548874,9,0,1,0,0,1,0,0,0,251,297,10250531,13,8219,0,0,0,5,18446744073709547408,18446744073709551030,18446744073709551030,251,3,1,1,14939893859950389793,2,0,9,4594689342522419730,0,3,1,0
PAWN_AUDIT_RESULT,4404,1,1,151,0,0,151,0,0,0,0,0
PAWN_AUDIT_ENTRY,4405,2464023334029045915,2467957856538491293,12235017816610979628,4143460274429841976,1366,258,259,250,9,8,1,14,18446744073709537884,18446744073709550278,9,0,1,0,0,1,0,0,0,251,297,10250531,13,8220,0,0,0,5,18446744073709545949,18446744073709551030,18446744073709551030,251,3,1,1,14939893859950389793,2,0,9,4594689342522419730,0,3,1,0
PAWN_AUDIT_RESULT,4405,1,1,172,0,0,172,0,0,0,0,0
PAWN_AUDIT_ENTRY,4406,2467957856538491293,16657911040246403830,12235017816610979628,12031800645401578124,1356,258,259,250,9,8,1,15,18446744073709537558,18446744073709550278,9,0,1,0,0,1,0,0,0,251,297,10250531,13,8221,0,0,0,5,18446744073709545801,18446744073709551030,18446744073709551030,251,3,1,1,14939893859950389793,2,0,9,4594689342522419730,0,3,1,0
PAWN_AUDIT_RESULT,4406,1,1,131,0,0,131,0,0,0,0,0
PAWN_AUDIT_ENTRY,4407,16657911040246403830,4730552705398397418,12235017816610979628,10019607576221572914,1373,258,259,250,9,8,1,16,18446744073709537631,18446744073709550278,9,0,1,0,0,1,0,0,0,251,297,10250531,13,8222,0,0,0,5,18446744073709545834,18446744073709551030,18446744073709551030,251,3,1,1,14939893859950389793,2,0,9,4594689342522419730,0,3,1,0
PAWN_AUDIT_RESULT,4407,1,1,159,0,0,159,0,0,0,0,0
PAWN_AUDIT_ENTRY,4408,4730552705398397418,17925997782709935329,12235017816610979628,7373702369224996077,407,258,259,250,9,8,1,17,18446744073709537140,18446744073709550278,9,0,1,0,0,1,0,0,0,251,297,10250531,13,8223,0,0,0,2,18446744073709545611,18446744073709551030,18446744073709551030,251,3,1,1,14939893859950389793,2,0,9,4594689342522419730,0,3,1,0
PAWN_AUDIT_RESULT,4408,1,1,239,0,0,239,0,0,0,0,0
PAWN_AUDIT_ENTRY,4409,17925997782709935329,9385625168828551356,12235017816610979628,609244177143613136,1367,258,259,250,9,8,1,18,18446744073709537041,18446744073709550278,9,0,1,0,0,1,0,0,0,251,297,10250531,13,8224,0,0,0,5,18446744073709545566,18446744073709551030,18446744073709551030,251,3,1,1,14939893859950389793,2,0,9,4594689342522419730,0,3,1,0
PAWN_AUDIT_RESULT,4409,1,1,161,0,0,161,0,0,0,0,0
PAWN_AUDIT_ENTRY,4410,9385625168828551356,5814299351816962060,12235017816610979628,10335941380935047960,1364,258,259,250,9,8,1,19,18446744073709537470,18446744073709550278,9,0,1,0,0,1,0,0,0,251,297,10250531,13,8225,0,0,0,5,18446744073709545761,18446744073709551030,18446744073709551030,251,3,1,1,14939893859950389793,2,0,9,4594689342522419730,0,3,1,0
PAWN_AUDIT_RESULT,4410,1,1,91,0,0,91,0,0,0,0,0
PAWN_AUDIT_ENTRY,4411,5814299351816962060,8749503447236375660,12235017816610979628,5990632096711469299,157,258,259,250,9,8,1,20,18446744073709536017,18446744073709550278,9,0,1,0,0,1,0,0,0,251,297,10250531,13,8226,0,0,0,3,18446744073709545100,18446744073709551030,18446744073709551030,251,3,1,1,14939893859950389793,2,0,9,4594689342522419730,0,3,1,0
PAWN_AUDIT_RESULT,4411,1,1,214,0,0,214,0,0,0,0,0
PAWN_AUDIT_ENTRY,4412,8749503447236375660,13710009634658618296,12235017816610979628,17257106599896817037,1357,258,259,250,9,8,1,23,18446744073709537939,18446744073709550278,9,0,1,0,0,1,0,0,0,251,297,10250531,13,8227,0,0,0,5,18446744073709545974,18446744073709551030,18446744073709551030,251,3,1,1,14939893859950389793,2,0,9,4594689342522419730,0,3,1,0
PAWN_AUDIT_RESULT,4412,1,1,194,0,0,194,0,0,0,0,0
PAWN_AUDIT_ENTRY,4413,13710009634658618296,6311145012743983636,12235017816610979628,16368895352167651600,144,258,259,250,9,8,1,28,18446744073709537156,18446744073709550278,9,0,1,0,0,1,0,0,0,251,297,10250531,13,8228,0,0,0,3,18446744073709545618,18446744073709551030,18446744073709551030,251,3,1,1,14939893859950389793,2,0,9,4594689342522419730,0,3,1,0
PAWN_AUDIT_RESULT,4413,1,1,161,0,0,161,0,0,0,0,0
PAWN_AUDIT_ENTRY,4414,6311145012743983636,12240071772169377942,12235017816610979628,8351020118708438862,1374,258,259,250,9,8,1,33,18446744073709539614,18446744073709547758,9,0,1,0,0,1,0,0,0,251,297,10250531,13,8229,0,0,0,5,18446744073709546736,18446744073709551030,18446744073709551030,251,3,1,1,14939893859950389793,2,0,9,4594689342522419730,0,3,1,0
PAWN_AUDIT_RESULT,4414,1,1,132,0,0,132,0,0,0,0,0
PAWN_AUDIT_RESULT,4381,3,3,-251,1,10,-250,0,9,42,1,1
PAWN_AUDIT_ENTRY,4416,18252398986956572667,4218696047325401973,14793569163361619610,11391223533657325488,82,258,259,18446744073709551493,7,6,4,2,18446744073709547779,18446744073709551486,9,0,0,0,0,0,0,0,0,196,225,13529518,13,8234,0,0,0,2,18446744073709550534,18446744073709551030,18446744073709550854,196,3,1,1,14939893859950389793,2,0,9,958745268422296575,0,3,1,0
PAWN_AUDIT_RESULT,4416,4,4,-62,0,0,-62,0,1,1,0,0
PAWN_AUDIT_ENTRY,4417,4218696047325401973,1138564755298692000,14793569163361619610,4001047113944604913,797,258,259,18446744073709551554,7,6,3,4,18446744073709543637,18446744073709550278,9,0,0,0,0,0,0,0,0,196,225,13529518,13,8236,0,0,0,2,18446744073709548565,18446744073709551030,18446744073709551030,196,3,1,1,14939893859950389793,2,0,9,958745268422296575,0,3,1,0
PAWN_AUDIT_RESULT,4417,3,3,138,0,0,138,0,1,1,0,0
PAWN_AUDIT_ENTRY,4418,1138564755298692000,14663079129530738106,14793569163361619610,2285772816839847329,790,258,259,138,7,6,3,5,18446744073709543494,18446744073709549853,9,0,0,0,0,0,0,0,0,196,225,13529518,13,8238,0,0,0,2,18446744073709548500,18446744073709551030,18446744073709551030,196,3,1,1,14939893859950389793,2,0,9,958745268422296575,0,3,1,0
PAWN_AUDIT_ENTRY,4421,2147160171933223991,16047294944319663906,2285772816839847329,9843141889435937595,4094,18446744073709551357,18446744073709551358,18446744073709551345,6,5,1,4,18446744073709537921,18446744073709550278,10,0,1,0,0,0,0,0,0,18446744073709551321,18446744073709551392,18446744073699898178,13,8251,0,0,0,12,18446744073709545966,18446744073709551030,18446744073709551030,18446744073709551321,3,1,1,14939893859950389793,3,0,10,14793569163361619610,0,4,1,0
PAWN_AUDIT_RESULT,4421,1,1,-310,0,0,-310,0,0,0,0,0
PAWN_AUDIT_ENTRY,4422,16047294944319663906,15757437081487330449,2285772816839847329,16225812101261436452,3177,18446744073709551357,18446744073709551358,18446744073709551345,6,5,1,5,18446744073709536457,18446744073709550227,10,0,1,0,0,0,0,0,0,18446744073709551321,18446744073709551392,18446744073699898178,13,8252,0,0,0,9,18446744073709544973,18446744073709551030,88,18446744073709551321,3,1,1,14939893859950389793,3,0,10,14793569163361619610,0,0,1,0
PAWN_AUDIT_RESULT,4422,1,1,-295,0,0,-295,0,0,0,0,0
PAWN_AUDIT_ENTRY,4423,15757437081487330449,18331607595867120661,2285772816839847329,16121698368740778180,3390,18446744073709551357,18446744073709551358,18446744073709551345,6,5,1,6,18446744073709539799,18446744073709548874,10,0,1,0,0,0,0,0,0,18446744073709551321,18446744073709551392,18446744073699898178,13,8253,0,0,0,10,18446744073709546820,18446744073709551030,18446744073709551030,18446744073709551321,3,1,1,14939893859950389793,3,0,10,14793569163361619610,0,4,1,0
PAWN_AUDIT_RESULT,4423,1,1,-320,0,0,-320,0,0,0,0,0
PAWN_AUDIT_ENTRY,4424,18331607595867120661,10962005844138638672,2285772816839847329,15877181207452882254,3502,18446744073709551357,18446744073709551358,18446744073709551345,6,5,1,7,18446744073709534908,18446744073709549775,10,0,1,0,0,0,0,0,0,18446744073709551321,18446744073709551392,18446744073699898178,13,8254,0,0,0,9,18446744073709544596,18446744073709551030,18446744073709551030,18446744073709551321,3,1,1,14939893859950389793,3,0,10,14793569163361619610,0,0,1,0
PAWN_AUDIT_RESULT,4424,1,1,-252,1,5,-259,0,16,28,0,0
PAWN_AUDIT_ENTRY,4430,12667090481971738209,3470510483251484002,2285772816839847329,4065649488061335125,3763,18446744073709551357,18446744073709551358,18446744073709551357,6,5,1,8,18446744073709538713,18446744073709548448,10,0,1,0,0,0,0,0,0,18446744073709551321,18446744073709551392,18446744073699898178,13,8283,0,0,0,11,18446744073709546326,18446744073709551030,18446744073709551030,18446744073709551321,3,1,1,14939893859950389793,3,0,10,14793569163361619610,0,4,1,0
PAWN_AUDIT_RESULT,4430,1,1,-280,0,0,-280,0,0,0,0,0
PAWN_AUDIT_ENTRY,4431,3470510483251484002,341003768609951868,2285772816839847329,2681390372715672941,3169,18446744073709551357,18446744073709551358,18446744073709551357,6,5,1,9,18446744073709534754,18446744073709550278,10,0,1,0,0,0,0,0,0,18446744073709551321,18446744073709551392,18446744073699898178,13,8284,0,0,0,9,18446744073709544526,18446744073709551030,18446744073709551030,18446744073709551321,3,1,1,14939893859950389793,3,0,10,14793569163361619610,0,0,1,0
PAWN_AUDIT_RESULT,4431,1,1,-350,0,0,-350,0,0,0,0,0
PAWN_AUDIT_ENTRY,4432,341003768609951868,17742808353991811417,2285772816839847329,5508337706350441485,3112,18446744073709551357,18446744073709551358,18446744073709551357,6,5,1,10,18446744073709534646,18446744073709550278,10,0,1,0,0,0,0,0,0,18446744073709551321,18446744073709551392,18446744073699898178,13,8285,0,0,0,9,18446744073709544477,18446744073709551030,18446744073709551030,18446744073709551321,3,1,1,14939893859950389793,3,0,10,14793569163361619610,0,0,1,0
PAWN_AUDIT_RESULT,4432,1,1,-313,0,0,-313,0,0,0,0,0
PAWN_AUDIT_ENTRY,4433,17742808353991811417,8759173106895919145,2285772816839847329,4800710626209655253,3699,18446744073709551357,18446744073709551358,18446744073709551357,6,5,1,21,18446744073709538730,18446744073709547650,10,0,1,0,0,0,0,0,0,18446744073709551321,18446744073709551392,18446744073699898178,13,8286,0,0,0,10,18446744073709546334,18446744073709551030,18446744073709551030,18446744073709551321,3,1,1,14939893859950389793,3,0,10,14793569163361619610,0,4,1,0
PAWN_AUDIT_RESULT,4433,1,1,-291,0,0,-291,0,0,0,0,0
PAWN_AUDIT_RESULT,4418,3,3,295,1,7,259,0,3,48,1,1
PAWN_AUDIT_ENTRY,4435,15864902962275935086,5216553679423137308,5310827270157874682,9921619337377347743,4020,18446744073709551357,18446744073709551358,18446744073709551286,7,6,1,2,18446744073709540470,3439,10,0,1,0,0,0,0,0,0,18446744073709551450,18446744073709551450,18446744073704863733,13,8291,0,0,0,10,18446744073709547284,18446744073709551030,18446744073709550702,32002,18446744073709551614,0,1,14939893859950389793,3,0,10,11188696027242403521,0,4,1,0
PAWN_AUDIT_RESULT,4435,1,1,-271,0,0,-271,0,0,0,0,0
PAWN_AUDIT_ENTRY,4436,5216553679423137308,4234079416707110732,5310827270157874682,17661382447991419494,2610,18446744073709551357,18446744073709551358,18446744073709551345,7,6,1,3,18446744073709550340,18446744073709550278,10,0,1,0,0,0,0,0,0,18446744073709551450,18446744073709551450,18446744073704863733,13,8292,0,0,0,10,18446744073709551613,18446744073709551030,18446744073709551030,32002,18446744073709551614,0,1,14939893859950389793,3,0,10,11188696027242403521,0,4,1,0
PAWN_AUDIT_RESULT,4436,1,1,-233,1,6,-259,0,3,12,0,0
PAWN_AUDIT_ENTRY,4445,12609417071865155226,12158684838144468227,5310827270157874682,16121698368740778180,2617,18446744073709551357,18446744073709551358,18446744073709551357,7,6,1,4,18446744073709550340,18446744073709550278,10,0,1,0,0,0,0,0,0,18446744073709551450,18446744073709551450,18446744073704863733,13,8305,0,0,0,10,18446744073709551613,18446744073709551030,18446744073709551030,32002,18446744073709551614,0,1,14939893859950389793,3,0,10,11188696027242403521,0,4,1,0
PAWN_AUDIT_RESULT,4445,1,1,-326,0,0,-326,0,0,0,0,0
PAWN_AUDIT_ENTRY,4446,12158684838144468227,16394928146905906816,5310827270157874682,14502608489373614184,3641,18446744073709551357,18446744073709551358,18446744073709551357,7,6,1,6,18446744073709542130,18446744073709548874,10,0,1,0,0,0,0,0,0,18446744073709551450,18446744073709551450,18446744073704863733,13,8306,0,0,0,12,18446744073709547880,18446744073709551030,18446744073709551030,32002,18446744073709551614,0,1,14939893859950389793,3,0,10,11188696027242403521,0,4,1,0
PAWN_AUDIT_RESULT,4446,1,1,-351,0,0,-351,0,0,0,0,0
PAWN_AUDIT_ENTRY,4447,16394928146905906816,4627669754231634383,5310827270157874682,9969983486568729877,3502,18446744073709551357,18446744073709551358,18446744073709551357,7,6,1,7,18446744073709540939,18446744073709549775,10,0,1,0,0,0,0,0,0,18446744073709551450,18446744073709551450,18446744073704863733,13,8307,0,0,0,9,18446744073709546759,573,18446744073709551030,32002,18446744073709551614,0,1,14939893859950389793,3,0,10,11188696027242403521,0,0,1,0
PAWN_AUDIT_RESULT,4447,1,1,-296,0,0,-296,0,2,2,0,0
PAWN_AUDIT_ENTRY,4449,1414823668542854232,16514457201958982080,5310827270157874682,13197448121675693695,3177,18446744073709551357,18446744073709551358,18446744073709551357,7,6,1,10,18446744073709535596,18446744073709550227,10,0,1,0,0,0,0,0,0,18446744073709551450,18446744073709551450,18446744073704863733,13,8312,0,0,0,9,18446744073709544909,18446744073709551030,18446744073709551030,32002,18446744073709551614,0,1,14939893859950389793,3,0,10,11188696027242403521,0,0,1,0
PAWN_AUDIT_RESULT,4449,1,1,-259,0,0,-259,0,3,3,0,0
PAWN_AUDIT_ENTRY,4450,16514457201958982080,16327284791159268832,5310827270157874682,8303895893771463990,3169,18446744073709551357,18446744073709551358,18446744073709551357,7,6,1,11,18446744073709534712,18446744073709550278,10,0,1,0,0,0,0,0,0,18446744073709551450,18446744073709551450,18446744073704863733,13,8316,0,0,0,9,18446744073709544507,18446744073709551030,18446744073709551030,32002,18446744073709551614,0,1,14939893859950389793,3,0,10,11188696027242403521,0,0,1,0
PAWN_AUDIT_RESULT,4450,1,1,-289,0,0,-289,0,0,0,0,0
PAWN_AUDIT_ENTRY,4451,16327284791159268832,8695690605873083384,5310827270157874682,4263459459222779787,3567,18446744073709551357,18446744073709551358,18446744073709551357,7,6,1,12,18446744073709534613,18446744073709550278,10,0,1,0,0,0,0,0,0,18446744073709551450,18446744073709551450,18446744073704863733,13,8317,0,0,0,9,18446744073709544462,18446744073709551030,18446744073709551030,32002,18446744073709551614,0,1,14939893859950389793,3,0,10,11188696027242403521,0,0,1,0
PAWN_AUDIT_RESULT,4451,1,1,-300,0,0,-300,0,0,0,0,0
PAWN_AUDIT_ENTRY,4452,8695690605873083384,3149497434998033548,5310827270157874682,5628804635592056479,3891,18446744073709551357,18446744073709551358,18446744073709551357,7,6,1,13,18446744073709537039,18446744073709548874,10,0,1,0,0,0,0,0,0,18446744073709551450,18446744073709551450,18446744073704863733,13,8318,0,0,0,13,18446744073709545565,18446744073709551030,18446744073709551030,32002,18446744073709551614,0,1,14939893859950389793,3,0,10,11188696027242403521,0,4,1,0
PAWN_AUDIT_RESULT,4452,1,1,-265,0,0,-265,0,0,0,0,0
PAWN_AUDIT_ENTRY,4453,3149497434998033548,6854879132490021267,5310827270157874682,17303047196438996910,3956,18446744073709551357,18446744073709551358,18446744073709551357,7,6,1,14,18446744073709535251,18446744073709549526,10,0,1,0,0,0,0,0,0,18446744073709551450,18446744073709551450,18446744073704863733,13,8319,0,0,0,11,18446744073709544752,18446744073709551030,18446744073709551030,32002,18446744073709551614,0,1,14939893859950389793,3,0,10,11188696027242403521,0,4,1,0
PAWN_AUDIT_RESULT,4453,1,1,-278,0,0,-278,0,0,0,0,0
PAWN_AUDIT_ENTRY,4454,6854879132490021267,5986353313821859086,5310827270157874682,12331529138841818480,2722,18446744073709551357,18446744073709551358,18446744073709551357,7,6,1,15,18446744073709534580,18446744073709550040,10,0,1,0,0,0,0,0,0,18446744073709551450,18446744073709551450,18446744073704863733,13,8320,0,0,0,9,18446744073709544447,18446744073709551030,18446744073709551030,32002,18446744073709551614,0,1,14939893859950389793,3,0,10,11188696027242403521,0,0,1,0
PAWN_AUDIT_RESULT,4454,1,1,-358,0,0,-358,0,0,0,0,0
PAWN_AUDIT_ENTRY,4455,5986353313821859086,1088366321288189205,5310827270157874682,7955465447563402766,3763,18446744073709551357,18446744073709551358,18446744073709551357,7,6,1,16,18446744073709538488,18446744073709548168,10,0,1,0,0,0,0,0,0,18446744073709551450,18446744073709551450,18446744073704863733,13,8321,0,0,0,11,18446744073709546224,18446744073709551030,18446744073709551030,32002,18446744073709551614,0,1,14939893859950389793,3,0,10,11188696027242403521,0,4,1,0
PAWN_AUDIT_RESULT,4455,1,1,-296,0,0,-296,0,2,2,0,0
PAWN_AUDIT_ENTRY,4456,1088366321288189205,10926397228877420698,5310827270157874682,13688748388393422069,3947,18446744073709551357,18446744073709551358,18446744073709551357,7,6,1,17,18446744073709535509,18446744073709549680,10,0,1,0,0,0,0,0,0,18446744073709551450,18446744073709551450,18446744073704863733,13,8324,0,0,0,11,18446744073709544869,18446744073709551030,18446744073709551030,32002,18446744073709551614,0,1,14939893859950389793,3,0,10,11188696027242403521,0,4,1,0
PAWN_AUDIT_RESULT,4456,1,1,-270,0,0,-270,0,2,2,0,0
PAWN_AUDIT_ENTRY,4457,10926397228877420698,10107618081678637728,5310827270157874682,18183493690216248072,3494,18446744073709551357,18446744073709551358,18446744073709551357,7,6,1,18,18446744073709534598,18446744073709550013,10,0,1,0,0,0,0,0,0,18446744073709551450,18446744073709551450,18446744073704863733,13,8327,0,0,0,9,18446744073709544455,18446744073709551030,18446744073709551030,32002,18446744073709551614,0,1,14939893859950389793,3,0,10,11188696027242403521,0,0,1,0
PAWN_AUDIT_RESULT,4457,1,1,-301,0,0,-301,0,0,0,0,0
PAWN_AUDIT_ENTRY,4458,10107618081678637728,12619218942255152081,5310827270157874682,15514308188761670927,3559,18446744073709551357,18446744073709551358,18446744073709551357,7,6,1,20,18446744073709535203,18446744073709549871,10,0,1,0,0,0,0,0,0,18446744073709551450,18446744073709551450,18446744073704863733,13,8328,0,0,0,9,18446744073709544730,18446744073709551030,18446744073709551030,32002,18446744073709551614,0,1,14939893859950389793,3,0,10,11188696027242403521,0,0,1,0
PAWN_AUDIT_RESULT,4458,1,1,-258,1,5,-293,0,3,12,0,0
PAWN_AUDIT_ENTRY,4463,7920714557091583118,5277876995433811564,5310827270157874682,4863583592387233755,3929,18446744073709551357,18446744073709551358,18446744073709551357,7,6,1,21,18446744073709535476,18446744073709550278,10,0,1,0,0,0,0,0,0,18446744073709551450,18446744073709551450,18446744073704863733,13,8341,0,0,0,11,18446744073709544854,18446744073709551030,18446744073709551030,32002,18446744073709551614,0,1,14939893859950389793,3,0,10,11188696027242403521,0,4,1,0
PAWN_AUDIT_RESULT,4463,1,1,-288,0,0,-288,0,0,0,0,0
PAWN_AUDIT_ENTRY,4464,5277876995433811564,10185801733740788640,5310827270157874682,8685276196799190599,3828,18446744073709551357,18446744073709551358,18446744073709551357,7,6,1,22,18446744073709534961,18446744073709550278,10,0,1,0,0,0,0,0,0,18446744073709551450,18446744073709551450,18446744073704863733,13,8342,0,0,0,14,18446744073709544620,18446744073709551030,18446744073709551030,32002,18446744073709551614,0,1,14939893859950389793,3,0,10,11188696027242403521,0,4,1,0
PAWN_AUDIT_RESULT,4464,1,1,-520,0,0,-520,0,0,0,0,0
PAWN_AUDIT_ENTRY,4465,10185801733740788640,14103095287964607943,5310827270157874682,4770434342066822971,3827,18446744073709551357,18446744073709551358,18446744073709551357,7,6,1,23,18446744073709537035,18446744073709548514,10,0,1,0,0,0,0,0,0,18446744073709551450,18446744073709551450,18446744073704863733,13,8343,0,0,0,14,18446744073709545563,18446744073709551030,18446744073709551030,32002,18446744073709551614,0,1,14939893859950389793,3,0,10,11188696027242403521,0,4,1,0
PAWN_AUDIT_RESULT,4465,1,1,-448,0,0,-448,0,0,0,0,0
PAWN_AUDIT_ENTRY,4466,14103095287964607943,2618049064806652373,5310827270157874682,6037616507959194144,3893,18446744073709551357,18446744073709551358,18446744073709551357,7,6,1,24,18446744073709535227,18446744073709548874,10,0,1,0,0,0,0,0,0,18446744073709551450,18446744073709551450,18446744073704863733,13,8344,0,0,0,13,18446744073709544741,18446744073709551030,18446744073709551030,32002,18446744073709551614,0,1,14939893859950389793,3,0,10,11188696027242403521,0,4,1,0
PAWN_AUDIT_RESULT,4466,1,1,-295,0,0,-295,0,2,2,0,0
PAWN_AUDIT_ENTRY,4467,2618049064806652373,13610673564202577018,5310827270157874682,13737201803065450434,4015,18446744073709551357,18446744073709551358,18446744073709551357,7,6,1,25,18446744073709538519,18446744073709548335,10,0,1,0,0,0,0,0,0,18446744073709551450,18446744073709551450,18446744073704863733,13,8347,0,0,0,10,18446744073709546238,18446744073709551030,18446744073709551030,32002,18446744073709551614,0,1,14939893859950389793,3,0,10,11188696027242403521,0,4,1,0
PAWN_AUDIT_RESULT,4467,1,1,-260,0,0,-260,0,2,2,0,0
PAWN_AUDIT_ENTRY,4468,13610673564202577018,16150068749846114390,5310827270157874682,9691350288813651229,3892,18446744073709551357,18446744073709551358,18446744073709551357,7,6,1,26,18446744073709535682,18446744073709548583,10,0,1,0,0,0,0,0,0,18446744073709551450,18446744073709551450,18446744073704863733,13,8350,0,0,0,13,18446744073709544948,18446744073709551030,18446744073709551030,32002,18446744073709551614,0,1,14939893859950389793,3,0,10,11188696027242403521,0,4,1,0
PAWN_AUDIT_RESULT,4468,1,1,-278,0,0,-278,0,0,0,0,0
PAWN_AUDIT_ENTRY,4469,16150068749846114390,17794518463576482408,958745268422296575,2269391240960106946,3868,18446744073709551357,18446744073709551358,18446744073709551357,10,9,1,3,18446744073709544877,18446744073709550559,8,0,1,0,0,0,0,4020,0,18446744073709551496,18446744073709551496,18446744073707754360,13,8351,0,0,0,13,18446744073709549977,18446744073709551030,18446744073709549283,18446744073709551412,4,2,1,14939893859950389793,1,0,8,11055791624026299049,0,2,1,0
PAWN_AUDIT_ENTRY,4475,9915087768889719046,9176823302275868587,4809107947214201772,1289704632256598662,82,258,259,244,7,6,3,2,18446744073709549857,18446744073709550278,11,0,0,0,0,0,0,0,0,170,170,50949,13,8366,0,0,1,2,18446744073709549841,2519,18446744073709551030,170,0,1,1,4427968090388387112,0,0,11,4974495200304456264,0,1,1,0
PAWN_AUDIT_RESULT,4475,3,3,227,0,0,227,0,0,0,0,0
PAWN_AUDIT_ENTRY,4476,9176823302275868587,1674845093065623764,4809107947214201772,14363195232870994779,75,258,259,244,7,6,2,3,18446744073709543018,18446744073709550278,11,0,0,0,0,0,0,0,0,170,170,50949,13,8367,0,0,1,2,18446744073709548742,18446744073709550113,18446744073709551030,170,0,1,1,4427968090388387112,0,0,11,4974495200304456264,0,1,1,0
PAWN_AUDIT_RESULT,4476,2,2,205,0,0,205,0,0,0,0,0
PAWN_AUDIT_ENTRY,4477,1674845093065623764,15210230595997033452,4809107947214201772,15464596310707124986,774,258,259,244,7,6,1,4,18446744073709541589,18446744073709550278,11,0,0,0,0,0,0,0,0,170,170,50949,13,8368,0,0,1,2,18446744073709547634,18446744073709551030,18446744073709551030,170,0,1,1,4427968090388387112,0,0,11,4974495200304456264,0,1,1,0
PAWN_AUDIT_RESULT,4477,1,1,81,0,0,81,0,0,0,0,0
PAWN_AUDIT_ENTRY,4478,15210230595997033452,16766551281237877926,4809107947214201772,603234183181436304,144,258,259,244,7,6,1,5,18446744073709541528,18446744073709550278,11,0,0,0,0,0,0,0,0,170,170,50949,13,8369,0,0,1,3,18446744073709545383,3860,18446744073709551030,170,0,1,1,4427968090388387112,0,0,11,4974495200304456264,0,1,1,0
PAWN_AUDIT_RESULT,4478,1,1,185,0,0,185,0,0,0,0,0
PAWN_AUDIT_ENTRY,4479,16766551281237877926,983655392383481164,4809107947214201772,7591640892623144423,196,258,259,244,7,6,1,6,18446744073709541240,18446744073709550278,11,0,0,0,0,0,0,0,0,170,170,50949,13,8370,0,0,1,6,18446744073709547475,18446744073709551030,18446744073709551030,170,0,1,1,4427968090388387112,0,0,11,4974495200304456264,0,1,1,0
PAWN_AUDIT_RESULT,4479,1,1,156,0,0,156,0,0,0,0,0
PAWN_AUDIT_ENTRY,4480,983655392383481164,16674761984093068122,4809107947214201772,8562599930189985458,786,258,259,244,7,6,1,7,18446744073709542996,18446744073709551200,11,0,0,0,0,0,0,0,0,170,170,50949,13,8371,0,0,1,2,18446744073709546721,2519,18446744073709551030,170,0,1,1,4427968090388387112,0,0,11,4974495200304456264,0,1,1,0
PAWN_AUDIT_RESULT,4480,1,1,153,0,0,153,0,0,0,0,0
PAWN_AUDIT_ENTRY,4481,16674761984093068122,11755277667305449399,4809107947214201772,13291989274253020615,797,258,259,244,7,6,1,8,18446744073709540927,18446744073709550278,11,0,0,0,0,0,0,0,0,170,170,50949,13,8372,0,0,1,2,18446744073709547333,18446744073709551030,18446744073709551030,170,0,1,1,4427968090388387112,0,0,11,4974495200304456264,0,1,1,0
PAWN_AUDIT_RESULT,4481,1,1,193,0,0,193,0,0,0,0,0
PAWN_AUDIT_ENTRY,4488,5805587117520040618,15818885070490133614,2269391240960106946,797804343079361983,1383,258,259,245,9,8,5,3,18446744073709545970,18446744073709550278,9,0,0,0,0,0,0,0,0,185,185,10308250,13,8382,0,0,0,5,18446744073709549626,18446744073709551030,18446744073709551030,233,1,1,1,14939893859950389793,2,0,9,958745268422296575,0,3,1,0
PAWN_AUDIT_RESULT,4488,5,5,110,0,0,110,0,0,0,0,0
PAWN_AUDIT_ENTRY,4489,15818885070490133614,6704401615094046422,2269391240960106946,5487335954365419752,82,258,259,245,9,8,4,4,18446744073709547220,18446744073709550580,9,0,0,0,0,0,0,0,0,185,185,10308250,13,8383,0,0,0,2,18446744073709550677,18446744073709551030,18446744073709550035,233,1,1,1,14939893859950389793,2,0,9,958745268422296575,0,3,1,0
PAWN_AUDIT_RESULT,4489,4,4,188,0,0,188,0,3,3,0,0
PAWN_AUDIT_ENTRY,4490,6704401615094046422,4001586863151425533,2269391240960106946,4459361682428778459,139,258,259,245,9,8,3,5,18446744073709539033,744,9,0,0,0,0,0,0,0,0,185,185,10308250,13,8387,0,0,0,3,18446744073709546959,18446744073709551030,18446744073709550026,233,1,1,1,14939893859950389793,2,0,9,958745268422296575,0,3,1,0
PAWN_AUDIT_RESULT,4490,3,3,187,0,0,187,0,0,0,0,0
PAWN_AUDIT_ENTRY,4491,4001586863151425533,9739120788146303364,2269391240960106946,11139456365006065973,75,258,259,245,9,8,4,6,18446744073709544011,18446744073709547871,9,0,0,0,0,0,0,0,0,185,185,10308250,13,8388,0,0,0,2,18446744073709548735,18446744073709551030,18446744073709551030,233,1,1,1,14939893859950389793,2,0,9,958745268422296575,0,3,1,0
PAWN_AUDIT_RESULT,4491,4,4,11,0,0,11,0,3,3,0,0
PAWN_AUDIT_ENTRY,4492,9739120788146303364,14454145014039107742,2269391240960106946,10042557769031694484,774,258,259,245,9,8,3,7,18446744073709540197,18446744073709550278,9,0,0,0,0,0,0,0,0,185,185,10308250,13,8392,0,0,0,2,18446744073709547001,18446744073709551030,18446744073709551030,233,1,1,1,14939893859950389793,2,0,9,958745268422296575,0,3,1,0
PAWN_AUDIT_RESULT,4492,3,3,1,0,0,1,0,0,0,0,0
PAWN_AUDIT_ENTRY,4493,14454145014039107742,16945751883568557493,2269391240960106946,18049711976071436278,666,258,259,245,9,8,3,8,18446744073709539247,18446744073709550278,9,0,0,0,0,0,0,0,0,185,185,10308250,13,8393,0,0,0,1,18446744073709546569,18446744073709551030,18446744073709551030,233,1,1,1,14939893859950389793,2,0,9,958745268422296575,0,0,1,0
PAWN_AUDIT_RESULT,4493,3,3,209,0,0,209,0,0,0,0,0
PAWN_AUDIT_ENTRY,4494,16945751883568557493,17000261034821742794,2269391240960106946,16552343468494409641,797,258,259,245,9,8,2,14,18446744073709539803,18446744073709549233,9,0,0,0,0,0,0,0,0,185,185,10308250,13,8394,0,0,0,2,18446744073709547182,18446744073709551030,18446744073709550288,233,1,1,1,14939893859950389793,2,0,9,958745268422296575,0,3,1,0
PAWN_AUDIT_RESULT,4494,2,2,172,0,0,172,0,0,0,0,0
PAWN_AUDIT_RESULT,4469,1,1,-233,1,9,-245,0,3,43,1,1
PAWN_AUDIT_ENTRY,4495,17000261034821742794,4162881616549301311,11055791624026299049,13543068974861462704,139,258,259,250,12,11,7,3,18446744073709541954,18446744073709551425,7,0,1,0,0,1,0,339,0,276,213,9534565,13,8395,0,0,0,3,18446744073709546703,1560,18446744073709551079,276,6,2,1,14939893859950389793,0,0,7,13486353925219782202,0,1,1,0
PAWN_AUDIT_RESULT,4495,7,7,224,0,0,224,0,12,12,0,0
PAWN_AUDIT_ENTRY,4499,191081383138835726,16727377082052462939,11055791624026299049,14571007721746918275,82,258,259,250,12,11,6,4,18446744073709548550,384,7,0,1,0,0,1,0,339,0,276,213,9534565,13,8408,0,0,0,2,267,18446744073709550609,18446744073709549230,276,6,2,1,14939893859950389793,0,0,7,13486353925219782202,0,1,1,0
PAWN_AUDIT_ENTRY,4513,8414732103337667662,13693572239130592397,14571007721746918275,6109311050846804854,3559,18446744073709551357,18446744073709551358,18446744073709551304,11,10,8,2,18446744073709550992,18446744073709549871,8,0,0,0,0,1,0,0,0,18446744073709551357,18446744073709551435,18446744073702834609,13,8435,0,0,0,9,182,18446744073709550634,52,18446744073709551357,5,1,1,14939893859950389793,1,0,8,11055791624026299049,0,0,1,0
PAWN_AUDIT_ENTRY,4516,3311048617619598384,12072467374301310489,17466419998939835341,392571215420817909,4015,18446744073709551357,18446744073709551358,18446744073709551357,7,6,2,4,18446744073709544918,18446744073709550278,10,0,0,0,0,0,0,0,0,18446744073709551319,18446744073709551319,18446744073706671769,13,8443,0,0,0,10,18446744073709546081,5547,18446744073709551030,18446744073709551357,0,1,1,17392398947133079832,1,0,10,6109311050846804854,0,2,1,0
PAWN_AUDIT_RESULT,4516,2,2,-286,0,0,-286,0,0,0,0,0
PAWN_AUDIT_ENTRY,4517,12072467374301310489,13494065175765649952,17466419998939835341,1436410497775772950,4087,18446744073709551357,18446744073709551358,18446744073709551357,7,6,2,5,18446744073709544714,18446744073709550278,10,0,0,0,0,0,0,0,0,18446744073709551319,18446744073709551319,18446744073706671769,13,8444,0,0,0,12,18446744073709549055,18446744073709551030,18446744073709551030,18446744073709551357,0,1,1,17392398947133079832,1,0,10,6109311050846804854,0,2,1,0
PAWN_AUDIT_RESULT,4517,2,2,-361,0,0,-361,0,0,0,0,0
PAWN_AUDIT_ENTRY,4519,12990005952303304725,10726189959705827269,17466419998939835341,15398252005995102265,3763,18446744073709551357,18446744073709551358,18446744073709551357,7,6,1,9,18446744073709538343,18446744073709550278,10,0,0,0,0,0,0,0,0,18446744073709551319,18446744073709551319,18446744073706671769,13,8447,0,0,0,11,18446744073709546158,18446744073709551030,18446744073709551030,18446744073709551357,0,1,1,17392398947133079832,1,0,10,6109311050846804854,0,2,1,0
PAWN_AUDIT_RESULT,4519,1,1,-304,0,0,-304,0,0,0,0,0
PAWN_AUDIT_ENTRY,4520,10726189959705827269,16966829715299894009,17466419998939835341,14077871584270272624,3828,18446744073709551357,18446744073709551358,18446744073709551357,7,6,1,10,18446744073709537744,18446744073709550278,10,0,0,0,0,0,0,0,0,18446744073709551319,18446744073709551319,18446744073706671769,13,8448,0,0,0,14,18446744073709544583,2019,18446744073709551030,18446744073709551357,0,1,1,17392398947133079832,1,0,10,6109311050846804854,0,2,1,0
PAWN_AUDIT_RESULT,4520,1,1,-594,0,0,-594,0,0,0,0,0
PAWN_AUDIT_RESULT,4513,8,8,-259,0,0,-259,0,13,13,0,0
PAWN_AUDIT_ENTRY,4521,16966829715299894009,16513157757275886345,14571007721746918275,709660235001090924,3502,18446744073709551357,18446744073709551358,18446744073709551357,11,10,6,4,18446744073709538831,18446744073709549775,8,0,0,0,0,1,0,0,0,18446744073709551357,18446744073709551435,18446744073702834609,13,8449,0,0,0,9,18446744073709546732,18446744073709550807,18446744073709550534,18446744073709551357,5,1,1,14939893859950389793,1,0,8,11055791624026299049,0,0,1,0
PAWN_AUDIT_RESULT,4521,6,6,-279,0,0,-279,0,16,16,0,0
PAWN_AUDIT_ENTRY,4530,4315041646894412355,13272994023961623339,14571007721746918275,735752676645578470,4020,18446744073709551357,18446744073709551358,18446744073709551357,11,10,5,8,18446744073709540332,18446744073709550982,8,0,0,0,0,1,0,0,0,18446744073709551357,18446744073709551435,18446744073702834609,13,8467,0,0,0,10,18446744073709545849,96,1211,18446744073709551357,5,1,1,14939893859950389793,1,0,8,11055791624026299049,0,2,1,0
PAWN_AUDIT_ENTRY,4545,16291606686861830809,1245241980603102336,4219986306458911587,1732986122806998394,139,258,259,250,6,5,1,3,18446744073709541280,18446744073709550524,11,0,1,0,0,0,0,0,0,258,279,5502794,13,8496,0,0,0,3,18446744073709546213,18446744073709551030,2052,258,3,1,1,14939893859950389793,4,0,11,12436823771199919709,0,5,1,0
PAWN_AUDIT_RESULT,4545,1,1,239,0,0,239,0,0,0,0,0
PAWN_AUDIT_ENTRY,4546,1245241980603102336,7513814640394431960,4219986306458911587,1079019308711466621,1164,258,259,250,6,5,1,4,18446744073709536111,1758,11,0,1,0,0,0,0,0,0,258,279,5502794,13,8497,0,0,0,2,18446744073709545974,18446744073709549399,18446744073709550998,258,3,1,1,14939893859950389793,4,0,11,12436823771199919709,0,5,1,0
PAWN_AUDIT_RESULT,4546,1,1,221,0,0,221,0,0,0,0,0
PAWN_AUDIT_ENTRY,4548,13076774439720041278,3220317555151157648,4219986306458911587,7622613513153704521,1153,258,259,250,6,5,1,8,18446744073709540191,18446744073709550278,11,0,1,0,0,0,0,0,0,258,279,5502794,13,8499,0,0,0,2,18446744073709546998,18446744073709551030,18446744073709551030,258,3,1,1,14939893859950389793,4,0,11,12436823771199919709,0,5,1,0
PAWN_AUDIT_RESULT,4548,1,1,160,0,0,160,0,0,0,0,0
PAWN_AUDIT_ENTRY,4549,3220317555151157648,14574889363383317095,4219986306458911587,11258424389453935576,1221,258,259,250,6,5,1,9,18446744073709538810,18446744073709550278,11,0,1,0,0,0,0,0,0,258,279,5502794,13,8500,0,0,0,3,18446744073709546370,18446744073709551030,18446744073709551030,258,3,1,1,14939893859950389793,4,0,11,12436823771199919709,0,5,1,0
PAWN_AUDIT_RESULT,4549,1,1,1,0,0,1,0,0,0,0,0
PAWN_AUDIT_ENTRY,4550,14574889363383317095,6804791185363379324,4219986306458911587,8102568736137799007,144,258,259,250,6,5,1,10,18446744073709536456,18446744073709548874,11,0,1,0,0,0,0,0,0,258,279,5502794,13,8501,0,0,0,3,18446744073709545300,18446744073709551030,18446744073709551030,258,3,1,1,14939893859950389793,4,0,11,12436823771199919709,0,5,1,0
PAWN_AUDIT_RESULT,4550,1,1,226,0,0,226,0,0,0,0,0
PAWN_AUDIT_ENTRY,4551,6804791185363379324,12010241348045127294,4219986306458911587,1258729941016192296,196,258,259,250,6,5,1,11,18446744073709539918,18446744073709548874,11,0,1,0,0,0,0,0,0,258,279,5502794,13,8502,0,0,0,6,18446744073709546874,18446744073709551030,18446744073709551030,258,3,1,1,14939893859950389793,4,0,11,12436823771199919709,0,5,1,0
PAWN_AUDIT_RESULT,4551,1,1,101,0,0,101,0,0,0,0,0
PAWN_AUDIT_ENTRY,4552,12010241348045127294,1891761906937228897,4219986306458911587,11005721872752877925,536,258,259,250,6,5,1,12,18446744073709536828,18446744073709550278,11,0,1,0,0,0,0,0,0,258,279,5502794,13,8503,0,0,0,1,18446744073709545469,18446744073709551030,18446744073709551030,258,3,1,1,14939893859950389793,4,0,11,12436823771199919709,0,0,1,0
PAWN_AUDIT_RESULT,4552,1,1,204,0,0,204,0,0,0,0,0
PAWN_AUDIT_ENTRY,4553,1891761906937228897,3681265793143361113,4219986306458911587,8653483816643528278,1349,258,259,250,6,5,1,13,18446744073709539799,18446744073709548874,11,0,1,0,0,0,0,0,0,258,279,5502794,13,8504,0,0,0,5,18446744073709546820,18446744073709551030,18446744073709551030,258,3,1,1,14939893859950389793,4,0,11,12436823771199919709,0,5,1,0
PAWN_AUDIT_RESULT,4553,1,1,169,0,0,169,0,0,0,0,0
PAWN_AUDIT_ENTRY,4554,3681265793143361113,8366707936958812848,4219986306458911587,3133307358171927370,204,258,259,250,6,5,1,14,18446744073709539588,18446744073709548874,11,0,1,0,0,0,0,0,0,258,279,5502794,13,8505,0,0,0,6,18446744073709546724,18446744073709551030,18446744073709551030,258,3,1,1,14939893859950389793,4,0,11,12436823771199919709,0,5,1,0
PAWN_AUDIT_RESULT,4554,1,1,46,0,0,46,0,0,0,0,0
PAWN_AUDIT_ENTRY,4555,8366707936958812848,16975287824990842900,4219986306458911587,17658407371003627682,407,258,259,250,6,5,1,15,18446744073709537019,18446744073709549951,11,0,1,0,0,0,0,0,0,258,279,5502794,13,8506,0,0,0,2,18446744073709545556,18446744073709551030,18446744073709551030,258,3,1,1,14939893859950389793,4,0,11,12436823771199919709,0,5,1,0
PAWN_AUDIT_RESULT,4555,1,1,258,0,0,258,0,1,1,0,0
PAWN_AUDIT_ENTRY,4556,16975287824990842900,568861244578821842,4219986306458911587,2801526910447706859,203,258,259,258,6,5,1,16,18446744073709539379,18446744073709548874,11,0,1,0,0,0,0,0,0,258,279,5502794,13,8508,0,0,0,6,18446744073709546629,18446744073709551030,18446744073709551030,258,3,1,1,14939893859950389793,4,0,11,12436823771199919709,0,5,1,0
PAWN_AUDIT_RESULT,4556,1,1,120,0,0,120,0,0,0,0,0
PAWN_AUDIT_ENTRY,4557,568861244578821842,9685472503815856694,4219986306458911587,6666501084157131943,1,258,259,258,6,5,1,17,18446744073709539278,18446744073709548874,11,0,1,0,0,0,0,0,0,258,279,5502794,13,8509,0,0,0,4,18446744073709546583,18446744073709551030,18446744073709551030,258,3,1,1,14939893859950389793,4,0,11,12436823771199919709,0,5,1,0
PAWN_AUDIT_RESULT,4557,1,1,197,0,0,197,0,0,0,0,0
PAWN_AUDIT_ENTRY,4558,9685472503815856694,17413092871214328463,4219986306458911587,11107673378303096123,1176,258,259,258,6,5,1,18,18446744073709539036,18446744073709548874,11,0,1,0,0,0,0,0,0,258,279,5502794,13,8510,0,0,0,2,18446744073709546473,18446744073709551030,18446744073709551030,258,3,1,1,14939893859950389793,4,0,11,12436823771199919709,0,5,1,0
PAWN_AUDIT_RESULT,4558,1,1,213,0,0,213,0,0,0,0,0
PAWN_AUDIT_ENTRY,4559,17413092871214328463,12724542065129054748,4219986306458911587,11690238021192298200,1228,258,259,258,6,5,1,24,18446744073709537934,18446744073709548874,11,0,1,0,0,0,0,0,0,258,279,5502794,13,8511,0,0,0,3,18446744073709545972,18446744073709551030,18446744073709551030,258,3,1,1,14939893859950389793,4,0,11,12436823771199919709,0,5,1,0
PAWN_AUDIT_RESULT,4559,1,1,131,0,0,131,0,0,0,0,0
PAWN_AUDIT_ENTRY,4561,16737797746808116840,3827429564062893794,735752676645578470,2929945277654110463,139,258,259,258,9,8,2,3,18446744073709542536,18446744073709550524,9,0,1,0,0,1,0,339,0,258,260,16703591,13,8513,0,0,0,3,18446744073709546174,3195,18446744073709551030,258,5,1,1,14939893859950389793,2,0,9,14571007721746918275,0,3,1,0
PAWN_AUDIT_RESULT,4561,2,2,209,0,0,209,0,0,0,0,0
PAWN_AUDIT_ENTRY,4563,5163405701590460046,6804218104200526410,735752676645578470,4493746210556310520,1164,258,259,258,9,8,1,7,18446744073709537585,1758,9,0,1,0,0,1,0,339,0,258,260,16703591,13,8515,0,0,0,2,18446744073709545825,345,18446744073709550047,258,5,1,1,14939893859950389793,2,0,9,14571007721746918275,0,3,1,0
PAWN_AUDIT_RESULT,4563,1,1,173,0,0,173,0,0,0,0,0
PAWN_AUDIT_ENTRY,4564,6804218104200526410,10484288830927960242,735752676645578470,14243425421087485223,407,258,259,258,9,8,1,8,18446744073709538803,18446744073709550576,9,0,1,0,0,1,0,339,0,258,260,16703591,13,8516,0,0,0,2,18446744073709546367,18446744073709551030,18446744073709551030,258,5,1,1,14939893859950389793,2,0,9,14571007721746918275,0,3,1,0
PAWN_AUDIT_RESULT,4564,1,1,201,0,0,201,0,0,0,0,0
PAWN_AUDIT_ENTRY,4565,10484288830927960242,14958830341455030937,735752676645578470,12112890506805052640,536,258,259,258,9,8,1,9,18446744073709536439,18446744073709550278,9,0,1,0,0,1,0,339,0,258,260,16703591,13,8517,0,0,0,1,18446744073709545292,18446744073709551030,18446744073709551030,258,5,1,1,14939893859950389793,2,0,9,14571007721746918275,0,0,1,0
PAWN_AUDIT_RESULT,4565,1,1,189,0,0,189,0,0,0,0,0
PAWN_AUDIT_ENTRY,4566,14958830341455030937,605984164896459835,735752676645578470,6443941452822206412,1153,258,259,258,9,8,1,10,18446744073709539076,18446744073709548874,9,0,1,0,0,1,0,339,0,258,260,16703591,13,8518,0,0,0,2,18446744073709546491,18446744073709551030,18446744073709551030,258,5,1,1,14939893859950389793,2,0,9,14571007721746918275,0,3,1,0
PAWN_AUDIT_RESULT,4566,1,1,-1,0,0,-1,0,0,0,0,0
PAWN_AUDIT_ENTRY,4567,605984164896459835,12072908613639757205,735752676645578470,4672369511005044954,144,258,259,258,9,8,1,11,18446744073709541425,18446744073709548450,9,0,1,0,0,1,0,339,0,258,260,16703591,13,8519,0,0,0,3,18446744073709545234,18446744073709551030,4205,258,5,1,1,14939893859950389793,2,0,9,14571007721746918275,0,3,1,0
PAWN_AUDIT_RESULT,4567,1,1,186,0,0,186,0,0,0,0,0
PAWN_AUDIT_ENTRY,4568,12072908613639757205,4578502086307065282,735752676645578470,15644290376532218374,528,258,259,258,9,8,1,12,18446744073709535651,18446744073709550278,9,0,1,0,0,1,0,339,0,258,260,16703591,13,8520,0,0,0,1,18446744073709544934,18446744073709551030,18446744073709551030,258,5,1,1,14939893859950389793,2,0,9,14571007721746918275,0,0,1,0
PAWN_AUDIT_RESULT,4568,1,1,179,0,0,179,0,0,0,0,0
PAWN_AUDIT_ENTRY,4569,4578502086307065282,17861214907903673542,735752676645578470,10867807713630530375,983,258,259,258,9,8,1,13,18446744073709535561,18446744073709550278,9,0,1,0,0,1,0,339,0,258,260,16703591,13,8521,0,0,0,1,18446744073709544893,18446744073709551030,18446744073709551030,258,5,1,1,14939893859950389793,2,0,9,14571007721746918275,0,0,1,0
PAWN_AUDIT_RESULT,4569,1,1,196,0,0,196,0,0,0,0,0
PAWN_AUDIT_ENTRY,4570,17861214907903673542,17833795293738746632,735752676645578470,15474321092943007244,991,258,259,258,9,8,1,14,18446744073709535522,18446744073709550278,9,0,1,0,0,1,0,339,0,258,260,16703591,13,8522,0,0,0,1,18446744073709544875,18446744073709551030,18446744073709551030,258,5,1,1,14939893859950389793,2,0,9,14571007721746918275,0,0,1,0
PAWN_AUDIT_RESULT,4570,1,1,195,0,0,195,0,0,0,0,0
PAWN_AUDIT_ENTRY,4571,17833795293738746632,6763496836887172190,735752676645578470,2569819773632635930,137,258,259,258,9,8,1,15,18446744073709535585,18446744073709550278,9,0,1,0,0,1,0,339,0,258,260,16703591,13,8523,0,0,0,3,18446744073709544904,18446744073709551030,18446744073709551030,258,5,1,1,14939893859950389793,2,0,9,14571007721746918275,0,3,1,0
PAWN_AUDIT_RESULT,4571,1,1,193,0,0,193,0,0,0,0,0
PAWN_AUDIT_ENTRY,4572,6763496836887172190,16269905740983041652,735752676645578470,2289225693890878431,148,258,259,258,9,8,1,16,18446744073709535289,18446744073709550278,9,0,1,0,0,1,0,339,0,258,260,16703591,13,8524,0,0,0,3,18446744073709544769,18446744073709551030,18446744073709551030,258,5,1,1,14939893859950389793,2,0,9,14571007721746918275,0,3,1,0
PAWN_AUDIT_RESULT,4572,1,1,175,0,0,175,0,0,0,0,0
PAWN_AUDIT_ENTRY,4573,16269905740983041652,11914640151296122229,735752676645578470,16382635797717438976,918,258,259,258,9,8,1,17,18446744073709534798,18446744073709550278,9,0,1,0,0,1,0,339,0,258,260,16703591,13,8525,0,0,0,1,18446744073709544546,18446744073709551030,18446744073709551030,258,5,1,1,14939893859950389793,2,0,9,14571007721746918275,0,0,1,0
PAWN_AUDIT_RESULT,4573,1,1,195,0,0,195,0,0,0,0,0
PAWN_AUDIT_ENTRY,4574,11914640151296122229,10025655966104580901,735752676645578470,10718900618978304042,332,258,259,258,9,8,1,18,18446744073709540114,18446744073709547758,9,0,1,0,0,1,0,339,0,258,260,16703591,13,8526,0,0,0,3,18446744073709546963,18446744073709551030,18446744073709551030,258,5,1,1,14939893859950389793,2,0,9,14571007721746918275,0,3,1,0
PAWN_AUDIT_RESULT,4574,1,1,180,0,0,180,0,0,0,0,0
PAWN_AUDIT_ENTRY,4575,10025655966104580901,3746244079740436162,735752676645578470,847588963331218075,926,258,259,258,9,8,1,19,18446744073709534554,18446744073709550278,9,0,1,0,0,1,0,339,0,258,260,16703591,13,8527,0,0,0,1,18446744073709544435,18446744073709551030,18446744073709551030,258,5,1,1,14939893859950389793,2,0,9,14571007721746918275,0,0,1,0
PAWN_AUDIT_RESULT,4575,1,1,230,0,0,230,0,4,4,0,0
PAWN_AUDIT_ENTRY,4577,6778737019311813204,572284895284449031,735752676645578470,11132599086001802226,1366,258,259,258,9,8,1,21,18446744073709537521,18446744073709548874,9,0,1,0,0,1,0,339,0,258,260,16703591,13,8532,0,0,0,5,18446744073709545649,18446744073709551300,18446744073709551030,258,5,1,1,14939893859950389793,2,0,9,14571007721746918275,0,3,1,0
PAWN_AUDIT_RESULT,4577,1,1,137,0,0,137,0,0,0,0,0
PAWN_AUDIT_ENTRY,4578,572284895284449031,10661703206353674069,735752676645578470,12286925963529162942,1176,258,259,258,9,8,1,24,18446744073709538438,18446744073709548121,9,0,1,0,0,1,0,339,0,258,260,16703591,13,8533,0,0,0,2,18446744073709546201,18446744073709551030,18446744073709551030,258,5,1,1,14939893859950389793,2,0,9,14571007721746918275,0,3,1,0
PAWN_AUDIT_RESULT,4578,1,1,162,0,0,162,0,0,0,0,0
PAWN_AUDIT_ENTRY,4579,10661703206353674069,14919631288126465738,735752676645578470,2437120509659611309,196,258,259,258,9,8,1,28,18446744073709538856,18446744073709547758,9,0,1,0,0,1,0,339,0,258,260,16703591,13,8534,0,0,0,6,18446744073709546391,18446744073709551030,18446744073709551030,258,5,1,1,14939893859950389793,2,0,9,14571007721746918275,0,3,1,0
PAWN_AUDIT_RESULT,4579,1,1,-35,0,0,-35,0,0,0,0,0
PAWN_AUDIT_ENTRY,4580,14919631288126465738,14006524834422362154,735752676645578470,2008097967324214991,204,258,259,258,9,8,1,30,18446744073709538592,18446744073709547758,9,0,1,0,0,1,0,339,0,258,260,16703591,13,8535,0,0,0,6,18446744073709546271,18446744073709551030,18446744073709551030,258,5,1,1,14939893859950389793,2,0,9,14571007721746918275,0,3,1,0
PAWN_AUDIT_RESULT,4580,1,1,-70,0,0,-70,0,0,0,0,0
PAWN_AUDIT_RESULT,4530,5,5,-258,1,9,-258,0,18,68,1,1
PAWN_AUDIT_RESULT,4499,6,6,259,1,11,258,0,17,127,0,0
PAWN_AUDIT_ENTRY,4581,14006524834422362154,15588154694826520980,11055791624026299049,2055677879466486366,75,258,259,258,12,11,5,6,18446744073709543460,18446744073709547863,7,0,1,0,0,1,0,339,0,276,213,9534565,13,8536,0,0,0,2,18446744073709548728,18446744073709550754,18446744073709550813,276,6,2,1,14939893859950389793,0,0,7,13486353925219782202,0,1,1,0
PAWN_AUDIT_RESULT,4581,5,5,186,0,0,186,0,0,0,0,0
PAWN_AUDIT_ENTRY,4582,15588154694826520980,489402763489149713,11055791624026299049,8965828762315189405,666,258,259,258,12,11,5,8,18446744073709539210,18446744073709550278,7,0,1,0,0,1,0,339,0,276,213,9534565,13,8537,0,0,0,1,18446744073709546552,18446744073709551030,18446744073709551030,276,6,2,1,14939893859950389793,0,0,7,13486353925219782202,0,0,1,0
PAWN_AUDIT_RESULT,4582,5,5,204,0,0,204,0,0,0,0,0
PAWN_AUDIT_ENTRY,4583,489402763489149713,4018460856192769874,11055791624026299049,4270051759600318639,536,258,259,258,12,11,4,9,18446744073709536065,18446744073709550278,7,0,1,0,0,1,0,339,0,276,213,9534565,13,8538,0,0,0,1,18446744073709545122,18446744073709551030,18446744073709551030,276,6,2,1,14939893859950389793,0,0,7,13486353925219782202,0,0,1,0
PAWN_AUDIT_RESULT,4583,4,4,190,0,0,190,0,0,0,0,0
PAWN_AUDIT_ENTRY,4584,4018460856192769874,4707169672794046455,11055791624026299049,547974178947046501,332,258,259,258,12,11,5,10,18446744073709539014,18446744073709546870,7,0,1,0,0,1,0,339,0,276,213,9534565,13,8539,0,0,0,3,18446744073709546463,18446744073709551030,18446744073709551030,276,6,2,1,14939893859950389793,0,0,7,13486353925219782202,0,1,1,0
PAWN_AUDIT_RESULT,4584,5,5,176,0,0,176,0,0,0,0,0
PAWN_AUDIT_ENTRY,4585,4707169672794046455,15636338425566990581,11055791624026299049,2228880282601248184,1363,258,259,258,12,11,4,11,18446744073709536804,18446744073709548874,7,0,1,0,0,1,0,339,0,276,213,9534565,13,8540,0,0,0,5,18446744073709545458,18446744073709551030,18446744073709551030,276,6,2,1,14939893859950389793,0,0,7,13486353925219782202,0,1,1,0
PAWN_AUDIT_RESULT,4585,4,4,107,0,0,107,0,0,0,0,0
PAWN_AUDIT_ENTRY,4586,15636338425566990581,9969616968134846924,11055791624026299049,9919755664298878099,1362,258,259,258,12,11,4,12,18446744073709537296,18446744073709550278,7,0,1,0,0,1,0,339,0,276,213,9534565,13,8541,0,0,0,5,18446744073709545682,18446744073709551030,18446744073709551030,276,6,2,1,14939893859950389793,0,0,7,13486353925219782202,0,1,1,0
PAWN_AUDIT_RESULT,4586,4,4,99,0,0,99,0,0,0,0,0
PAWN_AUDIT_ENTRY,4587,9969616968134846924,6259256101539285009,11055791624026299049,6264836084931432808,407,258,259,258,12,11,4,13,18446744073709538150,18446744073709549441,7,0,1,0,0,1,0,339,0,276,213,9534565,13,8542,0,0,0,2,18446744073709546070,18446744073709551030,18446744073709551030,276,6,2,1,14939893859950389793,0,0,7,13486353925219782202,0,1,1,0
PAWN_AUDIT_RESULT,4587,4,4,214,0,0,214,0,0,0,0,0
PAWN_AUDIT_ENTRY,4588,6259256101539285009,9947061796230732911,11055791624026299049,9592505757811768097,203,258,259,258,12,11,4,14,18446744073709538075,18446744073709547758,7,0,1,0,0,1,0,339,0,276,213,9534565,13,8543,0,0,0,6,18446744073709546195,18446744073709550712,18446744073709551030,276,6,2,1,14939893859950389793,0,0,7,13486353925219782202,0,1,1,0
PAWN_AUDIT_RESULT,4588,4,4,55,0,0,55,0,0,0,0,0
PAWN_AUDIT_ENTRY,4589,9947061796230732911,13382247764111970146,11055791624026299049,5350359899976035913,528,258,259,258,12,11,4,15,18446744073709535434,18446744073709550278,7,0,1,0,0,1,0,339,0,276,213,9534565,13,8544,0,0,0,1,18446744073709544835,18446744073709551030,18446744073709551030,276,6,2,1,14939893859950389793,0,0,7,13486353925219782202,0,0,1,0
PAWN_AUDIT_RESULT,4589,4,4,181,0,0,181,0,0,0,0,0
PAWN_AUDIT_ENTRY,4590,13382247764111970146,7055132630661231994,11055791624026299049,399080147973674760,983,258,259,258,12,11,4,16,18446744073709535381,18446744073709550278,7,0,1,0,0,1,0,339,0,276,213,9534565,13,8545,0,0,0,1,18446744073709544811,18446744073709551030,18446744073709551030,276,6,2,1,14939893859950389793,0,0,7,13486353925219782202,0,0,1,0
PAWN_AUDIT_RESULT,4590,4,4,192,0,0,192,0,0,0,0,0
PAWN_AUDIT_ENTRY,4591,7055132630661231994,17814730746998186298,11055791624026299049,5036204994880139843,991,258,259,258,12,11,4,17,18446744073709535346,18446744073709550278,7,0,1,0,0,1,0,339,0,276,213,9534565,13,8546,0,0,0,1,18446744073709544795,18446744073709551030,18446744073709551030,276,6,2,1,14939893859950389793,0,0,7,13486353925219782202,0,0,1,0
PAWN_AUDIT_RESULT,4591,4,4,178,0,0,178,0,0,0,0,0
PAWN_AUDIT_ENTRY,4592,17814730746998186298,7048463286805351131,11055791624026299049,16768477527349256018,658,258,259,258,12,11,4,18,18446744073709535482,18446744073709550278,7,0,1,0,0,1,0,339,0,276,213,9534565,13,8547,0,0,0,1,18446744073709544942,18446744073709551030,18446744073709550855,276,6,2,1,14939893859950389793,0,0,7,13486353925219782202,0,0,1,0
PAWN_AUDIT_RESULT,4592,4,4,157,0,0,157,0,0,0,0,0
PAWN_AUDIT_ENTRY,4593,7048463286805351131,2932969853071876349,11055791624026299049,12750308167069915221,137,258,259,258,12,11,4,19,18446744073709535145,18446744073709548940,7,0,1,0,0,1,0,339,0,276,213,9534565,13,8548,0,0,0,3,18446744073709544815,18446744073709550807,18446744073709551030,276,6,2,1,14939893859950389793,0,0,7,13486353925219782202,0,1,1,0
PAWN_AUDIT_RESULT,4593,4,4,171,0,0,171,0,0,0,0,0
PAWN_AUDIT_ENTRY,4594,2932969853071876349,18066699582630463289,11055791624026299049,10132837947809146768,148,258,259,258,12,11,4,20,18446744073709535141,18446744073709548874,7,0,1,0,0,1,0,339,0,276,213,9534565,13,8549,0,0,0,3,18446744073709544702,18446744073709551030,18446744073709551030,276,6,2,1,14939893859950389793,0,0,7,13486353925219782202,0,1,1,0
PAWN_AUDIT_RESULT,4594,4,4,155,0,0,155,0,0,0,0,0
PAWN_AUDIT_ENTRY,4595,18066699582630463289,18028222436235591411,11055791624026299049,8070789985748971087,918,258,259,258,12,11,4,21,18446744073709534752,18446744073709550278,7,0,1,0,0,1,0,339,0,276,213,9534565,13,8550,0,0,0,1,18446744073709544525,18446744073709551030,18446744073709551030,276,6,2,1,14939893859950389793,0,0,7,13486353925219782202,0,0,1,0
PAWN_AUDIT_RESULT,4595,4,4,173,0,0,173,0,0,0,0,0
PAWN_AUDIT_ENTRY,4596,18028222436235591411,5830390660686482814,11055791624026299049,1332955307082424795,80,258,259,258,12,11,4,22,18446744073709534712,18446744073709550278,7,0,1,0,0,1,0,339,0,276,213,9534565,13,8551,0,0,0,2,18446744073709544507,18446744073709551030,18446744073709551030,276,6,2,1,14939893859950389793,0,0,7,13486353925219782202,0,1,1,0
PAWN_AUDIT_RESULT,4596,4,4,133,0,0,133,0,0,0,0,0
PAWN_AUDIT_ENTRY,4597,5830390660686482814,9244331803995171597,11055791624026299049,10995777519251433172,926,258,259,258,12,11,5,23,18446744073709542970,18446744073709550278,7,0,1,0,0,1,0,339,0,276,213,9534565,13,8552,0,0,0,1,18446744073709548262,18446744073709551030,18446744073709551030,276,6,2,1,14939893859950389793,0,0,7,13486353925219782202,0,0,1,0
PAWN_AUDIT_RESULT,4597,5,5,244,0,0,244,0,34,34,0,0
PAWN_AUDIT_ENTRY,4610,11277602965627873773,14245263006374283039,11055791624026299049,10834542457749090057,1356,258,259,258,12,11,4,25,18446744073709536818,18446744073709548874,7,0,1,0,0,1,0,339,0,276,213,9534565,13,8587,0,0,0,5,18446744073709545530,18446744073709550899,18446744073709551030,276,6,2,1,14939893859950389793,0,0,7,13486353925219782202,0,1,1,0
PAWN_AUDIT_RESULT,4610,4,4,85,0,0,85,0,0,0,0,0
PAWN_AUDIT_ENTRY,4611,14245263006374283039,10593148631283858676,11055791624026299049,7171573527042444662,157,258,259,258,12,11,4,26,18446744073709535788,18446744073709549179,7,0,1,0,0,1,0,339,0,276,213,9534565,13,8588,0,0,0,3,18446744073709544996,18446744073709551030,18446744073709551030,276,6,2,1,14939893859950389793,0,0,7,13486353925219782202,0,1,1,0
PAWN_AUDIT_RESULT,4611,4,4,200,0,0,200,0,0,0,0,0
PAWN_AUDIT_ENTRY,4612,10593148631283858676,2207897949607285237,11055791624026299049,13522409757482187447,1373,258,259,258,12,11,4,27,18446744073709536801,18446744073709548874,7,0,1,0,0,1,0,339,0,276,213,9534565,13,8589,0,0,0,5,18446744073709545557,18446744073709550829,18446744073709551030,276,6,2,1,14939893859950389793,0,0,7,13486353925219782202,0,1,1,0
PAWN_AUDIT_RESULT,4612,4,4,137,0,0,137,0,0,0,0,0
PAWN_AUDIT_ENTRY,4613,2207897949607285237,11826587490823436904,11055791624026299049,658945204374140861,1366,258,259,258,12,11,4,28,18446744073709536357,18446744073709547758,7,0,1,0,0,1,0,339,0,276,213,9534565,13,8590,0,0,0,5,18446744073709545408,18446744073709550724,18446744073709551030,276,6,2,1,14939893859950389793,0,0,7,13486353925219782202,0,1,1,0
PAWN_AUDIT_RESULT,4613,4,4,129,0,0,129,0,0,0,0,0
PAWN_AUDIT_ENTRY,4614,11826587490823436904,2953399634453335088,11055791624026299049,4094322226715779925,1367,258,259,258,12,11,4,29,18446744073709536549,18446744073709548874,7,0,1,0,0,1,0,339,0,276,213,9534565,13,8591,0,0,0,5,18446744073709545342,18446744073709551030,18446744073709551030,276,6,2,1,14939893859950389793,0,0,7,13486353925219782202,0,1,1,0
PAWN_AUDIT_RESULT,4614,4,4,126,0,0,126,0,0,0,0,0
PAWN_AUDIT_ENTRY,4615,2953399634453335088,7334165984507236843,11055791624026299049,13823007316751646365,1364,258,259,258,12,11,4,30,18446744073709536065,18446744073709548874,7,0,1,0,0,1,0,339,0,276,213,9534565,13,8592,0,0,0,5,18446744073709545498,18446744073709550550,18446744073709550750,276,6,2,1,14939893859950389793,0,0,7,13486353925219782202,0,1,1,0
PAWN_AUDIT_RESULT,4615,4,4,59,0,0,59,0,0,0,0,0
PAWN_AUDIT_ENTRY,4616,7334165984507236843,10174740385116516966,11055791624026299049,4846230041320645323,1374,258,259,258,12,11,4,31,18446744073709538614,18446744073709546870,7,0,1,0,0,1,0,339,0,276,213,9534565,13,8593,0,0,0,5,18446744073709546281,18446744073709551030,18446744073709551030,276,6,2,1,14939893859950389793,0,0,7,13486353925219782202,0,1,1,0
PAWN_AUDIT_RESULT,4616,4,4,69,0,0,69,0,0,0,0,0
PAWN_AUDIT_ENTRY,4617,10174740385116516966,3236059512414645283,11055791624026299049,16129645380984485896,1357,258,259,258,12,11,4,32,18446744073709534887,18446744073709548874,7,0,1,0,0,1,0,339,0,276,213,9534565,13,8594,0,0,0,5,18446744073709545669,18446744073709548865,18446744073709551030,276,6,2,1,14939893859950389793,0,0,7,13486353925219782202,0,1,1,0
PAWN_AUDIT_RESULT,4617,4,4,167,0,0,167,0,0,0,0,0
PAWN_AUDIT_ENTRY,4622,8230965679744214665,10409156610199917859,2621092812153732335,2713744798457921682,926,258,259,258,13,12,5,6,18446744073709543997,18446744073709550278,5,0,1,0,0,1,0,1829,0,241,54,18446744073700983398,13,8604,0,0,1,1,18446744073709548729,18446744073709551030,18446744073709551030,241,11,2,1,8242954762181594215,0,0,5,8009403989184812104,0,0,1,0
PAWN_AUDIT_RESULT,4622,5,5,153,0,0,153,0,0,0,0,0
PAWN_AUDIT_ENTRY,4623,10409156610199917859,10495477016266699157,2621092812153732335,11652727322081578008,75,258,259,258,13,12,5,7,18446744073709547155,18446744073709546023,5,0,1,0,0,1,0,1829,0,241,54,18446744073700983398,13,8605,0,0,1,2,18446744073709548089,105,2979,241,11,2,1,8242954762181594215,0,0,5,8009403989184812104,0,1,1,0
PAWN_AUDIT_RESULT,4623,5,5,137,0,0,137,0,0,0,0,0
PAWN_AUDIT_ENTRY,4624,10495477016266699157,5015558371498134686,2621092812153732335,13933279769578031835,666,258,259,258,13,12,4,9,18446744073709538880,18446744073709550278,5,0,1,0,0,1,0,1829,0,241,54,18446744073700983398,13,8606,0,0,1,1,18446744073709546402,18446744073709551030,18446744073709551030,241,11,2,1,8242954762181594215,0,0,5,8009403989184812104,0,0,1,0
PAWN_AUDIT_RESULT,4624,4,4,130,0,0,130,0,0,0,0,0
PAWN_AUDIT_ENTRY,4625,5015558371498134686,4864332802530531568,2621092812153732335,1132779684993735332,196,258,259,258,13,12,3,10,18446744073709538005,18446744073709550278,5,0,1,0,0,1,0,1829,0,241,54,18446744073700983398,13,8607,0,0,1,6,18446744073709546004,18446744073709551030,18446744073709551030,241,11,2,1,8242954762181594215,0,0,5,8009403989184812104,0,1,1,0
PAWN_AUDIT_RESULT,4625,3,3,-75,0,0,-75,0,0,0,0,0
PAWN_AUDIT_ENTRY,4626,4864332802530531568,7531990428161546054,2621092812153732335,10470224800059982617,1763,258,259,258,13,12,3,11,18446744073709536353,18446744073709550278,5,0,1,0,0,1,0,1829,0,241,54,18446744073700983398,13,8608,0,0,1,1,18446744073709544631,18446744073709550925,804,241,11,2,1,8242954762181594215,0,0,5,8009403989184812104,0,0,1,0
PAWN_AUDIT_RESULT,4626,3,3,73,0,0,73,0,0,0,0,0
PAWN_AUDIT_ENTRY,4627,7531990428161546054,173005639282891515,2621092812153732335,9688285766665445097,536,258,259,258,13,12,3,12,18446744073709535865,18446744073709550278,5,0,1,0,0,1,0,1829,0,241,54,18446744073700983398,13,8609,0,0,1,1,18446744073709545031,18446744073709551030,18446744073709551030,241,11,2,1,8242954762181594215,0,0,5,8009403989184812104,0,0,1,0
PAWN_AUDIT_RESULT,4627,3,3,144,0,0,144,0,0,0,0,0
PAWN_AUDIT_ENTRY,4628,173005639282891515,13255225686465701000,2621092812153732335,17830237021130704911,528,258,259,258,13,12,3,13,18446744073709535282,18446744073709550278,5,0,1,0,0,1,0,1829,0,241,54,18446744073700983398,13,8610,0,0,1,1,18446744073709544766,18446744073709551030,18446744073709551030,241,11,2,1,8242954762181594215,0,0,5,8009403989184812104,0,0,1,0
PAWN_AUDIT_RESULT,4628,3,3,145,0,0,145,0,0,0,0,0
PAWN_AUDIT_ENTRY,4629,13255225686465701000,9934278236212169685,2621092812153732335,13310424599586058574,983,258,259,258,13,12,3,14,18446744073709535278,18446744073709550278,5,0,1,0,0,1,0,1829,0,241,54,18446744073700983398,13,8611,0,0,1,1,18446744073709544764,18446744073709551030,18446744073709551030,241,11,2,1,8242954762181594215,0,0,5,8009403989184812104,0,0,1,0
PAWN_AUDIT_RESULT,4629,3,3,150,0,0,150,0,0,0,0,0
PAWN_AUDIT_ENTRY,4630,9934278236212169685,12420141732472332949,2621092812153732335,6162165186336061716,658,258,259,258,13,12,3,15,18446744073709535447,18446744073709550278,5,0,1,0,0,1,0,1829,0,241,54,18446744073700983398,13,8612,0,0,1,1,18446744073709544841,18446744073709551030,18446744073709551030,241,11,2,1,8242954762181594215,0,0,5,8009403989184812104,0,0,1,0
PAWN_AUDIT_RESULT,4630,3,3,77,0,0,77,0,0,0,0,0
PAWN_AUDIT_ENTRY,4631,12420141732472332949,9548320597933682361,2621092812153732335,17930448751977288709,991,258,259,258,13,12,3,16,18446744073709535201,18446744073709550278,5,0,1,0,0,1,0,1829,0,241,54,18446744073700983398,13,8613,0,0,1,1,18446744073709544729,18446744073709551030,18446744073709551030,241,11,2,1,8242954762181594215,0,0,5,8009403989184812104,0,0,1,0
PAWN_AUDIT_RESULT,4631,3,3,126,0,0,126,0,0,0,0,0
PAWN_AUDIT_ENTRY,4632,9548320597933682361,10409610080320664234,2621092812153732335,14785534568174438409,918,258,259,258,13,12,3,17,18446744073709534710,18446744073709550278,5,0,1,0,0,1,0,1829,0,241,54,18446744073700983398,13,8614,0,0,1,1,18446744073709544506,18446744073709551030,18446744073709551030,241,11,2,1,8242954762181594215,0,0,5,8009403989184812104,0,0,1,0
PAWN_AUDIT_RESULT,4632,3,3,126,0,0,126,0,0,0,0,0
PAWN_AUDIT_ENTRY,4633,10409610080320664234,16720595756652272966,2621092812153732335,3869761245192858822,204,258,259,258,13,12,3,18,18446744073709537791,18446744073709548874,5,0,1,0,0,1,0,1829,0,241,54,18446744073700983398,13,8615,0,0,1,6,18446744073709545907,18446744073709551030,18446744073709551030,241,11,2,1,8242954762181594215,0,0,5,8009403989184812104,0,1,1,0
PAWN_AUDIT_RESULT,4633,3,3,-164,0,0,-164,0,0,0,0,0
PAWN_AUDIT_ENTRY,4642,1513259262763900130,13161034281469475125,10426526296438267973,10467668378123131960,926,258,259,227,10,9,5,4,18446744073709543533,18446744073709550278,5,0,0,0,0,0,0,0,0,18446744073709551530,18446744073709551530,18446744073702741554,13,8633,0,0,1,1,18446744073709548518,18446744073709551030,18446744073709551030,233,8,1,1,8242954762181594215,0,0,5,15837636053290535138,0,0,1,0
PAWN_AUDIT_RESULT,4642,5,5,72,0,0,72,0,0,0,0,0
PAWN_AUDIT_ENTRY,4644,6714926376477944437,4887627273747873627,10426526296438267973,8480696234316502641,666,258,259,227,10,9,3,7,18446744073709538249,18446744073709550278,5,0,0,0,0,0,0,0,0,18446744073709551530,18446744073709551530,18446744073702741554,13,8636,0,0,1,1,18446744073709546115,18446744073709551030,18446744073709551030,233,8,1,1,8242954762181594215,0,0,5,15837636053290535138,0,0,1,0
PAWN_AUDIT_RESULT,4644,3,3,110,0,0,110,0,0,0,0,0
PAWN_AUDIT_ENTRY,4645,4887627273747873627,7152811905739183196,9036196051338180697,4000735885042540133,144,258,259,258,12,11,4,4,18446744073709527507,3134,3,0,1,0,0,1,0,259,0,238,230,18446744073696335147,13,8637,0,0,0,3,18446744073709545075,18446744073709548394,18446744073709545825,238,13,2,1,11090425736916188940,3,0,3,5502432833406508004,0,4,1,0
PAWN_AUDIT_RESULT,4645,4,4,21,0,0,21,0,0,0,0,0
PAWN_AUDIT_ENTRY,4647,12755227306271608840,7903200223372067042,9036196051338180697,17910313975378430126,75,258,259,258,12,11,5,7,18446744073709544871,18446744073709549657,3,0,1,0,0,1,0,259,0,238,230,18446744073696335147,13,8640,0,0,0,2,18446744073709547669,495,1303,238,13,2,1,11090425736916188940,3,0,3,5502432833406508004,0,4,1,0
PAWN_AUDIT_RESULT,4647,5,5,217,0,0,217,0,9,9,0,0
PAWN_AUDIT_ENTRY,4655,11187795569565191217,11991105699513777621,9036196051338180697,8976187445329134628,926,258,259,258,12,11,5,9,18446744073709541882,18446744073709549533,3,0,1,0,0,1,0,259,0,238,230,18446744073696335147,13,8652,0,0,0,1,18446744073709547767,18446744073709551030,18446744073709551030,238,13,2,1,11090425736916188940,3,0,3,5502432833406508004,0,0,1,0
PAWN_AUDIT_RESULT,4655,5,5,228,0,0,228,0,3,3,0,0
PAWN_AUDIT_ENTRY,4657,3903359480138351614,16951845927621210480,9036196051338180697,15913750579570950565,1367,258,259,258,12,11,4,10,18446744073709535901,18446744073709551246,3,0,1,0,0,1,0,259,0,238,230,18446744073696335147,13,8656,0,0,0,5,18446744073709545162,18446744073709550945,18446744073709550882,238,13,2,1,11090425736916188940,3,0,3,5502432833406508004,0,4,1,0
PAWN_AUDIT_RESULT,4657,4,4,117,0,0,117,0,0,0,0,0
PAWN_AUDIT_ENTRY,4658,16951845927621210480,1236925138479331932,9036196051338180697,10980917496568729197,666,258,259,258,12,11,4,11,18446744073709538181,18446744073709549382,3,0,1,0,0,1,0,259,0,238,230,18446744073696335147,13,8657,0,0,0,1,18446744073709546084,18446744073709551030,18446744073709551030,238,13,2,1,11090425736916188940,3,0,3,5502432833406508004,0,0,1,0
PAWN_AUDIT_RESULT,4658,4,4,153,0,0,153,0,4,4,0,0
PAWN_AUDIT_ENTRY,4661,5606539990899745586,3616233124177744550,9036196051338180697,6916314012718468672,139,258,259,258,12,11,4,12,18446744073709538411,18446744073709551119,3,0,1,0,0,1,0,259,0,238,230,18446744073696335147,13,8662,0,0,0,3,18446744073709545960,53,18446744073709550843,238,13,2,1,11090425736916188940,3,0,3,5502432833406508004,0,4,1,0
PAWN_AUDIT_RESULT,4661,4,4,169,0,0,169,0,8,8,0,0
PAWN_AUDIT_ENTRY,4667,9882031595697391645,1042124226507291089,9036196051338180697,14444538873461835695,1763,258,259,258,12,11,4,13,18446744073709536470,18446744073709549645,3,0,1,0,0,1,0,259,0,238,230,18446744073696335147,13,8671,0,0,0,1,18446744073709544591,18446744073709551487,417,238,13,2,1,11090425736916188940,3,0,3,5502432833406508004,0,0,1,0
PAWN_AUDIT_RESULT,4667,4,4,155,0,0,155,0,0,0,0,0
PAWN_AUDIT_ENTRY,4668,1042124226507291089,11625089023036218900,9036196051338180697,917770047820856738,658,258,259,258,12,11,4,14,18446744073709535043,18446744073709550830,3,0,1,0,0,1,0,259,0,238,230,18446744073696335147,13,8672,0,0,0,1,18446744073709544760,18446744073709550954,18446744073709550897,238,13,2,1,11090425736916188940,3,0,3,5502432833406508004,0,0,1,0
PAWN_AUDIT_RESULT,4668,4,4,226,0,0,226,0,0,0,0,0
PAWN_AUDIT_ENTRY,4669,11625089023036218900,2572631932739452630,9036196051338180697,16090040932105001567,536,258,259,258,12,11,4,15,18446744073709535748,18446744073709549524,3,0,1,0,0,1,0,259,0,238,230,18446744073696335147,13,8673,0,0,0,1,18446744073709544978,18446744073709551030,18446744073709551030,238,13,2,1,11090425736916188940,3,0,3,5502432833406508004,0,0,1,0
PAWN_AUDIT_RESULT,4669,4,4,221,0,0,221,0,0,0,0,0
PAWN_AUDIT_ENTRY,4670,2572631932739452630,12393424805963119117,9036196051338180697,6890590505988479047,1373,258,259,258,12,11,4,16,18446744073709536252,18446744073709548874,3,0,1,0,0,1,0,259,0,238,230,18446744073696335147,13,8674,0,0,0,5,18446744073709545334,18446744073709550935,18446744073709550866,238,13,2,1,11090425736916188940,3,0,3,5502432833406508004,0,4,1,0
PAWN_AUDIT_RESULT,4670,4,4,138,0,0,138,0,0,0,0,0
PAWN_AUDIT_ENTRY,4671,12393424805963119117,15190291150891190624,9036196051338180697,16249228036082152952,983,258,259,258,12,11,3,17,18446744073709535234,18446744073709549617,3,0,1,0,0,1,0,259,0,238,230,18446744073696335147,13,8675,0,0,0,1,18446744073709544744,18446744073709551030,18446744073709551030,238,13,2,1,11090425736916188940,3,0,3,5502432833406508004,0,0,1,0
PAWN_AUDIT_RESULT,4671,3,3,210,0,0,210,0,0,0,0,0
PAWN_AUDIT_ENTRY,4672,15190291150891190624,488927728823235220,9036196051338180697,7900165528770774627,1362,258,259,258,12,11,4,18,18446744073709536162,18446744073709548874,3,0,1,0,0,1,0,259,0,238,230,18446744073696335147,13,8676,0,0,0,5,18446744073709545435,18446744073709550829,18446744073709550683,238,13,2,1,11090425736916188940,3,0,3,5502432833406508004,0,4,1,0
PAWN_AUDIT_RESULT,4672,4,4,83,0,0,83,0,0,0,0,0
PAWN_AUDIT_ENTRY,4673,488927728823235220,15684547101192140711,9036196051338180697,18079587763338803016,1363,258,259,258,12,11,3,20,18446744073709535826,18446744073709548874,3,0,1,0,0,1,0,259,0,238,230,18446744073696335147,13,8677,0,0,0,5,18446744073709545255,18446744073709550850,18446744073709550718,238,13,2,1,11090425736916188940,3,0,3,5502432833406508004,0,4,1,0
PAWN_AUDIT_RESULT,4673,3,3,133,0,0,133,0,0,0,0,0
PAWN_AUDIT_ENTRY,4674,15684547101192140711,17794005426061456149,9036196051338180697,13677353762204014770,1828,258,259,258,12,11,3,21,18446744073709534616,18446744073709549683,3,0,1,0,0,1,0,259,0,238,230,18446744073696335147,13,8678,0,0,0,1,18446744073709544463,18446744073709551030,18446744073709551030,238,13,2,1,11090425736916188940,3,0,3,5502432833406508004,0,0,1,0
PAWN_AUDIT_RESULT,4674,3,3,196,0,0,196,0,0,0,0,0
PAWN_AUDIT_ENTRY,4675,17794005426061456149,11437515029920310675,9036196051338180697,6619205564084018285,1364,258,259,258,12,11,3,22,18446744073709535808,18446744073709548874,3,0,1,0,0,1,0,259,0,238,230,18446744073696335147,13,8679,0,0,0,5,18446744073709545287,18446744073709550884,18446744073709550600,238,13,2,1,11090425736916188940,3,0,3,5502432833406508004,0,4,1,0
PAWN_AUDIT_RESULT,4675,3,3,116,0,0,116,0,0,0,0,0
PAWN_AUDIT_ENTRY,4676,11437515029920310675,13503481669096333114,9036196051338180697,12558639896258923705,528,258,259,258,12,11,3,24,18446744073709535220,18446744073709549475,3,0,1,0,0,1,0,259,0,238,230,18446744073696335147,13,8680,0,0,0,1,18446744073709544738,18446744073709551030,18446744073709551030,238,13,2,1,11090425736916188940,3,0,3,5502432833406508004,0,0,1,0
PAWN_AUDIT_RESULT,4676,3,3,227,0,0,227,0,0,0,0,0
PAWN_AUDIT_ENTRY,4677,13503481669096333114,3263731794550720205,9036196051338180697,16398661868742688405,332,258,259,258,12,11,4,28,18446744073709538159,18446744073709547314,3,0,1,0,0,1,0,259,0,238,230,18446744073696335147,13,8681,0,0,0,3,18446744073709546074,18446744073709551030,18446744073709551030,238,13,2,1,11090425736916188940,3,0,3,5502432833406508004,0,4,1,0
PAWN_AUDIT_RESULT,4677,4,4,233,0,0,233,0,1,1,0,0
PAWN_AUDIT_ENTRY,4678,3263731794550720205,3482754539520349270,9036196051338180697,11162050340589093215,1347,258,259,258,12,11,4,29,18446744073709536567,18446744073709548089,3,0,1,0,0,1,0,259,0,238,230,18446744073696335147,13,8683,0,0,0,5,18446744073709545649,18446744073709550807,18446744073709550644,238,13,2,1,11090425736916188940,3,0,3,5502432833406508004,0,4,1,0
PAWN_AUDIT_RESULT,4678,4,4,166,0,0,166,0,0,0,0,0
PAWN_AUDIT_ENTRY,4679,3482754539520349270,17049724811961704374,9036196051338180697,15250134008078446092,267,258,259,258,12,11,4,31,18446744073709538106,18446744073709546513,3,0,1,0,0,1,0,259,0,238,230,18446744073696335147,13,8684,0,0,0,6,18446744073709546050,18446744073709551030,18446744073709551030,238,13,2,1,11090425736916188940,3,0,3,5502432833406508004,0,4,1,0
PAWN_AUDIT_RESULT,4679,4,4,135,0,0,135,0,0,0,0,0
PAWN_AUDIT_ENTRY,4680,17049724811961704374,9076457601986167323,9036196051338180697,12053971276635652155,1374,258,259,258,12,11,4,35,18446744073709537809,18446744073709546761,3,0,1,0,0,1,0,259,0,238,230,18446744073696335147,13,8685,0,0,0,5,18446744073709545915,18446744073709551030,18446744073709551030,238,13,2,1,11090425736916188940,3,0,3,5502432833406508004,0,4,1,0
PAWN_AUDIT_RESULT,4680,4,4,94,0,0,94,0,0,0,0,0
PAWN_AUDIT_ENTRY,4783,9656294861004213927,12827735767625951975,7611595856085548341,17383213794536525865,2649,18446744073709551189,18446744073709551190,18446744073709551085,6,5,2,6,18446744073709550340,18446744073709550278,2,0,0,0,0,0,0,0,1,18446744073709550822,18446744073709550822,14590022,13,8864,0,0,1,13,18446744073709551613,18446744073709551030,18446744073709551030,18446744073709551116,2,1,1,5460289079532033007,0,0,2,1980244841248098842,0,1,1,0
PAWN_AUDIT_RESULT,4783,2,2,-493,0,0,-493,0,5,5,0,0
PAWN_AUDIT_ENTRY,4785,1103451957094023261,8424427785578052994,7611595856085548341,1304291919849331361,2674,18446744073709551189,18446744073709551190,18446744073709551123,6,5,1,8,18446744073709550340,18446744073709550278,2,0,0,0,0,0,0,0,0,18446744073709550822,18446744073709550822,14590022,13,8870,0,0,1,13,18446744073709551613,18446744073709551030,18446744073709551030,18446744073709551116,2,1,1,5460289079532033007,0,0,2,1980244841248098842,0,1,1,0
PAWN_AUDIT_RESULT,4785,1,1,-876,0,0,-876,0,0,0,0,0
PAWN_AUDIT_ENTRY,4786,8424427785578052994,16771077643566838671,7611595856085548341,4131188146813555889,2683,18446744073709551189,18446744073709551190,18446744073709551123,6,5,1,9,18446744073709550340,18446744073709550278,2,0,0,0,0,0,0,0,0,18446744073709550822,18446744073709550822,14590022,13,8871,0,0,1,13,18446744073709551613,18446744073709551030,18446744073709551030,18446744073709551116,2,1,1,5460289079532033007,0,0,2,1980244841248098842,0,1,1,0
PAWN_AUDIT_RESULT,4786,1,1,-864,0,0,-864,0,0,0,0,0
PAWN_AUDIT_TOTAL,4791,735405580519038106,0,0
