PAWN_AUDIT_ENTRY,141,17819859868330384634,2226129638366279580,5085241263941292481,3172900633593940953,209,349,350,302,6,5,2,4,18446744073709546782,18446744073709550278,2,0,0,0,0,0,0,0,0,18446744073709551592,18446744073709551592,23209773,7,565,0,0,1,5,18446744073709549559,18446744073709551355,18446744073709551594,182,1,1,1,6439947098830842219,0,0,2,1505232908425907750,0,1,1,0
PAWN_AUDIT_RESULT,141,2,2,-51,0,0,-51,0,0,0,0,0
PAWN_AUDIT_ENTRY,142,2226129638366279580,7416691565426213995,5085241263941292481,15109061771810636628,216,349,350,302,6,5,2,5,18446744073709546489,18446744073709550278,2,0,0,0,0,0,0,0,0,18446744073709551592,18446744073709551592,23209773,7,566,0,0,1,5,18446744073709549862,18446744073709551030,18446744073709551030,182,1,1,1,6439947098830842219,0,0,2,1505232908425907750,0,1,1,0
PAWN_AUDIT_RESULT,142,2,2,27,0,0,27,0,0,0,0,0
PAWN_AUDIT_ENTRY,309,8147045831232432996,16430847457256600523,758140874929231548,8813012185006752769,389,300,301,18446744073709551167,8,7,4,2,18446744073709547219,18446744073709548874,4,0,0,0,0,0,0,0,0,116,116,18446744073709167546,8,790,0,0,0,6,18446744073709550194,18446744073709551030,18446744073709551030,253,3,1,1,17097874596007028551,2,0,4,6813500944847936091,0,3,1,0
PAWN_AUDIT_RESULT,309,4,4,145,0,0,145,0,0,0,0,0
PAWN_AUDIT_ENTRY,310,16430847457256600523,2469937959239113182,758140874929231548,8889792903951029063,658,300,301,145,8,7,3,3,18446744073709546102,18446744073709550278,4,0,0,0,0,0,0,0,0,116,116,18446744073709167546,8,791,0,0,0,1,18446744073709549686,18446744073709551030,18446744073709551030,253,3,1,1,17097874596007028551,2,0,4,6813500944847936091,0,0,1,0
PAWN_AUDIT_RESULT,310,3,3,270,0,0,270,0,0,0,0,0
PAWN_AUDIT_ENTRY,529,16716491862351642435,15930526501106221719,758140874929231548,14312941345685858929,261,286,287,235,11,10,7,4,18446744073709539153,18446744073709550278,4,0,0,0,0,1,0,0,0,116,116,18446744073709167546,8,1136,0,0,0,4,18446744073709546526,18446744073709551030,18446744073709551030,280,8,1,1,17097874596007028551,2,0,4,6813500944847936091,0,3,1,0
PAWN_AUDIT_RESULT,529,7,7,1,0,0,1,0,0,0,0,0
PAWN_AUDIT_ENTRY,530,15930526501106221719,16674094393949405451,758140874929231548,12425531849599778143,901,286,287,235,11,10,7,5,18446744073709538623,18446744073709550278,4,0,0,0,0,1,0,0,0,116,116,18446744073709167546,8,1137,0,0,0,3,18446744073709546285,18446744073709551030,18446744073709551030,280,8,1,1,17097874596007028551,2,0,4,6813500944847936091,0,3,1,0
PAWN_AUDIT_RESULT,530,7,7,116,0,0,116,0,0,0,0,0
PAWN_AUDIT_ENTRY,531,16674094393949405451,8538102301379034745,758140874929231548,9380126130912200024,268,286,287,235,11,10,6,6,18446744073709538249,18446744073709550278,4,0,0,0,0,1,0,0,0,116,116,18446744073709167546,8,1138,0,0,0,4,18446744073709546115,18446744073709551030,18446744073709551030,280,8,1,1,17097874596007028551,2,0,4,6813500944847936091,0,3,1,0
PAWN_AUDIT_RESULT,531,6,6,124,0,0,124,0,0,0,0,0
PAWN_AUDIT_ENTRY,532,8538102301379034745,2860664587761690567,758140874929231548,8813012185006752769,389,286,287,235,11,10,7,7,18446744073709540502,18446744073709548874,4,0,0,0,0,1,0,0,0,116,116,18446744073709167546,8,1139,0,0,0,6,18446744073709547463,18446744073709551030,18446744073709550364,280,8,1,1,17097874596007028551,2,0,4,6813500944847936091,0,3,1,0
PAWN_AUDIT_RESULT,532,7,7,137,0,0,137,0,0,0,0,0
PAWN_AUDIT_ENTRY,533,2860664587761690567,16500373525341383295,758140874929231548,11000899714305083987,593,286,287,235,11,10,6,9,18446744073709537347,18446744073709550278,4,0,0,0,0,1,0,0,0,116,116,18446744073709167546,8,1140,0,0,0,1,18446744073709545705,18446744073709551030,18446744073709551030,280,8,1,1,17097874596007028551,2,0,4,6813500944847936091,0,0,1,0
PAWN_AUDIT_RESULT,533,6,6,195,0,0,195,0,0,0,0,0
PAWN_AUDIT_ENTRY,540,16045590483586880494,12155775960024956079,13091601619608018234,13893776682309836194,3294,18446744073709551329,18446744073709551330,18446744073709551319,6,5,1,3,18446744073709550340,18446744073709550278,7,0,1,0,0,0,0,0,0,18446744073709551247,18446744073709551247,322315,8,1161,0,0,0,13,18446744073709551613,18446744073709551030,18446744073709551030,32002,18446744073709551613,0,0,4443265319338385730,2,0,7,8757824547768312311,0,3,1,0
PAWN_AUDIT_RESULT,540,1,1,-528,0,0,-528,0,0,0,0,0
PAWN_AUDIT_ENTRY,541,12155775960024956079,8345021551782275212,13091601619608018234,2519238977409829586,3308,18446744073709551329,18446744073709551330,18446744073709551319,6,5,1,4,18446744073709550340,18446744073709550278,7,0,1,0,0,0,0,0,0,18446744073709551247,18446744073709551247,322315,8,1162,0,0,0,13,18446744073709551613,18446744073709551030,18446744073709551030,32002,18446744073709551613,0,0,4443265319338385730,2,0,7,8757824547768312311,0,3,1,0
PAWN_AUDIT_RESULT,541,1,1,-608,0,0,-608,0,0,0,0,0
PAWN_AUDIT_ENTRY,542,8345021551782275212,15440236549689019712,13091601619608018234,15940638939678043508,3316,18446744073709551329,18446744073709551330,18446744073709551319,6,5,1,5,18446744073709550340,18446744073709550278,7,0,1,0,0,0,0,0,0,18446744073709551247,18446744073709551247,322315,8,1163,0,0,0,13,18446744073709551613,18446744073709551030,18446744073709551030,32002,18446744073709551613,0,0,4443265319338385730,2,0,7,8757824547768312311,0,3,1,0
PAWN_AUDIT_RESULT,542,1,1,-574,0,0,-574,0,0,0,0,0
PAWN_AUDIT_ENTRY,543,15440236549689019712,10107389581059852445,13091601619608018234,93302189502704020,3323,18446744073709551329,18446744073709551330,18446744073709551319,6,5,1,6,18446744073709550340,18446744073709550278,7,0,1,0,0,0,0,0,0,18446744073709551247,18446744073709551247,322315,8,1164,0,0,0,13,18446744073709551613,18446744073709551030,18446744073709551030,32002,18446744073709551613,0,0,4443265319338385730,2,0,7,8757824547768312311,0,3,1,0
PAWN_AUDIT_RESULT,543,1,1,-347,0,0,-347,0,0,0,0,0
PAWN_AUDIT_ENTRY,544,10107389581059852445,8132681469182985181,13091601619608018234,14279127013807229392,2724,18446744073709551329,18446744073709551330,18446744073709551319,6,5,1,7,18446744073709548130,18446744073709550278,7,0,1,0,0,0,0,0,0,18446744073709551247,18446744073709551247,322315,8,1165,0,0,0,10,18446744073709550467,18446744073709551312,18446744073709551030,32002,18446744073709551613,0,0,4443265319338385730,2,0,7,8757824547768312311,0,3,1,0
PAWN_AUDIT_RESULT,544,1,1,-337,0,0,-337,0,0,0,0,0
PAWN_AUDIT_ENTRY,545,8132681469182985181,3038044635454568918,13091601619608018234,12940177856033752073,2740,18446744073709551329,18446744073709551330,18446744073709551319,6,5,1,8,18446744073709547219,18446744073709550278,7,0,1,0,0,0,0,0,0,18446744073709551247,18446744073709551247,322315,8,1166,0,0,0,10,18446744073709550194,18446744073709551030,18446744073709551030,32002,18446744073709551613,0,0,4443265319338385730,2,0,7,8757824547768312311,0,3,1,0
PAWN_AUDIT_RESULT,545,1,1,-592,0,0,-592,0,0,0,0,0
PAWN_AUDIT_ENTRY,546,3038044635454568918,5671271689441247190,13091601619608018234,5071075318974835280,3892,18446744073709551329,18446744073709551330,18446744073709551319,6,5,1,9,18446744073709547219,18446744073709550278,7,0,1,0,0,0,0,0,0,18446744073709551247,18446744073709551247,322315,8,1167,0,0,0,14,18446744073709550194,18446744073709551030,18446744073709551030,32002,18446744073709551613,0,0,4443265319338385730,2,0,7,8757824547768312311,0,3,1,0
PAWN_AUDIT_RESULT,546,1,1,-820,0,0,-820,0,0,0,0,0
PAWN_AUDIT_ENTRY,547,5671271689441247190,17466029381831929229,13091601619608018234,14694453578312166254,2713,18446744073709551329,18446744073709551330,18446744073709551319,6,5,1,10,18446744073709544714,18446744073709550278,7,0,1,0,0,0,0,0,0,18446744073709551247,18446744073709551247,322315,8,1168,0,0,0,10,18446744073709549055,18446744073709551030,18446744073709551030,32002,18446744073709551613,0,0,4443265319338385730,2,0,7,8757824547768312311,0,3,1,0
PAWN_AUDIT_RESULT,547,1,1,-567,0,0,-567,0,0,0,0,0
PAWN_AUDIT_ENTRY,548,17466029381831929229,11962852595489673634,13091601619608018234,14355143299824426827,3567,18446744073709551329,18446744073709551330,18446744073709551319,6,5,1,12,18446744073709542836,18446744073709550278,7,0,1,0,0,0,0,0,0,18446744073709551247,18446744073709551247,322315,8,1169,0,0,0,9,18446744073709548201,18446744073709551030,18446744073709551030,32002,18446744073709551613,0,0,4443265319338385730,2,0,7,8757824547768312311,0,0,1,0
PAWN_AUDIT_RESULT,548,1,1,-357,0,0,-357,0,0,0,0,0
PAWN_AUDIT_ENTRY,556,16018511144470584254,1881280920915911866,1232926237408874937,7105321162233857363,2724,18446744073709551329,18446744073709551330,18446744073709551329,8,7,2,5,18446744073709547613,18446744073709550169,5,0,1,0,0,1,0,3379,0,18446744073709551326,18446744073709551313,18446744073705890687,8,1185,0,0,1,10,18446744073709550373,18446744073709551030,18446744073709551030,18446744073709551326,4,2,1,4443265319338385730,0,0,5,12754350812985506954,0,1,1,0
PAWN_AUDIT_RESULT,556,2,2,-331,0,0,-331,0,0,0,0,0
PAWN_AUDIT_ENTRY,557,1881280920915911866,5162493765432128499,1232926237408874937,7897875816668614293,3387,18446744073709551329,18446744073709551330,18446744073709551329,8,7,2,7,18446744073709543676,18446744073709549973,5,0,1,0,0,1,0,3379,0,18446744073709551326,18446744073709551313,18446744073705890687,8,1186,0,0,1,13,18446744073709548583,18446744073709551030,18446744073709551030,18446744073709551326,4,2,1,4443265319338385730,0,0,5,12754350812985506954,0,1,1,0
PAWN_AUDIT_ENTRY,564,7241280414775388186,7011929680898780742,7897875816668614293,504662203819218061,209,286,287,272,7,6,4,2,18446744073709549760,2269,6,0,0,0,0,1,0,0,0,184,184,18446744073707129974,8,1212,0,0,0,5,18446744073709550484,18446744073709551030,1197,258,3,1,1,4443265319338385730,1,0,6,1232926237408874937,0,2,1,0
PAWN_AUDIT_RESULT,564,4,4,223,0,0,223,0,0,0,0,0
PAWN_AUDIT_ENTRY,565,7011929680898780742,10321419902621357330,7897875816668614293,2778477772626111330,1187,286,287,272,7,6,3,4,18446744073709546548,18446744073709549901,6,0,0,0,0,1,0,0,0,184,184,18446744073707129974,8,1213,0,0,0,2,18446744073709550180,18446744073709551030,18446744073709550430,258,3,1,1,4443265319338385730,1,0,6,1232926237408874937,0,2,1,0
PAWN_AUDIT_RESULT,565,3,3,215,0,0,215,0,0,0,0,0
PAWN_AUDIT_ENTRY,566,10321419902621357330,5200484407384995214,7897875816668614293,18061308521000623104,216,286,287,272,7,6,2,5,18446744073709544129,18446744073709549755,6,0,0,0,0,1,0,0,0,184,184,18446744073707129974,8,1214,0,0,0,5,18446744073709548789,18446744073709551030,18446744073709551030,258,3,1,1,4443265319338385730,1,0,6,1232926237408874937,0,2,1,0
PAWN_AUDIT_RESULT,566,2,2,254,0,0,254,0,0,0,0,0
PAWN_AUDIT_RESULT,557,2,2,-258,1,7,-272,0,3,28,1,1
PAWN_AUDIT_ENTRY,570,12522623765152810181,12855257047088863595,12754350812985506954,15824102977350444690,209,286,287,286,9,8,5,5,18446744073709549504,18446744073709548874,4,0,0,0,0,1,0,82,0,284,284,12043506,8,1224,0,0,1,5,18446744073709550345,82,555,290,5,1,1,14910717346437905755,0,0,4,16388951829798609773,0,1,1,0
PAWN_AUDIT_RESULT,570,5,5,197,0,0,197,0,0,0,0,0
PAWN_AUDIT_ENTRY,571,12855257047088863595,938165468249158895,12754350812985506954,2755290518578736671,216,286,287,286,9,8,5,6,18446744073709546590,18446744073709548972,4,0,0,0,0,1,0,82,0,284,284,12043506,8,1225,0,0,1,5,18446744073709549908,18446744073709551030,18446744073709551030,290,5,1,1,14910717346437905755,0,0,4,16388951829798609773,0,1,1,0
PAWN_AUDIT_RESULT,571,5,5,210,0,0,210,0,4,4,0,0
PAWN_AUDIT_ENTRY,572,938165468249158895,14792337696122414873,12754350812985506954,3699389521510972811,202,286,287,286,9,8,3,8,18446744073709542700,18446744073709548874,4,0,0,0,0,1,0,82,0,284,284,12043506,8,1230,0,0,1,5,18446744073709548356,18446744073709550868,18446744073709550750,290,5,1,1,14910717346437905755,0,0,4,16388951829798609773,0,1,1,0
PAWN_AUDIT_RESULT,572,3,3,199,0,0,199,0,0,0,0,0
PAWN_AUDIT_ENTRY,573,14792337696122414873,11416519611647826576,12754350812985506954,3033836260189300528,1371,286,287,286,9,8,3,9,18446744073709542223,18446744073709548874,4,0,0,0,0,1,0,82,0,284,284,12043506,8,1231,0,0,1,2,18446744073709548191,18446744073709550829,18446744073709550683,290,5,1,1,14910717346437905755,0,0,4,16388951829798609773,0,1,1,0
PAWN_AUDIT_RESULT,573,3,3,210,0,0,210,0,0,0,0,0
PAWN_AUDIT_ENTRY,574,11416519611647826576,14726231452815184700,12754350812985506954,847275564689835996,391,286,287,286,9,8,2,10,18446744073709539012,18446744073709550278,4,0,0,0,0,1,0,82,0,284,284,12043506,8,1232,0,0,1,6,18446744073709546462,18446744073709551030,18446744073709551030,290,5,1,1,14910717346437905755,0,0,4,16388951829798609773,0,1,1,0
PAWN_AUDIT_RESULT,574,2,2,161,0,0,161,0,0,0,0,0
PAWN_AUDIT_ENTRY,579,2782552049186330248,10915926901404616167,6139707405838226997,2567828542814297157,3742,18446744073709551329,18446744073709551330,18446744073709551329,6,5,1,2,18446744073709551360,18446744073709550278,3,0,1,0,0,0,0,0,0,18446744073709551466,18446744073709551466,18446744073696811696,8,1243,0,0,0,11,18446744073709550013,18446744073709551030,3666,32002,18446744073709551614,0,1,12155761688188259007,0,0,3,10568495095289751190,0,1,1,0
PAWN_AUDIT_RESULT,579,1,1,-236,1,5,-236,0,2,4,1,1
PAWN_AUDIT_ENTRY,601,10565953493059088048,15068809674569318152,6093283746799089310,14331358766577650615,1113,286,287,210,8,7,3,4,18446744073709550340,18446744073709550278,4,0,0,0,0,0,0,0,0,47,47,18446744073709057966,8,1301,0,0,0,1,18446744073709551613,18446744073709551030,18446744073709551030,221,4,1,1,16112898587063705700,1,0,4,37347463080819321,0,0,1,0
PAWN_AUDIT_RESULT,601,3,3,165,0,0,165,0,0,0,0,0
PAWN_AUDIT_ENTRY,602,15068809674569318152,13088191377809887017,6093283746799089310,9012704604046734434,137,286,287,210,8,7,3,5,18446744073709549106,18446744073709550278,4,0,0,0,0,0,0,0,0,47,47,18446744073709057966,8,1302,0,0,0,3,18446744073709551052,18446744073709551030,18446744073709551030,221,4,1,1,16112898587063705700,1,0,4,37347463080819321,0,2,1,0
PAWN_AUDIT_RESULT,602,3,3,219,0,0,219,0,0,0,0,0
PAWN_AUDIT_ENTRY,603,13088191377809887017,145999728571527685,6093283746799089310,2192634205535211682,144,286,287,219,8,7,3,6,18446744073709547545,18446744073709549505,4,0,0,0,0,0,0,0,0,47,47,18446744073709057966,8,1303,0,0,0,3,18446744073709550342,18446744073709551030,18446744073709551030,221,4,1,1,16112898587063705700,1,0,4,37347463080819321,0,2,1,0
PAWN_AUDIT_RESULT,603,3,3,155,0,0,155,0,0,0,0,0
PAWN_AUDIT_ENTRY,604,145999728571527685,323071887844431695,6093283746799089310,2689818688773206885,658,286,287,219,8,7,3,7,18446744073709548917,18446744073709550278,4,0,0,0,0,0,0,0,0,47,47,18446744073709057966,8,1304,0,0,0,1,18446744073709550966,18446744073709551030,18446744073709551030,221,4,1,1,16112898587063705700,1,0,4,37347463080819321,0,0,1,0
PAWN_AUDIT_RESULT,604,3,3,213,0,0,213,0,0,0,0,0
PAWN_AUDIT_ENTRY,704,9351313161767666342,9319804641155744513,7948912888392692049,229415132220875507,861,267,268,221,7,6,4,9,18446744073709541468,18446744073709549806,10,0,0,0,0,1,0,0,0,284,305,18446744073705129000,8,1489,0,0,0,1,18446744073709547579,18446744073709551030,18446744073709551030,284,1,1,1,17444982774477705371,4,0,10,15547317430405341957,0,0,1,0
PAWN_AUDIT_RESULT,704,4,4,214,0,0,214,0,4,4,0,0
PAWN_AUDIT_ENTRY,705,9319804641155744513,11376522511579184482,7948912888392692049,15183296649784058930,903,267,268,221,7,6,2,10,18446744073709538449,18446744073709550278,10,0,0,0,0,1,0,0,0,284,305,18446744073705129000,8,1494,0,0,0,3,18446744073709546206,18446744073709551030,18446744073709551030,284,1,1,1,17444982774477705371,4,0,10,15547317430405341957,0,5,1,0
PAWN_AUDIT_RESULT,705,2,2,180,0,0,180,0,0,0,0,0
PAWN_AUDIT_ENTRY,706,11376522511579184482,15557387896694269163,7948912888392692049,10381665764903274364,917,267,268,221,7,6,2,11,18446744073709541092,18446744073709548874,10,0,0,0,0,1,0,0,0,284,305,18446744073705129000,8,1495,0,0,0,3,18446744073709547408,18446744073709551030,18446744073709551030,284,1,1,1,17444982774477705371,4,0,10,15547317430405341957,0,5,1,0
PAWN_AUDIT_RESULT,706,2,2,187,0,0,187,0,0,0,0,0
PAWN_AUDIT_ENTRY,707,15557387896694269163,13938225893429498002,7948912888392692049,18194066623007960510,593,267,268,221,7,6,2,12,18446744073709537525,18446744073709550278,10,0,0,0,0,1,0,0,0,284,305,18446744073705129000,8,1496,0,0,0,1,18446744073709545786,18446744073709551030,18446744073709551030,284,1,1,1,17444982774477705371,4,0,10,15547317430405341957,0,0,1,0
PAWN_AUDIT_RESULT,707,2,2,177,0,0,177,0,0,0,0,0
PAWN_AUDIT_ENTRY,708,13938225893429498002,11226909613302029681,7948912888392692049,6730289401653668376,853,267,268,221,7,6,2,14,18446744073709539716,18446744073709549586,10,0,0,0,0,1,0,0,0,284,305,18446744073705129000,8,1497,0,0,0,1,18446744073709546782,18446744073709551030,18446744073709551030,284,1,1,1,17444982774477705371,4,0,10,15547317430405341957,0,0,1,0
PAWN_AUDIT_RESULT,708,2,2,209,0,0,209,0,0,0,0,0
PAWN_AUDIT_ENTRY,710,15753713987041220229,12130108725084784941,2793563379910492837,7979361503356413226,323,267,268,51,9,8,5,2,18446744073709549397,18446744073709550803,10,0,0,0,0,0,0,0,0,27,27,18446744073709274926,8,1501,0,0,1,4,18446744073709551184,18446744073709551030,18446744073709551030,184,4,1,1,7111547105369953548,0,0,10,436599650023720995,0,1,1,0
PAWN_AUDIT_RESULT,710,5,5,170,0,0,170,0,0,0,0,0
PAWN_AUDIT_ENTRY,711,12130108725084784941,15099150139314168230,2793563379910492837,10287917149027314797,1155,267,268,170,9,8,4,3,18446744073709546225,18446744073709550716,10,0,0,0,0,0,0,0,0,27,27,18446744073709274926,8,1502,0,0,1,2,18446744073709549742,18446744073709551030,18446744073709551030,184,4,1,1,7111547105369953548,0,0,10,436599650023720995,0,1,1,0
PAWN_AUDIT_RESULT,711,4,4,171,0,0,171,0,0,0,0,0
PAWN_AUDIT_ENTRY,712,15099150139314168230,3271031988184615969,2793563379910492837,9688014853451838717,1176,267,268,171,9,8,3,4,18446744073709542102,18446744073709550278,10,0,0,0,0,0,0,0,0,27,27,18446744073709274926,8,1503,0,0,1,2,18446744073709547867,18446744073709551030,18446744073709551030,184,4,1,1,7111547105369953548,0,0,10,436599650023720995,0,1,1,0
PAWN_AUDIT_RESULT,712,3,3,152,0,0,152,0,0,0,0,0
PAWN_AUDIT_ENTRY,713,3271031988184615969,10825301740294444582,2793563379910492837,4670504747081727329,1,267,268,171,9,8,3,5,18446744073709542093,18446744073709550278,10,0,0,0,0,0,0,0,0,27,27,18446744073709274926,8,1504,0,0,1,4,18446744073709547863,18446744073709551030,18446744073709551030,184,4,1,1,7111547105369953548,0,0,10,436599650023720995,0,1,1,0
PAWN_AUDIT_RESULT,713,3,3,158,0,0,158,0,0,0,0,0
PAWN_AUDIT_ENTRY,714,10825301740294444582,12123142870866684757,2793563379910492837,1345923591227381691,1164,267,268,171,9,8,3,6,18446744073709541809,18446744073709550278,10,0,0,0,0,0,0,0,0,27,27,18446744073709274926,8,1505,0,0,1,2,18446744073709547734,18446744073709551030,18446744073709551030,184,4,1,1,7111547105369953548,0,0,10,436599650023720995,0,1,1,0
PAWN_AUDIT_RESULT,714,3,3,159,0,0,159,0,0,0,0,0
PAWN_AUDIT_ENTRY,715,12123142870866684757,14082279801194070592,2793563379910492837,5457103700523651335,861,267,268,171,9,8,3,7,18446744073709541581,18446744073709550278,10,0,0,0,0,0,0,0,0,27,27,18446744073709274926,8,1506,0,0,1,1,18446744073709547630,18446744073709551030,18446744073709551030,184,4,1,1,7111547105369953548,0,0,10,436599650023720995,0,0,1,0
PAWN_AUDIT_RESULT,715,3,3,157,0,0,157,0,0,0,0,0
PAWN_AUDIT_ENTRY,716,14082279801194070592,3034647815672278584,2793563379910492837,8474695477097116559,1153,267,268,171,9,8,2,8,18446744073709540111,18446744073709550278,10,0,0,0,0,0,0,0,0,27,27,18446744073709274926,8,1507,0,0,1,2,18446744073709546962,18446744073709551030,18446744073709551030,184,4,1,1,7111547105369953548,0,0,10,436599650023720995,0,1,1,0
PAWN_AUDIT_RESULT,716,2,2,153,0,0,153,0,0,0,0,0
PAWN_AUDIT_ENTRY,719,16836525762349213317,3425420166516643983,10382474211844504840,4041778892461298624,1155,267,268,180,8,7,4,3,18446744073709547140,18446744073709548209,12,0,0,0,0,0,0,0,0,143,143,18446744073702690374,8,1515,0,0,0,2,18446744073709550158,18446744073709551030,18446744073709551030,218,4,1,1,17444982774477705371,6,0,12,10790034925991150789,0,7,1,0
PAWN_AUDIT_RESULT,719,4,4,176,0,0,176,0,0,0,0,0
PAWN_AUDIT_ENTRY,720,3425420166516643983,11423447413292544679,10382474211844504840,14791675073912696393,1553,267,268,180,8,7,3,4,18446744073709545913,18446744073709548738,12,0,0,0,0,0,0,0,0,143,143,18446744073702690374,8,1516,0,0,0,5,18446744073709549600,18446744073709551030,18446744073709551030,218,4,1,1,17444982774477705371,6,0,12,10790034925991150789,0,7,1,0
PAWN_AUDIT_RESULT,720,3,3,201,0,0,201,0,0,0,0,0
PAWN_AUDIT_ENTRY,721,11423447413292544679,13596854896632738554,10382474211844504840,18260628339101363882,861,267,268,201,8,7,2,7,18446744073709541493,18446744073709549806,12,0,0,0,0,0,0,0,0,143,143,18446744073702690374,8,1517,0,0,0,1,18446744073709547590,18446744073709551030,18446744073709551030,218,4,1,1,17444982774477705371,6,0,12,10790034925991150789,0,0,1,0
PAWN_AUDIT_RESULT,721,2,2,216,0,0,216,0,0,0,0,0
PAWN_AUDIT_ENTRY,722,13596854896632738554,14988451650629648516,10382474211844504840,5736359853889402573,1552,267,268,216,8,7,2,8,18446744073709546093,18446744073709547713,12,0,0,0,0,0,0,0,0,143,143,18446744073702690374,8,1518,0,0,0,5,18446744073709549682,18446744073709551030,18446744073709551030,218,4,1,1,17444982774477705371,6,0,12,10790034925991150789,0,7,1,0
PAWN_AUDIT_RESULT,722,2,2,190,0,0,190,0,0,0,0,0
PAWN_AUDIT_ENTRY,723,14988451650629648516,6557859796777610475,10382474211844504840,11852594879149565974,1164,267,268,216,8,7,2,9,18446744073709541763,18446744073709548874,12,0,0,0,0,0,0,0,0,143,143,18446744073702690374,8,1519,0,0,0,2,18446744073709547713,18446744073709551030,18446744073709551030,218,4,1,1,17444982774477705371,6,0,12,10790034925991150789,0,7,1,0
PAWN_AUDIT_RESULT,723,2,2,184,0,0,184,0,0,0,0,0
PAWN_AUDIT_ENTRY,724,6557859796777610475,4645150050323850657,10382474211844504840,10340291346148448248,1561,267,268,216,8,7,2,12,18446744073709545530,18446744073709546483,12,0,0,0,0,0,0,0,0,143,143,18446744073702690374,8,1520,0,0,0,5,18446744073709549426,18446744073709551030,18446744073709551030,218,4,1,1,17444982774477705371,6,0,12,10790034925991150789,0,7,1,0
PAWN_AUDIT_RESULT,724,2,2,180,0,0,180,0,0,0,0,0
PAWN_AUDIT_ENTRY,734,10742711972119135798,6226700652342420088,6456291395153295368,7921919323196763414,1164,267,268,222,7,6,3,11,18446744073709541209,18446744073709548441,10,0,0,0,0,1,0,0,0,265,281,18446744073700259242,8,1534,0,0,0,2,18446744073709547461,18446744073709551030,18446744073709551030,265,1,1,1,17444982774477705371,4,0,10,16143792975097555548,0,5,1,0
PAWN_AUDIT_RESULT,734,3,3,194,0,0,194,0,0,0,0,0
PAWN_AUDIT_ENTRY,735,6226700652342420088,16231548994163139983,6456291395153295368,4579341223164889036,1,267,268,222,7,6,3,12,18446744073709542012,18446744073709548265,10,0,0,0,0,1,0,0,0,265,281,18446744073700259242,8,1535,0,0,0,4,18446744073709547826,18446744073709551030,18446744073709551030,265,1,1,1,17444982774477705371,4,0,10,16143792975097555548,0,5,1,0
PAWN_AUDIT_RESULT,735,3,3,215,0,0,215,0,0,0,0,0
PAWN_AUDIT_ENTRY,736,16231548994163139983,15954803868744246817,6456291395153295368,5047611222629389048,1561,267,268,222,7,6,3,13,18446744073709544521,18446744073709546191,10,0,0,0,0,1,0,0,0,265,281,18446744073700259242,8,1536,0,0,0,5,18446744073709548967,18446744073709551030,18446744073709551030,265,1,1,1,17444982774477705371,4,0,10,16143792975097555548,0,5,1,0
PAWN_AUDIT_RESULT,736,3,3,190,0,0,190,0,0,0,0,0
PAWN_AUDIT_ENTRY,737,15954803868744246817,13773388593138789174,6456291395153295368,14679240867462538471,593,267,268,222,7,6,2,14,18446744073709536936,18446744073709550278,10,0,0,0,0,1,0,0,0,265,281,18446744073700259242,8,1537,0,0,0,1,18446744073709545518,18446744073709551030,18446744073709551030,265,1,1,1,17444982774477705371,4,0,10,16143792975097555548,0,0,1,0
PAWN_AUDIT_RESULT,737,2,2,133,0,0,133,0,0,0,0,0
PAWN_AUDIT_ENTRY,738,13773388593138789174,4262133305623209309,6456291395153295368,2024469101555830970,1562,267,268,222,7,6,3,21,18446744073709544754,18446744073709546225,10,0,0,0,0,1,0,0,0,265,281,18446744073700259242,8,1538,0,0,0,5,18446744073709549073,18446744073709551030,18446744073709551030,265,1,1,1,17444982774477705371,4,0,10,16143792975097555548,0,5,1,0
PAWN_AUDIT_RESULT,738,3,3,196,0,0,196,0,0,0,0,0
PAWN_AUDIT_ENTRY,739,4262133305623209309,3042731907290948801,6456291395153295368,7687546107643749185,853,267,268,222,7,6,3,26,18446744073709538693,18446744073709549586,10,0,0,0,0,1,0,0,0,265,281,18446744073700259242,8,1539,0,0,0,1,18446744073709546317,18446744073709551030,18446744073709551030,265,1,1,1,17444982774477705371,4,0,10,16143792975097555548,0,0,1,0
PAWN_AUDIT_RESULT,739,3,3,199,0,0,199,0,0,0,0,0
PAWN_AUDIT_ENTRY,740,3042731907290948801,6186116857648832617,6456291395153295368,775124242321934626,1153,267,268,222,7,6,3,28,18446744073709539940,18446744073709547758,10,0,0,0,0,1,0,0,0,265,281,18446744073700259242,8,1540,0,0,0,2,18446744073709546884,18446744073709551030,18446744073709551030,265,1,1,1,17444982774477705371,4,0,10,16143792975097555548,0,5,1,0
PAWN_AUDIT_RESULT,740,3,3,159,0,0,159,0,0,0,0,0
PAWN_AUDIT_ENTRY,741,6186116857648832617,1540190506209090682,6456291395153295368,12095114968723787301,917,267,268,222,7,6,3,29,18446744073709539799,18446744073709547758,10,0,0,0,0,1,0,0,0,265,281,18446744073700259242,8,1541,0,0,0,3,18446744073709546820,18446744073709551030,18446744073709551030,265,1,1,1,17444982774477705371,4,0,10,16143792975097555548,0,5,1,0
PAWN_AUDIT_RESULT,741,3,3,182,0,0,182,0,0,0,0,0
PAWN_AUDIT_ENTRY,742,1540190506209090682,17838091966810806904,6456291395153295368,1336614940594216447,1187,267,268,222,7,6,4,31,18446744073709546491,18446744073709550278,10,0,0,0,0,1,0,0,0,265,281,18446744073700259242,8,1542,0,0,0,2,18446744073709549863,18446744073709551030,18446744073709551030,265,1,1,1,17444982774477705371,4,0,10,16143792975097555548,0,5,1,0
PAWN_AUDIT_RESULT,742,4,4,275,1,6,275,0,3,7,1,1
PAWN_AUDIT_ENTRY,745,12196744526135367152,14633586517520327679,16143792975097555548,4358738611025633462,2343,18446744073709551348,18446744073709551349,18446744073709551342,8,7,2,5,18446744073709547566,18446744073709550481,9,0,1,0,0,1,0,3956,0,18446744073709551344,18446744073709551343,4964097,8,1550,0,0,0,13,18446744073709550721,18446744073709550754,18446744073709550553,18446744073709551344,2,2,1,17444982774477705371,3,0,9,8620291378174021499,0,4,1,0
PAWN_AUDIT_RESULT,745,2,2,-289,0,0,-289,0,0,0,0,0
PAWN_AUDIT_ENTRY,746,14633586517520327679,3099301878611125599,16143792975097555548,9917632777739647162,2338,18446744073709551348,18446744073709551349,18446744073709551342,8,7,2,6,18446744073709548173,18446744073709549285,9,0,1,0,0,1,0,3956,0,18446744073709551344,18446744073709551343,4964097,8,1551,0,0,0,13,18446744073709550490,18446744073709551126,18446744073709551215,18446744073709551344,2,2,1,17444982774477705371,3,0,9,8620291378174021499,0,4,1,0
PAWN_AUDIT_RESULT,746,2,2,-302,0,0,-302,0,0,0,0,0
PAWN_AUDIT_ENTRY,747,3099301878611125599,1939273092385040372,16143792975097555548,1045043636107481302,2931,18446744073709551348,18446744073709551349,18446744073709551342,8,7,2,8,18446744073709543190,18446744073709550278,9,0,1,0,0,1,0,3956,0,18446744073709551344,18446744073709551343,4964097,8,1552,0,0,0,10,18446744073709548362,18446744073709551030,18446744073709551030,18446744073709551344,2,2,1,17444982774477705371,3,0,9,8620291378174021499,0,4,1,0
PAWN_AUDIT_RESULT,747,2,2,-293,0,0,-293,0,0,0,0,0
PAWN_AUDIT_ENTRY,748,1939273092385040372,14243157225512693899,16143792975097555548,9304519687522994018,3756,18446744073709551348,18446744073709551349,18446744073709551342,8,7,2,9,18446744073709543696,18446744073709549886,9,0,1,0,0,1,0,3956,0,18446744073709551344,18446744073709551343,4964097,8,1553,0,0,0,11,18446744073709548592,18446744073709551030,18446744073709551030,18446744073709551344,2,2,1,17444982774477705371,3,0,9,8620291378174021499,0,4,1,0
PAWN_AUDIT_RESULT,748,2,2,-363,0,0,-363,0,0,0,0,0
PAWN_AUDIT_ENTRY,749,14243157225512693899,12811842348125527411,16143792975097555548,2586720155071795891,3502,18446744073709551348,18446744073709551349,18446744073709551342,8,7,2,10,18446744073709542722,18446744073709550278,9,0,1,0,0,1,0,3956,0,18446744073709551344,18446744073709551343,4964097,8,1554,0,0,0,9,18446744073709548149,18446744073709551030,18446744073709551030,18446744073709551344,2,2,1,17444982774477705371,3,0,9,8620291378174021499,0,0,1,0
PAWN_AUDIT_RESULT,749,2,2,-409,0,0,-409,0,0,0,0,0
PAWN_AUDIT_ENTRY,750,12811842348125527411,16429642188057841855,16143792975097555548,587109456413922636,3104,18446744073709551348,18446744073709551349,18446744073709551342,8,7,2,11,18446744073709542704,18446744073709550278,9,0,1,0,0,1,0,3956,0,18446744073709551344,18446744073709551343,4964097,8,1555,0,0,0,9,18446744073709548141,18446744073709551030,18446744073709551030,18446744073709551344,2,2,1,17444982774477705371,3,0,9,8620291378174021499,0,0,1,0
PAWN_AUDIT_RESULT,750,2,2,-331,0,0,-331,0,0,0,0,0
PAWN_AUDIT_ENTRY,751,16429642188057841855,570398073374067004,16143792975097555548,15745923773117231760,3169,18446744073709551348,18446744073709551349,18446744073709551342,8,7,2,12,18446744073709542704,18446744073709550278,9,0,1,0,0,1,0,3956,0,18446744073709551344,18446744073709551343,4964097,8,1556,0,0,0,9,18446744073709548141,18446744073709551030,18446744073709551030,18446744073709551344,2,2,1,17444982774477705371,3,0,9,8620291378174021499,0,0,1,0
PAWN_AUDIT_RESULT,751,2,2,-340,0,0,-340,0,0,0,0,0
PAWN_AUDIT_ENTRY,752,570398073374067004,4915895113799828081,16143792975097555548,11761169020902536419,3494,18446744073709551348,18446744073709551349,18446744073709551342,8,7,2,13,18446744073709542704,18446744073709550278,9,0,1,0,0,1,0,3956,0,18446744073709551344,18446744073709551343,4964097,8,1557,0,0,0,9,18446744073709548141,18446744073709551030,18446744073709551030,18446744073709551344,2,2,1,17444982774477705371,3,0,9,8620291378174021499,0,0,1,0
PAWN_AUDIT_RESULT,752,2,2,-378,0,0,-378,0,0,0,0,0
PAWN_AUDIT_ENTRY,753,4915895113799828081,11375648318808592822,16143792975097555548,9148071397334424233,3559,18446744073709551348,18446744073709551349,18446744073709551342,8,7,1,14,18446744073709542704,18446744073709550278,9,0,1,0,0,1,0,3956,0,18446744073709551344,18446744073709551343,4964097,8,1558,0,0,0,9,18446744073709548141,18446744073709551030,18446744073709551030,18446744073709551344,2,2,1,17444982774477705371,3,0,9,8620291378174021499,0,0,1,0
PAWN_AUDIT_RESULT,753,1,1,-340,0,0,-340,0,0,0,0,0
PAWN_AUDIT_ENTRY,754,11375648318808592822,1018790982784982947,16143792975097555548,10561863224932034605,3567,18446744073709551348,18446744073709551349,18446744073709551342,8,7,1,15,18446744073709542100,18446744073709550278,9,0,1,0,0,1,0,3956,0,18446744073709551344,18446744073709551343,4964097,8,1559,0,0,0,9,18446744073709547866,18446744073709551030,18446744073709551030,18446744073709551344,2,2,1,17444982774477705371,3,0,9,8620291378174021499,0,0,1,0
PAWN_AUDIT_RESULT,754,1,1,-354,0,0,-354,0,0,0,0,0
PAWN_AUDIT_ENTRY,755,1018790982784982947,13487135960710309948,16143792975097555548,2206586014610579929,3177,18446744073709551348,18446744073709551349,18446744073709551342,8,7,1,16,18446744073709542023,18446744073709550278,9,0,1,0,0,1,0,3956,0,18446744073709551344,18446744073709551343,4964097,8,1560,0,0,0,9,18446744073709547831,18446744073709551030,18446744073709551030,18446744073709551344,2,2,1,17444982774477705371,3,0,9,8620291378174021499,0,0,1,0
PAWN_AUDIT_RESULT,755,1,1,-754,0,0,-754,0,0,0,0,0
PAWN_AUDIT_ENTRY,756,13487135960710309948,8725958249813549452,16143792975097555548,12953337265420055536,3112,18446744073709551348,18446744073709551349,18446744073709551342,8,7,1,17,18446744073709541946,18446744073709550278,9,0,1,0,0,1,0,3956,0,18446744073709551344,18446744073709551343,4964097,8,1561,0,0,0,9,18446744073709547796,18446744073709551030,18446744073709551030,18446744073709551344,2,2,1,17444982774477705371,3,0,9,8620291378174021499,0,0,1,0
PAWN_AUDIT_RESULT,756,1,1,-361,0,0,-361,0,0,0,0,0
PAWN_AUDIT_ENTRY,757,8725958249813549452,10006843753219048694,16143792975097555548,1424514347517222198,3892,18446744073709551348,18446744073709551349,18446744073709551342,8,7,2,18,18446744073709544714,18446744073709548874,9,0,1,0,0,1,0,3956,0,18446744073709551344,18446744073709551343,4964097,8,1562,0,0,0,14,18446744073709549055,18446744073709551030,18446744073709551030,18446744073709551344,2,2,1,17444982774477705371,3,0,9,8620291378174021499,0,4,1,0
PAWN_AUDIT_RESULT,757,2,2,-661,0,0,-661,0,0,0,0,0
PAWN_AUDIT_ENTRY,758,10006843753219048694,907095548417989239,16143792975097555548,5406260318131590330,2348,18446744073709551348,18446744073709551349,18446744073709551342,8,7,2,19,18446744073709546535,18446744073709548039,9,0,1,0,0,1,0,3956,0,18446744073709551344,18446744073709551343,4964097,8,1563,0,0,0,13,18446744073709549883,18446744073709551030,18446744073709551030,18446744073709551344,2,2,1,17444982774477705371,3,0,9,8620291378174021499,0,4,1,0
PAWN_AUDIT_RESULT,758,2,2,-320,0,0,-320,0,0,0,0,0
PAWN_AUDIT_ENTRY,759,907095548417989239,11980992814223580033,16143792975097555548,2498139816908916057,2910,18446744073709551348,18446744073709551349,18446744073709551342,8,7,2,20,18446744073709543045,18446744073709549407,9,0,1,0,0,1,0,3956,0,18446744073709551344,18446744073709551343,4964097,8,1564,0,0,0,10,18446744073709548296,18446744073709551030,18446744073709551030,18446744073709551344,2,2,1,17444982774477705371,3,0,9,8620291378174021499,0,4,1,0
PAWN_AUDIT_RESULT,759,2,2,-334,0,0,-334,0,0,0,0,0
PAWN_AUDIT_ENTRY,761,5197932338817750125,12457376802052692981,16143792975097555548,13026733620559491868,2356,18446744073709551348,18446744073709551349,18446744073709551342,8,7,2,29,18446744073709544714,18446744073709547758,9,0,1,0,0,1,0,3956,0,18446744073709551344,18446744073709551343,4964097,8,1566,0,0,0,13,18446744073709549055,18446744073709551030,18446744073709551030,18446744073709551344,2,2,1,17444982774477705371,3,0,9,8620291378174021499,0,4,1,0
PAWN_AUDIT_RESULT,761,2,2,-348,0,0,-348,0,0,0,0,0
PAWN_AUDIT_ENTRY,769,16295548366323682513,5850020316100438154,8406143209408677639,13298043381811444682,324,267,268,205,6,5,2,3,18446744073709546336,2461,8,0,0,0,0,1,0,0,0,267,293,18446744073703051608,8,1584,0,0,0,4,18446744073709550792,18446744073709551030,18446744073709548970,267,4,1,1,17444982774477705371,2,0,8,2549998701243799099,0,3,1,0
PAWN_AUDIT_RESULT,769,2,2,258,0,0,258,0,9,9,0,0
PAWN_AUDIT_ENTRY,772,14027891474557518131,3267100416541024712,8406143209408677639,15333306700547337081,1731,267,268,258,6,5,2,5,18446744073709546063,18446744073709549797,8,0,0,0,0,1,0,0,0,267,293,18446744073703051608,8,1594,0,0,0,5,18446744073709549729,18446744073709551030,18446744073709550905,267,4,1,1,17444982774477705371,2,0,8,2549998701243799099,0,3,1,0
PAWN_AUDIT_RESULT,772,2,2,204,0,0,204,0,0,0,0,0
PAWN_AUDIT_ENTRY,773,3267100416541024712,6459346698527071663,8406143209408677639,1581164734368888395,1748,267,268,258,6,5,1,9,18446744073709544714,18446744073709547896,8,0,0,0,0,1,0,0,0,267,293,18446744073703051608,8,1595,0,0,0,5,18446744073709549055,18446744073709551030,18446744073709551030,267,4,1,1,17444982774477705371,2,0,8,2549998701243799099,0,3,1,0
PAWN_AUDIT_RESULT,773,1,1,203,0,0,203,0,0,0,0,0
PAWN_AUDIT_ENTRY,774,6459346698527071663,7115180168039471379,8406143209408677639,13027455592575540590,1747,267,268,258,6,5,1,10,18446744073709545317,18446744073709547514,8,0,0,0,0,1,0,0,0,267,293,18446744073703051608,8,1596,0,0,0,5,18446744073709549329,18446744073709551030,18446744073709551030,267,4,1,1,17444982774477705371,2,0,8,2549998701243799099,0,3,1,0
PAWN_AUDIT_RESULT,774,1,1,235,0,0,235,0,0,0,0,0
PAWN_AUDIT_ENTRY,775,7115180168039471379,7132125847998616689,8406143209408677639,3810688532175369245,1739,267,268,258,6,5,1,11,18446744073709544714,18446744073709547758,8,0,0,0,0,1,0,0,0,267,293,18446744073703051608,8,1597,0,0,0,5,18446744073709549055,18446744073709551030,18446744073709551030,267,4,1,1,17444982774477705371,2,0,8,2549998701243799099,0,3,1,0
PAWN_AUDIT_RESULT,775,1,1,212,0,0,212,0,0,0,0,0
PAWN_AUDIT_ENTRY,776,7132125847998616689,5813883113213353128,8406143209408677639,1862136495589659813,861,267,268,258,6,5,1,12,18446744073709542211,18446744073709549337,8,0,0,0,0,1,0,0,0,267,293,18446744073703051608,8,1598,0,0,0,1,18446744073709548085,18446744073709551030,18446744073709550683,267,4,1,1,17444982774477705371,2,0,8,2549998701243799099,0,0,1,0
PAWN_AUDIT_RESULT,776,1,1,259,0,0,259,0,0,0,0,0
PAWN_AUDIT_ENTRY,777,5813883113213353128,15571892993018530628,8406143209408677639,15284825227254788447,1176,267,268,259,6,5,1,13,18446744073709541822,18446744073709548874,8,0,0,0,0,1,0,0,0,267,293,18446744073703051608,8,1599,0,0,0,2,18446744073709547740,18446744073709551030,18446744073709551030,267,4,1,1,17444982774477705371,2,0,8,2549998701243799099,0,3,1,0
PAWN_AUDIT_RESULT,777,1,1,203,0,0,203,0,0,0,0,0
PAWN_AUDIT_ENTRY,778,15571892993018530628,3745204472429367637,8406143209408677639,466004172673716574,1754,267,268,259,6,5,1,15,18446744073709547003,18446744073709545555,8,0,0,0,0,1,0,0,0,267,293,18446744073703051608,8,1600,0,0,0,5,18446744073709550194,18446744073709551030,18446744073709550827,267,4,1,1,17444982774477705371,2,0,8,2549998701243799099,0,3,1,0
PAWN_AUDIT_RESULT,778,1,1,209,0,0,209,0,0,0,0,0
PAWN_AUDIT_ENTRY,779,3745204472429367637,3766122900345229570,8406143209408677639,4382080103446438024,323,267,268,259,6,5,1,16,18446744073709544825,18446744073709547398,8,0,0,0,0,1,0,0,0,267,293,18446744073703051608,8,1601,0,0,0,4,18446744073709549363,18446744073709551030,18446744073709550499,267,4,1,1,17444982774477705371,2,0,8,2549998701243799099,0,3,1,0
PAWN_AUDIT_RESULT,779,1,1,267,0,0,267,0,1,1,0,0
PAWN_AUDIT_ENTRY,780,3766122900345229570,9221722382788146750,8406143209408677639,6657296690237002524,1753,267,268,267,6,5,1,18,18446744073709546950,18446744073709545506,8,0,0,0,0,1,0,0,0,267,293,18446744073703051608,8,1603,0,0,0,5,18446744073709550194,18446744073709551030,18446744073709550778,267,4,1,1,17444982774477705371,2,0,8,2549998701243799099,0,3,1,0
PAWN_AUDIT_RESULT,780,1,1,206,0,0,206,0,0,0,0,0
PAWN_AUDIT_ENTRY,843,6167407274848078048,9713196756649472856,758140874929231548,11000899714305083987,593,267,268,1,11,10,8,5,18446744073709535896,18446744073709550278,4,0,0,0,0,1,0,0,0,112,112,18446744073708746870,8,1701,0,0,0,1,18446744073709545045,18446744073709551030,18446744073709551030,280,11,1,1,17097874596007028551,2,0,4,6813500944847936091,0,0,1,0
PAWN_AUDIT_RESULT,843,8,8,267,0,0,267,0,1,1,0,0
PAWN_AUDIT_ENTRY,844,9713196756649472856,8882736569333866053,758140874929231548,8813012185006752769,389,267,268,267,11,10,8,7,18446744073709539185,18446744073709548874,4,0,0,0,0,1,0,0,0,112,112,18446744073708746870,8,1703,0,0,0,6,18446744073709546864,18446744073709551030,18446744073709550364,280,11,1,1,17097874596007028551,2,0,4,6813500944847936091,0,3,1,0
PAWN_AUDIT_RESULT,844,8,8,105,0,0,105,0,0,0,0,0
PAWN_AUDIT_ENTRY,845,8882736569333866053,9463889472531908489,758140874929231548,8889792903951029063,658,267,268,267,11,10,8,8,18446744073709539205,18446744073709550278,4,0,0,0,0,1,0,0,0,112,112,18446744073708746870,8,1704,0,0,0,1,18446744073709546841,18446744073709551030,18446744073709550430,280,11,1,1,17097874596007028551,2,0,4,6813500944847936091,0,0,1,0
PAWN_AUDIT_RESULT,845,8,8,261,0,0,261,0,41,41,0,0
PAWN_AUDIT_ENTRY,854,177409750222524682,4030080304495950642,758140874929231548,14779472623229920799,666,267,268,267,11,10,6,9,18446744073709535731,18446744073709550278,4,0,0,0,0,1,0,0,0,112,112,18446744073708746870,8,1746,0,0,0,1,18446744073709544970,18446744073709551030,18446744073709551030,280,11,1,1,17097874596007028551,2,0,4,6813500944847936091,0,0,1,0
PAWN_AUDIT_RESULT,854,6,6,118,0,0,118,0,0,0,0,0
PAWN_AUDIT_ENTRY,855,4030080304495950642,2668816833785117062,758140874929231548,10836412476139920157,983,267,268,267,11,10,6,10,18446744073709535915,18446744073709550278,4,0,0,0,0,1,0,0,0,112,112,18446744073708746870,8,1747,0,0,0,1,18446744073709545054,18446744073709551030,18446744073709551030,280,11,1,1,17097874596007028551,2,0,4,6813500944847936091,0,0,1,0
PAWN_AUDIT_RESULT,855,6,6,190,0,0,190,0,0,0,0,0
PAWN_AUDIT_ENTRY,856,2668816833785117062,6337129401158718760,758140874929231548,12153314955274089658,536,267,268,267,11,10,6,11,18446744073709535801,18446744073709550278,4,0,0,0,0,1,0,0,0,112,112,18446744073708746870,8,1748,0,0,0,1,18446744073709545002,18446744073709551030,18446744073709551030,280,11,1,1,17097874596007028551,2,0,4,6813500944847936091,0,0,1,0
PAWN_AUDIT_RESULT,856,6,6,144,0,0,144,0,0,0,0,0
PAWN_AUDIT_ENTRY,857,6337129401158718760,16021590296931866381,758140874929231548,15684684034550473308,528,267,268,267,11,10,6,12,18446744073709535566,18446744073709550278,4,0,0,0,0,1,0,0,0,112,112,18446744073708746870,8,1749,0,0,0,1,18446744073709544895,18446744073709551030,18446744073709551030,280,11,1,1,17097874596007028551,2,0,4,6813500944847936091,0,0,1,0
PAWN_AUDIT_RESULT,857,6,6,136,0,0,136,0,0,0,0,0
PAWN_AUDIT_ENTRY,858,16021590296931866381,14201923777771951020,758140874929231548,15424629980724674134,991,267,268,267,11,10,6,13,18446744073709535526,18446744073709550278,4,0,0,0,0,1,0,0,0,112,112,18446744073708746870,8,1750,0,0,0,1,18446744073709544877,18446744073709551030,18446744073709551030,280,11,1,1,17097874596007028551,2,0,4,6813500944847936091,0,0,1,0
PAWN_AUDIT_RESULT,858,6,6,111,0,0,111,0,0,0,0,0
PAWN_AUDIT_ENTRY,870,8931921217805407368,15726357761178475476,6237645687047420982,4326444219732256302,209,267,268,232,6,5,1,4,18446744073709547901,2237,10,0,0,0,0,0,0,0,0,18446744073709551585,18446744073709551585,18446744073708344156,8,1796,0,0,0,5,18446744073709550504,18446744073709551030,18446744073709551030,267,2,1,1,4443265319338385730,5,0,10,5996687376214296059,0,6,1,0
PAWN_AUDIT_RESULT,870,1,1,148,0,0,148,0,0,0,0,0
PAWN_AUDIT_ENTRY,871,15726357761178475476,11943694569308028362,6237645687047420982,2127202408603425217,2258,267,268,232,6,5,1,5,18446744073709550340,18446744073709550278,10,0,0,0,0,0,0,0,0,18446744073709551585,18446744073709551585,18446744073708344156,8,1797,0,0,0,2,18446744073709551613,18446744073709551030,18446744073709551030,267,2,1,1,4443265319338385730,5,0,10,5996687376214296059,0,6,1,0
PAWN_AUDIT_RESULT,871,1,1,131,0,0,131,0,0,0,0,0
PAWN_AUDIT_ENTRY,872,11943694569308028362,14535523566830989673,6237645687047420982,4694556473498855963,2260,267,268,232,6,5,1,6,18446744073709550340,18446744073709550278,10,0,0,0,0,0,0,0,0,18446744073709551585,18446744073709551585,18446744073708344156,8,1798,0,0,0,2,18446744073709551613,18446744073709551030,18446744073709551030,267,2,1,1,4443265319338385730,5,0,10,5996687376214296059,0,6,1,0
PAWN_AUDIT_RESULT,872,1,1,125,0,0,125,0,0,0,0,0
PAWN_AUDIT_ENTRY,873,14535523566830989673,12774435129487798687,6237645687047420982,15215272556866888372,2269,267,268,232,6,5,1,8,18446744073709550340,18446744073709550278,10,0,0,0,0,0,0,0,0,18446744073709551585,18446744073709551585,18446744073708344156,8,1799,0,0,0,2,18446744073709551613,18446744073709551030,18446744073709551030,267,2,1,1,4443265319338385730,5,0,10,5996687376214296059,0,6,1,0
PAWN_AUDIT_RESULT,873,1,1,138,0,0,138,0,0,0,0,0
PAWN_AUDIT_ENTRY,875,9227190032102476660,1792308940830642424,1742125048284471308,8266157194099423764,209,267,268,237,8,7,4,2,18446744073709547671,2464,8,0,0,0,0,0,0,0,0,119,119,18446744073707993716,8,1801,0,0,0,5,18446744073709550808,18446744073709550213,18446744073709551030,270,4,1,1,4443265319338385730,3,0,8,11654851275327631960,0,4,1,0
PAWN_AUDIT_RESULT,875,4,4,180,0,0,180,0,0,0,0,0
PAWN_AUDIT_ENTRY,880,9326835044632426912,10235792222698883604,1742125048284471308,10309031869388845721,216,267,268,247,8,7,1,4,18446744073709544838,18446744073709550919,8,0,0,0,0,0,0,0,0,119,119,18446744073707993716,8,1811,0,0,0,5,18446744073709549111,18446744073709551030,18446744073709551030,270,4,1,1,4443265319338385730,3,0,8,11654851275327631960,0,4,1,0
PAWN_AUDIT_RESULT,880,1,1,194,0,0,194,0,0,0,0,0
PAWN_AUDIT_ENTRY,881,10235792222698883604,9496410022587754876,1742125048284471308,15660897989649243671,276,267,268,247,8,7,1,5,18446744073709541209,18446744073709550278,8,0,0,0,0,0,0,0,0,119,119,18446744073707993716,8,1812,0,0,0,4,18446744073709547861,18446744073709551030,18446744073709550206,270,4,1,1,4443265319338385730,3,0,8,11654851275327631960,0,4,1,0
PAWN_AUDIT_RESULT,881,1,1,144,0,0,144,0,0,0,0,0
PAWN_AUDIT_ENTRY,882,9496410022587754876,18288518172998345886,1742125048284471308,5035913072760518533,1185,267,268,247,8,7,1,7,18446744073709544290,18446744073709548379,8,0,0,0,0,0,0,0,0,119,119,18446744073707993716,8,1813,0,0,0,2,18446744073709548862,18446744073709551030,18446744073709551030,270,4,1,1,4443265319338385730,3,0,8,11654851275327631960,0,4,1,0
PAWN_AUDIT_RESULT,882,1,1,153,0,0,153,0,0,0,0,0
PAWN_AUDIT_ENTRY,919,9587456749341659363,9652842674805999874,13985097880824403968,12145930849602290200,209,267,268,165,6,5,2,2,18446744073709547450,2464,10,0,0,0,0,0,0,0,0,46,46,1971149,8,1876,0,0,1,5,18446744073709550299,18446744073709551030,18446744073709551030,210,2,1,1,4443265319338385730,0,0,10,15390141152578120432,0,1,1,0
PAWN_AUDIT_RESULT,919,2,2,136,0,0,136,0,0,0,0,0
PAWN_AUDIT_ENTRY,920,9652842674805999874,8319261045473816147,13985097880824403968,1022793362272183501,324,267,268,165,6,5,2,3,18446744073709548040,3269,10,0,0,0,0,0,0,0,0,46,46,1971149,8,1877,0,0,1,4,18446744073709551012,18446744073709551030,18446744073709550113,210,2,1,1,4443265319338385730,0,0,10,15390141152578120432,0,1,1,0
PAWN_AUDIT_RESULT,920,2,2,169,0,0,169,0,0,0,0,0
PAWN_AUDIT_ENTRY,921,8319261045473816147,1268737528004729270,13985097880824403968,2335337572829371121,196,267,268,169,6,5,1,4,18446744073709542814,18446744073709550278,10,0,0,0,0,0,0,0,0,46,46,1971149,8,1878,0,0,1,5,18446744073709548191,18446744073709551030,18446744073709551030,210,2,1,1,4443265319338385730,0,0,10,15390141152578120432,0,1,1,0
PAWN_AUDIT_RESULT,921,1,1,106,0,0,106,0,0,0,0,0
PAWN_AUDIT_ENTRY,924,5581281145144221620,11305441215347071035,11465107111740291382,5996687376214296059,324,267,268,214,7,6,1,4,18446744073709544112,3316,8,0,0,0,0,0,0,0,0,47,47,18446744073708133892,8,1888,0,0,0,4,18446744073709551083,18446744073709548151,18446744073709549253,267,3,1,1,4443265319338385730,3,0,8,2778477772626111330,0,4,1,0
PAWN_AUDIT_RESULT,924,1,1,237,0,0,237,0,0,0,0,0
PAWN_AUDIT_ENTRY,925,11305441215347071035,805841199506318843,11465107111740291382,17691882612962763566,209,267,268,237,7,6,1,5,18446744073709544832,993,8,0,0,0,0,0,0,0,0,47,47,18446744073708133892,8,1889,0,0,0,5,18446744073709549517,18446744073709550213,18446744073709551030,267,3,1,1,4443265319338385730,3,0,8,2778477772626111330,0,4,1,0
PAWN_AUDIT_RESULT,925,1,1,159,0,0,159,0,0,0,0,0
PAWN_AUDIT_ENTRY,926,805841199506318843,10969453964087504920,11465107111740291382,1921680649831065524,2269,267,268,237,7,6,1,7,18446744073709550243,18446744073709550234,8,0,0,0,0,0,0,0,0,47,47,18446744073708133892,8,1890,0,0,0,2,18446744073709551569,18446744073709551030,18446744073709551030,267,3,1,1,4443265319338385730,3,0,8,2778477772626111330,0,4,1,0
PAWN_AUDIT_RESULT,926,1,1,153,0,0,153,0,0,0,0,0
PAWN_AUDIT_ENTRY,927,10969453964087504920,7044131826677214045,11465107111740291382,15279016755855973569,2258,267,268,237,7,6,1,8,18446744073709550081,18446744073709550006,8,0,0,0,0,0,0,0,0,47,47,18446744073708133892,8,1891,0,0,0,2,18446744073709551338,18446744073709551344,18446744073709551030,267,3,1,1,4443265319338385730,3,0,8,2778477772626111330,0,4,1,0
PAWN_AUDIT_RESULT,927,1,1,-1,0,0,-1,0,0,0,0,0
PAWN_AUDIT_ENTRY,928,7044131826677214045,15745056618347459609,11465107111740291382,9847900848544821019,2260,267,268,237,7,6,1,9,18446744073709549372,18446744073709549842,8,0,0,0,0,0,0,0,0,47,47,18446744073708133892,8,1892,0,0,0,2,18446744073709551173,18446744073709551030,18446744073709551030,267,3,1,1,4443265319338385730,3,0,8,2778477772626111330,0,4,1,0
PAWN_AUDIT_RESULT,928,1,1,143,0,0,143,0,0,0,0,0
PAWN_AUDIT_ENTRY,932,9618662160245952720,16894189384217313241,7897875816668614293,18061308521000623104,216,267,268,259,10,9,4,5,18446744073709540879,18446744073709549892,6,0,0,0,0,1,0,0,0,184,184,18446744073707129974,8,1909,0,0,0,5,18446744073709547816,18446744073709550781,18446744073709550246,272,7,1,1,4443265319338385730,1,0,6,1232926237408874937,0,2,1,0
PAWN_AUDIT_ENTRY,955,11058534257440458122,6347804868539218337,4842975523705278036,10309031869388845721,324,267,268,267,7,6,3,2,18446744073709543497,3316,8,0,0,0,0,0,0,1828,0,291,204,1977477,8,1942,0,0,0,4,18446744073709551083,18446744073709546757,18446744073709550113,291,3,2,1,4443265319338385730,3,0,8,18061308521000623104,0,4,1,0
PAWN_AUDIT_RESULT,955,3,3,197,0,0,197,0,0,0,0,0
PAWN_AUDIT_ENTRY,957,10178057622772739670,5718029249666561693,4842975523705278036,15279016755855973569,1539,267,268,267,7,6,3,4,18446744073709550340,18446744073709550278,8,0,0,0,0,0,0,1828,0,291,204,1977477,8,1944,0,0,0,5,18446744073709551613,18446744073709551030,18446744073709551030,291,3,2,1,4443265319338385730,3,0,8,18061308521000623104,0,4,1,0
PAWN_AUDIT_RESULT,957,3,3,1,0,0,1,0,0,0,0,0
PAWN_AUDIT_ENTRY,958,5718029249666561693,17577272474924963292,4842975523705278036,2477721792118797510,1569,267,268,267,7,6,3,5,18446744073709550340,18446744073709550093,8,0,0,0,0,0,0,1828,0,291,204,1977477,8,1945,0,0,0,5,18446744073709551613,18446744073709551030,18446744073709551030,291,3,2,1,4443265319338385730,3,0,8,18061308521000623104,0,4,1,0
PAWN_AUDIT_RESULT,958,3,3,174,0,0,174,0,0,0,0,0
PAWN_AUDIT_ENTRY,959,17577272474924963292,3680643398448899241,4842975523705278036,2190675493654142229,1553,267,268,267,7,6,2,6,18446744073709539978,993,8,0,0,0,0,0,0,1828,0,291,204,1977477,8,1946,0,0,0,5,18446744073709547633,18446744073709550213,18446744073709550364,291,3,2,1,4443265319338385730,3,0,8,18061308521000623104,0,4,1,0
PAWN_AUDIT_RESULT,959,2,2,154,0,0,154,0,0,0,0,0
PAWN_AUDIT_ENTRY,960,3680643398448899241,7583648548781510190,4842975523705278036,17774169766474450444,1546,267,268,267,7,6,3,7,18446744073709550340,18446744073709548550,8,0,0,0,0,0,0,1828,0,291,204,1977477,8,1947,0,0,0,5,18446744073709551613,18446744073709551030,18446744073709551030,291,3,2,1,4443265319338385730,3,0,8,18061308521000623104,0,4,1,0
PAWN_AUDIT_RESULT,960,3,3,164,0,0,164,0,0,0,0,0
PAWN_AUDIT_ENTRY,961,7583648548781510190,2090713842048775575,4842975523705278036,814426410855426523,323,267,268,267,7,6,2,8,18446744073709543457,18446744073709550278,8,0,0,0,0,0,0,1828,0,291,204,1977477,8,1948,0,0,0,4,18446744073709549397,18446744073709550002,18446744073709550206,291,3,2,1,4443265319338385730,3,0,8,18061308521000623104,0,4,1,0
PAWN_AUDIT_RESULT,961,2,2,209,0,0,209,0,0,0,0,0
PAWN_AUDIT_ENTRY,962,2090713842048775575,724732937037407484,4842975523705278036,11293872519613498769,1552,267,268,267,7,6,2,11,18446744073709540074,18446744073709550278,8,0,0,0,0,0,0,1828,0,291,204,1977477,8,1949,0,0,0,5,18446744073709547600,18446744073709550302,18446744073709550430,291,3,2,1,4443265319338385730,3,0,8,18061308521000623104,0,4,1,0
PAWN_AUDIT_RESULT,962,2,2,142,0,0,142,0,0,0,0,0
PAWN_AUDIT_ENTRY,963,724732937037407484,17726827217387107310,4842975523705278036,483210822121023206,1562,267,268,267,7,6,2,12,18446744073709541118,18446744073709549658,8,0,0,0,0,0,0,1828,0,291,204,1977477,8,1950,0,0,0,5,18446744073709547748,18446744073709550680,18446744073709550714,291,3,2,1,4443265319338385730,3,0,8,18061308521000623104,0,4,1,0
PAWN_AUDIT_RESULT,963,2,2,159,0,0,159,0,0,0,0,0
PAWN_AUDIT_RESULT,932,4,4,291,1,9,267,0,26,41,0,0
PAWN_AUDIT_ENTRY,964,17726827217387107310,12658223056756577161,7897875816668614293,10369293496257023076,196,267,268,267,10,9,4,6,18446744073709541180,18446744073709548874,6,0,0,0,0,1,0,0,0,184,184,18446744073707129974,8,1951,0,0,0,5,18446744073709547448,18446744073709551030,18446744073709551030,272,7,1,1,4443265319338385730,1,0,6,1232926237408874937,0,2,1,0
PAWN_AUDIT_RESULT,964,4,4,202,0,0,202,0,0,0,0,0
PAWN_AUDIT_ENTRY,965,12658223056756577161,12984703525885671832,7897875816668614293,12277039979843760854,1348,267,268,267,10,9,4,8,18446744073709539221,18446744073709550278,6,0,0,0,0,1,0,0,0,184,184,18446744073707129974,8,1952,0,0,0,2,18446744073709546557,18446744073709551030,18446744073709551030,272,7,1,1,4443265319338385730,1,0,6,1232926237408874937,0,2,1,0
PAWN_AUDIT_RESULT,965,4,4,170,0,0,170,0,0,0,0,0
PAWN_AUDIT_ENTRY,966,12984703525885671832,7998270446959170315,7897875816668614293,3482560108637116700,1185,267,268,267,10,9,4,9,18446744073709541923,18446744073709547506,6,0,0,0,0,1,0,0,0,184,184,18446744073707129974,8,1953,0,0,0,2,18446744073709548109,18446744073709551030,18446744073709550364,272,7,1,1,4443265319338385730,1,0,6,1232926237408874937,0,2,1,0
PAWN_AUDIT_RESULT,966,4,4,181,0,0,181,0,0,0,0,0
PAWN_AUDIT_ENTRY,967,7998270446959170315,6715974391080956189,7897875816668614293,17279385309862154132,202,267,268,267,10,9,4,10,18446744073709541007,18446744073709547500,6,0,0,0,0,1,0,0,0,184,184,18446744073707129974,8,1954,0,0,0,5,18446744073709547581,18446744073709551030,18446744073709550594,272,7,1,1,4443265319338385730,1,0,6,1232926237408874937,0,2,1,0
PAWN_AUDIT_RESULT,967,4,4,216,0,0,216,0,0,0,0,0
PAWN_AUDIT_ENTRY,979,5908676904032669410,15445529224984648556,12754350812985506954,2535235664420708453,593,267,268,267,9,8,6,11,18446744073709535665,18446744073709550278,4,0,0,0,0,1,0,82,0,276,276,10996689,8,1978,0,0,1,1,18446744073709544940,18446744073709551030,18446744073709551030,286,9,1,1,14910717346437905755,0,0,4,16388951829798609773,0,0,1,0
PAWN_AUDIT_RESULT,979,6,6,162,0,0,162,0,0,0,0,0
PAWN_AUDIT_ENTRY,980,15445529224984648556,11375338820562601310,12754350812985506954,6121904948121460724,1375,267,268,267,9,8,6,13,18446744073709536122,18446744073709550278,4,0,0,0,0,1,0,82,0,276,276,10996689,8,1979,0,0,1,2,18446744073709545148,18446744073709551030,18446744073709551030,286,9,1,1,14910717346437905755,0,0,4,16388951829798609773,0,1,1,0
PAWN_AUDIT_RESULT,980,6,6,140,0,0,140,0,0,0,0,0
PAWN_AUDIT_ENTRY,981,11375338820562601310,12320999890166538527,12754350812985506954,1355009723722864689,1382,267,268,267,9,8,6,14,18446744073709536102,18446744073709550278,4,0,0,0,0,1,0,82,0,276,276,10996689,8,1980,0,0,1,2,18446744073709545139,18446744073709551030,18446744073709551030,286,9,1,1,14910717346437905755,0,0,4,16388951829798609773,0,1,1,0
PAWN_AUDIT_RESULT,981,6,6,104,0,0,104,0,0,0,0,0
PAWN_AUDIT_ENTRY,982,12320999890166538527,12017888776605862056,12754350812985506954,4184154463402592248,80,267,268,267,9,8,6,16,18446744073709535907,18446744073709550278,4,0,0,0,0,1,0,82,0,276,276,10996689,8,1981,0,0,1,2,18446744073709545050,18446744073709551030,18446744073709551030,286,9,1,1,14910717346437905755,0,0,4,16388951829798609773,0,1,1,0
PAWN_AUDIT_RESULT,982,6,6,130,0,0,130,0,0,0,0,0
PAWN_AUDIT_ENTRY,983,12017888776605862056,4380891905939158794,12754350812985506954,17962380630218025952,204,267,268,267,9,8,6,17,18446744073709536201,18446744073709550278,4,0,0,0,0,1,0,82,0,276,276,10996689,8,1982,0,0,1,5,18446744073709545184,18446744073709551030,18446744073709551030,286,9,1,1,14910717346437905755,0,0,4,16388951829798609773,0,1,1,0
PAWN_AUDIT_RESULT,983,6,6,152,0,0,152,0,0,0,0,0
PAWN_AUDIT_ENTRY,984,4380891905939158794,9074474591682395012,12754350812985506954,3307701363466907947,983,267,268,267,9,8,6,18,18446744073709535913,18446744073709550278,4,0,0,0,0,1,0,82,0,276,276,10996689,8,1983,0,0,1,1,18446744073709545053,18446744073709551030,18446744073709551030,286,9,1,1,14910717346437905755,0,0,4,16388951829798609773,0,0,1,0
PAWN_AUDIT_RESULT,984,6,6,179,0,0,179,0,0,0,0,0
PAWN_AUDIT_ENTRY,985,9074474591682395012,17267001106962790001,12754350812985506954,1381695692311273100,536,267,268,267,9,8,6,19,18446744073709535552,18446744073709550278,4,0,0,0,0,1,0,82,0,276,276,10996689,8,1984,0,0,1,1,18446744073709544889,18446744073709551030,18446744073709551030,286,9,1,1,14910717346437905755,0,0,4,16388951829798609773,0,0,1,0
PAWN_AUDIT_RESULT,985,6,6,154,0,0,154,0,0,0,0,0
PAWN_AUDIT_ENTRY,999,32583636429897274,8679173782279468923,2567828542814297157,10999871224000523882,1698,267,268,18446744073709551327,10,9,6,3,18446744073709550340,18446744073709550278,4,0,0,0,0,0,0,0,0,18446744073709551565,18446744073709551565,18446744073708567538,8,2013,0,0,0,1,18446744073709551613,18446744073709551030,18446744073709551030,236,5,1,1,12155761688188259007,1,0,4,6139707405838226997,0,0,1,0
PAWN_AUDIT_RESULT,999,6,6,47,0,0,47,0,0,0,0,0
PAWN_AUDIT_ENTRY,1000,8679173782279468923,14874141771119214662,2567828542814297157,17259622524359614600,324,267,268,47,10,9,5,4,18446744073709545913,18446744073709551019,4,0,0,0,0,0,0,0,0,18446744073709551565,18446744073709551565,18446744073708567538,8,2014,0,0,0,4,18446744073709548861,892,18446744073709551030,236,5,1,1,12155761688188259007,1,0,4,6139707405838226997,0,2,1,0
PAWN_AUDIT_RESULT,1000,5,5,123,0,0,123,0,0,0,0,0
PAWN_AUDIT_ENTRY,1001,14874141771119214662,6888368967994234350,2567828542814297157,5276193291867883101,209,267,268,123,10,9,4,5,18446744073709545713,18446744073709550278,4,0,0,0,0,0,0,0,0,18446744073709551565,18446744073709551565,18446744073708567538,8,2015,0,0,0,5,18446744073709548362,1708,18446744073709551030,236,5,1,1,12155761688188259007,1,0,4,6139707405838226997,0,2,1,0
PAWN_AUDIT_RESULT,1001,4,4,98,0,0,98,0,0,0,0,0
PAWN_AUDIT_ENTRY,1002,6888368967994234350,707987850713992114,2567828542814297157,13014996282624315088,216,267,268,123,10,9,4,6,18446744073709543485,18446744073709550278,4,0,0,0,0,0,0,0,0,18446744073709551565,18446744073709551565,18446744073708567538,8,2016,0,0,0,5,18446744073709548496,18446744073709551030,18446744073709551030,236,5,1,1,12155761688188259007,1,0,4,6139707405838226997,0,2,1,0
PAWN_AUDIT_RESULT,1002,4,4,112,0,0,112,0,0,0,0,0
PAWN_AUDIT_ENTRY,1015,13574034498687801312,9690151846696468616,1885871861886616219,15947412041594917891,2023,267,268,127,9,8,5,3,18446744073709550340,18446744073709550278,4,0,0,0,0,0,0,0,0,18446744073709551538,18446744073709551538,18446744073708567538,8,2053,0,0,0,1,18446744073709551613,18446744073709551030,18446744073709551030,209,2,1,1,10464330178802062433,1,0,4,5629755093726744188,0,0,1,0
PAWN_AUDIT_RESULT,1015,5,5,-7,0,0,-7,0,0,0,0,0
PAWN_AUDIT_ENTRY,1016,9690151846696468616,5783840843670889374,1885871861886616219,15316437835567599095,399,267,268,127,9,8,4,4,18446744073709548937,18446744073709550278,4,0,0,0,0,0,0,0,0,18446744073709551538,18446744073709551538,18446744073708567538,8,2054,0,0,0,6,18446744073709550975,18446744073709551030,18446744073709551030,209,2,1,1,10464330178802062433,1,0,4,5629755093726744188,0,2,1,0
PAWN_AUDIT_RESULT,1016,4,4,4,0,0,4,0,0,0,0,0
PAWN_AUDIT_ENTRY,1017,5783840843670889374,15345741929285705387,1885871861886616219,15424629980724674134,324,267,268,127,9,8,3,5,18446744073709545495,18446744073709551124,4,0,0,0,0,0,0,0,0,18446744073709551538,18446744073709551538,18446744073708567538,8,2055,0,0,0,4,18446744073709548671,892,18446744073709551030,209,2,1,1,10464330178802062433,1,0,4,5629755093726744188,0,2,1,0
PAWN_AUDIT_RESULT,1017,3,3,115,0,0,115,0,0,0,0,0
PAWN_AUDIT_ENTRY,1018,15345741929285705387,15718363440753668857,1885871861886616219,13341067538987686572,1359,267,268,127,9,8,3,6,18446744073709547219,18446744073709550278,4,0,0,0,0,0,0,0,0,18446744073709551538,18446744073709551538,18446744073708567538,8,2056,0,0,0,2,18446744073709550194,18446744073709551030,18446744073709551030,209,2,1,1,10464330178802062433,1,0,4,5629755093726744188,0,2,1,0
PAWN_AUDIT_RESULT,1018,3,3,75,0,0,75,0,0,0,0,0
PAWN_AUDIT_ENTRY,1019,15718363440753668857,8227839827284159444,1885871861886616219,7777823103177869152,658,267,268,127,9,8,3,7,18446744073709543896,18446744073709550278,4,0,0,0,0,0,0,0,0,18446744073709551538,18446744073709551538,18446744073708567538,8,2057,0,0,0,1,18446744073709548683,18446744073709551030,18446744073709551030,209,2,1,1,10464330178802062433,1,0,4,5629755093726744188,0,0,1,0
PAWN_AUDIT_RESULT,1019,3,3,161,0,0,161,0,0,0,0,0
PAWN_AUDIT_ENTRY,1030,6396792054056623494,13296048930750396448,6093283746799089310,14331358766577650615,1113,267,268,222,9,8,6,4,18446744073709549372,18446744073709550278,4,0,0,0,0,1,0,0,0,43,43,18446744073708567538,8,2080,0,0,0,1,18446744073709551173,18446744073709551030,18446744073709551030,219,8,1,1,16112898587063705700,1,0,4,37347463080819321,0,0,1,0
PAWN_AUDIT_RESULT,1030,6,6,126,0,0,126,0,0,0,0,0
PAWN_AUDIT_ENTRY,1031,13296048930750396448,8170821862400604237,6093283746799089310,11000899714305083987,324,267,268,222,9,8,6,5,18446744073709545181,18446744073709550278,4,0,0,0,0,1,0,0,0,43,43,18446744073708567538,8,2081,0,0,0,4,18446744073709548528,892,18446744073709551030,219,8,1,1,16112898587063705700,1,0,4,37347463080819321,0,2,1,0
PAWN_AUDIT_RESULT,1031,6,6,153,0,0,153,0,0,0,0,0
PAWN_AUDIT_ENTRY,1032,8170821862400604237,8023235742131154793,6093283746799089310,2689818688773206885,658,267,268,222,9,8,6,6,18446744073709546643,18446744073709550278,4,0,0,0,0,1,0,0,0,43,43,18446744073708567538,8,2082,0,0,0,1,18446744073709549932,18446744073709551030,18446744073709551030,219,8,1,1,16112898587063705700,1,0,4,37347463080819321,0,0,1,0
PAWN_AUDIT_RESULT,1032,6,6,175,0,0,175,0,0,0,0,0
PAWN_AUDIT_ENTRY,1033,8023235742131154793,16672125317734583298,6093283746799089310,2192634205535211682,144,267,268,222,9,8,5,7,18446744073709546151,18446744073709548260,4,0,0,0,0,1,0,0,0,43,43,18446744073708567538,8,2083,0,0,0,3,18446744073709549708,18446744073709551030,18446744073709551030,219,8,1,1,16112898587063705700,1,0,4,37347463080819321,0,2,1,0
PAWN_AUDIT_RESULT,1033,5,5,131,0,0,131,0,0,0,0,0
PAWN_AUDIT_ENTRY,1036,5662755816249382335,17341227158820929860,7245591164232583287,12401939776615359112,16,267,268,181,9,8,5,3,18446744073709550340,18446744073709550278,4,0,0,0,0,0,0,0,0,28,28,18446744073708567538,8,2094,0,0,0,4,18446744073709551613,18446744073709551030,18446744073709551030,199,3,1,1,17266431999145893517,1,0,4,3496654642532942992,0,2,1,0
PAWN_AUDIT_RESULT,1036,5,5,105,0,0,105,0,0,0,0,0
PAWN_AUDIT_ENTRY,1037,17341227158820929860,18202534989805472335,7245591164232583287,5505388629671472233,1568,267,268,181,9,8,4,4,18446744073709547657,18446744073709550278,4,0,0,0,0,0,0,0,0,28,28,18446744073708567538,8,2095,0,0,0,1,18446744073709550393,18446744073709551030,18446744073709551030,199,3,1,1,17266431999145893517,1,0,4,3496654642532942992,0,0,1,0
PAWN_AUDIT_RESULT,1037,4,4,177,0,0,177,0,0,0,0,0
PAWN_AUDIT_ENTRY,1038,18202534989805472335,17582754826486461743,7245591164232583287,12153314955274089658,324,267,268,181,9,8,3,5,18446744073709544684,18446744073709550943,4,0,0,0,0,0,0,0,0,28,28,18446744073708567538,8,2096,0,0,0,4,18446744073709548302,892,18446744073709551030,199,3,1,1,17266431999145893517,1,0,4,3496654642532942992,0,2,1,0
PAWN_AUDIT_RESULT,1038,3,3,147,0,0,147,0,0,0,0,0
PAWN_AUDIT_ENTRY,1039,17582754826486461743,4051883781581747182,7245591164232583287,1537438683716423052,658,267,268,181,9,8,3,6,18446744073709547448,18446744073709550278,4,0,0,0,0,0,0,0,0,28,28,18446744073708567538,8,2097,0,0,0,1,18446744073709550298,18446744073709551030,18446744073709551030,199,3,1,1,17266431999145893517,1,0,4,3496654642532942992,0,0,1,0
PAWN_AUDIT_RESULT,1039,3,3,184,0,0,184,0,0,0,0,0
PAWN_AUDIT_ENTRY,1040,4051883781581747182,1409346715376029473,7245591164232583287,3916548969986932607,8,267,268,184,9,8,3,7,18446744073709547219,18446744073709548874,4,0,0,0,0,0,0,0,0,28,28,18446744073708567538,8,2098,0,0,0,4,18446744073709550194,18446744073709551030,18446744073709551030,199,3,1,1,17266431999145893517,1,0,4,3496654642532942992,0,2,1,0
PAWN_AUDIT_RESULT,1040,3,3,22,0,0,22,0,0,0,0,0
PAWN_AUDIT_ENTRY,1041,1409346715376029473,4620386392566478025,7245591164232583287,13260775310975672477,991,267,268,184,9,8,2,8,18446744073709539504,18446744073709550278,4,0,0,0,0,0,0,0,0,28,28,18446744073708567538,8,2099,0,0,0,1,18446744073709546686,18446744073709551030,18446744073709551030,199,3,1,1,17266431999145893517,1,0,4,3496654642532942992,0,0,1,0
PAWN_AUDIT_RESULT,1041,2,2,97,0,0,97,0,0,0,0,0
PAWN_AUDIT_ENTRY,1058,14894584573299017425,5830367239907065610,17066895318213028700,6425556810422578175,2787,18446744073709551348,18446744073709551349,18446744073709551342,8,7,1,4,18446744073709545076,18446744073709550278,5,0,1,0,0,0,0,2715,0,18446744073709551331,18446744073709551289,18446744073708090016,8,2124,0,0,1,9,18446744073709547757,2339,18446744073709551030,18446744073709551331,4,2,1,15302648528257250775,0,0,5,8271941808908121115,0,0,1,0
PAWN_AUDIT_RESULT,1058,1,1,-431,0,0,-431,0,0,0,0,0
PAWN_AUDIT_ENTRY,1059,5830367239907065610,755440029659841903,17066895318213028700,16925586927928996463,2740,18446744073709551348,18446744073709551349,18446744073709551342,8,7,1,5,18446744073709544714,18446744073709550278,5,0,1,0,0,0,0,2715,0,18446744073709551331,18446744073709551289,18446744073708090016,8,2125,0,0,1,10,18446744073709549055,18446744073709551030,18446744073709551030,18446744073709551331,4,2,1,15302648528257250775,0,0,5,8271941808908121115,0,1,1,0
PAWN_AUDIT_RESULT,1059,1,1,-463,0,0,-463,0,0,0,0,0
PAWN_AUDIT_ENTRY,1060,755440029659841903,4988691872901056929,17066895318213028700,10403056799483753584,3828,18446744073709551348,18446744073709551349,18446744073709551342,8,7,1,6,18446744073709545236,18446744073709548874,5,0,1,0,0,0,0,2715,0,18446744073709551331,18446744073709551289,18446744073708090016,8,2126,0,0,1,13,18446744073709549055,18446744073709551030,18446744073709551519,18446744073709551331,4,2,1,15302648528257250775,0,0,5,8271941808908121115,0,1,1,0
PAWN_AUDIT_RESULT,1060,1,1,-437,0,0,-437,0,0,0,0,0
PAWN_AUDIT_ENTRY,1061,4988691872901056929,16345351857435214174,17066895318213028700,11483856673338916790,2724,18446744073709551348,18446744073709551349,18446744073709551342,8,7,1,7,18446744073709541424,18446744073709550278,5,0,1,0,0,0,0,2715,0,18446744073709551331,18446744073709551289,18446744073708090016,8,2127,0,0,1,10,18446744073709547559,18446744073709551030,18446744073709551030,18446744073709551331,4,2,1,15302648528257250775,0,0,5,8271941808908121115,0,1,1,0
PAWN_AUDIT_RESULT,1061,1,1,-355,0,0,-355,0,0,0,0,0
PAWN_AUDIT_ENTRY,1065,1915039337361523339,7640122938379345091,1030489695836318519,7411579236779613049,3379,18446744073709551348,18446744073709551349,18446744073709551343,8,7,2,4,18446744073709547972,18446744073709550278,3,0,1,0,0,1,0,3387,0,18446744073709551433,18446744073709551433,18446744073699218527,8,2132,0,0,0,13,18446744073709550919,18446744073709551030,18446744073709550241,18446744073709551331,5,2,1,15084002520892502314,0,0,3,10568495095289751190,0,1,1,0
PAWN_AUDIT_RESULT,1065,2,2,-268,0,0,-268,0,3,3,0,0
PAWN_AUDIT_ENTRY,1066,7640122938379345091,6843597344125333158,1030489695836318519,5870033541897410397,3372,18446744073709551348,18446744073709551349,18446744073709551348,8,7,1,5,18446744073709541891,18446744073709550278,3,0,1,0,0,1,0,3387,0,18446744073709551433,18446744073709551433,18446744073699218527,8,2136,0,0,0,13,18446744073709547771,18446744073709551030,18446744073709551030,18446744073709551331,5,2,1,15084002520892502314,0,0,3,10568495095289751190,0,1,1,0
PAWN_AUDIT_RESULT,1066,1,1,-300,0,0,-300,0,0,0,0,0
PAWN_AUDIT_ENTRY,1067,6843597344125333158,2720093791791788500,1030489695836318519,9442713020478474356,4094,18446744073709551348,18446744073709551349,18446744073709551348,8,7,1,7,18446744073709541092,18446744073709550278,3,0,1,0,0,1,0,3387,0,18446744073709551433,18446744073709551433,18446744073699218527,8,2137,0,0,0,12,18446744073709547408,18446744073709551030,18446744073709551030,18446744073709551331,5,2,1,15084002520892502314,0,0,3,10568495095289751190,0,1,1,0
PAWN_AUDIT_RESULT,1067,1,1,-333,0,0,-333,0,0,0,0,0
PAWN_AUDIT_ENTRY,1068,2720093791791788500,4008860033503154822,1030489695836318519,14355253410028737825,3891,18446744073709551348,18446744073709551349,18446744073709551348,8,7,1,8,18446744073709541092,18446744073709550278,3,0,1,0,0,1,0,3387,0,18446744073709551433,18446744073709551433,18446744073699218527,8,2138,0,0,0,14,18446744073709547408,18446744073709551030,18446744073709551030,18446744073709551331,5,2,1,15084002520892502314,0,0,3,10568495095289751190,0,1,1,0
PAWN_AUDIT_RESULT,1068,1,1,-503,0,0,-503,0,0,0,0,0
PAWN_AUDIT_ENTRY,1073,8424902770507188788,4272644901815950550,1030489695836318519,7803928700914770988,3899,18446744073709551348,18446744073709551349,18446744073709551348,8,7,1,12,18446744073709541809,18446744073709550278,3,0,1,0,0,1,0,3387,0,18446744073709551433,18446744073709551433,18446744073699218527,8,2147,0,0,0,14,18446744073709547734,18446744073709551030,18446744073709551030,18446744073709551331,5,2,1,15084002520892502314,0,0,3,10568495095289751190,0,1,1,0
PAWN_AUDIT_RESULT,1073,1,1,-440,0,0,-440,0,0,0,0,0
PAWN_AUDIT_ENTRY,1074,4272644901815950550,7742613403927308477,1030489695836318519,16197182179340243389,2931,18446744073709551348,18446744073709551349,18446744073709551348,8,7,1,13,18446744073709540795,18446744073709550278,3,0,1,0,0,1,0,3387,0,18446744073709551433,18446744073709551433,18446744073699218527,8,2148,0,0,0,10,18446744073709547559,18446744073709551030,18446744073709550440,18446744073709551331,5,2,1,15084002520892502314,0,0,3,10568495095289751190,0,1,1,0
PAWN_AUDIT_RESULT,1074,1,1,-262,1,6,-268,0,3,44,0,0
PAWN_AUDIT_ENTRY,1096,13976589458159985743,14098955225620677946,1030489695836318519,2997616161058226371,3763,18446744073709551348,18446744073709551349,18446744073709551348,8,7,1,14,18446744073709540439,18446744073709550278,3,0,1,0,0,1,0,3387,0,18446744073709551433,18446744073709551433,18446744073699218527,8,2193,0,0,0,11,18446744073709547319,18446744073709551030,18446744073709550601,18446744073709551331,5,2,1,15084002520892502314,0,0,3,10568495095289751190,0,1,1,0
PAWN_AUDIT_RESULT,1096,1,1,-268,0,0,-268,0,3,3,0,0
PAWN_AUDIT_ENTRY,1097,14098955225620677946,11138700090570369621,1030489695836318519,16601000736934319143,3104,18446744073709551348,18446744073709551349,18446744073709551348,8,7,1,15,18446744073709539938,18446744073709550278,3,0,1,0,0,1,0,3387,0,18446744073709551433,18446744073709551433,18446744073699218527,8,2197,0,0,0,9,18446744073709546883,18446744073709551030,18446744073709551030,18446744073709551331,5,2,1,15084002520892502314,0,0,3,10568495095289751190,0,0,1,0
PAWN_AUDIT_RESULT,1097,1,1,-285,0,0,-285,0,0,0,0,0
PAWN_AUDIT_ENTRY,1098,11138700090570369621,10537840312983515419,1030489695836318519,14817597592694756312,3502,18446744073709551348,18446744073709551349,18446744073709551348,8,7,1,16,18446744073709539810,18446744073709550278,3,0,1,0,0,1,0,3387,0,18446744073709551433,18446744073709551433,18446744073699218527,8,2198,0,0,0,9,18446744073709546825,18446744073709551030,18446744073709551030,18446744073709551331,5,2,1,15084002520892502314,0,0,3,10568495095289751190,0,0,1,0
PAWN_AUDIT_RESULT,1098,1,1,-268,0,0,-268,0,6,6,0,0
PAWN_AUDIT_ENTRY,1099,10537840312983515419,9914830871802616337,1030489695836318519,3802037512648733691,3169,18446744073709551348,18446744073709551349,18446744073709551348,8,7,1,17,18446744073709539799,18446744073709550278,3,0,1,0,0,1,0,3387,0,18446744073709551433,18446744073709551433,18446744073699218527,8,2205,0,0,0,9,18446744073709546820,18446744073709551030,18446744073709551030,18446744073709551331,5,2,1,15084002520892502314,0,0,3,10568495095289751190,0,0,1,0
PAWN_AUDIT_RESULT,1099,1,1,-499,0,0,-499,0,0,0,0,0
PAWN_AUDIT_ENTRY,1100,9914830871802616337,12589430770725758233,1030489695836318519,10426735500917431234,3559,18446744073709551348,18446744073709551349,18446744073709551348,8,7,1,18,18446744073709539799,18446744073709550278,3,0,1,0,0,1,0,3387,0,18446744073709551433,18446744073709551433,18446744073699218527,8,2206,0,0,0,9,18446744073709546820,18446744073709551030,18446744073709551030,18446744073709551331,5,2,1,15084002520892502314,0,0,3,10568495095289751190,0,0,1,0
PAWN_AUDIT_RESULT,1100,1,1,-303,0,0,-303,0,0,0,0,0
PAWN_AUDIT_ENTRY,1101,12589430770725758233,6051392590117572793,1030489695836318519,8074550647135903075,2713,18446744073709551348,18446744073709551349,18446744073709551348,8,7,1,19,18446744073709539799,18446744073709550278,3,0,1,0,0,1,0,3387,0,18446744073709551433,18446744073709551433,18446744073699218527,8,2207,0,0,0,10,18446744073709546820,18446744073709551030,18446744073709551030,18446744073709551331,5,2,1,15084002520892502314,0,0,3,10568495095289751190,0,1,1,0
PAWN_AUDIT_RESULT,1101,1,1,-420,0,0,-420,0,0,0,0,0
PAWN_AUDIT_ENTRY,1102,6051392590117572793,14119788265260654598,1030489695836318519,9199997012000852123,2919,18446744073709551348,18446744073709551349,18446744073709551348,8,7,1,20,18446744073709539799,18446744073709550278,3,0,1,0,0,1,0,3387,0,18446744073709551433,18446744073709551433,18446744073699218527,8,2208,0,0,0,10,18446744073709546820,18446744073709551030,18446744073709551030,18446744073709551331,5,2,1,15084002520892502314,0,0,3,10568495095289751190,0,1,1,0
PAWN_AUDIT_RESULT,1102,1,1,-373,0,0,-373,0,0,0,0,0
PAWN_AUDIT_ENTRY,1103,14119788265260654598,4759874221788748101,1030489695836318519,12449933823664489285,2942,18446744073709551348,18446744073709551349,18446744073709551348,8,7,1,21,18446744073709539799,18446744073709550278,3,0,1,0,0,1,0,3387,0,18446744073709551433,18446744073709551433,18446744073699218527,8,2209,0,0,0,10,18446744073709546820,18446744073709551030,18446744073709551030,18446744073709551331,5,2,1,15084002520892502314,0,0,3,10568495095289751190,0,1,1,0
PAWN_AUDIT_RESULT,1103,1,1,-302,0,0,-302,0,0,0,0,0
PAWN_AUDIT_ENTRY,1104,4759874221788748101,3363696165550186574,1030489695836318519,5999387108459243597,3641,18446744073709551348,18446744073709551349,18446744073709551348,8,7,1,22,18446744073709539799,18446744073709550278,3,0,1,0,0,1,0,3387,0,18446744073709551433,18446744073709551433,18446744073699218527,8,2210,0,0,0,12,18446744073709546820,18446744073709551030,18446744073709551030,18446744073709551331,5,2,1,15084002520892502314,0,0,3,10568495095289751190,0,1,1,0
PAWN_AUDIT_RESULT,1104,1,1,-303,0,0,-303,0,0,0,0,0
PAWN_AUDIT_ENTRY,1105,3363696165550186574,315652617044193258,1030489695836318519,8027391036928755209,3756,18446744073709551348,18446744073709551349,18446744073709551348,8,7,1,23,18446744073709539928,18446744073709550278,3,0,1,0,0,1,0,3387,0,18446744073709551433,18446744073709551433,18446744073699218527,8,2211,0,0,0,11,18446744073709547110,18446744073709551030,18446744073709550553,18446744073709551331,5,2,1,15084002520892502314,0,0,3,10568495095289751190,0,1,1,0
PAWN_AUDIT_RESULT,1105,1,1,-268,0,0,-268,0,3,3,0,0
PAWN_AUDIT_ENTRY,1106,315652617044193258,4905264915186348322,1030489695836318519,8994823575339870534,3567,18446744073709551348,18446744073709551349,18446744073709551348,8,7,1,25,18446744073709539520,18446744073709550278,3,0,1,0,0,1,0,3387,0,18446744073709551433,18446744073709551433,18446744073699218527,8,2215,0,0,0,9,18446744073709546693,18446744073709551030,18446744073709551030,18446744073709551331,5,2,1,15084002520892502314,0,0,3,10568495095289751190,0,0,1,0
PAWN_AUDIT_RESULT,1106,1,1,-263,1,6,-275,0,8,29,0,0
PAWN_AUDIT_ENTRY,1119,5488014273473061939,1292461381965606577,1030489695836318519,17354639358863450290,3177,18446744073709551348,18446744073709551349,18446744073709551348,8,7,1,26,18446744073709539194,18446744073709550278,3,0,1,0,0,1,0,3387,0,18446744073709551433,18446744073709551433,18446744073699218527,8,2245,0,0,0,9,18446744073709546620,18446744073709551030,18446744073709550875,18446744073709551331,5,2,1,15084002520892502314,0,0,3,10568495095289751190,0,0,1,0
PAWN_AUDIT_RESULT,1119,1,1,-445,0,0,-445,0,0,0,0,0
PAWN_AUDIT_ENTRY,1120,1292461381965606577,17873712467296053717,1030489695836318519,6738565208158368411,3112,18446744073709551348,18446744073709551349,18446744073709551348,8,7,1,27,18446744073709539179,18446744073709550278,3,0,1,0,0,1,0,3387,0,18446744073709551433,18446744073709551433,18446744073699218527,8,2246,0,0,0,9,18446744073709546622,18446744073709551030,18446744073709550857,18446744073709551331,5,2,1,15084002520892502314,0,0,3,10568495095289751190,0,0,1,0
PAWN_AUDIT_RESULT,1120,1,1,-288,0,0,-288,0,0,0,0,0
PAWN_AUDIT_ENTRY,1121,17873712467296053717,7735110806593358439,1030489695836318519,13526820781749644180,2787,18446744073709551348,18446744073709551349,18446744073709551348,8,7,1,28,18446744073709540209,18446744073709550278,3,0,1,0,0,1,0,3387,0,18446744073709551433,18446744073709551433,18446744073699218527,8,2247,0,0,0,9,18446744073709547100,18446744073709551030,18446744073709550837,18446744073709551331,5,2,1,15084002520892502314,0,0,3,10568495095289751190,0,0,1,0
PAWN_AUDIT_RESULT,1121,1,1,-316,0,0,-316,0,0,0,0,0
PAWN_AUDIT_ENTRY,1139,16490148171252871314,14316910980672639836,14082099997329836961,5973875908731899631,227,285,286,272,8,7,1,3,18446744073709547219,18446744073709550278,6,0,1,0,0,0,0,82,0,268,183,2073401,8,2289,0,0,1,5,18446744073709550194,18446744073709551030,18446744073709551030,268,1,2,1,17509850668824259382,0,0,6,10456344516662826054,0,1,1,0
PAWN_AUDIT_RESULT,1139,1,1,117,0,0,117,0,0,0,0,0
PAWN_AUDIT_ENTRY,1140,14316910980672639836,10210041797794440594,14082099997329836961,6075891409549515060,216,285,286,272,8,7,1,4,18446744073709544950,18446744073709550278,6,0,1,0,0,0,0,82,0,268,183,2073401,8,2290,0,0,1,5,18446744073709547743,452,1269,268,1,2,1,17509850668824259382,0,0,6,10456344516662826054,0,1,1,0
PAWN_AUDIT_RESULT,1140,1,1,157,0,0,157,0,0,0,0,0
PAWN_AUDIT_ENTRY,1141,10210041797794440594,3893952024846775225,14082099997329836961,993244029450437837,399,285,286,272,8,7,1,5,18446744073709544996,18446744073709550278,6,0,1,0,0,0,0,82,0,268,183,2073401,8,2291,0,0,1,6,18446744073709549183,18446744073709551030,18446744073709551030,268,1,2,1,17509850668824259382,0,0,6,10456344516662826054,0,1,1,0
PAWN_AUDIT_RESULT,1141,1,1,199,0,0,199,0,0,0,0,0
PAWN_AUDIT_ENTRY,1142,3893952024846775225,994881145730198684,14082099997329836961,1101435908870698860,324,285,286,272,8,7,1,6,18446744073709543196,18446744073709550278,6,0,1,0,0,0,0,82,0,268,183,2073401,8,2292,0,0,1,4,18446744073709548234,18446744073709551386,18446744073709550932,268,1,2,1,17509850668824259382,0,0,6,10456344516662826054,0,1,1,0
PAWN_AUDIT_RESULT,1142,1,1,216,0,0,216,0,0,0,0,0
PAWN_AUDIT_ENTRY,1143,994881145730198684,5660385290554965375,14082099997329836961,6945292929739838358,1359,285,286,272,8,7,1,8,18446744073709542704,18446744073709550278,6,0,1,0,0,0,0,82,0,268,183,2073401,8,2293,0,0,1,2,18446744073709548141,18446744073709551030,18446744073709551030,268,1,2,1,17509850668824259382,0,0,6,10456344516662826054,0,1,1,0
PAWN_AUDIT_RESULT,1143,1,1,167,0,0,167,0,0,0,0,0
PAWN_AUDIT_ENTRY,1144,5660385290554965375,10733418173244967854,14082099997329836961,12247439106292076985,209,285,286,272,8,7,1,9,18446744073709541725,18446744073709550278,6,0,1,0,0,0,0,82,0,268,183,2073401,8,2294,0,0,1,5,18446744073709547178,18446744073709551411,88,268,1,2,1,17509850668824259382,0,0,6,10456344516662826054,0,1,1,0
PAWN_AUDIT_RESULT,1144,1,1,157,0,0,157,0,0,0,0,0
PAWN_AUDIT_ENTRY,1145,10733418173244967854,8178726643887031072,14082099997329836961,2591095321994261798,1503,285,286,272,8,7,1,10,18446744073709542513,18446744073709550278,6,0,1,0,0,0,0,82,0,268,183,2073401,8,2295,0,0,1,1,18446744073709548054,18446744073709551030,18446744073709551030,268,1,2,1,17509850668824259382,0,0,6,10456344516662826054,0,0,1,0
PAWN_AUDIT_RESULT,1145,1,1,197,0,0,197,0,0,0,0,0
PAWN_AUDIT_ENTRY,1147,760448915980603346,17024650836810333111,16197182179340243389,3234514898781990256,324,285,286,273,8,7,1,3,18446744073709542498,18446744073709551124,4,0,1,0,0,1,0,658,0,268,193,4338730,8,2299,0,0,0,4,18446744073709548047,18446744073709551030,18446744073709551030,268,6,2,1,15084002520892502314,1,0,4,1030489695836318519,0,2,1,0
PAWN_AUDIT_RESULT,1147,1,1,226,0,0,226,0,0,0,0,0
PAWN_AUDIT_ENTRY,1148,17024650836810333111,16027365752940794531,16197182179340243389,3342495664589823697,399,285,286,273,8,7,1,4,18446744073709543747,18446744073709549647,4,0,1,0,0,1,0,658,0,268,193,4338730,8,2300,0,0,0,6,18446744073709548615,18446744073709551030,18446744073709551030,268,6,2,1,15084002520892502314,1,0,4,1030489695836318519,0,2,1,0
PAWN_AUDIT_RESULT,1148,1,1,203,0,0,203,0,0,0,0,0
PAWN_AUDIT_ENTRY,1154,2730145163491050165,3643863053988949618,13327816873014966487,8655625771906971812,3373,18446744073709551348,18446744073709551349,18446744073709551323,6,5,1,3,18446744073709550120,18446744073709549723,7,0,1,0,0,0,0,0,0,18446744073709551369,18446744073709551369,18446744073709053647,8,2316,0,0,1,13,18446744073709551513,18446744073709551030,18446744073709551030,32002,18446744073709551614,2,1,15302648528257250775,0,0,7,3416639682341561365,0,1,1,0
PAWN_AUDIT_RESULT,1154,1,1,-282,0,0,-282,0,0,0,0,0
PAWN_AUDIT_ENTRY,1155,3643863053988949618,9915873562719642102,13327816873014966487,10760414005847361694,3305,18446744073709551348,18446744073709551349,18446744073709551334,6,5,1,5,18446744073709547743,18446744073709550278,7,0,1,0,0,0,0,0,0,18446744073709551369,18446744073709551369,18446744073709053647,8,2317,0,0,1,10,18446744073709550432,18446744073709551030,18446744073709551030,32002,18446744073709551614,2,1,15302648528257250775,0,0,7,3416639682341561365,0,1,1,1
PAWN_AUDIT_RESULT,1155,1,2,-334,0,0,-334,0,0,0,0,0
PAWN_AUDIT_ENTRY,1156,9915873562719642102,336477921688855095,13327816873014966487,17021334785533370775,3364,18446744073709551348,18446744073709551349,18446744073709551334,6,5,1,6,18446744073709550999,18446744073709548874,7,0,1,0,0,0,0,0,0,18446744073709551369,18446744073709551369,18446744073709053647,8,2318,0,0,1,13,18446744073709551607,18446744073709551221,18446744073709551463,32002,18446744073709551614,2,1,15302648528257250775,0,0,7,3416639682341561365,0,1,1,0
PAWN_AUDIT_RESULT,1156,1,1,-273,0,0,-273,0,0,0,0,0
PAWN_AUDIT_ENTRY,1157,336477921688855095,2724817476362159846,13327816873014966487,4704987797074160275,3300,18446744073709551348,18446744073709551349,18446744073709551343,6,5,1,7,18446744073709551114,18446744073709548874,7,0,1,0,0,0,0,0,0,18446744073709551369,18446744073709551369,18446744073709053647,8,2319,0,0,1,10,349,18446744073709551030,18446744073709551030,32002,18446744073709551614,2,1,15302648528257250775,0,0,7,3416639682341561365,0,1,1,0
PAWN_AUDIT_RESULT,1157,1,1,-303,0,0,-303,0,0,0,0,0
PAWN_AUDIT_ENTRY,1158,2724817476362159846,14456476483935239408,13327816873014966487,15051520911907622097,3298,18446744073709551348,18446744073709551349,18446744073709551343,6,5,1,8,18446744073709545583,18446744073709550278,7,0,1,0,0,0,0,0,0,18446744073709551369,18446744073709551369,18446744073709053647,8,2320,0,0,1,10,18446744073709549450,18446744073709551030,18446744073709551030,32002,18446744073709551614,2,1,15302648528257250775,0,0,7,3416639682341561365,0,1,1,0
PAWN_AUDIT_RESULT,1158,1,1,-324,0,0,-324,0,0,0,0,0
PAWN_AUDIT_ENTRY,1159,14456476483935239408,17167875839810662178,13327816873014966487,6232719505053270621,3309,18446744073709551348,18446744073709551349,18446744073709551343,6,5,1,9,18446744073709544714,18446744073709550278,7,0,1,0,0,0,0,0,0,18446744073709551369,18446744073709551369,18446744073709053647,8,2321,0,0,1,10,18446744073709549055,18446744073709551030,18446744073709551030,32002,18446744073709551614,2,1,15302648528257250775,0,0,7,3416639682341561365,0,1,1,0
PAWN_AUDIT_RESULT,1159,1,1,-361,0,0,-361,0,0,0,0,0
PAWN_AUDIT_ENTRY,1160,17167875839810662178,10437754052471005492,13327816873014966487,16560532357897223331,3321,18446744073709551348,18446744073709551349,18446744073709551343,6,5,1,10,18446744073709544714,18446744073709550278,7,0,1,0,0,0,0,0,0,18446744073709551369,18446744073709551369,18446744073709053647,8,2322,0,0,1,10,18446744073709549055,18446744073709551030,18446744073709551030,32002,18446744073709551614,2,1,15302648528257250775,0,0,7,3416639682341561365,0,1,1,0
PAWN_AUDIT_RESULT,1160,1,1,-345,0,0,-345,0,0,0,0,0
PAWN_AUDIT_ENTRY,1161,10437754052471005492,7815115676851655596,13327816873014966487,1256416347914152152,3437,18446744073709551348,18446744073709551349,18446744073709551343,6,5,1,11,18446744073709543533,18446744073709550278,7,0,1,0,0,0,0,0,0,18446744073709551369,18446744073709551369,18446744073709053647,8,2323,0,0,1,9,18446744073709548518,18446744073709551030,18446744073709551030,32002,18446744073709551614,2,1,15302648528257250775,0,0,7,3416639682341561365,0,0,1,0
PAWN_AUDIT_RESULT,1161,1,1,-305,0,0,-305,0,0,0,0,0
PAWN_AUDIT_ENTRY,1162,7815115676851655596,13331979305473570472,13327816873014966487,4625833834134891388,3234,18446744073709551348,18446744073709551349,18446744073709551343,6,5,1,12,18446744073709543652,18446744073709550278,7,0,1,0,0,0,0,0,0,18446744073709551369,18446744073709551369,18446744073709053647,8,2324,0,0,1,9,18446744073709548941,18446744073709550754,18446744073709550554,32002,18446744073709551614,2,1,15302648528257250775,0,0,7,3416639682341561365,0,0,1,0
PAWN_AUDIT_RESULT,1162,1,1,-304,0,0,-304,0,0,0,0,0
PAWN_AUDIT_ENTRY,1163,13331979305473570472,4942226748885268609,13327816873014966487,18142676405649417832,3494,18446744073709551348,18446744073709551349,18446744073709551343,6,5,1,15,18446744073709541092,18446744073709550278,7,0,1,0,0,0,0,0,0,18446744073709551369,18446744073709551369,18446744073709053647,8,2325,0,0,1,9,18446744073709547408,18446744073709551030,18446744073709551030,32002,18446744073709551614,2,1,15302648528257250775,0,0,7,3416639682341561365,0,0,1,0
PAWN_AUDIT_RESULT,1163,1,1,-324,0,0,-324,0,0,0,0,0
PAWN_AUDIT_ENTRY,1164,4942226748885268609,6949943406231621201,13327816873014966487,15777796078206040012,3899,18446744073709551348,18446744073709551349,18446744073709551343,6,5,1,16,18446744073709540373,18446744073709550278,7,0,1,0,0,0,0,0,0,18446744073709551369,18446744073709551369,18446744073709053647,8,2326,0,0,1,14,18446744073709547081,18446744073709551030,18446744073709551030,32002,18446744073709551614,2,1,15302648528257250775,0,0,7,3416639682341561365,0,1,1,0
PAWN_AUDIT_RESULT,1164,1,1,-414,0,0,-414,0,0,0,0,0
PAWN_AUDIT_ENTRY,1165,6949943406231621201,16361626212604476172,13327816873014966487,14586290977157462694,3567,18446744073709551348,18446744073709551349,18446744073709551343,6,5,1,17,18446744073709539203,18446744073709550278,7,0,1,0,0,0,0,0,0,18446744073709551369,18446744073709551369,18446744073709053647,8,2327,0,0,1,9,18446744073709546549,18446744073709551030,18446744073709551030,32002,18446744073709551614,2,1,15302648528257250775,0,0,7,3416639682341561365,0,0,1,0
PAWN_AUDIT_RESULT,1165,1,1,-306,0,0,-306,0,0,0,0,0
PAWN_AUDIT_ENTRY,1166,16361626212604476172,6976038998000606683,13327816873014966487,3869616035667041172,4094,18446744073709551348,18446744073709551349,18446744073709551343,6,5,1,18,18446744073709539799,18446744073709550278,7,0,1,0,0,0,0,0,0,18446744073709551369,18446744073709551369,18446744073709053647,8,2328,0,0,1,12,18446744073709546820,18446744073709551030,18446744073709551030,32002,18446744073709551614,2,1,15302648528257250775,0,0,7,3416639682341561365,0,1,1,0
PAWN_AUDIT_RESULT,1166,1,1,-353,0,0,-353,0,0,0,0,0
PAWN_AUDIT_ENTRY,1167,6976038998000606683,14321905902204315738,13327816873014966487,8870486798405763128,3502,18446744073709551348,18446744073709551349,18446744073709551343,6,5,1,19,18446744073709539592,18446744073709550278,7,0,1,0,0,0,0,0,0,18446744073709551369,18446744073709551369,18446744073709053647,8,2329,0,0,1,9,18446744073709546726,18446744073709551030,18446744073709551030,32002,18446744073709551614,2,1,15302648528257250775,0,0,7,3416639682341561365,0,0,1,0
PAWN_AUDIT_RESULT,1167,1,1,-327,0,0,-327,0,0,0,0,0
PAWN_AUDIT_ENTRY,1168,14321905902204315738,673202156152523728,13327816873014966487,16703409400637408445,3372,18446744073709551348,18446744073709551349,18446744073709551343,6,5,1,20,18446744073709539522,18446744073709550278,7,0,1,0,0,0,0,0,0,18446744073709551369,18446744073709551369,18446744073709053647,8,2330,0,0,1,13,18446744073709546694,18446744073709551030,18446744073709551030,32002,18446744073709551614,2,1,15302648528257250775,0,0,7,3416639682341561365,0,1,1,0
PAWN_AUDIT_RESULT,1168,1,1,-303,0,0,-303,0,0,0,0,0
PAWN_AUDIT_ENTRY,1169,673202156152523728,6918348507888567145,13327816873014966487,5826101046974498759,3104,18446744073709551348,18446744073709551349,18446744073709551343,6,5,1,21,18446744073709539318,18446744073709550278,7,0,1,0,0,0,0,0,0,18446744073709551369,18446744073709551369,18446744073709053647,8,2331,0,0,1,9,18446744073709546601,18446744073709551030,18446744073709551030,32002,18446744073709551614,2,1,15302648528257250775,0,0,7,3416639682341561365,0,0,1,0
PAWN_AUDIT_RESULT,1169,1,1,-289,0,0,-289,0,0,0,0,0
PAWN_AUDIT_ENTRY,1170,6918348507888567145,10217866090282318986,13327816873014966487,2741520711102679074,3559,18446744073709551348,18446744073709551349,18446744073709551343,6,5,1,22,18446744073709538785,18446744073709550278,7,0,1,0,0,0,0,0,0,18446744073709551369,18446744073709551369,18446744073709053647,8,2332,0,0,1,9,18446744073709546359,18446744073709551030,18446744073709551030,32002,18446744073709551614,2,1,15302648528257250775,0,0,7,3416639682341561365,0,0,1,0
PAWN_AUDIT_RESULT,1170,1,1,-301,0,0,-301,0,0,0,0,0
PAWN_AUDIT_ENTRY,1171,10217866090282318986,1045830604736684130,13327816873014966487,9402230449765785627,3169,18446744073709551348,18446744073709551349,18446744073709551343,6,5,1,23,18446744073709538761,18446744073709550278,7,0,1,0,0,0,0,0,0,18446744073709551369,18446744073709551369,18446744073709053647,8,2333,0,0,1,9,18446744073709546348,18446744073709551030,18446744073709551030,32002,18446744073709551614,2,1,15302648528257250775,0,0,7,3416639682341561365,0,0,1,0
PAWN_AUDIT_RESULT,1171,1,1,-414,0,0,-414,0,0,0,0,0
PAWN_AUDIT_ENTRY,1172,1045830604736684130,4171119254923436881,13327816873014966487,16950655526559048059,3112,18446744073709551348,18446744073709551349,18446744073709551343,6,5,1,24,18446744073709538141,18446744073709550278,7,0,1,0,0,0,0,0,0,18446744073709551369,18446744073709551369,18446744073709053647,8,2334,0,0,1,9,18446744073709546340,18446744073709550743,18446744073709550761,32002,18446744073709551614,2,1,15302648528257250775,0,0,7,3416639682341561365,0,0,1,0
PAWN_AUDIT_RESULT,1172,1,1,-302,0,0,-302,0,0,0,0,0
PAWN_AUDIT_ENTRY,1173,4171119254923436881,10929961184813453283,13327816873014966487,5071320028558930770,3177,18446744073709551348,18446744073709551349,18446744073709551343,6,5,1,25,18446744073709537873,18446744073709550278,7,0,1,0,0,0,0,0,0,18446744073709551369,18446744073709551369,18446744073709053647,8,2335,0,0,1,9,18446744073709546187,18446744073709550779,18446744073709550788,32002,18446744073709551614,2,1,15302648528257250775,0,0,7,3416639682341561365,0,0,1,0
PAWN_AUDIT_RESULT,1173,1,1,-347,0,0,-347,0,0,0,0,0
PAWN_AUDIT_ENTRY,1174,10929961184813453283,11605785870025928569,13327816873014966487,16571831522349349805,3641,18446744073709551348,18446744073709551349,18446744073709551343,6,5,1,26,18446744073709538794,18446744073709548874,7,0,1,0,0,0,0,0,0,18446744073709551369,18446744073709551369,18446744073709053647,8,2336,0,0,1,12,18446744073709546363,18446744073709551030,18446744073709551030,32002,18446744073709551614,2,1,15302648528257250775,0,0,7,3416639682341561365,0,1,1,0
PAWN_AUDIT_RESULT,1174,1,1,-338,0,0,-338,0,0,0,0,0
PAWN_AUDIT_ENTRY,1176,4852202998376901131,4868625160811158820,9139473259046768378,13708659930348818057,3373,18446744073709551348,18446744073709551349,18446744073709551344,8,7,1,3,18446744073709550072,18446744073709549703,5,0,1,0,0,1,0,2715,0,18446744073709551343,18446744073709551244,342805,8,2338,0,0,1,13,18446744073709551491,18446744073709551030,18446744073709551030,18446744073709551343,4,2,1,15302648528257250775,0,0,5,16197182179340243389,0,1,1,0
PAWN_AUDIT_RESULT,1176,1,1,-344,0,0,-344,0,0,0,0,0
PAWN_AUDIT_ENTRY,1177,4868625160811158820,6829659730553488971,9139473259046768378,3033149719319599034,3364,18446744073709551348,18446744073709551349,18446744073709551344,8,7,1,5,18446744073709549902,18446744073709549273,5,0,1,0,0,1,0,2715,0,18446744073709551343,18446744073709551244,342805,8,2339,0,0,1,13,244,18446744073709550138,18446744073709551030,18446744073709551343,4,2,1,15302648528257250775,0,0,5,16197182179340243389,0,1,1,0
PAWN_AUDIT_RESULT,1177,1,1,-389,0,0,-389,0,0,0,0,0
PAWN_AUDIT_ENTRY,1178,6829659730553488971,13890396396786451564,9139473259046768378,10403056799483753584,3309,18446744073709551348,18446744073709551349,18446744073709551344,8,7,1,6,18446744073709542704,18446744073709550278,5,0,1,0,0,1,0,2715,0,18446744073709551343,18446744073709551244,342805,8,2340,0,0,1,10,18446744073709548141,18446744073709551030,18446744073709551030,18446744073709551343,4,2,1,15302648528257250775,0,0,5,16197182179340243389,0,1,1,0
PAWN_AUDIT_RESULT,1178,1,1,-437,0,0,-437,0,0,0,0,0
PAWN_AUDIT_ENTRY,1179,13890396396786451564,15734545163457481663,9139473259046768378,9758030652691619006,3300,18446744073709551348,18446744073709551349,18446744073709551344,8,7,1,7,18446744073709548299,18446744073709548355,5,0,1,0,0,1,0,2715,0,18446744073709551343,18446744073709551244,342805,8,2341,0,0,1,10,18446744073709551273,18446744073709551030,18446744073709549818,18446744073709551343,4,2,1,15302648528257250775,0,0,5,16197182179340243389,0,1,1,0
PAWN_AUDIT_RESULT,1179,1,1,-361,0,0,-361,0,0,0,0,0
PAWN_AUDIT_ENTRY,1180,15734545163457481663,4709913682962039319,9139473259046768378,15514817524909940469,3437,18446744073709551348,18446744073709551349,18446744073709551344,8,7,1,8,18446744073709542610,18446744073709550278,5,0,1,0,0,1,0,2715,0,18446744073709551343,18446744073709551244,342805,8,2342,0,0,1,9,18446744073709548098,18446744073709551030,18446744073709551030,18446744073709551343,4,2,1,15302648528257250775,0,0,5,16197182179340243389,0,0,1,0
PAWN_AUDIT_RESULT,1180,1,1,-389,0,0,-389,0,0,0,0,0
PAWN_AUDIT_ENTRY,1346,4761835912717170126,16715543242701724016,8271941808908121115,220748603893608928,658,299,300,277,8,7,2,2,18446744073709546475,18446744073709550644,4,0,1,0,0,1,0,1371,0,286,211,6892344,9,2623,0,0,0,1,18446744073709549006,18446744073709550984,1212,286,5,2,1,15084002520892502314,1,0,4,1030489695836318519,0,0,1,0
PAWN_AUDIT_RESULT,1346,2,2,245,0,0,245,0,3,3,0,0
PAWN_AUDIT_ENTRY,1366,15877725702773590773,13485552101188506297,6525901888535457908,14301030608355655125,983,275,276,265,6,5,2,3,18446744073709546837,18446744073709550278,10,0,0,0,0,0,0,0,0,49,49,18446744073702161037,9,2678,0,0,0,1,18446744073709550020,18446744073709551030,18446744073709551030,32002,18446744073709551613,0,0,17444982774477705371,4,0,10,16358118165484659232,0,0,1,0
PAWN_AUDIT_RESULT,1366,2,2,191,0,0,191,0,0,0,0,0
PAWN_AUDIT_ENTRY,1367,13485552101188506297,10107332191153897544,6525901888535457908,14788557057241568595,1563,275,276,265,6,5,2,4,18446744073709548526,18446744073709548890,10,0,0,0,0,0,0,0,0,49,49,18446744073702161037,9,2679,0,0,0,5,18446744073709550788,18446744073709551030,18446744073709551030,32002,18446744073709551613,0,0,17444982774477705371,4,0,10,16358118165484659232,0,5,1,0
PAWN_AUDIT_RESULT,1367,2,2,-1,0,0,-1,0,0,0,0,0
PAWN_AUDIT_ENTRY,1369,6901928389521139156,14799550926468211434,14845734440643338905,6461979001393645502,1752,275,276,18446744073709551404,9,8,4,2,18446744073709542928,18446744073709550278,10,0,0,0,0,0,0,0,1,18446744073709550338,18446744073709550338,18446744073708490102,9,2683,0,0,1,5,18446744073709548982,18446744073709550728,18446744073709549818,18446744073709551614,4,1,1,5074931176013073589,0,0,10,4592924312230503152,0,1,1,0
PAWN_AUDIT_RESULT,1369,4,4,-81,0,0,-81,0,2,2,0,0
PAWN_AUDIT_ENTRY,1370,14799550926468211434,1959782372640447630,8406143209408677639,13298043381811444682,324,275,276,266,11,10,6,3,18446744073709536893,4244,8,0,0,0,0,1,0,0,0,267,280,18446744073701408963,9,2686,0,0,0,4,18446744073709546896,18446744073709550235,18446744073709548970,267,6,1,1,17444982774477705371,2,0,8,2549998701243799099,0,3,1,0
PAWN_AUDIT_ENTRY,1371,1959782372640447630,5084481515392620717,80852603155376542,10859327110790761657,1752,275,276,18446744073709551576,6,5,2,2,18446744073709542753,1817,10,0,0,0,0,0,0,0,0,234,234,18446744073702306677,9,2690,0,0,0,5,18446744073709548982,18446744073709549392,18446744073709551030,255,2,1,1,17444982774477705371,4,0,10,13298043381811444682,0,5,1,0
PAWN_AUDIT_RESULT,1371,2,2,194,0,0,194,0,0,0,0,0
PAWN_AUDIT_ENTRY,1372,5084481515392620717,9614854675200797020,80852603155376542,11383096152503084095,983,275,276,194,6,5,2,3,18446744073709548343,18446744073709550278,10,0,0,0,0,0,0,0,0,234,234,18446744073702306677,9,2691,0,0,0,1,18446744073709550705,18446744073709551030,18446744073709551030,255,2,1,1,17444982774477705371,4,0,10,13298043381811444682,0,0,1,0
PAWN_AUDIT_RESULT,1372,2,2,253,0,0,253,0,0,0,0,0
PAWN_AUDIT_ENTRY,1373,9614854675200797020,11960410469006100122,80852603155376542,11636589511330072032,1731,275,276,253,6,5,1,4,18446744073709544955,18446744073709549797,10,0,0,0,0,0,0,0,0,234,234,18446744073702306677,9,2692,0,0,0,5,18446744073709548631,18446744073709551030,513,255,2,1,1,17444982774477705371,4,0,10,13298043381811444682,0,5,1,0
PAWN_AUDIT_RESULT,1373,1,1,202,0,0,202,0,0,0,0,0
PAWN_AUDIT_ENTRY,1374,11960410469006100122,9113440724305564136,80852603155376542,13958770338867480949,1828,275,276,253,6,5,1,5,18446744073709545711,18446744073709550278,10,0,0,0,0,0,0,0,0,234,234,18446744073702306677,9,2693,0,0,0,1,18446744073709549512,1301,18446744073709549078,255,2,1,1,17444982774477705371,4,0,10,13298043381811444682,0,0,1,0
PAWN_AUDIT_RESULT,1374,1,1,219,0,0,219,0,2,2,0,0
PAWN_AUDIT_ENTRY,1375,9113440724305564136,14321115641759968703,80852603155376542,7809244998222330428,861,275,276,253,6,5,1,10,18446744073709540187,18446744073709549337,10,0,0,0,0,0,0,0,0,234,234,18446744073702306677,9,2696,0,0,0,1,18446744073709547320,18446744073709550383,18446744073709551030,255,2,1,1,17444982774477705371,4,0,10,13298043381811444682,0,0,1,0
PAWN_AUDIT_RESULT,1375,1,1,229,0,0,229,0,0,0,0,0
PAWN_AUDIT_RESULT,1370,6,6,255,0,0,255,0,10,10,0,0
PAWN_AUDIT_ENTRY,1376,14321115641759968703,12952008663090278689,8406143209408677639,15333306700547337081,1731,275,276,266,11,10,6,4,18446744073709542190,18446744073709548755,8,0,0,0,0,1,0,0,0,267,280,18446744073701408963,9,2697,0,0,0,5,18446744073709547968,18446744073709551030,18446744073709550905,267,6,1,1,17444982774477705371,2,0,8,2549998701243799099,0,3,1,0
PAWN_AUDIT_RESULT,1376,6,6,206,0,0,206,0,0,0,0,0
PAWN_AUDIT_ENTRY,1377,12952008663090278689,17711929891434895698,8406143209408677639,16739668804332669606,983,275,276,266,11,10,7,5,18446744073709549460,18446744073709550278,8,0,0,0,0,1,0,0,0,267,280,18446744073701408963,9,2698,0,0,0,1,18446744073709551213,18446744073709551030,18446744073709551030,267,6,1,1,17444982774477705371,2,0,8,2549998701243799099,0,0,1,0
PAWN_AUDIT_RESULT,1377,7,7,246,0,0,246,0,5,5,0,0
PAWN_AUDIT_ENTRY,1382,8186180953162559678,3430457835498729668,8406143209408677639,12115422502896709613,991,275,276,266,11,10,5,10,18446744073709537235,18446744073709550278,8,0,0,0,0,1,0,0,0,267,280,18446744073701408963,9,2711,0,0,0,1,18446744073709545654,18446744073709551030,18446744073709551030,267,6,1,1,17444982774477705371,2,0,8,2549998701243799099,0,0,1,0
PAWN_AUDIT_RESULT,1382,5,5,239,0,0,239,0,0,0,0,0
PAWN_AUDIT_ENTRY,1383,3430457835498729668,1554262349405092189,8406143209408677639,1862136495589659813,861,275,276,266,11,10,5,11,18446744073709540276,18446744073709549337,8,0,0,0,0,1,0,0,0,267,280,18446744073701408963,9,2712,0,0,0,1,18446744073709547205,18446744073709551030,18446744073709550683,267,6,1,1,17444982774477705371,2,0,8,2549998701243799099,0,0,1,0
PAWN_AUDIT_RESULT,1383,5,5,248,0,0,248,0,4,4,0,0
PAWN_AUDIT_ENTRY,1386,4358328355983172887,10723884037911633670,8406143209408677639,15457713065223283969,536,275,276,266,11,10,5,12,18446744073709537063,18446744073709550278,8,0,0,0,0,1,0,0,0,267,280,18446744073701408963,9,2717,0,0,0,1,18446744073709545576,18446744073709551030,18446744073709551030,267,6,1,1,17444982774477705371,2,0,8,2549998701243799099,0,0,1,0
PAWN_AUDIT_RESULT,1386,5,5,253,0,0,253,0,4,4,0,0
PAWN_AUDIT_ENTRY,1389,10748985125491104410,7952646997783267895,8406143209408677639,16611219004557122536,593,275,276,266,11,10,5,13,18446744073709537948,18446744073709549950,8,0,0,0,0,1,0,0,0,267,280,18446744073701408963,9,2722,0,0,0,1,18446744073709546088,18446744073709551030,18446744073709550804,267,6,1,1,17444982774477705371,2,0,8,2549998701243799099,0,0,1,0
PAWN_AUDIT_RESULT,1389,5,5,263,0,0,263,0,4,4,0,0
PAWN_AUDIT_ENTRY,1392,11870434390799797614,11936856677975150563,8406143209408677639,7014782190857583166,148,275,276,266,11,10,4,14,18446744073709535517,18446744073709550278,8,0,0,0,0,1,0,0,0,267,280,18446744073701408963,9,2727,0,0,0,3,18446744073709544873,18446744073709551030,18446744073709551030,267,6,1,1,17444982774477705371,2,0,8,2549998701243799099,0,3,1,0
PAWN_AUDIT_RESULT,1392,4,4,91,0,0,91,0,4,4,0,0
PAWN_AUDIT_ENTRY,1393,11936856677975150563,7700489621511907802,8406143209408677639,15285006711026777357,601,275,276,266,11,10,4,15,18446744073709535328,18446744073709550278,8,0,0,0,0,1,0,0,0,267,280,18446744073701408963,9,2732,0,0,0,1,18446744073709544787,18446744073709551030,18446744073709551030,267,6,1,1,17444982774477705371,2,0,8,2549998701243799099,0,0,1,0
PAWN_AUDIT_RESULT,1393,4,4,241,0,0,241,0,0,0,0,0
PAWN_AUDIT_ENTRY,1394,7700489621511907802,17393670451924865453,8406143209408677639,10250225126100144344,157,275,276,266,11,10,4,16,18446744073709535302,18446744073709550278,8,0,0,0,0,1,0,0,0,267,280,18446744073701408963,9,2733,0,0,0,3,18446744073709544775,18446744073709551030,18446744073709551030,267,6,1,1,17444982774477705371,2,0,8,2549998701243799099,0,3,1,0
PAWN_AUDIT_ENTRY,1400,4328933085963890935,16759255393144975647,4022560601474368140,2749633744273233162,4,275,276,255,8,7,3,3,18446744073709545641,4244,10,0,0,0,0,0,0,0,0,360,360,18446744073703470681,9,2755,0,0,0,4,18446744073709551613,18446744073709546757,18446744073709551030,32002,18446744073709551614,0,1,17444982774477705371,4,0,10,10250225126100144344,0,5,1,0
PAWN_AUDIT_RESULT,1400,3,3,263,0,0,263,0,0,0,0,0
PAWN_AUDIT_ENTRY,1402,14279015678977660596,10521753819646355158,4022560601474368140,11563039281506330539,1752,275,276,269,8,7,2,5,18446744073709540822,1817,10,0,0,0,0,0,0,0,0,360,360,18446744073703470681,9,2757,0,0,0,5,18446744073709548104,18446744073709549392,18446744073709551030,32002,18446744073709551614,0,1,17444982774477705371,4,0,10,10250225126100144344,0,5,1,0
PAWN_AUDIT_RESULT,1402,2,2,198,0,0,198,0,0,0,0,0
PAWN_AUDIT_ENTRY,1403,10521753819646355158,11997560933651766230,4022560601474368140,8664854644596421542,1876,275,276,269,8,7,3,6,18446744073709550340,18446744073709550398,10,0,0,0,0,0,0,0,0,360,360,18446744073703470681,9,2758,0,0,0,3,18446744073709551613,18446744073709551030,18446744073709551030,32002,18446744073709551614,0,1,17444982774477705371,4,0,10,10250225126100144344,0,5,1,0
PAWN_AUDIT_RESULT,1403,3,3,204,0,0,204,0,0,0,0,0
PAWN_AUDIT_ENTRY,1404,11997560933651766230,2144861836220940475,4022560601474368140,14788557057241568595,1858,275,276,269,8,7,3,7,18446744073709550340,18446744073709550278,10,0,0,0,0,0,0,0,0,360,360,18446744073703470681,9,2759,0,0,0,3,18446744073709551613,18446744073709551030,18446744073709551030,32002,18446744073709551614,0,1,17444982774477705371,4,0,10,10250225126100144344,0,5,1,0
PAWN_AUDIT_RESULT,1404,3,3,-1,0,0,-1,0,0,0,0,0
PAWN_AUDIT_ENTRY,1405,2144861836220940475,1012508795685043728,4022560601474368140,5715640167292221574,1867,275,276,269,8,7,3,8,18446744073709550340,18446744073709550278,10,0,0,0,0,0,0,0,0,360,360,18446744073703470681,9,2760,0,0,0,3,18446744073709551613,18446744073709551030,18446744073709551030,32002,18446744073709551614,0,1,17444982774477705371,4,0,10,10250225126100144344,0,5,1,0
PAWN_AUDIT_RESULT,1405,3,3,205,0,0,205,0,0,0,0,0
PAWN_AUDIT_ENTRY,1406,1012508795685043728,4129722521039433151,4022560601474368140,7351088366476473487,1894,275,276,269,8,7,3,9,18446744073709550340,18446744073709550278,10,0,0,0,0,0,0,0,0,360,360,18446744073703470681,9,2761,0,0,0,3,18446744073709551613,18446744073709551030,18446744073709551030,32002,18446744073709551614,0,1,17444982774477705371,4,0,10,10250225126100144344,0,5,1,0
PAWN_AUDIT_RESULT,1406,3,3,208,0,0,208,0,0,0,0,0
PAWN_AUDIT_ENTRY,1407,4129722521039433151,15276890700996755303,4022560601474368140,11426267827536650739,2,275,276,269,8,7,3,10,18446744073709550340,18446744073709550278,10,0,0,0,0,0,0,0,0,360,360,18446744073703470681,9,2762,0,0,0,4,18446744073709551613,18446744073709551030,18446744073709551030,32002,18446744073709551614,0,1,17444982774477705371,4,0,10,10250225126100144344,0,5,1,0
PAWN_AUDIT_RESULT,1407,3,3,237,0,0,237,0,0,0,0,0
PAWN_AUDIT_ENTRY,1408,15276890700996755303,2323438845216791799,4022560601474368140,4849628695436266168,322,275,276,269,8,7,3,11,18446744073709550340,18446744073709548874,10,0,0,0,0,0,0,0,0,360,360,18446744073703470681,9,2763,0,0,0,4,18446744073709551613,18446744073709551030,18446744073709551030,32002,18446744073709551614,0,1,17444982774477705371,4,0,10,10250225126100144344,0,5,1,0
PAWN_AUDIT_RESULT,1408,3,3,226,0,0,226,0,0,0,0,0
PAWN_AUDIT_ENTRY,1409,2323438845216791799,5872264828359919175,4022560601474368140,18156187972785651265,324,275,276,269,8,7,1,12,18446744073709538474,3120,10,0,0,0,0,0,0,0,0,360,360,18446744073703470681,9,2764,0,0,0,4,18446744073709548354,18446744073709546757,18446744073709551030,32002,18446744073709551614,0,1,17444982774477705371,4,0,10,10250225126100144344,0,5,1,0
PAWN_AUDIT_RESULT,1409,1,1,275,0,0,275,0,1,1,0,0
PAWN_AUDIT_ENTRY,1410,5872264828359919175,3305953961509267059,4022560601474368140,10094915726039864835,321,275,276,275,8,7,1,13,18446744073709549780,18446744073709547254,10,0,0,0,0,0,0,0,0,360,360,18446744073703470681,9,2766,0,0,0,4,18446744073709551613,18446744073709550521,18446744073709551030,32002,18446744073709551614,0,1,17444982774477705371,4,0,10,10250225126100144344,0,5,1,0
PAWN_AUDIT_RESULT,1410,1,1,232,0,0,232,0,0,0,0,0
PAWN_AUDIT_ENTRY,1411,3305953961509267059,2851518061682849685,4022560601474368140,11706205694468607560,3,275,276,275,8,7,1,14,18446744073709549210,18446744073709548264,10,0,0,0,0,0,0,0,0,360,360,18446744073703470681,9,2767,0,0,0,4,18446744073709551613,18446744073709550002,18446744073709551030,32002,18446744073709551614,0,1,17444982774477705371,4,0,10,10250225126100144344,0,5,1,0
PAWN_AUDIT_RESULT,1411,1,1,282,1,6,285,0,11,18,1,1
PAWN_AUDIT_ENTRY,1419,18375373650407050252,9820413042506053252,10250225126100144344,16111920899782356893,3257,18446744073709551340,18446744073709551341,18446744073709551332,9,8,1,4,18446744073709544714,18446744073709547758,9,0,1,0,0,1,0,0,0,18446744073709551248,18446744073709551248,5585540,9,2787,0,0,0,13,18446744073709549055,18446744073709551030,18446744073709551030,18446744073709551311,5,1,1,17444982774477705371,3,0,9,8406143209408677639,0,4,1,0
PAWN_AUDIT_RESULT,1419,1,1,-496,0,0,-496,0,0,0,0,0
PAWN_AUDIT_ENTRY,1420,9820413042506053252,2874091576267831800,10250225126100144344,430119023320597764,3259,18446744073709551340,18446744073709551341,18446744073709551332,9,8,1,5,18446744073709545231,18446744073709547755,9,0,1,0,0,1,0,0,0,18446744073709551248,18446744073709551248,5585540,9,2788,0,0,0,13,18446744073709549290,18446744073709551030,18446744073709551030,18446744073709551311,5,1,1,17444982774477705371,3,0,9,8406143209408677639,0,4,1,0
PAWN_AUDIT_RESULT,1420,1,1,-401,0,0,-401,0,0,0,0,0
PAWN_AUDIT_ENTRY,1421,2874091576267831800,8744312174871143686,10250225126100144344,6974640937240717906,2931,18446744073709551340,18446744073709551341,18446744073709551332,9,8,1,6,18446744073709547587,18446744073709548385,9,0,1,0,0,1,0,0,0,18446744073709551248,18446744073709551248,5585540,9,2789,0,0,0,10,18446744073709550361,18446744073709551030,18446744073709551030,18446744073709551311,5,1,1,17444982774477705371,3,0,9,8406143209408677639,0,4,1,0
PAWN_AUDIT_RESULT,1421,1,1,-365,0,0,-365,0,0,0,0,0
PAWN_AUDIT_ENTRY,1422,8744312174871143686,5258463866521168259,10250225126100144344,16625979590204982963,3232,18446744073709551340,18446744073709551341,18446744073709551332,9,8,1,7,18446744073709547219,18446744073709548692,9,0,1,0,0,1,0,0,0,18446744073709551248,18446744073709551248,5585540,9,2790,0,0,0,13,18446744073709550194,18446744073709551030,18446744073709551030,18446744073709551311,5,1,1,17444982774477705371,3,0,9,8406143209408677639,0,4,1,0
PAWN_AUDIT_RESULT,1422,1,1,-392,0,0,-392,0,0,0,0,0
PAWN_AUDIT_ENTRY,1424,13998169311160316001,811782076073863966,10250225126100144344,7841224729062518866,2722,18446744073709551340,18446744073709551341,18446744073709551332,9,8,1,9,18446744073709543971,18446744073709549586,9,0,1,0,0,1,0,0,0,18446744073709551248,18446744073709551248,5585540,9,2792,0,0,0,9,18446744073709548717,18446744073709551030,18446744073709551030,18446744073709551311,5,1,1,17444982774477705371,3,0,9,8406143209408677639,0,0,1,0
PAWN_AUDIT_RESULT,1424,1,1,-498,0,0,-498,0,0,0,0,0
PAWN_AUDIT_ENTRY,1425,811782076073863966,2856714432482097898,10250225126100144344,15729669872245070911,3742,18446744073709551340,18446744073709551341,18446744073709551332,9,8,1,10,18446744073709547014,18446744073709547845,9,0,1,0,0,1,0,0,0,18446744073709551248,18446744073709551248,5585540,9,2793,0,0,0,11,18446744073709550325,18446744073709551556,18446744073709550026,18446744073709551311,5,1,1,17444982774477705371,3,0,9,8406143209408677639,0,4,1,0
PAWN_AUDIT_RESULT,1425,1,1,-392,0,0,-392,0,0,0,0,0
PAWN_AUDIT_ENTRY,1426,2856714432482097898,10688001504514650665,10250225126100144344,1290555941878164070,3251,18446744073709551340,18446744073709551341,18446744073709551332,9,8,1,11,18446744073709547437,18446744073709547551,9,0,1,0,0,1,0,0,0,18446744073709551248,18446744073709551248,5585540,9,2794,0,0,0,13,18446744073709550293,18446744073709551030,18446744073709551030,18446744073709551311,5,1,1,17444982774477705371,3,0,9,8406143209408677639,0,4,1,0
PAWN_AUDIT_RESULT,1426,1,1,-447,0,0,-447,0,0,0,0,0
PAWN_AUDIT_ENTRY,1427,10688001504514650665,14260232131987779143,10250225126100144344,17251618946469510630,3756,18446744073709551340,18446744073709551341,18446744073709551332,9,8,1,12,18446744073709543632,18446744073709548563,9,0,1,0,0,1,0,0,0,18446744073709551248,18446744073709551248,5585540,9,2795,0,0,0,11,18446744073709548563,18446744073709551030,18446744073709551030,18446744073709551311,5,1,1,17444982774477705371,3,0,9,8406143209408677639,0,4,1,0
PAWN_AUDIT_RESULT,1427,1,1,-338,0,0,-338,0,0,0,0,0
PAWN_AUDIT_ENTRY,1428,14260232131987779143,1894546787169190202,10250225126100144344,15675879703929831908,3252,18446744073709551340,18446744073709551341,18446744073709551332,9,8,1,13,18446744073709547219,18446744073709546870,9,0,1,0,0,1,0,0,0,18446744073709551248,18446744073709551248,5585540,9,2796,0,0,0,13,18446744073709550194,18446744073709551030,18446744073709551030,18446744073709551311,5,1,1,17444982774477705371,3,0,9,8406143209408677639,0,4,1,0
PAWN_AUDIT_RESULT,1428,1,1,-524,0,0,-524,0,0,0,0,0
PAWN_AUDIT_RESULT,1394,4,4,305,1,10,284,0,5,63,1,1
PAWN_AUDIT_ENTRY,1437,4424924735692332361,7352438830938054956,16143792975097555548,9917632777739647162,2338,18446744073709551340,18446744073709551341,18446744073709551340,9,8,6,6,18446744073709546412,18446744073709548085,9,0,0,0,0,1,0,3956,0,18446744073709551342,18446744073709551357,6745058,9,2822,0,0,0,13,18446744073709549689,18446744073709551126,18446744073709551215,18446744073709551342,8,1,1,17444982774477705371,3,0,9,8620291378174021499,0,4,1,0
PAWN_AUDIT_RESULT,1437,6,6,-459,0,0,-459,0,14,14,0,0
PAWN_AUDIT_ENTRY,1444,419697312559618414,4168235816460098898,16143792975097555548,5406260318131590330,2348,18446744073709551340,18446744073709551341,18446744073709551340,9,8,5,11,18446744073709544992,18446744073709548039,9,0,0,0,0,1,0,3956,0,18446744073709551342,18446744073709551357,6745058,9,2838,0,0,0,13,18446744073709549181,18446744073709551030,18446744073709551030,18446744073709551342,8,1,1,17444982774477705371,3,0,9,8620291378174021499,0,4,1,0
PAWN_AUDIT_RESULT,1444,5,5,-330,0,0,-330,0,0,0,0,0
PAWN_AUDIT_ENTRY,1445,4168235816460098898,7351410010047215382,16143792975097555548,1045043636107481302,2931,18446744073709551340,18446744073709551341,18446744073709551340,9,8,5,12,18446744073709545570,18446744073709547589,9,0,0,0,0,1,0,3956,0,18446744073709551342,18446744073709551357,6745058,9,2839,0,0,0,10,18446744073709549444,18446744073709551030,18446744073709551030,18446744073709551342,8,1,1,17444982774477705371,3,0,9,8620291378174021499,0,4,1,0
PAWN_AUDIT_RESULT,1445,5,5,-314,0,0,-314,0,3,3,0,0
PAWN_AUDIT_ENTRY,1447,12668925196031320513,2103477784489041732,16143792975097555548,14402197983208423848,3763,18446744073709551340,18446744073709551341,18446744073709551340,9,8,4,13,18446744073709542674,18446744073709548874,9,0,0,0,0,1,0,3956,0,18446744073709551342,18446744073709551357,6745058,9,2843,0,0,0,11,18446744073709548127,18446744073709551030,18446744073709551030,18446744073709551342,8,1,1,17444982774477705371,3,0,9,8620291378174021499,0,4,1,0
PAWN_AUDIT_RESULT,1447,4,4,-317,0,0,-317,0,0,0,0,0
PAWN_AUDIT_ENTRY,1448,2103477784489041732,11119650521127708474,16143792975097555548,9304519687522994018,3756,18446744073709551340,18446744073709551341,18446744073709551340,9,8,4,14,18446744073709543311,18446744073709548375,9,0,0,0,0,1,0,3956,0,18446744073709551342,18446744073709551357,6745058,9,2844,0,0,0,11,18446744073709548417,18446744073709551030,18446744073709551030,18446744073709551342,8,1,1,17444982774477705371,3,0,9,8620291378174021499,0,4,1,0
PAWN_AUDIT_RESULT,1448,4,4,-372,0,0,-372,0,0,0,0,0
PAWN_AUDIT_ENTRY,1449,11119650521127708474,10521101777209818451,16143792975097555548,15745923773117231760,3169,18446744073709551340,18446744073709551341,18446744073709551340,9,8,4,16,18446744073709537928,18446744073709550278,9,0,0,0,0,1,0,3956,0,18446744073709551342,18446744073709551357,6745058,9,2845,0,0,0,9,18446744073709545969,18446744073709551030,18446744073709551030,18446744073709551342,8,1,1,17444982774477705371,3,0,9,8620291378174021499,0,0,1,0
PAWN_AUDIT_RESULT,1449,4,4,-348,0,0,-348,0,0,0,0,0
PAWN_AUDIT_ENTRY,1450,10521101777209818451,11788783238546384963,16143792975097555548,11761169020902536419,3494,18446744073709551340,18446744073709551341,18446744073709551340,9,8,4,17,18446744073709537842,18446744073709550278,9,0,0,0,0,1,0,3956,0,18446744073709551342,18446744073709551357,6745058,9,2846,0,0,0,9,18446744073709545930,18446744073709551030,18446744073709551030,18446744073709551342,8,1,1,17444982774477705371,3,0,9,8620291378174021499,0,0,1,0
PAWN_AUDIT_RESULT,1450,4,4,-386,0,0,-386,0,0,0,0,0
PAWN_AUDIT_ENTRY,1451,11788783238546384963,13097243432019768874,16143792975097555548,587109456413922636,3104,18446744073709551340,18446744073709551341,18446744073709551340,9,8,4,18,18446744073709537776,18446744073709550278,9,0,0,0,0,1,0,3956,0,18446744073709551342,18446744073709551357,6745058,9,2847,0,0,0,9,18446744073709545900,18446744073709551030,18446744073709551030,18446744073709551342,8,1,1,17444982774477705371,3,0,9,8620291378174021499,0,0,1,0
PAWN_AUDIT_RESULT,1451,4,4,-339,0,0,-339,0,0,0,0,0
PAWN_AUDIT_ENTRY,1452,13097243432019768874,625617780471305481,16143792975097555548,10561863224932034605,3567,18446744073709551340,18446744073709551341,18446744073709551340,9,8,4,19,18446744073709537692,18446744073709550278,9,0,0,0,0,1,0,3956,0,18446744073709551342,18446744073709551357,6745058,9,2848,0,0,0,9,18446744073709545862,18446744073709551030,18446744073709551030,18446744073709551342,8,1,1,17444982774477705371,3,0,9,8620291378174021499,0,0,1,0
PAWN_AUDIT_RESULT,1452,4,4,-362,0,0,-362,0,0,0,0,0
PAWN_AUDIT_ENTRY,1453,625617780471305481,15630499409909718455,16143792975097555548,2586720155071795891,3502,18446744073709551340,18446744073709551341,18446744073709551340,9,8,4,20,18446744073709537615,18446744073709550278,9,0,0,0,0,1,0,3956,0,18446744073709551342,18446744073709551357,6745058,9,2849,0,0,0,9,18446744073709545827,18446744073709551030,18446744073709551030,18446744073709551342,8,1,1,17444982774477705371,3,0,9,8620291378174021499,0,0,1,0
PAWN_AUDIT_RESULT,1453,4,4,-417,0,0,-417,0,0,0,0,0
PAWN_AUDIT_ENTRY,1454,15630499409909718455,4148654854522564753,16143792975097555548,2206586014610579929,3177,18446744073709551340,18446744073709551341,18446744073709551340,9,8,4,21,18446744073709537644,18446744073709550278,9,0,0,0,0,1,0,3956,0,18446744073709551342,18446744073709551357,6745058,9,2850,0,0,0,9,18446744073709545840,18446744073709551030,18446744073709551030,18446744073709551342,8,1,1,17444982774477705371,3,0,9,8620291378174021499,0,0,1,0
PAWN_AUDIT_RESULT,1454,4,4,-762,0,0,-762,0,0,0,0,0
PAWN_AUDIT_ENTRY,1455,4148654854522564753,6347108861828621392,16143792975097555548,9148071397334424233,3559,18446744073709551340,18446744073709551341,18446744073709551340,9,8,4,22,18446744073709537237,18446744073709550278,9,0,0,0,0,1,0,3956,0,18446744073709551342,18446744073709551357,6745058,9,2851,0,0,0,9,18446744073709545655,18446744073709551030,18446744073709551030,18446744073709551342,8,1,1,17444982774477705371,3,0,9,8620291378174021499,0,0,1,0
PAWN_AUDIT_RESULT,1455,4,4,-348,0,0,-348,0,0,0,0,0
PAWN_AUDIT_ENTRY,1456,6347108861828621392,7679689738299356208,16143792975097555548,12953337265420055536,3112,18446744073709551340,18446744073709551341,18446744073709551340,9,8,4,23,18446744073709537281,18446744073709550278,9,0,0,0,0,1,0,3956,0,18446744073709551342,18446744073709551357,6745058,9,2852,0,0,0,9,18446744073709545675,18446744073709551030,18446744073709551030,18446744073709551342,8,1,1,17444982774477705371,3,0,9,8620291378174021499,0,0,1,0
PAWN_AUDIT_RESULT,1456,4,4,-369,0,0,-369,0,0,0,0,0
PAWN_AUDIT_ENTRY,1457,7679689738299356208,7976715503156737719,16143792975097555548,2990201229920867402,3891,18446744073709551340,18446744073709551341,18446744073709551340,9,8,4,24,18446744073709539799,18446744073709548874,9,0,0,0,0,1,0,3956,0,18446744073709551342,18446744073709551357,6745058,9,2853,0,0,0,14,18446744073709546820,18446744073709551030,18446744073709551030,18446744073709551342,8,1,1,17444982774477705371,3,0,9,8620291378174021499,0,4,1,0
PAWN_AUDIT_RESULT,1457,4,4,-659,0,0,-659,0,0,0,0,0
PAWN_AUDIT_ENTRY,1458,7976715503156737719,6701496037976143588,16143792975097555548,9370391070432879943,3899,18446744073709551340,18446744073709551341,18446744073709551340,9,8,4,25,18446744073709539221,18446744073709548874,9,0,0,0,0,1,0,3956,0,18446744073709551342,18446744073709551357,6745058,9,2854,0,0,0,14,18446744073709546557,18446744073709551030,18446744073709551030,18446744073709551342,8,1,1,17444982774477705371,3,0,9,8620291378174021499,0,4,1,0
PAWN_AUDIT_RESULT,1458,4,4,-553,0,0,-553,0,0,0,0,0
PAWN_AUDIT_ENTRY,1459,6701496037976143588,4128577509766567281,16143792975097555548,4791902708149797422,2942,18446744073709551340,18446744073709551341,18446744073709551340,9,8,4,26,18446744073709538818,18446744073709548874,9,0,0,0,0,1,0,3956,0,18446744073709551342,18446744073709551357,6745058,9,2855,0,0,0,10,18446744073709546374,18446744073709551030,18446744073709551030,18446744073709551342,8,1,1,17444982774477705371,3,0,9,8620291378174021499,0,4,1,0
PAWN_AUDIT_RESULT,1459,4,4,-514,0,0,-514,0,0,0,0,0
PAWN_AUDIT_ENTRY,1460,4128577509766567281,14678621616329451130,16143792975097555548,7875687097568823583,4094,18446744073709551340,18446744073709551341,18446744073709551340,9,8,4,27,18446744073709538761,18446744073709548874,9,0,0,0,0,1,0,3956,0,18446744073709551342,18446744073709551357,6745058,9,2856,0,0,0,12,18446744073709546348,18446744073709551030,18446744073709551030,18446744073709551342,8,1,1,17444982774477705371,3,0,9,8620291378174021499,0,4,1,0
PAWN_AUDIT_RESULT,1460,4,4,-463,0,0,-463,0,0,0,0,0
PAWN_AUDIT_ENTRY,1461,14678621616329451130,8448862244620614642,16143792975097555548,13026733620559491868,2356,18446744073709551340,18446744073709551341,18446744073709551340,9,8,5,28,18446744073709542704,18446744073709546870,9,0,0,0,0,1,0,3956,0,18446744073709551342,18446744073709551357,6745058,9,2857,0,0,0,13,18446744073709548141,18446744073709551030,18446744073709551030,18446744073709551342,8,1,1,17444982774477705371,3,0,9,8620291378174021499,0,4,1,0
PAWN_AUDIT_RESULT,1461,5,5,-357,0,0,-357,0,0,0,0,0
PAWN_AUDIT_ENTRY,1462,8448862244620614642,11502094359708042872,16143792975097555548,2498139816908916057,2910,18446744073709551340,18446744073709551341,18446744073709551340,9,8,4,29,18446744073709539463,18446744073709548229,9,0,0,0,0,1,0,3956,0,18446744073709551342,18446744073709551357,6745058,9,2858,0,0,0,10,18446744073709546667,18446744073709551030,18446744073709551030,18446744073709551342,8,1,1,17444982774477705371,3,0,9,8620291378174021499,0,4,1,0
PAWN_AUDIT_RESULT,1462,4,4,-344,0,0,-344,0,0,0,0,0
PAWN_AUDIT_ENTRY,1463,11502094359708042872,13527291980542318123,16143792975097555548,13620385074622081318,3641,18446744073709551340,18446744073709551341,18446744073709551340,9,8,4,30,18446744073709537954,18446744073709548874,9,0,0,0,0,1,0,3956,0,18446744073709551342,18446744073709551357,6745058,9,2859,0,0,0,12,18446744073709545981,18446744073709551030,18446744073709551030,18446744073709551342,8,1,1,17444982774477705371,3,0,9,8620291378174021499,0,4,1,0
PAWN_AUDIT_RESULT,1463,4,4,-476,0,0,-476,0,0,0,0,0
PAWN_AUDIT_ENTRY,1464,13527291980542318123,26928473189373456,16143792975097555548,1424514347517222198,3892,18446744073709551340,18446744073709551341,18446744073709551340,9,8,4,32,18446744073709539799,18446744073709547758,9,0,0,0,0,1,0,3956,0,18446744073709551342,18446744073709551357,6745058,9,2860,0,0,0,14,18446744073709546820,18446744073709551030,18446744073709551030,18446744073709551342,8,1,1,17444982774477705371,3,0,9,8620291378174021499,0,4,1,0
PAWN_AUDIT_RESULT,1464,4,4,-670,0,0,-670,0,0,0,0,0
PAWN_AUDIT_ENTRY,1465,26928473189373456,16731013627127559217,16143792975097555548,12970745382392669883,3742,18446744073709551340,18446744073709551341,18446744073709551340,9,8,5,33,18446744073709543112,18446744073709546939,9,0,0,0,0,1,0,3956,0,18446744073709551342,18446744073709551357,6745058,9,2861,0,0,0,11,18446744073709549161,18446744073709550001,18446744073709550370,18446744073709551342,8,1,1,17444982774477705371,3,0,9,8620291378174021499,0,4,1,0
PAWN_AUDIT_RESULT,1465,5,5,-394,0,0,-394,0,0,0,0,0
PAWN_AUDIT_ENTRY,1466,16731013627127559217,10936703711447954382,16143792975097555548,10514702606374504944,2919,18446744073709551340,18446744073709551341,18446744073709551340,9,8,4,34,18446744073709538761,18446744073709547758,9,0,0,0,0,1,0,3956,0,18446744073709551342,18446744073709551357,6745058,9,2862,0,0,0,10,18446744073709546348,18446744073709551030,18446744073709551030,18446744073709551342,8,1,1,17444982774477705371,3,0,9,8620291378174021499,0,4,1,0
PAWN_AUDIT_RESULT,1466,4,4,-412,0,0,-412,0,0,0,0,0
PAWN_AUDIT_ENTRY,1467,10936703711447954382,8234361032742057757,2549998701243799099,8604255007400221404,3742,18446744073709551340,18446744073709551341,18446744073709551340,10,9,4,4,18446744073709541016,18446744073709546939,7,0,1,0,0,1,0,3378,0,18446744073709551350,18446744073709551350,5478177,9,2863,0,0,0,11,18446744073709548226,18446744073709549878,18446744073709550460,18446744073709551349,8,2,1,17444982774477705371,1,0,7,8087334613673404177,0,2,1,0
PAWN_AUDIT_RESULT,1467,4,4,-335,0,0,-335,0,0,0,0,0
PAWN_AUDIT_ENTRY,1468,8234361032742057757,18064284662373357559,2549998701243799099,6910128878026852631,3387,18446744073709551340,18446744073709551341,18446744073709551340,10,9,5,5,18446744073709548757,18446744073709547755,7,0,1,0,0,1,0,3378,0,18446744073709551350,18446744073709551350,5478177,9,2864,0,0,0,13,18446744073709550893,18446744073709551030,18446744073709551030,18446744073709551349,8,2,1,17444982774477705371,1,0,7,8087334613673404177,0,2,1,0
PAWN_AUDIT_RESULT,1468,5,5,-297,0,0,-297,0,4,4,0,0
PAWN_AUDIT_ENTRY,1471,13386955017010383677,4706248615528346055,2549998701243799099,14837550726762392753,2931,18446744073709551340,18446744073709551341,18446744073709551340,10,9,3,6,18446744073709545011,18446744073709547589,7,0,1,0,0,1,0,3378,0,18446744073709551350,18446744073709551350,5478177,9,2869,0,0,0,10,18446744073709549190,18446744073709551030,18446744073709551030,18446744073709551349,8,2,1,17444982774477705371,1,0,7,8087334613673404177,0,2,1,0
PAWN_AUDIT_RESULT,1471,3,3,-314,0,0,-314,0,0,0,0,0
PAWN_AUDIT_ENTRY,1473,17210380453144493648,97668256528742297,2549998701243799099,339967491810180559,3763,18446744073709551340,18446744073709551341,18446744073709551340,10,9,3,9,18446744073709541752,18446744073709548233,7,0,1,0,0,1,0,3378,0,18446744073709551350,18446744073709551350,5478177,9,2871,0,0,0,11,18446744073709547708,18446744073709551030,18446744073709551030,18446744073709551349,8,2,1,17444982774477705371,1,0,7,8087334613673404177,0,2,1,0
PAWN_AUDIT_RESULT,1473,3,3,-353,0,0,-353,0,0,0,0,0
PAWN_AUDIT_ENTRY,1474,97668256528742297,1506409014391347427,2549998701243799099,5907151265744229450,3567,18446744073709551340,18446744073709551341,18446744073709551340,10,9,2,10,18446744073709537070,18446744073709550278,7,0,1,0,0,1,0,3378,0,18446744073709551350,18446744073709551350,5478177,9,2872,0,0,0,9,18446744073709545579,18446744073709551030,18446744073709551030,18446744073709551349,8,2,1,17444982774477705371,1,0,7,8087334613673404177,0,0,1,0
PAWN_AUDIT_RESULT,1474,2,2,-324,0,0,-324,0,0,0,0,0
PAWN_AUDIT_ENTRY,1475,1506409014391347427,2961305698979106285,2549998701243799099,13975469434998109873,2722,18446744073709551340,18446744073709551341,18446744073709551340,10,9,3,11,18446744073709541319,18446744073709549586,7,0,1,0,0,1,0,3378,0,18446744073709551350,18446744073709551350,5478177,9,2873,0,0,0,9,18446744073709547870,18446744073709551030,18446744073709550290,18446744073709551349,8,2,1,17444982774477705371,1,0,7,8087334613673404177,0,0,1,0
PAWN_AUDIT_RESULT,1475,3,3,-384,0,0,-384,0,0,0,0,0
PAWN_AUDIT_ENTRY,1476,2961305698979106285,3219690336471230561,2549998701243799099,1868411501488705271,3169,18446744073709551340,18446744073709551341,18446744073709551340,10,9,2,12,18446744073709537259,18446744073709550278,7,0,1,0,0,1,0,3378,0,18446744073709551350,18446744073709551350,5478177,9,2874,0,0,0,9,18446744073709545665,18446744073709551030,18446744073709551030,18446744073709551349,8,2,1,17444982774477705371,1,0,7,8087334613673404177,0,0,1,0
PAWN_AUDIT_RESULT,1476,2,2,-490,0,0,-490,0,0,0,0,0
PAWN_AUDIT_ENTRY,1477,3219690336471230561,16029930143164219267,2549998701243799099,14649356998788376875,3104,18446744073709551340,18446744073709551341,18446744073709551340,10,9,2,14,18446744073709537138,18446744073709550278,7,0,1,0,0,1,0,3378,0,18446744073709551350,18446744073709551350,5478177,9,2875,0,0,0,9,18446744073709545610,18446744073709551030,18446744073709551030,18446744073709551349,8,2,1,17444982774477705371,1,0,7,8087334613673404177,0,0,1,0
PAWN_AUDIT_RESULT,1477,2,2,-340,0,0,-340,0,0,0,0,0
PAWN_AUDIT_ENTRY,1478,16029930143164219267,16237536991027132260,2549998701243799099,4776462370976643845,3756,18446744073709551340,18446744073709551341,18446744073709551340,10,9,3,15,18446744073709541578,18446744073709548375,7,0,1,0,0,1,0,3378,0,18446744073709551350,18446744073709551350,5478177,9,2876,0,0,0,11,18446744073709547629,18446744073709551030,18446744073709551030,18446744073709551349,8,2,1,17444982774477705371,1,0,7,8087334613673404177,0,2,1,0
PAWN_AUDIT_RESULT,1478,3,3,-323,0,0,-323,0,0,0,0,0
PAWN_AUDIT_ENTRY,1479,16237536991027132260,10779217827415780497,2549998701243799099,16180532021278224084,3502,18446744073709551340,18446744073709551341,18446744073709551340,10,9,2,16,18446744073709537008,18446744073709550278,7,0,1,0,0,1,0,3378,0,18446744073709551350,18446744073709551350,5478177,9,2877,0,0,0,9,18446744073709545551,18446744073709551030,18446744073709551030,18446744073709551349,8,2,1,17444982774477705371,1,0,7,8087334613673404177,0,0,1,0
PAWN_AUDIT_RESULT,1479,2,2,-382,0,0,-382,0,0,0,0,0
PAWN_AUDIT_ENTRY,1480,10779217827415780497,11081721081478598347,2549998701243799099,13663171489073817294,3559,18446744073709551340,18446744073709551341,18446744073709551340,10,9,2,18,18446744073709536705,18446744073709550278,7,0,1,0,0,1,0,3378,0,18446744073709551350,18446744073709551350,5478177,9,2878,0,0,0,9,18446744073709545413,18446744073709551030,18446744073709551030,18446744073709551349,8,2,1,17444982774477705371,1,0,7,8087334613673404177,0,0,1,0
PAWN_AUDIT_RESULT,1480,2,2,-328,0,0,-328,0,0,0,0,0
PAWN_AUDIT_ENTRY,1481,11081721081478598347,5860699566000056855,2549998701243799099,15994096649392594366,3177,18446744073709551340,18446744073709551341,18446744073709551340,10,9,2,19,18446744073709537033,18446744073709550278,7,0,1,0,0,1,0,3378,0,18446744073709551350,18446744073709551350,5478177,9,2879,0,0,0,9,18446744073709545562,18446744073709551030,18446744073709551030,18446744073709551349,8,2,1,17444982774477705371,1,0,7,8087334613673404177,0,0,1,0
PAWN_AUDIT_RESULT,1481,2,2,-456,0,0,-456,0,0,0,0,0
PAWN_AUDIT_ENTRY,1482,5860699566000056855,10480366466433437767,2549998701243799099,16867801732932200493,3891,18446744073709551340,18446744073709551341,18446744073709551340,10,9,2,20,18446744073709538761,18446744073709547758,7,0,1,0,0,1,0,3378,0,18446744073709551350,18446744073709551350,5478177,9,2880,0,0,0,14,18446744073709546348,18446744073709551030,18446744073709551030,18446744073709551349,8,2,1,17444982774477705371,1,0,7,8087334613673404177,0,2,1,0
PAWN_AUDIT_RESULT,1482,2,2,-694,0,0,-694,0,0,0,0,0
PAWN_AUDIT_ENTRY,1483,10480366466433437767,8875005108325144434,2549998701243799099,8118393635055849367,3112,18446744073709551340,18446744073709551341,18446744073709551340,10,9,2,21,18446744073709536740,18446744073709550278,7,0,1,0,0,1,0,3378,0,18446744073709551350,18446744073709551350,5478177,9,2881,0,0,0,9,18446744073709545429,18446744073709551030,18446744073709551030,18446744073709551349,8,2,1,17444982774477705371,1,0,7,8087334613673404177,0,0,1,0
PAWN_AUDIT_RESULT,1483,2,2,-348,0,0,-348,0,0,0,0,0
PAWN_AUDIT_ENTRY,1484,8875005108325144434,4049651485229386779,2549998701243799099,4711747536675543328,3899,18446744073709551340,18446744073709551341,18446744073709551340,10,9,2,22,18446744073709538297,18446744073709547758,7,0,1,0,0,1,0,3378,0,18446744073709551350,18446744073709551350,5478177,9,2882,0,0,0,14,18446744073709546137,18446744073709551030,18446744073709551030,18446744073709551349,8,2,1,17444982774477705371,1,0,7,8087334613673404177,0,2,1,0
PAWN_AUDIT_RESULT,1484,2,2,-541,0,0,-541,0,0,0,0,0
PAWN_AUDIT_ENTRY,1485,4049651485229386779,17108749673932212803,2549998701243799099,9361134780814114377,2942,18446744073709551340,18446744073709551341,18446744073709551340,10,9,2,23,18446744073709537974,18446744073709547758,7,0,1,0,0,1,0,3378,0,18446744073709551350,18446744073709551350,5478177,9,2883,0,0,0,10,18446744073709545990,18446744073709551030,18446744073709551030,18446744073709551349,8,2,1,17444982774477705371,1,0,7,8087334613673404177,0,2,1,0
PAWN_AUDIT_RESULT,1485,2,2,-432,0,0,-432,0,0,0,0,0
PAWN_AUDIT_ENTRY,1486,17108749673932212803,5401290291499597323,2549998701243799099,12548475328597423480,4094,18446744073709551340,18446744073709551341,18446744073709551340,10,9,2,24,18446744073709537928,18446744073709547758,7,0,1,0,0,1,0,3378,0,18446744073709551350,18446744073709551350,5478177,9,2884,0,0,0,12,18446744073709545969,18446744073709551030,18446744073709551030,18446744073709551349,8,2,1,17444982774477705371,1,0,7,8087334613673404177,0,2,1,0
PAWN_AUDIT_RESULT,1486,2,2,-413,0,0,-413,0,0,0,0,0
PAWN_AUDIT_ENTRY,1487,5401290291499597323,1510258478766112553,2549998701243799099,16267565414025230654,2910,18446744073709551340,18446744073709551341,18446744073709551340,10,9,2,25,18446744073709538491,18446744073709548229,7,0,1,0,0,1,0,3378,0,18446744073709551350,18446744073709551350,5478177,9,2885,0,0,0,10,18446744073709546225,18446744073709551030,18446744073709551030,18446744073709551349,8,2,1,17444982774477705371,1,0,7,8087334613673404177,0,2,1,0
PAWN_AUDIT_RESULT,1487,2,2,-320,0,0,-320,0,0,0,0,0
PAWN_AUDIT_ENTRY,1488,1510258478766112553,2237576152785162509,2549998701243799099,9109788552481953089,3641,18446744073709551340,18446744073709551341,18446744073709551340,10,9,2,26,18446744073709537281,18446744073709547758,7,0,1,0,0,1,0,3378,0,18446744073709551350,18446744073709551350,5478177,9,2886,0,0,0,12,18446744073709545675,18446744073709551030,18446744073709551030,18446744073709551349,8,2,1,17444982774477705371,1,0,7,8087334613673404177,0,2,1,0
PAWN_AUDIT_RESULT,1488,2,2,-432,0,0,-432,0,0,0,0,0
PAWN_AUDIT_ENTRY,1489,2237576152785162509,9084375935540875621,2549998701243799099,5473380608140306037,3379,18446744073709551340,18446744073709551341,18446744073709551340,10,9,3,28,18446744073709544383,18446744073709546706,7,0,1,0,0,1,0,3378,0,18446744073709551350,18446744073709551350,5478177,9,2887,0,0,0,13,18446744073709549304,18446744073709551030,18446744073709550206,18446744073709551349,8,2,1,17444982774477705371,1,0,7,8087334613673404177,0,2,1,0
PAWN_AUDIT_RESULT,1489,3,3,-344,0,0,-344,0,0,0,0,0
PAWN_AUDIT_ENTRY,1490,9084375935540875621,18022469313190253919,2549998701243799099,8960173975916407377,3372,18446744073709551340,18446744073709551341,18446744073709551340,10,9,3,29,18446744073709539056,18446744073709548039,7,0,1,0,0,1,0,3378,0,18446744073709551350,18446744073709551350,5478177,9,2888,0,0,0,13,18446744073709546482,18446744073709551030,18446744073709551030,18446744073709551349,8,2,1,17444982774477705371,1,0,7,8087334613673404177,0,2,1,0
PAWN_AUDIT_RESULT,1490,3,3,-325,0,0,-325,0,0,0,0,0
PAWN_AUDIT_ENTRY,1491,18022469313190253919,18117914274123760352,2549998701243799099,5945479574588061079,2919,18446744073709551340,18446744073709551341,18446744073709551340,10,9,2,30,18446744073709537928,18446744073709546870,7,0,1,0,0,1,0,3378,0,18446744073709551350,18446744073709551350,5478177,9,2889,0,0,0,10,18446744073709545969,18446744073709551030,18446744073709551030,18446744073709551349,8,2,1,17444982774477705371,1,0,7,8087334613673404177,0,2,1,0
PAWN_AUDIT_RESULT,1491,2,2,-416,0,0,-416,0,0,0,0,0
PAWN_AUDIT_ENTRY,1492,18117914274123760352,9324563518909317129,14598646883148320764,11426707470220002075,3742,18446744073709551340,18446744073709551341,18446744073709551340,11,10,6,2,18446744073709541309,718,5,0,1,0,0,1,0,3242,0,18446744073709551360,18446744073709551360,2111488,9,2890,0,0,1,11,18446744073709547546,18446744073709551090,18446744073709550887,18446744073709551349,6,2,1,16739620085054120890,0,0,5,6703452580737979198,0,1,1,0
PAWN_AUDIT_RESULT,1492,6,6,-338,0,0,-338,0,0,0,0,0
PAWN_AUDIT_ENTRY,1500,10650565477878313596,10448103401483487896,11410653499191432892,197338452577852189,983,275,276,232,7,6,1,5,18446744073709543771,18446744073709550278,6,0,1,0,0,0,0,0,0,246,246,18446744073707114791,9,2909,0,0,0,1,18446744073709548984,18446744073709551030,18446744073709550292,32002,18446744073709551613,0,0,16739620085054120890,1,0,6,14598646883148320764,0,0,1,0
PAWN_AUDIT_RESULT,1500,1,1,223,0,0,223,0,0,0,0,0
PAWN_AUDIT_ENTRY,1501,10448103401483487896,3490328570188486370,11410653499191432892,4483491091990969026,1731,275,276,232,7,6,1,6,18446744073709545489,18446744073709550278,6,0,1,0,0,0,0,0,0,246,246,18446744073707114791,9,2910,0,0,0,5,18446744073709546613,2798,1685,32002,18446744073709551613,0,0,16739620085054120890,1,0,6,14598646883148320764,0,2,1,0
PAWN_AUDIT_RESULT,1501,1,1,248,0,0,248,0,0,0,0,0
PAWN_AUDIT_ENTRY,1502,3490328570188486370,18197675884441235236,11410653499191432892,17258179110632018759,658,275,276,248,7,6,1,7,18446744073709547116,18446744073709550278,6,0,1,0,0,0,0,0,0,246,246,18446744073707114791,9,2911,0,0,0,1,18446744073709551058,18446744073709550096,18446744073709550115,32002,18446744073709551613,0,0,16739620085054120890,1,0,6,14598646883148320764,0,0,1,0
PAWN_AUDIT_RESULT,1502,1,1,216,0,0,216,0,0,0,0,0
PAWN_AUDIT_ENTRY,1503,18197675884441235236,1759934731202426398,11410653499191432892,17043241686577397989,1754,275,276,248,7,6,1,8,18446744073709542019,18446744073709550278,6,0,1,0,0,0,0,0,0,246,246,18446744073707114791,9,2912,0,0,0,5,18446744073709547970,18446744073709550913,18446744073709550861,32002,18446744073709551613,0,0,16739620085054120890,1,0,6,14598646883148320764,0,2,1,0
PAWN_AUDIT_RESULT,1503,1,1,254,0,0,254,0,0,0,0,0
PAWN_AUDIT_ENTRY,1504,1759934731202426398,6551113479133927295,11410653499191432892,13155346846664065703,1753,275,276,254,7,6,1,9,18446744073709541607,18446744073709550278,6,0,1,0,0,0,0,0,0,246,246,18446744073707114791,9,2913,0,0,0,5,18446744073709547817,18446744073709550884,18446744073709550820,32002,18446744073709551613,0,0,16739620085054120890,1,0,6,14598646883148320764,0,2,1,0
PAWN_AUDIT_RESULT,1504,1,1,255,0,0,255,0,0,0,0,0
PAWN_AUDIT_ENTRY,1505,6551113479133927295,5983343315773401136,11410653499191432892,18375595374190323696,1748,275,276,255,7,6,1,12,18446744073709540921,18446744073709550278,6,0,1,0,0,0,0,0,0,246,246,18446744073707114791,9,2914,0,0,0,5,18446744073709547330,18446744073709551030,18446744073709551030,32002,18446744073709551613,0,0,16739620085054120890,1,0,6,14598646883148320764,0,2,1,0
PAWN_AUDIT_RESULT,1505,1,1,238,0,0,238,0,0,0,0,0
PAWN_AUDIT_ENTRY,1506,5983343315773401136,18033560246255799950,11410653499191432892,14518506170219740670,1746,275,276,255,7,6,1,13,18446744073709540171,18446744073709550278,6,0,1,0,0,0,0,0,0,246,246,18446744073707114791,9,2915,0,0,0,5,18446744073709547481,18446744073709550383,18446744073709550683,32002,18446744073709551613,0,0,16739620085054120890,1,0,6,14598646883148320764,0,2,1,0
PAWN_AUDIT_RESULT,1506,1,1,238,0,0,238,0,0,0,0,0
PAWN_AUDIT_ENTRY,1507,18033560246255799950,16068350280418509773,11410653499191432892,897537922068777555,593,275,276,255,7,6,1,14,18446744073709538624,18446744073709550278,6,0,1,0,0,0,0,0,0,246,246,18446744073707114791,9,2916,0,0,0,1,18446744073709546552,18446744073709550899,18446744073709550616,32002,18446744073709551613,0,0,16739620085054120890,1,0,6,14598646883148320764,0,0,1,0
PAWN_AUDIT_RESULT,1507,1,1,188,0,0,188,0,0,0,0,0
PAWN_AUDIT_ENTRY,1508,16068350280418509773,546709873844867020,11410653499191432892,4356813119038567610,536,275,276,255,7,6,1,15,18446744073709538646,18446744073709550278,6,0,1,0,0,0,0,0,0,246,246,18446744073707114791,9,2917,0,0,0,1,18446744073709546418,18446744073709551030,18446744073709550778,32002,18446744073709551613,0,0,16739620085054120890,1,0,6,14598646883148320764,0,0,1,0
PAWN_AUDIT_RESULT,1508,1,1,228,0,0,228,0,0,0,0,0
PAWN_AUDIT_ENTRY,1509,546709873844867020,13800150994448018555,11410653499191432892,17520679402263528734,861,275,276,255,7,6,1,16,18446744073709539089,18446744073709550278,6,0,1,0,0,0,0,0,0,246,246,18446744073707114791,9,2918,0,0,0,1,18446744073709547027,18446744073709550829,18446744073709550145,32002,18446744073709551613,0,0,16739620085054120890,1,0,6,14598646883148320764,0,0,1,0
PAWN_AUDIT_RESULT,1509,1,1,255,0,0,255,0,0,0,0,0
PAWN_AUDIT_ENTRY,1510,13800150994448018555,5936809048746900427,11410653499191432892,16001323934980367782,1739,275,276,255,7,6,1,17,18446744073709541803,18446744073709548874,6,0,1,0,0,0,0,0,0,246,246,18446744073707114791,9,2919,0,0,0,5,18446744073709547731,18446744073709551030,18446744073709551030,32002,18446744073709551613,0,0,16739620085054120890,1,0,6,14598646883148320764,0,2,1,0
PAWN_AUDIT_RESULT,1510,1,1,251,0,0,251,0,0,0,0,0
PAWN_AUDIT_ENTRY,1511,5936809048746900427,16806936380082017048,11410653499191432892,6789325449586953429,1747,275,276,255,7,6,1,18,18446744073709541761,18446744073709548874,6,0,1,0,0,0,0,0,0,246,246,18446744073707114791,9,2920,0,0,0,5,18446744073709547712,18446744073709551030,18446744073709551030,32002,18446744073709551613,0,0,16739620085054120890,1,0,6,14598646883148320764,0,2,1,0
PAWN_AUDIT_ENTRY,1516,15654260469854273654,12506267330531984108,6789325449586953429,735100072412905522,3742,18446744073709551340,18446744073709551341,18446744073709551328,6,5,1,3,18446744073709539339,18446744073709550511,7,0,0,0,0,0,0,0,0,18446744073709551315,18446744073709551315,2312991,9,2930,0,0,0,11,18446744073709546931,18446744073709551030,18446744073709550370,18446744073709551327,2,1,1,16739620085054120890,2,0,7,11410653499191432892,0,3,1,0
PAWN_AUDIT_RESULT,1516,1,1,-368,0,0,-368,0,0,0,0,0
PAWN_AUDIT_ENTRY,1517,12506267330531984108,4959372583267918955,6789325449586953429,8785435909034665761,3763,18446744073709551340,18446744073709551341,18446744073709551328,6,5,1,4,18446744073709544194,18446744073709551050,7,0,0,0,0,0,0,0,0,18446744073709551315,18446744073709551315,2312991,9,2931,0,0,0,11,18446744073709548166,18446744073709551030,758,18446744073709551327,2,1,1,16739620085054120890,2,0,7,11410653499191432892,0,3,1,0
PAWN_AUDIT_RESULT,1517,1,1,-325,0,0,-325,0,0,0,0,0
PAWN_AUDIT_ENTRY,1518,4959372583267918955,12147397270459272576,6789325449586953429,3875964642689602242,2336,18446744073709551340,18446744073709551341,18446744073709551328,6,5,1,5,18446744073709550766,18446744073709551064,7,0,0,0,0,0,0,0,0,18446744073709551315,18446744073709551315,2312991,9,2932,0,0,0,13,606,18446744073709551030,18446744073709550174,18446744073709551327,2,1,1,16739620085054120890,2,0,7,11410653499191432892,0,3,1,0
PAWN_AUDIT_RESULT,1518,1,1,-327,0,0,-327,0,0,0,0,0
PAWN_AUDIT_ENTRY,1519,12147397270459272576,5119937003074356359,6789325449586953429,9389890905499158079,2343,18446744073709551340,18446744073709551341,18446744073709551328,6,5,1,6,18446744073709547981,18446744073709550278,7,0,0,0,0,0,0,0,0,18446744073709551315,18446744073709551315,2312991,9,2933,0,0,0,13,18446744073709550772,18446744073709551030,18446744073709550553,18446744073709551327,2,1,1,16739620085054120890,2,0,7,11410653499191432892,0,3,1,0
PAWN_AUDIT_RESULT,1519,1,1,-298,0,0,-298,0,0,0,0,0
PAWN_AUDIT_ENTRY,1520,5119937003074356359,15395288677660974353,6789325449586953429,16472957440144729144,3242,18446744073709551340,18446744073709551341,18446744073709551328,6,5,1,8,18446744073709544591,988,7,0,0,0,0,0,0,0,0,18446744073709551315,18446744073709551315,2312991,9,2934,0,0,0,9,18446744073709549576,18446744073709551030,18446744073709549841,18446744073709551327,2,1,1,16739620085054120890,2,0,7,11410653499191432892,0,0,1,0
PAWN_AUDIT_RESULT,1520,1,1,-309,0,0,-309,0,0,0,0,0
PAWN_AUDIT_ENTRY,1521,15395288677660974353,16552775073830908924,6789325449586953429,4003774681557868083,2338,18446744073709551340,18446744073709551341,18446744073709551328,6,5,1,9,18446744073709545633,18446744073709550278,7,0,0,0,0,0,0,0,0,18446744073709551315,18446744073709551315,2312991,9,2935,0,0,0,13,18446744073709549383,18446744073709551030,18446744073709551215,18446744073709551327,2,1,1,16739620085054120890,2,0,7,11410653499191432892,0,3,1,0
PAWN_AUDIT_RESULT,1521,1,1,-361,0,0,-361,0,0,0,0,0
PAWN_AUDIT_ENTRY,1522,16552775073830908924,2228376211375212513,6789325449586953429,17668787605111747123,2348,18446744073709551340,18446744073709551341,18446744073709551328,6,5,1,11,18446744073709543232,18446744073709550278,7,0,0,0,0,0,0,0,0,18446744073709551315,18446744073709551315,2312991,9,2936,0,0,0,13,18446744073709548381,18446744073709551030,18446744073709551030,18446744073709551327,2,1,1,16739620085054120890,2,0,7,11410653499191432892,0,3,1,0
PAWN_AUDIT_RESULT,1522,1,1,-334,0,0,-334,0,0,0,0,0
PAWN_AUDIT_RESULT,1511,1,1,289,1,6,288,0,1,16,1,1
PAWN_AUDIT_ENTRY,1523,2228376211375212513,17641620250988567075,14598646883148320764,13122944140214456528,3387,18446744073709551340,18446744073709551341,18446744073709551340,11,10,6,4,18446744073709544503,18446744073709550746,5,0,1,0,0,1,0,3242,0,18446744073709551360,18446744073709551360,2111488,9,2937,0,0,1,13,18446744073709550467,18446744073709549197,18446744073709549811,18446744073709551349,6,2,1,16739620085054120890,0,0,5,6703452580737979198,0,1,1,0
PAWN_AUDIT_RESULT,1523,6,6,-293,0,0,-293,0,11,11,0,0
PAWN_AUDIT_ENTRY,1527,11681290353214904909,11251545231856268427,14598646883148320764,15976018637609519289,3735,18446744073709551340,18446744073709551341,18446744073709551340,11,10,5,5,18446744073709546856,18446744073709550278,5,0,1,0,0,1,0,3242,0,18446744073709551360,18446744073709551360,2111488,9,2949,0,0,1,11,18446744073709550029,18446744073709551030,18446744073709551030,18446744073709551349,6,2,1,16739620085054120890,0,0,5,6703452580737979198,0,1,1,0
PAWN_AUDIT_RESULT,1527,5,5,-1449,0,0,-1449,0,1,1,0,0
PAWN_AUDIT_ENTRY,1528,11251545231856268427,10535204305314933286,14598646883148320764,2599197613667497334,2931,18446744073709551340,18446744073709551341,18446744073709551340,11,10,4,6,18446744073709541332,18446744073709548261,5,0,1,0,0,1,0,3242,0,18446744073709551360,18446744073709551360,2111488,9,2951,0,0,1,10,18446744073709547517,18446744073709551030,18446744073709551030,18446744073709551349,6,2,1,16739620085054120890,0,0,5,6703452580737979198,0,1,1,0
PAWN_AUDIT_RESULT,1528,4,4,-310,0,0,-310,0,0,0,0,0
PAWN_AUDIT_ENTRY,1530,14495440360578511972,9103759454283616166,14598646883148320764,3629732482842041431,3234,18446744073709551340,18446744073709551341,18446744073709551340,11,10,4,10,18446744073709540925,18446744073709550278,5,0,1,0,0,1,0,3242,0,18446744073709551360,18446744073709551360,2111488,9,2953,0,0,1,9,18446744073709547701,18446744073709550754,18446744073709550554,18446744073709551349,6,2,1,16739620085054120890,0,0,5,6703452580737979198,0,0,1,0
PAWN_AUDIT_RESULT,1530,4,4,-296,0,0,-296,0,0,0,0,0
PAWN_AUDIT_ENTRY,1531,9103759454283616166,13395946206258187961,14598646883148320764,11677551368243363762,3379,18446744073709551340,18446744073709551341,18446744073709551340,11,10,4,11,18446744073709542241,18446744073709550212,5,0,1,0,0,1,0,3242,0,18446744073709551360,18446744073709551360,2111488,9,2954,0,0,1,13,18446744073709548341,18446744073709550724,18446744073709550499,18446744073709551349,6,2,1,16739620085054120890,0,0,5,6703452580737979198,0,1,1,0
PAWN_AUDIT_RESULT,1531,4,4,-339,0,0,-339,0,0,0,0,0
PAWN_AUDIT_ENTRY,1532,13395946206258187961,3487926724481740245,14598646883148320764,17099159607499416584,3763,18446744073709551340,18446744073709551341,18446744073709551340,11,10,4,12,18446744073709542458,18446744073709550528,5,0,1,0,0,1,0,3242,0,18446744073709551360,18446744073709551360,2111488,9,2955,0,0,1,11,18446744073709548029,18446744073709551030,18446744073709551030,18446744073709551349,6,2,1,16739620085054120890,0,0,5,6703452580737979198,0,1,1,0
PAWN_AUDIT_RESULT,1532,4,4,-328,0,0,-328,0,0,0,0,0
PAWN_AUDIT_ENTRY,1533,3487926724481740245,14511669145895704293,14598646883148320764,12372165018180281026,3756,18446744073709551340,18446744073709551341,18446744073709551340,11,10,3,13,18446744073709540683,18446744073709550278,5,0,1,0,0,1,0,3242,0,18446744073709551360,18446744073709551360,2111488,9,2956,0,0,1,11,18446744073709547222,18446744073709551030,18446744073709551030,18446744073709551349,6,2,1,16739620085054120890,0,0,5,6703452580737979198,0,1,1,0
PAWN_AUDIT_RESULT,1533,3,3,-343,0,0,-343,0,0,0,0,0
PAWN_AUDIT_ENTRY,1534,14511669145895704293,11708963016155362947,14598646883148320764,592686514590458105,2910,18446744073709551340,18446744073709551341,18446744073709551340,11,10,3,14,18446744073709538031,18446744073709550278,5,0,1,0,0,1,0,3242,0,18446744073709551360,18446744073709551360,2111488,9,2957,0,0,1,10,18446744073709546016,18446744073709551030,18446744073709551030,18446744073709551349,6,2,1,16739620085054120890,0,0,5,6703452580737979198,0,1,1,0
PAWN_AUDIT_RESULT,1534,3,3,-330,0,0,-330,0,0,0,0,0
PAWN_AUDIT_ENTRY,1535,11708963016155362947,12842858219402638720,14598646883148320764,283126435308581354,3891,18446744073709551340,18446744073709551341,18446744073709551340,11,10,3,15,18446744073709537928,18446744073709550278,5,0,1,0,0,1,0,3242,0,18446744073709551360,18446744073709551360,2111488,9,2958,0,0,1,14,18446744073709545969,18446744073709551030,18446744073709551030,18446744073709551349,6,2,1,16739620085054120890,0,0,5,6703452580737979198,0,1,1,0
PAWN_AUDIT_RESULT,1535,3,3,-715,0,0,-715,0,0,0,0,0
PAWN_AUDIT_ENTRY,1536,12842858219402638720,4970956696779339750,14598646883148320764,10782544888974095254,3372,18446744073709551340,18446744073709551341,18446744073709551340,11,10,3,16,18446744073709537819,18446744073709549396,5,0,1,0,0,1,0,3242,0,18446744073709551360,18446744073709551360,2111488,9,2959,0,0,1,13,18446744073709546199,18446744073709550822,18446744073709550669,18446744073709551349,6,2,1,16739620085054120890,0,0,5,6703452580737979198,0,1,1,0
PAWN_AUDIT_RESULT,1536,3,3,-308,0,0,-308,0,0,0,0,0
PAWN_AUDIT_ENTRY,1537,4970956696779339750,15491068450236559816,14598646883148320764,13259106892109335949,3567,18446744073709551340,18446744073709551341,18446744073709551340,11,10,3,17,18446744073709536738,18446744073709550278,5,0,1,0,0,1,0,3242,0,18446744073709551360,18446744073709551360,2111488,9,2960,0,0,1,9,18446744073709545428,18446744073709551030,18446744073709551030,18446744073709551349,6,2,1,16739620085054120890,0,0,5,6703452580737979198,0,0,1,0
PAWN_AUDIT_RESULT,1537,3,3,-317,0,0,-317,0,0,0,0,0
PAWN_AUDIT_ENTRY,1538,15491068450236559816,10744648521133304394,14598646883148320764,12148698430359552231,3899,18446744073709551340,18446744073709551341,18446744073709551340,11,10,3,18,18446744073709537556,18446744073709550278,5,0,1,0,0,1,0,3242,0,18446744073709551360,18446744073709551360,2111488,9,2961,0,0,1,14,18446744073709545800,18446744073709551030,18446744073709551030,18446744073709551349,6,2,1,16739620085054120890,0,0,5,6703452580737979198,0,1,1,0
PAWN_AUDIT_RESULT,1538,3,3,-526,0,0,-526,0,0,0,0,0
PAWN_AUDIT_ENTRY,1539,10744648521133304394,12880255368470368978,14598646883148320764,7499280410632382350,2942,18446744073709551340,18446744073709551341,18446744073709551340,11,10,3,19,18446744073709537296,18446744073709550278,5,0,1,0,0,1,0,3242,0,18446744073709551360,18446744073709551360,2111488,9,2962,0,0,1,10,18446744073709545682,18446744073709551030,18446744073709551030,18446744073709551349,6,2,1,16739620085054120890,0,0,5,6703452580737979198,0,1,1,0
PAWN_AUDIT_RESULT,1539,3,3,-418,0,0,-418,0,0,0,0,0
PAWN_AUDIT_ENTRY,1540,12880255368470368978,1902395772809362855,14598646883148320764,13508885304607124560,2919,18446744073709551340,18446744073709551341,18446744073709551340,11,10,3,20,18446744073709537259,18446744073709550278,5,0,1,0,0,1,0,3242,0,18446744073709551360,18446744073709551360,2111488,9,2963,0,0,1,10,18446744073709545665,18446744073709551030,18446744073709551030,18446744073709551349,6,2,1,16739620085054120890,0,0,5,6703452580737979198,0,1,1,0
PAWN_AUDIT_RESULT,1540,3,3,-440,0,0,-440,0,0,0,0,0
PAWN_AUDIT_ENTRY,1541,1902395772809362855,16756632019280112615,14598646883148320764,5178724381483740351,4094,18446744073709551340,18446744073709551341,18446744073709551340,11,10,3,21,18446744073709537259,18446744073709550278,5,0,1,0,0,1,0,3242,0,18446744073709551360,18446744073709551360,2111488,9,2964,0,0,1,12,18446744073709545665,18446744073709551030,18446744073709551030,18446744073709551349,6,2,1,16739620085054120890,0,0,5,6703452580737979198,0,1,1,0
PAWN_AUDIT_RESULT,1541,3,3,-417,0,0,-417,0,0,0,0,0
PAWN_AUDIT_ENTRY,1542,16756632019280112615,18251178148470571647,14598646883148320764,10923443360650235014,3641,18446744073709551340,18446744073709551341,18446744073709551340,11,10,3,23,18446744073709536740,18446744073709550278,5,0,1,0,0,1,0,3242,0,18446744073709551360,18446744073709551360,2111488,9,2965,0,0,1,12,18446744073709545429,18446744073709551030,18446744073709551030,18446744073709551349,6,2,1,16739620085054120890,0,0,5,6703452580737979198,0,1,1,0
PAWN_AUDIT_RESULT,1542,3,3,-375,0,0,-375,0,0,0,0,0
PAWN_AUDIT_ENTRY,1543,18251178148470571647,7792770795634790782,14598646883148320764,17300098496284481328,3169,18446744073709551340,18446744073709551341,18446744073709551340,11,10,3,24,18446744073709536722,18446744073709550278,5,0,1,0,0,1,0,3242,0,18446744073709551360,18446744073709551360,2111488,9,2966,0,0,1,9,18446744073709545421,18446744073709551030,18446744073709551030,18446744073709551349,6,2,1,16739620085054120890,0,0,5,6703452580737979198,0,0,1,0
PAWN_AUDIT_RESULT,1543,3,3,-534,0,0,-534,0,0,0,0,0
PAWN_AUDIT_ENTRY,1544,7792770795634790782,6115122822267502114,14598646883148320764,2501570525325340908,3104,18446744073709551340,18446744073709551341,18446744073709551340,11,10,3,25,18446744073709536626,18446744073709550278,5,0,1,0,0,1,0,3242,0,18446744073709551360,18446744073709551360,2111488,9,2967,0,0,1,9,18446744073709545377,18446744073709551030,18446744073709551030,18446744073709551349,6,2,1,16739620085054120890,0,0,5,6703452580737979198,0,0,1,0
PAWN_AUDIT_RESULT,1544,3,3,-312,0,0,-312,0,0,0,0,0
PAWN_AUDIT_ENTRY,1545,6115122822267502114,14266037214909219121,14598646883148320764,682129959508801299,3502,18446744073709551340,18446744073709551341,18446744073709551340,11,10,3,26,18446744073709536522,18446744073709550278,5,0,1,0,0,1,0,3242,0,18446744073709551360,18446744073709551360,2111488,9,2968,0,0,1,9,18446744073709545330,18446744073709551030,18446744073709551030,18446744073709551349,6,2,1,16739620085054120890,0,0,5,6703452580737979198,0,0,1,0
PAWN_AUDIT_RESULT,1545,3,3,-338,0,0,-338,0,0,0,0,0
PAWN_AUDIT_ENTRY,1546,14266037214909219121,14922649064489578375,14598646883148320764,6081816234881335049,3559,18446744073709551340,18446744073709551341,18446744073709551340,11,10,3,27,18446744073709536384,18446744073709550278,5,0,1,0,0,1,0,3242,0,18446744073709551360,18446744073709551360,2111488,9,2969,0,0,1,9,18446744073709545267,18446744073709551030,18446744073709551030,18446744073709551349,6,2,1,16739620085054120890,0,0,5,6703452580737979198,0,0,1,0
PAWN_AUDIT_RESULT,1546,3,3,-317,0,0,-317,0,0,0,0,0
PAWN_AUDIT_ENTRY,1547,14922649064489578375,1657925653072639409,14598646883148320764,3750891117344507001,3177,18446744073709551340,18446744073709551341,18446744073709551340,11,10,3,28,18446744073709536006,18446744073709550052,5,0,1,0,0,1,0,3242,0,18446744073709551360,18446744073709551360,2111488,9,2970,0,0,1,9,18446744073709545338,18446744073709550779,18446744073709550788,18446744073709551349,6,2,1,16739620085054120890,0,0,5,6703452580737979198,0,0,1,0
PAWN_AUDIT_RESULT,1547,3,3,-438,0,0,-438,0,0,0,0,0
PAWN_AUDIT_ENTRY,1548,1657925653072639409,18146545588194070947,14598646883148320764,11047882183677613648,3112,18446744073709551340,18446744073709551341,18446744073709551340,11,10,3,29,18446744073709535704,18446744073709550026,5,0,1,0,0,1,0,3242,0,18446744073709551360,18446744073709551360,2111488,9,2971,0,0,1,9,18446744073709545232,18446744073709550743,18446744073709550761,18446744073709551349,6,2,1,16739620085054120890,0,0,5,6703452580737979198,0,0,1,0
PAWN_AUDIT_RESULT,1548,3,3,-317,0,0,-317,0,0,0,0,0
PAWN_AUDIT_ENTRY,1550,5032424217643939232,8141072879175309918,916706458450721233,6391687263745324342,3742,18446744073709551340,18446744073709551341,18446744073709551340,12,11,5,3,18446744073709547565,18446744073709549060,3,0,1,0,0,1,0,2715,0,18446744073709551349,18446744073709551247,18446744073704089156,9,2973,0,0,1,11,18446744073709546437,18446744073709547204,11420,18446744073709551349,8,2,1,16739620085054120890,0,0,3,10568495095289751190,0,1,1,0
PAWN_AUDIT_RESULT,1550,5,5,-304,0,0,-304,0,7,7,0,0
PAWN_AUDIT_ENTRY,1555,16212046761650244076,13952178878118144501,916706458450721233,1987842371917053588,3735,18446744073709551340,18446744073709551341,18446744073709551340,12,11,4,5,18446744073709547180,18446744073709550444,3,0,1,0,0,1,0,2715,0,18446744073709551349,18446744073709551247,18446744073704089156,9,2985,0,0,1,11,18446744073709550176,18446744073709551030,18446744073709551030,18446744073709551349,8,2,1,16739620085054120890,0,0,3,10568495095289751190,0,1,1,0
PAWN_AUDIT_RESULT,1555,4,4,-645,0,0,-645,0,1,1,0,0
PAWN_AUDIT_ENTRY,1558,5717632457333259560,4294515782994944954,916706458450721233,16299142923383472987,2931,18446744073709551340,18446744073709551341,18446744073709551340,12,11,3,8,18446744073709544746,18446744073709547815,3,0,1,0,0,1,0,2715,0,18446744073709551349,18446744073709551247,18446744073704089156,9,2989,0,0,1,10,18446744073709547243,18446744073709551030,3177,18446744073709551349,8,2,1,16739620085054120890,0,0,3,10568495095289751190,0,1,1,0
PAWN_AUDIT_RESULT,1558,3,3,-378,0,0,-378,0,0,0,0,0
PAWN_AUDIT_ENTRY,1559,4294515782994944954,8473641436703083972,916706458450721233,5835615249924064527,2720,18446744073709551340,18446744073709551341,18446744073709551340,12,11,2,9,18446744073709539799,18446744073709550278,3,0,1,0,0,1,0,2715,0,18446744073709551349,18446744073709551247,18446744073704089156,9,2990,0,0,1,10,18446744073709546820,18446744073709551030,18446744073709551030,18446744073709551349,8,2,1,16739620085054120890,0,0,3,10568495095289751190,0,1,1,0
PAWN_AUDIT_RESULT,1559,2,2,-506,0,0,-506,0,0,0,0,0
PAWN_AUDIT_ENTRY,1560,8473641436703083972,11061684804264079415,916706458450721233,15827468443838757643,2745,18446744073709551340,18446744073709551341,18446744073709551340,12,11,2,10,18446744073709539799,18446744073709550278,3,0,1,0,0,1,0,2715,0,18446744073709551349,18446744073709551247,18446744073704089156,9,2991,0,0,1,10,18446744073709546820,18446744073709551030,18446744073709551030,18446744073709551349,8,2,1,16739620085054120890,0,0,3,10568495095289751190,0,1,1,0
PAWN_AUDIT_RESULT,1560,2,2,-498,0,0,-498,0,0,0,0,0
PAWN_AUDIT_ENTRY,1561,11061684804264079415,4288534123780607367,916706458450721233,10099180540394428175,2747,18446744073709551340,18446744073709551341,18446744073709551340,12,11,2,11,18446744073709539799,18446744073709550278,3,0,1,0,0,1,0,2715,0,18446744073709551349,18446744073709551247,18446744073704089156,9,2992,0,0,1,10,18446744073709546820,18446744073709551030,18446744073709551030,18446744073709551349,8,2,1,16739620085054120890,0,0,3,10568495095289751190,0,1,1,0
PAWN_AUDIT_RESULT,1561,2,2,-422,0,0,-422,0,0,0,0,0
PAWN_AUDIT_ENTRY,1562,4288534123780607367,8205839781234734928,916706458450721233,9169288950714658107,2724,18446744073709551340,18446744073709551341,18446744073709551340,12,11,2,12,18446744073709539237,18446744073709550278,3,0,1,0,0,1,0,2715,0,18446744073709551349,18446744073709551247,18446744073704089156,9,2993,0,0,1,10,18446744073709546941,18446744073709551030,18446744073709550254,18446744073709551349,8,2,1,16739620085054120890,0,0,3,10568495095289751190,0,1,1,0
PAWN_AUDIT_RESULT,1562,2,2,-357,0,0,-357,0,0,0,0,0
PAWN_AUDIT_ENTRY,1563,8205839781234734928,12499171332099400264,916706458450721233,8285306415265566597,2713,18446744073709551340,18446744073709551341,18446744073709551340,12,11,2,13,18446744073709538761,18446744073709550278,3,0,1,0,0,1,0,2715,0,18446744073709551349,18446744073709551247,18446744073704089156,9,2994,0,0,1,10,18446744073709546348,18446744073709551030,18446744073709551030,18446744073709551349,8,2,1,16739620085054120890,0,0,3,10568495095289751190,0,1,1,0
PAWN_AUDIT_RESULT,1563,2,2,-513,0,0,-513,0,0,0,0,0
PAWN_AUDIT_ENTRY,1564,12499171332099400264,11400107710472072422,916706458450721233,3128998186993865253,3763,18446744073709551340,18446744073709551341,18446744073709551340,12,11,2,14,18446744073709540678,18446744073709549299,3,0,1,0,0,1,0,2715,0,18446744073709551349,18446744073709551247,18446744073704089156,9,2995,0,0,1,11,18446744073709547428,18446744073709551030,18446744073709550601,18446744073709551349,8,2,1,16739620085054120890,0,0,3,10568495095289751190,0,1,1,0
PAWN_AUDIT_RESULT,1564,2,2,-332,0,0,-332,0,0,0,0,0
PAWN_AUDIT_ENTRY,1565,11400107710472072422,16994422856607997628,916706458450721233,9088768876127583136,3567,18446744073709551340,18446744073709551341,18446744073709551340,12,11,2,15,18446744073709537366,18446744073709550278,3,0,1,0,0,1,0,2715,0,18446744073709551349,18446744073709551247,18446744073704089156,9,2996,0,0,1,9,18446744073709545310,18446744073709551030,246,18446744073709551349,8,2,1,16739620085054120890,0,0,3,10568495095289751190,0,0,1,0
PAWN_AUDIT_RESULT,1565,2,2,-369,0,0,-369,0,0,0,0,0
PAWN_AUDIT_ENTRY,1566,16994422856607997628,4981730332834791436,916706458450721233,10540384588229216548,3559,18446744073709551340,18446744073709551341,18446744073709551340,12,11,1,18,18446744073709536164,18446744073709550278,3,0,1,0,0,1,0,2715,0,18446744073709551349,18446744073709551247,18446744073704089156,9,2997,0,0,1,9,18446744073709545167,18446744073709551030,18446744073709551030,18446744073709551349,8,2,1,16739620085054120890,0,0,3,10568495095289751190,0,0,1,0
PAWN_AUDIT_RESULT,1566,1,1,-360,0,0,-360,0,0,0,0,0
PAWN_AUDIT_ENTRY,1567,4981730332834791436,11005491173114074606,916706458450721233,16471732529946363585,3104,18446744073709551340,18446744073709551341,18446744073709551340,12,11,1,19,18446744073709536428,18446744073709550278,3,0,1,0,0,1,0,2715,0,18446744073709551349,18446744073709551247,18446744073704089156,9,2998,0,0,1,9,18446744073709545287,18446744073709551030,18446744073709551030,18446744073709551349,8,2,1,16739620085054120890,0,0,3,10568495095289751190,0,0,1,0
PAWN_AUDIT_RESULT,1567,1,1,-379,0,0,-379,0,0,0,0,0
PAWN_AUDIT_ENTRY,1568,11005491173114074606,16569267960589149898,916706458450721233,14940530964571734334,3502,18446744073709551340,18446744073709551341,18446744073709551340,12,11,1,20,18446744073709536131,18446744073709550278,3,0,1,0,0,1,0,2715,0,18446744073709551349,18446744073709551247,18446744073704089156,9,2999,0,0,1,9,18446744073709545152,18446744073709551030,18446744073709551030,18446744073709551349,8,2,1,16739620085054120890,0,0,3,10568495095289751190,0,0,1,0
PAWN_AUDIT_RESULT,1568,1,1,-353,0,0,-353,0,0,0,0,0
PAWN_AUDIT_ENTRY,1569,16569267960589149898,15717918221898069578,916706458450721233,17450837011309359700,3177,18446744073709551340,18446744073709551341,18446744073709551340,12,11,1,22,18446744073709535882,18446744073709550052,3,0,1,0,0,1,0,2715,0,18446744073709551349,18446744073709551247,18446744073704089156,9,3000,0,0,1,9,18446744073709545159,18446744073709550940,18446744073709550875,18446744073709551349,8,2,1,16739620085054120890,0,0,3,10568495095289751190,0,0,1,0
PAWN_AUDIT_RESULT,1569,1,1,-743,0,0,-743,0,0,0,0,0
PAWN_AUDIT_ENTRY,1570,15717918221898069578,55427258938924877,916706458450721233,7218983564521245087,3379,18446744073709551340,18446744073709551341,18446744073709551340,12,11,2,33,18446744073709539677,18446744073709548822,3,0,1,0,0,1,0,2715,0,18446744073709551349,18446744073709551247,18446744073704089156,9,3001,0,0,1,13,18446744073709547568,18446744073709550890,18446744073709549519,18446744073709551349,8,2,1,16739620085054120890,0,0,3,10568495095289751190,0,1,1,0
PAWN_AUDIT_RESULT,1570,2,2,-330,0,0,-330,0,0,0,0,0
PAWN_AUDIT_ENTRY,1614,12349951135738810577,2516655762026712748,12779834888547718758,9783342616628253626,1249,300,301,279,8,7,1,3,18446744073709550534,18446744073709550398,10,0,1,0,0,0,0,0,0,320,320,18446744073707106942,9,3095,0,0,0,5,85,18446744073709551030,18446744073709551030,32002,18446744073709551614,2,1,16739620085054120890,5,0,10,13038777231673929643,0,6,1,0
PAWN_AUDIT_RESULT,1614,1,1,237,0,0,237,0,0,0,0,0
PAWN_AUDIT_ENTRY,1615,2516655762026712748,11341721583932991809,12779834888547718758,17952403697214517737,323,300,301,279,8,7,1,5,18446744073709540865,18446744073709550278,10,0,1,0,0,0,0,0,0,320,320,18446744073707106942,9,3096,0,0,0,4,18446744073709546564,18446744073709551030,940,32002,18446744073709551614,2,1,16739620085054120890,5,0,10,13038777231673929643,0,6,1,0
PAWN_AUDIT_RESULT,1615,1,1,274,0,0,274,0,0,0,0,0
PAWN_AUDIT_ENTRY,1616,11341721583932991809,17888072443286455749,12779834888547718758,8191537929053813693,1219,300,301,279,8,7,1,6,18446744073709546378,18446744073709548583,10,0,1,0,0,0,0,0,0,320,320,18446744073707106942,9,3097,0,0,0,5,18446744073709550194,18446744073709551030,18446744073709550242,32002,18446744073709551614,2,1,16739620085054120890,5,0,10,13038777231673929643,0,6,1,0
PAWN_AUDIT_RESULT,1616,1,1,233,0,0,233,0,0,0,0,0
PAWN_AUDIT_ENTRY,1617,17888072443286455749,15010149681620024923,12779834888547718758,11032882865198724891,1228,300,301,279,8,7,1,7,18446744073709545297,18446744073709548017,10,0,1,0,0,0,0,0,0,320,320,18446744073707106942,9,3098,0,0,0,5,18446744073709549320,18446744073709551030,18446744073709551030,32002,18446744073709551614,2,1,16739620085054120890,5,0,10,13038777231673929643,0,6,1,0
PAWN_AUDIT_RESULT,1617,1,1,243,0,0,243,0,0,0,0,0
PAWN_AUDIT_ENTRY,1618,15010149681620024923,12090993518078530694,12779834888547718758,3952899572900403575,1237,300,301,279,8,7,1,8,18446744073709544714,18446744073709547758,10,0,1,0,0,0,0,0,0,320,320,18446744073707106942,9,3099,0,0,0,5,18446744073709549055,18446744073709551030,18446744073709551030,32002,18446744073709551614,2,1,16739620085054120890,5,0,10,13038777231673929643,0,6,1,0
PAWN_AUDIT_RESULT,1618,1,1,209,0,0,209,0,0,0,0,0
PAWN_AUDIT_ENTRY,1619,12090993518078530694,2690213245859589696,12779834888547718758,12724223236732561039,1236,300,301,279,8,7,1,9,18446744073709544714,18446744073709547429,10,0,1,0,0,0,0,0,0,320,320,18446744073707106942,9,3100,0,0,0,5,18446744073709549055,18446744073709551030,18446744073709551030,32002,18446744073709551614,2,1,16739620085054120890,5,0,10,13038777231673929643,0,6,1,0
PAWN_AUDIT_RESULT,1619,1,1,212,0,0,212,0,0,0,0,0
PAWN_AUDIT_ENTRY,1620,2690213245859589696,2239494552236010058,12779834888547718758,11750873564948496794,1242,300,301,279,8,7,1,10,18446744073709545237,18446744073709548076,10,0,1,0,0,0,0,0,0,320,320,18446744073707106942,9,3101,0,0,0,5,18446744073709549391,18446744073709551030,18446744073709550827,32002,18446744073709551614,2,1,16739620085054120890,5,0,10,13038777231673929643,0,6,1,0
PAWN_AUDIT_RESULT,1620,1,1,241,0,0,241,0,0,0,0,0
PAWN_AUDIT_ENTRY,1621,2239494552236010058,15160797075655106588,12779834888547718758,10486245165187867865,1227,300,301,279,8,7,1,11,18446744073709547219,18446744073709547943,10,0,1,0,0,0,0,0,0,320,320,18446744073707106942,9,3102,0,0,0,5,18446744073709550194,18446744073709551030,18446744073709551030,32002,18446744073709551614,2,1,16739620085054120890,5,0,10,13038777231673929643,0,6,1,0
PAWN_AUDIT_RESULT,1621,1,1,233,0,0,233,0,0,0,0,0
PAWN_AUDIT_ENTRY,1622,15160797075655106588,17857713600682149412,12779834888547718758,1291720722534195262,1176,300,301,279,8,7,1,13,18446744073709540384,18446744073709550278,10,0,1,0,0,0,0,0,0,320,320,18446744073707106942,9,3103,0,0,0,2,18446744073709547086,18446744073709551030,18446744073709551030,32002,18446744073709551614,2,1,16739620085054120890,5,0,10,13038777231673929643,0,6,1,0
PAWN_AUDIT_RESULT,1622,1,1,200,0,0,200,0,0,0,0,0
PAWN_AUDIT_ENTRY,1623,17857713600682149412,3829446239266129405,12779834888547718758,17047661555068125679,1185,300,301,279,8,7,1,14,18446744073709540208,18446744073709550278,10,0,1,0,0,0,0,0,0,320,320,18446744073707106942,9,3104,0,0,0,2,18446744073709547006,18446744073709551030,18446744073709551030,32002,18446744073709551614,2,1,16739620085054120890,5,0,10,13038777231673929643,0,6,1,0
PAWN_AUDIT_RESULT,1623,1,1,261,0,0,261,0,0,0,0,0
PAWN_AUDIT_ENTRY,1624,3829446239266129405,159247922230971512,12779834888547718758,1826672726290544814,1155,300,301,279,8,7,1,15,18446744073709540728,18446744073709550278,10,0,1,0,0,0,0,0,0,320,320,18446744073707106942,9,3105,0,0,0,2,18446744073709547474,18446744073709551030,18446744073709550553,32002,18446744073709551614,2,1,16739620085054120890,5,0,10,13038777231673929643,0,6,1,0
PAWN_AUDIT_RESULT,1624,1,1,236,0,0,236,0,0,0,0,0
PAWN_AUDIT_ENTRY,1625,159247922230971512,5381007610117331563,12779834888547718758,15514711992249739682,1,300,301,279,8,7,1,16,18446744073709539441,18446744073709549625,10,0,1,0,0,0,0,0,0,320,320,18446744073707106942,9,3106,0,0,0,4,18446744073709546872,18446744073709551030,18446744073709550587,32002,18446744073709551614,2,1,16739620085054120890,5,0,10,13038777231673929643,0,6,1,0
PAWN_AUDIT_RESULT,1625,1,1,258,0,0,258,0,0,0,0,0
PAWN_AUDIT_ENTRY,1626,5381007610117331563,12301480488561774593,12779834888547718758,16286012047230412620,1153,300,301,279,8,7,1,17,18446744073709538316,18446744073709550278,10,0,1,0,0,0,0,0,0,320,320,18446744073707106942,9,3107,0,0,0,2,18446744073709546225,18446744073709551030,18446744073709550866,32002,18446744073709551614,2,1,16739620085054120890,5,0,10,13038777231673929643,0,6,1,0
PAWN_AUDIT_RESULT,1626,1,1,206,0,0,206,0,0,0,0,0
PAWN_AUDIT_ENTRY,1627,12301480488561774593,13727815142363346545,12779834888547718758,9597748501525037944,1164,300,301,279,8,7,1,18,18446744073709538659,18446744073709550278,10,0,1,0,0,0,0,0,0,320,320,18446744073707106942,9,3108,0,0,0,2,18446744073709546453,18446744073709551030,18446744073709550718,32002,18446744073709551614,2,1,16739620085054120890,5,0,10,13038777231673929643,0,6,1,0
PAWN_AUDIT_RESULT,1627,1,1,235,0,0,235,0,0,0,0,0
PAWN_AUDIT_ENTRY,1628,13727815142363346545,1873604937321682438,12779834888547718758,15862845492262307268,861,300,301,279,8,7,1,19,18446744073709540145,18446744073709550040,10,0,1,0,0,0,0,0,0,320,320,18446744073707106942,9,3109,0,0,0,1,18446744073709547355,18446744073709551030,18446744073709550252,32002,18446744073709551614,2,1,16739620085054120890,5,0,10,13038777231673929643,0,0,1,0
PAWN_AUDIT_RESULT,1628,1,1,288,0,0,288,0,0,0,0,0
PAWN_AUDIT_ENTRY,1629,1873604937321682438,7675883192574193999,12779834888547718758,3295727549630766023,983,300,301,288,8,7,1,20,18446744073709540483,18446744073709549655,10,0,1,0,0,0,0,0,0,320,320,18446744073707106942,9,3110,0,0,0,1,18446744073709547626,18446744073709551030,18446744073709550010,32002,18446744073709551614,2,1,16739620085054120890,5,0,10,13038777231673929643,0,0,1,0
PAWN_AUDIT_RESULT,1629,1,1,285,0,0,285,0,0,0,0,0
PAWN_AUDIT_ENTRY,1630,7675883192574193999,10436386486889191493,12779834888547718758,1402680564147188832,536,300,301,288,8,7,1,21,18446744073709537806,18446744073709550013,10,0,1,0,0,0,0,0,0,320,320,18446744073707106942,9,3111,0,0,0,1,18446744073709546104,18446744073709551030,18446744073709550638,32002,18446744073709551614,2,1,16739620085054120890,5,0,10,13038777231673929643,0,0,1,0
PAWN_AUDIT_RESULT,1630,1,1,279,0,0,279,0,0,0,0,0
PAWN_AUDIT_ENTRY,1631,10436386486889191493,10586613002502434691,12779834888547718758,7913148057514196620,991,300,301,288,8,7,1,22,18446744073709536106,18446744073709550278,10,0,1,0,0,0,0,0,0,320,320,18446744073707106942,9,3112,0,0,0,1,18446744073709545376,18446744073709551030,18446744073709550545,32002,18446744073709551614,2,1,16739620085054120890,5,0,10,13038777231673929643,0,0,1,0
PAWN_AUDIT_RESULT,1631,1,1,260,0,0,260,0,0,0,0,0
PAWN_AUDIT_ENTRY,1632,10586613002502434691,9189878050474418553,12779834888547718758,9398419491853487407,853,300,301,288,8,7,1,23,18446744073709536756,18446744073709550278,10,0,1,0,0,0,0,0,0,320,320,18446744073707106942,9,3113,0,0,0,1,18446744073709545525,18446744073709551030,18446744073709550847,32002,18446744073709551614,2,1,16739620085054120890,5,0,10,13038777231673929643,0,0,1,0
PAWN_AUDIT_RESULT,1632,1,1,253,0,0,253,0,0,0,0,0
PAWN_AUDIT_ENTRY,1633,9189878050474418553,12085713272013984612,12779834888547718758,2555055034601720457,593,300,301,288,8,7,1,24,18446744073709537263,18446744073709549983,10,0,1,0,0,0,0,0,0,320,320,18446744073707106942,9,3114,0,0,0,1,18446744073709545946,18446744073709551030,18446744073709550455,32002,18446744073709551614,2,1,16739620085054120890,5,0,10,13038777231673929643,0,0,1,0
PAWN_AUDIT_RESULT,1633,1,1,277,0,0,277,0,0,0,0,0
PAWN_AUDIT_ENTRY,1634,12085713272013984612,9338946944269889548,12779834888547718758,5699367128701378635,917,300,301,288,8,7,1,28,18446744073709537499,18446744073709548874,10,0,1,0,0,0,0,0,0,320,320,18446744073707106942,9,3115,0,0,0,3,18446744073709545846,18446744073709551030,18446744073709550882,32002,18446744073709551614,2,1,16739620085054120890,5,0,10,13038777231673929643,0,6,1,0
PAWN_AUDIT_RESULT,1634,1,1,226,0,0,226,0,0,0,0,0
PAWN_AUDIT_ENTRY,1636,13153295080925114227,16059625320031693555,16693607392763534977,2836901886725108570,1219,300,301,289,9,8,1,4,18446744073709544714,18446744073709547526,8,0,1,0,0,0,0,82,0,309,309,18446744073706936046,9,3117,0,0,0,5,18446744073709549055,18446744073709551030,18446744073709551030,288,5,2,1,16739620085054120890,3,0,8,6789325449586953429,0,4,1,0
PAWN_AUDIT_RESULT,1636,1,1,218,0,0,218,0,0,0,0,0
PAWN_AUDIT_ENTRY,1637,16059625320031693555,17225427072087017215,16693607392763534977,8065013232381733386,1232,300,301,289,9,8,1,5,18446744073709546419,18446744073709548874,8,0,1,0,0,0,0,82,0,309,309,18446744073706936046,9,3118,0,0,0,5,18446744073709550194,18446744073709550302,18446744073709551030,288,5,2,1,16739620085054120890,3,0,8,6789325449586953429,0,4,1,0
PAWN_AUDIT_RESULT,1637,1,1,200,0,0,200,0,0,0,0,0
PAWN_AUDIT_ENTRY,1638,17225427072087017215,2472302597597199393,16693607392763534977,17091613811615691406,1233,300,301,289,9,8,1,7,18446744073709546321,18446744073709548874,8,0,1,0,0,0,0,82,0,309,309,18446744073706936046,9,3119,0,0,0,5,18446744073709550194,18446744073709550213,18446744073709551030,288,5,2,1,16739620085054120890,3,0,8,6789325449586953429,0,4,1,0
PAWN_AUDIT_RESULT,1638,1,1,220,0,0,220,0,0,0,0,0
PAWN_AUDIT_ENTRY,1639,2472302597597199393,9799518511098262894,16693607392763534977,14995337663603471462,1234,300,301,289,9,8,1,9,18446744073709547219,18446744073709548489,8,0,1,0,0,0,0,82,0,309,309,18446744073706936046,9,3120,0,0,0,5,18446744073709550194,18446744073709551030,18446744073709551030,288,5,2,1,16739620085054120890,3,0,8,6789325449586953429,0,4,1,0
PAWN_AUDIT_RESULT,1639,1,1,208,0,0,208,0,0,0,0,0
PAWN_AUDIT_ENTRY,1640,9799518511098262894,12793912798849294903,16693607392763534977,12669544321706883342,323,300,301,289,9,8,1,10,18446744073709544024,18446744073709549940,8,0,1,0,0,0,0,82,0,309,309,18446744073706936046,9,3121,0,0,0,4,18446744073709546462,3972,18446744073709551030,288,5,2,1,16739620085054120890,3,0,8,6789325449586953429,0,4,1,0
PAWN_AUDIT_RESULT,1640,1,1,255,0,0,255,0,0,0,0,0
PAWN_AUDIT_ENTRY,1641,12793912798849294903,16219944819976175165,16693607392763534977,10840179601965521786,658,300,301,289,9,8,1,11,18446744073709544700,18446744073709549775,8,0,1,0,0,0,0,82,0,309,309,18446744073706936046,9,3122,0,0,0,1,18446744073709549192,18446744073709550743,18446744073709551030,288,5,2,1,16739620085054120890,3,0,8,6789325449586953429,0,0,1,0
PAWN_AUDIT_RESULT,1641,1,1,220,0,0,220,0,0,0,0,0
PAWN_AUDIT_ENTRY,1642,16219944819976175165,11272214087935243311,16693607392763534977,10003803787836591395,861,300,301,289,9,8,1,12,18446744073709540572,18446744073709550040,8,0,1,0,0,0,0,82,0,309,309,18446744073706936046,9,3123,0,0,0,1,18446744073709547495,18446744073709550383,18446744073709551030,288,5,2,1,16739620085054120890,3,0,8,6789325449586953429,0,0,1,0
PAWN_AUDIT_RESULT,1642,1,1,229,0,0,229,0,2,2,0,0
PAWN_AUDIT_ENTRY,1643,11272214087935243311,13827501607411754578,16693607392763534977,14372713810801241150,1227,300,301,289,9,8,1,13,18446744073709544714,18446744073709547017,8,0,1,0,0,0,0,82,0,309,309,18446744073706936046,9,3126,0,0,0,5,18446744073709549055,18446744073709551030,18446744073709551030,288,5,2,1,16739620085054120890,3,0,8,6789325449586953429,0,4,1,0
PAWN_AUDIT_RESULT,1643,1,1,218,0,0,218,0,0,0,0,0
PAWN_AUDIT_ENTRY,1644,13827501607411754578,8263690865912393379,16693607392763534977,14982402725532106748,1228,300,301,289,9,8,1,14,18446744073709543320,18446744073709547142,8,0,1,0,0,0,0,82,0,309,309,18446744073706936046,9,3127,0,0,0,5,18446744073709548421,18446744073709551030,18446744073709551030,288,5,2,1,16739620085054120890,3,0,8,6789325449586953429,0,4,1,0
PAWN_AUDIT_RESULT,1644,1,1,215,0,0,215,0,0,0,0,0
PAWN_AUDIT_ENTRY,1645,8263690865912393379,9206344444567872210,16693607392763534977,191562810022701237,666,300,301,289,9,8,1,15,18446744073709536197,18446744073709550278,8,0,1,0,0,0,0,82,0,309,309,18446744073706936046,9,3128,0,0,0,1,18446744073709545182,18446744073709551030,18446744073709551030,288,5,2,1,16739620085054120890,3,0,8,6789325449586953429,0,0,1,0
PAWN_AUDIT_RESULT,1645,1,1,257,0,0,257,0,0,0,0,0
PAWN_AUDIT_ENTRY,1646,9206344444567872210,2105266091641665272,16693607392763534977,5010203932129033351,536,300,301,289,9,8,1,16,18446744073709538128,18446744073709550013,8,0,1,0,0,0,0,82,0,309,309,18446744073706936046,9,3129,0,0,0,1,18446744073709546060,18446744073709551030,18446744073709551030,288,5,2,1,16739620085054120890,3,0,8,6789325449586953429,0,0,1,0
PAWN_AUDIT_RESULT,1646,1,1,264,0,0,264,0,0,0,0,0
PAWN_AUDIT_ENTRY,1647,2105266091641665272,10275819473477202924,16693607392763534977,8884552969609237280,983,300,301,289,9,8,1,17,18446744073709540673,18446744073709549655,8,0,1,0,0,0,0,82,0,309,309,18446744073706936046,9,3130,0,0,0,1,18446744073709547626,18446744073709550213,18446744073709551030,288,5,2,1,16739620085054120890,3,0,8,6789325449586953429,0,0,1,0
PAWN_AUDIT_RESULT,1647,1,1,273,0,0,273,0,0,0,0,0
PAWN_AUDIT_ENTRY,1648,10275819473477202924,13061332829311383302,16693607392763534977,4260868551028651627,991,300,301,289,9,8,1,18,18446744073709536395,18446744073709550278,8,0,1,0,0,0,0,82,0,309,309,18446744073706936046,9,3131,0,0,0,1,18446744073709545272,18446744073709551030,18446744073709551030,288,5,2,1,16739620085054120890,3,0,8,6789325449586953429,0,0,1,0
PAWN_AUDIT_RESULT,1648,1,1,245,0,0,245,0,0,0,0,0
PAWN_AUDIT_ENTRY,1649,13061332829311383302,6627716608967826118,16693607392763534977,6929639405560992144,1237,300,301,289,9,8,1,19,18446744073709542704,18446744073709546870,8,0,1,0,0,0,0,82,0,309,309,18446744073706936046,9,3132,0,0,0,5,18446744073709548141,18446744073709551030,18446744073709551030,288,5,2,1,16739620085054120890,3,0,8,6789325449586953429,0,4,1,0
PAWN_AUDIT_RESULT,1649,1,1,188,0,0,188,0,0,0,0,0
PAWN_AUDIT_ENTRY,1650,6627716608967826118,13481442574582539591,16693607392763534977,8468423578608779886,593,300,301,289,9,8,1,21,18446744073709537316,18446744073709549983,8,0,1,0,0,0,0,82,0,309,309,18446744073706936046,9,3133,0,0,0,1,18446744073709545890,18446744073709550632,18446744073709551030,288,5,2,1,16739620085054120890,3,0,8,6789325449586953429,0,0,1,0
PAWN_AUDIT_RESULT,1650,1,1,212,0,0,212,0,0,0,0,0
PAWN_AUDIT_ENTRY,1651,13481442574582539591,1645558915022256796,16693607392763534977,3784676693466294881,528,300,301,289,9,8,1,22,18446744073709534886,18446744073709550278,8,0,1,0,0,0,0,82,0,309,309,18446744073706936046,9,3134,0,0,0,1,18446744073709544586,18446744073709551030,18446744073709551030,288,5,2,1,16739620085054120890,3,0,8,6789325449586953429,0,0,1,0
PAWN_AUDIT_RESULT,1651,1,1,244,0,0,244,0,0,0,0,0
PAWN_AUDIT_ENTRY,1652,1645558915022256796,15963878721628986867,16693607392763534977,5124046698664617099,601,300,301,289,9,8,1,23,18446744073709535207,18446744073709550278,8,0,1,0,0,0,0,82,0,309,309,18446744073706936046,9,3135,0,0,0,1,18446744073709544732,18446744073709551030,18446744073709551030,288,5,2,1,16739620085054120890,3,0,8,6789325449586953429,0,0,1,0
PAWN_AUDIT_RESULT,1652,1,1,148,0,0,148,0,0,0,0,0
PAWN_AUDIT_ENTRY,1653,15963878721628986867,17267285441235465293,16693607392763534977,17718285027190376829,1242,300,301,289,9,8,1,24,18446744073709542997,18446744073709547160,8,0,1,0,0,0,0,82,0,309,309,18446744073706936046,9,3136,0,0,0,5,18446744073709548449,18446744073709550680,18446744073709551030,288,5,2,1,16739620085054120890,3,0,8,6789325449586953429,0,4,1,0
PAWN_AUDIT_RESULT,1653,1,1,213,0,0,213,0,0,0,0,0
PAWN_AUDIT_ENTRY,1654,17267285441235465293,4136395494808069369,16693607392763534977,15320515716261496264,853,300,301,289,9,8,1,25,18446744073709536276,18446744073709550278,8,0,1,0,0,0,0,82,0,309,309,18446744073706936046,9,3137,0,0,0,1,18446744073709545371,18446744073709550724,18446744073709551030,288,5,2,1,16739620085054120890,3,0,8,6789325449586953429,0,0,1,0
PAWN_AUDIT_RESULT,1654,1,1,221,0,0,221,0,0,0,0,0
PAWN_AUDIT_ENTRY,1655,4136395494808069369,3585098748036785740,16693607392763534977,6579278061385747426,903,300,301,289,9,8,1,26,18446744073709537059,18446744073709548874,8,0,1,0,0,0,0,82,0,309,309,18446744073706936046,9,3138,0,0,0,3,18446744073709545574,18446744073709551030,18446744073709551030,288,5,2,1,16739620085054120890,3,0,8,6789325449586953429,0,4,1,0
PAWN_AUDIT_RESULT,1655,1,1,206,0,0,206,0,0,0,0,0
PAWN_AUDIT_ENTRY,1656,3585098748036785740,10195689560083866073,16693607392763534977,6730970096858211799,391,300,301,289,9,8,1,27,18446744073709536854,18446744073709548874,8,0,1,0,0,0,0,82,0,309,309,18446744073706936046,9,3139,0,0,0,6,18446744073709545481,18446744073709551030,18446744073709551030,288,5,2,1,16739620085054120890,3,0,8,6789325449586953429,0,4,1,0
PAWN_AUDIT_RESULT,1656,1,1,236,0,0,236,0,0,0,0,0
PAWN_AUDIT_ENTRY,1657,10195689560083866073,12242640432548394512,16693607392763534977,16601683276371963496,1236,300,301,289,9,8,1,28,18446744073709542704,18446744073709546609,8,0,1,0,0,0,0,82,0,309,309,18446744073706936046,9,3140,0,0,0,5,18446744073709548141,18446744073709551030,18446744073709551030,288,5,2,1,16739620085054120890,3,0,8,6789325449586953429,0,4,1,0
PAWN_AUDIT_RESULT,1657,1,1,202,0,0,202,0,0,0,0,0
PAWN_AUDIT_ENTRY,1658,12242640432548394512,17038489298475116253,16693607392763534977,7080407098569830006,75,300,301,289,9,8,1,29,18446744073709535504,18446744073709548874,8,0,1,0,0,0,0,82,0,309,309,18446744073706936046,9,3141,0,0,0,2,18446744073709544867,18446744073709551030,18446744073709551030,288,5,2,1,16739620085054120890,3,0,8,6789325449586953429,0,4,1,0
PAWN_AUDIT_RESULT,1658,1,1,271,0,0,271,0,0,0,0,0
PAWN_AUDIT_ENTRY,1659,17038489298475116253,4154143909152874771,16693607392763534977,7834591371746633203,80,300,301,289,9,8,1,30,18446744073709535335,18446744073709548874,8,0,1,0,0,0,0,82,0,309,309,18446744073706936046,9,3142,0,0,0,2,18446744073709544790,18446744073709551030,18446744073709551030,288,5,2,1,16739620085054120890,3,0,8,6789325449586953429,0,4,1,0
PAWN_AUDIT_RESULT,1659,1,1,259,0,0,259,0,0,0,0,0
PAWN_AUDIT_ENTRY,1660,4154143909152874771,14150964746549922467,16693607392763534977,14210882020391381144,139,300,301,289,9,8,1,33,18446744073709534566,18446744073709548874,8,0,1,0,0,0,0,82,0,309,309,18446744073706936046,9,3143,0,0,0,3,18446744073709544695,18446744073709550521,18446744073709551030,288,5,2,1,16739620085054120890,3,0,8,6789325449586953429,0,4,1,0
PAWN_AUDIT_RESULT,1660,1,1,272,0,0,272,0,0,0,0,0
PAWN_AUDIT_ENTRY,1661,14150964746549922467,6167898191319543971,16693607392763534977,17463418873260925880,148,300,301,289,9,8,1,34,18446744073709535032,18446744073709548874,8,0,1,0,0,0,0,82,0,309,309,18446744073706936046,9,3144,0,0,0,3,18446744073709544976,18446744073709550383,18446744073709551030,288,5,2,1,16739620085054120890,3,0,8,6789325449586953429,0,4,1,0
PAWN_AUDIT_RESULT,1661,1,1,267,0,0,267,0,0,0,0,0
PAWN_AUDIT_ENTRY,1662,6167898191319543971,14665165852730102525,16693607392763534977,1866947998677608620,917,300,301,289,9,8,1,35,18446744073709536784,18446744073709547758,8,0,1,0,0,0,0,82,0,309,309,18446744073706936046,9,3145,0,0,0,3,18446744073709545566,18446744073709550796,18446744073709551030,288,5,2,1,16739620085054120890,3,0,8,6789325449586953429,0,4,1,0
PAWN_AUDIT_RESULT,1662,1,1,207,0,0,207,0,0,0,0,0
PAWN_AUDIT_ENTRY,1663,14665165852730102525,9069400187445144147,16693607392763534977,3138769469321929292,324,300,301,289,9,8,1,36,18446744073709534672,18446744073709548874,8,0,1,0,0,0,0,82,0,309,309,18446744073706936046,9,3146,0,0,0,4,18446744073709547144,18446744073709545719,18446744073709551030,288,5,2,1,16739620085054120890,3,0,8,6789325449586953429,0,4,1,0
PAWN_AUDIT_RESULT,1663,1,1,277,0,0,277,0,0,0,0,0
PAWN_AUDIT_ENTRY,1666,1741304838184901283,16588981020319931618,11410653499191432892,716604082433930139,1752,300,301,290,8,7,1,4,18446744073709549607,18446744073709548748,6,0,1,0,0,1,0,1747,1,286,264,38162,9,3151,0,0,0,5,18446744073709547890,7362,18446744073709549826,286,7,2,1,16739620085054120890,1,0,6,14598646883148320764,0,2,1,0
PAWN_AUDIT_RESULT,1666,1,1,232,0,0,232,0,0,0,0,0
PAWN_AUDIT_ENTRY,1668,5124080697935689184,10385258111972311891,11410653499191432892,197338452577852189,983,300,301,290,8,7,1,6,18446744073709538921,18446744073709549655,6,0,1,0,0,1,0,1747,0,286,264,38162,9,3153,0,0,0,1,18446744073709547503,18446744073709550213,18446744073709549642,286,7,2,1,16739620085054120890,1,0,6,14598646883148320764,0,0,1,0
PAWN_AUDIT_RESULT,1668,1,1,242,0,0,242,0,0,0,0,0
PAWN_AUDIT_ENTRY,1669,10385258111972311891,2798909943016874827,11410653499191432892,17520679402263528734,861,300,301,290,8,7,1,9,18446744073709541692,18446744073709550040,6,0,1,0,0,1,0,1747,0,286,264,38162,9,3154,0,0,0,1,18446744073709548464,18446744073709550563,18446744073709549897,286,7,2,1,16739620085054120890,1,0,6,14598646883148320764,0,0,1,0
PAWN_AUDIT_RESULT,1669,1,1,274,0,0,274,0,0,0,0,0
PAWN_AUDIT_ENTRY,1670,2798909943016874827,1230070246580872406,11410653499191432892,13155346846664065703,1753,300,301,290,8,7,1,10,18446744073709540528,18446744073709550354,6,0,1,0,0,1,0,1747,0,286,264,38162,9,3155,0,0,0,5,18446744073709547790,18446744073709550377,18446744073709550387,286,7,2,1,16739620085054120890,1,0,6,14598646883148320764,0,2,1,0
PAWN_AUDIT_RESULT,1670,1,1,269,0,0,269,0,0,0,0,0
PAWN_AUDIT_ENTRY,1671,1230070246580872406,3950737979077822505,11410653499191432892,4483491091990969026,1731,300,301,290,8,7,1,11,18446744073709543155,18446744073709547526,6,0,1,0,0,1,0,1747,0,286,264,38162,9,3156,0,0,0,5,18446744073709546366,1902,930,286,7,2,1,16739620085054120890,1,0,6,14598646883148320764,0,2,1,0
PAWN_AUDIT_RESULT,1671,1,1,262,0,0,262,0,0,0,0,0
PAWN_AUDIT_ENTRY,1672,3950737979077822505,6339239140802235596,11410653499191432892,17258179110632018759,658,300,301,290,8,7,1,13,18446744073709539697,18446744073709549775,6,0,1,0,0,1,0,1747,0,286,264,38162,9,3157,0,0,0,1,18446744073709548251,18446744073709549470,18446744073709549593,286,7,2,1,16739620085054120890,1,0,6,14598646883148320764,0,0,1,0
PAWN_AUDIT_RESULT,1672,1,1,235,0,0,235,0,0,0,0,0
PAWN_AUDIT_ENTRY,1694,2422494413328225108,6614906860573935831,4344086422047505838,11578355750901067791,983,280,281,18446744073709551221,9,8,4,2,18446744073709539898,18446744073709551198,4,0,0,0,0,0,0,0,0,9,9,18446744073708719268,9,3210,0,0,0,1,18446744073709547188,18446744073709551030,18446744073709550364,192,2,1,1,17097874596007028551,2,0,4,7512661191916941641,0,0,1,0
PAWN_AUDIT_RESULT,1694,4,4,191,0,0,191,0,0,0,0,0
PAWN_AUDIT_ENTRY,1695,6614906860573935831,10698998248655935764,4344086422047505838,11505688012373490443,194,280,281,191,9,8,5,3,18446744073709548889,18446744073709550278,4,0,0,0,0,0,0,0,0,9,9,18446744073708719268,9,3211,0,0,0,5,18446744073709550953,18446744073709551030,18446744073709551030,192,2,1,1,17097874596007028551,2,0,4,7512661191916941641,0,3,1,0
PAWN_AUDIT_RESULT,1695,5,5,102,0,0,102,0,0,0,0,0
PAWN_AUDIT_ENTRY,1696,10698998248655935764,3528343429021767481,4344086422047505838,14312941345685858929,1858,280,281,191,9,8,4,4,18446744073709547168,18446744073709550278,4,0,0,0,0,0,0,0,0,9,9,18446744073708719268,9,3212,0,0,0,3,18446744073709550406,18446744073709551030,18446744073709550545,192,2,1,1,17097874596007028551,2,0,4,7512661191916941641,0,3,1,0
PAWN_AUDIT_RESULT,1696,4,4,1,0,0,1,0,0,0,0,0
PAWN_AUDIT_ENTRY,1697,3528343429021767481,7608120201180781726,4344086422047505838,17324774767407530339,324,280,281,191,9,8,3,5,18446744073709540931,1324,4,0,0,0,0,0,0,0,0,9,9,18446744073708719268,9,3213,0,0,0,4,18446744073709547090,892,18446744073709550011,192,2,1,1,17097874596007028551,2,0,4,7512661191916941641,0,3,1,0
PAWN_AUDIT_RESULT,1697,3,3,180,0,0,180,0,0,0,0,0
PAWN_AUDIT_ENTRY,1699,3365018317322714338,9206736596802864898,4344086422047505838,7898757340604107693,1894,280,281,191,9,8,3,7,18446744073709545081,18446744073709548935,4,0,0,0,0,0,0,0,0,9,9,18446744073708719268,9,3215,0,0,0,3,18446744073709549412,18446744073709551030,18446744073709550638,192,2,1,1,17097874596007028551,2,0,4,7512661191916941641,0,3,1,0
PAWN_AUDIT_RESULT,1699,3,3,143,0,0,143,0,0,0,0,0
PAWN_AUDIT_ENTRY,1701,2776644382949314772,6795763948132017073,4344086422047505838,4956284418500691876,1867,280,281,191,9,8,3,10,18446744073709544838,18446744073709548750,4,0,0,0,0,0,0,0,0,9,9,18446744073708719268,9,3217,0,0,0,3,18446744073709549323,18446744073709551030,18446744073709550594,192,2,1,1,17097874596007028551,2,0,4,7512661191916941641,0,3,1,0
PAWN_AUDIT_RESULT,1701,3,3,79,0,0,79,0,0,0,0,0
PAWN_AUDIT_ENTRY,1714,17875207605853685507,9389665611368720960,5598076041250099459,15084669374350777506,983,280,281,18446744073709551159,8,7,4,2,18446744073709543736,18446744073709551198,4,0,0,0,0,0,0,0,0,50,50,18446744073708719268,9,3241,0,0,0,1,18446744073709548610,18446744073709551030,18446744073709551030,222,2,1,1,17097874596007028551,2,0,4,1854148679829102052,0,0,1,0
PAWN_AUDIT_RESULT,1714,4,4,210,0,0,210,0,0,0,0,0
PAWN_AUDIT_ENTRY,1715,9389665611368720960,3300162472997295935,5598076041250099459,10596160708883675499,1050,280,281,210,8,7,4,3,18446744073709550340,18446744073709550278,4,0,0,0,0,0,0,0,0,50,50,18446744073708719268,9,3242,0,0,0,2,18446744073709551613,18446744073709551030,18446744073709551030,222,2,1,1,17097874596007028551,2,0,4,1854148679829102052,0,3,1,0
PAWN_AUDIT_RESULT,1715,4,4,151,0,0,151,0,0,0,0,0
PAWN_AUDIT_ENTRY,1716,3300162472997295935,13659140135741919356,5598076041250099459,14427057265671834834,1057,280,281,210,8,7,3,4,18446744073709549442,18446744073709550278,4,0,0,0,0,0,0,0,0,50,50,18446744073708719268,9,3243,0,0,0,2,18446744073709551613,18446744073709550213,18446744073709551030,222,2,1,1,17097874596007028551,2,0,4,1854148679829102052,0,3,1,0
PAWN_AUDIT_RESULT,1716,3,3,196,0,0,196,0,0,0,0,0
PAWN_AUDIT_ENTRY,1717,13659140135741919356,13795462617909090826,5598076041250099459,9337335549810273742,324,280,281,210,8,7,2,5,18446744073709543989,1324,4,0,0,0,0,0,0,0,0,50,50,18446744073708719268,9,3244,0,0,0,4,18446744073709547986,892,18446744073709551030,222,2,1,1,17097874596007028551,2,0,4,1854148679829102052,0,3,1,0
PAWN_AUDIT_RESULT,1717,2,2,195,0,0,195,0,0,0,0,0
PAWN_AUDIT_ENTRY,1718,13795462617909090826,15456045264513111788,5598076041250099459,14312941345685858929,1025,280,281,210,8,7,3,6,18446744073709549073,18446744073709550278,4,0,0,0,0,0,0,0,0,50,50,18446744073708719268,9,3245,0,0,0,2,18446744073709551613,18446744073709549878,18446744073709551030,222,2,1,1,17097874596007028551,2,0,4,1854148679829102052,0,3,1,0
PAWN_AUDIT_RESULT,1718,3,3,1,0,0,1,0,0,0,0,0
PAWN_AUDIT_ENTRY,1719,15456045264513111788,14965595773140040235,5598076041250099459,13211555489523959516,157,280,281,210,8,7,2,7,18446744073709547499,18446744073709548774,4,0,0,0,0,0,0,0,0,50,50,18446744073708719268,9,3246,0,0,0,3,18446744073709550321,18446744073709551030,18446744073709551030,222,2,1,1,17097874596007028551,2,0,4,1854148679829102052,0,3,1,0
PAWN_AUDIT_RESULT,1719,2,2,150,0,0,150,0,0,0,0,0
PAWN_AUDIT_ENTRY,1725,15948843053819969654,10849858549887942648,2603256897766977518,13314750441159811663,983,280,281,202,6,5,2,2,18446744073709546960,18446744073709550278,6,0,0,0,0,0,0,0,0,18446744073709551593,18446744073709551593,18446744073709380616,9,3261,0,0,1,1,18446744073709550076,18446744073709551030,18446744073709551030,274,0,1,1,12529207888693573170,0,0,6,715754764499345415,0,0,1,0
PAWN_AUDIT_RESULT,1725,2,2,175,0,0,175,0,0,0,0,0
PAWN_AUDIT_ENTRY,1727,13553067292736212793,12510950709176304696,14801965657558470753,5876348652900834752,983,280,281,262,8,7,4,3,18446744073709548928,18446744073709551198,4,0,0,0,0,0,0,0,0,77,77,18446744073708719268,9,3263,0,0,0,1,18446744073709550971,18446744073709551030,18446744073709551030,274,3,1,1,17097874596007028551,2,0,4,11051898691792313478,0,0,1,0
PAWN_AUDIT_RESULT,1727,4,4,203,0,0,203,0,0,0,0,0
PAWN_AUDIT_ENTRY,1728,12510950709176304696,6743992830126579215,14801965657558470753,94461374482803884,324,280,281,262,8,7,3,4,18446744073709545882,1324,4,0,0,0,0,0,0,0,0,77,77,18446744073708719268,9,3264,0,0,0,4,18446744073709548847,892,18446744073709551030,274,3,1,1,17097874596007028551,2,0,4,11051898691792313478,0,3,1,0
PAWN_AUDIT_RESULT,1728,3,3,199,0,0,199,0,0,0,0,0
PAWN_AUDIT_ENTRY,1729,6743992830126579215,16220656173635566951,14801965657558470753,14312941345685858929,2434,280,281,262,8,7,3,5,18446744073709550340,18446744073709550278,4,0,0,0,0,0,0,0,0,77,77,18446744073708719268,9,3265,0,0,0,3,18446744073709551613,18446744073709551030,18446744073709551030,274,3,1,1,17097874596007028551,2,0,4,11051898691792313478,0,3,1,0
PAWN_AUDIT_RESULT,1729,3,3,1,0,0,1,0,0,0,0,0
PAWN_AUDIT_ENTRY,1730,16220656173635566951,18410619930815927053,14801965657558470753,15379833342604390942,2463,280,281,262,8,7,3,6,18446744073709550340,18446744073709550278,4,0,0,0,0,0,0,0,0,77,77,18446744073708719268,9,3266,0,0,0,3,18446744073709551613,18446744073709551030,18446744073709551030,274,3,1,1,17097874596007028551,2,0,4,11051898691792313478,0,3,1,0
PAWN_AUDIT_RESULT,1730,3,3,147,0,0,147,0,0,0,0,0
PAWN_AUDIT_ENTRY,1732,9781552507494828752,15543685175554671359,14801965657558470753,4956284418500691876,2443,280,281,262,8,7,3,8,18446744073709550340,18446744073709547659,4,0,0,0,0,0,0,0,0,77,77,18446744073708719268,9,3270,0,0,0,3,18446744073709551613,18446744073709551030,18446744073709551030,274,3,1,1,17097874596007028551,2,0,4,11051898691792313478,0,3,1,0
PAWN_AUDIT_RESULT,1732,3,3,81,0,0,81,0,0,0,0,0
PAWN_AUDIT_ENTRY,1733,15543685175554671359,11536577212087111336,14801965657558470753,11294019825653212770,2461,280,281,262,8,7,2,9,18446744073709550340,18446744073709548145,4,0,0,0,0,0,0,0,0,77,77,18446744073708719268,9,3271,0,0,0,3,18446744073709551613,18446744073709551030,18446744073709551030,274,3,1,1,17097874596007028551,2,0,4,11051898691792313478,0,3,1,0
PAWN_AUDIT_RESULT,1733,2,2,120,0,0,120,0,0,0,0,0
PAWN_AUDIT_ENTRY,1734,11536577212087111336,3823769676197599342,14801965657558470753,7966309787087214276,194,280,281,262,8,7,2,10,18446744073709546054,18446744073709548874,4,0,0,0,0,0,0,0,0,77,77,18446744073708719268,9,3272,0,0,0,5,18446744073709549664,18446744073709551030,18446744073709551030,274,3,1,1,17097874596007028551,2,0,4,11051898691792313478,0,3,1,0
PAWN_AUDIT_RESULT,1734,2,2,143,0,0,143,0,0,0,0,0
PAWN_AUDIT_ENTRY,1759,9564673044551095011,2838612816385487005,9320757048868970284,8435829544998282787,3947,18446744073709551336,18446744073709551337,18446744073709551264,6,5,2,4,18446744073709550340,18446744073709550278,5,0,0,0,0,0,0,0,0,18446744073709551166,18446744073709551166,18446744073709429475,9,3316,0,0,1,11,18446744073709551613,18446744073709551030,18446744073709551030,18446744073709551210,0,1,1,9222765587171915658,0,0,5,1641076364905202670,0,1,1,0
PAWN_AUDIT_RESULT,1759,2,2,-464,0,0,-464,0,0,0,0,0
PAWN_AUDIT_ENTRY,1760,2838612816385487005,706229912364547350,9320757048868970284,13122944140214456528,3307,18446744073709551336,18446744073709551337,18446744073709551330,6,5,1,7,18446744073709549792,18446744073709548082,5,0,0,0,0,0,0,0,0,18446744073709551166,18446744073709551166,18446744073709429475,9,3317,0,0,1,9,18446744073709551364,18446744073709551030,18446744073709551030,18446744073709551210,0,1,1,9222765587171915658,0,0,5,1641076364905202670,0,0,1,0
PAWN_AUDIT_RESULT,1760,1,1,-293,0,0,-293,0,0,0,0,0
PAWN_AUDIT_ENTRY,1762,9921441372642048810,10469929489959946807,5150428520469768449,8087924513426073341,3307,18446744073709551336,18446744073709551337,18446744073709551331,8,7,3,3,18446744073709546266,18446744073709548082,3,0,0,0,0,0,0,0,0,18446744073709551190,18446744073709551190,18446744073708090016,9,3319,0,0,1,9,18446744073709551364,18446744073709547823,18446744073709551030,18446744073709551210,2,1,1,9222765587171915658,0,0,3,15666864846468740678,0,0,1,0
PAWN_AUDIT_RESULT,1762,3,3,-332,0,0,-332,0,0,0,0,0
PAWN_AUDIT_ENTRY,1764,414922292950902533,11698096776892570534,5150428520469768449,5525818375687525419,3938,18446744073709551336,18446744073709551337,18446744073709551331,8,7,3,5,18446744073709550340,18446744073709550278,3,0,0,0,0,0,0,0,0,18446744073709551190,18446744073709551190,18446744073708090016,9,3321,0,0,1,11,18446744073709551613,18446744073709551030,18446744073709551030,18446744073709551210,2,1,1,9222765587171915658,0,0,3,15666864846468740678,0,1,1,0
PAWN_AUDIT_RESULT,1764,3,3,-280,0,0,-280,0,11,11,0,0
PAWN_AUDIT_ENTRY,1769,1279281392066523843,1529357628751359748,5150428520469768449,5599326402747521824,3929,18446744073709551336,18446744073709551337,18446744073709551336,8,7,1,6,18446744073709547219,18446744073709548874,3,0,0,0,0,0,0,0,0,18446744073709551190,18446744073709551190,18446744073708090016,9,3333,0,0,1,11,18446744073709550194,18446744073709551030,18446744073709551030,18446744073709551210,2,1,1,9222765587171915658,0,0,3,15666864846468740678,0,1,1,0
PAWN_AUDIT_RESULT,1769,1,1,-400,0,0,-400,0,0,0,0,0
PAWN_AUDIT_ENTRY,1770,1529357628751359748,15760352646748378356,5150428520469768449,12912402951006818318,3947,18446744073709551336,18446744073709551337,18446744073709551336,8,7,1,7,18446744073709547219,18446744073709548874,3,0,0,0,0,0,0,0,0,18446744073709551190,18446744073709551190,18446744073708090016,9,3334,0,0,1,11,18446744073709550194,18446744073709551030,18446744073709551030,18446744073709551210,2,1,1,9222765587171915658,0,0,3,15666864846468740678,0,1,1,0
PAWN_AUDIT_RESULT,1770,1,1,-435,0,0,-435,0,0,0,0,0
PAWN_AUDIT_ENTRY,1771,15760352646748378356,1879583121808961194,5150428520469768449,4323210069065446957,3828,18446744073709551336,18446744073709551337,18446744073709551336,8,7,1,8,18446744073709543226,18446744073709550278,3,0,0,0,0,0,0,0,0,18446744073709551190,18446744073709551190,18446744073708090016,9,3335,0,0,1,13,18446744073709548141,18446744073709551030,18446744073709551519,18446744073709551210,2,1,1,9222765587171915658,0,0,3,15666864846468740678,0,1,1,0
PAWN_AUDIT_RESULT,1771,1,1,-545,0,0,-545,0,0,0,0,0
PAWN_AUDIT_ENTRY,1794,17078056148987119162,1820845707272580516,13529995302082563631,2764032511109013061,2228,18446744073709551336,18446744073709551337,18446744073709551162,6,5,3,2,18446744073709550914,18446744073709550278,5,0,0,0,0,0,0,0,0,18446744073709551089,18446744073709551089,2255342,9,3377,0,0,1,13,18446744073709551613,18446744073709551158,18446744073709551436,18446744073709551239,0,1,1,12257511676488398194,0,0,5,2006501615261000476,0,1,1,0
PAWN_AUDIT_RESULT,1794,3,3,-653,0,0,-653,0,0,0,0,0
PAWN_AUDIT_ENTRY,1795,1820845707272580516,2125104505831487071,13529995302082563631,3621271229391576637,2201,18446744073709551336,18446744073709551337,18446744073709551162,6,5,2,4,18446744073709550340,18446744073709550278,5,0,0,0,0,0,0,0,0,18446744073709551089,18446744073709551089,2255342,9,3378,0,0,1,13,18446744073709551613,18446744073709551030,18446744073709551030,18446744073709551239,0,1,1,12257511676488398194,0,0,5,2006501615261000476,0,1,1,0
PAWN_AUDIT_RESULT,1795,2,2,-582,0,0,-582,0,0,0,0,0
PAWN_AUDIT_ENTRY,1796,2125104505831487071,3385071002087535114,13529995302082563631,7952972102999038659,2202,18446744073709551336,18446744073709551337,18446744073709551162,6,5,1,5,18446744073709550340,18446744073709550278,5,0,0,0,0,0,0,0,0,18446744073709551089,18446744073709551089,2255342,9,3379,0,0,1,13,18446744073709551613,18446744073709551030,18446744073709551030,18446744073709551239,0,1,1,12257511676488398194,0,0,5,2006501615261000476,0,1,1,0
PAWN_AUDIT_RESULT,1796,1,1,-516,0,0,-516,0,0,0,0,0
PAWN_AUDIT_ENTRY,1797,3385071002087535114,4638468999354785098,13529995302082563631,1831664586854947090,2208,18446744073709551336,18446744073709551337,18446744073709551162,6,5,1,6,18446744073709550340,18446744073709550278,5,0,0,0,0,0,0,0,0,18446744073709551089,18446744073709551089,2255342,9,3380,0,0,1,13,18446744073709551613,18446744073709551030,18446744073709551030,18446744073709551239,0,1,1,12257511676488398194,0,0,5,2006501615261000476,0,1,1,0
PAWN_AUDIT_RESULT,1797,1,1,-487,0,0,-487,0,0,0,0,0
PAWN_AUDIT_ENTRY,1798,4638468999354785098,6431097813592059959,13529995302082563631,12605232813565332975,2215,18446744073709551336,18446744073709551337,18446744073709551162,6,5,1,7,18446744073709550340,18446744073709550278,5,0,0,0,0,0,0,0,0,18446744073709551089,18446744073709551089,2255342,9,3381,0,0,1,13,18446744073709551613,18446744073709551030,18446744073709551030,18446744073709551239,0,1,1,12257511676488398194,0,0,5,2006501615261000476,0,1,1,0
PAWN_AUDIT_RESULT,1798,1,1,-513,0,0,-513,0,0,0,0,0
PAWN_AUDIT_ENTRY,1799,6431097813592059959,4169941765127028795,13529995302082563631,731888373388880109,2217,18446744073709551336,18446744073709551337,18446744073709551162,6,5,1,8,18446744073709550340,18446744073709550278,5,0,0,0,0,0,0,0,0,18446744073709551089,18446744073709551089,2255342,9,3382,0,0,1,13,18446744073709551613,18446744073709551030,18446744073709551030,18446744073709551239,0,1,1,12257511676488398194,0,0,5,2006501615261000476,0,1,1,0
PAWN_AUDIT_RESULT,1799,1,1,-574,0,0,-574,0,0,0,0,0
PAWN_AUDIT_ENTRY,1800,4169941765127028795,14554388394301857769,13529995302082563631,10965272648003900087,2219,18446744073709551336,18446744073709551337,18446744073709551162,6,5,1,9,18446744073709550340,18446744073709550278,5,0,0,0,0,0,0,0,0,18446744073709551089,18446744073709551089,2255342,9,3383,0,0,1,13,18446744073709551613,18446744073709551030,18446744073709551030,18446744073709551239,0,1,1,12257511676488398194,0,0,5,2006501615261000476,0,1,1,0
PAWN_AUDIT_RESULT,1800,1,1,-551,0,0,-551,0,0,0,0,0
PAWN_AUDIT_ENTRY,1801,14554388394301857769,17176890899073024857,13529995302082563631,10125173912273584595,3307,18446744073709551336,18446744073709551337,18446744073709551162,6,5,1,10,18446744073709548671,18446744073709550278,5,0,0,0,0,0,0,0,0,18446744073709551089,18446744073709551089,2255342,9,3384,0,0,1,9,18446744073709550854,18446744073709551030,18446744073709551030,18446744073709551239,0,1,1,12257511676488398194,0,0,5,2006501615261000476,0,0,1,0
PAWN_AUDIT_RESULT,1801,1,1,-345,0,0,-345,0,0,0,0,0
PAWN_AUDIT_ENTRY,1804,9752423319447205309,11872388372305412606,5307853010694864123,17310241355734412975,3956,18446744073709551336,18446744073709551337,18446744073709551280,8,7,3,3,18446744073709549676,18446744073709550429,3,0,0,0,0,0,0,0,0,18446744073709551236,18446744073709551236,18446744073699336420,9,3389,0,0,0,11,18446744073709550856,96,18446744073709551265,18446744073709551306,2,1,1,12383676071972810048,0,0,3,4067558195523107072,0,1,1,0
PAWN_AUDIT_RESULT,1804,3,3,-331,0,0,-331,0,0,0,0,0
PAWN_AUDIT_ENTRY,1805,11872388372305412606,15132994814641736969,5307853010694864123,6666369026740551483,2215,18446744073709551336,18446744073709551337,18446744073709551285,8,7,2,4,18446744073709547219,18446744073709550278,3,0,0,0,0,0,0,0,0,18446744073709551236,18446744073709551236,18446744073699336420,9,3390,0,0,0,13,18446744073709550194,18446744073709551030,18446744073709551030,18446744073709551306,2,1,1,12383676071972810048,0,0,3,4067558195523107072,0,1,1,0
PAWN_AUDIT_RESULT,1805,2,2,-382,0,0,-382,0,0,0,0,0
PAWN_AUDIT_ENTRY,1806,15132994814641736969,2513903339328589906,5307853010694864123,17889788259193887289,2217,18446744073709551336,18446744073709551337,18446744073709551285,8,7,2,5,18446744073709547219,18446744073709549571,3,0,0,0,0,0,0,0,0,18446744073709551236,18446744073709551236,18446744073699336420,9,3391,0,0,0,13,18446744073709550194,18446744073709551030,18446744073709551030,18446744073709551306,2,1,1,12383676071972810048,0,0,3,4067558195523107072,0,1,1,0
PAWN_AUDIT_RESULT,1806,2,2,-379,0,0,-379,0,0,0,0,0
PAWN_AUDIT_ENTRY,1807,2513903339328589906,4798647686590015308,5307853010694864123,13682680386669757940,3947,18446744073709551336,18446744073709551337,18446744073709551285,8,7,1,6,18446744073709544714,18446744073709550278,3,0,0,0,0,0,0,0,0,18446744073709551236,18446744073709551236,18446744073699336420,9,3392,0,0,0,11,18446744073709549055,18446744073709551030,18446744073709551030,18446744073709551306,2,1,1,12383676071972810048,0,0,3,4067558195523107072,0,1,1,0
PAWN_AUDIT_RESULT,1807,1,1,-476,0,0,-476,0,0,0,0,0
PAWN_AUDIT_ENTRY,1808,4798647686590015308,13771630190074447170,5307853010694864123,11255580444193253399,2202,18446744073709551336,18446744073709551337,18446744073709551285,8,7,1,7,18446744073709547219,18446744073709548874,3,0,0,0,0,0,0,0,0,18446744073709551236,18446744073709551236,18446744073699336420,9,3393,0,0,0,13,18446744073709550194,18446744073709551030,18446744073709551030,18446744073709551306,2,1,1,12383676071972810048,0,0,3,4067558195523107072,0,1,1,0
PAWN_AUDIT_RESULT,1808,1,1,-465,0,0,-465,0,0,0,0,0
PAWN_AUDIT_ENTRY,1809,13771630190074447170,13366327515737050433,5307853010694864123,16935252063993424838,2208,18446744073709551336,18446744073709551337,18446744073709551285,8,7,1,8,18446744073709547219,18446744073709548874,3,0,0,0,0,0,0,0,0,18446744073709551236,18446744073709551236,18446744073699336420,9,3394,0,0,0,13,18446744073709550194,18446744073709551030,18446744073709551030,18446744073709551306,2,1,1,12383676071972810048,0,0,3,4067558195523107072,0,1,1,0
PAWN_AUDIT_RESULT,1809,1,1,-413,0,0,-413,0,0,0,0,0
PAWN_AUDIT_ENTRY,1810,13366327515737050433,2584051595670552346,5307853010694864123,4682622993655137287,2209,18446744073709551336,18446744073709551337,18446744073709551285,8,7,1,9,18446744073709547219,18446744073709548874,3,0,0,0,0,0,0,0,0,18446744073709551236,18446744073709551236,18446744073699336420,9,3395,0,0,0,13,18446744073709550194,18446744073709551030,18446744073709551030,18446744073709551306,2,1,1,12383676071972810048,0,0,3,4067558195523107072,0,1,1,0
PAWN_AUDIT_RESULT,1810,1,1,-483,0,0,-483,0,0,0,0,0
PAWN_AUDIT_ENTRY,1811,2584051595670552346,13698481652397843408,5307853010694864123,15291598522867592337,2228,18446744073709551336,18446744073709551337,18446744073709551285,8,7,1,10,18446744073709547219,18446744073709548874,3,0,0,0,0,0,0,0,0,18446744073709551236,18446744073709551236,18446744073699336420,9,3396,0,0,0,13,18446744073709550194,18446744073709551030,18446744073709551030,18446744073709551306,2,1,1,12383676071972810048,0,0,3,4067558195523107072,0,1,1,0
PAWN_AUDIT_RESULT,1811,1,1,-517,0,0,-517,0,0,0,0,0
PAWN_AUDIT_ENTRY,1812,13698481652397843408,836134777102109465,5307853010694864123,7656403428397408355,2219,18446744073709551336,18446744073709551337,18446744073709551285,8,7,1,11,18446744073709547219,18446744073709548874,3,0,0,0,0,0,0,0,0,18446744073709551236,18446744073709551236,18446744073699336420,9,3397,0,0,0,13,18446744073709550194,18446744073709551030,18446744073709551030,18446744073709551306,2,1,1,12383676071972810048,0,0,3,4067558195523107072,0,1,1,0
PAWN_AUDIT_RESULT,1812,1,1,-599,0,0,-599,0,0,0,0,0
PAWN_AUDIT_ENTRY,1813,836134777102109465,1821289475683795624,5307853010694864123,5733998546799748552,2740,18446744073709551336,18446744073709551337,18446744073709551285,8,7,1,12,18446744073709542704,18446744073709550278,3,0,0,0,0,0,0,0,0,18446744073709551236,18446744073709551236,18446744073699336420,9,3398,0,0,0,10,18446744073709548141,18446744073709551030,18446744073709551030,18446744073709551306,2,1,1,12383676071972810048,0,0,3,4067558195523107072,0,1,1,0
PAWN_AUDIT_RESULT,1813,1,1,-640,0,0,-640,0,0,0,0,0
PAWN_AUDIT_ENTRY,1815,8565334125331936258,5302509778055329077,5307853010694864123,7777259881073764456,3299,18446744073709551336,18446744073709551337,18446744073709551285,8,7,1,15,18446744073709547686,18446744073709550278,3,0,0,0,0,0,0,0,0,18446744073709551236,18446744073709551236,18446744073699336420,9,3400,0,0,0,9,18446744073709550406,18446744073709551030,18446744073709551030,18446744073709551306,2,1,1,12383676071972810048,0,0,3,4067558195523107072,0,0,1,0
PAWN_AUDIT_RESULT,1815,1,1,-323,0,0,-323,0,0,0,0,0
PAWN_AUDIT_ENTRY,1951,17584715280030188852,4037065637423743080,14933688594125658978,17123728373231725947,139,272,273,124,10,9,5,3,18446744073709540723,18446744073709550278,8,0,0,0,0,0,0,0,0,15,15,18446744073708862735,10,3630,0,0,1,3,18446744073709547240,18446744073709551030,18446744073709551030,200,4,1,1,8712036221253117485,0,0,8,17290647871590896100,0,1,1,0
PAWN_AUDIT_RESULT,1951,5,5,172,0,0,172,0,0,0,0,0
PAWN_AUDIT_ENTRY,1952,4037065637423743080,11678659631217460079,14933688594125658978,223952851304359855,324,272,273,172,10,9,5,4,18446744073709545429,18446744073709550278,8,0,0,0,0,0,0,0,0,15,15,18446744073708862735,10,3631,0,0,1,4,18446744073709549380,18446744073709551030,18446744073709551030,200,4,1,1,8712036221253117485,0,0,8,17290647871590896100,0,1,1,0
PAWN_AUDIT_RESULT,1952,5,5,167,0,0,167,0,0,0,0,0
PAWN_AUDIT_ENTRY,1953,11678659631217460079,5443391554128740538,14933688594125658978,15766542841544255067,148,272,273,172,10,9,3,5,18446744073709537842,18446744073709550278,8,0,0,0,0,0,0,0,0,15,15,18446744073708862735,10,3632,0,0,1,3,18446744073709545930,18446744073709551030,18446744073709551030,200,4,1,1,8712036221253117485,0,0,8,17290647871590896100,0,1,1,0
PAWN_AUDIT_RESULT,1953,3,3,177,0,0,177,0,0,0,0,0
PAWN_AUDIT_ENTRY,1954,5443391554128740538,8881200008142494407,14933688594125658978,13755268933215051417,658,272,273,177,10,9,3,6,18446744073709539966,18446744073709550278,8,0,0,0,0,0,0,0,0,15,15,18446744073708862735,10,3633,0,0,1,1,18446744073709546896,18446744073709551030,18446744073709551030,200,4,1,1,8712036221253117485,0,0,8,17290647871590896100,0,0,1,0
PAWN_AUDIT_RESULT,1954,3,3,141,0,0,141,0,0,0,0,0
PAWN_AUDIT_ENTRY,1955,8881200008142494407,7088222342475870798,14933688594125658978,3565793781991533903,917,272,273,177,10,9,3,7,18446744073709536549,18446744073709550278,8,0,0,0,0,0,0,0,0,15,15,18446744073708862735,10,3634,0,0,1,3,18446744073709545342,18446744073709551030,18446744073709551030,200,4,1,1,8712036221253117485,0,0,8,17290647871590896100,0,1,1,0
PAWN_AUDIT_RESULT,1955,3,3,153,0,0,153,0,0,0,0,0
PAWN_AUDIT_ENTRY,1956,7088222342475870798,5233792268779604881,14933688594125658978,7859718352920918372,536,272,273,179,10,9,3,10,18446744073709537085,18446744073709550278,8,0,0,0,0,0,0,0,0,15,15,18446744073708862735,10,3635,0,0,1,1,18446744073709545586,18446744073709551030,18446744073709551030,200,4,1,1,8712036221253117485,0,0,8,17290647871590896100,0,0,1,0
PAWN_AUDIT_RESULT,1956,3,3,167,0,0,167,0,0,0,0,0
PAWN_AUDIT_ENTRY,1960,200562282566820842,7137940954512427684,3325142458589714543,3580548664094061215,1561,272,273,213,6,5,1,3,18446744073709541046,18446744073709550354,8,0,0,0,0,0,0,0,0,126,126,18446744073707218750,10,3642,0,0,0,5,18446744073709547577,18446744073709551030,18446744073709550638,218,3,1,1,16739620085054120890,3,0,8,716604082433930139,0,4,1,0
PAWN_AUDIT_RESULT,1960,1,1,243,0,0,243,0,0,0,0,0
PAWN_AUDIT_ENTRY,1962,16313389038175424815,16681590917177235237,3325142458589714543,917025611043024502,139,272,273,243,6,5,1,8,18446744073709541345,5364,8,0,0,0,0,0,0,0,0,126,126,18446744073707218750,10,3644,0,0,0,3,18446744073709547523,18446744073709551030,18446744073709551030,218,3,1,1,16739620085054120890,3,0,8,716604082433930139,0,4,1,0
PAWN_AUDIT_RESULT,1962,1,1,158,0,0,158,0,0,0,0,0
PAWN_AUDIT_ENTRY,1963,16681590917177235237,10916652357765927382,3325142458589714543,15334128590030196656,157,272,273,243,6,5,1,9,18446744073709543476,18446744073709550534,8,0,0,0,0,0,0,0,0,126,126,18446744073707218750,10,3645,0,0,0,3,18446744073709548634,18446744073709551030,18446744073709550737,218,3,1,1,16739620085054120890,3,0,8,716604082433930139,0,4,1,0
PAWN_AUDIT_RESULT,1963,1,1,212,0,0,212,0,0,0,0,0
PAWN_AUDIT_ENTRY,1964,10916652357765927382,3638821251614322447,3325142458589714543,4853326247729253325,861,272,273,243,6,5,1,10,18446744073709548595,18446744073709550040,8,0,0,0,0,0,0,0,0,126,126,18446744073707218750,10,3646,0,0,0,1,18446744073709551081,18446744073709551030,18446744073709550491,218,3,1,1,16739620085054120890,3,0,8,716604082433930139,0,0,1,0
PAWN_AUDIT_RESULT,1964,1,1,177,0,0,177,0,0,0,0,0
PAWN_AUDIT_ENTRY,2057,9947612601265499077,9321806024572665692,10622534078950526757,342828883807955458,1752,272,273,250,6,5,1,5,18446744073709535784,18446744073709548726,8,0,0,0,0,1,0,82,1,272,279,18446744073706637961,10,3784,0,0,0,5,18446744073709547890,18446744073709547644,18446744073709548552,272,1,1,1,15302648528257250775,1,0,8,3096733313460919665,0,2,1,0
PAWN_AUDIT_RESULT,2057,1,1,234,0,0,234,0,1,1,0,0
PAWN_AUDIT_ENTRY,2058,9321806024572665692,17453791582338477291,10622534078950526757,12823569941000845628,139,272,273,250,6,5,1,6,18446744073709543865,18446744073709550278,8,0,0,0,0,1,0,82,0,272,279,18446744073706637961,10,3786,0,0,0,3,18446744073709546479,2377,873,272,1,1,1,15302648528257250775,1,0,8,3096733313460919665,0,2,1,0
PAWN_AUDIT_RESULT,2058,1,1,234,0,0,234,0,0,0,0,0
PAWN_AUDIT_ENTRY,2059,17453791582338477291,4821133868869502496,10622534078950526757,3677353973900354395,1731,272,273,250,6,5,1,7,18446744073709540485,18446744073709550664,8,0,0,0,0,1,0,82,0,272,279,18446744073706637961,10,3787,0,0,0,5,18446744073709546396,18446744073709551030,930,272,1,1,1,15302648528257250775,1,0,8,3096733313460919665,0,2,1,0
PAWN_AUDIT_RESULT,2059,1,1,229,0,0,229,0,0,0,0,0
PAWN_AUDIT_ENTRY,2060,4821133868869502496,14790839179988481910,10622534078950526757,15213165895468301375,1739,272,273,250,6,5,1,8,18446744073709542282,18446744073709550519,8,0,0,0,0,1,0,82,0,272,279,18446744073706637961,10,3788,0,0,0,5,18446744073709548060,18446744073709551030,18446744073709550801,272,1,1,1,15302648528257250775,1,0,8,3096733313460919665,0,2,1,0
PAWN_AUDIT_RESULT,2060,1,1,235,0,0,235,0,0,0,0,0
PAWN_AUDIT_ENTRY,2061,14790839179988481910,8023286684514426136,10622534078950526757,16264143758304418172,1754,272,273,250,6,5,1,12,18446744073709541620,18446744073709549951,8,0,0,0,0,1,0,82,0,272,279,18446744073706637961,10,3789,0,0,0,5,18446744073709548139,18446744073709550680,18446744073709550379,272,1,1,1,15302648528257250775,1,0,8,3096733313460919665,0,2,1,0
PAWN_AUDIT_RESULT,2061,1,1,234,0,0,234,0,0,0,0,0
PAWN_AUDIT_ENTRY,2062,8023286684514426136,9570832443475096577,10622534078950526757,6035508358597488590,1828,272,273,250,6,5,1,13,18446744073709541678,18446744073709550278,8,0,0,0,0,1,0,82,0,272,279,18446744073706637961,10,3790,0,0,0,1,18446744073709548574,18446744073709550506,18446744073709549716,272,1,1,1,15302648528257250775,1,0,8,3096733313460919665,0,0,1,0
PAWN_AUDIT_RESULT,2062,1,1,272,0,0,272,0,0,0,0,0
PAWN_AUDIT_ENTRY,2063,9570832443475096577,703858099719828651,10622534078950526757,13520145631288220478,1753,272,273,272,6,5,1,14,18446744073709541958,18446744073709549658,8,0,0,0,0,1,0,82,0,272,279,18446744073706637961,10,3791,0,0,0,5,18446744073709548339,18446744073709550579,18446744073709550387,272,1,1,1,15302648528257250775,1,0,8,3096733313460919665,0,2,1,0
PAWN_AUDIT_RESULT,2063,1,1,230,0,0,230,0,0,0,0,0
PAWN_AUDIT_ENTRY,2064,703858099719828651,13629418026628312304,10622534078950526757,8354760424145088930,1503,272,273,272,6,5,1,15,18446744073709540071,18446744073709550278,8,0,0,0,0,1,0,82,0,272,279,18446744073706637961,10,3792,0,0,0,1,18446744073709547095,18446744073709551030,18446744073709550718,272,1,1,1,15302648528257250775,1,0,8,3096733313460919665,0,0,1,0
PAWN_AUDIT_RESULT,2064,1,1,213,0,0,213,0,0,0,0,0
PAWN_AUDIT_ENTRY,2065,13629418026628312304,17043007486388335036,10622534078950526757,6759849225156542537,399,272,273,272,6,5,1,16,18446744073709540663,18446744073709549309,8,0,0,0,0,1,0,82,0,272,279,18446744073706637961,10,3793,0,0,0,6,18446744073709547213,18446744073709551030,18446744073709551030,272,1,1,1,15302648528257250775,1,0,8,3096733313460919665,0,2,1,0
PAWN_AUDIT_RESULT,2065,1,1,247,0,0,247,0,0,0,0,0
PAWN_AUDIT_ENTRY,2066,17043007486388335036,8449764463597490267,10622534078950526757,15785691067538827434,323,272,273,272,6,5,1,17,18446744073709542495,18446744073709549272,8,0,0,0,0,1,0,82,0,272,279,18446744073706637961,10,3794,0,0,0,4,18446744073709545578,3972,18446744073709551419,272,1,1,1,15302648528257250775,1,0,8,3096733313460919665,0,2,1,0
PAWN_AUDIT_RESULT,2066,1,1,257,0,0,257,0,0,0,0,0
PAWN_AUDIT_ENTRY,2072,13552082199133105579,16776843240405153503,8271941808908121115,9809777837497770948,157,272,273,272,10,9,6,3,18446744073709543836,18446744073709549810,4,0,0,0,0,1,0,1371,0,185,185,3492661,10,3804,0,0,0,3,18446744073709548179,367,18446744073709551030,273,4,1,1,15084002520892502314,1,0,4,1030489695836318519,0,2,1,0
PAWN_AUDIT_RESULT,2072,6,6,203,0,0,203,0,0,0,0,0
PAWN_AUDIT_ENTRY,2073,16776843240405153503,4767159817071439877,8271941808908121115,220748603893608928,658,272,273,272,10,9,4,5,18446744073709535575,18446744073709550644,4,0,0,0,0,1,0,1371,0,185,185,3492661,10,3805,0,0,0,1,18446744073709546050,18446744073709548884,18446744073709550870,273,4,1,1,15084002520892502314,1,0,4,1030489695836318519,0,0,1,0
PAWN_AUDIT_RESULT,2073,4,4,221,0,0,221,0,4,4,0,0
PAWN_AUDIT_ENTRY,2076,12021831979317169209,14033515096281545174,8271941808908121115,15053173640796968477,536,272,273,272,10,9,3,6,18446744073709537224,18446744073709550278,4,0,0,0,0,1,0,1371,0,185,185,3492661,10,3810,0,0,0,1,18446744073709545649,18446744073709551030,18446744073709551030,273,4,1,1,15084002520892502314,1,0,4,1030489695836318519,0,0,1,0
PAWN_AUDIT_RESULT,2076,3,3,228,0,0,228,0,0,0,0,0
PAWN_AUDIT_ENTRY,2077,14033515096281545174,13614220508848679095,8271941808908121115,5789233981706928642,139,272,273,272,10,9,3,7,18446744073709538691,18446744073709550278,4,0,0,0,0,1,0,1371,0,185,185,3492661,10,3811,0,0,0,3,18446744073709546316,18446744073709551030,18446744073709551030,273,4,1,1,15084002520892502314,1,0,4,1030489695836318519,0,2,1,0
PAWN_AUDIT_RESULT,2077,3,3,179,0,0,179,0,0,0,0,0
PAWN_AUDIT_ENTRY,2078,13614220508848679095,16636341361686584844,8271941808908121115,13578012334678326135,399,272,273,272,10,9,3,9,18446744073709540512,18446744073709548866,4,0,0,0,0,1,0,1371,0,185,185,3492661,10,3812,0,0,0,6,18446744073709547144,18446744073709551030,18446744073709551030,273,4,1,1,15084002520892502314,1,0,4,1030489695836318519,0,2,1,0
PAWN_AUDIT_RESULT,2078,3,3,213,0,0,213,0,0,0,0,0
PAWN_AUDIT_ENTRY,2079,16636341361686584844,14067945902670884287,8271941808908121115,10543796571635485340,1503,272,273,272,10,9,2,13,18446744073709538511,18446744073709549508,4,0,0,0,0,1,0,1371,0,185,185,3492661,10,3813,0,0,0,1,18446744073709546634,18446744073709551030,18446744073709550206,273,4,1,1,15084002520892502314,1,0,4,1030489695836318519,0,0,1,0
PAWN_AUDIT_RESULT,2079,2,2,199,0,0,199,0,0,0,0,0
PAWN_AUDIT_ENTRY,2095,7803352077738896715,1282816079644888016,9996050587126172500,5337231360743762879,1828,272,273,150,7,6,2,3,18446744073709544930,18446744073709551560,10,0,0,0,0,0,0,0,0,18446744073709551602,18446744073709551602,972693,10,3848,0,0,0,1,18446744073709548574,18446744073709551030,607,32002,18446744073709551613,0,0,4443265319338385730,5,0,10,10309031869388845721,0,0,1,0
PAWN_AUDIT_RESULT,2095,2,2,160,0,0,160,0,0,0,0,0
PAWN_AUDIT_ENTRY,2096,1282816079644888016,13443413164088363311,9996050587126172500,17000540280473842118,1569,272,273,160,7,6,2,4,18446744073709546151,18446744073709549510,10,0,0,0,0,0,0,0,0,18446744073709551602,18446744073709551602,972693,10,3849,0,0,0,5,18446744073709549708,18446744073709551030,18446744073709551030,32002,18446744073709551613,0,0,4443265319338385730,5,0,10,10309031869388845721,0,6,1,0
PAWN_AUDIT_RESULT,2096,2,2,144,0,0,144,0,0,0,0,0
PAWN_AUDIT_ENTRY,2098,1712197062551140398,12677709244892580474,1742125048284471308,16340684835295606739,157,272,273,272,12,11,7,3,18446744073709543811,18446744073709550278,8,0,0,0,0,0,0,0,0,139,139,1291104,10,3856,0,0,0,3,18446744073709547920,862,18446744073709551030,247,8,1,1,4443265319338385730,3,0,8,11654851275327631960,0,4,1,0
PAWN_AUDIT_RESULT,2098,7,7,182,0,0,182,0,3,3,0,0
PAWN_AUDIT_ENTRY,2100,7987867966420609649,10111455365872205421,1742125048284471308,15602150440429879527,1828,272,273,272,12,11,5,4,18446744073709542064,18446744073709551560,8,0,0,0,0,0,0,0,0,139,139,1291104,10,3860,0,0,0,1,18446744073709549059,18446744073709550506,18446744073709549078,247,8,1,1,4443265319338385730,3,0,8,11654851275327631960,0,0,1,0
PAWN_AUDIT_RESULT,2100,5,5,252,0,0,252,0,8,8,0,0
PAWN_AUDIT_ENTRY,2101,10111455365872205421,5697463869916205346,1742125048284471308,4229424436310627861,139,272,273,272,12,11,3,5,18446744073709541232,18446744073709550278,8,0,0,0,0,0,0,0,0,139,139,1291104,10,3869,0,0,0,3,18446744073709545990,2377,18446744073709551030,247,8,1,1,4443265319338385730,3,0,8,11654851275327631960,0,4,1,0
PAWN_AUDIT_RESULT,2101,3,3,178,0,0,178,0,0,0,0,0
PAWN_AUDIT_ENTRY,2102,5697463869916205346,6731490898902685205,1742125048284471308,8266157194099423764,209,272,273,272,12,11,2,7,18446744073709538494,18446744073709550729,8,0,0,0,0,0,0,0,0,139,139,1291104,10,3870,0,0,0,5,18446744073709546635,18446744073709550213,18446744073709551030,247,8,1,1,4443265319338385730,3,0,8,11654851275327631960,0,4,1,0
PAWN_AUDIT_RESULT,2102,2,2,187,0,0,187,0,0,0,0,0
PAWN_AUDIT_ENTRY,2103,6731490898902685205,8893633404307717906,1742125048284471308,13403010545177575946,536,272,273,272,12,11,2,8,18446744073709538330,18446744073709550278,8,0,0,0,0,0,0,0,0,139,139,1291104,10,3871,0,0,0,1,18446744073709546152,18446744073709551030,18446744073709551030,247,8,1,1,4443265319338385730,3,0,8,11654851275327631960,0,0,1,0
PAWN_AUDIT_RESULT,2103,2,2,174,0,0,174,0,0,0,0,0
PAWN_AUDIT_ENTRY,2104,8893633404307717906,16063585461596067848,1742125048284471308,7558776819555922609,389,272,273,272,12,11,2,9,18446744073709538127,18446744073709550278,8,0,0,0,0,0,0,0,0,139,139,1291104,10,3872,0,0,0,6,18446744073709546383,18446744073709551030,18446744073709550364,247,8,1,1,4443265319338385730,3,0,8,11654851275327631960,0,4,1,0
PAWN_AUDIT_RESULT,2104,2,2,148,0,0,148,0,0,0,0,0
PAWN_AUDIT_ENTRY,2105,16063585461596067848,2689317606266545270,1742125048284471308,998770020838202677,148,272,273,272,12,11,2,10,18446744073709538595,18446744073709549908,8,0,0,0,0,0,0,0,0,139,139,1291104,10,3873,0,0,0,3,18446744073709546760,18446744073709550055,18446744073709551030,247,8,1,1,4443265319338385730,3,0,8,11654851275327631960,0,4,1,0
PAWN_AUDIT_RESULT,2105,2,2,184,0,0,184,0,0,0,0,0
PAWN_AUDIT_ENTRY,2106,2689317606266545270,14192049402617231460,1742125048284471308,9568630920135339437,983,272,273,272,12,11,2,11,18446744073709537007,18446744073709550278,8,0,0,0,0,0,0,0,0,139,139,1291104,10,3874,0,0,0,1,18446744073709545959,18446744073709550213,18446744073709551030,247,8,1,1,4443265319338385730,3,0,8,11654851275327631960,0,0,1,0
PAWN_AUDIT_RESULT,2106,2,2,200,0,0,200,0,0,0,0,0
PAWN_AUDIT_ENTRY,2107,14192049402617231460,7844272946608062418,1742125048284471308,15660897989649243671,276,272,273,272,12,11,2,12,18446744073709539718,18446744073709548874,8,0,0,0,0,0,0,0,0,139,139,1291104,10,3875,0,0,0,4,18446744073709547183,18446744073709551030,18446744073709550206,247,8,1,1,4443265319338385730,3,0,8,11654851275327631960,0,4,1,0
PAWN_AUDIT_RESULT,2107,2,2,151,0,0,151,0,0,0,0,0
PAWN_AUDIT_ENTRY,2108,7844272946608062418,15416908153833996384,1742125048284471308,15279016755855973569,261,272,273,272,12,11,1,13,18446744073709536313,18446744073709550278,8,0,0,0,0,0,0,0,0,139,139,1291104,10,3876,0,0,0,4,18446744073709545235,18446744073709551030,18446744073709551030,247,8,1,1,4443265319338385730,3,0,8,11654851275327631960,0,4,1,0
PAWN_AUDIT_RESULT,2108,1,1,1,0,0,1,0,0,0,0,0
PAWN_AUDIT_ENTRY,2109,15416908153833996384,8497455936332467653,1742125048284471308,13751860183563258863,901,272,273,272,12,11,1,14,18446744073709536003,18446744073709550278,8,0,0,0,0,0,0,0,0,139,139,1291104,10,3877,0,0,0,3,18446744073709545094,18446744073709551030,18446744073709551030,247,8,1,1,4443265319338385730,3,0,8,11654851275327631960,0,4,1,0
PAWN_AUDIT_RESULT,2109,1,1,151,0,0,151,0,0,0,0,0
PAWN_AUDIT_ENTRY,2110,8497455936332467653,18306273867331385592,1742125048284471308,10413685317091701736,268,272,273,272,12,11,1,15,18446744073709535847,18446744073709550278,8,0,0,0,0,0,0,0,0,139,139,1291104,10,3878,0,0,0,4,18446744073709545023,18446744073709551030,18446744073709551030,247,8,1,1,4443265319338385730,3,0,8,11654851275327631960,0,4,1,0
PAWN_AUDIT_RESULT,2110,1,1,166,0,0,166,0,0,0,0,0
PAWN_AUDIT_ENTRY,2111,18306273867331385592,17949499329761274082,1742125048284471308,11873903642285454703,903,272,273,272,12,11,1,16,18446744073709535585,18446744073709550278,8,0,0,0,0,0,0,0,0,139,139,1291104,10,3879,0,0,0,3,18446744073709544904,18446744073709551030,18446744073709551030,247,8,1,1,4443265319338385730,3,0,8,11654851275327631960,0,4,1,0
PAWN_AUDIT_RESULT,2111,1,1,142,0,0,142,0,0,0,0,0
PAWN_AUDIT_ENTRY,2112,17949499329761274082,9437067153946028702,1742125048284471308,14170430702125648102,991,272,273,272,12,11,1,17,18446744073709535273,18446744073709550278,8,0,0,0,0,0,0,0,0,139,139,1291104,10,3880,0,0,0,1,18446744073709544762,18446744073709551030,18446744073709551030,247,8,1,1,4443265319338385730,3,0,8,11654851275327631960,0,0,1,0
PAWN_AUDIT_RESULT,2112,1,1,178,0,0,178,0,0,0,0,0
PAWN_AUDIT_ENTRY,2113,9437067153946028702,1683882272364147382,1742125048284471308,9944859038351883491,593,272,273,272,12,11,1,18,18446744073709535174,18446744073709550278,8,0,0,0,0,0,0,0,0,139,139,1291104,10,3881,0,0,0,1,18446744073709544916,18446744073709550632,18446744073709551030,247,8,1,1,4443265319338385730,3,0,8,11654851275327631960,0,0,1,0
PAWN_AUDIT_RESULT,2113,1,1,183,0,0,183,0,0,0,0,0
PAWN_AUDIT_ENTRY,2114,1683882272364147382,1871565058677975745,1742125048284471308,6984562184079835850,1355,272,273,272,12,11,1,19,18446744073709535077,18446744073709550278,8,0,0,0,0,0,0,0,0,139,139,1291104,10,3882,0,0,0,2,18446744073709544673,18446744073709551030,18446744073709551030,247,8,1,1,4443265319338385730,3,0,8,11654851275327631960,0,4,1,0
PAWN_AUDIT_RESULT,2114,1,1,171,0,0,171,0,0,0,0,0
PAWN_AUDIT_ENTRY,2115,1871565058677975745,8847548882433737434,1742125048284471308,1434300296289901084,166,272,273,272,12,11,1,21,18446744073709534999,18446744073709550278,8,0,0,0,0,0,0,0,0,139,139,1291104,10,3883,0,0,0,3,18446744073709544863,18446744073709550579,18446744073709551030,247,8,1,1,4443265319338385730,3,0,8,11654851275327631960,0,4,1,0
PAWN_AUDIT_RESULT,2115,1,1,190,0,0,190,0,0,0,0,0
PAWN_AUDIT_ENTRY,2116,8847548882433737434,16706412790221603043,1742125048284471308,13537888475051377847,1382,272,273,272,12,11,1,22,18446744073709534970,18446744073709550278,8,0,0,0,0,0,0,0,0,139,139,1291104,10,3884,0,0,0,2,18446744073709544624,18446744073709551030,18446744073709551030,247,8,1,1,4443265319338385730,3,0,8,11654851275327631960,0,4,1,0
PAWN_AUDIT_RESULT,2116,1,1,145,0,0,145,0,0,0,0,0
PAWN_AUDIT_ENTRY,2117,16706412790221603043,15951031664505130311,1742125048284471308,11740861544312707930,391,272,273,272,12,11,1,23,18446744073709534952,18446744073709550278,8,0,0,0,0,0,0,0,0,139,139,1291104,10,3885,0,0,0,6,18446744073709544616,18446744073709551030,18446744073709551030,247,8,1,1,4443265319338385730,3,0,8,11654851275327631960,0,4,1,0
PAWN_AUDIT_RESULT,2117,1,1,161,0,0,161,0,0,0,0,0
PAWN_AUDIT_ENTRY,2118,15951031664505130311,12018626970592955996,1742125048284471308,9455186455525669814,1371,272,273,272,12,11,1,24,18446744073709539870,18446744073709548474,8,0,0,0,0,0,0,0,0,139,139,1291104,10,3886,0,0,0,2,18446744073709546852,18446744073709551030,18446744073709551030,247,8,1,1,4443265319338385730,3,0,8,11654851275327631960,0,4,1,0
PAWN_AUDIT_RESULT,2118,1,1,188,0,0,188,0,0,0,0,0
PAWN_AUDIT_ENTRY,2119,12018626970592955996,539096909791632547,1742125048284471308,6408891750013609124,203,272,273,272,12,11,1,25,18446744073709534873,18446744073709550278,8,0,0,0,0,0,0,0,0,139,139,1291104,10,3887,0,0,0,5,18446744073709544580,18446744073709551030,18446744073709551030,247,8,1,1,4443265319338385730,3,0,8,11654851275327631960,0,4,1,0
PAWN_AUDIT_RESULT,2119,1,1,170,0,0,170,0,0,0,0,0
PAWN_AUDIT_ENTRY,2120,539096909791632547,5393331744191249163,1742125048284471308,5794718743329896294,204,272,273,272,12,11,1,26,18446744073709534869,18446744073709550278,8,0,0,0,0,0,0,0,0,139,139,1291104,10,3888,0,0,0,5,18446744073709544578,18446744073709551030,18446744073709551030,247,8,1,1,4443265319338385730,3,0,8,11654851275327631960,0,4,1,0
PAWN_AUDIT_RESULT,2120,1,1,189,0,0,189,0,0,0,0,0
PAWN_AUDIT_ENTRY,2121,5393331744191249163,6266296258509432540,1742125048284471308,14628537788300858604,528,272,273,272,12,11,1,29,18446744073709534671,18446744073709550278,8,0,0,0,0,0,0,0,0,139,139,1291104,10,3889,0,0,0,1,18446744073709544488,18446744073709551030,18446744073709551030,247,8,1,1,4443265319338385730,3,0,8,11654851275327631960,0,0,1,0
PAWN_AUDIT_RESULT,2121,1,1,183,0,0,183,0,0,0,0,0
PAWN_AUDIT_ENTRY,2122,6266296258509432540,17431640235148630376,1742125048284471308,9095311668321214408,1,272,273,272,12,11,1,30,18446744073709538439,18446744073709548514,8,0,0,0,0,0,0,0,0,139,139,1291104,10,3890,0,0,0,4,18446744073709546588,18446744073709550257,18446744073709551030,247,8,1,1,4443265319338385730,3,0,8,11654851275327631960,0,4,1,0
PAWN_AUDIT_RESULT,2122,1,1,178,0,0,178,0,0,0,0,0
PAWN_AUDIT_ENTRY,2123,17431640235148630376,17876146165608359503,1742125048284471308,13302297090012010068,1176,272,273,272,12,11,1,31,18446744073709539230,18446744073709548323,8,0,0,0,0,0,0,0,0,139,139,1291104,10,3891,0,0,0,2,18446744073709546561,18446744073709551030,18446744073709551030,247,8,1,1,4443265319338385730,3,0,8,11654851275327631960,0,4,1,0
PAWN_AUDIT_RESULT,2123,1,1,145,0,0,145,0,0,0,0,0
PAWN_AUDIT_ENTRY,2124,17876146165608359503,11691048789268180946,1742125048284471308,11131513813710397709,202,272,273,272,12,11,2,32,18446744073709540133,18446744073709547519,8,0,0,0,0,0,0,0,0,139,139,1291104,10,3892,0,0,0,5,18446744073709546972,18446744073709551030,18446744073709551030,247,8,1,1,4443265319338385730,3,0,8,11654851275327631960,0,4,1,0
PAWN_AUDIT_RESULT,2124,2,2,190,0,0,190,0,0,0,0,0
PAWN_AUDIT_ENTRY,2125,11691048789268180946,2767504289216229525,1742125048284471308,3189763460182947090,1164,272,273,272,12,11,1,34,18446744073709537480,18446744073709548261,8,0,0,0,0,0,0,0,0,139,139,1291104,10,3893,0,0,0,2,18446744073709546053,18446744073709550455,18446744073709551030,247,8,1,1,4443265319338385730,3,0,8,11654851275327631960,0,4,1,0
PAWN_AUDIT_RESULT,2125,1,1,176,0,0,176,0,0,0,0,0
PAWN_AUDIT_ENTRY,2126,2767504289216229525,14615030355352503218,1742125048284471308,5437485450152317222,1153,272,273,272,12,11,1,36,18446744073709537415,18446744073709548193,8,0,0,0,0,0,0,0,0,139,139,1291104,10,3894,0,0,0,2,18446744073709545870,18446744073709550762,18446744073709551030,247,8,1,1,4443265319338385730,3,0,8,11654851275327631960,0,4,1,0
PAWN_AUDIT_RESULT,2126,1,1,127,0,0,127,0,0,0,0,0
PAWN_AUDIT_ENTRY,2127,14615030355352503218,3656870132506017668,1742125048284471308,5035913072760518533,1185,272,273,272,12,11,2,37,18446744073709539610,18446744073709546864,8,0,0,0,0,0,0,0,0,139,139,1291104,10,3895,0,0,0,2,18446744073709546734,18446744073709551030,18446744073709551030,247,8,1,1,4443265319338385730,3,0,8,11654851275327631960,0,4,1,0
PAWN_AUDIT_RESULT,2127,2,2,160,0,0,160,0,0,0,0,0
PAWN_AUDIT_ENTRY,2132,16619054748549529751,13044239900628135841,13985097880824403968,6136506546194958997,216,272,273,272,10,9,5,3,18446744073709545142,7526,10,0,0,0,0,0,0,0,0,49,49,2431379,10,3917,0,0,1,5,18446744073709549956,18446744073709551030,18446744073709549574,169,6,1,1,4443265319338385730,0,0,10,15390141152578120432,0,1,1,0
PAWN_AUDIT_RESULT,2132,5,5,166,0,0,166,0,0,0,0,0
PAWN_AUDIT_ENTRY,2133,13044239900628135841,11486417428127570160,13985097880824403968,4106596397765955551,157,272,273,272,10,9,4,4,18446744073709542473,18446744073709550383,10,0,0,0,0,0,0,0,0,49,49,2431379,10,3918,0,0,1,3,18446744073709548036,18446744073709551030,18446744073709551030,169,6,1,1,4443265319338385730,0,0,10,15390141152578120432,0,1,1,0
PAWN_AUDIT_RESULT,2133,4,4,159,0,0,159,0,0,0,0,0
PAWN_AUDIT_ENTRY,2134,11486417428127570160,14878396983573343846,13985097880824403968,12145930849602290200,209,272,273,272,10,9,3,6,18446744073709539049,18446744073709550729,10,0,0,0,0,0,0,0,0,49,49,2431379,10,3919,0,0,1,5,18446744073709546479,18446744073709551030,18446744073709551030,169,6,1,1,4443265319338385730,0,0,10,15390141152578120432,0,1,1,0
PAWN_AUDIT_RESULT,2134,3,3,146,0,0,146,0,0,0,0,0
PAWN_AUDIT_ENTRY,2135,14878396983573343846,5508690050369202407,13985097880824403968,16179646689189293593,139,272,273,272,10,9,3,7,18446744073709537596,18446744073709549494,10,0,0,0,0,0,0,0,0,49,49,2431379,10,3920,0,0,1,3,18446744073709545818,18446744073709551030,18446744073709551030,169,6,1,1,4443265319338385730,0,0,10,15390141152578120432,0,1,1,0
PAWN_AUDIT_RESULT,2135,3,3,156,0,0,156,0,0,0,0,0
PAWN_AUDIT_ENTRY,2136,5508690050369202407,2263270230858840491,13985097880824403968,6933651137996978694,536,272,273,272,10,9,3,8,18446744073709537848,18446744073709550278,10,0,0,0,0,0,0,0,0,49,49,2431379,10,3921,0,0,1,1,18446744073709545933,18446744073709551030,18446744073709551030,169,6,1,1,4443265319338385730,0,0,10,15390141152578120432,0,0,1,0
PAWN_AUDIT_RESULT,2136,3,3,134,0,0,134,0,0,0,0,0
PAWN_AUDIT_ENTRY,2137,2263270230858840491,17247545540055580220,13985097880824403968,6841762563779810721,983,272,273,272,10,9,3,9,18446744073709537857,18446744073709550278,10,0,0,0,0,0,0,0,0,49,49,2431379,10,3922,0,0,1,1,18446744073709545937,18446744073709551030,18446744073709551030,169,6,1,1,4443265319338385730,0,0,10,15390141152578120432,0,0,1,0
PAWN_AUDIT_RESULT,2137,3,3,152,0,0,152,0,0,0,0,0
PAWN_AUDIT_ENTRY,2138,17247545540055580220,2327289617486744027,13985097880824403968,15556578699473839417,148,272,273,272,10,9,3,10,18446744073709539236,18446744073709549342,10,0,0,0,0,0,0,0,0,49,49,2431379,10,3923,0,0,1,3,18446744073709546564,18446744073709551030,18446744073709551030,169,6,1,1,4443265319338385730,0,0,10,15390141152578120432,0,1,1,0
PAWN_AUDIT_RESULT,2138,3,3,154,0,0,154,0,0,0,0,0
PAWN_AUDIT_ENTRY,2141,15110281349494575508,8785286775637743730,10629544473287706667,342262837463472830,216,272,273,116,8,7,3,3,18446744073709546417,7152,10,0,0,0,0,0,0,0,0,18446744073709551411,18446744073709551411,2431379,10,3928,0,0,1,5,18446744073709549829,18446744073709551030,18446744073709551030,112,2,1,1,4443265319338385730,0,0,10,17454762693084510377,0,1,1,0
PAWN_AUDIT_RESULT,2141,3,3,73,0,0,73,0,0,0,0,0
PAWN_AUDIT_ENTRY,2144,14122923661989500955,11179962253909003497,11465107111740291382,585593784088243107,216,272,273,272,12,11,4,4,18446744073709539807,6592,8,0,0,0,0,0,0,0,0,65,65,1061365,10,3934,0,0,0,5,18446744073709549638,18446744073709547644,18446744073709548719,237,7,1,1,4443265319338385730,3,0,8,2778477772626111330,0,4,1,0
PAWN_AUDIT_RESULT,2144,4,4,200,0,0,200,0,0,0,0,0
PAWN_AUDIT_ENTRY,2145,11179962253909003497,5098313776793884591,11465107111740291382,5996687376214296059,324,272,273,272,12,11,5,5,18446744073709548179,5808,8,0,0,0,0,0,0,0,0,65,65,1061365,10,3935,0,0,0,4,3090,18446744073709545719,18446744073709548104,237,7,1,1,4443265319338385730,3,0,8,2778477772626111330,0,4,1,0
PAWN_AUDIT_RESULT,2145,5,5,242,0,0,242,0,22,22,0,0
PAWN_AUDIT_ENTRY,2149,16539781679690460703,10875393319964974217,11465107111740291382,6348637128044281467,2265,272,273,272,12,11,4,7,18446744073709550340,18446744073709550278,8,0,0,0,0,0,0,0,0,65,65,1061365,10,3959,0,0,0,2,18446744073709551613,18446744073709551030,18446744073709551030,237,7,1,1,4443265319338385730,3,0,8,2778477772626111330,0,4,1,0
PAWN_AUDIT_RESULT,2149,4,4,145,0,0,145,0,0,0,0,0
PAWN_AUDIT_ENTRY,2150,10875393319964974217,332023476116938513,11465107111740291382,1921680649831065524,2269,272,273,272,12,11,3,8,18446744073709549256,18446744073709549790,8,0,0,0,0,0,0,0,0,65,65,1061365,10,3960,0,0,0,2,18446744073709551120,18446744073709551030,18446744073709551030,237,7,1,1,4443265319338385730,3,0,8,2778477772626111330,0,4,1,0
PAWN_AUDIT_RESULT,2150,3,3,162,0,0,162,0,0,0,0,0
PAWN_AUDIT_ENTRY,2151,332023476116938513,10217624619017933118,11465107111740291382,9847900848544821019,2260,272,273,272,12,11,3,9,18446744073709547804,18446744073709549139,8,0,0,0,0,0,0,0,0,65,65,1061365,10,3961,0,0,0,2,18446744073709550460,18446744073709551030,18446744073709551030,237,7,1,1,4443265319338385730,3,0,8,2778477772626111330,0,4,1,0
PAWN_AUDIT_RESULT,2151,3,3,152,0,0,152,0,0,0,0,0
PAWN_AUDIT_ENTRY,2152,10217624619017933118,9377781037360589785,11465107111740291382,7346705712387714793,157,272,273,272,12,11,3,10,18446744073709543639,18446744073709549996,8,0,0,0,0,0,0,0,0,65,65,1061365,10,3962,0,0,0,3,18446744073709547842,862,18446744073709551030,237,7,1,1,4443265319338385730,3,0,8,2778477772626111330,0,4,1,0
PAWN_AUDIT_RESULT,2152,3,3,192,0,0,192,0,0,0,0,0
PAWN_AUDIT_ENTRY,2154,2949747423835795747,9859284698226905826,11465107111740291382,17691882612962763566,209,272,273,272,12,11,2,12,18446744073709537667,18446744073709550729,8,0,0,0,0,0,0,0,0,65,65,1061365,10,3964,0,0,0,5,18446744073709546259,18446744073709550213,18446744073709551030,237,7,1,1,4443265319338385730,3,0,8,2778477772626111330,0,4,1,0
PAWN_AUDIT_RESULT,2154,2,2,168,0,0,168,0,0,0,0,0
PAWN_AUDIT_ENTRY,2155,9859284698226905826,9481759203754325740,11465107111740291382,13655077562294800175,139,272,273,272,12,11,2,13,18446744073709540656,18446744073709549089,8,0,0,0,0,0,0,0,0,65,65,1061365,10,3965,0,0,0,3,18446744073709545728,2377,18446744073709551030,237,7,1,1,4443265319338385730,3,0,8,2778477772626111330,0,4,1,0
PAWN_AUDIT_RESULT,2155,2,2,181,0,0,181,0,0,0,0,0
PAWN_AUDIT_ENTRY,2156,9481759203754325740,7503602531481080247,11465107111740291382,4409152369091418928,536,272,273,272,12,11,1,14,18446744073709537316,18446744073709550278,8,0,0,0,0,0,0,0,0,65,65,1061365,10,3966,0,0,0,1,18446744073709545691,18446744073709551030,18446744073709551030,237,7,1,1,4443265319338385730,3,0,8,2778477772626111330,0,0,1,0
PAWN_AUDIT_RESULT,2156,1,1,164,0,0,164,0,0,0,0,0
PAWN_AUDIT_ENTRY,2157,7503602531481080247,13692046930613754821,11465107111740291382,287069894093550743,983,272,273,272,12,11,1,15,18446744073709536684,18446744073709550278,8,0,0,0,0,0,0,0,0,65,65,1061365,10,3967,0,0,0,1,18446744073709545812,18446744073709550213,18446744073709551030,237,7,1,1,4443265319338385730,3,0,8,2778477772626111330,0,0,1,0
PAWN_AUDIT_RESULT,2157,1,1,174,0,0,174,0,0,0,0,0
PAWN_AUDIT_ENTRY,2158,13692046930613754821,16449573818488065605,11465107111740291382,4870080085839237596,991,272,273,272,12,11,1,16,18446744073709535192,18446744073709550278,8,0,0,0,0,0,0,0,0,65,65,1061365,10,3968,0,0,0,1,18446744073709544725,18446744073709551030,18446744073709551030,237,7,1,1,4443265319338385730,3,0,8,2778477772626111330,0,0,1,0
PAWN_AUDIT_RESULT,2158,1,1,167,0,0,167,0,0,0,0,0
PAWN_AUDIT_ENTRY,2159,16449573818488065605,11338046853777588850,11465107111740291382,950900771804685785,593,272,273,272,12,11,1,17,18446744073709535082,18446744073709550278,8,0,0,0,0,0,0,0,0,65,65,1061365,10,3969,0,0,0,1,18446744073709544874,18446744073709550632,18446744073709551030,237,7,1,1,4443265319338385730,3,0,8,2778477772626111330,0,0,1,0
PAWN_AUDIT_RESULT,2159,1,1,176,0,0,176,0,0,0,0,0
PAWN_AUDIT_ENTRY,2160,11338046853777588850,9072349329634097527,11465107111740291382,4588006956362236732,601,272,273,272,12,11,1,18,18446744073709535000,18446744073709550278,8,0,0,0,0,0,0,0,0,65,65,1061365,10,3970,0,0,0,1,18446744073709544638,18446744073709551030,18446744073709551030,237,7,1,1,4443265319338385730,3,0,8,2778477772626111330,0,0,1,0
PAWN_AUDIT_RESULT,2160,1,1,199,0,0,199,0,0,0,0,0
PAWN_AUDIT_ENTRY,2161,9072349329634097527,7794106092415320458,11465107111740291382,10010696746378003471,148,272,273,272,12,11,1,21,18446744073709537812,18446744073709548881,8,0,0,0,0,0,0,0,0,65,65,1061365,10,3971,0,0,0,3,18446744073709546404,18446744073709550055,18446744073709551030,237,7,1,1,4443265319338385730,3,0,8,2778477772626111330,0,4,1,0
PAWN_AUDIT_RESULT,2161,1,1,179,0,0,179,0,0,0,0,0
PAWN_AUDIT_ENTRY,2162,7794106092415320458,2586687995438098403,11465107111740291382,290176857426027148,1371,272,273,272,12,11,1,25,18446744073709539526,18446744073709548137,8,0,0,0,0,0,0,0,0,65,65,1061365,10,3972,0,0,0,2,18446744073709546696,18446744073709551030,18446744073709551030,237,7,1,1,4443265319338385730,3,0,8,2778477772626111330,0,4,1,0
PAWN_AUDIT_RESULT,2162,1,1,189,0,0,189,0,0,0,0,0
PAWN_AUDIT_ENTRY,2166,14182481683567740892,13248794561532097940,16073592424283882558,5200693814142817963,216,272,273,180,8,7,4,3,18446744073709547969,18446744073709550278,8,0,0,0,0,0,0,0,0,18446744073709551410,18446744073709551410,18446744073707447749,10,3980,0,0,1,5,18446744073709550535,18446744073709551030,18446744073709551030,239,4,1,1,10314260556324645865,0,0,8,12480134948124569214,0,1,1,0
PAWN_AUDIT_RESULT,2166,4,4,152,0,0,152,0,0,0,0,0
PAWN_AUDIT_ENTRY,2172,1476169950289854491,17128657498666356380,7897875816668614293,17401128949817033524,983,272,273,272,12,11,6,5,18446744073709537209,18446744073709550278,6,0,0,0,0,1,0,0,0,194,194,18446744073708440552,10,3989,0,0,0,1,18446744073709545795,18446744073709550724,18446744073709551030,267,10,1,1,4443265319338385730,1,0,6,1232926237408874937,0,0,1,0
PAWN_AUDIT_RESULT,2172,6,6,246,0,0,246,0,4,4,0,0
PAWN_AUDIT_ENTRY,2175,6495235493692250826,15481202183532155057,7897875816668614293,504662203819218061,209,272,273,272,12,11,5,6,18446744073709538344,18446744073709550729,6,0,0,0,0,1,0,0,0,194,194,18446744073708440552,10,3994,0,0,0,5,18446744073709546191,18446744073709549959,450,267,10,1,1,4443265319338385730,1,0,6,1232926237408874937,0,2,1,0
PAWN_AUDIT_RESULT,2175,5,5,259,0,0,259,0,0,0,0,0
PAWN_AUDIT_ENTRY,2176,15481202183532155057,651059070655178066,7897875816668614293,10912899137351981386,157,272,273,272,12,11,5,7,18446744073709544680,18446744073709550665,6,0,0,0,0,1,0,0,0,194,194,18446744073708440552,10,3995,0,0,0,3,18446744073709548563,367,18446744073709551030,267,10,1,1,4443265319338385730,1,0,6,1232926237408874937,0,2,1,0
PAWN_AUDIT_RESULT,2176,5,5,272,0,0,272,0,27,27,0,0
PAWN_AUDIT_ENTRY,2182,11308399224236052276,9750756857912285286,7897875816668614293,8677303707500475308,148,272,273,272,12,11,4,9,18446744073709539133,18446744073709548985,6,0,0,0,0,1,0,0,0,194,194,18446744073708440552,10,4023,0,0,0,3,18446744073709546517,18446744073709551030,18446744073709551030,267,10,1,1,4443265319338385730,1,0,6,1232926237408874937,0,2,1,0
PAWN_AUDIT_RESULT,2182,4,4,231,0,0,231,0,0,0,0,0
PAWN_AUDIT_ENTRY,2183,9750756857912285286,14229983789546515658,7897875816668614293,14967342420675521683,536,272,273,272,12,11,4,10,18446744073709537158,18446744073709550278,6,0,0,0,0,1,0,0,0,194,194,18446744073708440552,10,4024,0,0,0,1,18446744073709545619,18446744073709551030,18446744073709551030,267,10,1,1,4443265319338385730,1,0,6,1232926237408874937,0,0,1,0
PAWN_AUDIT_RESULT,2183,4,4,194,0,0,194,0,0,0,0,0
PAWN_AUDIT_ENTRY,2184,14229983789546515658,2797022271644540652,7897875816668614293,5694325264453400716,139,272,273,272,12,11,4,11,18446744073709537925,18446744073709549293,6,0,0,0,0,1,0,0,0,194,194,18446744073708440552,10,4025,0,0,0,3,18446744073709545968,18446744073709551030,18446744073709551030,267,10,1,1,4443265319338385730,1,0,6,1232926237408874937,0,2,1,0
PAWN_AUDIT_RESULT,2184,4,4,205,0,0,205,0,0,0,0,0
PAWN_AUDIT_ENTRY,2185,2797022271644540652,9358262190804757859,7897875816668614293,18425524801871008378,593,272,273,272,12,11,4,12,18446744073709535513,18446744073709550278,6,0,0,0,0,1,0,0,0,194,194,18446744073708440552,10,4026,0,0,0,1,18446744073709544871,18446744073709551030,18446744073709551030,267,10,1,1,4443265319338385730,1,0,6,1232926237408874937,0,0,1,0
PAWN_AUDIT_RESULT,2185,4,4,209,0,0,209,0,0,0,0,0
PAWN_AUDIT_ENTRY,2186,9358262190804757859,8088790660288095529,7897875816668614293,7372402694326645893,166,272,273,272,12,11,4,13,18446744073709535443,18446744073709549886,6,0,0,0,0,1,0,0,0,194,194,18446744073708440552,10,4027,0,0,0,3,18446744073709544839,18446744073709551030,18446744073709551030,267,10,1,1,4443265319338385730,1,0,6,1232926237408874937,0,2,1,0
PAWN_AUDIT_RESULT,2186,4,4,247,0,0,247,0,7,7,0,0
PAWN_AUDIT_ENTRY,2192,8868258071637889837,2814294642969886331,7897875816668614293,17762250024656377135,1371,272,273,272,12,11,4,14,18446744073709540376,18446744073709548785,6,0,0,0,0,1,0,0,0,194,194,18446744073708440552,10,4035,0,0,0,2,18446744073709547344,18446744073709551030,18446744073709550491,267,10,1,1,4443265319338385730,1,0,6,1232926237408874937,0,2,1,0
PAWN_AUDIT_RESULT,2192,4,4,222,0,0,222,0,0,0,0,0
PAWN_AUDIT_ENTRY,2193,2814294642969886331,1566465568816284987,7897875816668614293,12758937509004387967,991,272,273,272,12,11,3,15,18446744073709535163,18446744073709550278,6,0,0,0,0,1,0,0,0,194,194,18446744073708440552,10,4036,0,0,0,1,18446744073709544712,18446744073709551030,18446744073709551030,267,10,1,1,4443265319338385730,1,0,6,1232926237408874937,0,0,1,0
PAWN_AUDIT_RESULT,2193,3,3,200,0,0,200,0,0,0,0,0
PAWN_AUDIT_ENTRY,2194,1566465568816284987,18183239179631433153,7897875816668614293,2728434030425528831,204,272,273,272,12,11,3,21,18446744073709534849,18446744073709549842,6,0,0,0,0,1,0,0,0,194,194,18446744073708440552,10,4037,0,0,0,5,18446744073709544569,18446744073709551030,18446744073709551030,267,10,1,1,4443265319338385730,1,0,6,1232926237408874937,0,2,1,0
PAWN_AUDIT_RESULT,2194,3,3,233,0,0,233,0,0,0,0,0
PAWN_AUDIT_ENTRY,2195,18183239179631433153,5798962185303035234,7897875816668614293,13741784462091172469,528,272,273,272,12,11,3,22,18446744073709534660,18446744073709550278,6,0,0,0,0,1,0,0,0,194,194,18446744073708440552,10,4038,0,0,0,1,18446744073709544483,18446744073709551030,18446744073709551030,267,10,1,1,4443265319338385730,1,0,6,1232926237408874937,0,0,1,0
PAWN_AUDIT_RESULT,2195,3,3,203,0,0,203,0,0,0,0,0
PAWN_AUDIT_ENTRY,2204,12868285279109824181,2084422546622380401,12754350812985506954,3307701363466907947,983,272,273,272,11,10,6,6,18446744073709537499,18446744073709550278,4,0,0,0,0,1,0,82,0,259,259,8709333,10,4082,0,0,1,1,18446744073709545774,18446744073709551030,18446744073709551030,267,9,1,1,14910717346437905755,0,0,4,16388951829798609773,0,0,1,0
PAWN_AUDIT_RESULT,2204,6,6,234,0,0,234,0,6,6,0,0
PAWN_AUDIT_ENTRY,2205,2084422546622380401,10102045089239719738,12754350812985506954,5469636842365217621,157,272,273,272,11,10,6,7,18446744073709543857,18446744073709548874,4,0,0,0,0,1,0,82,0,259,259,8709333,10,4089,0,0,1,3,18446744073709548665,18446744073709551030,18446744073709551030,267,9,1,1,14910717346437905755,0,0,4,16388951829798609773,0,1,1,0
PAWN_AUDIT_RESULT,2205,6,6,178,0,0,178,0,0,0,0,0
PAWN_AUDIT_ENTRY,2206,10102045089239719738,15397886663959865939,12754350812985506954,13459679804745942682,166,272,273,272,11,10,6,8,18446744073709541554,18446744073709550278,4,0,0,0,0,1,0,82,0,259,259,8709333,10,4090,0,0,1,3,18446744073709547618,18446744073709551030,18446744073709551030,267,9,1,1,14910717346437905755,0,0,4,16388951829798609773,0,1,1,0
PAWN_AUDIT_RESULT,2206,6,6,202,0,0,202,0,0,0,0,0
PAWN_AUDIT_ENTRY,2207,15397886663959865939,3667115362697025004,12754350812985506954,3033836260189300528,1371,272,273,272,11,10,6,10,18446744073709540340,18446744073709548874,4,0,0,0,0,1,0,82,0,259,259,8709333,10,4091,0,0,1,2,18446744073709547335,18446744073709550829,18446744073709550683,267,9,1,1,14910717346437905755,0,0,4,16388951829798609773,0,1,1,0
PAWN_AUDIT_RESULT,2207,6,6,178,0,0,178,0,0,0,0,0
PAWN_AUDIT_ENTRY,2208,3667115362697025004,4312257208932910817,12754350812985506954,1381695692311273100,536,272,273,272,11,10,5,11,18446744073709536837,18446744073709550278,4,0,0,0,0,1,0,82,0,259,259,8709333,10,4092,0,0,1,1,18446744073709545473,18446744073709551030,18446744073709551030,267,9,1,1,14910717346437905755,0,0,4,16388951829798609773,0,0,1,0
PAWN_AUDIT_RESULT,2208,5,5,190,0,0,190,0,0,0,0,0
PAWN_AUDIT_ENTRY,2209,4312257208932910817,6819821128099433800,12754350812985506954,2535235664420708453,593,272,273,272,11,10,5,12,18446744073709535456,18446744073709550278,4,0,0,0,0,1,0,82,0,259,259,8709333,10,4093,0,0,1,1,18446744073709544845,18446744073709551030,18446744073709551030,267,9,1,1,14910717346437905755,0,0,4,16388951829798609773,0,0,1,0
PAWN_AUDIT_RESULT,2209,5,5,198,0,0,198,0,0,0,0,0
PAWN_AUDIT_ENTRY,2210,6819821128099433800,9289871440478966672,12754350812985506954,11885443583587090867,148,272,273,272,11,10,5,13,18446744073709540083,18446744073709548874,4,0,0,0,0,1,0,82,0,259,259,8709333,10,4094,0,0,1,3,18446744073709546949,18446744073709551030,18446744073709551030,267,9,1,1,14910717346437905755,0,0,4,16388951829798609773,0,1,1,0
PAWN_AUDIT_RESULT,2210,5,5,163,0,0,163,0,0,0,0,0
PAWN_AUDIT_ENTRY,2211,9289871440478966672,8532137840202005095,12754350812985506954,7893315190123680864,991,272,273,272,11,10,5,14,18446744073709535104,18446744073709550278,4,0,0,0,0,1,0,82,0,259,259,8709333,10,4095,0,0,1,1,18446744073709544685,18446744073709551030,18446744073709551030,267,9,1,1,14910717346437905755,0,0,4,16388951829798609773,0,0,1,0
PAWN_AUDIT_RESULT,2211,5,5,196,0,0,196,0,0,0,0,0
PAWN_AUDIT_ENTRY,2212,8532137840202005095,8963763802841541299,12754350812985506954,8211652269017715025,211,272,273,272,11,10,5,15,18446744073709534891,18446744073709550278,4,0,0,0,0,1,0,82,0,259,259,8709333,10,4096,0,0,1,5,18446744073709544588,18446744073709551030,18446744073709551030,267,9,1,1,14910717346437905755,0,0,4,16388951829798609773,0,1,1,0
PAWN_AUDIT_RESULT,2212,5,5,183,0,0,183,0,0,0,0,0
PAWN_AUDIT_ENTRY,2213,8963763802841541299,14199440966921501806,12754350812985506954,15824102977350444690,209,272,273,272,11,10,5,17,18446744073709539554,18446744073709548268,4,0,0,0,0,1,0,82,0,259,259,8709333,10,4097,0,0,1,5,18446744073709546191,18446744073709551411,88,267,9,1,1,14910717346437905755,0,0,4,16388951829798609773,0,1,1,0
PAWN_AUDIT_RESULT,2213,5,5,182,0,0,182,0,0,0,0,0
PAWN_AUDIT_ENTRY,2214,14199440966921501806,12218994957087698873,12754350812985506954,3699389521510972811,202,272,273,272,11,10,5,18,18446744073709539349,18446744073709548874,4,0,0,0,0,1,0,82,0,259,259,8709333,10,4098,0,0,1,5,18446744073709546832,18446744073709550868,18446744073709550750,267,9,1,1,14910717346437905755,0,0,4,16388951829798609773,0,1,1,0
PAWN_AUDIT_RESULT,2214,5,5,178,0,0,178,0,0,0,0,0
PAWN_AUDIT_ENTRY,2215,12218994957087698873,853950628070888803,12754350812985506954,7074814584937531498,528,272,273,272,11,10,4,20,18446744073709534649,18446744073709550278,4,0,0,0,0,1,0,82,0,259,259,8709333,10,4099,0,0,1,1,18446744073709544478,18446744073709551030,18446744073709551030,267,9,1,1,14910717346437905755,0,0,4,16388951829798609773,0,0,1,0
PAWN_AUDIT_RESULT,2215,4,4,208,0,0,208,0,0,0,0,0
PAWN_AUDIT_ENTRY,2216,853950628070888803,16165999342188815902,12754350812985506954,4184154463402592248,80,272,273,272,11,10,4,22,18446744073709535715,18446744073709548874,4,0,0,0,0,1,0,82,0,259,259,8709333,10,4100,0,0,1,2,18446744073709544963,18446744073709551030,18446744073709551030,267,9,1,1,14910717346437905755,0,0,4,16388951829798609773,0,1,1,0
PAWN_AUDIT_RESULT,2216,4,4,146,0,0,146,0,0,0,0,0
PAWN_AUDIT_ENTRY,2217,16165999342188815902,171710842262930864,12754350812985506954,17962380630218025952,204,272,273,272,11,10,4,23,18446744073709536190,18446744073709548874,4,0,0,0,0,1,0,82,0,259,259,8709333,10,4101,0,0,1,5,18446744073709545179,18446744073709551030,18446744073709551030,267,9,1,1,14910717346437905755,0,0,4,16388951829798609773,0,1,1,0
PAWN_AUDIT_RESULT,2217,4,4,174,0,0,174,0,0,0,0,0
PAWN_AUDIT_ENTRY,2218,171710842262930864,13815086970252767059,12754350812985506954,8573345815068819657,1348,272,273,272,11,10,5,24,18446744073709536357,18446744073709548874,4,0,0,0,0,1,0,82,0,259,259,8709333,10,4102,0,0,1,2,18446744073709545255,18446744073709551030,18446744073709551030,267,9,1,1,14910717346437905755,0,0,4,16388951829798609773,0,1,1,0
PAWN_AUDIT_RESULT,2218,5,5,157,0,0,157,0,0,0,0,0
PAWN_AUDIT_ENTRY,2235,10776032807799024941,8380700805935664594,16259587120904360413,1967276515261613570,157,272,273,253,9,8,2,4,18446744073709542016,18446744073709551316,8,0,0,0,0,0,0,0,0,138,138,197685,10,4151,0,0,0,3,18446744073709547828,18446744073709551030,18446744073709551030,260,3,1,1,4443265319338385730,1,0,8,9886413497043755411,0,2,1,0
PAWN_AUDIT_RESULT,2235,2,2,218,0,0,218,0,0,0,0,0
PAWN_AUDIT_ENTRY,2236,8380700805935664594,4743636289697093399,16259587120904360413,16892796952571538381,166,272,273,253,9,8,2,5,18446744073709540235,316,8,0,0,0,0,0,0,0,0,138,138,197685,10,4152,0,0,0,3,18446744073709547018,18446744073709551030,18446744073709551030,260,3,1,1,4443265319338385730,1,0,8,9886413497043755411,0,2,1,0
PAWN_AUDIT_RESULT,2236,2,2,240,0,0,240,0,0,0,0,0
PAWN_AUDIT_ENTRY,2237,4743636289697093399,10097161310297456749,16259587120904360413,10033923189985168325,209,272,273,253,9,8,2,7,18446744073709538756,18446744073709550729,8,0,0,0,0,0,0,0,0,138,138,197685,10,4153,0,0,0,5,18446744073709545843,18446744073709551030,450,260,3,1,1,4443265319338385730,1,0,8,9886413497043755411,0,2,1,0
PAWN_AUDIT_RESULT,2237,2,2,226,0,0,226,0,0,0,0,0
PAWN_AUDIT_ENTRY,2238,10097161310297456749,5884957966417812235,16259587120904360413,17605896801558588644,148,272,273,253,9,8,1,10,18446744073709538988,18446744073709549380,8,0,0,0,0,0,0,0,0,138,138,197685,10,4154,0,0,0,3,18446744073709546451,18446744073709551030,18446744073709551030,260,3,1,1,4443265319338385730,1,0,8,9886413497043755411,0,2,1,0
PAWN_AUDIT_RESULT,2238,1,1,186,0,0,186,0,0,0,0,0
PAWN_AUDIT_ENTRY,2239,5884957966417812235,17233413326105984087,16259587120904360413,4866670197808100315,536,272,273,253,9,8,1,11,18446744073709536384,18446744073709550278,8,0,0,0,0,0,0,0,0,138,138,197685,10,4155,0,0,0,1,18446744073709545267,18446744073709551030,18446744073709551030,260,3,1,1,4443265319338385730,1,0,8,9886413497043755411,0,0,1,0
PAWN_AUDIT_RESULT,2239,1,1,164,0,0,164,0,0,0,0,0
PAWN_AUDIT_ENTRY,2240,17233413326105984087,9419086049401190307,16259587120904360413,3278925226913721616,261,272,273,253,9,8,1,12,18446744073709536313,18446744073709550278,8,0,0,0,0,0,0,0,0,138,138,197685,10,4156,0,0,0,4,18446744073709545235,18446744073709551030,18446744073709551030,260,3,1,1,4443265319338385730,1,0,8,9886413497043755411,0,2,1,0
PAWN_AUDIT_RESULT,2240,1,1,127,0,0,127,0,0,0,0,0
PAWN_AUDIT_ENTRY,2241,9419086049401190307,15813371903265298476,16259587120904360413,2368403475364523974,276,272,273,253,9,8,1,14,18446744073709539401,18446744073709548874,8,0,0,0,0,0,0,0,0,138,138,197685,10,4157,0,0,0,4,18446744073709546639,18446744073709551030,18446744073709551030,260,3,1,1,4443265319338385730,1,0,8,9886413497043755411,0,2,1,0
PAWN_AUDIT_RESULT,2241,1,1,149,0,0,149,0,0,0,0,0
PAWN_AUDIT_ENTRY,2242,15813371903265298476,4714332456535516746,16259587120904360413,8844924717169773159,1371,272,273,253,9,8,1,16,18446744073709539173,18446744073709548767,8,0,0,0,0,0,0,0,0,138,138,197685,10,4158,0,0,0,2,18446744073709546797,18446744073709551030,18446744073709550491,260,3,1,1,4443265319338385730,1,0,8,9886413497043755411,0,2,1,0
PAWN_AUDIT_RESULT,2242,1,1,155,0,0,155,0,0,0,0,0
PAWN_AUDIT_ENTRY,2246,4293513726534506224,16938045405464087860,2967640353749814432,13098987306988945665,983,272,273,254,11,10,5,5,18446744073709537145,18446744073709550278,6,0,0,0,0,0,0,0,0,124,124,18446744073708032522,10,4173,0,0,1,1,18446744073709545613,18446744073709551030,18446744073709551030,261,4,1,1,14910717346437905755,0,0,6,8889792903951029063,0,0,1,0
PAWN_AUDIT_RESULT,2246,5,5,185,0,0,185,0,0,0,0,0
PAWN_AUDIT_ENTRY,2247,16938045405464087860,5082975554806081425,2967640353749814432,2514627248452662960,166,272,273,254,11,10,6,6,18446744073709544400,18446744073709548940,6,0,0,0,0,0,0,0,0,124,124,18446744073708032522,10,4174,0,0,1,3,18446744073709548912,18446744073709551030,18446744073709551030,261,4,1,1,14910717346437905755,0,0,6,8889792903951029063,0,1,1,0
PAWN_AUDIT_RESULT,2247,6,6,159,0,0,159,0,0,0,0,0
PAWN_AUDIT_ENTRY,2248,5082975554806081425,14777536834152028564,2967640353749814432,4878843712677140152,209,272,273,254,11,10,5,8,18446744073709541624,18446744073709548268,6,0,0,0,0,0,0,0,0,124,124,18446744073708032522,10,4175,0,0,1,5,18446744073709547132,18446744073709551411,88,261,4,1,1,14910717346437905755,0,0,6,8889792903951029063,0,1,1,0
PAWN_AUDIT_RESULT,2248,5,5,174,0,0,174,0,0,0,0,0
PAWN_AUDIT_ENTRY,2249,14777536834152028564,17758997404956785253,2967640353749814432,16741224598250271419,276,272,273,254,11,10,5,9,18446744073709538442,18446744073709550278,6,0,0,0,0,0,0,0,0,124,124,18446744073708032522,10,4176,0,0,1,4,18446744073709546203,18446744073709551030,18446744073709551030,261,4,1,1,14910717346437905755,0,0,6,8889792903951029063,0,1,1,0
PAWN_AUDIT_RESULT,2249,5,5,105,0,0,105,0,0,0,0,0
PAWN_AUDIT_ENTRY,2250,17758997404956785253,17855035026132448207,2967640353749814432,6477376749411196445,389,272,273,254,11,10,5,10,18446744073709537989,18446744073709550278,6,0,0,0,0,0,0,0,0,124,124,18446744073708032522,10,4177,0,0,1,6,18446744073709545997,18446744073709551030,18446744073709551030,261,4,1,1,14910717346437905755,0,0,6,8889792903951029063,0,1,1,0
PAWN_AUDIT_RESULT,2250,5,5,86,0,0,86,0,0,0,0,0
PAWN_AUDIT_ENTRY,2251,17855035026132448207,6308625579500579301,2967640353749814432,10016964043707707046,536,272,273,254,11,10,4,12,18446744073709536076,18446744073709550278,6,0,0,0,0,0,0,0,0,124,124,18446744073708032522,10,4178,0,0,1,1,18446744073709545127,18446744073709551030,18446744073709551030,261,4,1,1,14910717346437905755,0,0,6,8889792903951029063,0,0,1,0
PAWN_AUDIT_RESULT,2251,4,4,105,0,0,105,0,0,0,0,0
PAWN_AUDIT_ENTRY,2252,6308625579500579301,442956738513656856,2967640353749814432,15260358182706944895,157,272,273,254,11,10,5,13,18446744073709543566,18446744073709547758,6,0,0,0,0,0,0,0,0,124,124,18446744073708032522,10,4179,0,0,1,3,18446744073709548533,18446744073709551030,18446744073709551030,261,4,1,1,14910717346437905755,0,0,6,8889792903951029063,0,1,1,0
PAWN_AUDIT_RESULT,2252,5,5,129,0,0,129,0,0,0,0,0
PAWN_AUDIT_ENTRY,2253,442956738513656856,13255374288947656237,2967640353749814432,16504444019826782317,261,272,273,254,11,10,4,14,18446744073709535964,18446744073709550278,6,0,0,0,0,0,0,0,0,124,124,18446744073708032522,10,4180,0,0,1,4,18446744073709545076,18446744073709551030,18446744073709551030,261,4,1,1,14910717346437905755,0,0,6,8889792903951029063,0,1,1,0
PAWN_AUDIT_RESULT,2253,4,4,50,0,0,50,0,0,0,0,0
PAWN_AUDIT_ENTRY,2254,13255374288947656237,10918547039558970718,2967640353749814432,13475144155560333391,593,272,273,254,11,10,4,15,18446744073709535275,18446744073709550278,6,0,0,0,0,0,0,0,0,124,124,18446744073708032522,10,4181,0,0,1,1,18446744073709544763,18446744073709551030,18446744073709551030,261,4,1,1,14910717346437905755,0,0,6,8889792903951029063,0,0,1,0
PAWN_AUDIT_RESULT,2254,4,4,113,0,0,113,0,0,0,0,0
PAWN_AUDIT_ENTRY,2255,10918547039558970718,11585009609286049745,2967640353749814432,10365601152081422147,901,272,273,254,11,10,4,16,18446744073709535715,18446744073709550278,6,0,0,0,0,0,0,0,0,124,124,18446744073708032522,10,4182,0,0,1,3,18446744073709544963,18446744073709551030,18446744073709551030,261,4,1,1,14910717346437905755,0,0,6,8889792903951029063,0,1,1,0
PAWN_AUDIT_RESULT,2255,4,4,29,0,0,29,0,0,0,0,0
PAWN_AUDIT_ENTRY,2256,11585009609286049745,9915821300596534578,2967640353749814432,11639200511892299588,268,272,273,254,11,10,4,17,18446744073709535640,18446744073709550278,6,0,0,0,0,0,0,0,0,124,124,18446744073708032522,10,4183,0,0,1,4,18446744073709544929,18446744073709551030,18446744073709551030,261,4,1,1,14910717346437905755,0,0,6,8889792903951029063,0,1,1,0
PAWN_AUDIT_RESULT,2256,4,4,79,0,0,79,0,0,0,0,0
PAWN_AUDIT_ENTRY,2257,9915821300596534578,2775342012770495709,2967640353749814432,4385996581783990681,148,272,273,254,11,10,5,18,18446744073709538660,18446744073709548874,6,0,0,0,0,0,0,0,0,124,124,18446744073708032522,10,4184,0,0,1,3,18446744073709546302,18446744073709551030,18446744073709551030,261,4,1,1,14910717346437905755,0,0,6,8889792903951029063,0,1,1,0
PAWN_AUDIT_RESULT,2257,5,5,121,0,0,121,0,0,0,0,0
PAWN_AUDIT_ENTRY,2258,2775342012770495709,4422655899160835135,2967640353749814432,12841444041717454618,1371,272,273,254,11,10,5,19,18446744073709538128,18446744073709548874,6,0,0,0,0,0,0,0,0,124,124,18446744073708032522,10,4185,0,0,1,2,18446744073709546329,18446744073709550829,18446744073709550683,261,4,1,1,14910717346437905755,0,0,6,8889792903951029063,0,1,1,0
PAWN_AUDIT_RESULT,2258,5,5,-19,0,0,-19,0,0,0,0,0
PAWN_AUDIT_ENTRY,2259,4422655899160835135,12212580322615852180,2967640353749814432,17700574839178011722,991,272,273,254,11,10,4,20,18446744073709534994,18446744073709550278,6,0,0,0,0,0,0,0,0,124,124,18446744073708032522,10,4186,0,0,1,1,18446744073709544635,18446744073709551030,18446744073709551030,261,4,1,1,14910717346437905755,0,0,6,8889792903951029063,0,0,1,0
PAWN_AUDIT_RESULT,2259,4,4,92,0,0,92,0,0,0,0,0
PAWN_AUDIT_ENTRY,2260,12212580322615852180,14260601297267991284,2967640353749814432,12356043924511313313,202,272,273,254,11,10,5,22,18446744073709538306,18446744073709548874,6,0,0,0,0,0,0,0,0,124,124,18446744073708032522,10,4187,0,0,1,5,18446744073709546358,18446744073709550868,18446744073709550750,261,4,1,1,14910717346437905755,0,0,6,8889792903951029063,0,1,1,0
PAWN_AUDIT_RESULT,2260,5,5,155,0,0,155,0,0,0,0,0
PAWN_AUDIT_ENTRY,2261,14260601297267991284,5265886815075520577,2967640353749814432,18014795643970402368,528,272,273,254,11,10,4,23,18446744073709534631,18446744073709550278,6,0,0,0,0,0,0,0,0,124,124,18446744073708032522,10,4188,0,0,1,1,18446744073709544470,18446744073709551030,18446744073709551030,261,4,1,1,14910717346437905755,0,0,6,8889792903951029063,0,0,1,0
PAWN_AUDIT_RESULT,2261,4,4,127,0,0,127,0,0,0,0,0
PAWN_AUDIT_ENTRY,2262,5265886815075520577,7392506859298925782,2967640353749814432,16850786916625064315,211,272,273,254,11,10,4,24,18446744073709534822,18446744073709548874,6,0,0,0,0,0,0,0,0,124,124,18446744073708032522,10,4189,0,0,1,5,18446744073709544557,18446744073709551030,18446744073709551030,261,4,1,1,14910717346437905755,0,0,6,8889792903951029063,0,1,1,0
PAWN_AUDIT_RESULT,2262,4,4,146,0,0,146,0,0,0,0,0
PAWN_AUDIT_ENTRY,2263,7392506859298925782,17879419142905399322,2967640353749814432,11690985093468420050,80,272,273,254,11,10,4,25,18446744073709535484,18446744073709548874,6,0,0,0,0,0,0,0,0,124,124,18446744073708032522,10,4190,0,0,1,2,18446744073709544858,18446744073709551030,18446744073709551030,261,4,1,1,14910717346437905755,0,0,6,8889792903951029063,0,1,1,0
PAWN_AUDIT_RESULT,2263,4,4,120,0,0,120,0,0,0,0,0
PAWN_AUDIT_ENTRY,2264,17879419142905399322,6653136366284018137,2967640353749814432,7019019805703855050,204,272,273,254,11,10,4,26,18446744073709535865,18446744073709548874,6,0,0,0,0,0,0,0,0,124,124,18446744073708032522,10,4191,0,0,1,5,18446744073709545031,18446744073709551030,18446744073709551030,261,4,1,1,14910717346437905755,0,0,6,8889792903951029063,0,1,1,0
PAWN_AUDIT_RESULT,2264,4,4,126,0,0,126,0,0,0,0,0
PAWN_AUDIT_ENTRY,2265,6653136366284018137,10877101519334145420,2967640353749814432,14761325468092477406,1375,272,273,254,11,10,4,27,18446744073709534979,18446744073709548874,6,0,0,0,0,0,0,0,0,124,124,18446744073708032522,10,4192,0,0,1,2,18446744073709544628,18446744073709551030,18446744073709551030,261,4,1,1,14910717346437905755,0,0,6,8889792903951029063,0,1,1,0
PAWN_AUDIT_RESULT,2265,4,4,-31,0,0,-31,0,0,0,0,0
PAWN_AUDIT_ENTRY,2266,10877101519334145420,6852963955380863597,2967640353749814432,10793717488780908995,903,272,273,254,11,10,4,28,18446744073709535379,18446744073709548874,6,0,0,0,0,0,0,0,0,124,124,18446744073708032522,10,4193,0,0,1,3,18446744073709544810,18446744073709551030,18446744073709551030,261,4,1,1,14910717346437905755,0,0,6,8889792903951029063,0,1,1,0
PAWN_AUDIT_RESULT,2266,4,4,95,0,0,95,0,0,0,0,0
PAWN_AUDIT_ENTRY,2267,6852963955380863597,5667440690744197907,2967640353749814432,10007655307655505947,1382,272,273,254,11,10,4,29,18446744073709534886,18446744073709548874,6,0,0,0,0,0,0,0,0,124,124,18446744073708032522,10,4194,0,0,1,2,18446744073709544586,18446744073709551030,18446744073709551030,261,4,1,1,14910717346437905755,0,0,6,8889792903951029063,0,1,1,0
PAWN_AUDIT_RESULT,2267,4,4,-108,0,0,-108,0,0,0,0,0
PAWN_AUDIT_ENTRY,2268,5667440690744197907,925062340560658413,2967640353749814432,10659320975085844470,391,272,273,254,11,10,4,30,18446744073709534877,18446744073709548874,6,0,0,0,0,0,0,0,0,124,124,18446744073708032522,10,4195,0,0,1,6,18446744073709544582,18446744073709551030,18446744073709551030,261,4,1,1,14910717346437905755,0,0,6,8889792903951029063,0,1,1,0
PAWN_AUDIT_RESULT,2268,4,4,55,0,0,55,0,0,0,0,0
PAWN_AUDIT_ENTRY,2269,925062340560658413,3256487646695605509,758140874929231548,10836412476139920157,983,272,273,255,13,12,9,3,18446744073709537000,18446744073709551198,4,0,0,0,0,1,0,0,0,110,110,18446744073708479518,10,4196,0,0,0,1,18446744073709545547,18446744073709551030,18446744073709551030,267,11,1,1,17097874596007028551,2,0,4,6813500944847936091,0,0,1,0
PAWN_AUDIT_RESULT,2269,9,9,253,0,0,253,0,7,7,0,0
PAWN_AUDIT_ENTRY,2273,11910572672719781061,11807792387467635972,758140874929231548,94461374482803884,166,272,273,255,13,12,6,5,18446744073709542770,1302,4,0,0,0,0,1,0,0,0,110,110,18446744073708479518,10,4207,0,0,0,3,18446744073709548171,18446744073709551030,18446744073709551030,267,11,1,1,17097874596007028551,2,0,4,6813500944847936091,0,3,1,0
PAWN_AUDIT_RESULT,2273,6,6,190,0,0,190,0,0,0,0,0
PAWN_AUDIT_ENTRY,2276,3493613323516012755,3867022315681794923,758140874929231548,9337335549810273742,80,272,273,255,13,12,5,8,18446744073709535300,232,4,0,0,0,0,1,0,0,0,110,110,18446744073708479518,10,4212,0,0,0,2,18446744073709544774,18446744073709551030,18446744073709551030,267,11,1,1,17097874596007028551,2,0,4,6813500944847936091,0,3,1,0
PAWN_AUDIT_RESULT,2276,5,5,187,0,0,187,0,0,0,0,0
PAWN_AUDIT_ENTRY,2277,3867022315681794923,18413124918918968373,758140874929231548,12153314955274089658,536,272,273,255,13,12,5,9,18446744073709535772,18446744073709549983,4,0,0,0,0,1,0,0,0,110,110,18446744073708479518,10,4213,0,0,0,1,18446744073709544989,18446744073709551030,18446744073709551030,267,11,1,1,17097874596007028551,2,0,4,6813500944847936091,0,0,1,0
PAWN_AUDIT_RESULT,2277,5,5,141,0,0,141,0,0,0,0,0
PAWN_AUDIT_ENTRY,2278,18413124918918968373,4727549614196763081,758140874929231548,11000899714305083987,593,272,273,255,13,12,5,10,18446744073709535130,18446744073709549950,4,0,0,0,0,1,0,0,0,110,110,18446744073708479518,10,4214,0,0,0,1,18446744073709544697,18446744073709551030,18446744073709551030,267,11,1,1,17097874596007028551,2,0,4,6813500944847936091,0,0,1,0
PAWN_AUDIT_RESULT,2278,5,5,147,0,0,147,0,0,0,0,0
PAWN_AUDIT_ENTRY,2279,4727549614196763081,15267501309592973749,758140874929231548,14312941345685858929,261,272,273,255,13,12,5,11,18446744073709535682,18446744073709550278,4,0,0,0,0,1,0,0,0,110,110,18446744073708479518,10,4215,0,0,0,4,18446744073709544948,18446744073709551030,18446744073709551030,267,11,1,1,17097874596007028551,2,0,4,6813500944847936091,0,3,1,0
PAWN_AUDIT_RESULT,2279,5,5,-1,0,0,-1,0,0,0,0,0
PAWN_AUDIT_ENTRY,2280,15267501309592973749,981984012637935151,758140874929231548,15424629980724674134,991,272,273,255,13,12,4,12,18446744073709534906,18446744073709549912,4,0,0,0,0,1,0,0,0,110,110,18446744073708479518,10,4216,0,0,0,1,18446744073709544595,18446744073709551030,18446744073709551030,267,11,1,1,17097874596007028551,2,0,4,6813500944847936091,0,0,1,0
PAWN_AUDIT_RESULT,2280,4,4,110,0,0,110,0,0,0,0,0
PAWN_AUDIT_ENTRY,2281,981984012637935151,17668472362646222098,758140874929231548,14779472623229920799,666,272,273,255,13,12,4,13,18446744073709535236,18446744073709549825,4,0,0,0,0,1,0,0,0,110,110,18446744073708479518,10,4217,0,0,0,1,18446744073709544745,18446744073709551030,18446744073709551030,267,11,1,1,17097874596007028551,2,0,4,6813500944847936091,0,0,1,0
PAWN_AUDIT_RESULT,2281,4,4,118,0,0,118,0,0,0,0,0
PAWN_AUDIT_ENTRY,2282,17668472362646222098,223489611609584888,758140874929231548,8813012185006752769,389,272,273,255,13,12,4,15,18446744073709536599,18446744073709548874,4,0,0,0,0,1,0,0,0,110,110,18446744073708479518,10,4218,0,0,0,6,18446744073709545688,18446744073709551030,18446744073709550364,267,11,1,1,17097874596007028551,2,0,4,6813500944847936091,0,3,1,0
PAWN_AUDIT_RESULT,2282,4,4,107,0,0,107,0,0,0,0,0
PAWN_AUDIT_ENTRY,2283,223489611609584888,6385235965590951914,758140874929231548,14587261849461308263,211,272,273,255,13,12,4,16,18446744073709534767,18446744073709548822,4,0,0,0,0,1,0,0,0,110,110,18446744073708479518,10,4219,0,0,0,5,18446744073709544532,18446744073709551030,18446744073709551030,267,11,1,1,17097874596007028551,2,0,4,6813500944847936091,0,3,1,0
PAWN_AUDIT_RESULT,2283,4,4,137,0,0,137,0,0,0,0,0
PAWN_AUDIT_ENTRY,2284,6385235965590951914,3461712415766627715,758140874929231548,17324774767407530339,157,272,273,255,13,12,5,17,18446744073709541785,18446744073709547178,4,0,0,0,0,1,0,0,0,110,110,18446744073708479518,10,4220,0,0,0,3,18446744073709547723,18446744073709551030,18446744073709551030,267,11,1,1,17097874596007028551,2,0,4,6813500944847936091,0,3,1,0
PAWN_AUDIT_RESULT,2284,5,5,173,0,0,173,0,0,0,0,0
PAWN_AUDIT_ENTRY,2285,3461712415766627715,15974290351499148392,758140874929231548,15684684034550473308,528,272,273,255,13,12,4,18,18446744073709534613,18446744073709549871,4,0,0,0,0,1,0,0,0,110,110,18446744073708479518,10,4221,0,0,0,1,18446744073709544462,18446744073709551030,18446744073709551030,267,11,1,1,17097874596007028551,2,0,4,6813500944847936091,0,0,1,0
PAWN_AUDIT_RESULT,2285,4,4,131,0,0,131,0,0,0,0,0
PAWN_AUDIT_ENTRY,2286,15974290351499148392,4036422804991597078,758140874929231548,12425531849599778143,901,272,273,255,13,12,4,19,18446744073709535484,18446744073709548874,4,0,0,0,0,1,0,0,0,110,110,18446744073708479518,10,4222,0,0,0,3,18446744073709544858,18446744073709551030,18446744073709551030,267,11,1,1,17097874596007028551,2,0,4,6813500944847936091,0,3,1,0
PAWN_AUDIT_RESULT,2286,4,4,97,0,0,97,0,0,0,0,0
PAWN_AUDIT_ENTRY,2287,4036422804991597078,4787202634014141084,758140874929231548,9380126130912200024,268,272,273,255,13,12,4,20,18446744073709535425,18446744073709548874,4,0,0,0,0,1,0,0,0,110,110,18446744073708479518,10,4223,0,0,0,4,18446744073709544831,18446744073709551030,18446744073709551030,267,11,1,1,17097874596007028551,2,0,4,6813500944847936091,0,3,1,0
PAWN_AUDIT_RESULT,2287,4,4,94,0,0,94,0,0,0,0,0
PAWN_AUDIT_ENTRY,2288,4787202634014141084,13834437709657728992,758140874929231548,4810628789760147926,204,272,273,255,13,12,4,21,18446744073709535603,18446744073709548802,4,0,0,0,0,1,0,0,0,110,110,18446744073708479518,10,4224,0,0,0,5,18446744073709544912,18446744073709551030,18446744073709551030,267,11,1,1,17097874596007028551,2,0,4,6813500944847936091,0,3,1,0
PAWN_AUDIT_RESULT,2288,4,4,109,0,0,109,0,0,0,0,0
PAWN_AUDIT_ENTRY,2289,13834437709657728992,12899776866094434297,758140874929231548,2889586404570226853,139,272,273,255,13,12,4,24,18446744073709537670,18446744073709547659,4,0,0,0,0,1,0,0,0,110,110,18446744073708479518,10,4225,0,0,0,3,18446744073709545852,18446744073709551030,18446744073709551030,267,11,1,1,17097874596007028551,2,0,4,6813500944847936091,0,3,1,0
PAWN_AUDIT_RESULT,2289,4,4,141,0,0,141,0,0,0,0,0
PAWN_AUDIT_ENTRY,2299,13056305174257017583,11787658201153342951,2603256897766977518,9783368183296338251,194,272,273,185,10,9,4,5,18446744073709543885,18446744073709550278,6,0,0,0,0,0,0,0,0,18446744073709551593,18446744073709551593,18446744073709380616,10,4256,0,0,1,5,18446744073709548678,18446744073709551030,18446744073709551030,260,6,1,1,12529207888693573170,0,0,6,715754764499345415,0,1,1,0
PAWN_AUDIT_RESULT,2299,4,4,103,0,0,103,0,0,0,0,0
PAWN_AUDIT_ENTRY,2300,11787658201153342951,4018731846193820573,2603256897766977518,13314750441159811663,983,272,273,185,10,9,3,6,18446744073709538203,18446744073709550278,6,0,0,0,0,0,0,0,0,18446744073709551593,18446744073709551593,18446744073709380616,10,4257,0,0,1,1,18446744073709546094,18446744073709551030,18446744073709551030,260,6,1,1,12529207888693573170,0,0,6,715754764499345415,0,0,1,0
PAWN_AUDIT_RESULT,2300,3,3,169,0,0,169,0,0,0,0,0
PAWN_AUDIT_ENTRY,2303,4976733670289652489,16871016826446890026,14801965657558470753,5876348652900834752,983,272,273,272,12,11,8,4,18446744073709541068,18446744073709551198,4,0,0,0,0,1,0,0,0,77,77,18446744073708719268,10,4266,0,0,0,1,18446744073709547397,18446744073709551030,18446744073709551030,262,8,1,1,17097874596007028551,2,0,4,11051898691792313478,0,0,1,0
PAWN_AUDIT_RESULT,2303,8,8,213,0,0,213,0,9,9,0,0
PAWN_AUDIT_ENTRY,2319,4843756333199369248,985423991027096657,14801965657558470753,14312941345685858929,2434,272,273,272,12,11,6,6,18446744073709547219,18446744073709550278,4,0,0,0,0,1,0,0,0,77,77,18446744073708719268,10,4302,0,0,0,3,18446744073709550194,18446744073709551030,18446744073709551030,262,8,1,1,17097874596007028551,2,0,4,11051898691792313478,0,3,1,0
PAWN_AUDIT_RESULT,2319,6,6,-1,0,0,-1,0,0,0,0,0
PAWN_AUDIT_ENTRY,2321,17338497149760502712,6237170113281991162,14801965657558470753,15379833342604390942,2463,272,273,272,12,11,5,8,18446744073709547679,18446744073709549081,4,0,0,0,0,1,0,0,0,77,77,18446744073708719268,10,4304,0,0,0,3,18446744073709550403,18446744073709551030,18446744073709551030,262,8,1,1,17097874596007028551,2,0,4,11051898691792313478,0,3,1,0
PAWN_AUDIT_RESULT,2321,5,5,140,0,0,140,0,0,0,0,0
PAWN_AUDIT_ENTRY,2325,6219556471142371312,3714719554295308501,14801965657558470753,5078566669849258771,80,272,273,272,12,11,4,11,18446744073709535280,232,4,0,0,0,0,1,0,0,0,77,77,18446744073708719268,10,4312,0,0,0,2,18446744073709544765,18446744073709551030,18446744073709551030,262,8,1,1,17097874596007028551,2,0,4,11051898691792313478,0,3,1,0
PAWN_AUDIT_RESULT,2325,4,4,161,0,0,161,0,0,0,0,0
PAWN_AUDIT_ENTRY,2326,3714719554295308501,13805618148918597175,14801965657558470753,4956284418500691876,2443,272,273,272,12,11,5,12,18446744073709547219,18446744073709546792,4,0,0,0,0,1,0,0,0,77,77,18446744073708719268,10,4313,0,0,0,3,18446744073709550194,18446744073709551030,18446744073709551030,262,8,1,1,17097874596007028551,2,0,4,11051898691792313478,0,3,1,0
PAWN_AUDIT_RESULT,2326,5,5,74,0,0,74,0,0,0,0,0
PAWN_AUDIT_ENTRY,2327,13805618148918597175,12321271335855563919,14801965657558470753,11294019825653212770,2461,272,273,272,12,11,5,13,18446744073709544233,18446744073709547178,4,0,0,0,0,1,0,0,0,77,77,18446744073708719268,10,4314,0,0,0,3,18446744073709548836,18446744073709551030,18446744073709551030,262,8,1,1,17097874596007028551,2,0,4,11051898691792313478,0,3,1,0
PAWN_AUDIT_RESULT,2327,5,5,113,0,0,113,0,0,0,0,0
PAWN_AUDIT_ENTRY,2328,12321271335855563919,12087339678502129647,14801965657558470753,7966309787087214276,194,272,273,272,12,11,4,14,18446744073709542168,18446744073709547810,4,0,0,0,0,1,0,0,0,77,77,18446744073708719268,10,4315,0,0,0,5,18446744073709547897,18446744073709551030,18446744073709551030,262,8,1,1,17097874596007028551,2,0,4,11051898691792313478,0,3,1,0
PAWN_AUDIT_RESULT,2328,4,4,135,0,0,135,0,0,0,0,0
PAWN_AUDIT_ENTRY,2336,13524664676713168936,8988785710260016046,5598076041250099459,15084669374350777506,983,272,273,272,11,10,8,4,18446744073709542948,18446744073709551198,4,0,0,0,0,1,0,0,0,50,50,18446744073708719268,10,4338,0,0,0,1,18446744073709548252,18446744073709551030,18446744073709551030,210,8,1,1,17097874596007028551,2,0,4,1854148679829102052,0,0,1,0
PAWN_AUDIT_RESULT,2336,8,8,196,0,0,196,0,5,5,0,0
PAWN_AUDIT_ENTRY,2342,5828121071492301020,1146541595554821286,5598076041250099459,14427057265671834834,1057,272,273,272,11,10,6,6,18446744073709549310,18446744073709551094,4,0,0,0,0,1,0,0,0,50,50,18446744073708719268,10,4352,0,0,0,2,18446744073709551553,18446744073709550213,18446744073709551030,210,8,1,1,17097874596007028551,2,0,4,1854148679829102052,0,3,1,0
PAWN_AUDIT_RESULT,2342,6,6,191,0,0,191,0,0,0,0,0
PAWN_AUDIT_ENTRY,2343,1146541595554821286,3921391198911233932,5598076041250099459,14312941345685858929,1025,272,273,272,11,10,6,7,18446744073709549073,18446744073709550278,4,0,0,0,0,1,0,0,0,50,50,18446744073708719268,10,4353,0,0,0,2,18446744073709551613,18446744073709549878,18446744073709551030,210,8,1,1,17097874596007028551,2,0,4,1854148679829102052,0,3,1,0
PAWN_AUDIT_RESULT,2343,6,6,1,0,0,1,0,0,0,0,0
PAWN_AUDIT_ENTRY,2344,3921391198911233932,13476957585865231077,5598076041250099459,10596160708883675499,1050,272,273,272,11,10,6,8,18446744073709548598,18446744073709549494,4,0,0,0,0,1,0,0,0,50,50,18446744073708719268,10,4354,0,0,0,2,18446744073709550821,18446744073709551030,18446744073709551030,210,8,1,1,17097874596007028551,2,0,4,1854148679829102052,0,3,1,0
PAWN_AUDIT_RESULT,2344,6,6,146,0,0,146,0,0,0,0,0
PAWN_AUDIT_ENTRY,2347,1883662399268128444,10537348408384241182,5598076041250099459,3144656282428403399,1,272,273,272,11,10,4,11,18446744073709538133,18446744073709550278,4,0,0,0,0,1,0,0,0,50,50,18446744073708719268,10,4359,0,0,0,4,18446744073709546350,18446744073709550455,18446744073709551030,210,8,1,1,17097874596007028551,2,0,4,1854148679829102052,0,3,1,0
PAWN_AUDIT_RESULT,2347,4,4,130,0,0,130,0,0,0,0,0
PAWN_AUDIT_ENTRY,2355,3288729313636967030,16908676014363169214,4344086422047505838,11578355750901067791,983,272,273,272,11,10,8,4,18446744073709545255,18446744073709551198,4,0,0,0,0,1,0,0,0,9,9,18446744073708719268,10,4384,0,0,0,1,18446744073709549624,18446744073709551030,18446744073709550364,191,9,1,1,17097874596007028551,2,0,4,7512661191916941641,0,0,1,0
PAWN_AUDIT_RESULT,2355,8,8,234,0,0,234,0,5,5,0,0
PAWN_AUDIT_ENTRY,2379,8296249130660185462,2233115339847389842,4344086422047505838,13211555489523959516,80,272,273,272,11,10,6,7,18446744073709537457,2861,4,0,0,0,0,1,0,0,0,9,9,18446744073708719268,10,4448,0,0,0,2,18446744073709545755,18446744073709551030,18446744073709551030,191,9,1,1,17097874596007028551,2,0,4,7512661191916941641,0,3,1,0
PAWN_AUDIT_RESULT,2379,6,6,146,0,0,146,0,0,0,0,0
PAWN_AUDIT_ENTRY,2380,2233115339847389842,16787655453286233529,4344086422047505838,14312941345685858929,1858,272,273,272,11,10,7,8,18446744073709544573,18446744073709550278,4,0,0,0,0,1,0,0,0,9,9,18446744073708719268,10,4449,0,0,0,3,18446744073709549226,18446744073709551030,18446744073709550545,191,9,1,1,17097874596007028551,2,0,4,7512661191916941641,0,3,1,0
PAWN_AUDIT_RESULT,2380,7,7,1,0,0,1,0,0,0,0,0
PAWN_AUDIT_ENTRY,2399,9331795811305113224,6712345422570125207,7245591164232583287,5505388629671472233,1568,272,273,272,11,10,8,5,18446744073709550622,18446744073709550278,4,0,0,0,0,1,0,0,0,24,24,18446744073707990442,10,4496,0,0,0,1,125,18446744073709551030,18446744073709551030,184,9,1,1,17266431999145893517,1,0,4,3496654642532942992,0,0,1,0
PAWN_AUDIT_RESULT,2399,8,8,272,0,0,272,0,1,1,0,0
PAWN_AUDIT_ENTRY,2402,10976903663197430873,990407379531155536,7245591164232583287,8018500545253503591,166,272,273,272,11,10,7,7,18446744073709543492,18446744073709550278,4,0,0,0,0,1,0,0,0,24,24,18446744073707990442,10,4502,0,0,0,3,18446744073709548499,18446744073709551030,18446744073709551030,184,9,1,1,17266431999145893517,1,0,4,3496654642532942992,0,2,1,0
PAWN_AUDIT_RESULT,2402,7,7,156,0,0,156,0,0,0,0,0
PAWN_AUDIT_ENTRY,2403,990407379531155536,7582928181429251109,7245591164232583287,12401939776615359112,16,272,273,272,11,10,7,8,18446744073709547219,18446744073709548874,4,0,0,0,0,1,0,0,0,24,24,18446744073707990442,10,4503,0,0,0,4,18446744073709550194,18446744073709551030,18446744073709551030,184,9,1,1,17266431999145893517,1,0,4,3496654642532942992,0,2,1,0
PAWN_AUDIT_RESULT,2403,7,7,102,0,0,102,0,0,0,0,0
PAWN_AUDIT_ENTRY,2404,7582928181429251109,2950788345612628939,7245591164232583287,3916548969986932607,8,272,273,272,11,10,7,9,18446744073709544714,18446744073709548874,4,0,0,0,0,1,0,0,0,24,24,18446744073707990442,10,4504,0,0,0,4,18446744073709549055,18446744073709551030,18446744073709551030,184,9,1,1,17266431999145893517,1,0,4,3496654642532942992,0,2,1,0
PAWN_AUDIT_RESULT,2404,7,7,19,0,0,19,0,0,0,0,0
PAWN_AUDIT_ENTRY,2407,17042808070755315203,11169423204868515965,7245591164232583287,11413529937817935784,157,272,273,272,11,10,6,12,18446744073709541633,18446744073709550278,4,0,0,0,0,1,0,0,0,24,24,18446744073707990442,10,4507,0,0,0,3,18446744073709547654,18446744073709551030,18446744073709551030,184,9,1,1,17266431999145893517,1,0,4,3496654642532942992,0,2,1,0
PAWN_AUDIT_RESULT,2407,6,6,125,0,0,125,0,0,0,0,0
PAWN_AUDIT_ENTRY,2408,11169423204868515965,16938009390855990898,7245591164232583287,17265700272605754117,80,272,273,272,11,10,6,13,18446744073709537318,18446744073709550278,4,0,0,0,0,1,0,0,0,24,24,18446744073707990442,10,4508,0,0,0,2,18446744073709545692,18446744073709551030,18446744073709551030,184,9,1,1,17266431999145893517,1,0,4,3496654642532942992,0,2,1,0
PAWN_AUDIT_RESULT,2408,6,6,149,0,0,149,0,0,0,0,0
PAWN_AUDIT_ENTRY,2422,297939142183433581,3398753130531050415,1885871861886616219,1288341145104857227,166,272,273,272,11,10,7,5,18446744073709543259,18446744073709550278,4,0,0,0,0,1,0,0,0,18446744073709551534,18446744073709551534,18446744073707990442,10,4546,0,0,0,3,18446744073709548393,18446744073709551030,18446744073709551030,161,9,1,1,10464330178802062433,1,0,4,5629755093726744188,0,2,1,0
PAWN_AUDIT_RESULT,2422,7,7,129,0,0,129,0,0,0,0,0
PAWN_AUDIT_ENTRY,2423,3398753130531050415,461593852747682732,1885871861886616219,15947412041594917891,2023,272,273,272,11,10,8,6,18446744073709547219,18446744073709550278,4,0,0,0,0,1,0,0,0,18446744073709551534,18446744073709551534,18446744073707990442,10,4547,0,0,0,1,18446744073709550194,18446744073709551030,18446744073709551030,161,9,1,1,10464330178802062433,1,0,4,5629755093726744188,0,0,1,0
PAWN_AUDIT_RESULT,2423,8,8,-3,0,0,-3,0,0,0,0,0
PAWN_AUDIT_ENTRY,2424,461593852747682732,13987922602103025694,1885871861886616219,13260775310975672477,536,272,273,272,11,10,7,7,18446744073709540274,18446744073709550278,4,0,0,0,0,1,0,0,0,18446744073709551534,18446744073709551534,18446744073707990442,10,4548,0,0,0,1,18446744073709547036,18446744073709551030,18446744073709551030,161,9,1,1,10464330178802062433,1,0,4,5629755093726744188,0,0,1,0
PAWN_AUDIT_RESULT,2424,7,7,99,0,0,99,0,0,0,0,0
PAWN_AUDIT_ENTRY,2426,1710849061063084808,15982068825505026484,1885871861886616219,16195918087228118340,157,272,273,272,11,10,6,9,18446744073709540505,18446744073709550278,4,0,0,0,0,1,0,0,0,18446744073709551534,18446744073709551534,18446744073707990442,10,4550,0,0,0,3,18446744073709547141,18446744073709551030,18446744073709551030,161,9,1,1,10464330178802062433,1,0,4,5629755093726744188,0,2,1,0
PAWN_AUDIT_RESULT,2426,6,6,96,0,0,96,0,0,0,0,0
PAWN_AUDIT_ENTRY,2437,14563502735687537759,6479206883388852093,6093283746799089310,2689818688773206885,658,272,273,264,11,10,8,4,18446744073709549409,18446744073709550278,4,0,0,0,0,1,0,0,0,38,38,18446744073707929078,10,4579,0,0,0,1,109,18446744073709549959,18446744073709551030,222,9,1,1,16112898587063705700,1,0,4,37347463080819321,0,0,1,0
PAWN_AUDIT_RESULT,2437,8,8,272,0,0,272,0,9,9,0,0
PAWN_AUDIT_ENTRY,2439,9097325445817127061,11874208533017336539,6093283746799089310,11000899714305083987,324,272,273,272,11,10,8,6,18446744073709550688,18446744073709550278,4,0,0,0,0,1,0,0,0,38,38,18446744073707929078,10,4590,0,0,0,4,18446744073709551032,892,18446744073709551030,222,9,1,1,16112898587063705700,1,0,4,37347463080819321,0,2,1,0
PAWN_AUDIT_RESULT,2439,8,8,267,0,0,267,0,0,0,0,0
PAWN_AUDIT_ENTRY,2440,11874208533017336539,12265471717400478241,6093283746799089310,6864994696121830542,166,272,273,272,11,10,7,7,18446744073709543679,18446744073709550278,4,0,0,0,0,1,0,0,0,38,38,18446744073707929078,10,4591,0,0,0,3,18446744073709548584,18446744073709551030,18446744073709551030,222,9,1,1,16112898587063705700,1,0,4,37347463080819321,0,2,1,0
PAWN_AUDIT_RESULT,2440,7,7,134,0,0,134,0,0,0,0,0
PAWN_AUDIT_ENTRY,2441,12265471717400478241,768044385075552078,6093283746799089310,9801397865856999028,991,272,273,272,11,10,6,8,18446744073709539738,18446744073709550278,4,0,0,0,0,1,0,0,0,38,38,18446744073707929078,10,4592,0,0,0,1,18446744073709546792,18446744073709551030,18446744073709551030,222,9,1,1,16112898587063705700,1,0,4,37347463080819321,0,0,1,0
PAWN_AUDIT_RESULT,2441,6,6,100,0,0,100,0,0,0,0,0
PAWN_AUDIT_ENTRY,2442,768044385075552078,1088581275900783602,6093283746799089310,17772325480214516888,536,272,273,272,11,10,6,9,18446744073709539625,18446744073709550278,4,0,0,0,0,1,0,0,0,38,38,18446744073707929078,10,4593,0,0,0,1,18446744073709546741,18446744073709551030,18446744073709551030,222,9,1,1,16112898587063705700,1,0,4,37347463080819321,0,0,1,0
PAWN_AUDIT_RESULT,2442,6,6,134,0,0,134,0,0,0,0,0
PAWN_AUDIT_ENTRY,2443,1088581275900783602,10531962706915972014,6093283746799089310,14331358766577650615,1113,272,273,272,11,10,7,10,18446744073709546828,18446744073709550278,4,0,0,0,0,1,0,0,0,38,38,18446744073707929078,10,4594,0,0,0,1,18446744073709550016,18446744073709551030,18446744073709551030,222,9,1,1,16112898587063705700,1,0,4,37347463080819321,0,0,1,0
PAWN_AUDIT_RESULT,2443,7,7,129,0,0,129,0,0,0,0,0
PAWN_AUDIT_ENTRY,2445,7087698671564025840,799302566179226912,6093283746799089310,2192634205535211682,144,272,273,272,11,10,6,12,18446744073709544391,18446744073709548260,4,0,0,0,0,1,0,0,0,38,38,18446744073707929078,10,4596,0,0,0,3,18446744073709548908,18446744073709551030,18446744073709551030,222,9,1,1,16112898587063705700,1,0,4,37347463080819321,0,2,1,0
PAWN_AUDIT_RESULT,2445,6,6,130,0,0,130,0,0,0,0,0
PAWN_AUDIT_ENTRY,2446,799302566179226912,888744650676040468,6093283746799089310,16113357633763921388,80,272,273,272,11,10,6,13,18446744073709537156,18446744073709550278,4,0,0,0,0,1,0,0,0,38,38,18446744073707929078,10,4597,0,0,0,2,18446744073709545618,18446744073709551030,18446744073709551030,222,9,1,1,16112898587063705700,1,0,4,37347463080819321,0,2,1,0
PAWN_AUDIT_RESULT,2446,6,6,138,0,0,138,0,0,0,0,0
PAWN_AUDIT_ENTRY,2485,2804782446492477980,12984088324346670829,4398370317106242231,2255475381912303140,3299,18446744073709551343,18446744073709551344,18446744073709550327,9,8,1,2,18446744073709548586,446,3,0,1,0,0,0,0,0,0,18446744073709551512,18446744073709551521,1120853,10,4702,0,0,1,9,18446744073709551124,18446744073709550703,18446744073709550731,18446744073709551512,0,1,1,9222765587171915658,0,0,3,12291901296654827125,0,0,1,0
PAWN_AUDIT_ENTRY,2501,6509722904360820306,15554877462535367605,12639700991158828906,4089856073935264333,1752,272,273,257,7,6,2,2,18446744073709539366,18446744073709549999,6,0,0,0,0,0,0,0,1,18,18,18446744073707301109,10,4744,0,0,1,5,18446744073709547531,18446744073709550908,18446744073709549285,253,0,1,1,3263915150173309152,0,0,6,16111641293022041235,0,1,1,0
PAWN_AUDIT_RESULT,2501,2,2,162,0,0,162,0,2,2,0,0
PAWN_AUDIT_ENTRY,2502,15554877462535367605,18354169869747123332,12639700991158828906,16047077012010629777,658,272,273,257,7,6,1,5,18446744073709550572,18446744073709550278,6,0,0,0,0,0,0,0,0,18,18,18446744073707301109,10,4747,0,0,1,1,18446744073709550256,18446744073709551030,2427,253,0,1,1,3263915150173309152,0,0,6,16111641293022041235,0,0,1,0
PAWN_AUDIT_RESULT,2502,1,1,128,0,0,128,0,0,0,0,0
PAWN_AUDIT_ENTRY,2503,18354169869747123332,7166782400653176127,12639700991158828906,2631289667741067141,861,272,273,257,7,6,1,7,18446744073709545710,18446744073709550278,6,0,0,0,0,0,0,0,0,18,18,18446744073707301109,10,4748,0,0,1,1,18446744073709549574,18446744073709551030,18446744073709550893,253,0,1,1,3263915150173309152,0,0,6,16111641293022041235,0,0,1,0
PAWN_AUDIT_RESULT,2503,1,1,1,0,0,1,0,0,0,0,0
PAWN_AUDIT_ENTRY,2504,7166782400653176127,15579843542631531641,12639700991158828906,7155516518378996647,324,272,273,257,7,6,1,9,18446744073709544607,18446744073709550278,6,0,0,0,0,0,0,0,0,18,18,18446744073707301109,10,4749,0,0,1,4,18446744073709549456,18446744073709551030,18446744073709550103,253,0,1,1,3263915150173309152,0,0,6,16111641293022041235,0,1,1,0
PAWN_AUDIT_RESULT,2504,1,1,206,0,0,206,0,0,0,0,0
PAWN_AUDIT_ENTRY,2505,15579843542631531641,10431537847903812459,12639700991158828906,3715157109308830411,983,272,273,257,7,6,1,10,18446744073709546856,18446744073709550278,6,0,0,0,0,0,0,0,0,18,18,18446744073707301109,10,4750,0,0,1,1,18446744073709548215,18446744073709551030,3151,253,0,1,1,3263915150173309152,0,0,6,16111641293022041235,0,0,1,0
PAWN_AUDIT_RESULT,2505,1,1,151,0,0,151,0,0,0,0,0
PAWN_AUDIT_ENTRY,2508,2064382813816944631,15059953370562645032,2255475381912303140,9864613349554868995,1752,272,273,258,9,8,4,3,18446744073709537600,18446744073709550278,4,0,0,0,0,0,0,0,1,140,140,18446744073708191623,10,4753,0,0,0,5,18446744073709547531,18446744073709550657,18446744073709547889,261,1,1,1,18253036909265058005,0,0,4,4398370317106242231,0,1,1,0
PAWN_AUDIT_RESULT,2508,4,4,112,0,0,112,0,3,3,0,0
PAWN_AUDIT_ENTRY,2521,1249920998082829944,13391755434604564308,2255475381912303140,16547787640081162747,157,272,273,260,9,8,1,7,18446744073709544706,18446744073709550278,4,0,0,0,0,0,0,0,0,140,140,18446744073708191623,10,4791,0,0,0,3,18446744073709547100,18446744073709551023,3441,261,1,1,1,18253036909265058005,0,0,4,4398370317106242231,0,1,1,0
PAWN_AUDIT_RESULT,2521,1,1,178,0,0,178,0,0,0,0,0
PAWN_AUDIT_ENTRY,2522,13391755434604564308,8527490455189207176,2255475381912303140,8228695648064578950,861,272,273,260,9,8,1,8,18446744073709544393,18446744073709550278,4,0,0,0,0,0,0,0,0,140,140,18446744073708191623,10,4792,0,0,0,1,18446744073709548558,18446744073709551030,137,261,1,1,1,18253036909265058005,0,0,4,4398370317106242231,0,0,1,0
PAWN_AUDIT_RESULT,2522,1,1,69,0,0,69,0,0,0,0,0
PAWN_AUDIT_ENTRY,2523,8527490455189207176,7262378439672349424,2255475381912303140,13955705989382809316,259,272,273,260,9,8,1,10,18446744073709542856,18446744073709550278,4,0,0,0,0,0,0,0,0,140,140,18446744073708191623,10,4793,0,0,0,6,18446744073709548210,18446744073709551030,18446744073709551030,261,1,1,1,18253036909265058005,0,0,4,4398370317106242231,0,1,1,0
PAWN_AUDIT_RESULT,2523,1,1,72,0,0,72,0,0,0,0,0
PAWN_AUDIT_ENTRY,2524,7262378439672349424,7503403384163213762,2255475381912303140,1479401612183325748,166,272,273,260,9,8,1,11,18446744073709542126,18446744073709550278,4,0,0,0,0,0,0,0,0,140,140,18446744073708191623,10,4794,0,0,0,3,18446744073709547980,18446744073709551030,18446744073709550820,261,1,1,1,18253036909265058005,0,0,4,4398370317106242231,0,1,1,0
PAWN_AUDIT_RESULT,2524,1,1,231,0,0,231,0,0,0,0,0
PAWN_AUDIT_ENTRY,2525,7503403384163213762,17785547869955729737,2255475381912303140,7968724235324699615,658,272,273,260,9,8,1,12,18446744073709544036,18446744073709550278,4,0,0,0,0,0,0,0,0,140,140,18446744073708191623,10,4795,0,0,0,1,18446744073709549444,18446744073709551030,18446744073709549593,261,1,1,1,18253036909265058005,0,0,4,4398370317106242231,0,0,1,0
PAWN_AUDIT_RESULT,2525,1,1,153,0,0,153,0,0,0,0,0
PAWN_AUDIT_ENTRY,2526,17785547869955729737,3867003605785756168,2255475381912303140,13776310507237874266,1731,272,273,260,9,8,1,13,18446744073709540041,18446744073709550278,4,0,0,0,0,0,0,0,0,140,140,18446744073708191623,10,4796,0,0,0,5,18446744073709546194,18446744073709551030,930,261,1,1,1,18253036909265058005,0,0,4,4398370317106242231,0,1,1,0
PAWN_AUDIT_RESULT,2526,1,1,98,0,0,98,0,0,0,0,0
PAWN_AUDIT_ENTRY,2527,3867003605785756168,13260255202262055753,2255475381912303140,6847680735934874942,1739,272,273,260,9,8,1,14,18446744073709541657,18446744073709550278,4,0,0,0,0,0,0,0,0,140,140,18446744073708191623,10,4797,0,0,0,5,18446744073709547776,18446744073709551030,18446744073709550801,261,1,1,1,18253036909265058005,0,0,4,4398370317106242231,0,1,1,0
PAWN_AUDIT_RESULT,2527,1,1,115,0,0,115,0,0,0,0,0
PAWN_AUDIT_ENTRY,2528,13260255202262055753,9296174701597061894,2255475381912303140,10188118664541170379,593,272,273,260,9,8,1,19,18446744073709541325,18446744073709550278,4,0,0,0,0,0,0,0,0,140,140,18446744073708191623,10,4798,0,0,0,1,18446744073709547866,18446744073709551030,18446744073709550304,261,1,1,1,18253036909265058005,0,0,4,4398370317106242231,0,0,1,0
PAWN_AUDIT_RESULT,2528,1,1,122,0,0,122,0,0,0,0,0
PAWN_AUDIT_ENTRY,2529,9296174701597061894,1247171419928888911,2255475381912303140,9085164164753000296,1748,272,273,260,9,8,1,21,18446744073709539293,18446744073709550278,4,0,0,0,0,0,0,0,0,140,140,18446744073708191623,10,4799,0,0,0,5,18446744073709546780,18446744073709551030,18446744073709550638,261,1,1,1,18253036909265058005,0,0,4,4398370317106242231,0,1,1,0
PAWN_AUDIT_RESULT,2529,1,1,113,0,0,113,0,0,0,0,0
PAWN_AUDIT_ENTRY,2530,1247171419928888911,17581240563945713138,2255475381912303140,5218509229502586214,1746,272,273,260,9,8,1,22,18446744073709539325,18446744073709550278,4,0,0,0,0,0,0,0,0,140,140,18446744073708191623,10,4800,0,0,0,5,18446744073709546941,18446744073709551030,18446744073709550336,261,1,1,1,18253036909265058005,0,0,4,4398370317106242231,0,1,1,0
PAWN_AUDIT_RESULT,2530,1,1,95,0,0,95,0,0,0,0,0
PAWN_AUDIT_ENTRY,2531,17581240563945713138,11179892781444219576,2255475381912303140,9487624575865289605,983,272,273,260,9,8,1,40,18446744073709541053,18446744073709550278,4,0,0,0,0,0,0,0,0,140,140,18446744073708191623,10,4801,0,0,0,1,18446744073709548064,18446744073709551030,18446744073709549642,261,1,1,1,18253036909265058005,0,0,4,4398370317106242231,0,0,1,0
PAWN_AUDIT_RESULT,2531,1,1,150,0,0,150,0,0,0,0,0
PAWN_AUDIT_RESULT,2485,1,1,-261,1,9,-260,0,5,99,1,1
PAWN_AUDIT_ENTRY,2539,8917443237085513650,7033811435697667510,10693930780845542343,16551836881432366652,658,95,96,71,6,5,1,4,18446744073709543393,18446744073709550278,2,0,0,0,0,0,0,0,0,18446744073709551568,18446744073709551568,9121320,10,4812,0,0,1,1,18446744073709548454,18446744073709551030,18446744073709551030,75,5,1,1,6401699659989908555,0,0,2,11930179878167210806,0,0,1,0
PAWN_AUDIT_RESULT,2539,1,1,-148,0,0,-148,0,0,0,0,0
PAWN_AUDIT_ENTRY,2540,7033811435697667510,6721747878328760568,10693930780845542343,11502919570914324951,166,95,96,71,6,5,1,5,18446744073709545154,18446744073709550278,2,0,0,0,0,0,0,0,0,18446744073709551568,18446744073709551568,9121320,10,4813,0,0,1,3,18446744073709549255,18446744073709551030,18446744073709551030,75,5,1,1,6401699659989908555,0,0,2,11930179878167210806,0,1,1,0
PAWN_AUDIT_RESULT,2540,1,1,-125,0,0,-125,0,0,0,0,0
PAWN_AUDIT_ENTRY,2578,7905913752447944382,10858274841944742612,14180140843786954849,6049942515882785524,216,272,273,148,7,6,1,3,18446744073709549728,18446744073709550278,4,0,0,0,0,0,0,0,0,193,246,7781798,10,4924,0,0,0,5,18446744073709550628,18446744073709550657,1254,193,1,1,1,2929985040723573293,0,0,4,16613447388896820466,0,1,1,0
PAWN_AUDIT_RESULT,2578,1,1,166,0,0,166,0,0,0,0,0
PAWN_AUDIT_ENTRY,2579,10858274841944742612,14148161359594665101,14180140843786954849,315610822688934026,1828,272,273,166,7,6,1,4,18446744073709550220,18446744073709550278,4,0,0,0,0,0,0,0,0,193,246,7781798,10,4925,0,0,0,1,491,18446744073709551030,18446744073709549900,193,1,1,1,2929985040723573293,0,0,4,16613447388896820466,0,0,1,0
PAWN_AUDIT_RESULT,2579,1,1,251,0,0,251,0,0,0,0,0
PAWN_AUDIT_ENTRY,2580,14148161359594665101,3852307118227474981,14180140843786954849,12561653559415173753,209,272,273,251,7,6,1,5,18446744073709540982,18446744073709550278,4,0,0,0,0,0,0,0,0,193,246,7781798,10,4926,0,0,0,5,18446744073709546855,18446744073709551030,450,193,1,1,1,2929985040723573293,0,0,4,16613447388896820466,0,1,1,0
PAWN_AUDIT_RESULT,2580,1,1,85,0,0,85,0,0,0,0,0
PAWN_AUDIT_ENTRY,2581,3852307118227474981,8525815671183935383,14180140843786954849,14916792722122297969,166,272,273,251,7,6,1,6,18446744073709541376,18446744073709550278,4,0,0,0,0,0,0,0,0,193,246,7781798,10,4927,0,0,0,3,18446744073709547537,18446744073709551030,18446744073709551030,193,1,1,1,2929985040723573293,0,0,4,16613447388896820466,0,1,1,0
PAWN_AUDIT_RESULT,2581,1,1,246,0,0,246,0,0,0,0,0
PAWN_AUDIT_ENTRY,2582,8525815671183935383,8117645693109079073,14180140843786954849,6262118862455075982,593,272,273,251,7,6,1,8,18446744073709539408,18446744073709550278,4,0,0,0,0,0,0,0,0,193,246,7781798,10,4928,0,0,0,1,18446744073709546642,18446744073709551030,18446744073709551030,193,1,1,1,2929985040723573293,0,0,4,16613447388896820466,0,0,1,0
PAWN_AUDIT_RESULT,2582,1,1,24,0,0,24,0,0,0,0,0
PAWN_AUDIT_ENTRY,2583,8117645693109079073,3467900108117767098,14180140843786954849,4476992753289117630,157,272,273,251,7,6,1,9,18446744073709538727,18446744073709550278,4,0,0,0,0,0,0,0,0,193,246,7781798,10,4929,0,0,0,3,18446744073709546336,18446744073709551023,18446744073709551030,193,1,1,1,2929985040723573293,0,0,4,16613447388896820466,0,1,1,0
PAWN_AUDIT_RESULT,2583,1,1,169,0,0,169,0,0,0,0,0
PAWN_AUDIT_ENTRY,2584,3467900108117767098,8367282302498670305,14180140843786954849,7414526303765547623,536,272,273,251,7,6,1,10,18446744073709538029,18446744073709550278,4,0,0,0,0,0,0,0,0,193,246,7781798,10,4930,0,0,0,1,18446744073709546015,18446744073709551030,18446744073709551030,193,1,1,1,2929985040723573293,0,0,4,16613447388896820466,0,0,1,0
PAWN_AUDIT_RESULT,2584,1,1,67,0,0,67,0,0,0,0,0
PAWN_AUDIT_ENTRY,2585,8367282302498670305,6663798449890094262,14180140843786954849,1748457489421992075,991,272,273,251,7,6,1,11,18446744073709537888,18446744073709550278,4,0,0,0,0,0,0,0,0,193,246,7781798,10,4931,0,0,0,1,18446744073709545951,18446744073709551030,18446744073709551030,193,1,1,1,2929985040723573293,0,0,4,16613447388896820466,0,0,1,0
PAWN_AUDIT_RESULT,2585,1,1,93,0,0,93,0,0,0,0,0
PAWN_AUDIT_ENTRY,2586,6663798449890094262,487802292491038677,14180140843786954849,15076054277820339544,148,272,273,251,7,6,1,12,18446744073709537294,18446744073709550278,4,0,0,0,0,0,0,0,0,193,246,7781798,10,4932,0,0,0,3,18446744073709545681,18446744073709551030,18446744073709551030,193,1,1,1,2929985040723573293,0,0,4,16613447388896820466,0,1,1,0
PAWN_AUDIT_RESULT,2586,1,1,189,0,0,189,0,0,0,0,0
PAWN_AUDIT_ENTRY,2587,487802292491038677,1351448446209943311,14180140843786954849,11026948468911472616,1185,272,273,251,7,6,1,13,18446744073709537954,18446744073709550278,4,0,0,0,0,0,0,0,0,193,246,7781798,10,4933,0,0,0,2,18446744073709546304,18446744073709551030,18446744073709550364,193,1,1,1,2929985040723573293,0,0,4,16613447388896820466,0,1,1,0
PAWN_AUDIT_RESULT,2587,1,1,-12,0,0,-12,0,0,0,0,0
PAWN_AUDIT_ENTRY,2588,1351448446209943311,13288673744775020533,14180140843786954849,5088974814164314464,202,272,273,251,7,6,1,14,18446744073709537533,18446744073709550278,4,0,0,0,0,0,0,0,0,193,246,7781798,10,4934,0,0,0,5,18446744073709546001,18446744073709551030,18446744073709550594,193,1,1,1,2929985040723573293,0,0,4,16613447388896820466,0,1,1,0
PAWN_AUDIT_RESULT,2588,1,1,69,0,0,69,0,0,0,0,0
PAWN_AUDIT_ENTRY,2589,13288673744775020533,597027169006678002,14180140843786954849,17146956773789306062,1,272,273,251,7,6,1,15,18446744073709537485,18446744073709550278,4,0,0,0,0,0,0,0,0,193,246,7781798,10,4935,0,0,0,4,18446744073709546003,18446744073709551030,18446744073709550545,193,1,1,1,2929985040723573293,0,0,4,16613447388896820466,0,1,1,0
PAWN_AUDIT_RESULT,2589,1,1,59,0,0,59,0,0,0,0,0
PAWN_AUDIT_ENTRY,2590,597027169006678002,5269814772549640215,14180140843786954849,6904913831933424603,1371,272,273,251,7,6,1,17,18446744073709537319,18446744073709550278,4,0,0,0,0,0,0,0,0,193,246,7781798,10,4936,0,0,0,2,18446744073709545954,18446744073709551030,18446744073709550491,193,1,1,1,2929985040723573293,0,0,4,16613447388896820466,0,1,1,0
PAWN_AUDIT_RESULT,2590,1,1,115,0,0,115,0,0,0,0,0
PAWN_AUDIT_ENTRY,2591,5269814772549640215,9681031724283036350,14180140843786954849,7241787986487238201,1176,272,273,251,7,6,1,18,18446744073709537512,18446744073709550278,4,0,0,0,0,0,0,0,0,193,246,7781798,10,4937,0,0,0,2,18446744073709546140,18446744073709551030,18446744073709550288,193,1,1,1,2929985040723573293,0,0,4,16613447388896820466,0,1,1,0
PAWN_AUDIT_RESULT,2591,1,1,-169,0,0,-169,0,0,0,0,0
PAWN_AUDIT_ENTRY,2592,9681031724283036350,2841215254987456553,14180140843786954849,6354056082878358976,983,272,273,251,7,6,1,20,18446744073709540956,18446744073709550278,4,0,0,0,0,0,0,0,0,193,246,7781798,10,4938,0,0,0,1,18446744073709547346,18446744073709551030,18446744073709551030,193,1,1,1,2929985040723573293,0,0,4,16613447388896820466,0,0,1,0
PAWN_AUDIT_RESULT,2592,1,1,104,0,0,104,0,0,0,0,0
PAWN_AUDIT_ENTRY,2593,2841215254987456553,15211184903946428704,14180140843786954849,17339121898849189247,1164,272,273,251,7,6,1,25,18446744073709536822,18446744073709550278,4,0,0,0,0,0,0,0,0,193,246,7781798,10,4939,0,0,0,2,18446744073709545866,18446744073709551030,18446744073709550206,193,1,1,1,2929985040723573293,0,0,4,16613447388896820466,0,1,1,0
PAWN_AUDIT_RESULT,2593,1,1,-25,0,0,-25,0,0,0,0,0
PAWN_AUDIT_ENTRY,2596,17420811599464873747,6758909598861885369,5085241263941292481,9672284310554046762,1828,272,273,253,8,7,3,4,18446744073709550116,18446744073709550278,2,0,0,0,0,0,0,0,0,18446744073709551565,18446744073709551565,19783583,10,4944,0,0,1,1,768,18446744073709550375,18446744073709549906,302,6,1,1,6439947098830842219,0,0,2,1505232908425907750,0,0,1,0
PAWN_AUDIT_RESULT,2596,3,3,23,0,0,23,0,0,0,0,0
PAWN_AUDIT_ENTRY,2597,6758909598861885369,8594233216159398888,5085241263941292481,15109061771810636628,216,272,273,253,8,7,2,5,18446744073709548311,18446744073709548874,2,0,0,0,0,0,0,0,0,18446744073709551565,18446744073709551565,19783583,10,4945,0,0,1,5,18446744073709549404,394,1055,302,6,1,1,6439947098830842219,0,0,2,1505232908425907750,0,1,1,0
PAWN_AUDIT_RESULT,2597,2,2,-39,0,0,-39,0,0,0,0,0
PAWN_AUDIT_ENTRY,2680,2638578331732017258,17322430868025907960,5854299706176110355,2390789193350051119,3373,18446744073709551356,18446744073709551357,18446744073709551283,6,5,1,2,18446744073709550925,18446744073709550278,15,0,1,0,0,0,0,0,0,18446744073709551471,18446744073709551471,18446744073709293006,10,5098,0,0,1,11,263,18446744073709551030,18446744073709551030,32002,18446744073709551614,2,1,1034867774000858653,0,0,15,2593774899457983290,0,1,1,0
PAWN_AUDIT_ENTRY,2683,18241606457515796243,2892764696197824360,2390789193350051119,16483397030689294498,924,259,260,169,6,5,3,2,18446744073709551356,18446744073709550913,16,0,0,0,0,0,0,0,0,96,96,18446744073709380616,10,5103,0,0,0,3,459,18446744073709551030,18446744073709551030,194,2,1,1,1034867774000858653,1,0,16,5854299706176110355,0,2,1,0
PAWN_AUDIT_RESULT,2683,3,3,194,0,0,194,0,0,0,0,0
PAWN_AUDIT_ENTRY,2684,2892764696197824360,8387459864442356202,2390789193350051119,9410200567400039930,1244,259,260,194,6,5,2,3,18446744073709548840,18446744073709549603,16,0,0,0,0,0,0,0,0,96,96,18446744073709380616,10,5104,0,0,0,5,18446744073709550931,18446744073709551030,18446744073709551030,194,2,1,1,1034867774000858653,1,0,16,5854299706176110355,0,2,1,0
PAWN_AUDIT_RESULT,2684,2,2,157,0,0,157,0,0,0,0,0
PAWN_AUDIT_ENTRY,2685,8387459864442356202,13024428120435817811,2390789193350051119,17080314261240007138,324,259,260,194,6,5,2,4,18446744073709551130,18446744073709550278,16,0,0,0,0,0,0,0,0,96,96,18446744073709380616,10,5105,0,0,0,4,356,18446744073709551030,18446744073709551030,194,2,1,1,1034867774000858653,1,0,16,5854299706176110355,0,2,1,0
PAWN_AUDIT_RESULT,2685,2,2,197,0,0,197,0,0,0,0,0
PAWN_AUDIT_ENTRY,2686,13024428120435817811,17891578649270958190,2390789193350051119,6461754950653071141,1867,259,260,197,6,5,1,6,18446744073709545084,18446744073709550278,16,0,0,0,0,0,0,0,0,96,96,18446744073709380616,10,5106,0,0,0,3,18446744073709549223,18446744073709551030,18446744073709551030,194,2,1,1,1034867774000858653,1,0,16,5854299706176110355,0,2,1,0
PAWN_AUDIT_RESULT,2686,1,1,191,0,0,191,0,0,0,0,0
PAWN_AUDIT_ENTRY,2687,17891578649270958190,5544290397923059891,2390789193350051119,11161771219596353952,321,259,260,197,6,5,1,7,18446744073709545036,18446744073709550278,16,0,0,0,0,0,0,0,0,96,96,18446744073709380616,10,5107,0,0,0,4,18446744073709549201,18446744073709551030,18446744073709551030,194,2,1,1,1034867774000858653,1,0,16,5854299706176110355,0,2,1,0
PAWN_AUDIT_RESULT,2687,1,1,181,0,0,181,0,0,0,0,0
PAWN_AUDIT_ENTRY,2688,5544290397923059891,3789956447000825281,2390789193350051119,15836144878680449776,1858,259,260,197,6,5,1,8,18446744073709545091,18446744073709550278,16,0,0,0,0,0,0,0,0,96,96,18446744073709380616,10,5108,0,0,0,3,18446744073709549226,18446744073709551030,18446744073709551030,194,2,1,1,1034867774000858653,1,0,16,5854299706176110355,0,2,1,0
PAWN_AUDIT_RESULT,2688,1,1,166,0,0,166,0,0,0,0,0
PAWN_AUDIT_ENTRY,2689,3789956447000825281,4594025152106868063,2390789193350051119,9830383388021724752,2,259,260,197,6,5,1,9,18446744073709544582,18446744073709550278,16,0,0,0,0,0,0,0,0,96,96,18446744073709380616,10,5109,0,0,0,4,18446744073709548995,18446744073709551030,18446744073709551030,194,2,1,1,1034867774000858653,1,0,16,5854299706176110355,0,2,1,0
PAWN_AUDIT_RESULT,2689,1,1,163,0,0,163,0,0,0,0,0
PAWN_AUDIT_ENTRY,2690,4594025152106868063,4109229335146524909,2390789193350051119,6175451097530989851,322,259,260,197,6,5,1,11,18446744073709542663,18446744073709549766,16,0,0,0,0,0,0,0,0,96,96,18446744073709380616,10,5110,0,0,0,4,18446744073709548122,18446744073709551030,18446744073709551030,194,2,1,1,1034867774000858653,1,0,16,5854299706176110355,0,2,1,0
PAWN_AUDIT_RESULT,2690,1,1,167,0,0,167,0,0,0,0,0
PAWN_AUDIT_ENTRY,2692,11100098012436721564,15148049310306619856,2390789193350051119,3519108758123913897,4,259,260,197,6,5,1,22,18446744073709545766,18446744073709551034,16,0,0,0,0,0,0,0,0,96,96,18446744073709380616,10,5112,0,0,0,4,18446744073709549533,18446744073709551030,18446744073709551030,194,2,1,1,1034867774000858653,1,0,16,5854299706176110355,0,2,1,0
PAWN_AUDIT_RESULT,2692,1,1,179,0,0,179,0,0,0,0,0
PAWN_AUDIT_RESULT,2680,1,1,-194,1,6,-197,0,3,14,1,1
PAWN_AUDIT_ENTRY,2694,9433110059839147968,11370294646095052970,2593774899457983290,6593262680343066928,1867,259,260,205,8,7,3,3,18446744073709546115,4716,14,0,0,0,0,0,0,0,0,18446744073709551614,18446744073709551614,18446744073706987420,10,5114,0,0,1,3,18446744073709549692,18446744073709551030,18446744073709551030,218,3,1,1,16739620085054120890,0,0,14,7734065894923958873,0,1,1,0
PAWN_AUDIT_RESULT,2694,3,3,204,0,0,204,0,0,0,0,0
PAWN_AUDIT_ENTRY,2695,11370294646095052970,7694320197816047019,2593774899457983290,13139600476186923006,3,259,260,205,8,7,3,4,18446744073709549093,18446744073709547160,14,0,0,0,0,0,0,0,0,18446744073709551614,18446744073709551614,18446744073706987420,10,5115,0,0,1,4,18446744073709551046,18446744073709551030,18446744073709551030,218,3,1,1,16739620085054120890,0,0,14,7734065894923958873,0,1,1,0
PAWN_AUDIT_RESULT,2695,3,3,-262,0,0,-262,0,0,0,0,0
PAWN_AUDIT_ENTRY,2696,7694320197816047019,7812952323737954184,2593774899457983290,16381364456850842577,1828,259,260,205,8,7,3,5,18446744073709549375,18446744073709550278,14,0,0,0,0,0,0,0,0,18446744073709551614,18446744073709551614,18446744073706987420,10,5116,0,0,1,1,18446744073709550814,18446744073709551030,156,218,3,1,1,16739620085054120890,0,0,14,7734065894923958873,0,0,1,0
PAWN_AUDIT_RESULT,2696,3,3,-293,0,0,-293,0,0,0,0,0
PAWN_AUDIT_ENTRY,2698,6429563870786735438,17570976164325589180,2593774899457983290,15642817078570964197,1858,259,260,205,8,7,2,8,18446744073709544492,18446744073709548874,14,0,0,0,0,0,0,0,0,18446744073709551614,18446744073709551614,18446744073706987420,10,5118,0,0,1,3,18446744073709548954,18446744073709551030,18446744073709551030,218,3,1,1,16739620085054120890,0,0,14,7734065894923958873,0,1,1,0
PAWN_AUDIT_RESULT,2698,2,2,-386,0,0,-386,0,0,0,0,0
PAWN_AUDIT_ENTRY,2699,17570976164325589180,8313315811518306606,2593774899457983290,17283212070078365687,324,259,260,205,8,7,2,10,18446744073709549157,18446744073709548814,14,0,0,0,0,0,0,0,0,18446744073709551614,18446744073709551614,18446744073706987420,10,5119,0,0,1,4,879,18446744073709551030,18446744073709548104,218,3,1,1,16739620085054120890,0,0,14,7734065894923958873,0,1,1,0
PAWN_AUDIT_RESULT,2699,2,2,-408,0,0,-408,0,0,0,0,0
PAWN_AUDIT_ENTRY,2728,1908605417304498835,3172163502447294758,2324188436580999086,1648140759157545586,1249,259,260,255,7,6,3,5,18446744073709544862,18446744073709548970,12,0,0,0,0,1,0,0,0,247,253,18446744073705632747,10,5162,0,0,0,5,18446744073709549122,18446744073709551030,18446744073709551030,247,3,1,1,16739620085054120890,7,0,12,5454874931179389369,0,8,1,0
PAWN_AUDIT_RESULT,2728,3,3,244,0,0,244,0,0,0,0,0
PAWN_AUDIT_ENTRY,2729,3172163502447294758,13406286832693111305,2324188436580999086,17034179874609963875,324,259,260,255,7,6,3,6,18446744073709549396,18446744073709548439,12,0,0,0,0,1,0,0,0,247,253,18446744073705632747,10,5163,0,0,0,4,235,18446744073709551312,18446744073709549365,247,3,1,1,16739620085054120890,7,0,12,5454874931179389369,0,8,1,0
PAWN_AUDIT_RESULT,2729,3,3,251,0,0,251,0,0,0,0,0
PAWN_AUDIT_ENTRY,2731,10215614273151618747,11655223297698342549,2324188436580999086,11207899001170676513,321,259,260,255,7,6,2,10,18446744073709544891,18446744073709548106,12,0,0,0,0,1,0,0,0,247,253,18446744073705632747,10,5165,0,0,0,4,18446744073709549259,18446744073709551030,18446744073709550775,247,3,1,1,16739620085054120890,7,0,12,5454874931179389369,0,8,1,0
PAWN_AUDIT_RESULT,2731,2,2,220,0,0,220,0,0,0,0,0
PAWN_AUDIT_ENTRY,2732,11655223297698342549,13356779441488179628,2324188436580999086,9872011950298004689,2,259,260,255,7,6,2,11,18446744073709543150,18446744073709547796,12,0,0,0,0,1,0,0,0,247,253,18446744073705632747,10,5166,0,0,0,4,18446744073709548666,18446744073709551030,18446744073709550366,247,3,1,1,16739620085054120890,7,0,12,5454874931179389369,0,8,1,0
PAWN_AUDIT_RESULT,2732,2,2,218,0,0,218,0,0,0,0,0
PAWN_AUDIT_ENTRY,2737,8669774779571003281,2306215263526974008,12890645221766351602,5191601778719595821,157,259,260,259,11,10,6,3,18446744073709543336,18446744073709551107,12,0,0,0,0,0,0,0,0,18446744073709551590,18446744073709551590,18446744073706956738,10,5176,0,0,1,3,18446744073709548428,18446744073709551030,18446744073709551030,191,5,1,1,16739620085054120890,0,0,12,18036598728040330129,0,1,1,0
PAWN_AUDIT_RESULT,2737,6,6,158,0,0,158,0,0,0,0,0
PAWN_AUDIT_ENTRY,2738,2306215263526974008,10397617215835537044,12890645221766351602,10410192676850826475,139,259,260,259,11,10,5,4,18446744073709536159,5815,12,0,0,0,0,0,0,0,0,18446744073709551590,18446744073709551590,18446744073706956738,10,5177,0,0,1,3,18446744073709545165,18446744073709551030,18446744073709551030,191,5,1,1,16739620085054120890,0,0,12,18036598728040330129,0,1,1,0
PAWN_AUDIT_RESULT,2738,5,5,-230,0,0,-230,0,0,0,0,0
PAWN_AUDIT_ENTRY,2739,10397617215835537044,14896834576730771731,12890645221766351602,16112745289781877072,861,259,260,259,11,10,5,5,18446744073709541829,18446744073709550040,12,0,0,0,0,0,0,0,0,18446744073709551590,18446744073709551590,18446744073706956738,10,5178,0,0,1,1,18446744073709547743,18446744073709551030,18446744073709551030,191,5,1,1,16739620085054120890,0,0,12,18036598728040330129,0,0,1,0
PAWN_AUDIT_RESULT,2739,5,5,178,0,0,178,0,0,0,0,0
PAWN_AUDIT_ENTRY,2740,14896834576730771731,72936558910455186,12890645221766351602,9133432818452362815,324,259,260,259,11,10,6,6,18446744073709548794,18446744073709549250,12,0,0,0,0,0,0,0,0,18446744073709551590,18446744073709551590,18446744073706956738,10,5179,0,0,1,4,714,18446744073709551030,18446744073709548104,191,5,1,1,16739620085054120890,0,0,12,18036598728040330129,0,1,1,0
PAWN_AUDIT_RESULT,2740,6,6,-306,0,0,-306,0,0,0,0,0
PAWN_AUDIT_ENTRY,2741,72936558910455186,11767773270469517127,12890645221766351602,9546144466175184686,1249,259,260,259,11,10,5,7,18446744073709545643,18446744073709548970,12,0,0,0,0,0,0,0,0,18446744073709551590,18446744073709551590,18446744073706956738,10,5180,0,0,1,5,18446744073709549477,18446744073709551030,18446744073709551030,191,5,1,1,16739620085054120890,0,0,12,18036598728040330129,0,1,1,0
PAWN_AUDIT_RESULT,2741,5,5,-157,0,0,-157,0,0,0,0,0
PAWN_AUDIT_ENTRY,2742,11767773270469517127,4976339593411057765,12890645221766351602,14069055124512050953,658,259,260,259,11,10,4,8,18446744073709541369,18446744073709549775,12,0,0,0,0,0,0,0,0,18446744073709551590,18446744073709551590,18446744073706956738,10,5181,0,0,1,1,18446744073709547534,18446744073709551030,18446744073709551030,191,5,1,1,16739620085054120890,0,0,12,18036598728040330129,0,0,1,0
PAWN_AUDIT_RESULT,2742,4,4,-236,0,0,-236,0,0,0,0,0
PAWN_AUDIT_ENTRY,2743,4976339593411057765,4101919284869770647,12890645221766351602,2362908292914468381,593,259,260,259,11,10,4,9,18446744073709538447,18446744073709549983,12,0,0,0,0,0,0,0,0,18446744073709551590,18446744073709551590,18446744073706956738,10,5182,0,0,1,1,18446744073709546205,18446744073709551030,18446744073709551030,191,5,1,1,16739620085054120890,0,0,12,18036598728040330129,0,0,1,0
PAWN_AUDIT_RESULT,2743,4,4,-472,0,0,-472,0,0,0,0,0
PAWN_AUDIT_ENTRY,2744,4101919284869770647,13580515390784282304,12890645221766351602,7957574314000851480,991,259,260,259,11,10,4,10,18446744073709537228,18446744073709550278,12,0,0,0,0,0,0,0,0,18446744073709551590,18446744073709551590,18446744073706956738,10,5183,0,0,1,1,18446744073709545651,18446744073709551030,18446744073709551030,191,5,1,1,16739620085054120890,0,0,12,18036598728040330129,0,0,1,0
PAWN_AUDIT_RESULT,2744,4,4,-299,0,0,-299,0,0,0,0,0
PAWN_AUDIT_ENTRY,2750,2613324420223479823,458082079386941107,5742279750160476821,15715135532588836433,3,259,260,222,6,5,3,7,18446744073709546114,18446744073709547160,12,0,0,0,0,1,0,0,0,239,252,18446744073705706686,10,5193,0,0,0,4,18446744073709549780,18446744073709550853,18446744073709551030,239,1,1,1,16739620085054120890,7,0,12,10648676121797681279,0,8,1,0
PAWN_AUDIT_RESULT,2750,3,3,219,0,0,219,0,0,0,0,0
PAWN_AUDIT_ENTRY,2751,458082079386941107,12376984391456539048,5742279750160476821,9481221033026180696,324,259,260,222,6,5,3,8,18446744073709548486,18446744073709548057,12,0,0,0,0,1,0,0,0,239,252,18446744073705706686,10,5194,0,0,0,4,18446744073709550770,18446744073709551030,18446744073709551030,239,1,1,1,16739620085054120890,7,0,12,10648676121797681279,0,8,1,0
PAWN_AUDIT_RESULT,2751,3,3,241,0,0,241,0,0,0,0,0
PAWN_AUDIT_ENTRY,2752,12376984391456539048,1616905423934881100,5742279750160476821,15575763845664848505,724,259,260,241,6,5,3,9,18446744073709546428,18446744073709548148,12,0,0,0,0,1,0,0,0,239,252,18446744073705706686,10,5195,0,0,0,3,18446744073709550348,18446744073709550002,18446744073709551030,239,1,1,1,16739620085054120890,7,0,12,10648676121797681279,0,8,1,0
PAWN_AUDIT_RESULT,2752,3,3,207,0,0,207,0,0,0,0,0
PAWN_AUDIT_ENTRY,2753,1616905423934881100,5071186532921304403,5742279750160476821,6794530912830897427,4,259,260,241,6,5,3,13,18446744073709545730,18446744073709548374,12,0,0,0,0,1,0,0,0,239,252,18446744073705706686,10,5196,0,0,0,4,18446744073709549517,18446744073709551030,18446744073709551030,239,1,1,1,16739620085054120890,7,0,12,10648676121797681279,0,8,1,0
PAWN_AUDIT_RESULT,2753,3,3,253,0,0,253,0,0,0,0,0
PAWN_AUDIT_ENTRY,2757,11362165062612834480,3850052198399654601,12779834888547718758,9783342616628253626,1249,259,260,259,9,8,5,5,18446744073709543450,18446744073709547834,10,0,0,0,0,1,0,157,0,263,280,18446744073701946448,10,5205,0,0,0,5,18446744073709548480,18446744073709551030,18446744073709551030,263,5,1,1,16739620085054120890,5,0,10,13038777231673929643,0,6,1,0
PAWN_AUDIT_RESULT,2757,5,5,202,0,0,202,0,0,0,0,0
PAWN_AUDIT_ENTRY,2758,3850052198399654601,8055511063817434357,12779834888547718758,9043128370388331179,324,259,260,259,9,8,5,7,18446744073709545025,18446744073709549299,10,0,0,0,0,1,0,157,0,263,280,18446744073701946448,10,5206,0,0,0,4,18446744073709550537,18446744073709551158,18446744073709548136,263,5,1,1,16739620085054120890,5,0,10,13038777231673929643,0,6,1,0
PAWN_AUDIT_RESULT,2758,5,5,254,0,0,254,0,3,3,0,0
PAWN_AUDIT_ENTRY,2760,8860635669845854430,13787052063906676974,12779834888547718758,17952403697214517737,323,259,260,259,9,8,4,8,18446744073709538965,18446744073709547160,10,0,0,0,0,1,0,157,0,263,280,18446744073701946448,10,5210,0,0,0,4,18446744073709545700,18446744073709551030,940,263,5,1,1,16739620085054120890,5,0,10,13038777231673929643,0,6,1,0
PAWN_AUDIT_RESULT,2760,4,4,238,0,0,238,0,6,6,0,0
PAWN_AUDIT_ENTRY,2761,13787052063906676974,12504463817483279809,12779834888547718758,7913148057514196620,991,259,260,259,9,8,4,9,18446744073709536181,18446744073709550278,10,0,0,0,0,1,0,157,0,263,280,18446744073701946448,10,5217,0,0,0,1,18446744073709545410,18446744073709551030,18446744073709550545,263,5,1,1,16739620085054120890,5,0,10,13038777231673929643,0,0,1,0
PAWN_AUDIT_RESULT,2761,4,4,223,0,0,223,0,0,0,0,0
PAWN_AUDIT_ENTRY,2762,12504463817483279809,11777834554697542485,12779834888547718758,1291625129384373356,601,259,260,259,9,8,4,10,18446744073709536446,18446744073709550278,10,0,0,0,0,1,0,157,0,263,280,18446744073701946448,10,5218,0,0,0,1,18446744073709545433,18446744073709551030,18446744073709550746,263,5,1,1,16739620085054120890,5,0,10,13038777231673929643,0,0,1,0
PAWN_AUDIT_RESULT,2762,4,4,213,0,0,213,0,0,0,0,0
PAWN_AUDIT_ENTRY,2763,11777834554697542485,13218636832789451779,12779834888547718758,17047661555068125679,1185,259,260,259,9,8,4,11,18446744073709537851,18446744073709549527,10,0,0,0,0,1,0,157,0,263,280,18446744073701946448,10,5219,0,0,0,2,18446744073709545934,18446744073709551030,18446744073709551030,263,5,1,1,16739620085054120890,5,0,10,13038777231673929643,0,6,1,0
PAWN_AUDIT_RESULT,2763,4,4,230,0,0,230,0,0,0,0,0
PAWN_AUDIT_ENTRY,2764,13218636832789451779,9422332274605036463,12779834888547718758,2555055034601720457,593,259,260,259,9,8,4,12,18446744073709537061,18446744073709549983,10,0,0,0,0,1,0,157,0,263,280,18446744073701946448,10,5220,0,0,0,1,18446744073709545854,18446744073709551030,18446744073709550455,263,5,1,1,16739620085054120890,5,0,10,13038777231673929643,0,0,1,0
PAWN_AUDIT_RESULT,2764,4,4,247,0,0,247,0,14,14,0,0
PAWN_AUDIT_ENTRY,2770,14738346552918463677,14798731173618099556,12779834888547718758,1402680564147188832,536,259,260,259,9,8,4,14,18446744073709536922,18446744073709550013,10,0,0,0,0,1,0,157,0,263,280,18446744073701946448,10,5235,0,0,0,1,18446744073709545702,18446744073709551030,18446744073709550638,263,5,1,1,16739620085054120890,5,0,10,13038777231673929643,0,0,1,0
PAWN_AUDIT_RESULT,2770,4,4,231,0,0,231,0,6,6,0,0
PAWN_AUDIT_ENTRY,2771,14798731173618099556,3425730632035638942,12779834888547718758,1826672726290544814,1155,259,260,259,9,8,4,15,18446744073709539407,18446744073709548874,10,0,0,0,0,1,0,157,0,263,280,18446744073701946448,10,5242,0,0,0,2,18446744073709546873,18446744073709551030,18446744073709550553,263,5,1,1,16739620085054120890,5,0,10,13038777231673929643,0,6,1,0
PAWN_AUDIT_RESULT,2771,4,4,206,0,0,206,0,0,0,0,0
PAWN_AUDIT_ENTRY,2772,3425730632035638942,12864490164228841005,12779834888547718758,7094677952763568774,528,259,260,259,9,8,3,17,18446744073709534589,18446744073709550278,10,0,0,0,0,1,0,157,0,263,280,18446744073701946448,10,5243,0,0,0,1,18446744073709544451,18446744073709551030,18446744073709551030,263,5,1,1,16739620085054120890,5,0,10,13038777231673929643,0,0,1,0
PAWN_AUDIT_RESULT,2772,3,3,231,0,0,231,0,0,0,0,0
PAWN_AUDIT_ENTRY,2773,12864490164228841005,10257918441332474355,12779834888547718758,8191537929053813693,1219,259,260,259,9,8,4,18,18446744073709538958,18446744073709547526,10,0,0,0,0,1,0,157,0,263,280,18446744073701946448,10,5244,0,0,0,5,18446744073709546820,18446744073709551030,18446744073709550242,263,5,1,1,16739620085054120890,5,0,10,13038777231673929643,0,6,1,0
PAWN_AUDIT_RESULT,2773,4,4,199,0,0,199,0,0,0,0,0
PAWN_AUDIT_ENTRY,2774,10257918441332474355,1074646403299222835,12779834888547718758,1291720722534195262,1176,259,260,259,9,8,4,19,18446744073709537560,18446744073709548874,10,0,0,0,0,1,0,157,0,263,280,18446744073701946448,10,5245,0,0,0,2,18446744073709545802,18446744073709551030,18446744073709551030,263,5,1,1,16739620085054120890,5,0,10,13038777231673929643,0,6,1,0
PAWN_AUDIT_RESULT,2774,4,4,169,0,0,169,0,0,0,0,0
PAWN_AUDIT_ENTRY,2775,1074646403299222835,7449270281721839813,12779834888547718758,3295727549630766023,983,259,260,259,9,8,4,22,18446744073709537584,18446744073709549655,10,0,0,0,0,1,0,157,0,263,280,18446744073701946448,10,5246,0,0,0,1,18446744073709546308,18446744073709551030,18446744073709550010,263,5,1,1,16739620085054120890,5,0,10,13038777231673929643,0,0,1,0
PAWN_AUDIT_RESULT,2775,4,4,254,0,0,254,0,7,7,0,0
PAWN_AUDIT_ENTRY,2776,7449270281721839813,14894993131658880460,12779834888547718758,10486245165187867865,1227,259,260,259,9,8,4,23,18446744073709541092,18446744073709547017,10,0,0,0,0,1,0,157,0,263,280,18446744073701946448,10,5254,0,0,0,5,18446744073709547408,18446744073709551030,18446744073709551030,263,5,1,1,16739620085054120890,5,0,10,13038777231673929643,0,6,1,0
PAWN_AUDIT_RESULT,2776,4,4,198,0,0,198,0,0,0,0,0
PAWN_AUDIT_ENTRY,2777,14894993131658880460,11081340622990210688,12779834888547718758,11750873564948496794,1242,259,260,259,9,8,4,26,18446744073709540018,18446744073709547160,10,0,0,0,0,1,0,157,0,263,280,18446744073701946448,10,5255,0,0,0,5,18446744073709547018,18446744073709551030,18446744073709550827,263,5,1,1,16739620085054120890,5,0,10,13038777231673929643,0,6,1,0
PAWN_AUDIT_RESULT,2777,4,4,207,0,0,207,0,0,0,0,0
PAWN_AUDIT_ENTRY,2778,11081340622990210688,12695881254595191095,12779834888547718758,11032882865198724891,1228,259,260,259,9,8,4,27,18446744073709540347,18446744073709546380,10,0,0,0,0,1,0,157,0,263,280,18446744073701946448,10,5256,0,0,0,5,18446744073709547069,18446744073709551030,18446744073709551030,263,5,1,1,16739620085054120890,5,0,10,13038777231673929643,0,6,1,0
PAWN_AUDIT_RESULT,2778,4,4,209,0,0,209,0,0,0,0,0
PAWN_AUDIT_ENTRY,2785,11215832971862736987,2908906106096933414,5480723055607313921,3787097834062400523,733,259,260,240,9,8,4,3,18446744073709542102,333,14,0,0,0,0,0,0,0,0,108,108,18446744073706619236,10,5275,0,0,1,3,18446744073709547867,18446744073709551030,18446744073709551030,191,4,1,1,16739620085054120890,0,0,14,334792389541957474,0,1,1,0
PAWN_AUDIT_RESULT,2785,4,4,-304,0,0,-304,0,0,0,0,0
PAWN_AUDIT_ENTRY,2786,2908906106096933414,11855963160123300458,5480723055607313921,18131231664324564695,722,259,260,240,9,8,4,4,18446744073709548724,18446744073709550432,14,0,0,0,0,0,0,0,0,108,108,18446744073706619236,10,5276,0,0,1,3,18446744073709550878,18446744073709551030,18446744073709551030,191,4,1,1,16739620085054120890,0,0,14,334792389541957474,0,1,1,0
PAWN_AUDIT_RESULT,2786,4,4,-363,0,0,-363,0,0,0,0,0
PAWN_AUDIT_ENTRY,2787,11855963160123300458,16501709075332723656,5480723055607313921,5856060986866803795,736,259,260,240,9,8,4,6,18446744073709547219,18446744073709548874,14,0,0,0,0,0,0,0,0,108,108,18446744073706619236,10,5277,0,0,1,3,18446744073709550194,18446744073709551030,18446744073709551030,191,4,1,1,16739620085054120890,0,0,14,334792389541957474,0,1,1,0
PAWN_AUDIT_RESULT,2787,4,4,-152,0,0,-152,0,0,0,0,0
PAWN_AUDIT_ENTRY,2788,16501709075332723656,7367874213873483352,5480723055607313921,2409510894564287907,861,259,260,240,9,8,3,7,18446744073709544981,18446744073709550040,14,0,0,0,0,0,0,0,0,108,108,18446744073706619236,10,5278,0,0,1,1,18446744073709549176,18446744073709551030,18446744073709551030,191,4,1,1,16739620085054120890,0,0,14,334792389541957474,0,0,1,0
PAWN_AUDIT_RESULT,2788,3,3,-202,0,0,-202,0,0,0,0,0
PAWN_AUDIT_ENTRY,2789,7367874213873483352,15583172319767198546,5480723055607313921,9235701811040701132,324,259,260,240,9,8,3,9,18446744073709545629,18446744073709549765,14,0,0,0,0,0,0,0,0,108,108,18446744073706619236,10,5279,0,0,1,4,18446744073709550891,18446744073709551030,18446744073709548104,191,4,1,1,16739620085054120890,0,0,14,334792389541957474,0,1,1,0
PAWN_AUDIT_RESULT,2789,3,3,-202,0,0,-202,0,0,0,0,0
PAWN_AUDIT_ENTRY,2790,15583172319767198546,14225196472224223169,5480723055607313921,15683993612388678341,3,259,260,240,9,8,3,11,18446744073709545497,18446744073709547160,14,0,0,0,0,0,0,0,0,108,108,18446744073706619236,10,5280,0,0,1,4,18446744073709549411,18446744073709551030,18446744073709551030,191,4,1,1,16739620085054120890,0,0,14,334792389541957474,0,1,1,0
PAWN_AUDIT_RESULT,2790,3,3,-313,0,0,-313,0,0,0,0,0
PAWN_AUDIT_ENTRY,2791,14225196472224223169,10173745447685246836,5480723055607313921,6770273957524119943,4,259,260,240,9,8,2,12,18446744073709544200,18446744073709548466,14,0,0,0,0,0,0,0,0,108,108,18446744073706619236,10,5281,0,0,1,4,18446744073709550241,18446744073709551030,18446744073709548104,191,4,1,1,16739620085054120890,0,0,14,334792389541957474,0,1,1,0
PAWN_AUDIT_RESULT,2791,2,2,-171,0,0,-171,0,0,0,0,0
PAWN_AUDIT_ENTRY,2792,10173745447685246836,6567815388566106802,5480723055607313921,17853440209392542350,321,259,260,240,9,8,2,13,18446744073709544446,18446744073709548106,14,0,0,0,0,0,0,0,0,108,108,18446744073706619236,10,5282,0,0,1,4,18446744073709548933,18446744073709551030,18446744073709551030,191,4,1,1,16739620085054120890,0,0,14,334792389541957474,0,1,1,0
PAWN_AUDIT_RESULT,2792,2,2,-308,0,0,-308,0,0,0,0,0
PAWN_AUDIT_ENTRY,2793,6567815388566106802,847594104092938574,5480723055607313921,4455438838861542394,658,259,260,240,9,8,2,14,18446744073709540021,18446744073709549775,14,0,0,0,0,0,0,0,0,108,108,18446744073706619236,10,5283,0,0,1,1,18446744073709546921,18446744073709551030,18446744073709551030,191,4,1,1,16739620085054120890,0,0,14,334792389541957474,0,0,1,0
PAWN_AUDIT_RESULT,2793,2,2,-303,0,0,-303,0,0,0,0,0
PAWN_AUDIT_ENTRY,2794,847594104092938574,9382341270278356317,5480723055607313921,7967951898511458328,706,259,260,240,9,8,2,15,18446744073709544714,18446744073709547758,14,0,0,0,0,0,0,0,0,108,108,18446744073706619236,10,5284,0,0,1,3,18446744073709549055,18446744073709551030,18446744073709551030,191,4,1,1,16739620085054120890,0,0,14,334792389541957474,0,1,1,0
PAWN_AUDIT_RESULT,2794,2,2,-315,0,0,-315,0,0,0,0,0
PAWN_AUDIT_ENTRY,2797,18139853921793182921,8046949700889755394,2508382888740763959,4027743696009214711,2530,18446744073709551356,18446744073709551357,18446744073709551292,6,5,1,2,18446744073709546560,18446744073709549323,13,0,1,0,0,0,0,0,1,18446744073709551456,18446744073709551456,50981,10,5289,0,0,0,13,18446744073709550194,18446744073709550430,18446744073709551030,32002,18446744073709551614,2,1,2721597573875575764,0,0,13,5742279750160476821,0,1,1,0
PAWN_AUDIT_RESULT,2797,1,1,-260,0,0,-260,0,1,1,0,0
PAWN_AUDIT_ENTRY,2798,8046949700889755394,11465335071044501212,2508382888740763959,17794506087938870132,4031,18446744073709551356,18446744073709551357,18446744073709551356,6,5,1,3,18446744073709537883,18446744073709551266,13,0,1,0,0,0,0,0,0,18446744073709551456,18446744073709551456,50981,10,5291,0,0,0,14,18446744073709545399,18446744073709551179,393,32002,18446744073709551614,2,1,2721597573875575764,0,0,13,5742279750160476821,0,1,1,0
PAWN_AUDIT_RESULT,2798,1,1,-300,0,0,-300,0,0,0,0,0
PAWN_AUDIT_ENTRY,2799,11465335071044501212,11239191814360351683,2508382888740763959,3891810104083007816,2543,18446744073709551356,18446744073709551357,18446744073709551356,6,5,1,4,18446744073709550340,18446744073709550278,13,0,1,0,0,0,0,0,0,18446744073709551456,18446744073709551456,50981,10,5292,0,0,0,13,18446744073709551613,18446744073709551030,18446744073709551030,32002,18446744073709551614,2,1,2721597573875575764,0,0,13,5742279750160476821,0,1,1,0
PAWN_AUDIT_RESULT,2799,1,1,-353,0,0,-353,0,0,0,0,0
PAWN_AUDIT_ENTRY,2800,11239191814360351683,17044183215100882890,2508382888740763959,6781782526923145721,2542,18446744073709551356,18446744073709551357,18446744073709551356,6,5,1,5,18446744073709547219,18446744073709550278,13,0,1,0,0,0,0,0,0,18446744073709551456,18446744073709551456,50981,10,5293,0,0,0,13,18446744073709550194,18446744073709551030,18446744073709551030,32002,18446744073709551614,2,1,2721597573875575764,0,0,13,5742279750160476821,0,1,1,0
PAWN_AUDIT_RESULT,2800,1,1,-358,0,0,-358,0,0,0,0,0
PAWN_AUDIT_ENTRY,2801,17044183215100882890,6991473190971813852,2508382888740763959,3882497889768357490,3735,18446744073709551356,18446744073709551357,18446744073709551356,6,5,1,6,18446744073709546337,18446744073709550278,13,0,1,0,0,0,0,0,0,18446744073709551456,18446744073709551456,50981,10,5294,0,0,0,11,18446744073709549793,18446744073709551030,18446744073709551030,32002,18446744073709551614,2,1,2721597573875575764,0,0,13,5742279750160476821,0,1,1,0
PAWN_AUDIT_RESULT,2801,1,1,-259,1,4,-259,0,3,26,1,1
PAWN_AUDIT_ENTRY,2809,13561392348443924597,2053073743560354806,5742279750160476821,9481221033026180696,324,259,260,259,9,8,5,4,18446744073709542857,18446744073709547433,12,0,0,0,0,1,0,0,0,249,249,18446744073705248414,10,5321,0,0,0,4,18446744073709549615,18446744073709551030,18446744073709548136,253,6,1,1,16739620085054120890,7,0,12,10648676121797681279,0,8,1,0
PAWN_AUDIT_RESULT,2809,5,5,232,0,0,232,0,17,17,0,0
PAWN_AUDIT_ENTRY,2819,3479761870163946208,16024416684639236317,5742279750160476821,6794530912830897427,4,259,260,259,9,8,4,6,18446744073709541709,18446744073709547433,12,0,0,0,0,1,0,0,0,249,249,18446744073705248414,10,5339,0,0,0,4,18446744073709549093,18446744073709551030,18446744073709548136,253,6,1,1,16739620085054120890,7,0,12,10648676121797681279,0,8,1,0
PAWN_AUDIT_RESULT,2819,4,4,208,0,0,208,0,11,11,0,0
PAWN_AUDIT_ENTRY,2826,13857765641301482035,343669661666743855,5742279750160476821,15715135532588836433,3,259,260,259,9,8,4,9,18446744073709544768,18446744073709546395,12,0,0,0,0,1,0,0,0,249,249,18446744073705248414,10,5351,0,0,0,4,18446744073709548427,18446744073709550853,940,253,6,1,1,16739620085054120890,7,0,12,10648676121797681279,0,8,1,0
PAWN_AUDIT_RESULT,2826,4,4,217,0,0,217,0,0,0,0,0
PAWN_AUDIT_ENTRY,2827,343669661666743855,17462239972412465529,5742279750160476821,17616943548550823450,321,259,260,259,9,8,3,10,18446744073709542018,18446744073709546384,12,0,0,0,0,1,0,0,0,249,249,18446744073705248414,10,5352,0,0,0,4,18446744073709548044,18446744073709551030,18446744073709550587,253,6,1,1,16739620085054120890,7,0,12,10648676121797681279,0,8,1,0
PAWN_AUDIT_RESULT,2827,3,3,199,0,0,199,0,0,0,0,0
PAWN_AUDIT_ENTRY,2828,17462239972412465529,8790252668170137458,5742279750160476821,7866671032329002124,706,259,260,259,9,8,3,11,18446744073709542371,18446744073709546870,12,0,0,0,0,1,0,0,0,249,249,18446744073705248414,10,5353,0,0,0,3,18446744073709548141,18446744073709551030,18446744073709550718,253,6,1,1,16739620085054120890,7,0,12,10648676121797681279,0,8,1,0
PAWN_AUDIT_RESULT,2828,3,3,182,0,0,182,0,0,0,0,0
PAWN_AUDIT_ENTRY,2829,8790252668170137458,10184803557015006538,5742279750160476821,5145536670699682376,708,259,260,259,9,8,3,12,18446744073709543098,18446744073709547819,12,0,0,0,0,1,0,0,0,249,249,18446744073705248414,10,5354,0,0,0,3,18446744073709548320,18446744073709551030,18446744073709551030,253,6,1,1,16739620085054120890,7,0,12,10648676121797681279,0,8,1,0
PAWN_AUDIT_RESULT,2829,3,3,195,0,0,195,0,0,0,0,0
PAWN_AUDIT_ENTRY,2830,10184803557015006538,16173473907293646126,5742279750160476821,15575763845664848505,724,259,260,259,9,8,3,13,18446744073709542623,18446744073709547570,12,0,0,0,0,1,0,0,0,249,249,18446744073705248414,10,5355,0,0,0,3,18446744073709548938,18446744073709550002,18446744073709550371,253,6,1,1,16739620085054120890,7,0,12,10648676121797681279,0,8,1,0
PAWN_AUDIT_RESULT,2830,3,3,205,0,0,205,0,0,0,0,0
PAWN_AUDIT_ENTRY,2831,16173473907293646126,10117670094170352994,5742279750160476821,16641344346258180586,2,259,260,259,9,8,3,14,18446744073709542716,18446744073709546900,12,0,0,0,0,1,0,0,0,249,249,18446744073705248414,10,5356,0,0,0,4,18446744073709548354,18446744073709551030,18446744073709550602,253,6,1,1,16739620085054120890,7,0,12,10648676121797681279,0,8,1,0
PAWN_AUDIT_RESULT,2831,3,3,217,0,0,217,0,0,0,0,0
PAWN_AUDIT_ENTRY,2832,10117670094170352994,16631190964698592157,5742279750160476821,8732162305781755721,1249,259,260,259,9,8,3,16,18446744073709541827,18446744073709547834,12,0,0,0,0,1,0,0,0,249,249,18446744073705248414,10,5357,0,0,0,5,18446744073709547742,18446744073709551030,18446744073709551030,253,6,1,1,16739620085054120890,7,0,12,10648676121797681279,0,8,1,0
PAWN_AUDIT_RESULT,2832,3,3,218,0,0,218,0,0,0,0,0
PAWN_AUDIT_ENTRY,2833,16631190964698592157,16131737448514704651,5742279750160476821,10363594605622079740,1243,259,260,259,9,8,3,17,18446744073709541589,18446744073709547922,12,0,0,0,0,1,0,0,0,249,249,18446744073705248414,10,5358,0,0,0,5,18446744073709547634,18446744073709551030,18446744073709551030,253,6,1,1,16739620085054120890,7,0,12,10648676121797681279,0,8,1,0
PAWN_AUDIT_RESULT,2833,3,3,182,0,0,182,0,0,0,0,0
PAWN_AUDIT_ENTRY,2834,16131737448514704651,16916612086207427693,5742279750160476821,15969434532109514362,593,259,260,259,9,8,3,18,18446744073709537002,18446744073709549983,12,0,0,0,0,1,0,0,0,249,249,18446744073705248414,10,5359,0,0,0,1,18446744073709545827,18446744073709551030,18446744073709550455,253,6,1,1,16739620085054120890,7,0,12,10648676121797681279,0,0,1,0
PAWN_AUDIT_RESULT,2834,3,3,232,0,0,232,0,0,0,0,0
PAWN_AUDIT_ENTRY,2835,16916612086207427693,4590019545225546731,5742279750160476821,17121814515699828883,536,259,260,259,9,8,3,19,18446744073709536900,18446744073709550013,12,0,0,0,0,1,0,0,0,249,249,18446744073705248414,10,5360,0,0,0,1,18446744073709545692,18446744073709551030,18446744073709550638,253,6,1,1,16739620085054120890,7,0,12,10648676121797681279,0,0,1,0
PAWN_AUDIT_RESULT,2835,3,3,233,0,0,233,0,0,0,0,0
PAWN_AUDIT_ENTRY,2837,5835496551132983421,18385664736536814901,13879851291834716501,8579146733742403971,722,259,260,259,8,7,5,4,18446744073709545922,18446744073709548997,10,0,0,0,0,1,0,82,0,201,201,18446744073706148848,10,5363,0,0,0,3,18446744073709549604,18446744073709551030,18446744073709551030,259,1,1,1,16739620085054120890,5,0,10,14210882020391381144,0,6,1,0
PAWN_AUDIT_RESULT,2837,5,5,259,0,0,259,0,3,3,0,0
PAWN_AUDIT_ENTRY,2838,18385664736536814901,12431693349403761061,13879851291834716501,17691456901547481651,729,259,260,259,8,7,5,8,18446744073709545262,18446744073709548002,10,0,0,0,0,1,0,82,0,201,201,18446744073706148848,10,5367,0,0,0,3,18446744073709549304,18446744073709551030,18446744073709551030,259,1,1,1,16739620085054120890,5,0,10,14210882020391381144,0,6,1,0
PAWN_AUDIT_RESULT,2838,5,5,183,0,0,183,0,0,0,0,0
PAWN_AUDIT_ENTRY,2844,1281518728068959257,13603869684147350961,2334843430162414297,727399201033373561,349,259,260,194,6,5,3,2,18446744073709550340,18446744073709550278,12,0,0,0,0,0,0,0,0,100,100,18446744073706817754,10,5385,0,0,0,4,18446744073709551613,18446744073709551030,18446744073709551030,272,0,1,1,4744871095308722232,1,0,12,2724419849015771924,0,2,1,0
PAWN_AUDIT_RESULT,2844,3,3,120,0,0,120,0,0,0,0,0
PAWN_AUDIT_ENTRY,2845,13603869684147350961,12910048630803007485,2334843430162414297,15748952094609665286,157,259,260,194,6,5,1,5,18446744073709545049,18446744073709550278,12,0,0,0,0,0,0,0,0,100,100,18446744073706817754,10,5386,0,0,0,3,18446744073709549228,18446744073709550988,18446744073709551030,272,0,1,1,4744871095308722232,1,0,12,2724419849015771924,0,2,1,0
PAWN_AUDIT_RESULT,2845,1,1,185,0,0,185,0,0,0,0,0
PAWN_AUDIT_ENTRY,2846,12910048630803007485,17232015499636727578,2334843430162414297,11534745427455366876,341,259,260,194,6,5,1,6,18446744073709542704,18446744073709550278,12,0,0,0,0,0,0,0,0,100,100,18446744073706817754,10,5387,0,0,0,4,18446744073709548141,18446744073709551030,18446744073709551030,272,0,1,1,4744871095308722232,1,0,12,2724419849015771924,0,2,1,0
PAWN_AUDIT_RESULT,2846,1,1,88,0,0,88,0,0,0,0,0
PAWN_AUDIT_ENTRY,2847,17232015499636727578,3475258362575769094,2334843430162414297,16897166499020221815,397,259,260,194,6,5,1,7,18446744073709542704,18446744073709550278,12,0,0,0,0,0,0,0,0,100,100,18446744073706817754,10,5388,0,0,0,6,18446744073709548141,18446744073709551030,18446744073709551030,272,0,1,1,4744871095308722232,1,0,12,2724419849015771924,0,2,1,0
PAWN_AUDIT_RESULT,2847,1,1,58,0,0,58,0,0,0,0,0
PAWN_AUDIT_ENTRY,2848,3475258362575769094,17047822359395217590,16223672583419040564,14103790652639094061,139,259,260,202,7,6,4,3,18446744073709538774,18446744073709550278,10,0,0,0,0,1,0,0,0,272,287,18446744073704969151,10,5389,0,0,0,3,18446744073709546359,18446744073709551020,18446744073709551030,272,2,1,1,2721597573875575764,1,0,10,10003803787836591395,0,2,1,0
PAWN_AUDIT_ENTRY,2853,7141708168000364514,3653135491376715374,14103790652639094061,8074052390284594974,2089,18446744073709551356,18446744073709551357,18446744073709551316,6,5,1,2,18446744073709540946,18446744073709549694,11,0,1,0,0,1,0,0,1,18446744073709551310,18446744073709551310,18446744073706263285,10,5399,0,0,0,13,18446744073709547948,18446744073709551030,18446744073709549780,18446744073709551355,4,1,1,2721597573875575764,2,0,11,16223672583419040564,0,3,1,0
PAWN_AUDIT_RESULT,2853,1,1,-292,0,0,-292,0,3,3,0,0
PAWN_AUDIT_ENTRY,2854,3653135491376715374,16271497702878540205,14103790652639094061,6995753687833653776,2082,18446744073709551356,18446744073709551357,18446744073709551324,6,5,1,3,18446744073709540549,18446744073709548259,11,0,1,0,0,1,0,0,1,18446744073709551310,18446744073709551310,18446744073706263285,10,5403,0,0,0,13,18446744073709548190,18446744073709550015,18446744073709549955,18446744073709551355,4,1,1,2721597573875575764,2,0,11,16223672583419040564,0,3,1,0
PAWN_AUDIT_RESULT,2854,1,1,-331,0,0,-331,0,1,1,0,0
PAWN_AUDIT_ENTRY,2855,16271497702878540205,1905587796660928003,14103790652639094061,10205586729359342844,2088,18446744073709551356,18446744073709551357,18446744073709551324,6,5,1,4,18446744073709545431,18446744073709550278,11,0,1,0,0,1,0,0,0,18446744073709551310,18446744073709551310,18446744073706263285,10,5405,0,0,0,13,18446744073709549523,18446744073709551030,18446744073709550737,18446744073709551355,4,1,1,2721597573875575764,2,0,11,16223672583419040564,0,3,1,0
PAWN_AUDIT_RESULT,2855,1,1,-275,0,0,-275,0,0,0,0,0
PAWN_AUDIT_RESULT,2848,4,4,261,1,7,261,0,8,18,1,1
PAWN_AUDIT_ENTRY,2859,6767186782488918026,12802022846854157901,10003803787836591395,16392085392056573893,2338,18446744073709551356,18446744073709551357,18446744073709551356,8,7,1,4,18446744073709535239,18446744073709548259,9,0,1,0,0,1,0,2336,1,18446744073709551344,18446744073709551323,4252992,10,5410,0,0,0,13,18446744073709546838,18446744073709548924,18446744073709548890,18446744073709551344,3,2,1,2721597573875575764,0,0,9,16693607392763534977,0,1,1,0
PAWN_AUDIT_RESULT,2859,1,1,-331,0,0,-331,0,1,1,0,0
PAWN_AUDIT_ENTRY,2860,12802022846854157901,17787358537303905008,10003803787836591395,2438705495198004165,2348,18446744073709551356,18446744073709551357,18446744073709551356,8,7,1,6,18446744073709541035,18446744073709549233,9,0,1,0,0,1,0,2336,0,18446744073709551344,18446744073709551323,4252992,10,5412,0,0,0,13,18446744073709547382,18446744073709551030,18446744073709551030,18446744073709551344,3,2,1,2721597573875575764,0,0,9,16693607392763534977,0,1,1,0
PAWN_AUDIT_RESULT,2860,1,1,-327,0,0,-327,0,0,0,0,0
PAWN_AUDIT_ENTRY,2863,8293287739608271093,4743426756949841866,10003803787836591395,7232320314513815465,2931,18446744073709551356,18446744073709551357,18446744073709551356,8,7,1,14,18446744073709544670,18446744073709550278,9,0,1,0,0,1,0,2336,0,18446744073709551344,18446744073709551323,4252992,10,5415,0,0,0,10,18446744073709549035,18446744073709551030,18446744073709551030,18446744073709551344,3,2,1,2721597573875575764,0,0,9,16693607392763534977,0,1,1,0
PAWN_AUDIT_RESULT,2863,1,1,-373,0,0,-373,0,0,0,0,0
PAWN_AUDIT_ENTRY,2864,4743426756949841866,52592538694563678,10003803787836591395,12465966405493958359,3763,18446744073709551356,18446744073709551357,18446744073709551356,8,7,1,15,18446744073709542140,18446744073709550278,9,0,1,0,0,1,0,2336,0,18446744073709551344,18446744073709551323,4252992,10,5416,0,0,0,11,18446744073709547241,18446744073709551030,740,18446744073709551344,3,2,1,2721597573875575764,0,0,9,16693607392763534977,0,1,1,0
PAWN_AUDIT_RESULT,2864,1,1,-370,0,0,-370,0,0,0,0,0
PAWN_AUDIT_ENTRY,2865,52592538694563678,12052390662182858275,10003803787836591395,4014685820243033171,3387,18446744073709551356,18446744073709551357,18446744073709551356,8,7,1,17,18446744073709541985,18446744073709550278,9,0,1,0,0,1,0,2336,0,18446744073709551344,18446744073709551323,4252992,10,5417,0,0,0,11,18446744073709548214,18446744073709551030,18446744073709550206,18446744073709551344,3,2,1,2721597573875575764,0,0,9,16693607392763534977,0,1,1,0
PAWN_AUDIT_RESULT,2865,1,1,-350,0,0,-350,0,0,0,0,0
PAWN_AUDIT_ENTRY,2884,17943384250149107826,15336571097439550243,14175712347495292686,1191033555908799821,4031,18446744073709551344,18446744073709551345,18446744073709551295,8,7,1,2,18446744073709537955,150,13,0,0,0,0,0,0,0,0,18446744073709551188,18446744073709551188,5490072,10,5468,0,0,0,14,18446744073709544775,5181,18446744073709547575,18446744073709551246,3,1,1,4744871095308722232,2,0,13,10944502405184761380,0,3,1,0
PAWN_AUDIT_RESULT,2884,1,1,-427,0,0,-427,0,0,0,0,0
PAWN_AUDIT_ENTRY,2885,15336571097439550243,5580708076300837750,14175712347495292686,10470968737999389982,2940,18446744073709551344,18446744073709551345,18446744073709551295,8,7,1,3,18446744073709542506,18446744073709550278,13,0,0,0,0,0,0,0,0,18446744073709551188,18446744073709551188,5490072,10,5469,0,0,0,10,18446744073709548191,18446744073709551030,18446744073709550741,18446744073709551246,3,1,1,4744871095308722232,2,0,13,10944502405184761380,0,3,1,0
PAWN_AUDIT_RESULT,2885,1,1,-515,0,0,-515,0,0,0,0,0
PAWN_AUDIT_ENTRY,2886,5580708076300837750,2472414290768423402,14175712347495292686,4587713872804668721,3964,18446744073709551344,18446744073709551345,18446744073709551295,8,7,1,4,18446744073709543059,18446744073709550572,13,0,0,0,0,0,0,0,0,18446744073709551188,18446744073709551188,5490072,10,5470,0,0,0,12,18446744073709548907,18446744073709550788,18446744073709550033,18446744073709551246,3,1,1,4744871095308722232,2,0,13,10944502405184761380,0,3,1,0
PAWN_AUDIT_RESULT,2886,1,1,-335,0,0,-335,0,0,0,0,0
PAWN_AUDIT_ENTRY,2889,5060759295414139565,6849092304112163620,14175712347495292686,16388207244255032570,3763,18446744073709551344,18446744073709551345,18446744073709551295,8,7,1,9,18446744073709539413,18446744073709550278,13,0,0,0,0,0,0,0,0,18446744073709551188,18446744073709551188,5490072,10,5473,0,0,0,11,18446744073709546686,18446744073709550258,124,18446744073709551246,3,1,1,4744871095308722232,2,0,13,10944502405184761380,0,3,1,0
PAWN_AUDIT_RESULT,2889,1,1,-373,0,0,-373,0,0,0,0,0
PAWN_AUDIT_ENTRY,2890,6849092304112163620,13434810379997557732,10541444735570401257,2948037132709003012,3242,18446744073709551344,18446744073709551345,18446744073709551301,10,9,5,2,18446744073709539882,18446744073709549201,11,0,0,0,0,0,0,0,0,18446744073709551234,18446744073709551234,1016228,10,5474,0,0,0,9,18446744073709547278,18446744073709550272,18446744073709550945,18446744073709551293,4,1,1,4744871095308722232,0,0,11,6243036968891025353,0,0,1,0
PAWN_AUDIT_RESULT,2890,5,5,-384,0,0,-384,0,0,0,0,0
PAWN_AUDIT_ENTRY,2891,13434810379997557732,10415254390195300992,10541444735570401257,13086924839402044445,3763,18446744073709551344,18446744073709551345,18446744073709551301,10,9,4,4,18446744073709538265,18446744073709549505,11,0,0,0,0,0,0,0,0,18446744073709551234,18446744073709551234,1016228,10,5475,0,0,0,11,18446744073709546441,18446744073709551030,18446744073709550374,18446744073709551293,4,1,1,4744871095308722232,0,0,11,6243036968891025353,0,1,1,0
PAWN_AUDIT_RESULT,2891,4,4,-357,0,0,-357,0,0,0,0,0
PAWN_AUDIT_ENTRY,2892,10415254390195300992,6949724134920948276,10541444735570401257,8989263650825907555,2931,18446744073709551344,18446744073709551345,18446744073709551301,10,9,5,5,18446744073709548737,104,11,0,0,0,0,0,0,0,0,18446744073709551234,18446744073709551234,1016228,10,5476,0,0,0,10,18446744073709550342,18446744073709551434,115,18446744073709551293,4,1,1,4744871095308722232,0,0,11,6243036968891025353,0,1,1,0
PAWN_AUDIT_RESULT,2892,5,5,-312,0,0,-312,0,4,4,0,0
PAWN_AUDIT_ENTRY,2897,11198603940755947512,3071851345711108214,10541444735570401257,11777947349284770489,3901,18446744073709551344,18446744073709551345,18446744073709551304,10,9,2,10,18446744073709541180,18446744073709550278,11,0,0,0,0,0,0,0,0,18446744073709551234,18446744073709551234,1016228,10,5483,0,0,0,14,18446744073709547448,18446744073709551030,18446744073709551030,18446744073709551293,4,1,1,4744871095308722232,0,0,11,6243036968891025353,0,1,1,0
PAWN_AUDIT_RESULT,2897,2,2,-492,0,0,-492,0,0,0,0,0
PAWN_AUDIT_ENTRY,2898,3071851345711108214,4940079481527735947,10541444735570401257,9680313949142562262,4093,18446744073709551344,18446744073709551345,18446744073709551304,10,9,2,11,18446744073709541009,18446744073709550278,11,0,0,0,0,0,0,0,0,18446744073709551234,18446744073709551234,1016228,10,5484,0,0,0,12,18446744073709547370,18446744073709551030,18446744073709551030,18446744073709551293,4,1,1,4744871095308722232,0,0,11,6243036968891025353,0,1,1,0
PAWN_AUDIT_RESULT,2898,2,2,-577,0,0,-577,0,0,0,0,0
PAWN_AUDIT_ENTRY,2899,4940079481527735947,15215260269978863171,10541444735570401257,3398280188650514073,3387,18446744073709551344,18446744073709551345,18446744073709551304,10,9,1,12,18446744073709541222,18446744073709550278,11,0,0,0,0,0,0,0,0,18446744073709551234,18446744073709551234,1016228,10,5485,0,0,0,11,18446744073709547467,18446744073709551030,18446744073709551030,18446744073709551293,4,1,1,4744871095308722232,0,0,11,6243036968891025353,0,1,1,0
PAWN_AUDIT_RESULT,2899,1,1,-380,0,0,-380,0,0,0,0,0
PAWN_AUDIT_ENTRY,2900,15215260269978863171,3135967466846983266,10541444735570401257,12097406306741514073,2526,18446744073709551344,18446744073709551345,18446744073709551304,10,9,2,13,18446744073709542704,18446744073709548874,11,0,0,0,0,0,0,0,0,18446744073709551234,18446744073709551234,1016228,10,5486,0,0,0,13,18446744073709548141,18446744073709551030,18446744073709551030,18446744073709551293,4,1,1,4744871095308722232,0,0,11,6243036968891025353,0,1,1,0
PAWN_AUDIT_RESULT,2900,2,2,-570,0,0,-570,0,0,0,0,0
PAWN_AUDIT_ENTRY,2901,3135967466846983266,14843847726744106630,10541444735570401257,7677816763131724866,3234,18446744073709551344,18446744073709551345,18446744073709551304,10,9,1,14,18446744073709538284,18446744073709550278,11,0,0,0,0,0,0,0,0,18446744073709551234,18446744073709551234,1016228,10,5487,0,0,0,9,18446744073709546131,18446744073709551030,18446744073709551030,18446744073709551293,4,1,1,4744871095308722232,0,0,11,6243036968891025353,0,0,1,0
PAWN_AUDIT_RESULT,2901,1,1,-557,0,0,-557,0,0,0,0,0
PAWN_AUDIT_ENTRY,2902,14843847726744106630,14364934452982561473,10541444735570401257,5830990409671293164,2910,18446744073709551344,18446744073709551345,18446744073709551304,10,9,1,16,18446744073709537422,18446744073709550278,11,0,0,0,0,0,0,0,0,18446744073709551234,18446744073709551234,1016228,10,5488,0,0,0,10,18446744073709545739,18446744073709551030,18446744073709551030,18446744073709551293,4,1,1,4744871095308722232,0,0,11,6243036968891025353,0,1,1,0
PAWN_AUDIT_ENTRY,2904,8598346294634204933,14618108476775622395,5830990409671293164,7382988284411788592,1249,271,272,143,8,7,1,2,18446744073709541347,18446744073709550278,12,0,1,0,0,0,0,0,1,133,133,18446744073708778173,10,5493,0,0,0,5,18446744073709547524,18446744073709551030,18446744073709551030,271,2,1,1,4744871095308722232,1,0,12,10541444735570401257,0,2,1,0
PAWN_AUDIT_RESULT,2904,1,1,227,0,0,227,0,2,2,0,0
PAWN_AUDIT_ENTRY,2905,14618108476775622395,12256087182928425114,5830990409671293164,1646071653414293347,2413,271,272,227,8,7,1,3,18446744073709550340,18446744073709550278,12,0,1,0,0,0,0,0,0,133,133,18446744073708778173,10,5496,0,0,0,1,18446744073709551613,18446744073709551030,18446744073709551030,271,2,1,1,4744871095308722232,1,0,12,10541444735570401257,0,0,1,0
PAWN_AUDIT_RESULT,2905,1,1,-222,0,0,-222,0,0,0,0,0
PAWN_AUDIT_ENTRY,2906,12256087182928425114,2568713375365596677,5830990409671293164,8248198130185670389,139,271,272,227,8,7,1,4,18446744073709544121,18446744073709548450,12,0,1,0,0,0,0,0,0,133,133,18446744073708778173,10,5497,0,0,0,3,18446744073709549230,18446744073709551030,18446744073709550113,271,2,1,1,4744871095308722232,1,0,12,10541444735570401257,0,2,1,0
PAWN_AUDIT_RESULT,2906,1,1,82,0,0,82,0,0,0,0,0
PAWN_AUDIT_ENTRY,2907,2568713375365596677,1084243830389290739,5830990409671293164,11299368375541400609,324,271,272,227,8,7,1,5,18446744073709546502,18446744073709550278,12,0,1,0,0,0,0,0,0,133,133,18446744073708778173,10,5498,0,0,0,4,18446744073709549868,18446744073709551030,18446744073709551030,271,2,1,1,4744871095308722232,1,0,12,10541444735570401257,0,2,1,0
PAWN_AUDIT_RESULT,2907,1,1,38,0,0,38,0,0,0,0,0
PAWN_AUDIT_ENTRY,2908,1084243830389290739,16377579592416931369,5830990409671293164,12250729031364570931,157,271,272,227,8,7,1,6,18446744073709545449,18446744073709550444,12,0,1,0,0,0,0,0,0,133,133,18446744073708778173,10,5499,0,0,0,3,18446744073709549389,18446744073709551030,18446744073709551030,271,2,1,1,4744871095308722232,1,0,12,10541444735570401257,0,2,1,0
PAWN_AUDIT_RESULT,2908,1,1,140,0,0,140,0,0,0,0,0
PAWN_AUDIT_ENTRY,2909,16377579592416931369,2194437355089619356,5830990409671293164,8832945219196011852,349,271,272,227,8,7,1,7,18446744073709547219,18446744073709548874,12,0,1,0,0,0,0,0,0,133,133,18446744073708778173,10,5500,0,0,0,4,18446744073709550194,18446744073709551030,18446744073709551030,271,2,1,1,4744871095308722232,1,0,12,10541444735570401257,0,2,1,0
PAWN_AUDIT_RESULT,2909,1,1,97,0,0,97,0,0,0,0,0
PAWN_AUDIT_ENTRY,2910,2194437355089619356,14139682125508645968,5830990409671293164,11628590187119266741,1251,271,272,227,8,7,1,8,18446744073709547219,18446744073709548874,12,0,1,0,0,0,0,0,0,133,133,18446744073708778173,10,5501,0,0,0,5,18446744073709550194,18446744073709551030,18446744073709551030,271,2,1,1,4744871095308722232,1,0,12,10541444735570401257,0,2,1,0
PAWN_AUDIT_RESULT,2910,1,1,-6,0,0,-6,0,0,0,0,0
PAWN_AUDIT_RESULT,2902,1,1,-271,1,9,-227,0,3,13,1,1
PAWN_AUDIT_ENTRY,2911,14139682125508645968,12458487911151675025,6243036968891025353,8376435368132162000,139,271,272,231,9,8,5,2,18446744073709546308,6494,10,0,1,0,0,1,0,1893,0,312,279,547129,10,5502,0,0,0,3,18446744073709548282,18446744073709550689,2851,312,5,2,1,2721597573875575764,1,0,10,10003803787836591395,0,2,1,0
PAWN_AUDIT_RESULT,2911,5,5,224,0,0,224,0,0,0,0,0
PAWN_AUDIT_ENTRY,2924,13083818593545052069,12465680869989375338,14364867071974545894,16557177145040252927,139,271,272,138,7,6,1,2,18446744073709540252,6494,12,0,1,0,0,0,0,0,0,362,362,2346633,10,5522,0,0,0,3,18446744073709547816,18446744073709551030,18446744073709549402,32002,18446744073709551614,0,1,2721597573875575764,3,0,12,430982988881262307,0,4,1,0
PAWN_AUDIT_RESULT,2924,1,1,121,0,0,121,0,0,0,0,0
PAWN_AUDIT_ENTRY,2926,6676146212566960795,9348855335376197919,14364867071974545894,17421102199394081850,1249,271,272,236,7,6,1,4,18446744073709540473,18446744073709550278,12,0,1,0,0,0,0,0,1,362,362,2346633,10,5524,0,0,0,5,18446744073709547524,18446744073709550235,18446744073709551030,32002,18446744073709551614,0,1,2721597573875575764,3,0,12,430982988881262307,0,4,1,0
PAWN_AUDIT_RESULT,2926,1,1,272,1,6,310,0,8,19,1,1
PAWN_AUDIT_ENTRY,2935,18379322509895339074,2534782209008473912,430982988881262307,1211982600730440995,2530,18446744073709551344,18446744073709551345,18446744073709551311,9,8,5,3,18446744073709544541,18446744073709548259,11,0,0,0,0,1,0,53055,1,18446744073709551330,18446744073709551369,5803194,10,5544,0,0,0,13,18446744073709548547,1336,18446744073709549934,18446744073709551330,5,1,1,2721597573875575764,2,0,11,6243036968891025353,0,3,1,0
PAWN_AUDIT_RESULT,2935,5,5,-291,0,0,-291,0,2,2,0,0
PAWN_AUDIT_ENTRY,2936,2534782209008473912,3566254867975394540,430982988881262307,1357236116500509094,3735,18446744073709551344,18446744073709551345,18446744073709551325,9,8,4,4,18446744073709542761,18446744073709550828,11,0,0,0,0,1,0,53055,0,18446744073709551330,18446744073709551369,5803194,10,5547,0,0,0,11,18446744073709548028,18446744073709551112,18446744073709551231,18446744073709551330,5,1,1,2721597573875575764,2,0,11,6243036968891025353,0,3,1,0
PAWN_AUDIT_RESULT,2936,4,4,-304,0,0,-304,0,0,0,0,0
PAWN_AUDIT_ENTRY,2938,3196382488146693092,4576025014520056463,430982988881262307,13787801850697932302,3242,18446744073709551344,18446744073709551345,18446744073709551325,9,8,3,7,18446744073709537027,18446744073709550875,11,0,0,0,0,1,0,53055,0,18446744073709551330,18446744073709551369,5803194,10,5549,0,0,0,9,18446744073709545954,18446744073709551121,18446744073709550123,18446744073709551330,5,1,1,2721597573875575764,2,0,11,6243036968891025353,0,0,1,0
PAWN_AUDIT_RESULT,2938,3,3,-293,0,0,-293,0,0,0,0,0
PAWN_AUDIT_ENTRY,2939,4576025014520056463,2709750689145471053,430982988881262307,7492652343956535800,3899,18446744073709551344,18446744073709551345,18446744073709551325,9,8,3,10,18446744073709536960,18446744073709550278,11,0,0,0,0,1,0,53055,0,18446744073709551330,18446744073709551369,5803194,10,5550,0,0,0,14,18446744073709545529,18446744073709551030,18446744073709551030,18446744073709551330,5,1,1,2721597573875575764,2,0,11,6243036968891025353,0,3,1,0
PAWN_AUDIT_RESULT,2939,3,3,-501,0,0,-501,0,0,0,0,0
PAWN_AUDIT_ENTRY,2940,2709750689145471053,6205399340433404736,430982988881262307,8730512698107481645,2542,18446744073709551344,18446744073709551345,18446744073709551325,9,8,3,11,18446744073709541715,18446744073709548428,11,0,0,0,0,1,0,53055,0,18446744073709551330,18446744073709551369,5803194,10,5551,0,0,0,13,18446744073709548094,18446744073709550807,18446744073709550430,18446744073709551330,5,1,1,2721597573875575764,2,0,11,6243036968891025353,0,3,1,0
PAWN_AUDIT_RESULT,2940,3,3,-469,0,0,-469,0,0,0,0,0
PAWN_AUDIT_ENTRY,2941,6205399340433404736,3889364953908040292,430982988881262307,13576158538977764535,3389,18446744073709551344,18446744073709551345,18446744073709551325,9,8,3,12,18446744073709538408,18446744073709550278,11,0,0,0,0,1,0,53055,0,18446744073709551330,18446744073709551369,5803194,10,5552,0,0,0,11,18446744073709546596,18446744073709550213,18446744073709551030,18446744073709551330,5,1,1,2721597573875575764,2,0,11,6243036968891025353,0,3,1,0
PAWN_AUDIT_RESULT,2941,3,3,-508,0,0,-508,0,0,0,0,0
PAWN_AUDIT_ENTRY,2942,3889364953908040292,4119476442671903282,430982988881262307,12065473856528342673,2942,18446744073709551344,18446744073709551345,18446744073709551325,9,8,3,13,18446744073709536247,18446744073709550278,11,0,0,0,0,1,0,53055,0,18446744073709551330,18446744073709551369,5803194,10,5553,0,0,0,10,18446744073709545205,18446744073709551030,18446744073709551030,18446744073709551330,5,1,1,2721597573875575764,2,0,11,6243036968891025353,0,3,1,0
PAWN_AUDIT_RESULT,2942,3,3,-508,0,0,-508,0,0,0,0,0
PAWN_AUDIT_ENTRY,2943,4119476442671903282,8383842849295040664,430982988881262307,8602482455002739858,3567,18446744073709551344,18446744073709551345,18446744073709551325,9,8,3,14,18446744073709536153,18446744073709550278,11,0,0,0,0,1,0,53055,0,18446744073709551330,18446744073709551369,5803194,10,5554,0,0,0,9,18446744073709545162,18446744073709551030,18446744073709551030,18446744073709551330,5,1,1,2721597573875575764,2,0,11,6243036968891025353,0,0,1,0
PAWN_AUDIT_RESULT,2943,3,3,-365,0,0,-365,0,0,0,0,0
PAWN_AUDIT_ENTRY,2944,8383842849295040664,18298526524390554392,430982988881262307,9853138366870427040,4094,18446744073709551344,18446744073709551345,18446744073709551325,9,8,3,15,18446744073709536135,18446744073709550278,11,0,0,0,0,1,0,53055,0,18446744073709551330,18446744073709551369,5803194,10,5555,0,0,0,12,18446744073709545154,18446744073709551030,18446744073709551030,18446744073709551330,5,1,1,2721597573875575764,2,0,11,6243036968891025353,0,3,1,0
PAWN_AUDIT_RESULT,2944,3,3,-487,0,0,-487,0,0,0,0,0
PAWN_AUDIT_ENTRY,2945,18298526524390554392,4930885484835192557,430982988881262307,6211045592849919823,3112,18446744073709551344,18446744073709551345,18446744073709551325,9,8,3,16,18446744073709536102,18446744073709550278,11,0,0,0,0,1,0,53055,0,18446744073709551330,18446744073709551369,5803194,10,5556,0,0,0,9,18446744073709545139,18446744073709551030,18446744073709551030,18446744073709551330,5,1,1,2721597573875575764,2,0,11,6243036968891025353,0,0,1,0
PAWN_AUDIT_RESULT,2945,3,3,-346,0,0,-346,0,0,0,0,0
PAWN_AUDIT_ENTRY,2946,4930885484835192557,5860930267054027834,430982988881262307,17137527418520668659,3104,18446744073709551344,18446744073709551345,18446744073709551325,9,8,3,17,18446744073709536056,18446744073709550278,11,0,0,0,0,1,0,53055,0,18446744073709551330,18446744073709551369,5803194,10,5557,0,0,0,9,18446744073709545118,18446744073709551030,18446744073709551030,18446744073709551330,5,1,1,2721597573875575764,2,0,11,6243036968891025353,0,0,1,0
PAWN_AUDIT_RESULT,2946,3,3,-345,0,0,-345,0,0,0,0,0
PAWN_AUDIT_ENTRY,2947,5860930267054027834,8639927451587592033,430982988881262307,14273190166482374156,3502,18446744073709551344,18446744073709551345,18446744073709551325,9,8,3,18,18446744073709535973,18446744073709550278,11,0,0,0,0,1,0,53055,0,18446744073709551330,18446744073709551369,5803194,10,5558,0,0,0,9,18446744073709545080,18446744073709551030,18446744073709551030,18446744073709551330,5,1,1,2721597573875575764,2,0,11,6243036968891025353,0,0,1,0
PAWN_AUDIT_RESULT,2947,3,3,-411,0,0,-411,0,0,0,0,0
PAWN_AUDIT_ENTRY,2948,8639927451587592033,9491481488584259372,430982988881262307,3801662789144703923,3901,18446744073709551344,18446744073709551345,18446744073709551325,9,8,3,19,18446744073709537715,18446744073709550278,11,0,0,0,0,1,0,53055,0,18446744073709551330,18446744073709551369,5803194,10,5559,0,0,0,14,18446744073709546487,18446744073709550383,18446744073709550430,18446744073709551330,5,1,1,2721597573875575764,2,0,11,6243036968891025353,0,3,1,0
PAWN_AUDIT_RESULT,2948,3,3,-428,0,0,-428,0,0,0,0,0
PAWN_AUDIT_ENTRY,2949,9491481488584259372,15876799066190437303,430982988881262307,18247601862189819208,3234,18446744073709551344,18446744073709551345,18446744073709551325,9,8,3,21,18446744073709536720,18446744073709550278,11,0,0,0,0,1,0,53055,0,18446744073709551330,18446744073709551369,5803194,10,5560,0,0,0,9,18446744073709545610,18446744073709551030,18446744073709550638,18446744073709551330,5,1,1,2721597573875575764,2,0,11,6243036968891025353,0,0,1,0
PAWN_AUDIT_RESULT,2949,3,3,-505,0,0,-505,0,0,0,0,0
PAWN_AUDIT_ENTRY,2950,15876799066190437303,10086706035748753580,430982988881262307,7264629216473111517,3756,18446744073709551344,18446744073709551345,18446744073709551325,9,8,3,22,18446744073709538497,18446744073709548874,11,0,0,0,0,1,0,53055,0,18446744073709551330,18446744073709551369,5803194,10,5561,0,0,0,11,18446744073709546228,18446744073709551030,18446744073709551030,18446744073709551330,5,1,1,2721597573875575764,2,0,11,6243036968891025353,0,3,1,0
PAWN_AUDIT_RESULT,2950,3,3,-357,0,0,-357,0,0,0,0,0
PAWN_AUDIT_ENTRY,2951,10086706035748753580,9935871652468188104,430982988881262307,1289989527178548444,4093,18446744073709551344,18446744073709551345,18446744073709551325,9,8,3,23,18446744073709537385,18446744073709550278,11,0,0,0,0,1,0,53055,0,18446744073709551330,18446744073709551369,5803194,10,5562,0,0,0,12,18446744073709546348,18446744073709550302,18446744073709550491,18446744073709551330,5,1,1,2721597573875575764,2,0,11,6243036968891025353,0,3,1,0
PAWN_AUDIT_RESULT,2951,3,3,-519,0,0,-519,0,0,0,0,0
PAWN_AUDIT_ENTRY,2952,9935871652468188104,236656690663705938,430982988881262307,3482138398401023571,2526,18446744073709551344,18446744073709551345,18446744073709551325,9,8,3,26,18446744073709538540,18446744073709548874,11,0,0,0,0,1,0,53055,0,18446744073709551330,18446744073709551369,5803194,10,5563,0,0,0,13,18446744073709546459,18446744073709551030,18446744073709550594,18446744073709551330,5,1,1,2721597573875575764,2,0,11,6243036968891025353,0,3,1,0
PAWN_AUDIT_RESULT,2952,3,3,-456,0,0,-456,0,0,0,0,0
PAWN_AUDIT_ENTRY,2953,236656690663705938,3376824632512754761,430982988881262307,16965573498759679081,2931,18446744073709551344,18446744073709551345,18446744073709551325,9,8,3,28,18446744073709542407,18446744073709547758,11,0,0,0,0,1,0,53055,0,18446744073709551330,18446744073709551369,5803194,10,5564,0,0,0,10,18446744073709549046,18446744073709549821,18446744073709550132,18446744073709551330,5,1,1,2721597573875575764,2,0,11,6243036968891025353,0,3,1,0
PAWN_AUDIT_RESULT,2953,3,3,-404,0,0,-404,0,0,0,0,0
PAWN_AUDIT_ENTRY,2954,3376824632512754761,14608514375534509861,430982988881262307,1240395246818002588,2543,18446744073709551344,18446744073709551345,18446744073709551325,9,8,3,30,18446744073709541382,18446744073709547364,11,0,0,0,0,1,0,53055,0,18446744073709551330,18446744073709551369,5803194,10,5565,0,0,0,13,18446744073709547987,18446744073709550782,18446744073709550364,18446744073709551330,5,1,1,2721597573875575764,2,0,11,6243036968891025353,0,3,1,0
PAWN_AUDIT_RESULT,2954,3,3,-470,0,0,-470,0,0,0,0,0
PAWN_AUDIT_ENTRY,2955,14608514375534509861,11161912124670766736,430982988881262307,13301532475128268691,3387,18446744073709551344,18446744073709551345,18446744073709551325,9,8,3,32,18446744073709537355,18446744073709548874,11,0,0,0,0,1,0,53055,0,18446744073709551330,18446744073709551369,5803194,10,5566,0,0,0,11,18446744073709546458,18446744073709550002,18446744073709550545,18446744073709551330,5,1,1,2721597573875575764,2,0,11,6243036968891025353,0,3,1,0
PAWN_AUDIT_RESULT,2955,3,3,-336,0,0,-336,0,0,0,0,0
PAWN_AUDIT_ENTRY,2974,17048995265529858470,11356505953323071996,15066521739491260181,14283726978124394576,3735,18446744073709551344,18446744073709551345,18446744073709551329,7,6,1,3,18446744073709542081,18446744073709550182,9,0,0,0,0,0,0,0,0,18446744073709551174,18446744073709551174,1434361,10,5602,0,0,0,11,18446744073709547719,18446744073709551112,18446744073709551231,18446744073709551293,1,1,1,16739620085054120890,4,0,9,9389890905499158079,0,5,1,0
PAWN_AUDIT_RESULT,2974,1,1,-372,0,0,-372,0,0,0,0,0
PAWN_AUDIT_ENTRY,2977,15497046748176068283,9578111490519548349,14970384023434056442,18094694045804548101,2349,18446744073709551344,18446744073709551345,18446744073709551291,6,5,2,3,18446744073709550166,18446744073709550278,9,0,0,0,0,0,0,0,0,18446744073709551065,18446744073709551065,2335737,10,5608,0,0,0,13,18446744073709551534,18446744073709551030,18446744073709551030,32002,18446744073709551613,0,0,16739620085054120890,4,0,9,11284311228624217040,0,5,1,0
PAWN_AUDIT_RESULT,2977,2,2,-551,0,0,-551,0,0,0,0,0
PAWN_AUDIT_ENTRY,2978,9578111490519548349,13617328937115234980,14970384023434056442,11832023000878861549,2336,18446744073709551344,18446744073709551345,18446744073709551291,6,5,2,4,18446744073709550272,18446744073709550758,9,0,0,0,0,0,0,0,0,18446744073709551065,18446744073709551065,2335737,10,5609,0,0,0,13,452,18446744073709550058,18446744073709551030,32002,18446744073709551613,0,0,16739620085054120890,4,0,9,11284311228624217040,0,5,1,0
PAWN_AUDIT_RESULT,2978,2,2,-408,0,0,-408,0,0,0,0,0
PAWN_AUDIT_ENTRY,2979,13617328937115234980,324282232649426510,14970384023434056442,963794728586264063,1965,18446744073709551344,18446744073709551345,18446744073709551291,6,5,1,6,18446744073709547219,18446744073709550278,9,0,0,0,0,0,0,0,0,18446744073709551065,18446744073709551065,2335737,10,5610,0,0,0,10,18446744073709550194,18446744073709551030,18446744073709551030,32002,18446744073709551613,0,0,16739620085054120890,4,0,9,11284311228624217040,0,5,1,0
PAWN_AUDIT_RESULT,2979,1,1,-525,0,0,-525,0,0,0,0,0
PAWN_AUDIT_ENTRY,2980,324282232649426510,13883282110971885294,14970384023434056442,6412443089276796853,1967,18446744073709551344,18446744073709551345,18446744073709551291,6,5,1,7,18446744073709547219,18446744073709550278,9,0,0,0,0,0,0,0,0,18446744073709551065,18446744073709551065,2335737,10,5611,0,0,0,10,18446744073709550194,18446744073709551030,18446744073709551030,32002,18446744073709551613,0,0,16739620085054120890,4,0,9,11284311228624217040,0,5,1,0
PAWN_AUDIT_RESULT,2980,1,1,-719,0,0,-719,0,0,0,0,0
PAWN_AUDIT_ENTRY,3015,10917461771265180874,14813423011729767172,6584601905215132115,11207818560725176736,3373,18446744073709551344,18446744073709551345,18446744073709551238,7,6,3,2,18446744073709547028,18446744073709548874,7,0,0,0,0,0,0,0,0,18446744073709551047,18446744073709551047,1743192,10,5660,0,0,0,13,18446744073709550107,18446744073709551030,18446744073709551030,32002,18446744073709551613,0,0,16739620085054120890,2,0,7,592686514590458105,0,3,1,0
PAWN_AUDIT_RESULT,3015,3,3,-398,0,0,-398,0,0,0,0,0
PAWN_AUDIT_ENTRY,3016,14813423011729767172,10330780790792291490,6584601905215132115,11078958760109686486,1965,18446744073709551344,18446744073709551345,18446744073709551238,7,6,2,4,18446744073709544714,18446744073709550278,7,0,0,0,0,0,0,0,0,18446744073709551047,18446744073709551047,1743192,10,5661,0,0,0,10,18446744073709549055,18446744073709551030,18446744073709551030,32002,18446744073709551613,0,0,16739620085054120890,2,0,7,592686514590458105,0,3,1,0
PAWN_AUDIT_RESULT,3016,2,2,-513,0,0,-513,0,0,0,0,0
PAWN_AUDIT_ENTRY,3017,10330780790792291490,17000555034520019536,6584601905215132115,3744466480614056349,3379,18446744073709551344,18446744073709551345,18446744073709551330,7,6,2,7,18446744073709548462,18446744073709548822,7,0,0,0,0,0,0,0,0,18446744073709551047,18446744073709551047,1743192,10,5662,0,0,0,13,18446744073709551273,18446744073709550002,18446744073709551030,32002,18446744073709551613,0,0,16739620085054120890,2,0,7,592686514590458105,0,3,1,0
PAWN_AUDIT_RESULT,3017,2,2,-455,0,0,-455,0,0,0,0,0
PAWN_AUDIT_ENTRY,3094,93533524527294254,198663909356356123,14716229562085461026,2238313769530781949,1971,18446744073709551344,18446744073709551345,18446744073709551338,10,9,3,8,18446744073709544710,18446744073709551082,5,0,0,0,0,1,0,0,0,18446744073709550989,18446744073709550989,183542,10,5801,0,0,1,11,18446744073709549053,18446744073709551030,18446744073709551030,18446744073709551308,6,1,1,16739620085054120890,0,0,5,6391687263745324342,0,1,1,0
PAWN_AUDIT_RESULT,3094,3,3,-1067,0,0,-1067,0,0,0,0,0
PAWN_AUDIT_ENTRY,3134,5060116160660435757,15238467048071847265,10024143472793082555,13572444569490593095,3307,18446744073709551344,18446744073709551345,18446744073709551121,8,7,5,2,18446744073709550390,18446744073709550278,3,0,0,0,0,0,0,0,0,18446744073709551322,18446744073709551322,18446744073707265714,10,5863,0,0,0,9,555,18446744073709549959,18446744073709551030,32002,18446744073709551613,0,0,9942208381202981500,0,0,3,18070552702851981120,0,0,1,0
PAWN_AUDIT_RESULT,3134,5,5,-428,0,0,-428,0,0,0,0,0
PAWN_AUDIT_ENTRY,3138,6375435387005206403,10299331551655346182,10024143472793082555,17004685266070360955,1822,18446744073709551344,18446744073709551345,18446744073709551336,8,7,3,9,18446744073709550340,18446744073709550278,3,0,0,0,0,0,0,0,0,18446744073709551322,18446744073709551322,18446744073707265714,10,5876,0,0,0,13,18446744073709551613,18446744073709551030,18446744073709551030,32002,18446744073709551613,0,0,9942208381202981500,0,0,3,18070552702851981120,0,1,1,0
PAWN_AUDIT_RESULT,3138,3,3,-346,0,0,-346,0,0,0,0,0
PAWN_AUDIT_ENTRY,3139,10299331551655346182,10495653226922724220,10024143472793082555,5782364401438869246,1827,18446744073709551344,18446744073709551345,18446744073709551336,8,7,3,10,18446744073709550340,18446744073709550278,3,0,0,0,0,0,0,0,0,18446744073709551322,18446744073709551322,18446744073707265714,10,5877,0,0,0,13,18446744073709551613,18446744073709551030,18446744073709551030,32002,18446744073709551613,0,0,9942208381202981500,0,0,3,18070552702851981120,0,1,1,0
PAWN_AUDIT_RESULT,3139,3,3,-360,0,0,-360,0,0,0,0,0
PAWN_AUDIT_ENTRY,3140,10495653226922724220,5076694093142016188,10024143472793082555,27062889110568464,1829,18446744073709551344,18446744073709551345,18446744073709551336,8,7,3,11,18446744073709550340,18446744073709550278,3,0,0,0,0,0,0,0,0,18446744073709551322,18446744073709551322,18446744073707265714,10,5878,0,0,0,13,18446744073709551613,18446744073709551030,18446744073709551030,32002,18446744073709551613,0,0,9942208381202981500,0,0,3,18070552702851981120,0,1,1,0
PAWN_AUDIT_RESULT,3140,3,3,-353,0,0,-353,0,0,0,0,0
PAWN_AUDIT_ENTRY,3141,5076694093142016188,6668763305588482807,10024143472793082555,11711274663278170885,1838,18446744073709551344,18446744073709551345,18446744073709551336,8,7,3,12,18446744073709550340,18446744073709550278,3,0,0,0,0,0,0,0,0,18446744073709551322,18446744073709551322,18446744073707265714,10,5879,0,0,0,13,18446744073709551613,18446744073709551030,18446744073709551030,32002,18446744073709551613,0,0,9942208381202981500,0,0,3,18070552702851981120,0,1,1,0
PAWN_AUDIT_RESULT,3141,3,3,-385,0,0,-385,0,0,0,0,0
PAWN_AUDIT_ENTRY,3142,6668763305588482807,15239080541988466253,10024143472793082555,17732041486286676909,1844,18446744073709551344,18446744073709551345,18446744073709551336,8,7,3,13,18446744073709550340,18446744073709550278,3,0,0,0,0,0,0,0,0,18446744073709551322,18446744073709551322,18446744073707265714,10,5880,0,0,0,13,18446744073709551613,18446744073709551030,18446744073709551030,32002,18446744073709551613,0,0,9942208381202981500,0,0,3,18070552702851981120,0,1,1,0
PAWN_AUDIT_RESULT,3142,3,3,-408,0,0,-408,0,0,0,0,0
PAWN_AUDIT_ENTRY,3143,15239080541988466253,8617240441996878737,10024143472793082555,710013897331655691,1836,18446744073709551344,18446744073709551345,18446744073709551336,8,7,2,14,18446744073709550340,18446744073709550278,3,0,0,0,0,0,0,0,0,18446744073709551322,18446744073709551322,18446744073707265714,10,5881,0,0,0,13,18446744073709551613,18446744073709551030,18446744073709551030,32002,18446744073709551613,0,0,9942208381202981500,0,0,3,18070552702851981120,0,1,1,0
PAWN_AUDIT_RESULT,3143,2,2,-470,0,0,-470,0,0,0,0,0
PAWN_AUDIT_ENTRY,3144,8617240441996878737,1610064012169003707,10024143472793082555,5313547859446904254,2910,18446744073709551344,18446744073709551345,18446744073709551336,8,7,2,15,18446744073709547246,18446744073709550278,3,0,0,0,0,0,0,0,0,18446744073709551322,18446744073709551322,18446744073707265714,10,5882,0,0,0,10,18446744073709550206,18446744073709551030,18446744073709551030,32002,18446744073709551613,0,0,9942208381202981500,0,0,3,18070552702851981120,0,1,1,0
PAWN_AUDIT_RESULT,3144,2,2,-535,0,0,-535,0,0,0,0,0
PAWN_AUDIT_ENTRY,3145,1610064012169003707,2281103545492272500,10024143472793082555,9175807169905451956,3947,18446744073709551344,18446744073709551345,18446744073709551336,8,7,2,16,18446744073709542704,18446744073709550278,3,0,0,0,0,0,0,0,0,18446744073709551322,18446744073709551322,18446744073707265714,10,5883,0,0,0,11,18446744073709548141,18446744073709551030,18446744073709551030,32002,18446744073709551613,0,0,9942208381202981500,0,0,3,18070552702851981120,0,1,1,0
PAWN_AUDIT_RESULT,3145,2,2,-462,0,0,-462,0,0,0,0,0
PAWN_AUDIT_ENTRY,3146,2281103545492272500,5987845492877031630,10024143472793082555,2777857125256275027,2915,18446744073709551344,18446744073709551345,18446744073709551336,8,7,1,17,18446744073709542172,18446744073709550278,3,0,0,0,0,0,0,0,0,18446744073709551322,18446744073709551322,18446744073707265714,10,5884,0,0,0,10,18446744073709547899,18446744073709551030,18446744073709551030,32002,18446744073709551613,0,0,9942208381202981500,0,0,3,18070552702851981120,0,1,1,0
PAWN_AUDIT_RESULT,3146,1,1,-592,0,0,-592,0,0,0,0,0
PAWN_AUDIT_ENTRY,3147,5987845492877031630,2380455827066131447,10024143472793082555,3581645505377909812,1747,18446744073709551344,18446744073709551345,18446744073709551336,8,7,1,20,18446744073709541807,18446744073709550278,3,0,0,0,0,0,0,0,0,18446744073709551322,18446744073709551322,18446744073707265714,10,5885,0,0,0,9,18446744073709547733,18446744073709551030,18446744073709551030,32002,18446744073709551613,0,0,9942208381202981500,0,0,3,18070552702851981120,0,0,1,0
PAWN_AUDIT_RESULT,3147,1,1,-420,0,0,-420,0,0,0,0,0
PAWN_AUDIT_ENTRY,3150,8161823761373122108,5755647568054224636,13529995302082563631,15116725767945201105,2715,18446744073709551344,18446744073709551345,18446744073709551168,10,9,5,3,18446744073709547219,18446744073709550278,5,0,0,0,0,0,0,0,0,18446744073709551094,18446744073709551094,2905091,10,5893,0,0,1,10,18446744073709550194,18446744073709551030,18446744073709551030,18446744073709551271,6,1,1,12257511676488398194,0,0,5,2006501615261000476,0,1,1,0
PAWN_AUDIT_RESULT,3150,5,5,-728,0,0,-728,0,0,0,0,0
PAWN_AUDIT_ENTRY,3151,5755647568054224636,11230293530053078738,13529995302082563631,10125173912273584595,3307,18446744073709551344,18446744073709551345,18446744073709551168,10,9,5,4,18446744073709548207,18446744073709550278,5,0,0,0,0,0,0,0,0,18446744073709551094,18446744073709551094,2905091,10,5894,0,0,1,9,18446744073709550643,18446744073709551030,18446744073709551030,18446744073709551271,6,1,1,12257511676488398194,0,0,5,2006501615261000476,0,0,1,0
PAWN_AUDIT_RESULT,3151,5,5,-289,0,0,-289,0,3,3,0,0
PAWN_AUDIT_ENTRY,3153,4627813576620009475,16917070630015757363,13529995302082563631,12605232813565332975,2215,18446744073709551344,18446744073709551345,18446744073709551327,10,9,5,5,18446744073709548081,18446744073709548874,5,0,0,0,0,0,0,0,0,18446744073709551094,18446744073709551094,2905091,10,5898,0,0,1,13,18446744073709550586,18446744073709551030,18446744073709551030,18446744073709551271,6,1,1,12257511676488398194,0,0,5,2006501615261000476,0,1,1,0
PAWN_AUDIT_RESULT,3153,5,5,-508,0,0,-508,0,0,0,0,0
PAWN_AUDIT_ENTRY,3154,16917070630015757363,255186086255172300,13529995302082563631,8747496576352166186,2910,18446744073709551344,18446744073709551345,18446744073709551327,10,9,4,6,18446744073709544736,18446744073709550278,5,0,0,0,0,0,0,0,0,18446744073709551094,18446744073709551094,2905091,10,5899,0,0,1,10,18446744073709549065,18446744073709551030,18446744073709551030,18446744073709551271,6,1,1,12257511676488398194,0,0,5,2006501615261000476,0,1,1,0
PAWN_AUDIT_RESULT,3154,4,4,-487,0,0,-487,0,0,0,0,0
PAWN_AUDIT_ENTRY,3155,255186086255172300,4834216959436594474,13529995302082563631,3621271229391576637,2201,18446744073709551344,18446744073709551345,18446744073709551327,10,9,4,7,18446744073709546005,18446744073709548874,5,0,0,0,0,0,0,0,0,18446744073709551094,18446744073709551094,2905091,10,5900,0,0,1,13,18446744073709549642,18446744073709551030,18446744073709551030,18446744073709551271,6,1,1,12257511676488398194,0,0,5,2006501615261000476,0,1,1,0
PAWN_AUDIT_RESULT,3155,4,4,-577,0,0,-577,0,0,0,0,0
PAWN_AUDIT_ENTRY,3156,4834216959436594474,10898263317509006632,13529995302082563631,2764032511109013061,2228,18446744073709551344,18446744073709551345,18446744073709551327,10,9,4,8,18446744073709545289,18446744073709548874,5,0,0,0,0,0,0,0,0,18446744073709551094,18446744073709551094,2905091,10,5901,0,0,1,13,18446744073709549055,18446744073709551158,18446744073709551436,18446744073709551271,6,1,1,12257511676488398194,0,0,5,2006501615261000476,0,1,1,0
PAWN_AUDIT_RESULT,3156,4,4,-648,0,0,-648,0,0,0,0,0
PAWN_AUDIT_ENTRY,3157,10898263317509006632,1118357015243416821,13529995302082563631,731888373388880109,2217,18446744073709551344,18446744073709551345,18446744073709551327,10,9,4,9,18446744073709544871,18446744073709548874,5,0,0,0,0,0,0,0,0,18446744073709551094,18446744073709551094,2905091,10,5902,0,0,1,13,18446744073709549126,18446744073709551030,18446744073709551030,18446744073709551271,6,1,1,12257511676488398194,0,0,5,2006501615261000476,0,1,1,0
PAWN_AUDIT_RESULT,3157,4,4,-568,0,0,-568,0,0,0,0,0
PAWN_AUDIT_ENTRY,3158,1118357015243416821,17787579149137501786,13529995302082563631,7952972102999038659,2202,18446744073709551344,18446744073709551345,18446744073709551327,10,9,4,10,18446744073709544714,18446744073709548874,5,0,0,0,0,0,0,0,0,18446744073709551094,18446744073709551094,2905091,10,5903,0,0,1,13,18446744073709549055,18446744073709551030,18446744073709551030,18446744073709551271,6,1,1,12257511676488398194,0,0,5,2006501615261000476,0,1,1,0
PAWN_AUDIT_RESULT,3158,4,4,-510,0,0,-510,0,0,0,0,0
PAWN_AUDIT_ENTRY,3159,17787579149137501786,17383526873285174002,13529995302082563631,1831664586854947090,2208,18446744073709551344,18446744073709551345,18446744073709551327,10,9,4,11,18446744073709544714,18446744073709548874,5,0,0,0,0,0,0,0,0,18446744073709551094,18446744073709551094,2905091,10,5904,0,0,1,13,18446744073709549055,18446744073709551030,18446744073709551030,18446744073709551271,6,1,1,12257511676488398194,0,0,5,2006501615261000476,0,1,1,0
PAWN_AUDIT_RESULT,3159,4,4,-481,0,0,-481,0,0,0,0,0
PAWN_AUDIT_ENTRY,3160,17383526873285174002,6246194953165408115,13529995302082563631,10965272648003900087,2219,18446744073709551344,18446744073709551345,18446744073709551327,10,9,3,12,18446744073709544714,18446744073709548874,5,0,0,0,0,0,0,0,0,18446744073709551094,18446744073709551094,2905091,10,5905,0,0,1,13,18446744073709549055,18446744073709551030,18446744073709551030,18446744073709551271,6,1,1,12257511676488398194,0,0,5,2006501615261000476,0,1,1,0
PAWN_AUDIT_RESULT,3160,3,3,-546,0,0,-546,0,0,0,0,0
PAWN_AUDIT_ENTRY,3162,17241583659138717129,16782798854089645514,13529995302082563631,5733045403444999968,3947,18446744073709551344,18446744073709551345,18446744073709551327,10,9,3,16,18446744073709541092,18446744073709550278,5,0,0,0,0,0,0,0,0,18446744073709551094,18446744073709551094,2905091,10,5907,0,0,1,11,18446744073709547408,18446744073709551030,18446744073709551030,18446744073709551271,6,1,1,12257511676488398194,0,0,5,2006501615261000476,0,1,1,0
PAWN_AUDIT_RESULT,3162,3,3,-491,0,0,-491,0,0,0,0,0
PAWN_AUDIT_ENTRY,3164,10900893439907666840,6347175434533509934,1012696329837608536,529345644819613348,2209,18446744073709551344,18446744073709551345,18446744073709550804,8,7,4,2,18446744073709544714,18446744073709550278,5,0,0,0,0,0,0,0,0,18446744073709550879,18446744073709550879,18446744073707511964,10,5912,0,0,1,13,18446744073709549055,18446744073709551030,18446744073709551030,18446744073709551232,4,1,1,17041407702033117155,0,0,5,9146427376383505159,0,1,1,0
PAWN_AUDIT_RESULT,3164,4,4,-573,0,0,-573,0,0,0,0,0
PAWN_AUDIT_ENTRY,3171,11904435903763099344,17267939482369734796,5307853010694864123,7777259881073764456,3299,18446744073709551344,18446744073709551345,18446744073709551329,10,9,7,4,18446744073709545117,18446744073709550278,3,0,0,0,0,1,0,0,0,18446744073709551293,18446744073709551295,18446744073707095761,10,5930,0,0,0,9,18446744073709549195,8,18446744073709550507,18446744073709551293,8,1,1,12383676071972810048,0,0,3,4067558195523107072,0,0,1,0
PAWN_AUDIT_RESULT,3171,7,7,-283,0,0,-283,0,8,8,0,0
PAWN_AUDIT_ENTRY,3172,17267939482369734796,2305897743417656309,5307853010694864123,6666369026740551483,2215,18446744073709551344,18446744073709551345,18446744073709551333,10,9,7,5,18446744073709545407,18446744073709548874,3,0,0,0,0,1,0,0,0,18446744073709551293,18446744073709551295,18446744073707095761,10,5939,0,0,0,13,18446744073709549370,18446744073709551030,18446744073709551030,18446744073709551293,8,1,1,12383676071972810048,0,0,3,4067558195523107072,0,1,1,0
PAWN_AUDIT_RESULT,3172,7,7,-377,0,0,-377,0,0,0,0,0
PAWN_AUDIT_ENTRY,3173,2305897743417656309,4275924776137384824,5307853010694864123,10018295785479410686,2910,18446744073709551344,18446744073709551345,18446744073709551333,10,9,6,6,18446744073709542722,18446744073709550278,3,0,0,0,0,1,0,0,0,18446744073709551293,18446744073709551295,18446744073707095761,10,5940,0,0,0,10,18446744073709548149,18446744073709551030,18446744073709551030,18446744073709551293,8,1,1,12383676071972810048,0,0,3,4067558195523107072,0,1,1,0
PAWN_AUDIT_RESULT,3173,6,6,-370,0,0,-370,0,0,0,0,0
PAWN_AUDIT_ENTRY,3174,4275924776137384824,11273801793728314530,5307853010694864123,4682622993655137287,2209,18446744073709551344,18446744073709551345,18446744073709551333,10,9,6,7,18446744073709542704,18446744073709548874,3,0,0,0,0,1,0,0,0,18446744073709551293,18446744073709551295,18446744073707095761,10,5941,0,0,0,13,18446744073709548141,18446744073709551030,18446744073709551030,18446744073709551293,8,1,1,12383676071972810048,0,0,3,4067558195523107072,0,1,1,0
PAWN_AUDIT_RESULT,3174,6,6,-479,0,0,-479,0,0,0,0,0
PAWN_AUDIT_ENTRY,3175,11273801793728314530,447559517391343871,5307853010694864123,17889788259193887289,2217,18446744073709551344,18446744073709551345,18446744073709551333,10,9,6,8,18446744073709542830,18446744073709549571,3,0,0,0,0,1,0,0,0,18446744073709551293,18446744073709551295,18446744073707095761,10,5942,0,0,0,13,18446744073709548198,18446744073709551030,18446744073709551030,18446744073709551293,8,1,1,12383676071972810048,0,0,3,4067558195523107072,0,1,1,0
PAWN_AUDIT_RESULT,3175,6,6,-375,0,0,-375,0,0,0,0,0
PAWN_AUDIT_ENTRY,3177,1769052535951514712,14858652596084175303,5307853010694864123,11255580444193253399,2202,18446744073709551344,18446744073709551345,18446744073709551333,10,9,6,11,18446744073709542704,18446744073709548874,3,0,0,0,0,1,0,0,0,18446744073709551293,18446744073709551295,18446744073707095761,10,5944,0,0,0,13,18446744073709548141,18446744073709551030,18446744073709551030,18446744073709551293,8,1,1,12383676071972810048,0,0,3,4067558195523107072,0,1,1,0
PAWN_AUDIT_RESULT,3177,6,6,-461,0,0,-461,0,0,0,0,0
PAWN_AUDIT_ENTRY,3178,14858652596084175303,10519299190835822449,5307853010694864123,16935252063993424838,2208,18446744073709551344,18446744073709551345,18446744073709551333,10,9,6,12,18446744073709542704,18446744073709548874,3,0,0,0,0,1,0,0,0,18446744073709551293,18446744073709551295,18446744073707095761,10,5945,0,0,0,13,18446744073709548141,18446744073709551030,18446744073709551030,18446744073709551293,8,1,1,12383676071972810048,0,0,3,4067558195523107072,0,1,1,0
PAWN_AUDIT_RESULT,3178,6,6,-409,0,0,-409,0,0,0,0,0
PAWN_AUDIT_ENTRY,3179,10519299190835822449,4343193966473728636,5307853010694864123,15291598522867592337,2228,18446744073709551344,18446744073709551345,18446744073709551333,10,9,5,13,18446744073709542704,18446744073709548874,3,0,0,0,0,1,0,0,0,18446744073709551293,18446744073709551295,18446744073707095761,10,5946,0,0,0,13,18446744073709548141,18446744073709551030,18446744073709551030,18446744073709551293,8,1,1,12383676071972810048,0,0,3,4067558195523107072,0,1,1,0
PAWN_AUDIT_RESULT,3179,5,5,-513,0,0,-513,0,0,0,0,0
PAWN_AUDIT_ENTRY,3180,4343193966473728636,6773246747456307493,5307853010694864123,7656403428397408355,2219,18446744073709551344,18446744073709551345,18446744073709551333,10,9,5,15,18446744073709542704,18446744073709548874,3,0,0,0,0,1,0,0,0,18446744073709551293,18446744073709551295,18446744073707095761,10,5947,0,0,0,13,18446744073709548141,18446744073709551030,18446744073709551030,18446744073709551293,8,1,1,12383676071972810048,0,0,3,4067558195523107072,0,1,1,0
PAWN_AUDIT_RESULT,3180,5,5,-595,0,0,-595,0,0,0,0,0
PAWN_AUDIT_ENTRY,3183,2330609801786531528,3307614764234831165,8390575346020832237,13013802862159877022,3373,18446744073709551344,18446744073709551345,18446744073709551314,7,6,3,3,18446744073709551166,18446744073709550278,5,0,0,0,0,0,0,0,0,18446744073709551185,18446744073709551185,18446744073706789525,10,5954,0,0,1,13,18446744073709550120,1655,955,18446744073709551210,0,1,1,6764316969746725046,0,0,5,16424331759468121903,0,1,1,0
PAWN_AUDIT_RESULT,3183,3,3,-347,0,0,-347,0,0,0,0,0
PAWN_AUDIT_ENTRY,3184,3307614764234831165,10900759565538546271,8390575346020832237,16140147819906486076,1837,18446744073709551344,18446744073709551345,18446744073709551314,7,6,3,4,18446744073709551172,18446744073709550278,5,0,0,0,0,0,0,0,0,18446744073709551185,18446744073709551185,18446744073706789525,10,5955,0,0,1,10,18446744073709551613,18446744073709551312,18446744073709551519,18446744073709551210,0,1,1,6764316969746725046,0,0,5,16424331759468121903,0,1,1,0
PAWN_AUDIT_RESULT,3184,3,3,-313,0,0,-313,0,0,0,0,0
PAWN_AUDIT_ENTRY,3185,10900759565538546271,943418525818204363,8390575346020832237,6441270302102323632,1826,18446744073709551344,18446744073709551345,18446744073709551314,7,6,2,6,18446744073709550340,18446744073709550278,5,0,0,0,0,0,0,0,0,18446744073709551185,18446744073709551185,18446744073706789525,10,5956,0,0,1,10,18446744073709551613,18446744073709551030,18446744073709551030,18446744073709551210,0,1,1,6764316969746725046,0,0,5,16424331759468121903,0,1,1,0
PAWN_AUDIT_RESULT,3185,2,2,-462,0,0,-462,0,3,3,0,0
PAWN_AUDIT_ENTRY,3186,943418525818204363,2377875965228015475,8390575346020832237,11835154665089645918,1830,18446744073709551344,18446744073709551345,18446744073709551314,7,6,2,7,18446744073709550340,18446744073709550278,5,0,0,0,0,0,0,0,0,18446744073709551185,18446744073709551185,18446744073706789525,10,5960,0,0,1,10,18446744073709551613,18446744073709551030,18446744073709551030,18446744073709551210,0,1,1,6764316969746725046,0,0,5,16424331759468121903,0,1,1,0
PAWN_AUDIT_RESULT,3186,2,2,-367,0,0,-367,0,0,0,0,0
PAWN_AUDIT_ENTRY,3187,2377875965228015475,7592929996906084281,8390575346020832237,617872655143175733,1835,18446744073709551344,18446744073709551345,18446744073709551314,7,6,2,8,18446744073709550340,18446744073709550278,5,0,0,0,0,0,0,0,0,18446744073709551185,18446744073709551185,18446744073706789525,10,5961,0,0,1,10,18446744073709551613,18446744073709551030,18446744073709551030,18446744073709551210,0,1,1,6764316969746725046,0,0,5,16424331759468121903,0,1,1,0
PAWN_AUDIT_RESULT,3187,2,2,-411,0,0,-411,0,0,0,0,0
PAWN_AUDIT_ENTRY,3188,7592929996906084281,9499982740189385566,8390575346020832237,16856599794727355271,3362,18446744073709551344,18446744073709551345,18446744073709551314,7,6,2,9,18446744073709549163,18446744073709550278,5,0,0,0,0,0,0,0,0,18446744073709551185,18446744073709551185,18446744073706789525,10,5962,0,0,1,13,18446744073709551193,18446744073709550828,18446744073709551001,18446744073709551210,0,1,1,6764316969746725046,0,0,5,16424331759468121903,0,1,1,0
PAWN_AUDIT_RESULT,3188,2,2,-337,0,0,-337,0,0,0,0,0
PAWN_AUDIT_ENTRY,3190,6163309038701895181,6887170940389638955,8390575346020832237,7706722166093268179,3371,18446744073709551344,18446744073709551345,18446744073709551314,7,6,1,11,18446744073709542102,18446744073709550278,5,0,0,0,0,0,0,0,0,18446744073709551185,18446744073709551185,18446744073706789525,10,5964,0,0,1,13,18446744073709547867,18446744073709551030,18446744073709551030,18446744073709551210,0,1,1,6764316969746725046,0,0,5,16424331759468121903,0,1,1,0
PAWN_AUDIT_RESULT,3190,1,1,-364,0,0,-364,0,0,0,0,0
PAWN_AUDIT_ENTRY,3195,5332728650321211990,3968842990982303620,12849134254865606080,9590028976464210492,3307,18446744073709551344,18446744073709551345,18446744073709551318,9,8,5,4,18446744073709543922,18446744073709550278,3,0,0,0,0,1,0,2715,0,18446744073709551186,18446744073709551186,164556,10,5970,0,0,1,9,18446744073709551420,18446744073709545579,18446744073709551030,18446744073709551210,1,1,1,6764316969746725046,0,0,3,3189487962746763911,0,0,1,0
PAWN_AUDIT_RESULT,3195,5,5,-497,0,0,-497,0,0,0,0,0
PAWN_AUDIT_ENTRY,3204,2267909849069063948,13267998198591045054,12849134254865606080,3444875897428784554,3362,18446744073709551344,18446744073709551345,18446744073709551344,9,8,3,7,18446744073709546024,18446744073709550777,3,0,0,0,0,1,0,2715,0,18446744073709551186,18446744073709551186,164556,10,5998,0,0,1,13,18446744073709550165,18446744073709550001,18446744073709551030,18446744073709551210,1,1,1,6764316969746725046,0,0,3,3189487962746763911,0,1,1,0
PAWN_AUDIT_RESULT,3204,3,3,-553,0,0,-553,0,0,0,0,0
PAWN_AUDIT_ENTRY,3205,13267998198591045054,17172670066350298826,12849134254865606080,8267013061901673907,3373,18446744073709551344,18446744073709551345,18446744073709551344,9,8,3,8,18446744073709547896,18446744073709550383,3,0,0,0,0,1,0,2715,0,18446744073709551186,18446744073709551186,164556,10,5999,0,0,1,13,18446744073709550213,18446744073709551607,18446744073709551030,18446744073709551210,1,1,1,6764316969746725046,0,0,3,3189487962746763911,0,1,1,0
PAWN_AUDIT_RESULT,3205,3,3,-487,0,0,-487,0,0,0,0,0
PAWN_AUDIT_ENTRY,3206,17172670066350298826,18403180651157672252,12849134254865606080,7070350298812779379,1830,18446744073709551344,18446744073709551345,18446744073709551344,9,8,3,9,18446744073709549155,18446744073709549745,3,0,0,0,0,1,0,2715,0,18446744073709551186,18446744073709551186,164556,10,6000,0,0,1,10,18446744073709551074,18446744073709551030,18446744073709551030,18446744073709551210,1,1,1,6764316969746725046,0,0,3,3189487962746763911,0,1,1,0
PAWN_AUDIT_RESULT,3206,3,3,-534,0,0,-534,0,0,0,0,0
PAWN_AUDIT_ENTRY,3208,12308573813788745478,10999287911075428735,12849134254865606080,14894278850305667096,1835,18446744073709551344,18446744073709551345,18446744073709551344,9,8,2,11,18446744073709547219,18446744073709548874,3,0,0,0,0,1,0,2715,0,18446744073709551186,18446744073709551186,164556,10,6002,0,0,1,10,18446744073709550194,18446744073709551030,18446744073709551030,18446744073709551210,1,1,1,6764316969746725046,0,0,3,3189487962746763911,0,1,1,0
PAWN_AUDIT_RESULT,3208,2,2,-490,0,0,-490,0,0,0,0,0
PAWN_AUDIT_ENTRY,3212,6264218819660490348,6645793273884342377,4575180254118637317,18416715457112829814,3373,18446744073709551344,18446744073709551345,18446744073709551146,7,6,4,2,18446744073709548859,18446744073709550278,5,0,0,0,0,0,0,0,0,18446744073709551201,18446744073709551201,18446744073706789525,10,6010,0,0,1,13,18446744073709549071,1655,955,18446744073709551255,0,1,1,9222765587171915658,0,0,5,12169275219678344135,0,1,1,0
PAWN_AUDIT_RESULT,3212,4,4,-296,0,0,-296,0,0,0,0,0
PAWN_AUDIT_ENTRY,3227,7364918004231843481,15455230798422158054,4575180254118637317,16927708100811450574,1956,18446744073709551344,18446744073709551345,18446744073709551321,7,6,3,4,18446744073709547219,18446744073709550278,5,0,0,0,0,0,0,0,0,18446744073709551201,18446744073709551201,18446744073706789525,10,6037,0,0,1,10,18446744073709550194,18446744073709551030,18446744073709551030,18446744073709551255,0,1,1,9222765587171915658,0,0,5,12169275219678344135,0,1,1,0
PAWN_AUDIT_RESULT,3227,3,3,-328,0,0,-328,0,0,0,0,0
PAWN_AUDIT_ENTRY,3228,15455230798422158054,351773882073533933,4575180254118637317,12124431007120573002,1967,18446744073709551344,18446744073709551345,18446744073709551321,7,6,2,5,18446744073709544714,18446744073709550278,5,0,0,0,0,0,0,0,0,18446744073709551201,18446744073709551201,18446744073706789525,10,6038,0,0,1,10,18446744073709549055,18446744073709551030,18446744073709551030,18446744073709551255,0,1,1,9222765587171915658,0,0,5,12169275219678344135,0,1,1,0
PAWN_AUDIT_RESULT,3228,2,2,-554,0,0,-554,0,0,0,0,0
PAWN_AUDIT_ENTRY,3229,351773882073533933,15576483023621717482,4575180254118637317,18293380839848804352,1965,18446744073709551344,18446744073709551345,18446744073709551321,7,6,2,6,18446744073709543536,18446744073709550278,5,0,0,0,0,0,0,0,0,18446744073709551201,18446744073709551201,18446744073706789525,10,6039,0,0,1,10,18446744073709548141,18446744073709551312,18446744073709551519,18446744073709551255,0,1,1,9222765587171915658,0,0,5,12169275219678344135,0,1,1,0
PAWN_AUDIT_RESULT,3229,2,2,-452,0,0,-452,0,0,0,0,0
PAWN_AUDIT_ENTRY,3230,15576483023621717482,4125770976461607418,4575180254118637317,2449051218077153339,3371,18446744073709551344,18446744073709551345,18446744073709551321,7,6,2,7,18446744073709540945,18446744073709549098,5,0,0,0,0,0,0,0,0,18446744073709551201,18446744073709551201,18446744073706789525,10,6040,0,0,1,13,18446744073709547640,18446744073709550807,18446744073709550644,18446744073709551255,0,1,1,9222765587171915658,0,0,5,12169275219678344135,0,1,1,0
PAWN_AUDIT_RESULT,3230,2,2,-302,0,0,-302,0,0,0,0,0
PAWN_AUDIT_ENTRY,3233,16402463851924076020,17776169260102145817,4575180254118637317,10872838372397055754,3437,18446744073709551344,18446744073709551345,18446744073709551321,7,6,1,11,18446744073709541015,18446744073709550278,5,0,0,0,0,0,0,0,0,18446744073709551201,18446744073709551201,18446744073706789525,10,6043,0,0,1,9,18446744073709547373,18446744073709551030,18446744073709551030,18446744073709551255,0,1,1,9222765587171915658,0,0,5,12169275219678344135,0,0,1,0
PAWN_AUDIT_RESULT,3233,1,1,-351,0,0,-351,0,0,0,0,0
PAWN_AUDIT_ENTRY,3234,17776169260102145817,13420608517229225178,4575180254118637317,11736853234562776943,3362,18446744073709551344,18446744073709551345,18446744073709551321,7,6,2,13,18446744073709544411,18446744073709548686,5,0,0,0,0,0,0,0,0,18446744073709551201,18446744073709551201,18446744073706789525,10,6044,0,0,1,13,18446744073709549032,18446744073709550828,18446744073709551001,18446744073709551255,0,1,1,9222765587171915658,0,0,5,12169275219678344135,0,1,1,0
PAWN_AUDIT_RESULT,3234,2,2,-303,0,0,-303,0,0,0,0,0
PAWN_AUDIT_ENTRY,3235,13420608517229225178,2871346479093684567,4575180254118637317,10057075097142277297,3353,18446744073709551344,18446744073709551345,18446744073709551321,7,6,2,15,18446744073709541735,18446744073709548748,5,0,0,0,0,0,0,0,0,18446744073709551201,18446744073709551201,18446744073706789525,10,6045,0,0,1,13,18446744073709547700,18446744073709551030,18446744073709551030,18446744073709551255,0,1,1,9222765587171915658,0,0,5,12169275219678344135,0,1,1,0
PAWN_AUDIT_RESULT,3235,2,2,-309,0,0,-309,0,0,0,0,0
PAWN_AUDIT_ENTRY,3236,2871346479093684567,10051566400123284366,4575180254118637317,592686514590458105,3307,18446744073709551344,18446744073709551345,18446744073709551321,7,6,2,28,18446744073709546878,18446744073709547558,5,0,0,0,0,0,0,0,0,18446744073709551201,18446744073709551201,18446744073706789525,10,6046,0,0,1,9,18446744073709550039,18446744073709551030,18446744073709551030,18446744073709551255,0,1,1,9222765587171915658,0,0,5,12169275219678344135,0,0,1,0
PAWN_AUDIT_RESULT,3236,2,2,-284,0,0,-284,0,0,0,0,0
PAWN_AUDIT_ENTRY,3238,4032526810046501256,968023348811166520,17968881373292189992,4158323793465334107,3373,18446744073709551344,18446744073709551345,18446744073709551334,9,8,3,3,18446744073709549147,18446744073709551422,3,0,0,0,0,0,0,2715,0,18446744073709550987,18446744073709550987,164556,10,6048,0,0,1,13,18446744073709551082,18446744073709551458,18446744073709550565,18446744073709551255,2,1,1,9222765587171915658,0,0,3,7443420518721521263,0,1,1,0
PAWN_AUDIT_RESULT,3238,3,3,-446,0,0,-446,0,0,0,0,0
PAWN_AUDIT_ENTRY,3239,968023348811166520,2026217040795496506,17968881373292189992,3227753273447931619,1956,18446744073709551344,18446744073709551345,18446744073709551334,9,8,3,4,18446744073709548464,18446744073709550928,3,0,0,0,0,0,0,2715,0,18446744073709550987,18446744073709550987,164556,10,6049,0,0,1,10,18446744073709550760,18446744073709551030,18446744073709551030,18446744073709551255,2,1,1,9222765587171915658,0,0,3,7443420518721521263,0,1,1,0
PAWN_AUDIT_RESULT,3239,3,3,-401,0,0,-401,0,0,0,0,0
PAWN_AUDIT_ENTRY,3240,2026217040795496506,16559243950551913479,17968881373292189992,15787758755901263291,3299,18446744073709551344,18446744073709551345,18446744073709551334,9,8,3,5,18446744073709548255,683,3,0,0,0,0,0,0,2715,0,18446744073709550987,18446744073709550987,164556,10,6050,0,0,1,9,18446744073709548168,4946,18446744073709550476,18446744073709551255,2,1,1,9222765587171915658,0,0,3,7443420518721521263,0,0,1,0
PAWN_AUDIT_RESULT,3240,3,3,-492,0,0,-492,0,0,0,0,0
PAWN_AUDIT_ENTRY,3241,16559243950551913479,10176239584021096613,17968881373292189992,16707443465835793942,3371,18446744073709551344,18446744073709551345,18446744073709551334,9,8,2,7,18446744073709545545,18446744073709551086,3,0,0,0,0,0,0,2715,0,18446744073709550987,18446744073709550987,164556,10,6051,0,0,1,13,18446744073709549639,18446744073709550929,18446744073709550709,18446744073709551255,2,1,1,9222765587171915658,0,0,3,7443420518721521263,0,1,1,0
PAWN_AUDIT_RESULT,3241,2,2,-501,0,0,-501,0,0,0,0,0
PAWN_AUDIT_ENTRY,3242,10176239584021096613,2739409180101831954,17968881373292189992,7260270448350038338,3362,18446744073709551344,18446744073709551345,18446744073709551334,9,8,2,8,18446744073709547249,18446744073709550680,3,0,0,0,0,0,0,2715,0,18446744073709550987,18446744073709550987,164556,10,6052,0,0,1,13,18446744073709550722,18446744073709550001,18446744073709551030,18446744073709551255,2,1,1,9222765587171915658,0,0,3,7443420518721521263,0,1,1,0
PAWN_AUDIT_RESULT,3242,2,2,-400,0,0,-400,0,0,0,0,0
PAWN_AUDIT_ENTRY,3270,10815397338373072428,2911380611780360499,10323979303210386033,1358336236687348251,3362,18446744073709551344,18446744073709551345,18446744073709551260,6,5,2,3,18446744073709547087,18446744073709550278,5,0,0,0,0,0,0,0,0,18446744073709551260,18446744073709551260,18446744073707642545,10,6123,0,0,1,13,18446744073709550249,18446744073709550828,18446744073709551001,18446744073709551342,0,1,1,12507050605079522871,0,0,5,1790630687035645619,0,1,1,0
PAWN_AUDIT_RESULT,3270,2,2,-307,0,0,-307,0,0,0,0,0
PAWN_AUDIT_ENTRY,3271,2911380611780360499,15328377272513998119,10323979303210386033,14110965163360201529,3047,18446744073709551344,18446744073709551345,18446744073709551309,6,5,2,4,18446744073709544714,18446744073709550278,5,0,0,0,0,0,0,0,0,18446744073709551260,18446744073709551260,18446744073707642545,10,6124,0,0,1,9,18446744073709549055,18446744073709551030,18446744073709551030,18446744073709551342,0,1,1,12507050605079522871,0,0,5,1790630687035645619,0,0,1,0
PAWN_AUDIT_RESULT,3271,2,2,-419,0,0,-419,0,0,0,0,0
PAWN_AUDIT_ENTRY,3272,15328377272513998119,14137446081731779527,10323979303210386033,15028338765574917432,2935,18446744073709551344,18446744073709551345,18446744073709551309,6,5,1,5,18446744073709544714,18446744073709550278,5,0,0,0,0,0,0,0,0,18446744073709551260,18446744073709551260,18446744073707642545,10,6125,0,0,1,10,18446744073709549055,18446744073709551030,18446744073709551030,18446744073709551342,0,1,1,12507050605079522871,0,0,5,1790630687035645619,0,1,1,0
PAWN_AUDIT_RESULT,3272,1,1,-438,0,0,-438,0,0,0,0,0
PAWN_AUDIT_ENTRY,3273,14137446081731779527,17747797419268919630,10323979303210386033,8406836257290070387,4087,18446744073709551344,18446744073709551345,18446744073709551309,6,5,1,6,18446744073709544714,18446744073709550278,5,0,0,0,0,0,0,0,0,18446744073709551260,18446744073709551260,18446744073707642545,10,6126,0,0,1,12,18446744073709549055,18446744073709551030,18446744073709551030,18446744073709551342,0,1,1,12507050605079522871,0,0,5,1790630687035645619,0,1,1,0
PAWN_AUDIT_RESULT,3273,1,1,-578,0,0,-578,0,0,0,0,0
PAWN_AUDIT_ENTRY,3274,17747797419268919630,6648419111786722531,10323979303210386033,4299111138410355141,3353,18446744073709551344,18446744073709551345,18446744073709551309,6,5,1,7,18446744073709545396,18446744073709550278,5,0,0,0,0,0,0,0,0,18446744073709551260,18446744073709551260,18446744073707642545,10,6127,0,0,1,13,18446744073709549365,18446744073709551030,18446744073709551030,18446744073709551342,0,1,1,12507050605079522871,0,0,5,1790630687035645619,0,1,1,0
PAWN_AUDIT_RESULT,3274,1,1,-316,0,0,-316,0,0,0,0,0
PAWN_AUDIT_ENTRY,3275,6648419111786722531,8023785124231814773,10323979303210386033,13259106892109335949,3307,18446744073709551344,18446744073709551345,18446744073709551309,6,5,2,8,18446744073709547947,18446744073709550278,5,0,0,0,0,0,0,0,0,18446744073709551260,18446744073709551260,18446744073707642545,10,6128,0,0,1,9,18446744073709550525,18446744073709551030,18446744073709551030,18446744073709551342,0,1,1,12507050605079522871,0,0,5,1790630687035645619,0,0,1,0
PAWN_AUDIT_RESULT,3275,2,2,-342,0,0,-342,0,0,0,0,0
PAWN_AUDIT_ENTRY,3276,8023785124231814773,13280070666592959069,10323979303210386033,10503710799312295247,3371,18446744073709551344,18446744073709551345,18446744073709551309,6,5,1,9,18446744073709541262,18446744073709550278,5,0,0,0,0,0,0,0,0,18446744073709551260,18446744073709551260,18446744073707642545,10,6129,0,0,1,13,18446744073709547784,18446744073709550807,18446744073709550644,18446744073709551342,0,1,1,12507050605079522871,0,0,5,1790630687035645619,0,1,1,0
PAWN_AUDIT_RESULT,3276,1,1,-307,0,0,-307,0,0,0,0,0
PAWN_AUDIT_ENTRY,3277,13280070666592959069,15042933274724981688,5288950197429122140,9088768876127583136,3307,18446744073709551344,18446744073709551345,18446744073709551314,8,7,2,2,18446744073709541953,18446744073709550278,3,0,0,0,0,0,0,2715,0,18446744073709551150,18446744073709551150,18446744073708257794,10,6130,0,0,1,9,18446744073709550525,18446744073709545579,18446744073709551030,18446744073709551342,2,1,1,12507050605079522871,0,0,3,15525101774821681947,0,0,1,0
PAWN_AUDIT_RESULT,3277,2,2,-360,0,0,-360,0,0,0,0,0
PAWN_AUDIT_ENTRY,3278,15042933274724981688,2732827067070273249,5288950197429122140,15346512472448427062,3362,18446744073709551344,18446744073709551345,18446744073709551314,8,7,2,3,18446744073709547476,18446744073709550943,3,0,0,0,0,0,0,2715,0,18446744073709551150,18446744073709551150,18446744073708257794,10,6131,0,0,1,13,18446744073709550825,18446744073709550001,18446744073709551030,18446744073709551342,2,1,1,12507050605079522871,0,0,3,15525101774821681947,0,1,1,0
PAWN_AUDIT_RESULT,3278,2,2,-401,0,0,-401,0,0,0,0,0
PAWN_AUDIT_ENTRY,3279,2732827067070273249,6970939933966732803,5288950197429122140,2135875237324680476,3364,18446744073709551344,18446744073709551345,18446744073709551314,8,7,2,4,18446744073709545772,18446744073709550278,3,0,0,0,0,0,0,2715,0,18446744073709551150,18446744073709551150,18446744073708257794,10,6132,0,0,1,13,18446744073709550147,18446744073709549808,18446744073709551030,18446744073709551342,2,1,1,12507050605079522871,0,0,3,15525101774821681947,0,1,1,0
PAWN_AUDIT_RESULT,3279,2,2,-387,0,0,-387,0,0,0,0,0
PAWN_AUDIT_ENTRY,3280,6970939933966732803,128123069984613503,5288950197429122140,18269281359303700456,3353,18446744073709551344,18446744073709551345,18446744073709551314,8,7,1,6,18446744073709543308,18446744073709550550,3,0,0,0,0,0,0,2715,0,18446744073709551150,18446744073709551150,18446744073708257794,10,6133,0,0,1,13,18446744073709549625,18446744073709548611,18446744073709551030,18446744073709551342,2,1,1,12507050605079522871,0,0,3,15525101774821681947,0,1,1,0
PAWN_AUDIT_RESULT,3280,1,1,-407,0,0,-407,0,0,0,0,0
PAWN_AUDIT_ENTRY,3281,128123069984613503,2722062949420930920,5288950197429122140,6333372822116115298,3371,18446744073709551344,18446744073709551345,18446744073709551314,8,7,1,7,18446744073709543440,18446744073709550943,3,0,0,0,0,0,0,2715,0,18446744073709551150,18446744073709551150,18446744073708257794,10,6134,0,0,1,13,18446744073709548526,18446744073709550929,18446744073709551030,18446744073709551342,2,1,1,12507050605079522871,0,0,3,15525101774821681947,0,1,1,0
PAWN_AUDIT_RESULT,3281,1,1,-481,0,0,-481,0,0,0,0,0
PAWN_AUDIT_ENTRY,3282,2722062949420930920,4064732125143093424,5288950197429122140,429034217655409940,3047,18446744073709551344,18446744073709551345,18446744073709551314,8,7,1,8,18446744073709542704,18446744073709550278,3,0,0,0,0,0,0,2715,0,18446744073709551150,18446744073709551150,18446744073708257794,10,6135,0,0,1,9,18446744073709548141,18446744073709551030,18446744073709551030,18446744073709551342,2,1,1,12507050605079522871,0,0,3,15525101774821681947,0,0,1,0
PAWN_AUDIT_RESULT,3282,1,1,-471,0,0,-471,0,0,0,0,0
PAWN_AUDIT_ENTRY,3288,14472127231159776752,17669519449576836086,8746083249142555183,8265809125366603525,3938,18446744073709551344,18446744073709551345,18446744073709551096,6,5,2,3,18446744073709548007,18446744073709550278,5,0,0,0,0,0,0,0,0,18446744073709551008,18446744073709551008,2956715,10,6148,0,0,1,11,18446744073709550552,18446744073709551030,18446744073709551030,18446744073709551167,2,1,1,12257511676488398194,0,0,5,15671649276236533532,0,1,1,0
PAWN_AUDIT_RESULT,3288,2,2,-462,0,0,-462,0,0,0,0,0
PAWN_AUDIT_ENTRY,3289,17669519449576836086,2425268229275620992,8746083249142555183,10965272648003900087,2859,18446744073709551344,18446744073709551345,18446744073709551154,6,5,2,4,18446744073709550340,18446744073709548874,5,0,0,0,0,0,0,0,0,18446744073709551008,18446744073709551008,2956715,10,6149,0,0,1,13,18446744073709551613,18446744073709551030,18446744073709551030,18446744073709551167,2,1,1,12257511676488398194,0,0,5,15671649276236533532,0,1,1,0
PAWN_AUDIT_RESULT,3289,2,2,-546,0,0,-546,0,0,0,0,0
PAWN_AUDIT_ENTRY,3290,2425268229275620992,2325815332205163042,8746083249142555183,4302004185611808403,2846,18446744073709551344,18446744073709551345,18446744073709551154,6,5,1,5,18446744073709547219,18446744073709550278,5,0,0,0,0,0,0,0,0,18446744073709551008,18446744073709551008,2956715,10,6150,0,0,1,13,18446744073709550194,18446744073709551030,18446744073709551030,18446744073709551167,2,1,1,12257511676488398194,0,0,5,15671649276236533532,0,1,1,0
PAWN_AUDIT_RESULT,3290,1,1,-598,0,0,-598,0,0,0,0,0
PAWN_AUDIT_ENTRY,3292,2749746731862912861,12814708844022769773,10019716811408494843,13567872708121206535,3307,18446744073709551344,18446744073709551345,18446744073709551298,8,7,3,3,18446744073709545718,18446744073709550278,3,0,0,0,0,0,0,0,0,18446744073709551208,18446744073709551208,18446744073707173668,10,6152,0,0,0,9,18446744073709550563,18446744073709548927,18446744073709551030,18446744073709551313,4,1,1,12383676071972810048,0,0,3,18074838432992269568,0,0,1,0
PAWN_AUDIT_RESULT,3292,3,3,-374,0,0,-374,0,0,0,0,0
PAWN_AUDIT_ENTRY,3293,12814708844022769773,17871121461976726029,10019716811408494843,9285145489769573841,3938,18446744073709551344,18446744073709551345,18446744073709551298,8,7,3,4,18446744073709545348,18446744073709550595,3,0,0,0,0,0,0,0,0,18446744073709551208,18446744073709551208,18446744073707173668,10,6153,0,0,0,11,18446744073709549343,18446744073709551030,18446744073709551030,18446744073709551313,4,1,1,12383676071972810048,0,0,3,18074838432992269568,0,1,1,0
PAWN_AUDIT_RESULT,3293,3,3,-352,0,0,-352,0,0,0,0,0
PAWN_AUDIT_ENTRY,3294,17871121461976726029,16673052092375398065,10019716811408494843,15291598522867592337,2868,18446744073709551344,18446744073709551345,18446744073709551298,8,7,3,5,18446744073709547219,18446744073709548874,3,0,0,0,0,0,0,0,0,18446744073709551208,18446744073709551208,18446744073707173668,10,6154,0,0,0,13,18446744073709550194,18446744073709551030,18446744073709551030,18446744073709551313,4,1,1,12383676071972810048,0,0,3,18074838432992269568,0,1,1,0
PAWN_AUDIT_RESULT,3294,3,3,-508,0,0,-508,0,0,0,0,0
PAWN_AUDIT_ENTRY,3295,16673052092375398065,4708815947104612298,10019716811408494843,7656403428397408355,2859,18446744073709551344,18446744073709551345,18446744073709551298,8,7,3,6,18446744073709547219,18446744073709548874,3,0,0,0,0,0,0,0,0,18446744073709551208,18446744073709551208,18446744073707173668,10,6155,0,0,0,13,18446744073709550194,18446744073709551030,18446744073709551030,18446744073709551313,4,1,1,12383676071972810048,0,0,3,18074838432992269568,0,1,1,0
PAWN_AUDIT_RESULT,3295,3,3,-592,0,0,-592,0,0,0,0,0
PAWN_AUDIT_ENTRY,3296,4708815947104612298,12482479206257245570,10019716811408494843,3647409536821904047,3956,18446744073709551344,18446744073709551345,18446744073709551298,8,7,2,7,18446744073709542092,18446744073709550429,3,0,0,0,0,0,0,0,0,18446744073709551208,18446744073709551208,18446744073707173668,10,6156,0,0,0,11,18446744073709546835,1469,18446744073709551030,18446744073709551313,4,1,1,12383676071972810048,0,0,3,18074838432992269568,0,1,1,0
PAWN_AUDIT_RESULT,3296,2,2,-421,0,0,-421,0,0,0,0,0
PAWN_AUDIT_ENTRY,3297,12482479206257245570,11039711424509449233,10019716811408494843,11255580444193253399,2842,18446744073709551344,18446744073709551345,18446744073709551298,8,7,2,8,18446744073709544714,18446744073709548874,3,0,0,0,0,0,0,0,0,18446744073709551208,18446744073709551208,18446744073707173668,10,6157,0,0,0,13,18446744073709549055,18446744073709551030,18446744073709551030,18446744073709551313,4,1,1,12383676071972810048,0,0,3,18074838432992269568,0,1,1,0
PAWN_AUDIT_RESULT,3297,2,2,-458,0,0,-458,0,0,0,0,0
PAWN_AUDIT_ENTRY,3298,11039711424509449233,17081298304381399267,10019716811408494843,14546258708020796487,2846,18446744073709551344,18446744073709551345,18446744073709551298,8,7,2,9,18446744073709544714,18446744073709548874,3,0,0,0,0,0,0,0,0,18446744073709551208,18446744073709551208,18446744073707173668,10,6158,0,0,0,13,18446744073709549055,18446744073709551030,18446744073709551030,18446744073709551313,4,1,1,12383676071972810048,0,0,3,18074838432992269568,0,1,1,0
PAWN_AUDIT_RESULT,3298,2,2,-481,0,0,-481,0,0,0,0,0
PAWN_AUDIT_ENTRY,3304,10118143980067644642,11445325084068765179,10571204362430858737,3109571336040044453,3956,18446744073709551344,18446744073709551345,18446744073709551081,7,6,4,2,18446744073709550990,18446744073709547758,5,0,0,0,0,0,0,0,0,18446744073709551036,18446744073709551036,2905091,10,6174,0,0,1,11,18446744073709546360,3767,6362,18446744073709551177,2,1,1,12257511676488398194,0,0,5,3650382760225581250,0,1,1,0
PAWN_AUDIT_RESULT,3304,4,4,-455,0,0,-455,0,0,0,0,0
PAWN_AUDIT_ENTRY,3305,11445325084068765179,7079156726299049126,10571204362430858737,2764032511109013061,1652,18446744073709551344,18446744073709551345,18446744073709551161,7,6,3,3,18446744073709550914,18446744073709548874,5,0,0,0,0,0,0,0,0,18446744073709551036,18446744073709551036,2905091,10,6175,0,0,1,13,18446744073709551613,18446744073709551158,18446744073709551436,18446744073709551177,2,1,1,12257511676488398194,0,0,5,3650382760225581250,0,1,1,0
PAWN_AUDIT_RESULT,3305,3,3,-646,0,0,-646,0,0,0,0,0
PAWN_AUDIT_ENTRY,3306,7079156726299049126,568751192876420997,10571204362430858737,1959368951342274019,1634,18446744073709551344,18446744073709551345,18446744073709551161,7,6,2,4,18446744073709547219,18446744073709550278,5,0,0,0,0,0,0,0,0,18446744073709551036,18446744073709551036,2905091,10,6176,0,0,1,13,18446744073709550194,18446744073709551030,18446744073709551030,18446744073709551177,2,1,1,12257511676488398194,0,0,5,3650382760225581250,0,1,1,0
PAWN_AUDIT_RESULT,3306,2,2,-573,0,0,-573,0,0,0,0,0
PAWN_AUDIT_ENTRY,3307,568751192876420997,3690697222696975635,10571204362430858737,731888373388880109,1641,18446744073709551344,18446744073709551345,18446744073709551161,7,6,2,5,18446744073709548768,18446744073709548874,5,0,0,0,0,0,0,0,0,18446744073709551036,18446744073709551036,2905091,10,6177,0,0,1,13,18446744073709550898,18446744073709551030,18446744073709551030,18446744073709551177,2,1,1,12257511676488398194,0,0,5,3650382760225581250,0,1,1,0
PAWN_AUDIT_RESULT,3307,2,2,-568,0,0,-568,0,0,0,0,0
PAWN_AUDIT_ENTRY,3308,3690697222696975635,12472798589593686941,6978623811371530021,17889788259193887289,1641,18446744073709551344,18446744073709551345,18446744073709551322,9,8,4,3,18446744073709545957,18446744073709549571,3,0,0,0,0,0,0,0,0,18446744073709551193,18446744073709551194,18446744073707095761,10,6178,0,0,0,13,18446744073709549620,18446744073709551030,18446744073709551030,18446744073709551193,4,1,1,12383676071972810048,0,0,3,1225713512097493726,0,1,1,0
PAWN_AUDIT_RESULT,3308,4,4,-372,0,0,-372,0,0,0,0,0
PAWN_AUDIT_ENTRY,3309,12472798589593686941,2174623861659067179,6978623811371530021,11255580444193253399,1626,18446744073709551344,18446744073709551345,18446744073709551322,9,8,4,4,18446744073709547219,18446744073709548874,3,0,0,0,0,0,0,0,0,18446744073709551193,18446744073709551194,18446744073707095761,10,6179,0,0,0,13,18446744073709550194,18446744073709551030,18446744073709551030,18446744073709551193,4,1,1,12383676071972810048,0,0,3,1225713512097493726,0,1,1,0
PAWN_AUDIT_RESULT,3309,4,4,-458,0,0,-458,0,0,0,0,0
PAWN_AUDIT_ENTRY,3310,2174623861659067179,9152444769699415792,6978623811371530021,16935252063993424838,1632,18446744073709551344,18446744073709551345,18446744073709551322,9,8,4,5,18446744073709547219,18446744073709548874,3,0,0,0,0,0,0,0,0,18446744073709551193,18446744073709551194,18446744073707095761,10,6180,0,0,0,13,18446744073709550194,18446744073709551030,18446744073709551030,18446744073709551193,4,1,1,12383676071972810048,0,0,3,1225713512097493726,0,1,1,0
PAWN_AUDIT_RESULT,3310,4,4,-406,0,0,-406,0,0,0,0,0
PAWN_AUDIT_ENTRY,3311,9152444769699415792,15724957877734536004,6978623811371530021,4682622993655137287,1633,18446744073709551344,18446744073709551345,18446744073709551322,9,8,3,6,18446744073709547219,18446744073709548874,3,0,0,0,0,0,0,0,0,18446744073709551193,18446744073709551194,18446744073707095761,10,6181,0,0,0,13,18446744073709550194,18446744073709551030,18446744073709551030,18446744073709551193,4,1,1,12383676071972810048,0,0,3,1225713512097493726,0,1,1,0
PAWN_AUDIT_RESULT,3311,3,3,-476,0,0,-476,0,0,0,0,0
PAWN_AUDIT_ENTRY,3312,15724957877734536004,7930963638001727165,6978623811371530021,15291598522867592337,1652,18446744073709551344,18446744073709551345,18446744073709551322,9,8,3,7,18446744073709547219,18446744073709548874,3,0,0,0,0,0,0,0,0,18446744073709551193,18446744073709551194,18446744073707095761,10,6182,0,0,0,13,18446744073709550194,18446744073709551030,18446744073709551030,18446744073709551193,4,1,1,12383676071972810048,0,0,3,1225713512097493726,0,1,1,0
PAWN_AUDIT_RESULT,3312,3,3,-508,0,0,-508,0,0,0,0,0
PAWN_AUDIT_ENTRY,3313,7930963638001727165,1850256938009360051,6978623811371530021,7656403428397408355,1643,18446744073709551344,18446744073709551345,18446744073709551322,9,8,3,8,18446744073709547219,18446744073709548874,3,0,0,0,0,0,0,0,0,18446744073709551193,18446744073709551194,18446744073707095761,10,6183,0,0,0,13,18446744073709550194,18446744073709551030,18446744073709551030,18446744073709551193,4,1,1,12383676071972810048,0,0,3,1225713512097493726,0,1,1,0
PAWN_AUDIT_RESULT,3313,3,3,-592,0,0,-592,0,0,0,0,0
PAWN_AUDIT_ENTRY,3314,1850256938009360051,17362796384588478420,6978623811371530021,16815430094356883255,1634,18446744073709551344,18446744073709551345,18446744073709551322,9,8,3,9,18446744073709544714,18446744073709548874,3,0,0,0,0,0,0,0,0,18446744073709551193,18446744073709551194,18446744073707095761,10,6184,0,0,0,13,18446744073709549055,18446744073709551030,18446744073709551030,18446744073709551193,4,1,1,12383676071972810048,0,0,3,1225713512097493726,0,1,1,0
PAWN_AUDIT_RESULT,3314,3,3,-430,0,0,-430,0,0,0,0,0
PAWN_AUDIT_ENTRY,3315,17362796384588478420,12183971665914910950,6978623811371530021,6313737079598266585,3307,18446744073709551344,18446744073709551345,18446744073709551322,9,8,3,10,18446744073709543776,18446744073709550278,3,0,0,0,0,0,0,0,0,18446744073709551193,18446744073709551194,18446744073707095761,10,6185,0,0,0,9,18446744073709549680,18446744073709548927,18446744073709551030,18446744073709551193,4,1,1,12383676071972810048,0,0,3,1225713512097493726,0,0,1,0
PAWN_AUDIT_RESULT,3315,3,3,-400,0,0,-400,0,0,0,0,0
PAWN_AUDIT_ENTRY,3316,12183971665914910950,16659159701039572662,6978623811371530021,7714477713325263375,3938,18446744073709551344,18446744073709551345,18446744073709551322,9,8,2,13,18446744073709544851,18446744073709550595,3,0,0,0,0,0,0,0,0,18446744073709551193,18446744073709551194,18446744073707095761,10,6186,0,0,0,11,18446744073709549117,18446744073709551030,18446744073709551030,18446744073709551193,4,1,1,12383676071972810048,0,0,3,1225713512097493726,0,1,1,0
PAWN_AUDIT_RESULT,3316,2,2,-503,0,0,-503,0,0,0,0,0
PAWN_AUDIT_ENTRY,3318,10924892140150439646,209963591975602858,1580963779063185168,9734353283864854503,3624,18446744073709551344,18446744073709551345,18446744073709551247,6,5,2,3,18446744073709547219,18446744073709550278,5,0,0,0,0,0,0,0,0,18446744073709551253,18446744073709551253,18446744073707695111,10,6192,0,0,1,12,18446744073709550194,18446744073709551030,18446744073709551030,18446744073709551342,0,1,1,3974261842894623574,0,0,5,9398743364383974354,0,1,1,0
PAWN_AUDIT_RESULT,3318,2,2,-384,0,0,-384,0,0,0,0,0
PAWN_AUDIT_ENTRY,3319,209963591975602858,1042326164432417672,1580963779063185168,9831170829873622906,3362,18446744073709551344,18446744073709551345,18446744073709551247,6,5,1,5,18446744073709545941,18446744073709550278,5,0,0,0,0,0,0,0,0,18446744073709551253,18446744073709551253,18446744073707695111,10,6193,0,0,1,13,18446744073709549728,18446744073709550828,18446744073709551001,18446744073709551342,0,1,1,3974261842894623574,0,0,5,9398743364383974354,0,1,1,0
PAWN_AUDIT_RESULT,3319,1,1,-300,0,0,-300,0,0,0,0,0
PAWN_AUDIT_ENTRY,3320,1042326164432417672,17814179774113165298,1580963779063185168,12523581136493551047,2072,18446744073709551344,18446744073709551345,18446744073709551316,6,5,1,6,18446744073709541807,18446744073709550278,5,0,0,0,0,0,0,0,0,18446744073709551253,18446744073709551253,18446744073707695111,10,6194,0,0,1,9,18446744073709547733,18446744073709551030,18446744073709551030,18446744073709551342,0,1,1,3974261842894623574,0,0,5,9398743364383974354,0,0,1,0
PAWN_AUDIT_RESULT,3320,1,1,-383,0,0,-383,0,0,0,0,0
PAWN_AUDIT_ENTRY,3321,17814179774113165298,9677483250153740204,1580963779063185168,824790978139744302,3371,18446744073709551344,18446744073709551345,18446744073709551316,6,5,1,9,18446744073709541115,18446744073709550278,5,0,0,0,0,0,0,0,0,18446744073709551253,18446744073709551253,18446744073707695111,10,6195,0,0,1,13,18446744073709547717,18446744073709550807,18446744073709550644,18446744073709551342,0,1,1,3974261842894623574,0,0,5,9398743364383974354,0,1,1,0
PAWN_AUDIT_RESULT,3321,1,1,-303,0,0,-303,0,0,0,0,0
PAWN_AUDIT_ENTRY,3322,9677483250153740204,6307240779372746734,1580963779063185168,11610016613823751332,3353,18446744073709551344,18446744073709551345,18446744073709551316,6,5,1,10,18446744073709542238,18446744073709550278,5,0,0,0,0,0,0,0,0,18446744073709551253,18446744073709551253,18446744073707695111,10,6196,0,0,1,13,18446744073709547929,18446744073709551030,18446744073709551030,18446744073709551342,0,1,1,3974261842894623574,0,0,5,9398743364383974354,0,1,1,0
PAWN_AUDIT_RESULT,3322,1,1,-283,0,0,-283,0,0,0,0,0
PAWN_AUDIT_ENTRY,3323,6307240779372746734,1474807591777865409,1580963779063185168,2501570525325340908,3307,18446744073709551344,18446744073709551345,18446744073709551333,6,5,1,11,18446744073709543808,18446744073709550278,5,0,0,0,0,0,0,0,0,18446744073709551253,18446744073709551253,18446744073707695111,10,6197,0,0,1,9,18446744073709548643,18446744073709551030,18446744073709551030,18446744073709551342,0,1,1,3974261842894623574,0,0,5,9398743364383974354,0,0,1,0
PAWN_AUDIT_RESULT,3323,1,1,-335,0,0,-335,0,0,0,0,0
PAWN_AUDIT_ENTRY,3324,1474807591777865409,11293472042717687577,15262895377468639549,16471732529946363585,3307,18446744073709551344,18446744073709551345,18446744073709551335,8,7,2,2,18446744073709537814,18446744073709550278,3,0,0,0,0,0,0,2715,0,18446744073709551125,18446744073709551125,18446744073708257794,10,6198,0,0,1,9,18446744073709548643,18446744073709545579,18446744073709551030,18446744073709551342,2,1,1,3974261842894623574,0,0,3,5603233968797161082,0,0,1,0
PAWN_AUDIT_RESULT,3324,2,2,-371,0,0,-371,0,0,0,0,0
PAWN_AUDIT_ENTRY,3325,11293472042717687577,9230142619069886515,15262895377468639549,7439687982345392777,3353,18446744073709551344,18446744073709551345,18446744073709551335,8,7,2,3,18446744073709543933,461,3,0,0,0,0,0,0,2715,0,18446744073709551125,18446744073709551125,18446744073708257794,10,6199,0,0,1,13,18446744073709549909,18446744073709548611,18446744073709551030,18446744073709551342,2,1,1,3974261842894623574,0,0,3,5603233968797161082,0,1,1,0
PAWN_AUDIT_RESULT,3325,2,2,-415,0,0,-415,0,0,0,0,0
PAWN_AUDIT_ENTRY,3326,9230142619069886515,15770990163979696376,15262895377468639549,5642818591610181975,3362,18446744073709551344,18446744073709551345,18446744073709551335,8,7,2,4,18446744073709547231,18446744073709551351,3,0,0,0,0,0,0,2715,0,18446744073709551125,18446744073709551125,18446744073708257794,10,6200,0,0,1,13,18446744073709550714,18446744073709550001,18446744073709551030,18446744073709551342,2,1,1,3974261842894623574,0,0,3,5603233968797161082,0,1,1,0
PAWN_AUDIT_RESULT,3326,2,2,-407,0,0,-407,0,0,0,0,0
PAWN_AUDIT_ENTRY,3327,15770990163979696376,10250425772726628272,15262895377468639549,6677504699274161077,2736,18446744073709551344,18446744073709551345,18446744073709551335,8,7,2,5,18446744073709547219,18446744073709550278,3,0,0,0,0,0,0,2715,0,18446744073709551125,18446744073709551125,18446744073708257794,10,6201,0,0,1,10,18446744073709550194,18446744073709551030,18446744073709551030,18446744073709551342,2,1,1,3974261842894623574,0,0,3,5603233968797161082,0,1,1,0
PAWN_AUDIT_RESULT,3327,2,2,-670,0,0,-670,0,0,0,0,0
PAWN_AUDIT_ENTRY,3328,10250425772726628272,14574486484033202241,15262895377468639549,16385153400816211210,3632,18446744073709551344,18446744073709551345,18446744073709551335,8,7,1,6,18446744073709547219,18446744073709550278,3,0,0,0,0,0,0,2715,0,18446744073709551125,18446744073709551125,18446744073708257794,10,6202,0,0,1,12,18446744073709550194,18446744073709551030,18446744073709551030,18446744073709551342,2,1,1,3974261842894623574,0,0,3,5603233968797161082,0,1,1,0
PAWN_AUDIT_RESULT,3328,1,1,-643,0,0,-643,0,0,0,0,0
PAWN_AUDIT_ENTRY,3329,14574486484033202241,12524760267556077362,15262895377468639549,14794952952827010563,3371,18446744073709551344,18446744073709551345,18446744073709551335,8,7,1,7,18446744073709543937,18446744073709551200,3,0,0,0,0,0,0,2715,0,18446744073709551125,18446744073709551125,18446744073708257794,10,6203,0,0,1,13,18446744073709548752,18446744073709550929,18446744073709551030,18446744073709551342,2,1,1,3974261842894623574,0,0,3,5603233968797161082,0,1,1,0
PAWN_AUDIT_RESULT,3329,1,1,-466,0,0,-466,0,0,0,0,0
PAWN_AUDIT_ENTRY,3330,12524760267556077362,2040734515881493126,15262895377468639549,9733041178232524925,3364,18446744073709551344,18446744073709551345,18446744073709551335,8,7,1,8,18446744073709544404,18446744073709550278,3,0,0,0,0,0,0,2715,0,18446744073709551125,18446744073709551125,18446744073708257794,10,6204,0,0,1,13,18446744073709549525,18446744073709549808,18446744073709551030,18446744073709551342,2,1,1,3974261842894623574,0,0,3,5603233968797161082,0,1,1,0
PAWN_AUDIT_RESULT,3330,1,1,-391,0,0,-391,0,0,0,0,0
PAWN_AUDIT_ENTRY,3331,2040734515881493126,12696385999429989971,15262895377468639549,4699324689313581514,3624,18446744073709551344,18446744073709551345,18446744073709551335,8,7,1,9,18446744073709544714,18446744073709548874,3,0,0,0,0,0,0,2715,0,18446744073709551125,18446744073709551125,18446744073708257794,10,6205,0,0,1,12,18446744073709549055,18446744073709551030,18446744073709551030,18446744073709551342,2,1,1,3974261842894623574,0,0,3,5603233968797161082,0,1,1,0
PAWN_AUDIT_RESULT,3331,1,1,-480,0,0,-480,0,0,0,0,0
PAWN_AUDIT_ENTRY,3411,14736680520847925368,12302474823497685609,10024143472793082555,13572444569490593095,3307,18446744073709551327,18446744073709551328,18446744073709551192,6,5,2,2,18446744073709542261,18446744073709550278,3,0,0,0,0,0,0,0,0,18446744073709551291,18446744073709551291,18446744073703182600,10,6361,0,0,0,9,18446744073709549136,18446744073709548927,18446744073709550731,18446744073709551336,8,1,1,9942208381202981500,0,0,3,18070552702851981120,0,0,1,0
PAWN_AUDIT_RESULT,3411,2,2,-438,0,0,-438,0,0,0,0,0
PAWN_AUDIT_ENTRY,3412,12302474823497685609,15919397880532757262,10024143472793082555,17004685266070360955,1822,18446744073709551327,18446744073709551328,18446744073709551192,6,5,2,6,18446744073709551246,18446744073709548874,3,0,0,0,0,0,0,0,0,18446744073709551291,18446744073709551291,18446744073703182600,10,6362,0,0,0,13,409,18446744073709551030,18446744073709551030,18446744073709551336,8,1,1,9942208381202981500,0,0,3,18070552702851981120,0,1,1,0
PAWN_AUDIT_RESULT,3412,2,2,-357,0,0,-357,0,0,0,0,0
PAWN_AUDIT_ENTRY,3413,15919397880532757262,8693846047508098122,10024143472793082555,3643400676476111087,3956,18446744073709551327,18446744073709551328,18446744073709551259,6,5,1,7,18446744073709549879,18446744073709549962,3,0,0,0,0,0,0,0,0,18446744073709551291,18446744073709551291,18446744073703182600,10,6363,0,0,0,11,18446744073709550474,1469,18446744073709550828,18446744073709551336,8,1,1,9942208381202981500,0,0,3,18070552702851981120,0,1,1,0
PAWN_AUDIT_RESULT,3413,1,1,-320,0,0,-320,0,0,0,0,0
PAWN_AUDIT_ENTRY,3414,8693846047508098122,4841839072598170797,10024143472793082555,27062889110568464,1829,18446744073709551327,18446744073709551328,18446744073709551296,6,5,1,8,18446744073709548900,18446744073709548874,3,0,0,0,0,0,0,0,0,18446744073709551291,18446744073709551291,18446744073703182600,10,6364,0,0,0,13,18446744073709550958,18446744073709551030,18446744073709551030,18446744073709551336,8,1,1,9942208381202981500,0,0,3,18070552702851981120,0,1,1,0
PAWN_AUDIT_RESULT,3414,1,1,-363,0,0,-363,0,0,0,0,0
PAWN_AUDIT_ENTRY,3415,4841839072598170797,15099472494707711443,10024143472793082555,5782364401438869246,1827,18446744073709551327,18446744073709551328,18446744073709551296,6,5,1,9,18446744073709547219,18446744073709548874,3,0,0,0,0,0,0,0,0,18446744073709551291,18446744073709551291,18446744073703182600,10,6365,0,0,0,13,18446744073709550194,18446744073709551030,18446744073709551030,18446744073709551336,8,1,1,9942208381202981500,0,0,3,18070552702851981120,0,1,1,0
PAWN_AUDIT_RESULT,3415,1,1,-371,0,0,-371,0,0,0,0,0
PAWN_AUDIT_ENTRY,3416,15099472494707711443,10142576120133076125,10024143472793082555,11711274663278170885,1838,18446744073709551327,18446744073709551328,18446744073709551296,6,5,1,10,18446744073709547200,18446744073709548874,3,0,0,0,0,0,0,0,0,18446744073709551291,18446744073709551291,18446744073703182600,10,6366,0,0,0,13,18446744073709550185,18446744073709551030,18446744073709551030,18446744073709551336,8,1,1,9942208381202981500,0,0,3,18070552702851981120,0,1,1,0
PAWN_AUDIT_RESULT,3416,1,1,-395,0,0,-395,0,0,0,0,0
PAWN_AUDIT_ENTRY,3417,10142576120133076125,7832674701612130142,10024143472793082555,17732041486286676909,1844,18446744073709551327,18446744073709551328,18446744073709551296,6,5,1,11,18446744073709544714,18446744073709548874,3,0,0,0,0,0,0,0,0,18446744073709551291,18446744073709551291,18446744073703182600,10,6367,0,0,0,13,18446744073709549055,18446744073709551030,18446744073709551030,18446744073709551336,8,1,1,9942208381202981500,0,0,3,18070552702851981120,0,1,1,0
PAWN_AUDIT_RESULT,3417,1,1,-419,0,0,-419,0,0,0,0,0
PAWN_AUDIT_ENTRY,3418,7832674701612130142,11560048823580007818,10024143472793082555,710013897331655691,1836,18446744073709551327,18446744073709551328,18446744073709551296,6,5,1,12,18446744073709544714,18446744073709548874,3,0,0,0,0,0,0,0,0,18446744073709551291,18446744073709551291,18446744073703182600,10,6368,0,0,0,13,18446744073709549055,18446744073709551030,18446744073709551030,18446744073709551336,8,1,1,9942208381202981500,0,0,3,18070552702851981120,0,1,1,0
PAWN_AUDIT_RESULT,3418,1,1,-481,0,0,-481,0,0,0,0,0
PAWN_AUDIT_ENTRY,3423,14266892296847229815,8455476192183709134,737302274001629338,12177759826260481494,2216,18446744073709551327,18446744073709551328,18446744073709550854,8,7,4,2,18446744073709550340,18446744073709550278,7,0,0,0,0,0,0,0,0,18446744073709551090,18446744073709551177,18446744073708839609,10,6383,0,0,0,10,18446744073709551613,18446744073709551030,18446744073709551030,18446744073709551090,1,1,1,6764316969746725046,2,0,7,6441270302102323632,0,3,1,0
PAWN_AUDIT_RESULT,3423,4,4,-654,0,0,-654,0,0,0,0,0
PAWN_AUDIT_ENTRY,3424,8455476192183709134,9708644613658929811,737302274001629338,17025202572428361624,2220,18446744073709551327,18446744073709551328,18446744073709550962,8,7,4,3,18446744073709550340,18446744073709550278,7,0,0,0,0,0,0,0,0,18446744073709551090,18446744073709551177,18446744073708839609,10,6384,0,0,0,10,18446744073709551613,18446744073709551030,18446744073709551030,18446744073709551090,1,1,1,6764316969746725046,2,0,7,6441270302102323632,0,3,1,0
PAWN_AUDIT_RESULT,3424,4,4,-279,1,8,-319,0,9,18,0,0
PAWN_AUDIT_ENTRY,3440,4414418567740346386,6029166805829538629,737302274001629338,14614307860600647913,3373,18446744073709551327,18446744073709551328,18446744073709551297,8,7,2,6,18446744073709543358,18446744073709548079,7,0,0,0,0,0,0,0,0,18446744073709551090,18446744073709551177,18446744073708839609,10,6403,0,0,0,13,18446744073709548438,18446744073709551030,18446744073709551030,18446744073709551090,1,1,1,6764316969746725046,2,0,7,6441270302102323632,0,3,1,0
PAWN_AUDIT_RESULT,3440,2,2,-442,0,0,-442,0,0,0,0,0
PAWN_AUDIT_ENTRY,3441,6029166805829538629,5173948527127890052,737302274001629338,4430565180849471334,3307,18446744073709551327,18446744073709551328,18446744073709551297,8,7,2,8,18446744073709541207,18446744073709550278,7,0,0,0,0,0,0,0,0,18446744073709551090,18446744073709551177,18446744073708839609,10,6404,0,0,0,9,18446744073709547460,18446744073709551030,18446744073709551030,18446744073709551090,1,1,1,6764316969746725046,2,0,7,6441270302102323632,0,0,1,0
PAWN_AUDIT_RESULT,3441,2,2,-497,0,0,-497,0,0,0,0,0
PAWN_AUDIT_ENTRY,3442,5173948527127890052,343444076784025003,737302274001629338,11790765037950165141,3437,18446744073709551327,18446744073709551328,18446744073709551297,8,7,1,9,18446744073709540815,18446744073709550278,7,0,0,0,0,0,0,0,0,18446744073709551090,18446744073709551177,18446744073708839609,10,6405,0,0,0,9,18446744073709547282,18446744073709551030,18446744073709551030,18446744073709551090,1,1,1,6764316969746725046,2,0,7,6441270302102323632,0,0,1,0
PAWN_AUDIT_RESULT,3442,1,1,-523,0,0,-523,0,0,0,0,0
PAWN_AUDIT_ENTRY,3443,343444076784025003,6785641800658776302,737302274001629338,1493477274351232932,3371,18446744073709551327,18446744073709551328,18446744073709551297,8,7,1,11,18446744073709542170,18446744073709549810,7,0,0,0,0,0,0,0,0,18446744073709551090,18446744073709551177,18446744073708839609,10,6406,0,0,0,13,18446744073709547898,18446744073709551030,18446744073709551030,18446744073709551090,1,1,1,6764316969746725046,2,0,7,6441270302102323632,0,3,1,0
PAWN_AUDIT_RESULT,3443,1,1,-495,0,0,-495,0,0,0,0,0
PAWN_AUDIT_ENTRY,3448,2604858013583059561,12580282261060895734,8390575346020832237,13013802862159877022,3373,18446744073709551327,18446744073709551328,18446744073709551306,10,9,5,6,18446744073709544742,18446744073709547126,5,0,0,0,0,1,0,0,0,18446744073709551183,18446744073709551183,18446744073706447184,10,6415,0,0,1,13,18446744073709547646,1331,368,18446744073709551314,7,1,1,6764316969746725046,0,0,5,16424331759468121903,0,1,1,0
PAWN_AUDIT_RESULT,3448,5,5,-367,0,0,-367,0,0,0,0,0
PAWN_AUDIT_ENTRY,3449,12580282261060895734,13198403294979229386,8390575346020832237,16856599794727355271,3362,18446744073709551327,18446744073709551328,18446744073709551306,10,9,5,7,18446744073709543700,18446744073709548101,5,0,0,0,0,1,0,0,0,18446744073709551183,18446744073709551183,18446744073706447184,10,6416,0,0,1,13,18446744073709548709,18446744073709550828,18446744073709551001,18446744073709551314,7,1,1,6764316969746725046,0,0,5,16424331759468121903,0,1,1,0
PAWN_AUDIT_RESULT,3449,5,5,-352,0,0,-352,0,0,0,0,0
PAWN_AUDIT_ENTRY,3450,13198403294979229386,16101839742393299526,8390575346020832237,11835154665089645918,1830,18446744073709551327,18446744073709551328,18446744073709551306,10,9,5,8,18446744073709546269,18446744073709547421,5,0,0,0,0,1,0,0,0,18446744073709551183,18446744073709551183,18446744073706447184,10,6417,0,0,1,10,18446744073709549762,18446744073709551030,18446744073709551030,18446744073709551314,7,1,1,6764316969746725046,0,0,5,16424331759468121903,0,1,1,0
PAWN_AUDIT_RESULT,3450,5,5,-381,0,0,-381,0,0,0,0,0
PAWN_AUDIT_ENTRY,3451,16101839742393299526,458335865382567003,8390575346020832237,13879787722445424729,3353,18446744073709551327,18446744073709551328,18446744073709551306,10,9,4,9,18446744073709542348,18446744073709548874,5,0,0,0,0,1,0,0,0,18446744073709551183,18446744073709551183,18446744073706447184,10,6418,0,0,1,13,18446744073709547979,18446744073709551030,18446744073709551030,18446744073709551314,7,1,1,6764316969746725046,0,0,5,16424331759468121903,0,1,1,0
PAWN_AUDIT_RESULT,3451,4,4,-393,0,0,-393,0,0,0,0,0
PAWN_AUDIT_ENTRY,3454,2967298481802879848,1160723204005647558,8390575346020832237,15990898015280940002,3437,18446744073709551327,18446744073709551328,18446744073709551306,10,9,4,12,18446744073709539577,18446744073709550278,5,0,0,0,0,1,0,0,0,18446744073709551183,18446744073709551183,18446744073706447184,10,6421,0,0,1,9,18446744073709546719,18446744073709551030,18446744073709551030,18446744073709551314,7,1,1,6764316969746725046,0,0,5,16424331759468121903,0,0,1,0
PAWN_AUDIT_RESULT,3454,4,4,-554,0,0,-554,0,0,0,0,0
PAWN_AUDIT_ENTRY,3455,1160723204005647558,3800600126191720216,8390575346020832237,7605241689504016185,3429,18446744073709551327,18446744073709551328,18446744073709551306,10,9,3,13,18446744073709539241,18446744073709550278,5,0,0,0,0,1,0,0,0,18446744073709551183,18446744073709551183,18446744073706447184,10,6422,0,0,1,9,18446744073709546809,18446744073709550779,18446744073709550788,18446744073709551314,7,1,1,6764316969746725046,0,0,5,16424331759468121903,0,0,1,0
PAWN_AUDIT_RESULT,3455,3,3,-331,0,0,-331,0,4,4,0,0
PAWN_AUDIT_ENTRY,3456,3800600126191720216,7831795521619046484,8390575346020832237,7706722166093268179,3371,18446744073709551327,18446744073709551328,18446744073709551306,10,9,2,14,18446744073709540006,18446744073709548502,5,0,0,0,0,1,0,0,0,18446744073709551183,18446744073709551183,18446744073706447184,10,6427,0,0,1,13,18446744073709547213,18446744073709550807,18446744073709550644,18446744073709551314,7,1,1,6764316969746725046,0,0,5,16424331759468121903,0,1,1,0
PAWN_AUDIT_RESULT,3456,2,2,-381,0,0,-381,0,0,0,0,0
PAWN_AUDIT_ENTRY,3457,7831795521619046484,3843338140905125531,8390575346020832237,617872655143175733,1835,18446744073709551327,18446744073709551328,18446744073709551306,10,9,3,15,18446744073709544714,18446744073709547758,5,0,0,0,0,1,0,0,0,18446744073709551183,18446744073709551183,18446744073706447184,10,6428,0,0,1,10,18446744073709549055,18446744073709551030,18446744073709551030,18446744073709551314,7,1,1,6764316969746725046,0,0,5,16424331759468121903,0,1,1,0
PAWN_AUDIT_RESULT,3457,3,3,-427,0,0,-427,0,0,0,0,0
PAWN_AUDIT_ENTRY,3466,6148998842201454882,2610078845827980118,14707464282914539191,15123395413115531875,3429,18446744073709551327,18446744073709551328,18446744073709551302,8,7,3,4,18446744073709549141,18446744073709550278,5,0,0,0,0,0,0,0,0,18446744073709550749,18446744073709550749,18446744073708238876,10,6453,0,0,0,9,18446744073709551068,18446744073709551030,18446744073709551030,18446744073709551285,3,1,1,6764316969746725046,2,0,5,11476290478651783069,0,0,1,0
PAWN_AUDIT_RESULT,3466,3,3,-877,0,0,-877,0,0,0,0,0
PAWN_AUDIT_ENTRY,3468,5613352567982714438,9522799489528419216,12849134254865606080,12658276397568577812,3429,18446744073709551327,18446744073709551328,18446744073709551308,10,9,7,4,18446744073709546159,18446744073709550278,3,0,0,0,0,1,0,2715,0,18446744073709551185,18446744073709551185,18446744073709516739,10,6455,0,0,1,9,18446744073709549757,18446744073709550940,18446744073709551030,18446744073709551344,9,1,1,6764316969746725046,0,0,3,3189487962746763911,0,0,1,0
PAWN_AUDIT_RESULT,3468,7,7,-392,0,0,-392,0,0,0,0,0
PAWN_AUDIT_ENTRY,3469,9522799489528419216,4633930100235252713,12849134254865606080,10382594919568601427,3299,18446744073709551327,18446744073709551328,18446744073709551308,10,9,7,5,18446744073709548286,18446744073709550278,3,0,0,0,0,1,0,2715,0,18446744073709551185,18446744073709551185,18446744073709516739,10,6456,0,0,1,9,18446744073709547913,4946,18446744073709551030,18446744073709551344,9,1,1,6764316969746725046,0,0,3,3189487962746763911,0,0,1,0
PAWN_AUDIT_ENTRY,3478,3435933845053950079,7068021602725873077,10382594919568601427,18260230485325980401,861,288,289,287,7,6,1,5,18446744073709546424,18446744073709550278,4,0,1,0,0,0,0,82,0,304,304,18446744073709214262,10,6485,0,0,0,1,18446744073709548255,18446744073709551030,2664,272,5,2,1,16099707045974128617,0,0,4,12849134254865606080,0,0,1,0
PAWN_AUDIT_RESULT,3478,1,1,34,0,0,34,0,0,0,0,0
PAWN_AUDIT_ENTRY,3479,7068021602725873077,8385462609246945802,10382594919568601427,10454934632369724652,1740,288,289,287,7,6,1,6,18446744073709547219,18446744073709550278,4,0,1,0,0,0,0,82,0,304,304,18446744073709214262,10,6486,0,0,0,2,18446744073709550194,18446744073709551030,18446744073709551030,272,5,2,1,16099707045974128617,0,0,4,12849134254865606080,0,1,1,0
PAWN_AUDIT_RESULT,3479,1,1,180,0,0,180,0,0,0,0,0
PAWN_AUDIT_ENTRY,3480,8385462609246945802,2584430529686244167,10382594919568601427,14055725517869805540,231,288,289,287,7,6,1,7,18446744073709546054,18446744073709550278,4,0,1,0,0,0,0,82,0,304,304,18446744073709214262,10,6487,0,0,0,5,18446744073709549664,18446744073709551030,18446744073709551030,272,5,2,1,16099707045974128617,0,0,4,12849134254865606080,0,1,1,0
PAWN_AUDIT_RESULT,3480,1,1,134,0,0,134,0,0,0,0,0
PAWN_AUDIT_ENTRY,3481,2584430529686244167,4721990296057018622,10382594919568601427,2408337134224939844,1745,288,289,287,7,6,1,8,18446744073709544714,18446744073709550278,4,0,1,0,0,0,0,82,0,304,304,18446744073709214262,10,6488,0,0,0,2,18446744073709549055,18446744073709551030,18446744073709551030,272,5,2,1,16099707045974128617,0,0,4,12849134254865606080,0,1,1,0
PAWN_AUDIT_RESULT,3481,1,1,215,0,0,215,0,0,0,0,0
PAWN_AUDIT_ENTRY,3482,4721990296057018622,3520642233339141997,10382594919568601427,5828585182043217032,211,288,289,287,7,6,1,9,18446744073709544881,18446744073709550278,4,0,1,0,0,0,0,82,0,304,304,18446744073709214262,10,6489,0,0,0,5,18446744073709548164,18446744073709551030,1406,272,5,2,1,16099707045974128617,0,0,4,12849134254865606080,0,1,1,0
PAWN_AUDIT_RESULT,3482,1,1,162,0,0,162,0,0,0,0,0
PAWN_AUDIT_ENTRY,3483,3520642233339141997,15091669162601905374,10382594919568601427,9648819932640169066,148,288,289,287,7,6,1,10,18446744073709543670,18446744073709550278,4,0,1,0,0,0,0,82,0,304,304,18446744073709214262,10,6490,0,0,0,3,18446744073709548662,18446744073709551030,18446744073709550861,272,5,2,1,16099707045974128617,0,0,4,12849134254865606080,0,1,1,0
PAWN_AUDIT_RESULT,3483,1,1,212,0,0,212,0,0,0,0,0
PAWN_AUDIT_ENTRY,3484,15091669162601905374,17414618822554385626,10382594919568601427,16270930966627693736,658,288,289,287,7,6,1,12,18446744073709538510,18446744073709549422,4,0,1,0,0,0,0,82,0,304,304,18446744073709214262,10,6491,0,0,0,1,18446744073709547809,18446744073709549878,18446744073709548971,272,5,2,1,16099707045974128617,0,0,4,12849134254865606080,0,0,1,0
PAWN_AUDIT_RESULT,3484,1,1,214,0,0,214,0,0,0,0,0
PAWN_AUDIT_ENTRY,3485,17414618822554385626,9183280824376121232,10382594919568601427,7709846823049832076,157,288,289,287,7,6,1,14,18446744073709542839,18446744073709550278,4,0,1,0,0,0,0,82,0,304,304,18446744073709214262,10,6492,0,0,0,3,18446744073709546472,18446744073709551023,2986,272,5,2,1,16099707045974128617,0,0,4,12849134254865606080,0,1,1,0
PAWN_AUDIT_RESULT,3485,1,1,227,0,0,227,0,0,0,0,0
PAWN_AUDIT_ENTRY,3486,9183280824376121232,5244019807465758185,10382594919568601427,8617346355074074709,213,288,289,287,7,6,1,15,18446744073709541255,18446744073709550278,4,0,1,0,0,0,0,82,0,304,304,18446744073709214262,10,6493,0,0,0,5,18446744073709547482,18446744073709551030,18446744073709551030,272,5,2,1,16099707045974128617,0,0,4,12849134254865606080,0,1,1,0
PAWN_AUDIT_RESULT,3486,1,1,133,0,0,133,0,0,0,0,0
PAWN_AUDIT_ENTRY,3488,11752299107215516163,15916706449601331171,10382594919568601427,6643616870147444126,324,288,289,287,7,6,1,17,18446744073709544047,18446744073709550278,4,0,1,0,0,0,0,82,0,304,304,18446744073709214262,10,6495,0,0,0,4,18446744073709548737,18446744073709551030,18446744073709551060,272,5,2,1,16099707045974128617,0,0,4,12849134254865606080,0,1,1,0
PAWN_AUDIT_ENTRY,3493,8652526682189900780,12566052139526426148,6643616870147444126,644253619605640414,3364,18446744073709551327,18446744073709551328,18446744073709551295,6,5,1,3,18446744073709549708,18446744073709550147,5,0,0,0,0,0,0,0,0,18446744073709551188,18446744073709551188,18446744073709046522,10,6507,0,0,0,13,18446744073709549558,2429,18446744073709551566,18446744073709551320,2,1,1,16099707045974128617,1,0,5,10382594919568601427,0,2,1,0
PAWN_AUDIT_RESULT,3493,1,1,-464,0,0,-464,0,0,0,0,0
PAWN_AUDIT_ENTRY,3494,12566052139526426148,7376426163601400374,6643616870147444126,10123383859831579437,1830,18446744073709551327,18446744073709551328,18446744073709551295,6,5,1,6,18446744073709545227,18446744073709550278,5,0,0,0,0,0,0,0,0,18446744073709551188,18446744073709551188,18446744073709046522,10,6508,0,0,0,10,18446744073709549288,18446744073709551030,18446744073709551030,18446744073709551320,2,1,1,16099707045974128617,1,0,5,10382594919568601427,0,2,1,0
PAWN_AUDIT_RESULT,3494,1,1,-787,0,0,-787,0,0,0,0,0
PAWN_AUDIT_ENTRY,3495,7376426163601400374,12527395858011486016,6643616870147444126,4740230540596509002,3429,18446744073709551327,18446744073709551328,18446744073709551295,6,5,1,7,18446744073709544626,18446744073709550278,5,0,0,0,0,0,0,0,0,18446744073709551188,18446744073709551188,18446744073709046522,10,6509,0,0,0,9,18446744073709549015,18446744073709551030,18446744073709551030,18446744073709551320,2,1,1,16099707045974128617,1,0,5,10382594919568601427,0,0,1,0
PAWN_AUDIT_RESULT,3495,1,1,-371,0,0,-371,0,0,0,0,0
PAWN_AUDIT_ENTRY,3496,12527395858011486016,11051348479956631486,6643616870147444126,8151634880305012675,1826,18446744073709551327,18446744073709551328,18446744073709551295,6,5,1,8,18446744073709549676,18446744073709548874,5,0,0,0,0,0,0,0,0,18446744073709551188,18446744073709551188,18446744073709046522,10,6510,0,0,0,10,18446744073709551311,18446744073709551030,18446744073709551030,18446744073709551320,2,1,1,16099707045974128617,1,0,5,10382594919568601427,0,2,1,0
PAWN_AUDIT_RESULT,3496,1,1,-751,0,0,-751,0,0,0,0,0
PAWN_AUDIT_ENTRY,3497,11051348479956631486,237177443785005003,6643616870147444126,3793419290410008016,3379,18446744073709551327,18446744073709551328,18446744073709551295,6,5,1,9,18446744073709548623,18446744073709548571,5,0,0,0,0,0,0,0,0,18446744073709551188,18446744073709551188,18446744073709046522,10,6511,0,0,0,13,94,18446744073709549790,18446744073709550499,18446744073709551320,2,1,1,16099707045974128617,1,0,5,10382594919568601427,0,2,1,0
PAWN_AUDIT_RESULT,3497,1,1,-409,0,0,-409,0,0,0,0,0
PAWN_AUDIT_ENTRY,3498,237177443785005003,9259390670974607576,6643616870147444126,2364546405829843014,1835,18446744073709551327,18446744073709551328,18446744073709551295,6,5,1,10,18446744073709542704,18446744073709550278,5,0,0,0,0,0,0,0,0,18446744073709551188,18446744073709551188,18446744073709046522,10,6512,0,0,0,10,18446744073709548141,18446744073709551030,18446744073709551030,18446744073709551320,2,1,1,16099707045974128617,1,0,5,10382594919568601427,0,2,1,0
PAWN_AUDIT_RESULT,3498,1,1,-821,0,0,-821,0,0,0,0,0
PAWN_AUDIT_ENTRY,3499,9259390670974607576,6648529239278117506,6643616870147444126,17851920824177840463,1837,18446744073709551327,18446744073709551328,18446744073709551295,6,5,1,11,18446744073709545313,18446744073709548874,5,0,0,0,0,0,0,0,0,18446744073709551188,18446744073709551188,18446744073709046522,10,6513,0,0,0,10,18446744073709549327,18446744073709551030,18446744073709551030,18446744073709551320,2,1,1,16099707045974128617,1,0,5,10382594919568601427,0,2,1,0
PAWN_AUDIT_RESULT,3499,1,1,-643,0,0,-643,0,0,0,0,0
PAWN_AUDIT_ENTRY,3502,6565701169611113752,16720976855175640722,6643616870147444126,13955878708254547444,3362,18446744073709551327,18446744073709551328,18446744073709551295,6,5,1,16,18446744073709545130,18446744073709548874,5,0,0,0,0,0,0,0,0,18446744073709551188,18446744073709551188,18446744073709046522,10,6516,0,0,0,13,18446744073709549079,18446744073709551030,18446744073709551370,18446744073709551320,2,1,1,16099707045974128617,1,0,5,10382594919568601427,0,2,1,0
PAWN_AUDIT_RESULT,3502,1,1,-388,0,0,-388,0,0,0,0,0
PAWN_AUDIT_RESULT,3488,1,1,296,1,6,321,0,3,21,1,1
PAWN_AUDIT_RESULT,3469,7,7,-317,0,0,-317,0,60,60,0,0
PAWN_AUDIT_ENTRY,3503,16720976855175640722,2918274819532654978,12849134254865606080,9590028976464210492,3307,18446744073709551327,18446744073709551328,18446744073709551308,10,9,2,6,18446744073709533898,18446744073709550278,3,0,0,0,0,1,0,2715,0,18446744073709551185,18446744073709551185,18446744073709516739,10,6517,0,0,1,9,18446744073709546862,18446744073709545579,18446744073709551030,18446744073709551344,9,1,1,6764316969746725046,0,0,3,3189487962746763911,0,0,1,0
PAWN_AUDIT_RESULT,3503,2,2,-501,0,0,-501,0,0,0,0,0
PAWN_AUDIT_ENTRY,3506,5992735534535471875,16013879067759422358,12849134254865606080,7070350298812779379,1830,18446744073709551327,18446744073709551328,18446744073709551308,10,9,3,10,18446744073709543116,18446744073709547421,3,0,0,0,0,1,0,2715,0,18446744073709551185,18446744073709551185,18446744073709516739,10,6521,0,0,1,10,18446744073709548328,18446744073709551030,18446744073709551030,18446744073709551344,9,1,1,6764316969746725046,0,0,3,3189487962746763911,0,1,1,0
PAWN_AUDIT_RESULT,3506,3,3,-548,0,0,-548,0,0,0,0,0
PAWN_AUDIT_ENTRY,3507,16013879067759422358,5868950623948757971,12849134254865606080,2002713498961343951,3437,18446744073709551327,18446744073709551328,18446744073709551308,10,9,2,11,18446744073709538583,18446744073709550278,3,0,0,0,0,1,0,2715,0,18446744073709551185,18446744073709551185,18446744073709516739,10,6522,0,0,1,9,18446744073709546267,18446744073709551030,18446744073709551030,18446744073709551344,9,1,1,6764316969746725046,0,0,3,3189487962746763911,0,0,1,0
PAWN_AUDIT_RESULT,3507,2,2,-598,0,0,-598,0,0,0,0,0
PAWN_AUDIT_ENTRY,3508,5868950623948757971,9201459641383255638,12849134254865606080,16614707691950292096,3364,18446744073709551327,18446744073709551328,18446744073709551308,10,9,2,12,18446744073709542249,18446744073709547949,3,0,0,0,0,1,0,2715,0,18446744073709551185,18446744073709551185,18446744073709516739,10,6523,0,0,1,13,18446744073709548545,18446744073709549808,18446744073709551030,18446744073709551344,9,1,1,6764316969746725046,0,0,3,3189487962746763911,0,1,1,0
PAWN_AUDIT_RESULT,3508,2,2,-505,0,0,-505,0,0,0,0,0
PAWN_AUDIT_ENTRY,3509,9201459641383255638,17149825462002277036,12849134254865606080,14894278850305667096,1835,18446744073709551327,18446744073709551328,18446744073709551308,10,9,2,13,18446744073709541092,18446744073709547758,3,0,0,0,0,1,0,2715,0,18446744073709551185,18446744073709551185,18446744073709516739,10,6524,0,0,1,10,18446744073709547408,18446744073709551030,18446744073709551030,18446744073709551344,9,1,1,6764316969746725046,0,0,3,3189487962746763911,0,1,1,0
PAWN_AUDIT_RESULT,3509,2,2,-504,0,0,-504,0,0,0,0,0
PAWN_AUDIT_ENTRY,3510,17149825462002277036,8785721897091113186,12849134254865606080,3444875897428784554,3362,18446744073709551327,18446744073709551328,18446744073709551308,10,9,2,14,18446744073709542367,18446744073709548101,3,0,0,0,0,1,0,2715,0,18446744073709551185,18446744073709551185,18446744073709516739,10,6525,0,0,1,13,18446744073709548502,18446744073709550001,18446744073709551030,18446744073709551344,9,1,1,6764316969746725046,0,0,3,3189487962746763911,0,1,1,0
PAWN_AUDIT_RESULT,3510,2,2,-567,0,0,-567,0,0,0,0,0
PAWN_AUDIT_ENTRY,3516,3208021161517347755,10797530407280151972,1949234454178080055,10558820844297221413,2201,18446744073709551327,18446744073709551328,18446744073709550847,9,8,4,3,18446744073709543740,18446744073709550278,5,0,0,0,0,0,0,0,0,18446744073709551011,18446744073709551011,18446744073703867654,10,6540,0,0,1,13,18446744073709548612,18446744073709551030,18446744073709551030,18446744073709551156,1,1,1,17978367096227722380,0,0,5,7777259881073764456,0,1,1,0
PAWN_AUDIT_RESULT,3516,4,4,-423,0,0,-423,0,0,0,0,0
PAWN_AUDIT_ENTRY,3517,10797530407280151972,14669087984486833427,1949234454178080055,12313142627141436405,2217,18446744073709551327,18446744073709551328,18446744073709551193,9,8,3,4,18446744073709541193,18446744073709550278,5,0,0,0,0,0,0,0,0,18446744073709551011,18446744073709551011,18446744073703867654,10,6541,0,0,1,13,18446744073709547454,18446744073709551030,18446744073709551030,18446744073709551156,1,1,1,17978367096227722380,0,0,5,7777259881073764456,0,1,1,0
PAWN_AUDIT_RESULT,3517,3,3,-357,0,0,-357,0,0,0,0,0
PAWN_AUDIT_ENTRY,3519,10252668092575025283,16028225427188312043,1949234454178080055,11717819312899864419,3956,18446744073709551327,18446744073709551328,18446744073709551294,9,8,3,11,18446744073709548002,18446744073709550278,5,0,0,0,0,0,0,0,0,18446744073709551011,18446744073709551011,18446744073703867654,10,6543,0,0,1,11,18446744073709550550,18446744073709551030,18446744073709551030,18446744073709551156,1,1,1,17978367096227722380,0,0,5,7777259881073764456,0,1,1,0
PAWN_AUDIT_RESULT,3519,3,3,-516,0,0,-516,0,0,0,0,0
PAWN_AUDIT_ENTRY,3529,18399602761380476568,8453193409006274541,5307853010694864123,11255580444193253399,2202,18446744073709551327,18446744073709551328,18446744073709551327,10,9,7,10,18446744073709541092,18446744073709548874,3,0,0,0,0,1,0,0,0,18446744073709551267,18446744073709551267,18446744073703451451,10,6564,0,0,0,13,18446744073709547408,18446744073709551030,18446744073709551030,18446744073709551340,10,1,1,12383676071972810048,0,0,3,4067558195523107072,0,1,1,0
PAWN_AUDIT_RESULT,3529,7,7,-464,0,0,-464,0,0,0,0,0
PAWN_AUDIT_ENTRY,3530,8453193409006274541,2926117581247035539,5307853010694864123,16935252063993424838,2208,18446744073709551327,18446744073709551328,18446744073709551327,10,9,7,11,18446744073709541092,18446744073709548874,3,0,0,0,0,1,0,0,0,18446744073709551267,18446744073709551267,18446744073703451451,10,6565,0,0,0,13,18446744073709547408,18446744073709551030,18446744073709551030,18446744073709551340,10,1,1,12383676071972810048,0,0,3,4067558195523107072,0,1,1,0
PAWN_AUDIT_RESULT,3530,7,7,-412,0,0,-412,0,0,0,0,0
PAWN_AUDIT_ENTRY,3531,2926117581247035539,17998941378260734795,5307853010694864123,4682622993655137287,2209,18446744073709551327,18446744073709551328,18446744073709551327,10,9,7,12,18446744073709541092,18446744073709548874,3,0,0,0,0,1,0,0,0,18446744073709551267,18446744073709551267,18446744073703451451,10,6566,0,0,0,13,18446744073709547408,18446744073709551030,18446744073709551030,18446744073709551340,10,1,1,12383676071972810048,0,0,3,4067558195523107072,0,1,1,0
PAWN_AUDIT_RESULT,3531,7,7,-482,0,0,-482,0,0,0,0,0
PAWN_AUDIT_ENTRY,3532,17998941378260734795,15973713763174015384,5307853010694864123,15291598522867592337,2228,18446744073709551327,18446744073709551328,18446744073709551327,10,9,7,13,18446744073709541092,18446744073709548874,3,0,0,0,0,1,0,0,0,18446744073709551267,18446744073709551267,18446744073703451451,10,6567,0,0,0,13,18446744073709547408,18446744073709551030,18446744073709551030,18446744073709551340,10,1,1,12383676071972810048,0,0,3,4067558195523107072,0,1,1,0
PAWN_AUDIT_RESULT,3532,7,7,-516,0,0,-516,0,0,0,0,0
PAWN_AUDIT_ENTRY,3533,15973713763174015384,7985948068337583349,5307853010694864123,13431962102623406993,3892,18446744073709551327,18446744073709551328,18446744073709551327,10,9,7,14,18446744073709537928,18446744073709550278,3,0,0,0,0,1,0,0,0,18446744073709551267,18446744073709551267,18446744073703451451,10,6568,0,0,0,14,18446744073709545969,18446744073709551030,18446744073709551030,18446744073709551340,10,1,1,12383676071972810048,0,0,3,4067558195523107072,0,1,1,0
PAWN_AUDIT_RESULT,3533,7,7,-703,0,0,-703,0,0,0,0,0
PAWN_AUDIT_ENTRY,3534,7985948068337583349,15041503749723057744,5307853010694864123,7656403428397408355,2219,18446744073709551327,18446744073709551328,18446744073709551327,10,9,7,15,18446744073709541092,18446744073709548874,3,0,0,0,0,1,0,0,0,18446744073709551267,18446744073709551267,18446744073703451451,10,6569,0,0,0,13,18446744073709547408,18446744073709551030,18446744073709551030,18446744073709551340,10,1,1,12383676071972810048,0,0,3,4067558195523107072,0,1,1,0
PAWN_AUDIT_RESULT,3534,7,7,-598,0,0,-598,0,0,0,0,0
PAWN_AUDIT_ENTRY,3788,14031287804236954581,2843799916015341835,13122944140214456528,8537803765317569209,1747,297,298,297,7,6,1,3,18446744073709542446,3037,6,0,1,0,0,0,0,82,0,409,409,18446744073709532571,12,6942,0,0,0,5,18446744073709549300,18446744073709546862,1078,293,5,2,1,16739620085054120890,1,0,6,14598646883148320764,0,2,1,0
PAWN_AUDIT_RESULT,3788,1,1,278,0,0,278,0,0,0,0,0
PAWN_AUDIT_ENTRY,3790,4622274484950411975,911771976687321165,13122944140214456528,14395059921304458539,658,297,298,297,7,6,1,5,18446744073709541004,18446744073709549288,6,0,1,0,0,0,0,82,0,409,409,18446744073709532571,12,6944,0,0,0,1,18446744073709549568,18446744073709549215,18446744073709548367,293,5,2,1,16739620085054120890,1,0,6,14598646883148320764,0,0,1,0
PAWN_AUDIT_RESULT,3790,1,1,256,0,0,256,0,0,0,0,0
PAWN_AUDIT_ENTRY,3791,911771976687321165,12056873032126342166,13122944140214456528,2428912796143515127,1752,297,298,297,7,6,1,6,18446744073709538055,18446744073709547881,6,0,1,0,0,0,0,82,1,409,409,18446744073709532571,12,6945,0,0,0,5,18446744073709547601,18446744073709551527,18446744073709547275,293,5,2,1,16739620085054120890,1,0,6,14598646883148320764,0,2,1,0
PAWN_AUDIT_RESULT,3791,1,1,286,0,0,286,0,1,1,0,0
PAWN_AUDIT_ENTRY,3792,12056873032126342166,4818141689154187047,13122944140214456528,11445325116619015371,1753,297,298,297,7,6,1,7,18446744073709541611,613,6,0,1,0,0,0,0,82,0,409,409,18446744073709532571,12,6947,0,0,0,5,18446744073709547956,18446744073709551030,18446744073709550387,293,5,2,1,16739620085054120890,1,0,6,14598646883148320764,0,2,1,0
PAWN_AUDIT_RESULT,3792,1,1,266,0,0,266,0,0,0,0,0
PAWN_AUDIT_ENTRY,3793,4818141689154187047,3548625565977759062,13122944140214456528,15807966581607269234,861,297,298,297,7,6,1,8,18446744073709542690,18446744073709550944,6,0,1,0,0,0,0,82,0,409,409,18446744073709532571,12,6948,0,0,0,1,18446744073709547403,18446744073709551161,786,293,5,2,1,16739620085054120890,1,0,6,14598646883148320764,0,0,1,0
PAWN_AUDIT_RESULT,3793,1,1,286,0,0,286,0,0,0,0,0
PAWN_AUDIT_ENTRY,3794,3548625565977759062,7012459322970804775,13122944140214456528,10701320961190160073,139,297,298,297,7,6,1,12,18446744073709540836,18446744073709551102,6,0,1,0,0,0,0,82,0,409,409,18446744073709532571,12,6949,0,0,0,3,18446744073709547349,18446744073709549711,654,293,5,2,1,16739620085054120890,1,0,6,14598646883148320764,0,2,1,0
PAWN_AUDIT_RESULT,3794,1,1,291,0,0,291,0,1,1,0,0
PAWN_AUDIT_ENTRY,3795,7012459322970804775,14360185865910974780,13122944140214456528,5545782639146862351,157,297,298,297,7,6,1,13,18446744073709541569,18446744073709548283,6,0,1,0,0,0,0,82,0,409,409,18446744073709532571,12,6951,0,0,0,3,18446744073709545711,367,2375,293,5,2,1,16739620085054120890,1,0,6,14598646883148320764,0,2,1,0
PAWN_AUDIT_RESULT,3795,1,1,297,0,0,297,0,1,1,0,0
PAWN_AUDIT_ENTRY,3796,14360185865910974780,13151193710940436936,13122944140214456528,5988971721516099300,666,297,298,297,7,6,1,14,18446744073709536327,18446744073709550278,6,0,1,0,0,0,0,82,0,409,409,18446744073709532571,12,6953,0,0,0,1,18446744073709545241,18446744073709551030,18446744073709551030,293,5,2,1,16739620085054120890,1,0,6,14598646883148320764,0,0,1,0
PAWN_AUDIT_RESULT,3796,1,1,301,1,5,291,0,2,9,0,0
PAWN_AUDIT_ENTRY,3802,16422908636844575813,8028218302809610669,13122944140214456528,7679813909350823994,991,297,298,297,7,6,1,15,18446744073709535151,18446744073709550278,6,0,1,0,0,0,0,82,0,409,409,18446744073709532571,12,6963,0,0,0,1,18446744073709544858,18446744073709551030,18446744073709550718,293,5,2,1,16739620085054120890,1,0,6,14598646883148320764,0,0,1,0
PAWN_AUDIT_RESULT,3802,1,1,277,0,0,277,0,0,0,0,0
PAWN_AUDIT_ENTRY,3803,8028218302809610669,8852763388140308609,13122944140214456528,2607699841001933887,593,297,298,297,7,6,1,16,18446744073709535235,18446744073709549983,6,0,1,0,0,0,0,82,0,409,409,18446744073709532571,12,6964,0,0,0,1,18446744073709545097,18446744073709551030,18446744073709550304,293,5,2,1,16739620085054120890,1,0,6,14598646883148320764,0,0,1,0
PAWN_AUDIT_RESULT,3803,1,1,299,1,5,297,0,1,23,0,0
PAWN_AUDIT_ENTRY,3819,13174250597049882591,7672355198341680341,13122944140214456528,3096733313460919665,983,297,298,297,7,6,1,17,18446744073709535034,18446744073709549655,6,0,1,0,0,0,0,82,0,409,409,18446744073709532571,12,6988,0,0,0,1,18446744073709545480,18446744073709550724,18446744073709549642,293,5,2,1,16739620085054120890,1,0,6,14598646883148320764,0,0,1,0
PAWN_AUDIT_RESULT,3819,1,1,272,0,0,272,0,0,0,0,0
PAWN_AUDIT_ENTRY,3820,7672355198341680341,11811979873662607249,13122944140214456528,8554214224963809339,1828,297,298,297,7,6,1,18,18446744073709540064,18446744073709550278,6,0,1,0,0,0,0,82,0,409,409,18446744073709532571,12,6989,0,0,0,1,18446744073709547311,18446744073709551564,18446744073709549716,293,5,2,1,16739620085054120890,1,0,6,14598646883148320764,0,0,1,0
PAWN_AUDIT_RESULT,3820,1,1,297,0,0,297,0,5,5,0,0
PAWN_AUDIT_ENTRY,3821,11811979873662607249,15281759394198348739,13122944140214456528,1455325404898751190,536,297,298,297,7,6,1,19,18446744073709534702,18446744073709550013,6,0,1,0,0,0,0,82,0,409,409,18446744073709532571,12,6995,0,0,0,1,18446744073709544761,18446744073709551030,18446744073709550497,293,5,2,1,16739620085054120890,1,0,6,14598646883148320764,0,0,1,0
PAWN_AUDIT_RESULT,3821,1,1,300,1,5,292,0,1,13,0,0
PAWN_AUDIT_ENTRY,3832,11579411619175690605,8300223645692753347,13122944140214456528,9595179108103998361,853,297,298,297,7,6,1,20,18446744073709534944,18446744073709550278,6,0,1,0,0,0,0,82,0,409,409,18446744073709532571,12,7009,0,0,0,1,18446744073709544916,18446744073709551030,18446744073709550404,293,5,2,1,16739620085054120890,1,0,6,14598646883148320764,0,0,1,0
PAWN_AUDIT_RESULT,3832,1,1,244,0,0,244,0,0,0,0,0
PAWN_AUDIT_ENTRY,3833,8300223645692753347,11596919589116657391,13122944140214456528,1633062848205515482,601,297,298,297,7,6,1,21,18446744073709535201,18446744073709550278,6,0,1,0,0,0,0,82,0,409,409,18446744073709532571,12,7010,0,0,0,1,18446744073709544818,18446744073709551030,18446744073709550847,293,5,2,1,16739620085054120890,1,0,6,14598646883148320764,0,0,1,0
PAWN_AUDIT_RESULT,3833,1,1,271,0,0,271,0,0,0,0,0
PAWN_AUDIT_ENTRY,3834,11596919589116657391,6204894306409464083,13122944140214456528,14177642581034927753,1754,297,298,297,7,6,1,23,18446744073709541330,18446744073709547160,6,0,1,0,0,0,0,82,0,409,409,18446744073709532571,12,7011,0,0,0,5,18446744073709547832,18446744073709551030,18446744073709550379,293,5,2,1,16739620085054120890,1,0,6,14598646883148320764,0,2,1,0
PAWN_AUDIT_RESULT,3834,1,1,261,0,0,261,0,0,0,0,0
PAWN_AUDIT_ENTRY,3835,6204894306409464083,8410631538069682982,13122944140214456528,7291420389404943408,528,297,298,297,7,6,1,24,18446744073709534554,18446744073709550278,6,0,1,0,0,0,0,82,0,409,409,18446744073709532571,12,7012,0,0,0,1,18446744073709544435,18446744073709551030,18446744073709551030,293,5,2,1,16739620085054120890,1,0,6,14598646883148320764,0,0,1,0
PAWN_AUDIT_RESULT,3835,1,1,277,0,0,277,0,0,0,0,0
PAWN_AUDIT_ENTRY,3836,8410631538069682982,12207833350911204052,13122944140214456528,11812675329767927273,148,297,298,297,7,6,1,25,18446744073709539256,18446744073709547570,6,0,1,0,0,0,0,82,0,409,409,18446744073709532571,12,7013,0,0,0,3,18446744073709547042,18446744073709551030,18446744073709550064,293,5,2,1,16739620085054120890,1,0,6,14598646883148320764,0,2,1,0
PAWN_AUDIT_RESULT,3836,1,1,288,0,0,288,0,0,0,0,0
PAWN_AUDIT_ENTRY,3837,12207833350911204052,2175845640247854733,13122944140214456528,17750031501768827850,1739,297,298,297,7,6,1,26,18446744073709540204,18446744073709547017,6,0,1,0,0,0,0,82,0,409,409,18446744073709532571,12,7014,0,0,0,5,18446744073709547115,18446744073709551030,18446744073709550801,293,5,2,1,16739620085054120890,1,0,6,14598646883148320764,0,2,1,0
PAWN_AUDIT_RESULT,3837,1,1,254,0,0,254,0,0,0,0,0
PAWN_AUDIT_ENTRY,3838,2175845640247854733,15508601521176514015,13122944140214456528,16228933175074290578,1746,297,298,297,7,6,1,28,18446744073709538234,18446744073709547564,6,0,1,0,0,0,0,82,0,409,409,18446744073709532571,12,7015,0,0,0,5,18446744073709546445,18446744073709551030,18446744073709550336,293,5,2,1,16739620085054120890,1,0,6,14598646883148320764,0,2,1,0
PAWN_AUDIT_RESULT,3838,1,1,279,0,0,279,0,0,0,0,0
PAWN_AUDIT_ENTRY,3839,15508601521176514015,17359578672590659505,13122944140214456528,13678836349490195136,166,297,298,297,7,6,1,29,18446744073709539817,18446744073709547070,6,0,1,0,0,0,0,82,0,409,409,18446744073709532571,12,7016,0,0,0,3,18446744073709546930,18446744073709551030,18446744073709550820,293,5,2,1,16739620085054120890,1,0,6,14598646883148320764,0,2,1,0
PAWN_AUDIT_RESULT,3839,1,1,297,0,0,297,0,2,2,0,0
PAWN_AUDIT_ENTRY,3840,17359578672590659505,17836455593027677425,13122944140214456528,15512616403717169564,1748,297,298,297,7,6,1,31,18446744073709538272,18446744073709546609,6,0,1,0,0,0,0,82,0,409,409,18446744073709532571,12,7019,0,0,0,5,18446744073709546316,18446744073709551030,18446744073709550638,293,5,2,1,16739620085054120890,1,0,6,14598646883148320764,0,2,1,0
PAWN_AUDIT_RESULT,3840,1,1,249,0,0,249,0,0,0,0,0
PAWN_AUDIT_ENTRY,3841,17836455593027677425,17627074845351106419,13122944140214456528,18331559509859792735,323,297,298,297,7,6,1,32,18446744073709537682,18446744073709546395,6,0,1,0,0,0,0,82,0,409,409,18446744073709532571,12,7020,0,0,0,4,18446744073709545451,18446744073709551465,18446744073709551419,293,5,2,1,16739620085054120890,1,0,6,14598646883148320764,0,2,1,0
PAWN_AUDIT_RESULT,3841,1,1,297,0,0,297,0,1,1,0,0
PAWN_AUDIT_ENTRY,3854,17034814164630536052,7006983747473265165,13696847950034277666,16921991637031210082,3364,18446744073709551318,18446744073709551319,18446744073709551198,9,8,5,2,18446744073709546743,3567,7,0,0,0,0,0,0,0,0,18446744073709551145,18446744073709551145,3025664,12,7058,0,0,0,13,562,18446744073709547240,18446744073709550400,18446744073709551320,3,1,1,16739620085054120890,2,0,7,17099159607499416584,0,3,1,0
PAWN_AUDIT_RESULT,3854,5,5,-305,0,0,-305,0,3,3,0,0
PAWN_AUDIT_ENTRY,3856,13570482347190983107,16546504186864500949,13696847950034277666,17943265145276998308,3288,18446744073709551318,18446744073709551319,18446744073709551311,9,8,5,3,18446744073709550340,18446744073709550278,7,0,0,0,0,0,0,0,0,18446744073709551145,18446744073709551145,3025664,12,7062,0,0,0,11,18446744073709551613,18446744073709551030,18446744073709551030,18446744073709551320,3,1,1,16739620085054120890,2,0,7,17099159607499416584,0,3,1,0
PAWN_AUDIT_RESULT,3856,5,5,-704,0,0,-704,0,0,0,0,0
PAWN_AUDIT_ENTRY,3857,16546504186864500949,3642566203364137971,13696847950034277666,17883433041350954165,3297,18446744073709551318,18446744073709551319,18446744073709551311,9,8,4,4,18446744073709550340,18446744073709550278,7,0,0,0,0,0,0,0,0,18446744073709551145,18446744073709551145,3025664,12,7063,0,0,0,11,18446744073709551613,18446744073709551030,18446744073709551030,18446744073709551320,3,1,1,16739620085054120890,2,0,7,17099159607499416584,0,3,1,0
PAWN_AUDIT_RESULT,3857,4,4,-629,0,0,-629,0,0,0,0,0
PAWN_AUDIT_ENTRY,3858,3642566203364137971,4030654536903525248,13696847950034277666,7633013554986124487,53048,18446744073709551318,18446744073709551319,18446744073709551311,9,8,3,6,18446744073709542267,18446744073709550278,7,0,0,0,0,0,0,0,0,18446744073709551145,18446744073709551145,3025664,12,7064,0,0,0,14,18446744073709547942,18446744073709551030,18446744073709551030,18446744073709551320,3,1,1,16739620085054120890,2,0,7,17099159607499416584,0,3,1,0
PAWN_AUDIT_RESULT,3858,3,3,-549,0,0,-549,0,0,0,0,0
PAWN_AUDIT_ENTRY,3860,1884359960039169983,11043511488559418852,13696847950034277666,6349921101593528356,3308,18446744073709551318,18446744073709551319,18446744073709551311,9,8,2,13,18446744073709545052,18446744073709547148,7,0,0,0,0,0,0,0,0,18446744073709551145,18446744073709551145,3025664,12,7066,0,0,0,11,18446744073709549444,18446744073709551030,18446744073709550545,18446744073709551320,3,1,1,16739620085054120890,2,0,7,17099159607499416584,0,3,1,0
PAWN_AUDIT_RESULT,3860,2,2,-462,0,0,-462,0,0,0,0,0
PAWN_AUDIT_ENTRY,3866,12051292200313247479,1035620722415717030,8595865083803911260,13232062593476609071,3373,18446744073709551318,18446744073709551319,18446744073709551253,9,8,4,3,18446744073709542490,18446744073709548891,7,0,0,0,0,0,0,0,0,18446744073709551119,18446744073709551119,2656176,12,7078,0,0,0,13,18446744073709547562,18446744073709551030,406,18446744073709551275,4,1,1,16739620085054120890,2,0,7,2599197613667497334,0,3,1,0
PAWN_AUDIT_RESULT,3866,4,4,-429,0,0,-429,0,0,0,0,0
PAWN_AUDIT_ENTRY,3867,1035620722415717030,4960053559334156452,8595865083803911260,6551581406248104981,3305,18446744073709551318,18446744073709551319,18446744073709551253,9,8,3,5,18446744073709543124,18446744073709550278,7,0,0,0,0,0,0,0,0,18446744073709551119,18446744073709551119,2656176,12,7079,0,0,0,10,18446744073709548332,18446744073709551030,18446744073709551030,18446744073709551275,4,1,1,16739620085054120890,2,0,7,2599197613667497334,0,3,1,0
PAWN_AUDIT_RESULT,3867,3,3,-422,0,0,-422,0,0,0,0,0
PAWN_AUDIT_ENTRY,3868,4960053559334156452,11977996469723850679,8595865083803911260,2260509667275665498,3298,18446744073709551318,18446744073709551319,18446744073709551253,9,8,3,6,18446744073709542265,18446744073709550278,7,0,0,0,0,0,0,0,0,18446744073709551119,18446744073709551119,2656176,12,7080,0,0,0,10,18446744073709548184,18446744073709550779,18446744073709550788,18446744073709551275,4,1,1,16739620085054120890,2,0,7,2599197613667497334,0,3,1,0
PAWN_AUDIT_RESULT,3868,3,3,-525,0,0,-525,0,0,0,0,0
PAWN_AUDIT_ENTRY,3869,11977996469723850679,6290758848446422125,8595865083803911260,11078958760109686486,3309,18446744073709551318,18446744073709551319,18446744073709551253,9,8,3,8,18446744073709541526,18446744073709548874,7,0,0,0,0,0,0,0,0,18446744073709551119,18446744073709551119,2656176,12,7081,0,0,0,10,18446744073709547408,18446744073709551030,18446744073709551436,18446744073709551275,4,1,1,16739620085054120890,2,0,7,2599197613667497334,0,3,1,0
PAWN_AUDIT_RESULT,3869,3,3,-526,0,0,-526,0,0,0,0,0
PAWN_AUDIT_ENTRY,3870,6290758848446422125,14344165520380291066,8595865083803911260,10300918085723641368,3300,18446744073709551318,18446744073709551319,18446744073709551253,9,8,3,9,18446744073709544641,18446744073709548199,7,0,0,0,0,0,0,0,0,18446744073709551119,18446744073709551119,2656176,12,7082,0,0,0,10,18446744073709549493,18446744073709551195,18446744073709549889,18446744073709551275,4,1,1,16739620085054120890,2,0,7,2599197613667497334,0,3,1,0
PAWN_AUDIT_RESULT,3870,3,3,-437,0,0,-437,0,0,0,0,0
PAWN_AUDIT_ENTRY,3895,2494327755217332555,14440808870067782950,9221426703118647182,11785367426221520228,2343,18446744073709551318,18446744073709551319,18446744073709551241,6,5,2,2,18446744073709545156,18446744073709550278,9,0,0,0,0,0,0,0,0,18446744073709551085,18446744073709551085,443858,12,7138,0,0,0,13,18446744073709551179,18446744073709548602,18446744073709549569,18446744073709551224,2,1,1,4189249165297482247,3,0,9,13806727877297300967,0,4,1,0
PAWN_AUDIT_RESULT,3895,2,2,-425,0,0,-425,0,0,0,0,0
PAWN_AUDIT_ENTRY,3896,14440808870067782950,9489855303712177201,9221426703118647182,6353930730324530298,3763,18446744073709551318,18446744073709551319,18446744073709551241,6,5,1,4,18446744073709543823,18446744073709550519,9,0,0,0,0,0,0,0,0,18446744073709551085,18446744073709551085,443858,12,7139,0,0,0,11,18446744073709547631,18446744073709550892,1655,18446744073709551224,2,1,1,4189249165297482247,3,0,9,13806727877297300967,0,4,1,0
PAWN_AUDIT_RESULT,3896,1,1,-425,0,0,-425,0,0,0,0,0
PAWN_AUDIT_ENTRY,3897,9489855303712177201,14454272891387087505,16958690061606272167,10943607551464350603,3387,18446744073709551318,18446744073709551319,18446744073709551259,8,7,4,2,18446744073709544535,18446744073709550278,7,0,0,0,0,0,0,0,0,18446744073709551138,18446744073709551138,789965,12,7140,0,0,0,13,18446744073709550133,18446744073709548711,18446744073709551030,18446744073709551262,3,1,1,4189249165297482247,1,0,7,13259106892109335949,0,2,1,0
PAWN_AUDIT_RESULT,3897,4,4,-392,0,0,-392,0,0,0,0,0
PAWN_AUDIT_ENTRY,3898,14454272891387087505,5880560748917458250,16958690061606272167,419860925527868973,2931,18446744073709551318,18446744073709551319,18446744073709551259,8,7,2,4,18446744073709539972,18446744073709550278,7,0,0,0,0,0,0,0,0,18446744073709551138,18446744073709551138,789965,12,7141,0,0,0,10,18446744073709547503,18446744073709549821,18446744073709551030,18446744073709551262,3,1,1,4189249165297482247,1,0,7,13259106892109335949,0,2,1,0
PAWN_AUDIT_RESULT,3898,2,2,-471,0,0,-471,0,0,0,0,0
PAWN_AUDIT_ENTRY,3899,5880560748917458250,16446443393342161563,16958690061606272167,13010926551350997998,2935,18446744073709551318,18446744073709551319,18446744073709551259,8,7,2,5,18446744073709542704,18446744073709550278,7,0,0,0,0,0,0,0,0,18446744073709551138,18446744073709551138,789965,12,7142,0,0,0,10,18446744073709548141,18446744073709551030,18446744073709551030,18446744073709551262,3,1,1,4189249165297482247,1,0,7,13259106892109335949,0,2,1,0
PAWN_AUDIT_RESULT,3899,2,2,-622,0,0,-622,0,0,0,0,0
PAWN_AUDIT_ENTRY,3900,16446443393342161563,10947004453315785167,16958690061606272167,1203709803412330405,4087,18446744073709551318,18446744073709551319,18446744073709551259,8,7,2,6,18446744073709542704,18446744073709550278,7,0,0,0,0,0,0,0,0,18446744073709551138,18446744073709551138,789965,12,7143,0,0,0,12,18446744073709548141,18446744073709551030,18446744073709551030,18446744073709551262,3,1,1,4189249165297482247,1,0,7,13259106892109335949,0,2,1,0
PAWN_AUDIT_RESULT,3900,2,2,-642,0,0,-642,0,0,0,0,0
PAWN_AUDIT_ENTRY,3902,14405765017013402515,13999819063729740076,16958690061606272167,13786152722775568448,3742,18446744073709551318,18446744073709551319,18446744073709551302,8,7,2,11,18446744073709544851,18446744073709550278,7,0,0,0,0,0,0,0,0,18446744073709551138,18446744073709551138,789965,12,7145,0,0,0,11,18446744073709550457,18446744073709548350,18446744073709551030,18446744073709551262,3,1,1,4189249165297482247,1,0,7,13259106892109335949,0,2,1,0
PAWN_AUDIT_RESULT,3902,2,2,-472,0,0,-472,0,0,0,0,0
PAWN_AUDIT_ENTRY,3908,9154875715180642441,15867717733125621897,6584601905215132115,1126801039140423827,3364,18446744073709551318,18446744073709551319,18446744073709551208,8,7,4,2,18446744073709550614,3590,7,0,0,0,0,0,0,0,0,18446744073709551053,18446744073709551053,2575447,12,7159,0,0,0,13,2931,18446744073709545408,18446744073709551033,18446744073709551226,4,1,1,16739620085054120890,2,0,7,592686514590458105,0,3,1,0
PAWN_AUDIT_RESULT,3908,4,4,-391,0,0,-391,0,0,0,0,0
PAWN_AUDIT_ENTRY,3909,15867717733125621897,18445521970857138412,6584601905215132115,8986247394256222759,3763,18446744073709551318,18446744073709551319,18446744073709551225,8,7,3,3,18446744073709539448,2282,7,0,0,0,0,0,0,0,0,18446744073709551053,18446744073709551053,2575447,12,7160,0,0,0,11,18446744073709547135,18446744073709550258,18446744073709550847,18446744073709551226,4,1,1,16739620085054120890,2,0,7,592686514590458105,0,3,1,0
PAWN_AUDIT_RESULT,3909,3,3,-455,0,0,-455,0,0,0,0,0
PAWN_AUDIT_ENTRY,3910,18445521970857138412,7531072724814386389,6584601905215132115,5087735366223226119,3429,18446744073709551318,18446744073709551319,18446744073709551225,8,7,3,4,18446744073709544085,18446744073709550278,7,0,0,0,0,0,0,0,0,18446744073709551053,18446744073709551053,2575447,12,7161,0,0,0,9,18446744073709548769,18446744073709551030,18446744073709551030,18446744073709551226,4,1,1,16739620085054120890,2,0,7,592686514590458105,0,0,1,0
PAWN_AUDIT_RESULT,3910,3,3,-726,0,0,-726,0,0,0,0,0
PAWN_AUDIT_ENTRY,3911,7531072724814386389,6078560393541700823,6584601905215132115,10300918085723641368,1956,18446744073709551318,18446744073709551319,18446744073709551225,8,7,3,5,18446744073709550053,18446744073709547221,7,0,0,0,0,0,0,0,0,18446744073709551053,18446744073709551053,2575447,12,7162,0,0,0,10,18446744073709551400,18446744073709551195,18446744073709551030,18446744073709551226,4,1,1,16739620085054120890,2,0,7,592686514590458105,0,3,1,0
PAWN_AUDIT_RESULT,3911,3,3,-437,0,0,-437,0,0,0,0,0
PAWN_AUDIT_ENTRY,3914,16426538701329081848,9279369439132279024,6584601905215132115,3744466480614056349,3379,18446744073709551318,18446744073709551319,18446744073709551225,8,7,1,14,18446744073709543294,18446744073709551356,7,0,0,0,0,0,0,0,0,18446744073709551053,18446744073709551053,2575447,12,7165,0,0,0,13,18446744073709548923,18446744073709550002,18446744073709551030,18446744073709551226,4,1,1,16739620085054120890,2,0,7,592686514590458105,0,3,1,0
PAWN_AUDIT_RESULT,3914,1,1,-468,0,0,-468,0,0,0,0,0
PAWN_AUDIT_ENTRY,3928,10603470917530624979,9086223698268982738,14338294390603137724,7923936171502386266,2852,18446744073709551318,18446744073709551319,18446744073709551312,8,7,4,2,18446744073709545385,3583,7,0,0,0,0,0,0,0,0,18446744073709551085,18446744073709551085,2816197,12,7208,0,0,0,13,557,18446744073709545408,18446744073709551026,18446744073709551265,4,1,1,16739620085054120890,2,0,7,10782544888974095254,0,3,1,0
PAWN_AUDIT_RESULT,3928,4,4,-383,0,0,-383,0,0,0,0,0
PAWN_AUDIT_ENTRY,3929,9086223698268982738,8202528071872019056,14338294390603137724,9522936883447860736,2846,18446744073709551318,18446744073709551319,18446744073709551312,8,7,3,4,18446744073709542704,18446744073709550278,7,0,0,0,0,0,0,0,0,18446744073709551085,18446744073709551085,2816197,12,7209,0,0,0,13,18446744073709548141,18446744073709551030,18446744073709551030,18446744073709551265,4,1,1,16739620085054120890,2,0,7,10782544888974095254,0,3,1,0
PAWN_AUDIT_RESULT,3929,3,3,-544,0,0,-544,0,0,0,0,0
PAWN_AUDIT_ENTRY,3931,4592895224982698617,12664449883661772218,14338294390603137724,5882631338596406612,2867,18446744073709551318,18446744073709551319,18446744073709551312,8,7,2,9,18446744073709543122,18446744073709549732,7,0,0,0,0,0,0,0,0,18446744073709551085,18446744073709551085,2816197,12,7211,0,0,0,13,18446744073709548845,18446744073709550002,18446744073709551030,18446744073709551265,4,1,1,16739620085054120890,2,0,7,10782544888974095254,0,3,1,0
PAWN_AUDIT_RESULT,3931,2,2,-469,0,0,-469,0,0,0,0,0
PAWN_AUDIT_ENTRY,3956,4496465116712854153,470983808948438324,14104975446348539934,7300678096560809691,3761,18446744073709551318,18446744073709551319,18446744073709551266,6,5,2,4,18446744073709550340,18446744073709550278,7,0,0,0,0,0,0,0,0,18446744073709551195,18446744073709551195,5101738,12,7254,0,0,0,11,18446744073709551613,18446744073709551030,18446744073709551030,18446744073709551270,1,1,1,5862606910901506059,1,0,7,1124295883097183443,0,2,1,0
PAWN_AUDIT_RESULT,3956,2,2,-421,0,0,-421,0,0,0,0,0
PAWN_AUDIT_ENTRY,3957,470983808948438324,10430931457886874713,14104975446348539934,3257241508636316308,2931,18446744073709551318,18446744073709551319,18446744073709551266,6,5,1,6,18446744073709539966,18446744073709550278,7,0,0,0,0,0,0,0,0,18446744073709551195,18446744073709551195,5101738,12,7255,0,0,0,10,18446744073709546896,18446744073709551030,18446744073709551030,18446744073709551270,1,1,1,5862606910901506059,1,0,7,1124295883097183443,0,2,1,0
PAWN_AUDIT_RESULT,3957,1,1,-358,0,0,-358,0,0,0,0,0
PAWN_AUDIT_ENTRY,3958,10430931457886874713,16263864030708280612,14104975446348539934,13778815542001121074,3828,18446744073709551318,18446744073709551319,18446744073709551266,6,5,1,7,18446744073709541092,18446744073709550278,7,0,0,0,0,0,0,0,0,18446744073709551195,18446744073709551195,5101738,12,7256,0,0,0,13,18446744073709547408,18446744073709551030,18446744073709551030,18446744073709551270,1,1,1,5862606910901506059,1,0,7,1124295883097183443,0,2,1,0
PAWN_AUDIT_RESULT,3958,1,1,-557,0,0,-557,0,0,0,0,0
PAWN_AUDIT_ENTRY,3959,16263864030708280612,5482310136624040573,14104975446348539934,2391214893992380564,2722,18446744073709551318,18446744073709551319,18446744073709551266,6,5,1,9,18446744073709540615,18446744073709550278,7,0,0,0,0,0,0,0,0,18446744073709551195,18446744073709551195,5101738,12,7257,0,0,0,9,18446744073709547191,18446744073709551030,18446744073709551030,18446744073709551270,1,1,1,5862606910901506059,1,0,7,1124295883097183443,0,0,1,0
PAWN_AUDIT_RESULT,3959,1,1,-590,0,0,-590,0,0,0,0,0
PAWN_AUDIT_ENTRY,3961,4302886027492433866,9148942746370969641,16480726148187561961,14079354093917746205,3763,18446744073709551318,18446744073709551319,18446744073709551273,9,8,3,4,18446744073709541123,96,5,0,0,0,0,0,0,0,0,18446744073709551041,18446744073709551041,3316776,12,7259,0,0,1,11,18446744073709546509,18446744073709551030,1295,18446744073709551272,2,1,1,16739620085054120890,0,0,5,8087924513426073341,0,1,1,0
PAWN_AUDIT_RESULT,3961,3,3,-1021,0,0,-1021,0,0,0,0,0
PAWN_AUDIT_ENTRY,3963,14038598138741993424,13455838299935074447,16480726148187561961,12735145129696383758,3742,18446744073709551318,18446744073709551319,18446744073709551273,9,8,3,6,18446744073709544018,18446744073709548975,5,0,0,0,0,0,0,0,0,18446744073709551041,18446744073709551041,3316776,12,7261,0,0,1,11,18446744073709549791,18446744073709551030,18446744073709548861,18446744073709551272,2,1,1,16739620085054120890,0,0,5,8087924513426073341,0,1,1,0
PAWN_AUDIT_RESULT,3963,3,3,-583,0,0,-583,0,0,0,0,0
PAWN_AUDIT_ENTRY,3967,12761030283065116032,300385878550715099,14768312325839477125,1190228285175092079,2343,18446744073709551318,18446744073709551319,18446744073709551299,8,7,4,2,18446744073709546302,231,5,0,0,0,0,0,0,0,0,18446744073709550645,18446744073709550645,1109850,12,7269,0,0,1,13,18446744073709550486,18446744073709551030,18446744073709549569,18446744073709551148,4,1,1,16739620085054120890,0,0,5,6375633288420532369,0,1,1,0
PAWN_AUDIT_RESULT,3967,4,4,-1022,0,0,-1022,0,0,0,0,0
PAWN_AUDIT_ENTRY,3973,2274212725815612909,8626845217100673892,14716229562085461026,11866066058342972524,3379,18446744073709551318,18446744073709551319,18446744073709551278,9,8,6,4,18446744073709547277,18446744073709548440,5,0,0,0,0,1,0,0,0,18446744073709550991,18446744073709550991,490362,12,7279,0,0,1,13,18446744073709548036,18446744073709551030,3914,18446744073709551286,8,1,1,16739620085054120890,0,0,5,6391687263745324342,0,1,1,0
PAWN_AUDIT_RESULT,3973,6,6,-325,0,0,-325,0,1,1,0,0
PAWN_AUDIT_ENTRY,4032,8064710123135774800,11016915485617138383,5150428520469768449,8087924513426073341,3307,18446744073709551318,18446744073709551319,18446744073709551315,7,6,3,4,18446744073709546109,18446744073709547558,3,0,0,0,0,1,0,0,0,18446744073709551188,18446744073709551188,18446744073707838911,12,7367,0,0,1,9,2310,18446744073709545047,18446744073709548464,18446744073709551325,4,1,1,9222765587171915658,0,0,3,15666864846468740678,0,0,1,0
PAWN_AUDIT_RESULT,4032,3,3,-338,0,0,-338,0,0,0,0,0
PAWN_AUDIT_ENTRY,4033,11016915485617138383,9232427293865871485,5150428520469768449,5525818375687525419,3938,18446744073709551318,18446744073709551319,18446744073709551315,7,6,2,5,18446744073709542690,18446744073709551429,3,0,0,0,0,1,0,0,0,18446744073709551188,18446744073709551188,18446744073707838911,12,7368,0,0,1,11,18446744073709548191,18446744073709550917,18446744073709551030,18446744073709551325,4,1,1,9222765587171915658,0,0,3,15666864846468740678,0,1,1,0
PAWN_AUDIT_RESULT,4033,2,2,-298,0,0,-298,0,3,3,0,0
PAWN_AUDIT_ENTRY,4034,9232427293865871485,1502834125648164024,5150428520469768449,5599326402747521824,3929,18446744073709551318,18446744073709551319,18446744073709551318,7,6,2,6,18446744073709544714,18446744073709548874,3,0,0,0,0,1,0,0,0,18446744073709551188,18446744073709551188,18446744073707838911,12,7372,0,0,1,11,18446744073709549055,18446744073709551030,18446744073709551030,18446744073709551325,4,1,1,9222765587171915658,0,0,3,15666864846468740678,0,1,1,0
PAWN_AUDIT_RESULT,4034,2,2,-408,0,0,-408,0,0,0,0,0
PAWN_AUDIT_ENTRY,4050,3704537708581835221,13073599710071197973,1580963779063185168,4014852111755504515,3299,18446744073709551318,18446744073709551319,18446744073709550366,8,7,5,2,18446744073709549064,18446744073709550278,5,0,0,0,0,0,0,0,0,18446744073709551251,18446744073709551251,18446744073707394284,12,7406,0,0,1,9,18446744073709551421,18446744073709551151,18446744073709550105,18446744073709551333,6,1,1,3974261842894623574,0,0,5,9398743364383974354,0,0,1,0
PAWN_AUDIT_RESULT,4050,5,5,-375,0,0,-375,0,0,0,0,0
PAWN_AUDIT_ENTRY,4053,362945147681694908,3662491697962638324,1580963779063185168,12523581136493551047,2072,18446744073709551318,18446744073709551319,18446744073709551241,8,7,3,7,18446744073709540373,18446744073709550278,5,0,0,0,0,0,0,0,0,18446744073709551251,18446744073709551251,18446744073707394284,12,7409,0,0,1,9,18446744073709547081,18446744073709551030,18446744073709551030,18446744073709551333,6,1,1,3974261842894623574,0,0,5,9398743364383974354,0,0,1,0
PAWN_AUDIT_RESULT,4053,3,3,-389,0,0,-389,0,0,0,0,0
PAWN_AUDIT_ENTRY,4054,3662491697962638324,9649777904992038024,1580963779063185168,9831170829873622906,3362,18446744073709551318,18446744073709551319,18446744073709551241,8,7,3,8,18446744073709541589,18446744073709550067,5,0,0,0,0,0,0,0,0,18446744073709551251,18446744073709551251,18446744073707394284,12,7410,0,0,1,13,18446744073709548166,18446744073709550624,18446744073709550352,18446744073709551333,6,1,1,3974261842894623574,0,0,5,9398743364383974354,0,1,1,0
PAWN_AUDIT_RESULT,4054,3,3,-321,0,0,-321,0,19,19,0,0
PAWN_AUDIT_ENTRY,4065,7564484075462317632,4167365007482919443,1580963779063185168,11610016613823751332,3353,18446744073709551318,18446744073709551319,18446744073709551295,8,7,2,9,18446744073709540439,18446744073709550347,5,0,0,0,0,0,0,0,0,18446744073709551251,18446744073709551251,18446744073707394284,12,7430,0,0,1,13,18446744073709547111,18446744073709551030,18446744073709551030,18446744073709551333,6,1,1,3974261842894623574,0,0,5,9398743364383974354,0,1,1,0
PAWN_AUDIT_RESULT,4065,2,2,-298,0,0,-298,0,8,8,0,0
PAWN_AUDIT_ENTRY,4068,3072535093785377140,8792481209806954295,1580963779063185168,2501570525325340908,3307,18446744073709551318,18446744073709551319,18446744073709551318,8,7,1,11,18446744073709545530,18446744073709550278,5,0,0,0,0,0,0,0,0,18446744073709551251,18446744073709551251,18446744073707394284,12,7439,0,0,1,9,18446744073709551363,18446744073709549058,18446744073709549070,18446744073709551333,6,1,1,3974261842894623574,0,0,5,9398743364383974354,0,0,1,0
PAWN_AUDIT_RESULT,4068,1,1,-335,0,0,-335,0,0,0,0,0
PAWN_AUDIT_ENTRY,4069,8792481209806954295,5625004242257025332,1580963779063185168,9734353283864854503,3624,18446744073709551318,18446744073709551319,18446744073709551318,8,7,1,12,18446744073709542704,18446744073709547758,5,0,0,0,0,0,0,0,0,18446744073709551251,18446744073709551251,18446744073707394284,12,7440,0,0,1,12,18446744073709548141,18446744073709551030,18446744073709551030,18446744073709551333,6,1,1,3974261842894623574,0,0,5,9398743364383974354,0,1,1,0
PAWN_AUDIT_RESULT,4069,1,1,-391,0,0,-391,0,0,0,0,0
PAWN_AUDIT_ENTRY,4071,3132025433524198938,7155256367625697442,15262895377468639549,16471732529946363585,3307,18446744073709551318,18446744073709551319,18446744073709551318,8,7,2,3,18446744073709541858,18446744073709550278,3,0,0,0,0,0,0,2715,0,18446744073709551112,18446744073709551112,18446744073706580014,12,7442,0,0,1,9,18446744073709551363,18446744073709543816,18446744073709551030,18446744073709551335,8,1,1,3974261842894623574,0,0,3,5603233968797161082,0,0,1,0
PAWN_AUDIT_RESULT,4071,2,2,-395,0,0,-395,0,0,0,0,0
PAWN_AUDIT_ENTRY,4073,8499883504437299207,6072939077580887584,15262895377468639549,7439687982345392777,3353,18446744073709551318,18446744073709551319,18446744073709551318,8,7,1,5,18446744073709543721,18446744073709550347,3,0,0,0,0,0,0,2715,0,18446744073709551112,18446744073709551112,18446744073706580014,12,7444,0,0,1,13,18446744073709549813,18446744073709548611,18446744073709551030,18446744073709551335,8,1,1,3974261842894623574,0,0,3,5603233968797161082,0,1,1,0
PAWN_AUDIT_RESULT,4073,1,1,-432,0,0,-432,0,0,0,0,0
PAWN_AUDIT_ENTRY,4074,6072939077580887584,2752652062429943010,15262895377468639549,6677504699274161077,2736,18446744073709551318,18446744073709551319,18446744073709551318,8,7,1,6,18446744073709544714,18446744073709548874,3,0,0,0,0,0,0,2715,0,18446744073709551112,18446744073709551112,18446744073706580014,12,7445,0,0,1,10,18446744073709549055,18446744073709551030,18446744073709551030,18446744073709551335,8,1,1,3974261842894623574,0,0,3,5603233968797161082,0,1,1,0
PAWN_AUDIT_RESULT,4074,1,1,-687,0,0,-687,0,0,0,0,0
PAWN_AUDIT_ENTRY,4075,2752652062429943010,5162214154736696965,15262895377468639549,16385153400816211210,3632,18446744073709551318,18446744073709551319,18446744073709551318,8,7,1,7,18446744073709544714,18446744073709548874,3,0,0,0,0,0,0,2715,0,18446744073709551112,18446744073709551112,18446744073706580014,12,7446,0,0,1,12,18446744073709549055,18446744073709551030,18446744073709551030,18446744073709551335,8,1,1,3974261842894623574,0,0,3,5603233968797161082,0,1,1,0
PAWN_AUDIT_RESULT,4075,1,1,-660,0,0,-660,0,0,0,0,0
PAWN_AUDIT_ENTRY,4077,15815320139557675071,6507449228013387541,15262895377468639549,5642818591610181975,3362,18446744073709551318,18446744073709551319,18446744073709551318,8,7,1,10,18446744073709545279,18446744073709550067,3,0,0,0,0,0,0,2715,0,18446744073709551112,18446744073709551112,18446744073706580014,12,7448,0,0,1,13,18446744073709549826,18446744073709550001,18446744073709551030,18446744073709551335,8,1,1,3974261842894623574,0,0,3,5603233968797161082,0,1,1,0
PAWN_AUDIT_RESULT,4077,1,1,-421,0,0,-421,0,0,0,0,0
PAWN_AUDIT_ENTRY,4100,6218092284123319579,12362029127095916496,2785355629927259901,17028167236021031024,3340,18446744073709551318,18446744073709551319,18446744073709550965,6,5,3,2,18446744073709550340,18446744073709550278,7,0,0,0,0,0,0,0,0,18446744073709550971,18446744073709550971,18446744073707027297,12,7492,0,0,1,13,18446744073709551613,18446744073709551030,18446744073709551030,18446744073709551133,2,1,1,654545434589992863,0,0,7,12770008786769904191,0,1,1,0
PAWN_AUDIT_RESULT,4100,3,3,-763,0,0,-763,0,0,0,0,0
PAWN_AUDIT_ENTRY,4101,12362029127095916496,3517596861791223259,2785355629927259901,6494557781798896081,3387,18446744073709551318,18446744073709551319,18446744073709550965,6,5,2,3,18446744073709548321,18446744073709550278,7,0,0,0,0,0,0,0,0,18446744073709550971,18446744073709550971,18446744073707027297,12,7493,0,0,1,13,18446744073709548318,2764,860,18446744073709551133,2,1,1,654545434589992863,0,0,7,12770008786769904191,0,1,1,0
PAWN_AUDIT_RESULT,4101,2,2,-802,0,0,-802,0,0,0,0,0
PAWN_AUDIT_ENTRY,4102,3517596861791223259,2038806822250951669,2785355629927259901,5634463653238156979,3379,18446744073709551318,18446744073709551319,18446744073709550965,6,5,2,5,18446744073709551412,18446744073709548874,7,0,0,0,0,0,0,0,0,18446744073709550971,18446744073709550971,18446744073707027297,12,7494,0,0,1,13,3186,18446744073709548302,18446744073709548274,18446744073709551133,2,1,1,654545434589992863,0,0,7,12770008786769904191,0,1,1,0
PAWN_AUDIT_RESULT,4102,2,2,-833,0,0,-833,0,0,0,0,0
PAWN_AUDIT_ENTRY,4103,2038806822250951669,7063028364946102470,2785355629927259901,10031650551015612437,2285,18446744073709551318,18446744073709551319,18446744073709550965,6,5,2,6,18446744073709548051,18446744073709548874,7,0,0,0,0,0,0,0,0,18446744073709550971,18446744073709550971,18446744073707027297,12,7495,0,0,1,10,18446744073709550194,18446744073709551312,18446744073709551519,18446744073709551133,2,1,1,654545434589992863,0,0,7,12770008786769904191,0,1,1,0
PAWN_AUDIT_RESULT,4103,2,2,-363,0,0,-363,0,0,0,0,0
PAWN_AUDIT_ENTRY,4106,828987482565031814,6299349867827944920,16179065545190762704,9014083859410991290,3362,18446744073709551318,18446744073709551319,18446744073709551262,8,7,3,6,18446744073709543770,18446744073709550278,5,0,0,0,0,0,0,0,0,18446744073709550963,18446744073709550963,435582,12,7498,0,0,1,13,18446744073709549140,18446744073709550001,18446744073709551030,18446744073709551142,4,1,1,654545434589992863,0,0,5,9121350024271083415,0,1,1,0
PAWN_AUDIT_RESULT,4106,3,3,-571,0,0,-571,0,0,0,0,0
PAWN_AUDIT_ENTRY,4107,6299349867827944920,14034541710698903819,16179065545190762704,6334155116263595080,2265,18446744073709551318,18446744073709551319,18446744073709551262,8,7,3,7,18446744073709547219,18446744073709548874,5,0,0,0,0,0,0,0,0,18446744073709550963,18446744073709550963,435582,12,7499,0,0,1,10,18446744073709550194,18446744073709551030,18446744073709551030,18446744073709551142,4,1,1,654545434589992863,0,0,5,9121350024271083415,0,1,1,0
PAWN_AUDIT_RESULT,4107,3,3,-557,0,0,-557,0,0,0,0,0
PAWN_AUDIT_ENTRY,4108,14034541710698903819,18213577070959165326,16179065545190762704,10249114727283711227,2281,18446744073709551318,18446744073709551319,18446744073709551262,8,7,3,8,18446744073709547219,18446744073709548874,5,0,0,0,0,0,0,0,0,18446744073709550963,18446744073709550963,435582,12,7500,0,0,1,10,18446744073709550194,18446744073709551030,18446744073709551030,18446744073709551142,4,1,1,654545434589992863,0,0,5,9121350024271083415,0,1,1,0
PAWN_AUDIT_RESULT,4108,3,3,-573,0,0,-573,0,0,0,0,0
PAWN_AUDIT_ENTRY,4109,18213577070959165326,10186305883564149604,16179065545190762704,12989948663725797776,3364,18446744073709551318,18446744073709551319,18446744073709551262,8,7,3,9,18446744073709546311,18446744073709548874,5,0,0,0,0,0,0,0,0,18446744073709550963,18446744073709550963,435582,12,7501,0,0,1,13,18446744073709550359,18446744073709549874,18446744073709551030,18446744073709551142,4,1,1,654545434589992863,0,0,5,9121350024271083415,0,1,1,0
PAWN_AUDIT_RESULT,4109,3,3,-704,0,0,-704,0,0,0,0,0
PAWN_AUDIT_ENTRY,4178,14158899009968269842,4073469996178343029,3325684997144288129,4852638574502594595,861,285,286,246,6,5,1,3,18446744073709539728,18446744073709550099,10,0,0,0,0,0,0,0,0,173,173,18446744073700625335,12,7630,0,0,0,1,18446744073709547142,18446744073709551030,18446744073709550300,32002,18446744073709551613,0,0,16739620085054120890,5,0,10,3138769469321929292,0,0,1,0
PAWN_AUDIT_RESULT,4178,1,1,247,0,0,247,0,0,0,0,0
PAWN_AUDIT_ENTRY,4179,4073469996178343029,11826252806021143537,3325684997144288129,917501221194509720,139,285,286,247,6,5,1,6,18446744073709550137,3001,10,0,0,0,0,0,0,0,0,173,173,18446744073700625335,12,7631,0,0,0,3,1414,18446744073709547958,18446744073709551085,32002,18446744073709551613,0,0,16739620085054120890,5,0,10,3138769469321929292,0,6,1,0
PAWN_AUDIT_RESULT,4179,1,1,239,0,0,239,0,0,0,0,0
PAWN_AUDIT_ENTRY,4226,16734208960521474786,12351414422842652907,12284502287518269635,14340706197113688929,861,285,286,269,6,5,2,3,18446744073709547813,18446744073709550099,10,0,0,0,0,0,0,0,0,142,142,18446744073701157723,12,7713,0,0,0,1,18446744073709550464,18446744073709551030,18446744073709551030,32002,18446744073709551613,0,0,16739620085054120890,5,0,10,12669544321706883342,0,0,1,0
PAWN_AUDIT_RESULT,4226,2,2,233,0,0,233,0,0,0,0,0
PAWN_AUDIT_ENTRY,4227,12351414422842652907,16681872681210990943,12284502287518269635,16286012047230412620,197,285,286,269,6,5,1,4,18446744073709545467,18446744073709549081,10,0,0,0,0,0,0,0,0,142,142,18446744073701157723,12,7714,0,0,0,4,18446744073709549397,18446744073709551030,18446744073709551030,32002,18446744073709551613,0,0,16739620085054120890,5,0,10,12669544321706883342,0,6,1,0
PAWN_AUDIT_RESULT,4227,1,1,171,0,0,171,0,0,0,0,0
PAWN_AUDIT_ENTRY,4268,15175178102065243644,14561741180701002976,17315193273994309808,11750873564948496794,82,285,286,275,6,5,3,2,18446744073709551489,8156,10,0,0,0,0,0,0,0,0,38,38,18446744073701157723,12,7784,0,0,0,2,934,18446744073709550232,18446744073709550998,32002,18446744073709551613,0,0,16739620085054120890,5,0,10,17718285027190376829,0,6,1,0
PAWN_AUDIT_RESULT,4268,3,3,239,0,0,239,0,11,11,0,0
PAWN_AUDIT_ENTRY,4275,4315740330109437501,17752821989744389306,17315193273994309808,15192688934204294825,139,285,286,275,6,5,1,3,18446744073709543954,3157,10,0,0,0,0,0,0,0,0,38,38,18446744073701157723,12,7796,0,0,0,3,18446744073709550245,18446744073709547958,18446744073709551030,32002,18446744073709551613,0,0,16739620085054120890,5,0,10,17718285027190376829,0,6,1,0
PAWN_AUDIT_RESULT,4275,1,1,183,0,0,183,0,0,0,0,0
PAWN_AUDIT_ENTRY,4276,17752821989744389306,7400839743414105804,17315193273994309808,11327909285609710354,861,285,286,275,6,5,1,5,18446744073709544154,18446744073709550099,10,0,0,0,0,0,0,0,0,38,38,18446744073701157723,12,7797,0,0,0,1,18446744073709548800,18446744073709551030,18446744073709551030,32002,18446744073709551613,0,0,16739620085054120890,5,0,10,17718285027190376829,0,0,1,0
PAWN_AUDIT_RESULT,4276,1,1,203,0,0,203,0,0,0,0,0
PAWN_AUDIT_ENTRY,4277,7400839743414105804,3326507265574008462,17315193273994309808,768462335348533566,1689,285,286,275,6,5,1,7,18446744073709549421,18446744073709550004,10,0,0,0,0,0,0,0,0,38,38,18446744073701157723,12,7798,0,0,0,5,18446744073709551195,18446744073709551030,18446744073709551030,32002,18446744073709551613,0,0,16739620085054120890,5,0,10,17718285027190376829,0,6,1,0
PAWN_AUDIT_RESULT,4277,1,1,155,0,0,155,0,0,0,0,0
PAWN_AUDIT_ENTRY,4278,3326507265574008462,11092468373542459354,17315193273994309808,16286012047230412620,1683,285,286,275,6,5,1,8,18446744073709549622,18446744073709549689,10,0,0,0,0,0,0,0,0,38,38,18446744073701157723,12,7799,0,0,0,5,129,18446744073709550113,18446744073709551030,32002,18446744073709551613,0,0,16739620085054120890,5,0,10,17718285027190376829,0,6,1,0
PAWN_AUDIT_RESULT,4278,1,1,170,0,0,170,0,0,0,0,0
PAWN_AUDIT_ENTRY,4279,11092468373542459354,14317468644586221143,17315193273994309808,8450747816158123623,1682,285,286,275,6,5,1,9,18446744073709551275,18446744073709546893,10,0,0,0,0,0,0,0,0,38,38,18446744073701157723,12,7800,0,0,0,5,18446744073709551613,18446744073709551347,18446744073709551579,32002,18446744073709551613,0,0,16739620085054120890,5,0,10,17718285027190376829,0,6,1,0
PAWN_AUDIT_RESULT,4279,1,1,170,0,0,170,0,0,0,0,0
PAWN_AUDIT_ENTRY,4280,14317468644586221143,8646768224426525827,17315193273994309808,5218737665450365071,1681,285,286,275,6,5,1,10,18446744073709550340,18446744073709547758,10,0,0,0,0,0,0,0,0,38,38,18446744073701157723,12,7801,0,0,0,5,18446744073709551613,18446744073709551030,18446744073709551030,32002,18446744073709551613,0,0,16739620085054120890,5,0,10,17718285027190376829,0,6,1,0
PAWN_AUDIT_RESULT,4280,1,1,164,0,0,164,0,0,0,0,0
PAWN_AUDIT_ENTRY,4291,2031630607292633574,15279473881475183788,14933688594125658978,11691383492412557504,861,285,286,117,12,11,9,3,18446744073709546780,18446744073709550278,8,0,0,0,0,1,0,0,0,9,9,18446744073708101767,12,7815,0,0,1,1,18446744073709549994,18446744073709551030,18446744073709551030,179,10,1,1,8712036221253117485,0,0,8,17290647871590896100,0,0,1,0
PAWN_AUDIT_RESULT,4291,9,9,138,0,0,138,0,1,1,0,0
PAWN_AUDIT_ENTRY,4292,15279473881475183788,7524853849389011183,14933688594125658978,223952851304359855,324,285,286,138,12,11,8,4,18446744073709540032,18446744073709550625,8,0,0,0,0,1,0,0,0,9,9,18446744073708101767,12,7817,0,0,1,4,18446744073709546926,18446744073709551030,18446744073709551030,179,10,1,1,8712036221253117485,0,0,8,17290647871590896100,0,1,1,0
PAWN_AUDIT_RESULT,4292,8,8,37,0,0,37,0,0,0,0,0
PAWN_AUDIT_ENTRY,4293,7524853849389011183,13996451224947520239,14933688594125658978,3043329992701046102,666,285,286,138,12,11,8,5,18446744073709537389,18446744073709550278,8,0,0,0,0,1,0,0,0,9,9,18446744073708101767,12,7818,0,0,1,1,18446744073709545724,18446744073709551030,18446744073709551030,179,10,1,1,8712036221253117485,0,0,8,17290647871590896100,0,0,1,0
PAWN_AUDIT_RESULT,4293,8,8,156,0,0,156,0,0,0,0,0
PAWN_AUDIT_ENTRY,4294,13996451224947520239,3289483744897030408,14933688594125658978,14192517677905289586,166,285,286,156,12,11,7,6,18446744073709538854,18446744073709550278,8,0,0,0,0,1,0,0,0,9,9,18446744073708101767,12,7819,0,0,1,3,18446744073709546390,18446744073709551030,18446744073709551030,179,10,1,1,8712036221253117485,0,0,8,17290647871590896100,0,1,1,0
PAWN_AUDIT_RESULT,4294,7,7,182,0,0,182,0,0,0,0,0
PAWN_AUDIT_ENTRY,4295,3289483744897030408,14813183376370194232,14933688594125658978,15766542841544255067,148,285,286,182,12,11,7,7,18446744073709538299,18446744073709551049,8,0,0,0,0,1,0,0,0,9,9,18446744073708101767,12,7820,0,0,1,3,18446744073709546138,18446744073709551030,18446744073709551030,179,10,1,1,8712036221253117485,0,0,8,17290647871590896100,0,1,1,0
PAWN_AUDIT_RESULT,4295,7,7,285,0,0,285,0,0,0,0,0
PAWN_AUDIT_ENTRY,4296,14813183376370194232,11330608741859690697,14933688594125658978,5392547508150889365,75,285,286,285,12,11,7,8,18446744073709536467,18446744073709550278,8,0,0,0,0,1,0,0,0,9,9,18446744073708101767,12,7821,0,0,1,2,18446744073709545305,18446744073709551030,18446744073709551030,179,10,1,1,8712036221253117485,0,0,8,17290647871590896100,0,1,1,0
PAWN_AUDIT_RESULT,4296,7,7,179,0,0,179,0,0,0,0,0
PAWN_AUDIT_ENTRY,4297,11330608741859690697,7012513688031030920,14933688594125658978,7859718352920918372,536,285,286,285,12,11,7,9,18446744073709535205,18446744073709550278,8,0,0,0,0,1,0,0,0,9,9,18446744073708101767,12,7822,0,0,1,1,18446744073709544731,18446744073709551030,18446744073709551030,179,10,1,1,8712036221253117485,0,0,8,17290647871590896100,0,0,1,0
PAWN_AUDIT_RESULT,4297,7,7,177,0,0,177,0,0,0,0,0
PAWN_AUDIT_ENTRY,4298,7012513688031030920,260986105190770428,14933688594125658978,6706255385271732109,593,285,286,285,12,11,6,10,18446744073709535542,18446744073709550278,8,0,0,0,0,1,0,0,0,9,9,18446744073708101767,12,7823,0,0,1,1,18446744073709544884,18446744073709551030,18446744073709551030,179,10,1,1,8712036221253117485,0,0,8,17290647871590896100,0,0,1,0
PAWN_AUDIT_RESULT,4298,6,6,169,0,0,169,0,0,0,0,0
PAWN_AUDIT_ENTRY,4299,260986105190770428,10405811859428383462,14933688594125658978,4913016571232034832,80,285,286,285,12,11,6,11,18446744073709535238,18446744073709550278,8,0,0,0,0,1,0,0,0,9,9,18446744073708101767,12,7824,0,0,1,2,18446744073709544746,18446744073709551030,18446744073709551030,179,10,1,1,8712036221253117485,0,0,8,17290647871590896100,0,1,1,0
PAWN_AUDIT_RESULT,4299,6,6,179,0,0,179,0,0,0,0,0
PAWN_AUDIT_ENTRY,4300,10405811859428383462,14777365949186873880,14933688594125658978,8502145706485243956,391,285,286,285,12,11,6,12,18446744073709534723,18446744073709550278,8,0,0,0,0,1,0,0,0,9,9,18446744073708101767,12,7825,0,0,1,6,18446744073709544512,18446744073709551030,18446744073709551030,179,10,1,1,8712036221253117485,0,0,8,17290647871590896100,0,1,1,0
PAWN_AUDIT_RESULT,4300,6,6,164,0,0,164,0,0,0,0,0
PAWN_AUDIT_ENTRY,4309,12018331529979074358,12072169905669279271,9776069699549325462,11905046833999666831,139,285,286,285,8,7,5,2,18446744073709550858,3426,8,0,0,0,0,0,0,0,0,163,163,18446744073699571916,12,7841,0,0,0,3,18446744073709550885,1341,18446744073709551030,246,2,1,1,16739620085054120890,3,0,8,4483491091990969026,0,4,1,0
PAWN_AUDIT_RESULT,4309,5,5,218,0,0,218,0,0,0,0,0
PAWN_AUDIT_ENTRY,4314,9730301852547692933,13508745563993918335,9776069699549325462,5444621951683253339,324,285,286,285,8,7,1,5,18446744073709536571,1637,8,0,0,0,0,0,0,0,0,163,163,18446744073699571916,12,7854,0,0,0,4,18446744073709548500,18446744073709544734,18446744073709551030,246,2,1,1,16739620085054120890,3,0,8,4483491091990969026,0,4,1,0
PAWN_AUDIT_RESULT,4314,1,1,236,0,0,236,0,0,0,0,0
PAWN_AUDIT_ENTRY,4315,13508745563993918335,13594564258838425684,9776069699549325462,9026076079164407625,157,285,286,285,8,7,1,7,18446744073709545976,18446744073709550777,8,0,0,0,0,0,0,0,0,163,163,18446744073699571916,12,7855,0,0,0,3,18446744073709549758,18446744073709550771,18446744073709551030,246,2,1,1,16739620085054120890,3,0,8,4483491091990969026,0,4,1,0
PAWN_AUDIT_RESULT,4315,1,1,238,0,0,238,0,0,0,0,0
PAWN_AUDIT_ENTRY,4323,13681701138407051472,14447803400605716268,3325142458589714543,3580548664094061215,1561,285,286,18446744073709550222,10,9,5,3,18446744073709545770,18446744073709549398,8,0,0,0,0,0,0,0,0,98,98,18446744073703586253,12,7869,0,0,0,5,18446744073709549725,18446744073709551030,18446744073709550638,243,6,1,1,16739620085054120890,3,0,8,716604082433930139,0,4,1,0
PAWN_AUDIT_ENTRY,4340,12057931881307164304,15757014819906930684,3580548664094061215,17133862916538759285,2343,18446744073709551330,18446744073709551331,18446744073709551312,9,8,1,3,18446744073709545464,3509,9,0,1,0,0,0,0,0,0,18446744073709551330,18446744073709551380,18446744073704459263,12,7906,0,0,0,13,18446744073709549396,18446744073709551030,18446744073709551030,18446744073709551330,5,1,1,16739620085054120890,4,0,9,3325142458589714543,0,5,1,0
PAWN_AUDIT_RESULT,4340,1,1,-292,0,0,-292,0,0,0,0,0
PAWN_AUDIT_ENTRY,4341,15757014819906930684,5401841941018016428,3580548664094061215,8396729992777438686,3306,18446744073709551330,18446744073709551331,18446744073709551324,9,8,1,4,18446744073709547388,18446744073709549376,9,0,1,0,0,0,0,0,0,18446744073709551330,18446744073709551380,18446744073704459263,12,7907,0,0,0,11,18446744073709549265,639,224,18446744073709551330,5,1,1,16739620085054120890,4,0,9,3325142458589714543,0,5,1,0
PAWN_AUDIT_RESULT,4341,1,1,-286,0,0,-286,0,0,0,0,0
PAWN_AUDIT_ENTRY,4343,5445940211147569753,16954114473761139043,3580548664094061215,16593998592725181306,53048,18446744073709551330,18446744073709551331,18446744073709551330,9,8,1,11,18446744073709540778,18446744073709550278,9,0,1,0,0,0,0,0,0,18446744073709551330,18446744073709551380,18446744073704459263,12,7909,0,0,0,14,18446744073709547265,18446744073709551030,18446744073709551030,18446744073709551330,5,1,1,16739620085054120890,4,0,9,3325142458589714543,0,5,1,0
PAWN_AUDIT_RESULT,4343,1,1,-286,0,0,-286,0,0,0,0,0
PAWN_AUDIT_ENTRY,4344,16954114473761139043,15391837827943727248,3580548664094061215,11149796925697920121,2348,18446744073709551330,18446744073709551331,18446744073709551330,9,8,1,12,18446744073709538526,18446744073709550645,9,0,1,0,0,0,0,0,0,18446744073709551330,18446744073709551380,18446744073704459263,12,7910,0,0,0,13,18446744073709546241,18446744073709551030,18446744073709551030,18446744073709551330,5,1,1,16739620085054120890,4,0,9,3325142458589714543,0,5,1,0
PAWN_AUDIT_RESULT,4344,1,1,-292,0,0,-292,0,0,0,0,0
PAWN_AUDIT_ENTRY,4345,15391837827943727248,7174741517605557940,3580548664094061215,8613951464570809096,3297,18446744073709551330,18446744073709551331,18446744073709551330,9,8,1,13,18446744073709544714,18446744073709547758,9,0,1,0,0,0,0,0,0,18446744073709551330,18446744073709551380,18446744073704459263,12,7911,0,0,0,11,18446744073709549055,18446744073709551030,18446744073709551030,18446744073709551330,5,1,1,16739620085054120890,4,0,9,3325142458589714543,0,5,1,0
PAWN_AUDIT_RESULT,4345,1,1,-361,0,0,-361,0,0,0,0,0
PAWN_AUDIT_ENTRY,4346,7174741517605557940,14146689176574161388,3580548664094061215,10021527386656430706,3242,18446744073709551330,18446744073709551331,18446744073709551330,9,8,1,15,18446744073709540375,18446744073709550840,9,0,1,0,0,0,0,0,0,18446744073709551330,18446744073709551380,18446744073704459263,12,7912,0,0,0,9,18446744073709547082,18446744073709551030,18446744073709551030,18446744073709551330,5,1,1,16739620085054120890,4,0,9,3325142458589714543,0,0,1,0
PAWN_AUDIT_RESULT,4346,1,1,-316,0,0,-316,0,0,0,0,0
PAWN_AUDIT_ENTRY,4347,14146689176574161388,18134222864537368016,3580548664094061215,12922053582754554153,3642,18446744073709551330,18446744073709551331,18446744073709551330,9,8,1,16,18446744073709542117,18446744073709548225,9,0,1,0,0,0,0,0,0,18446744073709551330,18446744073709551380,18446744073704459263,12,7913,0,0,0,12,18446744073709547874,18446744073709551030,18446744073709551030,18446744073709551330,5,1,1,16739620085054120890,4,0,9,3325142458589714543,0,5,1,0
PAWN_AUDIT_RESULT,4347,1,1,-288,0,0,-288,0,0,0,0,0
PAWN_AUDIT_ENTRY,4348,18134222864537368016,17666035373922163049,3580548664094061215,425859790641935339,3643,18446744073709551330,18446744073709551331,18446744073709551330,9,8,1,17,18446744073709541224,18446744073709548190,9,0,1,0,0,0,0,0,0,18446744073709551330,18446744073709551380,18446744073704459263,12,7914,0,0,0,12,18446744073709547468,18446744073709551030,18446744073709551030,18446744073709551330,5,1,1,16739620085054120890,4,0,9,3325142458589714543,0,5,1,0
PAWN_AUDIT_RESULT,4348,1,1,-301,0,0,-301,0,0,0,0,0
PAWN_AUDIT_ENTRY,4349,17666035373922163049,12996242514865557286,3580548664094061215,17514992403703668122,2910,18446744073709551330,18446744073709551331,18446744073709551330,9,8,1,18,18446744073709540070,18446744073709547492,9,0,1,0,0,0,0,0,0,18446744073709551330,18446744073709551380,18446744073704459263,12,7915,0,0,0,10,18446744073709546943,18446744073709551030,18446744073709551030,18446744073709551330,5,1,1,16739620085054120890,4,0,9,3325142458589714543,0,5,1,0
PAWN_AUDIT_RESULT,4349,1,1,-306,0,0,-306,0,0,0,0,0
PAWN_AUDIT_ENTRY,4350,12996242514865557286,95517649000028871,3580548664094061215,14517075781173584180,3234,18446744073709551330,18446744073709551331,18446744073709551330,9,8,1,19,18446744073709538062,18446744073709549825,9,0,1,0,0,0,0,0,0,18446744073709551330,18446744073709551380,18446744073704459263,12,7916,0,0,0,9,18446744073709546030,18446744073709551030,18446744073709551030,18446744073709551330,5,1,1,16739620085054120890,4,0,9,3325142458589714543,0,0,1,0
PAWN_AUDIT_RESULT,4350,1,1,-304,0,0,-304,0,0,0,0,0
PAWN_AUDIT_ENTRY,4351,95517649000028871,1768363925763603008,3580548664094061215,1613430943308962155,3322,18446744073709551330,18446744073709551331,18446744073709551330,9,8,1,20,18446744073709541473,18446744073709547500,9,0,1,0,0,0,0,0,0,18446744073709551330,18446744073709551380,18446744073704459263,12,7917,0,0,0,11,18446744073709547581,18446744073709551030,18446744073709551030,18446744073709551330,5,1,1,16739620085054120890,4,0,9,3325142458589714543,0,5,1,0
PAWN_AUDIT_RESULT,4351,1,1,-327,0,0,-327,0,0,0,0,0
PAWN_AUDIT_ENTRY,4352,1768363925763603008,4926964249326224504,3580548664094061215,17417673800558478153,2337,18446744073709551330,18446744073709551331,18446744073709551330,9,8,1,21,18446744073709540965,18446744073709547945,9,0,1,0,0,0,0,0,0,18446744073709551330,18446744073709551380,18446744073704459263,12,7918,0,0,0,13,18446744073709547350,18446744073709551030,18446744073709551030,18446744073709551330,5,1,1,16739620085054120890,4,0,9,3325142458589714543,0,5,1,0
PAWN_AUDIT_ENTRY,4377,4222717283913482436,8433387545194229995,4501834342629338262,2082088982857636495,139,285,286,283,6,5,1,5,18446744073709543526,1547,12,0,0,0,0,0,0,0,0,172,172,18446744073705545366,12,7961,0,0,1,3,18446744073709548884,18446744073709550754,18446744073709550553,172,0,1,1,16739620085054120890,0,0,12,13258914864168494377,0,1,1,0
PAWN_AUDIT_RESULT,4377,1,1,190,0,0,190,0,0,0,0,0
PAWN_AUDIT_ENTRY,4378,8433387545194229995,18101553637551014007,4501834342629338262,5982618187674894132,861,285,286,283,6,5,1,6,18446744073709546814,18446744073709549492,12,0,0,0,0,0,0,0,0,172,172,18446744073705545366,12,7962,0,0,1,1,18446744073709550342,18446744073709550782,18446744073709550601,172,0,1,1,16739620085054120890,0,0,12,13258914864168494377,0,0,1,0
PAWN_AUDIT_RESULT,4378,1,1,121,0,0,121,0,0,0,0,0
PAWN_AUDIT_ENTRY,4381,17315345584302796278,13493690521848609729,17417673800558478153,815294255605798038,157,285,286,283,8,7,3,3,18446744073709551042,1776,10,0,0,0,0,0,0,0,0,179,179,18446744073705275036,12,7965,0,0,0,3,18446744073709551262,18446744073709550890,939,264,2,1,1,16739620085054120890,5,0,10,3580548664094061215,0,6,1,0
PAWN_AUDIT_RESULT,4381,3,3,250,0,0,250,0,0,0,0,0
PAWN_AUDIT_ENTRY,4382,13493690521848609729,7995782665477466017,17417673800558478153,4439633614626209668,324,285,286,283,8,7,3,4,18446744073709550743,3808,10,0,0,0,0,0,0,0,0,179,179,18446744073705275036,12,7966,0,0,0,4,180,18446744073709551030,18446744073709551030,264,2,1,1,16739620085054120890,5,0,10,3580548664094061215,0,6,1,0
PAWN_AUDIT_RESULT,4382,3,3,251,0,0,251,0,0,0,0,0
PAWN_AUDIT_ENTRY,4385,14594641303265926969,7384466006694896485,17417673800558478153,11199438970170096093,1604,285,286,283,8,7,1,9,18446744073709548332,18446744073709548874,10,0,0,0,0,0,0,0,0,179,179,18446744073705275036,12,7972,0,0,0,5,18446744073709550700,18446744073709551030,18446744073709551030,264,2,1,1,16739620085054120890,5,0,10,3580548664094061215,0,6,1,0
PAWN_AUDIT_RESULT,4385,1,1,223,0,0,223,0,1,1,0,0
PAWN_AUDIT_ENTRY,4386,7384466006694896485,14466137245798991960,17417673800558478153,15214470796719306064,139,285,286,283,8,7,1,10,18446744073709541515,110,10,0,0,0,0,0,0,0,0,179,179,18446744073705275036,12,7974,0,0,0,3,18446744073709548250,18446744073709550905,18446744073709549820,264,2,1,1,16739620085054120890,5,0,10,3580548664094061215,0,6,1,0
PAWN_AUDIT_RESULT,4386,1,1,233,0,0,233,0,0,0,0,0
PAWN_AUDIT_ENTRY,4387,14466137245798991960,12061974332407890741,17417673800558478153,10472732228537956784,1616,285,286,283,8,7,1,11,18446744073709550340,18446744073709547758,10,0,0,0,0,0,0,0,0,179,179,18446744073705275036,12,7975,0,0,0,5,18446744073709551613,18446744073709551030,18446744073709551030,264,2,1,1,16739620085054120890,5,0,10,3580548664094061215,0,6,1,0
PAWN_AUDIT_RESULT,4387,1,1,235,0,0,235,0,0,0,0,0
PAWN_AUDIT_ENTRY,4388,12061974332407890741,2667484109270794353,17417673800558478153,11297068529747939563,861,285,286,283,8,7,1,12,18446744073709544471,18446744073709549492,10,0,0,0,0,0,0,0,0,179,179,18446744073705275036,12,7976,0,0,0,1,18446744073709549174,18446744073709550917,18446744073709550673,264,2,1,1,16739620085054120890,5,0,10,3580548664094061215,0,0,1,0
PAWN_AUDIT_RESULT,4388,1,1,218,0,0,218,0,0,0,0,0
PAWN_AUDIT_ENTRY,4389,2667484109270794353,5297378157247786479,17417673800558478153,3359707984063424476,1618,285,286,283,8,7,1,13,18446744073709550340,18446744073709546804,10,0,0,0,0,0,0,0,0,179,179,18446744073705275036,12,7977,0,0,0,5,18446744073709551613,18446744073709551030,18446744073709551030,264,2,1,1,16739620085054120890,5,0,10,3580548664094061215,0,6,1,0
PAWN_AUDIT_RESULT,4389,1,1,253,0,0,253,0,0,0,0,0
PAWN_AUDIT_ENTRY,4390,5297378157247786479,4473036745166707034,17417673800558478153,4164725453351993220,1611,285,286,283,8,7,1,14,18446744073709550340,18446744073709546281,10,0,0,0,0,0,0,0,0,179,179,18446744073705275036,12,7978,0,0,0,5,18446744073709551613,18446744073709551030,18446744073709551030,264,2,1,1,16739620085054120890,5,0,10,3580548664094061215,0,6,1,0
PAWN_AUDIT_RESULT,4390,1,1,285,0,0,285,0,1,1,0,0
PAWN_AUDIT_ENTRY,4391,4473036745166707034,2413208967585262499,17417673800558478153,1408408977371914548,1617,285,286,285,8,7,1,17,18446744073709547824,18446744073709547524,10,0,0,0,0,0,0,0,0,179,179,18446744073705275036,12,7980,0,0,0,5,18446744073709550469,18446744073709551030,18446744073709551030,264,2,1,1,16739620085054120890,5,0,10,3580548664094061215,0,6,1,0
PAWN_AUDIT_RESULT,4391,1,1,221,0,0,221,0,0,0,0,0
PAWN_AUDIT_RESULT,4352,1,1,-264,1,8,-285,0,7,62,1,1
PAWN_AUDIT_RESULT,4323,5,5,286,1,10,285,0,30,111,0,0
PAWN_AUDIT_ENTRY,4392,2413208967585262499,15456832761312757087,3325142458589714543,17414037529774625706,1552,285,286,285,10,9,4,4,18446744073709539497,18446744073709548274,8,0,0,0,0,0,0,0,0,98,98,18446744073703586253,12,7981,0,0,0,5,18446744073709546974,18446744073709551030,18446744073709550430,243,6,1,1,16739620085054120890,3,0,8,716604082433930139,0,4,1,0
PAWN_AUDIT_RESULT,4392,4,4,234,0,0,234,0,0,0,0,0
PAWN_AUDIT_ENTRY,4393,15456832761312757087,13032147494875583426,3325142458589714543,8319877113766923054,1553,285,286,285,10,9,4,5,18446744073709539484,18446744073709547445,8,0,0,0,0,0,0,0,0,98,98,18446744073703586253,12,7982,0,0,0,5,18446744073709547000,18446744073709551030,18446744073709550364,243,6,1,1,16739620085054120890,3,0,8,716604082433930139,0,4,1,0
PAWN_AUDIT_ENTRY,4407,5651899280506855340,1634938447006667813,8319877113766923054,14620154281972324730,3956,18446744073709551330,18446744073709551331,18446744073709551330,7,6,1,2,18446744073709549969,4351,9,0,1,0,0,0,0,0,0,18446744073709551330,18446744073709551349,18446744073705272529,12,8012,0,0,0,11,18446744073709551472,476,18446744073709549879,18446744073709551330,5,1,1,16739620085054120890,4,0,9,3325142458589714543,0,5,1,0
PAWN_AUDIT_RESULT,4407,1,1,-289,0,0,-289,0,0,0,0,0
PAWN_AUDIT_ENTRY,4408,1634938447006667813,15942660304978733245,8319877113766923054,1766698510819808569,2336,18446744073709551330,18446744073709551331,18446744073709551330,7,6,1,3,18446744073709549280,1934,9,0,1,0,0,0,0,0,0,18446744073709551330,18446744073709551349,18446744073705272529,12,8013,0,0,0,13,18446744073709551131,18446744073709551030,18446744073709551030,18446744073709551330,5,1,1,16739620085054120890,4,0,9,3325142458589714543,0,5,1,0
PAWN_AUDIT_RESULT,4408,1,1,-313,0,0,-313,0,0,0,0,0
PAWN_AUDIT_ENTRY,4410,9929705976910127735,6322351691715595063,8319877113766923054,12610426018955411908,2343,18446744073709551330,18446744073709551331,18446744073709551330,7,6,1,10,18446744073709541691,1734,9,0,1,0,0,0,0,0,0,18446744073709551330,18446744073709551349,18446744073705272529,12,8015,0,0,0,13,18446744073709548080,18446744073709551030,18446744073709550206,18446744073709551330,5,1,1,16739620085054120890,4,0,9,3325142458589714543,0,5,1,0
PAWN_AUDIT_RESULT,4410,1,1,-309,0,0,-309,0,0,0,0,0
PAWN_AUDIT_ENTRY,4411,6322351691715595063,14054783744558873084,8319877113766923054,3909585572753550447,3306,18446744073709551330,18446744073709551331,18446744073709551330,7,6,1,11,18446744073709541054,18446744073709550450,9,0,1,0,0,0,0,0,0,18446744073709551330,18446744073709551349,18446744073705272529,12,8016,0,0,0,11,18446744073709547803,18446744073709551030,18446744073709550180,18446744073709551330,5,1,1,16739620085054120890,4,0,9,3325142458589714543,0,5,1,0
PAWN_AUDIT_RESULT,4411,1,1,-313,0,0,-313,0,0,0,0,0
PAWN_AUDIT_ENTRY,4412,14054783744558873084,5696747788772918634,8319877113766923054,11857757782291700427,53048,18446744073709551330,18446744073709551331,18446744073709551330,7,6,1,12,18446744073709538626,18446744073709549655,9,0,1,0,0,0,0,0,0,18446744073709551330,18446744073709551349,18446744073705272529,12,8017,0,0,0,14,18446744073709546610,18446744073709551030,18446744073709550364,18446744073709551330,5,1,1,16739620085054120890,4,0,9,3325142458589714543,0,5,1,0
PAWN_AUDIT_RESULT,4412,1,1,-305,0,0,-305,0,0,0,0,0
PAWN_AUDIT_ENTRY,4413,5696747788772918634,14076867678241442506,8319877113766923054,15598928793503151560,2348,18446744073709551330,18446744073709551331,18446744073709551330,7,6,1,13,18446744073709537015,18446744073709549959,9,0,1,0,0,0,0,0,0,18446744073709551330,18446744073709551349,18446744073705272529,12,8018,0,0,0,13,18446744073709545845,18446744073709551030,18446744073709550430,18446744073709551330,5,1,1,16739620085054120890,4,0,9,3325142458589714543,0,5,1,0
PAWN_AUDIT_RESULT,4413,1,1,-304,0,0,-304,0,0,0,0,0
PAWN_AUDIT_ENTRY,4414,14076867678241442506,2815691351340883044,8319877113766923054,10771956213145081384,3308,18446744073709551330,18446744073709551331,18446744073709551330,7,6,1,14,18446744073709543393,18446744073709546385,9,0,1,0,0,0,0,0,0,18446744073709551330,18446744073709551349,18446744073705272529,12,8019,0,0,0,11,18446744073709548454,18446744073709551030,18446744073709551030,18446744073709551330,5,1,1,16739620085054120890,4,0,9,3325142458589714543,0,5,1,0
PAWN_AUDIT_RESULT,4414,1,1,-424,0,0,-424,0,1,1,0,0
PAWN_AUDIT_ENTRY,4415,2815691351340883044,10227123034660798106,8319877113766923054,14543548311088456643,3242,18446744073709551330,18446744073709551331,18446744073709551330,7,6,1,15,18446744073709538320,18446744073709550350,9,0,1,0,0,0,0,0,0,18446744073709551330,18446744073709551349,18446744073705272529,12,8021,0,0,0,9,18446744073709546383,18446744073709551030,18446744073709550545,18446744073709551330,5,1,1,16739620085054120890,4,0,9,3325142458589714543,0,0,1,0
PAWN_AUDIT_RESULT,4415,1,1,-341,0,0,-341,0,0,0,0,0
PAWN_AUDIT_ENTRY,4416,10227123034660798106,17138940121884609,8319877113766923054,17407210155011971224,3642,18446744073709551330,18446744073709551331,18446744073709551330,7,6,1,16,18446744073709540631,18446744073709547940,9,0,1,0,0,0,0,0,0,18446744073709551330,18446744073709551349,18446744073705272529,12,8022,0,0,0,12,18446744073709547410,18446744073709551030,18446744073709550594,18446744073709551330,5,1,1,16739620085054120890,4,0,9,3325142458589714543,0,5,1,0
PAWN_AUDIT_RESULT,4416,1,1,-310,0,0,-310,0,0,0,0,0
PAWN_AUDIT_ENTRY,4417,17138940121884609,2632373227449354842,8319877113766923054,17115957310294834139,3559,18446744073709551330,18446744073709551331,18446744073709551330,7,6,1,17,18446744073709534719,18446744073709550278,9,0,1,0,0,0,0,0,0,18446744073709551330,18446744073709551349,18446744073705272529,12,8023,0,0,0,9,18446744073709544510,18446744073709551030,18446744073709551030,18446744073709551330,5,1,1,16739620085054120890,4,0,9,3325142458589714543,0,0,1,0
PAWN_AUDIT_RESULT,4417,1,1,-316,0,0,-316,0,0,0,0,0
PAWN_AUDIT_ENTRY,4418,2632373227449354842,2265273815126518249,8319877113766923054,3478031134454011281,3494,18446744073709551330,18446744073709551331,18446744073709551330,7,6,1,18,18446744073709534684,18446744073709550278,9,0,1,0,0,0,0,0,0,18446744073709551330,18446744073709551349,18446744073705272529,12,8024,0,0,0,9,18446744073709544494,18446744073709551030,18446744073709551030,18446744073709551330,5,1,1,16739620085054120890,4,0,9,3325142458589714543,0,0,1,0
PAWN_AUDIT_RESULT,4418,1,1,-409,0,0,-409,0,0,0,0,0
PAWN_AUDIT_ENTRY,4419,2265273815126518249,9159668664513081162,8319877113766923054,5330186312410452962,3169,18446744073709551330,18446744073709551331,18446744073709551330,7,6,1,19,18446744073709534633,18446744073709550278,9,0,1,0,0,0,0,0,0,18446744073709551330,18446744073709551349,18446744073705272529,12,8025,0,0,0,9,18446744073709544471,18446744073709551030,18446744073709551030,18446744073709551330,5,1,1,16739620085054120890,4,0,9,3325142458589714543,0,0,1,0
PAWN_AUDIT_RESULT,4419,1,1,-355,0,0,-355,0,0,0,0,0
PAWN_AUDIT_ENTRY,4420,9159668664513081162,6893848430736921610,8319877113766923054,8518230434514559507,2331,18446744073709551330,18446744073709551331,18446744073709551330,7,6,1,20,18446744073709540580,18446744073709548796,9,0,1,0,0,0,0,0,0,18446744073709551330,18446744073709551349,18446744073705272529,12,8026,0,0,0,13,18446744073709547175,18446744073709551030,18446744073709551030,18446744073709551330,5,1,1,16739620085054120890,4,0,9,3325142458589714543,0,5,1,0
PAWN_AUDIT_RESULT,4420,1,1,-381,0,0,-381,0,0,0,0,0
PAWN_AUDIT_ENTRY,4421,6893848430736921610,12485495132649019042,8319877113766923054,9275311087135112260,3892,18446744073709551330,18446744073709551331,18446744073709551330,7,6,1,21,18446744073709537259,18446744073709548874,9,0,1,0,0,0,0,0,0,18446744073709551330,18446744073709551349,18446744073705272529,12,8027,0,0,0,14,18446744073709545665,18446744073709551030,18446744073709551030,18446744073709551330,5,1,1,16739620085054120890,4,0,9,3325142458589714543,0,5,1,0
PAWN_AUDIT_RESULT,4421,1,1,-638,0,0,-638,0,0,0,0,0
PAWN_AUDIT_ENTRY,4422,12485495132649019042,15831544375472175429,8319877113766923054,10224081828460708011,3177,18446744073709551330,18446744073709551331,18446744073709551330,7,6,1,22,18446744073709534596,18446744073709550052,9,0,1,0,0,0,0,0,0,18446744073709551330,18446744073709551349,18446744073705272529,12,8028,0,0,0,9,18446744073709544454,18446744073709551030,18446744073709551030,18446744073709551330,5,1,1,16739620085054120890,4,0,9,3325142458589714543,0,0,1,0
PAWN_AUDIT_RESULT,4422,1,1,-341,0,0,-341,0,0,0,0,0
PAWN_AUDIT_ENTRY,4423,15831544375472175429,15852007973044481674,8319877113766923054,2359637260215325314,3112,18446744073709551330,18446744073709551331,18446744073709551330,7,6,1,23,18446744073709534635,18446744073709550026,9,0,1,0,0,0,0,0,0,18446744073709551330,18446744073709551349,18446744073705272529,12,8029,0,0,0,9,18446744073709544472,18446744073709551030,18446744073709551030,18446744073709551330,5,1,1,16739620085054120890,4,0,9,3325142458589714543,0,0,1,0
PAWN_AUDIT_RESULT,4423,1,1,-340,0,0,-340,0,0,0,0,0
PAWN_AUDIT_ENTRY,4424,15852007973044481674,2660986269517865742,8319877113766923054,5129172354504329818,3643,18446744073709551330,18446744073709551331,18446744073709551330,7,6,1,24,18446744073709539596,18446744073709547935,9,0,1,0,0,0,0,0,0,18446744073709551330,18446744073709551349,18446744073705272529,12,8030,0,0,0,12,18446744073709546918,18446744073709551030,18446744073709550638,18446744073709551330,5,1,1,16739620085054120890,4,0,9,3325142458589714543,0,5,1,0
PAWN_AUDIT_RESULT,4424,1,1,-323,0,0,-323,0,0,0,0,0
PAWN_AUDIT_ENTRY,4425,2660986269517865742,4371581401506247590,8319877113766923054,3840560144687256249,3297,18446744073709551330,18446744073709551331,18446744073709551330,7,6,1,25,18446744073709540605,18446744073709547440,9,0,1,0,0,0,0,0,0,18446744073709551330,18446744073709551349,18446744073705272529,12,8031,0,0,0,11,18446744073709547448,18446744073709551030,18446744073709550491,18446744073709551330,5,1,1,16739620085054120890,4,0,9,3325142458589714543,0,5,1,0
PAWN_AUDIT_RESULT,4425,1,1,-455,0,0,-455,0,0,0,0,0
PAWN_AUDIT_ENTRY,4426,4371581401506247590,7729894667364330953,8319877113766923054,11555320154542929905,3294,18446744073709551330,18446744073709551331,18446744073709551330,7,6,1,36,18446744073709542245,18446744073709546215,9,0,1,0,0,0,0,0,0,18446744073709551330,18446744073709551349,18446744073705272529,12,8032,0,0,0,11,18446744073709547932,18446744073709551030,18446744073709551030,18446744073709551330,5,1,1,16739620085054120890,4,0,9,3325142458589714543,0,5,1,0
PAWN_AUDIT_RESULT,4426,1,1,-433,0,0,-433,0,0,0,0,0
PAWN_AUDIT_RESULT,4393,4,4,286,1,8,286,0,16,50,1,1
PAWN_AUDIT_ENTRY,4579,2494953632598061168,2215970090938027266,15666864846468740678,12155342946627269565,658,299,300,299,9,8,5,2,18446744073709549513,3238,2,0,1,0,0,1,0,1371,0,382,382,11501032,12,8256,0,0,0,1,18446744073709548096,18446744073709550215,6725,298,11,2,1,8860007574336811895,7,0,2,11956279959657343338,0,0,1,0
PAWN_AUDIT_ENTRY,4607,13174008781649144745,18346784244054020563,18068928395341851738,11603574890412933,157,299,300,297,7,6,1,4,18446744073709546214,18446744073709550278,4,0,1,0,0,1,0,1828,0,300,245,2648814,12,8313,0,0,1,3,18446744073709549737,18446744073709551030,18446744073709551030,300,4,2,1,6439947098830842219,0,0,4,12155342946627269565,0,1,1,0
PAWN_AUDIT_RESULT,4607,1,1,191,0,0,191,0,0,0,0,0
PAWN_AUDIT_ENTRY,4608,18346784244054020563,210007714023438173,18068928395341851738,7925762471301086927,216,299,300,297,7,6,1,5,18446744073709544940,18446744073709548874,4,0,1,0,0,1,0,1828,0,300,245,2648814,12,8314,0,0,1,5,18446744073709547779,466,1171,300,4,2,1,6439947098830842219,0,0,4,12155342946627269565,0,1,1,0
PAWN_AUDIT_RESULT,4608,1,1,213,0,0,213,0,0,0,0,0
PAWN_AUDIT_RESULT,4579,5,5,300,1,7,297,0,24,58,0,0
PAWN_AUDIT_ENTRY,4614,128223910910896971,14066356698177607821,1856431078946608813,3352003269589260625,3307,18446744073709551316,18446744073709551317,18446744073709551316,9,8,4,2,18446744073709543989,18446744073709550278,3,0,0,0,0,1,0,0,0,18446744073709551099,18446744073709551099,18446744073704748641,12,8328,0,0,0,9,18446744073709549977,18446744073709550875,18446744073709548610,18446744073709551228,5,1,1,1920941370536527952,0,0,3,15666864846468740678,0,0,1,0
PAWN_AUDIT_RESULT,4614,4,4,-429,0,0,-429,0,0,0,0,0
PAWN_AUDIT_ENTRY,4615,14066356698177607821,5918018764094720872,1856431078946608813,15808255898568423848,2910,18446744073709551316,18446744073709551317,18446744073709551316,9,8,3,3,18446744073709538812,18446744073709550278,3,0,0,0,0,1,0,0,0,18446744073709551099,18446744073709551099,18446744073704748641,12,8329,0,0,0,10,18446744073709546371,18446744073709551030,18446744073709551030,18446744073709551228,5,1,1,1920941370536527952,0,0,3,15666864846468740678,0,1,1,0
PAWN_AUDIT_RESULT,4615,3,3,-357,0,0,-357,0,0,0,0,0
PAWN_AUDIT_ENTRY,4616,5918018764094720872,17112142473349700476,1856431078946608813,1302956195406015367,3938,18446744073709551316,18446744073709551317,18446744073709551316,9,8,3,7,18446744073709545950,18446744073709550278,3,0,0,0,0,1,0,0,0,18446744073709551099,18446744073709551099,18446744073704748641,12,8330,0,0,0,11,18446744073709548898,18446744073709551030,895,18446744073709551228,5,1,1,1920941370536527952,0,0,3,15666864846468740678,0,1,1,0
PAWN_AUDIT_RESULT,4616,3,3,-500,0,0,-500,0,0,0,0,0
PAWN_AUDIT_ENTRY,4617,17112142473349700476,117125479460531520,1856431078946608813,1373154761150620812,3929,18446744073709551316,18446744073709551317,18446744073709551316,9,8,2,8,18446744073709542799,18446744073709550278,3,0,0,0,0,1,0,0,0,18446744073709551099,18446744073709551099,18446744073704748641,12,8331,0,0,0,11,18446744073709548184,18446744073709551030,18446744073709551030,18446744073709551228,5,1,1,1920941370536527952,0,0,3,15666864846468740678,0,1,1,0
PAWN_AUDIT_RESULT,4617,2,2,-577,0,0,-577,0,0,0,0,0
PAWN_AUDIT_ENTRY,4619,10413467743965459262,2638941311598800386,1856431078946608813,11551806467950281977,3956,18446744073709551316,18446744073709551317,18446744073709551316,9,8,3,12,18446744073709547853,18446744073709548874,3,0,0,0,0,1,0,0,0,18446744073709551099,18446744073709551099,18446744073704748641,12,8333,0,0,0,11,18446744073709547844,18446744073709551030,4850,18446744073709551228,5,1,1,1920941370536527952,0,0,3,15666864846468740678,0,1,1,0
PAWN_AUDIT_RESULT,4619,3,3,-490,0,0,-490,0,0,0,0,0
PAWN_AUDIT_ENTRY,4709,6848246080429625168,12257421582262179957,8728047351120636483,13511126615772022086,2910,18446744073709551310,18446744073709551311,18446744073709551310,6,5,1,4,18446744073709545758,18446744073709550278,11,0,0,0,0,0,0,0,0,18446744073709551145,18446744073709551145,18446744073709380616,13,8503,0,0,1,10,18446744073709547392,18446744073709551030,3818,18446744073709551309,5,1,1,3697497451916569683,0,0,11,14620154281972324730,0,1,1,0
PAWN_AUDIT_RESULT,4709,1,1,-597,0,0,-597,0,0,0,0,0
PAWN_AUDIT_ENTRY,4710,12257421582262179957,4197897750504111056,8728047351120636483,4483319013541354949,3288,18446744073709551310,18446744073709551311,18446744073709551310,6,5,1,6,18446744073709547219,18446744073709550278,11,0,0,0,0,0,0,0,0,18446744073709551145,18446744073709551145,18446744073709380616,13,8504,0,0,1,11,18446744073709550194,18446744073709551030,18446744073709551030,18446744073709551309,5,1,1,3697497451916569683,0,0,11,14620154281972324730,0,1,1,0
PAWN_AUDIT_RESULT,4710,1,1,-739,0,0,-739,0,0,0,0,0
PAWN_AUDIT_ENTRY,4711,4197897750504111056,8896750186321122723,8728047351120636483,14142394799248022323,3387,18446744073709551310,18446744073709551311,18446744073709551310,6,5,1,7,18446744073709550692,18446744073709550278,11,0,0,0,0,0,0,0,0,18446744073709551145,18446744073709551145,18446744073709380616,13,8505,0,0,1,11,18446744073709551086,18446744073709550908,955,18446744073709551309,5,1,1,3697497451916569683,0,0,11,14620154281972324730,0,1,1,0
PAWN_AUDIT_RESULT,4711,1,1,-627,0,0,-627,0,0,0,0,0
PAWN_AUDIT_ENTRY,4713,2679413619329472054,13141270313513738169,12340402728519345664,1356417031268676692,3956,18446744073709551310,18446744073709551311,18446744073709551020,6,5,2,2,18446744073709546246,18446744073709550278,11,0,0,0,0,0,0,0,0,18446744073709550863,18446744073709550863,18446744073708196888,13,8509,0,0,1,11,18446744073709549900,18446744073709551030,18446744073709550724,18446744073709551173,0,1,1,3697497451916569683,0,0,11,1766698510819808569,0,1,1,0
PAWN_AUDIT_RESULT,4713,2,2,-504,0,0,-504,0,0,0,0,0
PAWN_AUDIT_ENTRY,4762,532340341250145199,14930856498543315646,16143792975097555548,4358738611025633462,2343,18446744073709551310,18446744073709551311,18446744073709551274,7,6,3,6,18446744073709546675,18446744073709551511,9,0,0,0,0,1,0,3956,0,18446744073709551284,18446744073709551316,1365685,13,8591,0,0,0,13,18446744073709546596,6115,18446744073709551030,18446744073709551284,5,1,1,17444982774477705371,1,0,9,12921627328962075510,0,2,1,0
PAWN_AUDIT_RESULT,4762,3,3,-364,0,0,-364,0,0,0,0,0
PAWN_AUDIT_ENTRY,4764,16283129420494239565,15073007704145636064,16143792975097555548,9917632777739647162,2338,18446744073709551310,18446744073709551311,18446744073709551274,7,6,2,17,18446744073709541059,18446744073709548085,9,0,0,0,0,1,0,3956,0,18446744073709551284,18446744073709551316,1365685,13,8593,0,0,0,13,18446744073709546432,1336,18446744073709551030,18446744073709551284,5,1,1,17444982774477705371,1,0,9,12921627328962075510,0,2,1,0
PAWN_AUDIT_RESULT,4764,2,2,-459,0,0,-459,0,0,0,0,0
PAWN_AUDIT_ENTRY,4765,15073007704145636064,8226617718877450993,16143792975097555548,12970745382392669883,3742,18446744073709551310,18446744073709551311,18446744073709551274,7,6,4,23,18446744073709551569,18446744073709546219,9,0,0,0,0,1,0,3956,0,18446744073709551284,18446744073709551316,1365685,13,8594,0,0,0,11,1896,18446744073709548350,18446744073709551030,18446744073709551284,5,1,1,17444982774477705371,1,0,9,12921627328962075510,0,2,1,0
PAWN_AUDIT_RESULT,4765,4,4,-422,0,0,-422,0,0,0,0,0
PAWN_AUDIT_ENTRY,4791,15396959593646053971,12356265027307092910,13122944140214456528,2428912796143515127,1752,305,306,305,10,9,5,2,18446744073709549128,5551,6,0,1,0,0,1,0,82,1,391,391,18446744073707088997,13,8655,0,0,0,5,18446744073709550840,18446744073709548386,2595,302,7,2,1,16739620085054120890,1,0,6,14598646883148320764,0,2,1,0
PAWN_AUDIT_RESULT,4791,5,5,274,0,0,274,0,1,1,0,0
PAWN_AUDIT_ENTRY,4792,12356265027307092910,10604060808188235133,13122944140214456528,8807542662921055261,324,305,306,305,10,9,3,3,18446744073709546720,3489,6,0,1,0,0,1,0,82,0,391,391,18446744073707088997,13,8657,0,0,0,4,18446744073709550041,317,18446744073709549947,302,7,2,1,16739620085054120890,1,0,6,14598646883148320764,0,2,1,0
PAWN_AUDIT_RESULT,4792,3,3,305,0,0,305,0,12,12,0,0
PAWN_AUDIT_ENTRY,4795,16882607739679351357,5871811997635363949,13122944140214456528,5545782639146862351,157,305,306,305,10,9,3,4,18446744073709547964,18446744073709550367,6,0,1,0,0,1,0,82,0,391,391,18446744073707088997,13,8670,0,0,0,3,18446744073709546892,2504,3732,302,7,2,1,16739620085054120890,1,0,6,14598646883148320764,0,2,1,0
PAWN_AUDIT_RESULT,4795,3,3,305,0,0,305,0,4,4,0,0
PAWN_AUDIT_ENTRY,4800,7232131442078438554,16208831591602835189,13122944140214456528,11445325116619015371,1753,305,306,305,10,9,2,6,18446744073709540206,1024,6,0,1,0,0,1,0,82,0,391,391,18446744073707088997,13,8684,0,0,0,5,18446744073709547626,18446744073709551030,18446744073709549750,302,7,2,1,16739620085054120890,1,0,6,14598646883148320764,0,2,1,0
PAWN_AUDIT_RESULT,4800,2,2,272,0,0,272,0,0,0,0,0
PAWN_AUDIT_ENTRY,4801,16208831591602835189,18115284167964748645,13122944140214456528,14395059921304458539,658,305,306,305,10,9,2,10,18446744073709541896,18446744073709549202,6,0,1,0,0,1,0,82,0,391,391,18446744073707088997,13,8685,0,0,0,1,18446744073709550072,18446744073709549828,18446744073709547532,302,7,2,1,16739620085054120890,1,0,6,14598646883148320764,0,0,1,0
PAWN_AUDIT_RESULT,4801,2,2,253,0,0,253,0,0,0,0,0
PAWN_AUDIT_ENTRY,4802,18115284167964748645,14816341960623720911,13122944140214456528,5988971721516099300,666,305,306,305,10,9,2,11,18446744073709537731,18446744073709549825,6,0,1,0,0,1,0,82,0,391,391,18446744073707088997,13,8686,0,0,0,1,18446744073709545043,693,18446744073709551436,302,7,2,1,16739620085054120890,1,0,6,14598646883148320764,0,0,1,0
PAWN_AUDIT_RESULT,4802,2,2,291,0,0,291,0,0,0,0,0
PAWN_AUDIT_ENTRY,4803,14816341960623720911,11502614320414342291,13122944140214456528,2607699841001933887,593,305,306,305,10,9,1,12,18446744073709536187,18446744073709549669,6,0,1,0,0,1,0,82,0,391,391,18446744073707088997,13,8687,0,0,0,1,18446744073709544678,703,18446744073709550731,302,7,2,1,16739620085054120890,1,0,6,14598646883148320764,0,0,1,0
PAWN_AUDIT_RESULT,4803,1,1,297,0,0,297,0,0,0,0,0
PAWN_AUDIT_ENTRY,4804,11502614320414342291,16395303967187977243,13122944140214456528,1455325404898751190,536,305,306,305,10,9,1,13,18446744073709537038,18446744073709549661,6,0,1,0,0,1,0,82,0,391,391,18446744073707088997,13,8688,0,0,0,1,18446744073709544987,707,18446744073709550888,302,7,2,1,16739620085054120890,1,0,6,14598646883148320764,0,0,1,0
PAWN_AUDIT_RESULT,4804,1,1,292,0,0,292,0,0,0,0,0
PAWN_AUDIT_ENTRY,4805,16395303967187977243,2866564425552973566,13122944140214456528,17750031501768827850,1739,305,306,305,10,9,2,14,18446744073709538908,18446744073709549221,6,0,1,0,0,1,0,82,0,391,391,18446744073707088997,13,8689,0,0,0,5,18446744073709546585,18446744073709551030,18446744073709550679,302,7,2,1,16739620085054120890,1,0,6,14598646883148320764,0,2,1,0
PAWN_AUDIT_RESULT,4805,2,2,258,0,0,258,0,0,0,0,0
PAWN_AUDIT_ENTRY,4806,2866564425552973566,15576865589136550498,13122944140214456528,1620266348051872942,1731,305,306,305,10,9,2,15,18446744073709544147,18446744073709545622,6,0,1,0,0,1,0,82,0,391,391,18446744073707088997,13,8690,0,0,0,5,18446744073709548327,18446744073709551030,382,302,7,2,1,16739620085054120890,1,0,6,14598646883148320764,0,2,1,0
PAWN_AUDIT_RESULT,4806,2,2,250,0,0,250,0,0,0,0,0
PAWN_AUDIT_ENTRY,4807,15576865589136550498,10460921421151033748,13122944140214456528,7679813909350823994,991,305,306,305,10,9,1,16,18446744073709534138,18446744073709550013,6,0,1,0,0,1,0,82,0,391,391,18446744073707088997,13,8691,0,0,0,1,18446744073709544553,18446744073709551030,18446744073709550397,302,7,2,1,16739620085054120890,1,0,6,14598646883148320764,0,0,1,0
PAWN_AUDIT_RESULT,4807,1,1,277,0,0,277,0,0,0,0,0
PAWN_AUDIT_ENTRY,4808,10460921421151033748,15732074321305927720,13122944140214456528,15807966581607269234,861,305,306,305,10,9,2,17,18446744073709539635,18446744073709548996,6,0,1,0,0,1,0,82,0,391,391,18446744073707088997,13,8692,0,0,0,1,18446744073709547344,18446744073709550356,18446744073709550491,302,7,2,1,16739620085054120890,1,0,6,14598646883148320764,0,0,1,0
PAWN_AUDIT_RESULT,4808,2,2,292,0,0,292,0,1,1,0,0
PAWN_AUDIT_ENTRY,4809,15732074321305927720,17633597085593631868,13122944140214456528,10701320961190160073,139,305,306,305,10,9,1,18,18446744073709535859,18446744073709551143,6,0,1,0,0,1,0,82,0,391,391,18446744073707088997,13,8694,0,0,0,3,18446744073709546088,18446744073709549711,18446744073709550206,302,7,2,1,16739620085054120890,1,0,6,14598646883148320764,0,2,1,0
PAWN_AUDIT_RESULT,4809,1,1,295,0,0,295,0,1,1,0,0
PAWN_AUDIT_ENTRY,4810,17633597085593631868,1605633137015005213,13122944140214456528,9595179108103998361,853,305,306,305,10,9,1,19,18446744073709534190,18446744073709550153,6,0,1,0,0,1,0,82,0,391,391,18446744073707088997,13,8696,0,0,0,1,18446744073709544637,18446744073709551030,18446744073709550273,302,7,2,1,16739620085054120890,1,0,6,14598646883148320764,0,0,1,0
PAWN_AUDIT_RESULT,4810,1,1,245,0,0,245,0,0,0,0,0
PAWN_AUDIT_ENTRY,4811,1605633137015005213,12333296939046368563,13122944140214456528,14177642581034927753,1754,305,306,305,10,9,2,20,18446744073709542412,18446744073709546355,6,0,1,0,0,1,0,82,0,391,391,18446744073707088997,13,8697,0,0,0,5,18446744073709548394,18446744073709551030,18446744073709550235,302,7,2,1,16739620085054120890,1,0,6,14598646883148320764,0,2,1,0
PAWN_AUDIT_RESULT,4811,2,2,266,0,0,266,0,0,0,0,0
PAWN_AUDIT_ENTRY,4812,12333296939046368563,11365463534098375017,13122944140214456528,1633062848205515482,601,305,306,305,10,9,1,22,18446744073709534270,18446744073709550086,6,0,1,0,0,1,0,82,0,391,391,18446744073707088997,13,8698,0,0,0,1,18446744073709544516,18446744073709551030,18446744073709550597,302,7,2,1,16739620085054120890,1,0,6,14598646883148320764,0,0,1,0
PAWN_AUDIT_RESULT,4812,1,1,271,0,0,271,0,0,0,0,0
PAWN_AUDIT_ENTRY,4813,11365463534098375017,10332913027159837808,13122944140214456528,4399880527571315618,80,305,306,305,10,9,1,23,18446744073709536792,18446744073709548076,6,0,1,0,0,1,0,82,0,391,391,18446744073707088997,13,8699,0,0,0,2,18446744073709545577,18446744073709551030,18446744073709550774,302,7,2,1,16739620085054120890,1,0,6,14598646883148320764,0,2,1,0
PAWN_AUDIT_RESULT,4813,1,1,294,0,0,294,0,0,0,0,0
PAWN_AUDIT_ENTRY,4814,10332913027159837808,3590036967395409897,13122944140214456528,7291420389404943408,528,305,306,305,10,9,1,24,18446744073709534372,18446744073709550123,6,0,1,0,0,1,0,82,0,391,391,18446744073707088997,13,8700,0,0,0,1,18446744073709544433,18446744073709551030,18446744073709550864,302,7,2,1,16739620085054120890,1,0,6,14598646883148320764,0,0,1,0
PAWN_AUDIT_RESULT,4814,1,1,278,0,0,278,0,0,0,0,0
PAWN_AUDIT_ENTRY,4815,3590036967395409897,5825161348559141581,13122944140214456528,3096733313460919665,983,305,306,305,10,9,1,25,18446744073709533829,18446744073709549528,6,0,1,0,0,1,0,82,0,391,391,18446744073707088997,13,8701,0,0,0,1,18446744073709545001,18446744073709550724,18446744073709549500,302,7,2,1,16739620085054120890,1,0,6,14598646883148320764,0,0,1,0
PAWN_AUDIT_RESULT,4815,1,1,272,0,0,272,0,0,0,0,0
PAWN_AUDIT_ENTRY,4816,5825161348559141581,12697911111684930532,13122944140214456528,3744501124354220071,75,305,306,305,10,9,1,26,18446744073709536608,18446744073709548277,6,0,1,0,0,1,0,82,0,391,391,18446744073707088997,13,8702,0,0,0,2,18446744073709545480,18446744073709551030,18446744073709550801,302,7,2,1,16739620085054120890,1,0,6,14598646883148320764,0,2,1,0
PAWN_AUDIT_RESULT,4816,1,1,284,0,0,284,0,0,0,0,0
PAWN_AUDIT_ENTRY,4817,12697911111684930532,3888269335960817648,13122944140214456528,16228933175074290578,1746,305,306,305,10,9,1,27,18446744073709536953,18446744073709547940,6,0,1,0,0,1,0,82,0,391,391,18446744073707088997,13,8703,0,0,0,5,18446744073709546130,18446744073709551030,18446744073709549785,302,7,2,1,16739620085054120890,1,0,6,14598646883148320764,0,2,1,0
PAWN_AUDIT_RESULT,4817,1,1,281,0,0,281,0,0,0,0,0
PAWN_AUDIT_ENTRY,4818,3888269335960817648,8423316491248077158,13122944140214456528,8537803765317569209,1747,305,306,305,10,9,1,28,18446744073709535406,18446744073709548015,6,0,1,0,0,1,0,82,0,391,391,18446744073707088997,13,8704,0,0,0,5,18446744073709548360,18446744073709545315,18446744073709549629,302,7,2,1,16739620085054120890,1,0,6,14598646883148320764,0,2,1,0
PAWN_AUDIT_RESULT,4818,1,1,278,0,0,278,0,0,0,0,0
PAWN_AUDIT_ENTRY,4819,8423316491248077158,8571313495342200281,13122944140214456528,11812675329767927273,148,305,306,305,10,9,2,29,18446744073709537565,18446744073709547026,6,0,1,0,0,1,0,82,0,391,391,18446744073707088997,13,8705,0,0,0,3,18446744073709546769,18446744073709551030,18446744073709549042,302,7,2,1,16739620085054120890,1,0,6,14598646883148320764,0,2,1,0
PAWN_AUDIT_RESULT,4819,2,2,292,0,0,292,0,0,0,0,0
PAWN_AUDIT_ENTRY,4820,8571313495342200281,2850140418524890181,13122944140214456528,13678836349490195136,166,305,306,305,10,9,2,30,18446744073709537807,18446744073709547010,6,0,1,0,0,1,0,82,0,391,391,18446744073707088997,13,8706,0,0,0,3,18446744073709546074,18446744073709551030,18446744073709550701,302,7,2,1,16739620085054120890,1,0,6,14598646883148320764,0,2,1,0
PAWN_AUDIT_RESULT,4820,2,2,287,0,0,287,0,3,3,0,0
PAWN_AUDIT_ENTRY,4821,2850140418524890181,7018287786054875735,13122944140214456528,18331559509859792735,323,305,306,305,10,9,1,31,18446744073709536321,18446744073709546913,6,0,1,0,0,1,0,82,0,391,391,18446744073707088997,13,8710,0,0,0,4,18446744073709545010,18446744073709551465,18446744073709551053,302,7,2,1,16739620085054120890,1,0,6,14598646883148320764,0,2,1,0
PAWN_AUDIT_RESULT,4821,1,1,301,0,0,301,0,1,1,0,0
PAWN_AUDIT_ENTRY,4822,7018287786054875735,18252319231555401599,13122944140214456528,15512616403717169564,1748,305,306,305,10,9,2,32,18446744073709537392,18446744073709545956,6,0,1,0,0,1,0,82,0,391,391,18446744073707088997,13,8712,0,0,0,5,18446744073709545944,18446744073709551030,18446744073709550580,302,7,2,1,16739620085054120890,1,0,6,14598646883148320764,0,2,1,0
PAWN_AUDIT_RESULT,4822,2,2,253,0,0,253,0,0,0,0,0
PAWN_AUDIT_ENTRY,4823,18252319231555401599,5235106783241753593,13122944140214456528,5214376723713992445,917,305,306,305,10,9,1,34,18446744073709535214,18446744073709546164,6,0,1,0,0,1,0,82,0,391,391,18446744073707088997,13,8713,0,0,0,3,18446744073709544826,18446744073709551030,18446744073709550843,302,7,2,1,16739620085054120890,1,0,6,14598646883148320764,0,2,1,0
PAWN_AUDIT_RESULT,4823,1,1,235,0,0,235,0,0,0,0,0
PAWN_AUDIT_ENTRY,4824,5235106783241753593,17670762935259567882,13122944140214456528,791439297993278899,903,305,306,305,10,9,1,35,18446744073709534595,18446744073709546833,6,0,1,0,0,1,0,82,0,391,391,18446744073707088997,13,8714,0,0,0,3,18446744073709544510,18446744073709551030,18446744073709550914,302,7,2,1,16739620085054120890,1,0,6,14598646883148320764,0,2,1,0
PAWN_AUDIT_RESULT,4824,1,1,236,0,0,236,0,0,0,0,0
PAWN_AUDIT_ENTRY,4825,17670762935259567882,18058127022689286192,13122944140214456528,926825582610951046,391,305,306,305,10,9,1,36,18446744073709534750,18446744073709546870,6,0,1,0,0,1,0,82,0,391,391,18446744073707088997,13,8715,0,0,0,6,18446744073709544495,18446744073709551088,18446744073709551030,302,7,2,1,16739620085054120890,1,0,6,14598646883148320764,0,2,1,0
PAWN_AUDIT_RESULT,4825,1,1,253,0,0,253,0,0,0,0,0
PAWN_AUDIT_ENTRY,4857,1594519039672968463,2003969842809736234,1326390730536234900,6448468237471926883,2258,280,281,268,6,5,1,3,18446744073709547507,5268,10,0,0,0,0,1,0,0,0,190,190,18446744073708155747,13,8787,0,0,0,2,18446744073709550724,18446744073709550232,18446744073709551030,280,4,1,1,16739620085054120890,5,0,10,1711468490249754201,0,6,1,0
PAWN_AUDIT_RESULT,4857,1,1,206,0,0,206,0,0,0,0,0
PAWN_AUDIT_ENTRY,4859,14963824386540553413,3331752107605916108,1326390730536234900,16018446386445718361,324,280,281,268,6,5,1,6,18446744073709548223,3732,10,0,0,0,0,1,0,0,0,190,190,18446744073708155747,13,8789,0,0,0,4,18446744073709551125,1305,18446744073709548104,280,4,1,1,16739620085054120890,5,0,10,1711468490249754201,0,6,1,0
PAWN_AUDIT_RESULT,4859,1,1,231,0,0,231,0,0,0,0,0
PAWN_AUDIT_ENTRY,4860,3331752107605916108,11826120434364886383,1326390730536234900,10943563637079552278,2269,280,281,268,6,5,1,7,18446744073709548576,18446744073709550414,10,0,0,0,0,1,0,0,0,190,190,18446744073708155747,13,8790,0,0,0,2,18446744073709550811,18446744073709551030,18446744073709551030,280,4,1,1,16739620085054120890,5,0,10,1711468490249754201,0,6,1,0
PAWN_AUDIT_RESULT,4860,1,1,230,0,0,230,0,0,0,0,0
PAWN_AUDIT_ENTRY,4861,11826120434364886383,4735228632701239749,1326390730536234900,422972085080832441,2260,280,281,268,6,5,1,8,18446744073709546403,18446744073709550278,10,0,0,0,0,1,0,0,0,190,190,18446744073708155747,13,8791,0,0,0,2,18446744073709549823,18446744073709551030,18446744073709551030,280,4,1,1,16739620085054120890,5,0,10,1711468490249754201,0,6,1,0
PAWN_AUDIT_RESULT,4861,1,1,236,0,0,236,0,0,0,0,0
PAWN_AUDIT_ENTRY,4882,4151246284873524500,5235340111955147409,8204857158548635236,4235711284051467155,1187,280,281,266,7,6,3,3,18446744073709545271,7669,10,0,0,0,0,0,0,0,0,131,131,18446744073701150707,13,8826,0,0,0,2,18446744073709551380,87,18446744073709546068,201,1,1,1,17444982774477705371,2,0,10,14433648545489464368,0,3,1,0
PAWN_AUDIT_RESULT,4882,3,3,219,0,0,219,0,0,0,0,0
PAWN_AUDIT_ENTRY,4883,5235340111955147409,5098141345765881856,8204857158548635236,3210751283902901541,1553,280,281,266,7,6,3,4,18446744073709548700,18446744073709547183,10,0,0,0,0,0,0,0,0,131,131,18446744073701150707,13,8827,0,0,0,5,18446744073709551499,18446744073709550139,18446744073709550646,201,1,1,1,17444982774477705371,2,0,10,14433648545489464368,0,3,1,0
PAWN_AUDIT_RESULT,4883,3,3,190,0,0,190,0,0,0,0,0
PAWN_AUDIT_ENTRY,4884,5098141345765881856,2175471312695044572,8204857158548635236,4153825222815521259,323,280,281,266,7,6,2,5,18446744073709542725,3208,10,0,0,0,0,0,0,0,0,131,131,18446744073701150707,13,8828,0,0,0,4,18446744073709544993,4283,903,201,1,1,1,17444982774477705371,2,0,10,14433648545489464368,0,3,1,0
PAWN_AUDIT_RESULT,4884,2,2,223,0,0,223,0,0,0,0,0
PAWN_AUDIT_ENTRY,4885,2175471312695044572,8671380568261513973,8204857158548635236,13689042175254037161,324,280,281,266,7,6,1,6,18446744073709542431,1173,10,0,0,0,0,0,0,0,0,131,131,18446744073701150707,13,8829,0,0,0,4,3,18446744073709544734,18446744073709550094,201,1,1,1,17444982774477705371,2,0,10,14433648545489464368,0,3,1,0
PAWN_AUDIT_RESULT,4885,1,1,210,0,0,210,0,0,0,0,0
PAWN_AUDIT_ENTRY,4886,8671380568261513973,9024288789891501196,8204857158548635236,16606646932203543363,1563,280,281,266,7,6,2,7,18446744073709547337,18446744073709548890,10,0,0,0,0,0,0,0,0,131,131,18446744073701150707,13,8830,0,0,0,5,18446744073709550788,18446744073709549949,18446744073709551030,201,1,1,1,17444982774477705371,2,0,10,14433648545489464368,0,3,1,0
PAWN_AUDIT_RESULT,4886,2,2,197,0,0,197,0,0,0,0,0
PAWN_AUDIT_ENTRY,4887,9024288789891501196,3800136837763200188,11175136380837354778,7061235832433969861,157,280,281,267,10,9,5,2,18446744073709540742,7313,8,0,0,0,0,0,0,0,0,197,197,18446744073705667001,13,8831,0,0,0,3,18446744073709547291,18446744073709550769,18446744073709551212,268,2,1,1,17444982774477705371,0,0,8,2428912796143515127,0,1,1,0
PAWN_AUDIT_RESULT,4887,5,5,268,0,0,268,0,4,4,0,0
PAWN_AUDIT_ENTRY,4891,6942107951449770718,987188575773505469,11175136380837354778,6283280269958832599,324,280,281,268,10,9,4,4,18446744073709549798,1318,8,0,0,0,0,0,0,0,0,197,197,18446744073705667001,13,8839,0,0,0,4,146,18446744073709551030,18446744073709550215,268,2,1,1,17444982774477705371,0,0,8,2428912796143515127,0,1,1,0
PAWN_AUDIT_RESULT,4891,4,4,228,0,0,228,0,0,0,0,0
PAWN_AUDIT_ENTRY,4893,6870127768323172854,7180810454139916811,11175136380837354778,917929683336886333,1563,280,281,268,10,9,3,6,18446744073709547989,18446744073709548673,8,0,0,0,0,0,0,0,0,197,197,18446744073705667001,13,8841,0,0,0,5,18446744073709550544,18446744073709551030,18446744073709551030,268,2,1,1,17444982774477705371,0,0,8,2428912796143515127,0,1,1,0
PAWN_AUDIT_RESULT,4893,3,3,209,0,0,209,0,0,0,0,0
PAWN_AUDIT_ENTRY,4894,7180810454139916811,4918266469641314254,11175136380837354778,15235351265370995349,323,280,281,268,10,9,2,8,18446744073709539037,4107,8,0,0,0,0,0,0,0,0,197,197,18446744073705667001,13,8842,0,0,0,4,18446744073709547397,18446744073709551030,18446744073709549127,268,2,1,1,17444982774477705371,0,0,8,2428912796143515127,0,1,1,0
PAWN_AUDIT_RESULT,4894,2,2,231,0,0,231,0,0,0,0,0
PAWN_AUDIT_ENTRY,4895,4918266469641314254,10696426290867951865,11175136380837354778,9085173810647247662,666,280,281,268,10,9,1,11,18446744073709535891,18446744073709550278,8,0,0,0,0,0,0,0,0,197,197,18446744073705667001,13,8843,0,0,0,1,18446744073709545043,18446744073709551030,18446744073709551030,268,2,1,1,17444982774477705371,0,0,8,2428912796143515127,0,0,1,0
PAWN_AUDIT_RESULT,4895,1,1,213,0,0,213,0,0,0,0,0
PAWN_AUDIT_ENTRY,4896,10696426290867951865,5563393442726765868,11175136380837354778,1155062775728825960,80,280,281,268,10,9,1,12,18446744073709536846,18446744073709550278,8,0,0,0,0,0,0,0,0,197,197,18446744073705667001,13,8844,0,0,0,2,18446744073709545477,18446744073709551030,18446744073709551030,268,2,1,1,17444982774477705371,0,0,8,2428912796143515127,0,1,1,0
PAWN_AUDIT_RESULT,4896,1,1,194,0,0,194,0,0,0,0,0
PAWN_AUDIT_ENTRY,4897,5563393442726765868,2827692212720514276,11175136380837354778,2233570530558160365,75,280,281,268,10,9,1,13,18446744073709536551,18446744073709550278,8,0,0,0,0,0,0,0,0,197,197,18446744073705667001,13,8845,0,0,0,2,18446744073709545343,18446744073709551030,18446744073709551030,268,2,1,1,17444982774477705371,0,0,8,2428912796143515127,0,1,1,0
PAWN_AUDIT_RESULT,4897,1,1,208,0,0,208,0,0,0,0,0
PAWN_AUDIT_ENTRY,4898,2827692212720514276,2550302306592617496,11175136380837354778,16919348443758762209,658,280,281,268,10,9,2,15,18446744073709544501,18446744073709549718,8,0,0,0,0,0,0,0,0,197,197,18446744073705667001,13,8846,0,0,0,1,18446744073709548958,18446744073709551030,18446744073709551030,268,2,1,1,17444982774477705371,0,0,8,2428912796143515127,0,0,1,0
PAWN_AUDIT_RESULT,4898,2,2,205,0,0,205,0,0,0,0,0
PAWN_AUDIT_ENTRY,4899,2550302306592617496,9740106275519667140,11175136380837354778,17755778688951946936,861,280,281,268,10,9,1,16,18446744073709539534,18446744073709548986,8,0,0,0,0,0,0,0,0,197,197,18446744073705667001,13,8847,0,0,0,1,18446744073709546961,18446744073709551030,18446744073709550491,268,2,1,1,17444982774477705371,0,0,8,2428912796143515127,0,0,1,0
PAWN_AUDIT_RESULT,4899,1,1,178,0,0,178,0,0,0,0,0
PAWN_AUDIT_ENTRY,4900,9740106275519667140,2893556326492819431,11175136380837354778,9548724316779493354,1561,280,281,268,10,9,2,24,18446744073709545678,18446744073709545079,8,0,0,0,0,0,0,0,0,197,197,18446744073705667001,13,8848,0,0,0,5,18446744073709550004,18446744073709551030,18446744073709549977,268,2,1,1,17444982774477705371,0,0,8,2428912796143515127,0,1,1,0
PAWN_AUDIT_RESULT,4900,2,2,197,0,0,197,0,0,0,0,0
PAWN_AUDIT_ENTRY,4904,14050335740252201836,3914345533689653006,2869648295336606725,12715951553267751202,1752,280,281,280,6,5,1,4,18446744073709545493,18446744073709550278,12,0,0,0,0,0,0,0,0,16,16,18446744073706229137,13,8862,0,0,1,5,18446744073709549409,18446744073709551030,18446744073709551030,271,1,1,1,6540678937470740753,0,0,12,6192887447796913733,0,1,1,0
PAWN_AUDIT_RESULT,4904,1,1,132,0,0,132,0,0,0,0,0
PAWN_AUDIT_ENTRY,4905,3914345533689653006,8316115888015736867,2869648295336606725,18351828508969281296,1759,280,281,280,6,5,1,5,18446744073709544811,18446744073709550278,12,0,0,0,0,0,0,0,0,16,16,18446744073706229137,13,8863,0,0,1,5,18446744073709549099,18446744073709551030,18446744073709551030,271,1,1,1,6540678937470740753,0,0,12,6192887447796913733,0,1,1,0
PAWN_AUDIT_RESULT,4905,1,1,80,0,0,80,0,0,0,0,0
PAWN_AUDIT_ENTRY,4907,5359391694574113958,18264202312675751554,10761688841227105966,8048408880738607473,157,280,281,280,8,7,5,2,18446744073709548411,18446744073709550367,10,0,0,0,0,0,0,0,0,242,242,18446744073704366444,13,8865,0,0,0,3,18446744073709547429,18446744073709550686,6582,273,4,1,1,16739620085054120890,5,0,10,10444164376142778211,0,6,1,0
PAWN_AUDIT_RESULT,4907,5,5,280,0,0,280,0,22,22,0,0
PAWN_AUDIT_ENTRY,4913,2928063632340252094,12004023155142232005,10761688841227105966,212260173424513929,1752,280,281,280,8,7,2,3,18446744073709544953,18446744073709551108,10,0,0,0,0,0,0,0,0,242,242,18446744073704366444,13,8888,0,0,0,5,18446744073709547928,18446744073709551030,1960,273,4,1,1,16739620085054120890,5,0,10,10444164376142778211,0,6,1,0
PAWN_AUDIT_RESULT,4913,2,2,213,0,0,213,0,0,0,0,0
PAWN_AUDIT_ENTRY,4914,12004023155142232005,12826971059212282891,10761688841227105966,16018446386445718361,1187,280,281,280,8,7,1,4,18446744073709540505,347,10,0,0,0,0,0,0,0,0,242,242,18446744073704366444,13,8889,0,0,0,2,195,18446744073709546506,18446744073709546068,273,4,1,1,16739620085054120890,5,0,10,10444164376142778211,0,6,1,0
PAWN_AUDIT_RESULT,4914,1,1,229,0,0,229,0,0,0,0,0
PAWN_AUDIT_ENTRY,4915,12826971059212282891,12721157193036044201,10761688841227105966,13660214114633933493,1753,280,281,280,8,7,1,5,18446744073709538965,1024,10,0,0,0,0,0,0,0,0,242,242,18446744073704366444,13,8890,0,0,0,5,18446744073709546563,18446744073709551030,18446744073709550778,273,4,1,1,16739620085054120890,5,0,10,10444164376142778211,0,6,1,0
PAWN_AUDIT_RESULT,4915,1,1,207,0,0,207,0,0,0,0,0
PAWN_AUDIT_ENTRY,4916,12721157193036044201,13157585496727194651,10761688841227105966,12821878996425487904,259,280,281,280,8,7,1,9,18446744073709540754,18446744073709547670,10,0,0,0,0,0,0,0,0,242,242,18446744073704366444,13,8891,0,0,0,4,18446744073709546873,18446744073709550318,933,273,4,1,1,16739620085054120890,5,0,10,10444164376142778211,0,6,1,0
PAWN_AUDIT_RESULT,4916,1,1,227,0,0,227,0,0,0,0,0
PAWN_AUDIT_ENTRY,4932,17962560271811621367,4701428193464374940,11830615802938641120,2201695489522786829,3242,18446744073709551335,18446744073709551336,18446744073709551221,6,5,1,2,18446744073709547744,18446744073709550278,11,0,1,0,0,0,0,0,0,18446744073709551302,18446744073709551319,4426322,13,8925,0,0,1,9,18446744073709550457,18446744073709551030,18446744073709550980,18446744073709551302,4,1,1,654545434589992863,0,0,11,8152512098938746082,0,0,1,0
PAWN_AUDIT_RESULT,4932,1,1,-314,0,0,-314,0,0,0,0,0
PAWN_AUDIT_ENTRY,4933,4701428193464374940,1901545603436328443,11830615802938641120,7412850479408257342,3819,18446744073709551335,18446744073709551336,18446744073709551302,6,5,1,6,18446744073709548381,18446744073709549396,11,0,1,0,0,0,0,0,0,18446744073709551302,18446744073709551319,4426322,13,8926,0,0,1,13,18446744073709550722,18446744073709551030,18446744073709551030,18446744073709551302,4,1,1,654545434589992863,0,0,11,8152512098938746082,0,1,1,0
PAWN_AUDIT_RESULT,4933,1,1,-333,0,0,-333,0,0,0,0,0
PAWN_AUDIT_ENTRY,4934,1901545603436328443,14912267351563059676,11830615802938641120,7390302143304476133,2910,18446744073709551335,18446744073709551336,18446744073709551302,6,5,1,7,18446744073709539010,18446744073709550278,11,0,1,0,0,0,0,0,0,18446744073709551302,18446744073709551319,4426322,13,8927,0,0,1,10,18446744073709546461,18446744073709551030,18446744073709551030,18446744073709551302,4,1,1,654545434589992863,0,0,11,8152512098938746082,0,1,1,0
PAWN_AUDIT_RESULT,4934,1,1,-393,0,0,-393,0,0,0,0,0
PAWN_AUDIT_ENTRY,4935,14912267351563059676,5757268589240696306,11830615802938641120,9510035107056541972,3763,18446744073709551335,18446744073709551336,18446744073709551302,6,5,1,8,18446744073709541178,18446744073709550278,11,0,1,0,0,0,0,0,0,18446744073709551302,18446744073709551319,4426322,13,8928,0,0,1,11,18446744073709547329,18446744073709551030,18446744073709551273,18446744073709551302,4,1,1,654545434589992863,0,0,11,8152512098938746082,0,1,1,0
PAWN_AUDIT_RESULT,4935,1,1,-428,0,0,-428,0,0,0,0,0
PAWN_AUDIT_ENTRY,4936,5757268589240696306,13109083389889950239,11830615802938641120,5378478758101332074,2931,18446744073709551335,18446744073709551336,18446744073709551302,6,5,1,9,18446744073709537123,18446744073709550278,11,0,1,0,0,0,0,0,0,18446744073709551302,18446744073709551319,4426322,13,8929,0,0,1,10,18446744073709545603,18446744073709551030,18446744073709551030,18446744073709551302,4,1,1,654545434589992863,0,0,11,8152512098938746082,0,1,1,0
PAWN_AUDIT_RESULT,4936,1,1,-475,0,0,-475,0,0,0,0,0
PAWN_AUDIT_ENTRY,4937,13109083389889950239,9451351028073278154,11830615802938641120,17304470778152519175,3742,18446744073709551335,18446744073709551336,18446744073709551302,6,5,1,10,18446744073709542828,18446744073709550278,11,0,1,0,0,0,0,0,0,18446744073709551302,18446744073709551319,4426322,13,8930,0,0,1,11,18446744073709548197,18446744073709551030,18446744073709551030,18446744073709551302,4,1,1,654545434589992863,0,0,11,8152512098938746082,0,1,1,0
PAWN_AUDIT_RESULT,4937,1,1,-444,0,0,-444,0,0,0,0,0
PAWN_AUDIT_ENTRY,4939,12219983769636468270,6316867601498558378,216468783851609762,13952265954744398247,2910,18446744073709551335,18446744073709551336,18446744073709551307,8,7,1,4,18446744073709542829,18446744073709550278,9,0,1,0,0,0,0,2788,0,18446744073709551311,18446744073709551205,6227077,13,8935,0,0,0,10,18446744073709546060,18446744073709551030,3818,18446744073709551311,1,2,1,9805057441217779869,0,0,9,14098995406950563401,0,1,1,0
PAWN_AUDIT_RESULT,4939,1,1,-294,0,0,-294,0,0,0,0,0
PAWN_AUDIT_ENTRY,4940,6316867601498558378,1118282137851026206,216468783851609762,13376316736777598543,3242,18446744073709551335,18446744073709551336,18446744073709551322,8,7,1,9,18446744073709546990,18446744073709550278,9,0,1,0,0,0,0,2788,0,18446744073709551311,18446744073709551205,6227077,13,8936,0,0,0,9,18446744073709550281,18446744073709551030,18446744073709550636,18446744073709551311,1,2,1,9805057441217779869,0,0,9,14098995406950563401,0,0,1,0
PAWN_AUDIT_RESULT,4940,1,1,-399,0,0,-399,0,0,0,0,0
PAWN_AUDIT_ENTRY,4941,1118282137851026206,15578594384354464753,8807542662921055261,13878292394301179120,3242,18446744073709551335,18446744073709551336,18446744073709551324,8,7,2,2,18446744073709549508,224,7,0,1,0,0,1,0,3956,0,18446744073709551311,18446744073709551305,8745423,13,8937,0,0,0,9,18446744073709549125,1252,1867,18446744073709551311,3,2,1,16739620085054120890,2,0,7,13122944140214456528,0,0,1,0
PAWN_AUDIT_RESULT,4941,2,2,-301,0,0,-301,0,0,0,0,0
PAWN_AUDIT_ENTRY,4944,9868789693621054768,15652848860308371319,8807542662921055261,485388993310782257,3828,18446744073709551335,18446744073709551336,18446744073709551324,8,7,1,5,18446744073709543600,18446744073709547440,7,0,1,0,0,1,0,3956,0,18446744073709551311,18446744073709551305,8745423,13,8940,0,0,0,13,18446744073709548311,18446744073709551030,18446744073709551519,18446744073709551311,3,2,1,16739620085054120890,2,0,7,13122944140214456528,0,3,1,0
PAWN_AUDIT_RESULT,4944,1,1,-441,0,0,-441,0,0,0,0,0
PAWN_AUDIT_ENTRY,4945,15652848860308371319,7481313195324873919,8807542662921055261,6768357787595393001,3763,18446744073709551335,18446744073709551336,18446744073709551324,8,7,1,6,18446744073709541235,18446744073709550800,7,0,1,0,0,1,0,3956,0,18446744073709551311,18446744073709551305,8745423,13,8941,0,0,0,11,18446744073709546756,18446744073709551405,505,18446744073709551311,3,2,1,16739620085054120890,2,0,7,13122944140214456528,0,3,1,0
PAWN_AUDIT_RESULT,4945,1,1,-424,0,0,-424,0,0,0,0,0
PAWN_AUDIT_ENTRY,4946,7481313195324873919,9869255284220528894,8807542662921055261,13302445430982738712,2910,18446744073709551335,18446744073709551336,18446744073709551324,8,7,1,8,18446744073709544604,18446744073709546404,7,0,1,0,0,1,0,3956,0,18446744073709551311,18446744073709551305,8745423,13,8942,0,0,0,10,18446744073709549005,18446744073709551030,18446744073709551030,18446744073709551311,3,2,1,16739620085054120890,2,0,7,13122944140214456528,0,3,1,0
PAWN_AUDIT_RESULT,4946,1,1,-347,0,0,-347,0,0,0,0,0
PAWN_AUDIT_ENTRY,4980,3935270006382739882,12822466746541604716,2560475440051658012,17270213379748995537,324,305,306,279,8,7,1,2,18446744073709548103,7770,8,0,1,0,0,0,0,0,0,559,559,18446744073707325840,13,9033,0,0,0,4,552,18446744073709548461,18446744073709550437,32002,18446744073709551614,0,1,16739620085054120890,3,0,8,8595865083803911260,0,4,1,0
PAWN_AUDIT_RESULT,4980,1,1,-255,0,0,-255,0,1,1,0,0
PAWN_AUDIT_ENTRY,4981,12822466746541604716,15342564464457006559,2560475440051658012,15663555922754685635,157,305,306,279,8,7,1,3,18446744073709548879,279,8,0,1,0,0,0,0,0,0,559,559,18446744073707325840,13,9035,0,0,0,3,18446744073709550372,18446744073709546791,4969,32002,18446744073709551614,0,1,16739620085054120890,3,0,8,8595865083803911260,0,4,1,0
PAWN_AUDIT_RESULT,4981,1,1,-129,0,0,-129,0,1,1,0,0
PAWN_AUDIT_ENTRY,4983,2548650331855101793,7591547837014049208,16423200366111082357,9806688729342368098,2336,18446744073709551310,18446744073709551311,18446744073709551310,8,7,4,2,18446744073709544853,18446744073709551429,9,0,0,0,0,0,0,0,0,18446744073709551122,18446744073709551122,3838842,13,9040,0,0,0,13,18446744073709549851,18446744073709549569,18446744073709551025,18446744073709551179,1,1,1,16739620085054120890,4,0,9,2560475440051658012,0,5,1,0
PAWN_AUDIT_RESULT,4983,4,4,-430,0,0,-430,0,0,0,0,0
PAWN_AUDIT_ENTRY,4984,7591547837014049208,6354565897768979422,16423200366111082357,6433912952034684824,3242,18446744073709551310,18446744073709551311,18446744073709551310,8,7,4,3,18446744073709546955,224,9,0,0,0,0,0,0,0,0,18446744073709551122,18446744073709551122,3838842,13,9041,0,0,0,9,18446744073709550018,18446744073709551055,18446744073709551119,18446744073709551179,1,1,1,16739620085054120890,4,0,9,2560475440051658012,0,0,1,0
PAWN_AUDIT_RESULT,4984,4,4,-346,0,0,-346,0,3,3,0,0
PAWN_AUDIT_ENTRY,4986,4745781868418232903,5055480679268353885,8595865083803911260,14837550726762392753,3242,18446744073709551310,18446744073709551311,18446744073709551310,10,9,7,5,18446744073709548139,224,7,0,0,0,0,1,0,0,0,18446744073709551137,18446744073709551137,5068491,13,9045,0,0,0,9,18446744073709551403,18446744073709550710,18446744073709549730,18446744073709551283,9,1,1,16739620085054120890,2,0,7,2599197613667497334,0,0,1,0
PAWN_AUDIT_RESULT,4986,7,7,-459,0,0,-459,0,2,2,0,0
PAWN_AUDIT_ENTRY,4987,5055480679268353885,1485642557848251628,8595865083803911260,13232062593476609071,3373,18446744073709551310,18446744073709551311,18446744073709551310,10,9,5,6,18446744073709541320,18446744073709547928,7,0,0,0,0,1,0,0,0,18446744073709551137,18446744073709551137,5068491,13,9048,0,0,0,13,18446744073709547030,18446744073709551030,406,18446744073709551283,9,1,1,16739620085054120890,2,0,7,2599197613667497334,0,3,1,0
PAWN_AUDIT_RESULT,4987,5,5,-441,0,0,-441,0,0,0,0,0
PAWN_AUDIT_ENTRY,4988,1485642557848251628,7081414733521742163,8595865083803911260,6551581406248104981,3305,18446744073709551310,18446744073709551311,18446744073709551310,10,9,4,7,18446744073709541928,18446744073709549288,7,0,0,0,0,1,0,0,0,18446744073709551137,18446744073709551137,5068491,13,9049,0,0,0,10,18446744073709547788,18446744073709551030,18446744073709551030,18446744073709551283,9,1,1,16739620085054120890,2,0,7,2599197613667497334,0,3,1,0
PAWN_AUDIT_RESULT,4988,4,4,-432,0,0,-432,0,0,0,0,0
PAWN_AUDIT_ENTRY,4996,9039999216109259631,298314878468079077,2549998701243799099,6910128878026852631,3387,18446744073709551310,18446744073709551311,18446744073709551310,8,7,3,6,18446744073709538596,18446744073709547755,7,0,0,0,0,1,0,3378,0,18446744073709551316,18446744073709551346,4917806,13,9071,0,0,0,13,18446744073709549296,18446744073709547288,18446744073709548656,18446744073709551316,4,1,1,17444982774477705371,1,0,7,8087334613673404177,0,2,1,0
PAWN_AUDIT_RESULT,4996,3,3,-306,0,0,-306,0,4,4,0,0
PAWN_AUDIT_ENTRY,4998,16172092384810281125,14632388007870574892,2549998701243799099,14837550726762392753,2931,18446744073709551310,18446744073709551311,18446744073709551310,8,7,3,7,18446744073709538962,18446744073709547589,7,0,0,0,0,1,0,3378,0,18446744073709551316,18446744073709551346,4917806,13,9076,0,0,0,10,18446744073709547044,18446744073709549821,18446744073709551030,18446744073709551316,4,1,1,17444982774477705371,1,0,7,8087334613673404177,0,2,1,0
PAWN_AUDIT_RESULT,4998,3,3,-459,0,0,-459,0,0,0,0,0
PAWN_AUDIT_ENTRY,4999,14632388007870574892,2595886402810888877,2549998701243799099,16267565414025230654,2910,18446744073709551310,18446744073709551311,18446744073709551310,8,7,4,8,18446744073709545198,18446744073709547649,7,0,0,0,0,1,0,3378,0,18446744073709551316,18446744073709551346,4917806,13,9077,0,0,0,10,18446744073709549791,18446744073709549998,18446744073709551030,18446744073709551316,4,1,1,17444982774477705371,1,0,7,8087334613673404177,0,2,1,0
PAWN_AUDIT_RESULT,4999,4,4,-341,0,0,-341,0,0,0,0,0
PAWN_AUDIT_ENTRY,5000,2595886402810888877,3440662274698423426,2549998701243799099,13975469434998109873,2722,18446744073709551310,18446744073709551311,18446744073709551310,8,7,3,10,18446744073709538627,18446744073709549586,7,0,0,0,0,1,0,3378,0,18446744073709551316,18446744073709551346,4917806,13,9078,0,0,0,9,18446744073709546646,18446744073709551030,18446744073709550290,18446744073709551316,4,1,1,17444982774477705371,1,0,7,8087334613673404177,0,0,1,0
PAWN_AUDIT_RESULT,5000,3,3,-403,0,0,-403,0,0,0,0,0
PAWN_AUDIT_ENTRY,5001,3440662274698423426,1285522235631672063,2549998701243799099,5473380608140306037,3379,18446744073709551310,18446744073709551311,18446744073709551310,8,7,4,28,18446744073709544481,18446744073709546034,7,0,0,0,0,1,0,3378,0,18446744073709551316,18446744073709551346,4917806,13,9079,0,0,0,13,18446744073709549863,18446744073709550002,18446744073709550206,18446744073709551316,4,1,1,17444982774477705371,1,0,7,8087334613673404177,0,2,1,0
PAWN_AUDIT_RESULT,5001,4,4,-370,0,0,-370,0,0,0,0,0
PAWN_AUDIT_ENTRY,5016,15787191175276995310,1748135421743898062,3502359784050310077,12047633480069193370,1752,305,306,286,7,6,1,2,18446744073709540775,18446744073709550278,8,0,1,0,0,0,0,0,1,328,328,18446744073707021258,13,9115,0,0,0,5,18446744073709546028,18446744073709551030,1960,32002,18446744073709551613,0,0,10040094814023205017,2,0,8,6498685607429867065,0,3,1,0
PAWN_AUDIT_RESULT,5016,1,1,305,0,0,305,0,1,1,0,0
PAWN_AUDIT_ENTRY,5019,3019307281060386762,16458847787353597988,3502359784050310077,18212096073842394992,324,305,306,305,7,6,1,5,18446744073709544532,18446744073709550114,8,0,1,0,0,0,0,0,0,328,328,18446744073707021258,13,9120,0,0,0,4,18446744073709549825,18446744073709551030,18446744073709549273,32002,18446744073709551613,0,0,10040094814023205017,2,0,8,6498685607429867065,0,3,1,0
PAWN_AUDIT_RESULT,5019,1,1,287,0,0,287,0,0,0,0,0
PAWN_AUDIT_ENTRY,5020,16458847787353597988,2398253359446544389,3502359784050310077,8710588125061585970,323,305,306,305,7,6,1,6,18446744073709545039,18446744073709549560,8,0,1,0,0,0,0,0,0,328,328,18446744073707021258,13,9121,0,0,0,4,18446744073709548113,18446744073709551030,1659,32002,18446744073709551613,0,0,10040094814023205017,2,0,8,6498685607429867065,0,3,1,0
PAWN_AUDIT_RESULT,5020,1,1,272,0,0,272,0,0,0,0,0
PAWN_AUDIT_ENTRY,5021,2398253359446544389,12551592958011704626,3502359784050310077,8903378209042751050,1187,305,306,305,7,6,1,7,18446744073709547637,18446744073709550278,8,0,1,0,0,0,0,0,0,328,328,18446744073707021258,13,9122,0,0,0,2,1176,18446744073709551030,18446744073709546068,32002,18446744073709551613,0,0,10040094814023205017,2,0,8,6498685607429867065,0,3,1,0
PAWN_AUDIT_ENTRY,5024,8937716363042127154,6709291209527188270,8903378209042751050,507209780098482534,3387,18446744073709551310,18446744073709551311,18446744073709551104,7,6,1,3,18446744073709545482,18446744073709550278,9,0,0,0,0,0,0,0,0,18446744073709551072,18446744073709551072,59115,13,9133,0,0,0,13,18446744073709549404,18446744073709551030,18446744073709551030,18446744073709551236,2,1,1,10040094814023205017,3,0,9,3502359784050310077,0,4,1,0
PAWN_AUDIT_RESULT,5024,1,1,-334,0,0,-334,0,0,0,0,0
PAWN_AUDIT_ENTRY,5025,6709291209527188270,2019788637516463607,8903378209042751050,1376157171512552964,3379,18446744073709551310,18446744073709551311,18446744073709551282,7,6,1,6,18446744073709542396,18446744073709550278,9,0,0,0,0,0,0,0,0,18446744073709551072,18446744073709551072,59115,13,9134,0,0,0,13,18446744073709548001,18446744073709551030,18446744073709551030,18446744073709551236,2,1,1,10040094814023205017,3,0,9,3502359784050310077,0,4,1,0
PAWN_AUDIT_RESULT,5025,1,1,-485,0,0,-485,0,0,0,0,0
PAWN_AUDIT_ENTRY,5027,8904542281686990692,731614915400298022,8903378209042751050,6604519250953806806,2982,18446744073709551310,18446744073709551311,18446744073709551282,7,6,1,9,18446744073709550340,18446744073709550278,9,0,0,0,0,0,0,0,0,18446744073709551072,18446744073709551072,59115,13,9136,0,0,0,9,18446744073709551613,18446744073709551030,18446744073709551030,18446744073709551236,2,1,1,10040094814023205017,3,0,9,3502359784050310077,0,0,1,0
PAWN_AUDIT_RESULT,5027,1,1,-693,0,0,-693,0,0,0,0,0
PAWN_AUDIT_ENTRY,5028,731614915400298022,12991601818223886454,8903378209042751050,1241373663808316366,3517,18446744073709551310,18446744073709551311,18446744073709551282,7,6,1,10,18446744073709550056,18446744073709550278,9,0,0,0,0,0,0,0,0,18446744073709551072,18446744073709551072,59115,13,9137,0,0,0,11,18446744073709551613,18446744073709550772,18446744073709551030,18446744073709551236,2,1,1,10040094814023205017,3,0,9,3502359784050310077,0,4,1,0
PAWN_AUDIT_RESULT,5028,1,1,-841,0,0,-841,0,0,0,0,0
PAWN_AUDIT_ENTRY,5029,12991601818223886454,13582516854870483265,8903378209042751050,13919521760436319911,3242,18446744073709551310,18446744073709551311,18446744073709551282,7,6,1,12,18446744073709549310,18446744073709550054,9,0,0,0,0,0,0,0,0,18446744073709551072,18446744073709551072,59115,13,9138,0,0,0,9,18446744073709551353,18446744073709550689,18446744073709550952,18446744073709551236,2,1,1,10040094814023205017,3,0,9,3502359784050310077,0,0,1,0
PAWN_AUDIT_RESULT,5029,1,1,-474,0,0,-474,0,0,0,0,0
PAWN_AUDIT_ENTRY,5030,13582516854870483265,8480972378679540429,8903378209042751050,13343688026560999759,2910,18446744073709551310,18446744073709551311,18446744073709551282,7,6,1,13,18446744073709544943,18446744073709550278,9,0,0,0,0,0,0,0,0,18446744073709551072,18446744073709551072,59115,13,9139,0,0,0,10,18446744073709549159,18446744073709551030,18446744073709551030,18446744073709551236,2,1,1,10040094814023205017,3,0,9,3502359784050310077,0,4,1,0
PAWN_AUDIT_RESULT,5030,1,1,-591,0,0,-591,0,0,0,0,0
PAWN_AUDIT_RESULT,5021,1,1,380,1,7,334,0,6,17,1,1
PAWN_AUDIT_ENTRY,5031,8480972378679540429,8625810296253176928,6498685607429867065,1171799158601811122,3951,18446744073709551310,18446744073709551311,18446744073709551286,9,8,5,2,18446744073709550340,18446744073709550278,7,0,0,0,0,0,0,0,0,18446744073709551026,18446744073709551026,2998428,13,9140,0,0,0,11,18446744073709551613,18446744073709551030,18446744073709551030,18446744073709551290,3,1,1,10040094814023205017,1,0,7,682129959508801299,0,2,1,0
PAWN_AUDIT_RESULT,5031,5,5,-623,0,0,-623,0,0,0,0,0
PAWN_AUDIT_ENTRY,5032,8625810296253176928,6461438864059480617,6498685607429867065,2785801775215581461,3387,18446744073709551310,18446744073709551311,18446744073709551286,9,8,5,3,18446744073709548295,1974,7,0,0,0,0,0,0,0,0,18446744073709551026,18446744073709551026,2998428,13,9141,0,0,0,13,938,18446744073709547288,18446744073709551030,18446744073709551290,3,1,1,10040094814023205017,1,0,7,682129959508801299,0,2,1,0
PAWN_AUDIT_RESULT,5032,5,5,-560,0,0,-560,0,0,0,0,0
PAWN_AUDIT_ENTRY,5033,6461438864059480617,5065813056288199247,6498685607429867065,8793040965874744229,2982,18446744073709551310,18446744073709551311,18446744073709551286,9,8,4,4,18446744073709547219,18446744073709550278,7,0,0,0,0,0,0,0,0,18446744073709551026,18446744073709551026,2998428,13,9142,0,0,0,9,18446744073709550194,18446744073709551030,18446744073709551030,18446744073709551290,3,1,1,10040094814023205017,1,0,7,682129959508801299,0,0,1,0
PAWN_AUDIT_RESULT,5033,4,4,-694,0,0,-694,0,0,0,0,0
PAWN_AUDIT_ENTRY,5034,5065813056288199247,5337618703506465179,6498685607429867065,16180532021278224084,3242,18446744073709551310,18446744073709551311,18446744073709551309,9,8,3,8,18446744073709546208,18446744073709550054,7,0,0,0,0,0,0,0,0,18446744073709551026,18446744073709551026,2998428,13,9143,0,0,0,9,18446744073709549985,18446744073709550710,18446744073709550843,18446744073709551290,3,1,1,10040094814023205017,1,0,7,682129959508801299,0,0,1,0
PAWN_AUDIT_RESULT,5034,3,3,-401,0,0,-401,0,0,0,0,0
PAWN_AUDIT_ENTRY,5044,978843824690979043,13963033428002110145,14970384023434056442,8458403272211462679,3242,18446744073709551310,18446744073709551311,18446744073709551190,7,6,4,2,18446744073709549077,224,9,0,0,0,0,0,0,0,0,18446744073709551083,18446744073709551083,4610865,13,9170,0,0,0,9,18446744073709550983,18446744073709551055,18446744073709551119,18446744073709551293,6,1,1,16739620085054120890,4,0,9,1126801039140423827,0,0,1,0
PAWN_AUDIT_RESULT,5044,4,4,-394,0,0,-394,0,0,0,0,0
PAWN_AUDIT_ENTRY,5045,13963033428002110145,12588647013504074188,14970384023434056442,11832023000878861549,2336,18446744073709551310,18446744073709551311,18446744073709551222,7,6,3,3,18446744073709546274,18446744073709550120,9,0,0,0,0,0,0,0,0,18446744073709551083,18446744073709551083,4610865,13,9171,0,0,0,13,18446744073709550497,18446744073709549569,18446744073709551025,18446744073709551293,6,1,1,16739620085054120890,4,0,9,1126801039140423827,0,5,1,0
PAWN_AUDIT_RESULT,5045,3,3,-431,0,0,-431,0,0,0,0,0
PAWN_AUDIT_ENTRY,5054,13278484324142960375,16389808164804839122,6584601905215132115,10300918085723641368,1956,18446744073709551310,18446744073709551311,18446744073709551310,10,9,5,7,18446744073709550563,18446744073709547221,7,0,0,0,0,1,0,0,0,18446744073709551065,18446744073709551065,4079081,13,9183,0,0,0,10,16,18446744073709551195,18446744073709551030,18446744073709551225,8,1,1,16739620085054120890,2,0,7,592686514590458105,0,3,1,0
PAWN_AUDIT_RESULT,5054,5,5,-447,0,0,-447,0,0,0,0,0
PAWN_AUDIT_ENTRY,5055,16389808164804839122,15460047818344754991,6584601905215132115,5087735366223226119,3429,18446744073709551310,18446744073709551311,18446744073709551310,10,9,4,8,18446744073709540688,18446744073709550278,7,0,0,0,0,1,0,0,0,18446744073709551065,18446744073709551065,4079081,13,9184,0,0,0,9,18446744073709547224,18446744073709551030,18446744073709551030,18446744073709551225,8,1,1,16739620085054120890,2,0,7,592686514590458105,0,0,1,0
PAWN_AUDIT_RESULT,5055,4,4,-727,0,0,-727,0,0,0,0,0
PAWN_AUDIT_ENTRY,5056,15460047818344754991,10924674399946588723,6584601905215132115,14726167682169535644,1967,18446744073709551310,18446744073709551311,18446744073709551310,10,9,4,9,18446744073709542704,18446744073709548874,7,0,0,0,0,1,0,0,0,18446744073709551065,18446744073709551065,4079081,13,9185,0,0,0,10,18446744073709548141,18446744073709551030,18446744073709551030,18446744073709551225,8,1,1,16739620085054120890,2,0,7,592686514590458105,0,3,1,0
PAWN_AUDIT_RESULT,5056,4,4,-728,0,0,-728,0,0,0,0,0
PAWN_AUDIT_ENTRY,5077,11313029933687396054,2468112721177287989,16480726148187561961,5787832007531637575,3827,18446744073709551310,18446744073709551311,18446744073709551261,10,9,4,3,18446744073709534679,18446744073709547550,5,0,0,0,0,0,0,0,0,18446744073709551061,18446744073709551061,5988807,13,9236,0,0,1,13,18446744073709545783,18446744073709551030,18446744073709548370,18446744073709551273,9,1,1,16739620085054120890,0,0,5,8087924513426073341,0,1,1,0
PAWN_AUDIT_RESULT,5077,4,4,-872,0,0,-872,0,0,0,0,0
PAWN_AUDIT_ENTRY,5078,2468112721177287989,3576692950271835205,16480726148187561961,737946677640226147,2931,18446744073709551310,18446744073709551311,18446744073709551261,10,9,4,4,18446744073709540292,1521,5,0,0,0,0,0,0,0,0,18446744073709551061,18446744073709551061,5988807,13,9237,0,0,1,10,18446744073709547044,18446744073709551030,18446744073709551030,18446744073709551273,9,1,1,16739620085054120890,0,0,5,8087924513426073341,0,1,1,0
PAWN_AUDIT_RESULT,5078,4,4,-1066,0,0,-1066,0,0,0,0,0
PAWN_AUDIT_ENTRY,5079,3576692950271835205,15093894417099365247,16480726148187561961,2744424849262342380,2910,18446744073709551310,18446744073709551311,18446744073709551261,10,9,4,5,18446744073709544281,188,5,0,0,0,0,0,0,0,0,18446744073709551061,18446744073709551061,5988807,13,9238,0,0,1,10,18446744073709548858,18446744073709551030,18446744073709551030,18446744073709551273,9,1,1,16739620085054120890,0,0,5,8087924513426073341,0,1,1,0
PAWN_AUDIT_RESULT,5079,4,4,-1056,0,0,-1056,0,0,0,0,0
PAWN_AUDIT_ENTRY,5081,4399506879285012223,12652736073311844009,16480726148187561961,2835274862693525254,3502,18446744073709551310,18446744073709551311,18446744073709551261,10,9,3,8,18446744073709539474,18446744073709549250,5,0,0,0,0,0,0,0,0,18446744073709551061,18446744073709551061,5988807,13,9240,0,0,1,9,18446744073709546672,18446744073709551030,18446744073709551030,18446744073709551273,9,1,1,16739620085054120890,0,0,5,8087924513426073341,0,0,1,0
PAWN_AUDIT_RESULT,5081,3,3,-1132,0,0,-1132,0,0,0,0,0
PAWN_AUDIT_ENTRY,5082,12652736073311844009,1197258331889371453,16480726148187561961,14079354093917746205,3763,18446744073709551310,18446744073709551311,18446744073709551261,10,9,3,9,18446744073709538347,18446744073709550737,5,0,0,0,0,0,0,0,0,18446744073709551061,18446744073709551061,5988807,13,9241,0,0,1,11,18446744073709545630,18446744073709551030,505,18446744073709551273,9,1,1,16739620085054120890,0,0,5,8087924513426073341,0,1,1,0
PAWN_AUDIT_RESULT,5082,3,3,-1034,0,0,-1034,0,0,0,0,0
PAWN_AUDIT_ENTRY,5092,16954049495313977363,7505460696390270722,1845930024848240405,13866158270076789762,222,18446744073709551310,18446744073709551311,18446744073709551040,11,10,6,4,18446744073709550340,4415,7,0,0,0,0,0,0,0,0,18446744073709550484,18446744073709550484,1071621,13,9259,0,0,1,11,18446744073709551613,18446744073709551030,18446744073709551030,18446744073709551243,8,1,1,16739620085054120890,0,0,7,2586037812299087642,0,1,1,0
PAWN_AUDIT_RESULT,5092,6,6,-706,0,0,-706,0,0,0,0,0
PAWN_AUDIT_ENTRY,5094,3381213713198428471,17146418726534750638,1845930024848240405,11007561082048845040,204,18446744073709551310,18446744073709551311,18446744073709551040,11,10,6,6,18446744073709550340,18446744073709550278,7,0,0,0,0,0,0,0,0,18446744073709550484,18446744073709550484,1071621,13,9261,0,0,1,11,18446744073709551613,18446744073709551030,18446744073709551030,18446744073709551243,8,1,1,16739620085054120890,0,0,7,2586037812299087642,0,1,1,0
PAWN_AUDIT_RESULT,5094,6,6,-662,0,0,-662,0,0,0,0,0
PAWN_AUDIT_ENTRY,5095,17146418726534750638,12298218916956576850,1845930024848240405,17398826600404721160,213,18446744073709551310,18446744073709551311,18446744073709551040,11,10,5,7,18446744073709550340,18446744073709550278,7,0,0,0,0,0,0,0,0,18446744073709550484,18446744073709550484,1071621,13,9262,0,0,1,11,18446744073709551613,18446744073709551030,18446744073709551030,18446744073709551243,8,1,1,16739620085054120890,0,0,7,2586037812299087642,0,1,1,0
PAWN_AUDIT_RESULT,5095,5,5,-839,0,0,-839,0,0,0,0,0
PAWN_AUDIT_ENTRY,5096,12298218916956576850,15097003778413599969,1845930024848240405,10886929140718035701,231,18446744073709551310,18446744073709551311,18446744073709551040,11,10,5,8,18446744073709550340,18446744073709550278,7,0,0,0,0,0,0,0,0,18446744073709550484,18446744073709550484,1071621,13,9263,0,0,1,11,18446744073709551613,18446744073709551030,18446744073709551030,18446744073709551243,8,1,1,16739620085054120890,0,0,7,2586037812299087642,0,1,1,0
PAWN_AUDIT_RESULT,5096,5,5,-707,0,0,-707,0,0,0,0,0
PAWN_AUDIT_ENTRY,5098,2987558105440506814,6107770267915873976,14716229562085461026,10592756997908508744,3372,18446744073709551310,18446744073709551311,18446744073709551274,10,9,7,3,18446744073709538814,18446744073709549251,5,0,0,0,0,1,0,0,0,18446744073709550990,18446744073709550990,310167,13,9266,0,0,1,13,18446744073709546372,18446744073709551030,18446744073709551030,18446744073709551291,9,1,1,16739620085054120890,0,0,5,6391687263745324342,0,1,1,0
PAWN_AUDIT_RESULT,5098,7,7,-588,0,0,-588,0,0,0,0,0
PAWN_AUDIT_ENTRY,5099,6107770267915873976,8296511037747632285,14716229562085461026,11866066058342972524,3379,18446744073709551310,18446744073709551311,18446744073709551274,10,9,7,4,18446744073709545649,18446744073709546705,5,0,0,0,0,1,0,0,0,18446744073709550990,18446744073709550990,310167,13,9267,0,0,1,13,18446744073709547296,18446744073709551030,3914,18446744073709551291,9,1,1,16739620085054120890,0,0,5,6391687263745324342,0,1,1,0
PAWN_AUDIT_RESULT,5099,7,7,-330,0,0,-330,0,1,1,0,0
PAWN_AUDIT_ENTRY,5150,7523093627025543840,11126417740594241994,12544245981882079660,15172841096639039104,3387,18446744073709551310,18446744073709551311,18446744073709550522,9,8,6,2,18446744073709551102,18446744073709550278,5,0,0,0,0,0,0,0,0,18446744073709551186,18446744073709551186,18446744073706624453,13,9356,0,0,1,13,18446744073709550704,1822,18446744073709551136,18446744073709551239,1,1,1,10142600568615319018,0,0,5,4146021022573299054,0,1,1,0
PAWN_AUDIT_RESULT,5150,6,6,-461,0,0,-461,0,0,0,0,0
PAWN_AUDIT_ENTRY,5152,1825189291029993422,3472224735909751529,12544245981882079660,1492144239983849793,3242,18446744073709551310,18446744073709551311,18446744073709551155,9,8,4,6,18446744073709542227,18446744073709550278,5,0,0,0,0,0,0,0,0,18446744073709551186,18446744073709551186,18446744073706624453,13,9358,0,0,1,9,18446744073709550793,18446744073709548196,18446744073709548038,18446744073709551239,1,1,1,10142600568615319018,0,0,5,4146021022573299054,0,0,1,0
PAWN_AUDIT_RESULT,5152,4,4,-400,0,0,-400,0,0,0,0,0
PAWN_AUDIT_ENTRY,5153,3472224735909751529,14752170195975893084,12544245981882079660,13043997417549833436,2592,18446744073709551310,18446744073709551311,18446744073709551216,9,8,3,7,18446744073709540886,18446744073709550278,5,0,0,0,0,0,0,0,0,18446744073709551186,18446744073709551186,18446744073706624453,13,9359,0,0,1,9,18446744073709548141,18446744073709550231,18446744073709550150,18446744073709551239,1,1,1,10142600568615319018,0,0,5,4146021022573299054,0,0,1,0
PAWN_AUDIT_RESULT,5153,3,3,-411,0,0,-411,0,0,0,0,0
PAWN_AUDIT_ENTRY,5154,14752170195975893084,10170420809457556796,12544245981882079660,7924570807818576195,3502,18446744073709551310,18446744073709551311,18446744073709551216,9,8,3,8,18446744073709539543,18446744073709550278,5,0,0,0,0,0,0,0,0,18446744073709551186,18446744073709551186,18446744073706624453,13,9360,0,0,1,9,18446744073709546017,337,18446744073709551494,18446744073709551239,1,1,1,10142600568615319018,0,0,5,4146021022573299054,0,0,1,0
PAWN_AUDIT_RESULT,5154,3,3,-522,0,0,-522,0,0,0,0,0
PAWN_AUDIT_ENTRY,5155,10170420809457556796,13907461242414497291,12544245981882079660,7833861481208526505,2910,18446744073709551310,18446744073709551311,18446744073709551216,9,8,3,10,18446744073709538986,18446744073709550278,5,0,0,0,0,0,0,0,0,18446744073709551186,18446744073709551186,18446744073706624453,13,9361,0,0,1,10,18446744073709546745,18446744073709551326,18446744073709550118,18446744073709551239,1,1,1,10142600568615319018,0,0,5,4146021022573299054,0,1,1,0
PAWN_AUDIT_RESULT,5155,3,3,-393,0,0,-393,0,0,0,0,0
PAWN_AUDIT_ENTRY,5156,13907461242414497291,16892177194692407580,12544245981882079660,1943791376734552600,3353,18446744073709551310,18446744073709551311,18446744073709551223,9,8,3,11,18446744073709540861,18446744073709550278,5,0,0,0,0,0,0,0,0,18446744073709551186,18446744073709551186,18446744073706624453,13,9362,0,0,1,13,18446744073709547303,18446744073709551030,18446744073709551030,18446744073709551239,1,1,1,10142600568615319018,0,0,5,4146021022573299054,0,1,1,0
PAWN_AUDIT_RESULT,5156,3,3,-343,0,0,-343,0,0,0,0,0
PAWN_AUDIT_ENTRY,5157,16892177194692407580,344068325570084741,12544245981882079660,6255980137593408007,3234,18446744073709551310,18446744073709551311,18446744073709551273,9,8,3,12,18446744073709538367,18446744073709550278,5,0,0,0,0,0,0,0,0,18446744073709551186,18446744073709551186,18446744073706624453,13,9363,0,0,1,9,18446744073709547203,18446744073709550179,18446744073709549776,18446744073709551239,1,1,1,10142600568615319018,0,0,5,4146021022573299054,0,0,1,0
PAWN_AUDIT_RESULT,5157,3,3,-404,0,0,-404,0,0,0,0,0
PAWN_AUDIT_ENTRY,5158,344068325570084741,13835231459375163312,12544245981882079660,3713779349819656646,3362,18446744073709551310,18446744073709551311,18446744073709551273,9,8,3,13,18446744073709539916,18446744073709549114,5,0,0,0,0,0,0,0,0,18446744073709551186,18446744073709551186,18446744073706624453,13,9364,0,0,1,13,18446744073709547405,18446744073709550624,18446744073709550352,18446744073709551239,1,1,1,10142600568615319018,0,0,5,4146021022573299054,0,1,1,0
PAWN_AUDIT_RESULT,5158,3,3,-334,0,0,-334,0,14,14,0,0
PAWN_AUDIT_ENTRY,5167,2406523861017337276,17476450540032288772,12544245981882079660,11047882183677613648,3307,18446744073709551310,18446744073709551311,18446744073709551282,9,8,3,15,18446744073709543001,18446744073709550278,5,0,0,0,0,0,0,0,0,18446744073709551186,18446744073709551186,18446744073706624453,13,9379,0,0,1,9,18446744073709550213,18446744073709549058,18446744073709549070,18446744073709551239,1,1,1,10142600568615319018,0,0,5,4146021022573299054,0,0,1,0
PAWN_AUDIT_RESULT,5167,3,3,-334,0,0,-334,0,0,0,0,0
PAWN_AUDIT_ENTRY,5168,17476450540032288772,17676922336123714596,7509217013535502209,6877544305130545277,3307,18446744073709551310,18446744073709551311,18446744073709551286,8,7,3,2,18446744073709539329,18446744073709550278,3,0,0,0,0,0,0,0,0,18446744073709551179,18446744073709551179,18446744073708623857,13,9380,0,0,1,9,18446744073709550213,18446744073709543816,18446744073709551030,18446744073709551341,5,1,1,10142600568615319018,0,0,3,17736306692056723654,0,0,1,0
PAWN_AUDIT_RESULT,5168,3,3,-378,0,0,-378,0,0,0,0,0
PAWN_AUDIT_ENTRY,5169,17676922336123714596,13207978363804063779,7509217013535502209,4392168583752234689,3364,18446744073709551310,18446744073709551311,18446744073709551286,8,7,4,3,18446744073709548020,18446744073709549668,3,0,0,0,0,0,0,0,0,18446744073709551179,18446744073709551179,18446744073708623857,13,9381,0,0,1,13,468,18446744073709547816,18446744073709551197,18446744073709551341,5,1,1,10142600568615319018,0,0,3,17736306692056723654,0,1,1,0
PAWN_AUDIT_RESULT,5169,4,4,-406,0,0,-406,0,0,0,0,0
PAWN_AUDIT_ENTRY,5170,13207978363804063779,8968473085256621051,7509217013535502209,15913961460184822837,3353,18446744073709551310,18446744073709551311,18446744073709551286,8,7,2,4,18446744073709541181,18446744073709551442,3,0,0,0,0,0,0,0,0,18446744073709551179,18446744073709551179,18446744073708623857,13,9382,0,0,1,13,18446744073709548658,18446744073709548611,18446744073709551030,18446744073709551341,5,1,1,10142600568615319018,0,0,3,17736306692056723654,0,1,1,0
PAWN_AUDIT_RESULT,5170,2,2,-427,0,0,-427,0,0,0,0,0
PAWN_AUDIT_ENTRY,5171,8968473085256621051,6268904657486610700,7509217013535502209,17701955723015438315,3362,18446744073709551310,18446744073709551311,18446744073709551286,8,7,2,5,18446744073709544674,18446744073709551201,3,0,0,0,0,0,0,0,0,18446744073709551179,18446744073709551179,18446744073708623857,13,9383,0,0,1,13,18446744073709549551,18446744073709550001,18446744073709551030,18446744073709551341,5,1,1,10142600568615319018,0,0,3,17736306692056723654,0,1,1,0
PAWN_AUDIT_RESULT,5171,2,2,-407,0,0,-407,0,0,0,0,0
PAWN_AUDIT_ENTRY,5173,3371397694333081534,8872233338576359575,7509217013535502209,16667233198259752201,2736,18446744073709551310,18446744073709551311,18446744073709551286,8,7,2,8,18446744073709542704,18446744073709548874,3,0,0,0,0,0,0,0,0,18446744073709551179,18446744073709551179,18446744073708623857,13,9385,0,0,1,10,18446744073709548141,18446744073709551030,18446744073709551030,18446744073709551341,5,1,1,10142600568615319018,0,0,3,17736306692056723654,0,1,1,0
PAWN_AUDIT_RESULT,5173,2,2,-653,0,0,-653,0,0,0,0,0
PAWN_AUDIT_ENTRY,5174,8872233338576359575,27644928497406789,7509217013535502209,6378620278029497270,3632,18446744073709551310,18446744073709551311,18446744073709551286,8,7,2,9,18446744073709542704,18446744073709548874,3,0,0,0,0,0,0,0,0,18446744073709551179,18446744073709551179,18446744073708623857,13,9386,0,0,1,12,18446744073709548141,18446744073709551030,18446744073709551030,18446744073709551341,5,1,1,10142600568615319018,0,0,3,17736306692056723654,0,1,1,0
PAWN_AUDIT_RESULT,5174,2,2,-579,0,0,-579,0,0,0,0,0
PAWN_AUDIT_ENTRY,5252,9471070796269045068,13922687028209416527,8728047351120636483,14142394799248022323,3387,18446744073709551297,18446744073709551298,18446744073709551294,9,8,4,3,18446744073709547127,18446744073709550278,11,0,0,0,0,0,0,0,0,18446744073709551145,18446744073709551145,18446744073709380616,13,9525,0,0,1,11,18446744073709549465,18446744073709550908,955,18446744073709551310,6,1,1,3697497451916569683,0,0,11,14620154281972324730,0,1,1,0
PAWN_AUDIT_RESULT,5252,4,4,-636,0,0,-636,0,0,0,0,0
PAWN_AUDIT_ENTRY,5253,13922687028209416527,10807964849538585980,8728047351120636483,1356417031268676692,2336,18446744073709551297,18446744073709551298,18446744073709551294,9,8,4,4,18446744073709549878,18446744073709548874,11,0,0,0,0,0,0,0,0,18446744073709551145,18446744073709551145,18446744073709380616,13,9526,0,0,1,13,18446744073709549874,18446744073709551030,2564,18446744073709551310,6,1,1,3697497451916569683,0,0,11,14620154281972324730,0,1,1,0
PAWN_AUDIT_RESULT,5253,4,4,-512,0,0,-512,0,0,0,0,0
PAWN_AUDIT_ENTRY,5254,10807964849538585980,15889641953996229264,8728047351120636483,11469482906951120709,3308,18446744073709551297,18446744073709551298,18446744073709551294,9,8,3,5,18446744073709544158,18446744073709550278,11,0,0,0,0,0,0,0,0,18446744073709551145,18446744073709551145,18446744073709380616,13,9527,0,0,1,11,18446744073709548802,18446744073709551030,18446744073709551030,18446744073709551310,6,1,1,3697497451916569683,0,0,11,14620154281972324730,0,1,1,0
PAWN_AUDIT_RESULT,5254,3,3,-695,0,0,-695,0,0,0,0,0
PAWN_AUDIT_ENTRY,5255,15889641953996229264,2730575573038245702,8728047351120636483,14088232527563555502,3242,18446744073709551297,18446744073709551298,18446744073709551294,9,8,3,6,18446744073709544771,18446744073709550278,11,0,0,0,0,0,0,0,0,18446744073709551145,18446744073709551145,18446744073709380616,13,9528,0,0,1,9,18446744073709549272,18446744073709551030,18446744073709550636,18446744073709551310,6,1,1,3697497451916569683,0,0,11,14620154281972324730,0,0,1,0
PAWN_AUDIT_RESULT,5255,3,3,-602,0,0,-602,0,0,0,0,0
PAWN_AUDIT_ENTRY,5256,2730575573038245702,15586758307541708862,8728047351120636483,13511126615772022086,2910,18446744073709551297,18446744073709551298,18446744073709551294,9,8,3,8,18446744073709542490,18446744073709548874,11,0,0,0,0,0,0,0,0,18446744073709551145,18446744073709551145,18446744073709380616,13,9529,0,0,1,10,18446744073709545906,18446744073709551030,3818,18446744073709551310,6,1,1,3697497451916569683,0,0,11,14620154281972324730,0,1,1,0
PAWN_AUDIT_RESULT,5256,3,3,-606,0,0,-606,0,0,0,0,0
PAWN_AUDIT_ENTRY,5258,12359015262689564443,2622541859713744793,8728047351120636483,4483319013541354949,3288,18446744073709551297,18446744073709551298,18446744073709551294,9,8,2,13,18446744073709544371,18446744073709548874,11,0,0,0,0,0,0,0,0,18446744073709551145,18446744073709551145,18446744073709380616,13,9531,0,0,1,11,18446744073709548899,18446744073709551030,18446744073709551030,18446744073709551310,6,1,1,3697497451916569683,0,0,11,14620154281972324730,0,1,1,0
PAWN_AUDIT_RESULT,5258,2,2,-747,0,0,-747,0,0,0,0,0
PAWN_AUDIT_ENTRY,5259,2622541859713744793,5836144569443574181,8728047351120636483,18141820489014770165,3642,18446744073709551297,18446744073709551298,18446744073709551294,9,8,2,14,18446744073709539592,18446744073709550278,11,0,0,0,0,0,0,0,0,18446744073709551145,18446744073709551145,18446744073709380616,13,9532,0,0,1,12,18446744073709546726,18446744073709551030,18446744073709551030,18446744073709551310,6,1,1,3697497451916569683,0,0,11,14620154281972324730,0,1,1,0
PAWN_AUDIT_RESULT,5259,2,2,-446,0,0,-446,0,0,0,0,0
PAWN_AUDIT_ENTRY,5308,1098535391033084160,16697570684746340383,3348767194375358548,16311346586816787609,324,318,319,318,7,6,1,3,18446744073709541822,1403,10,0,1,0,0,0,0,82,0,343,343,3945768,13,9627,0,0,0,4,18446744073709547979,18446744073709551030,18446744073709550537,306,5,2,1,16739620085054120890,5,0,10,8319877113766923054,0,6,1,0
PAWN_AUDIT_RESULT,5308,1,1,308,0,0,308,0,0,0,0,0
PAWN_AUDIT_ENTRY,5309,16697570684746340383,7158575878600526774,3348767194375358548,14720746059167590953,1113,318,319,318,7,6,1,4,18446744073709541158,1024,10,0,1,0,0,0,0,82,0,343,343,3945768,13,9628,0,0,0,5,18446744073709547438,18446744073709551030,18446744073709551030,306,5,2,1,16739620085054120890,5,0,10,8319877113766923054,0,6,1,0
PAWN_AUDIT_RESULT,5309,1,1,260,0,0,260,0,0,0,0,0
PAWN_AUDIT_ENTRY,5310,7158575878600526774,4104455970378924718,3348767194375358548,2658022406194177115,1107,318,319,318,7,6,1,5,18446744073709541081,18446744073709551481,10,0,1,0,0,0,0,82,0,343,343,3945768,13,9629,0,0,0,5,18446744073709547763,18446744073709551030,18446744073709550288,306,5,2,1,16739620085054120890,5,0,10,8319877113766923054,0,6,1,0
PAWN_AUDIT_RESULT,5310,1,1,277,0,0,277,0,0,0,0,0
PAWN_AUDIT_ENTRY,5311,4104455970378924718,9021751560538825329,3348767194375358548,9644613013469204350,1108,318,319,318,7,6,1,8,18446744073709550340,18446744073709545956,10,0,1,0,0,0,0,82,0,343,343,3945768,13,9630,0,0,0,5,18446744073709551613,18446744073709551030,18446744073709551030,306,5,2,1,16739620085054120890,5,0,10,8319877113766923054,0,6,1,0
PAWN_AUDIT_RESULT,5311,1,1,268,0,0,268,0,0,0,0,0
PAWN_AUDIT_ENTRY,5312,9021751560538825329,15386166908019642640,3348767194375358548,10835226182091188331,1114,318,319,318,7,6,1,9,18446744073709548961,18446744073709546355,10,0,1,0,0,0,0,82,0,343,343,3945768,13,9631,0,0,0,5,18446744073709550986,18446744073709551030,18446744073709551030,306,5,2,1,16739620085054120890,5,0,10,8319877113766923054,0,6,1,0
PAWN_AUDIT_RESULT,5312,1,1,253,0,0,253,0,0,0,0,0
PAWN_AUDIT_ENTRY,5313,15386166908019642640,6847380853428731707,3348767194375358548,12945507781885973872,1106,318,319,318,7,6,1,10,18446744073709545959,18446744073709547940,10,0,1,0,0,0,0,82,0,343,343,3945768,13,9632,0,0,0,5,18446744073709549936,18446744073709551030,18446744073709550381,306,5,2,1,16739620085054120890,5,0,10,8319877113766923054,0,6,1,0
PAWN_AUDIT_RESULT,5313,1,1,252,0,0,252,0,0,0,0,0
PAWN_AUDIT_ENTRY,5314,6847380853428731707,11550396947360803005,3348767194375358548,887530565009443612,1104,318,319,318,7,6,1,11,18446744073709545440,18446744073709548720,10,0,1,0,0,0,0,82,0,343,343,3945768,13,9633,0,0,0,5,18446744073709549676,18446744073709551030,18446744073709550430,306,5,2,1,16739620085054120890,5,0,10,8319877113766923054,0,6,1,0
PAWN_AUDIT_RESULT,5314,1,1,264,0,0,264,0,0,0,0,0
PAWN_AUDIT_ENTRY,5315,11550396947360803005,10630823294110462156,3348767194375358548,258548812132626566,1109,318,319,318,7,6,1,12,18446744073709547219,18446744073709545603,10,0,1,0,0,0,0,82,0,343,343,3945768,13,9634,0,0,0,5,18446744073709550194,18446744073709551030,18446744073709551030,306,5,2,1,16739620085054120890,5,0,10,8319877113766923054,0,6,1,0
PAWN_AUDIT_RESULT,5315,1,1,232,0,0,232,0,0,0,0,0
PAWN_AUDIT_ENTRY,5316,10630823294110462156,17699911976194716672,3348767194375358548,929321078190325325,139,318,319,318,7,6,1,13,18446744073709537877,18446744073709550330,10,0,1,0,0,0,0,82,0,343,343,3945768,13,9635,0,0,0,3,18446744073709545946,18446744073709551030,18446744073709551030,306,5,2,1,16739620085054120890,5,0,10,8319877113766923054,0,6,1,0
PAWN_AUDIT_RESULT,5316,1,1,286,0,0,286,0,0,0,0,0
PAWN_AUDIT_ENTRY,5317,17699911976194716672,12224146099245113485,3348767194375358548,14662097658452967008,666,318,319,318,7,6,1,14,18446744073709535797,18446744073709549825,10,0,1,0,0,0,0,82,0,343,343,3945768,13,9636,0,0,0,1,18446744073709545000,18446744073709551030,18446744073709551030,306,5,2,1,16739620085054120890,5,0,10,8319877113766923054,0,0,1,0
PAWN_AUDIT_RESULT,5317,1,1,318,0,0,318,0,1,1,0,0
PAWN_AUDIT_ENTRY,5318,12224146099245113485,7019399989872289847,3348767194375358548,4829560799729933302,861,318,319,318,7,6,1,15,18446744073709538735,18446744073709548996,10,0,1,0,0,0,0,82,0,343,343,3945768,13,9638,0,0,0,1,18446744073709546336,18446744073709551030,18446744073709551030,306,5,2,1,16739620085054120890,5,0,10,8319877113766923054,0,0,1,0
PAWN_AUDIT_RESULT,5318,1,1,288,0,0,288,0,3,3,0,0
PAWN_AUDIT_ENTRY,5319,7019399989872289847,6250173703213543486,3348767194375358548,10112125501136448082,536,318,319,318,7,6,1,16,18446744073709535768,18446744073709549661,10,0,1,0,0,0,0,82,0,343,343,3945768,13,9642,0,0,0,1,18446744073709544987,18446744073709551030,18446744073709551030,306,5,2,1,16739620085054120890,5,0,10,8319877113766923054,0,0,1,0
PAWN_AUDIT_RESULT,5319,1,1,292,0,0,292,0,0,0,0,0
PAWN_AUDIT_ENTRY,5320,6250173703213543486,6060267776554560760,3348767194375358548,18255185070404598964,528,318,319,318,7,6,1,17,18446744073709534550,18446744073709550123,10,0,1,0,0,0,0,82,0,343,343,3945768,13,9643,0,0,0,1,18446744073709544433,18446744073709551030,18446744073709551030,306,5,2,1,16739620085054120890,5,0,10,8319877113766923054,0,0,1,0
PAWN_AUDIT_RESULT,5320,1,1,268,0,0,268,0,0,0,0,0
PAWN_AUDIT_ENTRY,5321,6060267776554560760,5695077540994146852,3348767194375358548,2112129539511849757,853,318,319,318,7,6,1,19,18446744073709534908,18446744073709550153,10,0,1,0,0,0,0,82,0,343,343,3945768,13,9644,0,0,0,1,18446744073709544596,18446744073709551030,18446744073709551030,306,5,2,1,16739620085054120890,5,0,10,8319877113766923054,0,0,1,0
PAWN_AUDIT_RESULT,5321,1,1,248,0,0,248,0,0,0,0,0
PAWN_AUDIT_ENTRY,5322,5695077540994146852,1846121868354309515,3348767194375358548,17506345111041794238,991,318,319,318,7,6,1,20,18446744073709534767,18446744073709550013,10,0,1,0,0,0,0,82,0,343,343,3945768,13,9645,0,0,0,1,18446744073709544532,18446744073709551030,18446744073709551030,306,5,2,1,16739620085054120890,5,0,10,8319877113766923054,0,0,1,0
PAWN_AUDIT_RESULT,5322,1,1,268,0,0,268,0,0,0,0,0
PAWN_AUDIT_ENTRY,5323,1846121868354309515,7659098136469717656,3348767194375358548,7350417820420616155,323,318,319,318,7,6,1,21,18446744073709543140,18446744073709546625,10,0,1,0,0,0,0,82,0,343,343,3945768,13,9646,0,0,0,4,18446744073709548339,18446744073709551030,18446744073709551030,306,5,2,1,16739620085054120890,5,0,10,8319877113766923054,0,6,1,0
PAWN_AUDIT_RESULT,5323,1,1,282,0,0,282,0,0,0,0,0
PAWN_AUDIT_ENTRY,5324,7659098136469717656,6167068110153725101,3348767194375358548,12870980580506568181,983,318,319,318,7,6,1,22,18446744073709535799,18446744073709549528,10,0,1,0,0,0,0,82,0,343,343,3945768,13,9647,0,0,0,1,18446744073709545001,18446744073709551030,18446744073709551030,306,5,2,1,16739620085054120890,5,0,10,8319877113766923054,0,0,1,0
PAWN_AUDIT_RESULT,5324,1,1,282,0,0,282,0,0,0,0,0
PAWN_AUDIT_ENTRY,5325,6167068110153725101,12096951140139380086,3348767194375358548,6891246943606918575,658,318,319,318,7,6,1,23,18446744073709539285,18446744073709549202,10,0,1,0,0,0,0,82,0,343,343,3945768,13,9648,0,0,0,1,18446744073709546586,18446744073709551030,18446744073709551030,306,5,2,1,16739620085054120890,5,0,10,8319877113766923054,0,0,1,0
PAWN_AUDIT_RESULT,5325,1,1,253,0,0,253,0,0,0,0,0
PAWN_AUDIT_ENTRY,5326,12096951140139380086,105861559555324166,3348767194375358548,11918954709218800422,80,318,319,318,7,6,1,24,18446744073709536503,18446744073709548076,10,0,1,0,0,0,0,82,0,343,343,3945768,13,9649,0,0,0,2,18446744073709545321,18446744073709551030,18446744073709551030,306,5,2,1,16739620085054120890,5,0,10,8319877113766923054,0,6,1,0
PAWN_AUDIT_RESULT,5326,1,1,263,0,0,263,0,0,0,0,0
PAWN_AUDIT_ENTRY,5336,18437787301702230479,17360899337070693134,13790869825914225052,17022360567687688374,82,293,294,18446744073709550957,6,5,3,2,18446744073709549076,4943,12,0,0,0,0,0,0,0,0,281,306,18446744073707168490,13,9685,0,0,0,2,278,18446744073709550838,18446744073709549465,281,1,1,1,16739620085054120890,7,0,12,15317223656571002763,0,8,1,0
PAWN_AUDIT_RESULT,5336,3,3,283,0,0,283,0,0,0,0,0
PAWN_AUDIT_ENTRY,5340,14060862133346946477,5563277696040492537,13790869825914225052,13112516483983306131,1107,293,294,283,6,5,1,9,18446744073709540206,18446744073709550483,12,0,0,0,0,0,0,0,0,281,306,18446744073707168490,13,9691,0,0,0,5,18446744073709547365,18446744073709551030,18446744073709550288,281,1,1,1,16739620085054120890,7,0,12,15317223656571002763,0,8,1,0
PAWN_AUDIT_RESULT,5340,1,1,288,0,0,288,0,0,0,0,0
PAWN_AUDIT_ENTRY,5341,5563277696040492537,13633523475475800077,13790869825914225052,1495961852412020406,1108,293,294,288,6,5,2,10,18446744073709547800,18446744073709545534,12,0,0,0,0,0,0,0,0,281,306,18446744073707168490,13,9692,0,0,0,5,18446744073709550458,18446744073709551030,18446744073709551030,281,1,1,1,16739620085054120890,7,0,12,15317223656571002763,0,8,1,0
PAWN_AUDIT_RESULT,5341,2,2,245,0,0,245,0,0,0,0,0
PAWN_AUDIT_ENTRY,5342,13633523475475800077,8574234371765680643,13790869825914225052,17806066478158702099,323,293,294,288,6,5,2,11,18446744073709546768,18446744073709546299,12,0,0,0,0,0,0,0,0,281,306,18446744073707168490,13,9693,0,0,0,4,18446744073709547956,18446744073709551030,3602,281,1,1,1,16739620085054120890,7,0,12,15317223656571002763,0,8,1,0
PAWN_AUDIT_RESULT,5342,2,2,279,0,0,279,0,0,0,0,0
PAWN_AUDIT_ENTRY,5343,8574234371765680643,10340551354917293499,13790869825914225052,14895820257130382439,658,293,294,288,6,5,1,12,18446744073709538348,18446744073709549202,12,0,0,0,0,0,0,0,0,281,306,18446744073707168490,13,9694,0,0,0,1,18446744073709546160,18446744073709551030,18446744073709551030,281,1,1,1,16739620085054120890,7,0,12,15317223656571002763,0,0,1,0
PAWN_AUDIT_RESULT,5343,1,1,224,0,0,224,0,0,0,0,0
PAWN_AUDIT_ENTRY,5344,10340551354917293499,6113876675678855283,13790869825914225052,11334171956792279764,1104,293,294,288,6,5,1,13,18446744073709544030,18446744073709547745,12,0,0,0,0,0,0,0,0,281,306,18446744073707168490,13,9695,0,0,0,5,18446744073709548744,18446744073709551030,18446744073709551030,281,1,1,1,16739620085054120890,7,0,12,15317223656571002763,0,8,1,0
PAWN_AUDIT_RESULT,5344,1,1,246,0,0,246,0,0,0,0,0
PAWN_AUDIT_ENTRY,5345,6113876675678855283,7668984693707678763,13790869825914225052,2503328156780502200,1106,293,294,288,6,5,1,14,18446744073709544259,18446744073709547015,12,0,0,0,0,0,0,0,0,281,306,18446744073707168490,13,9696,0,0,0,5,18446744073709548848,18446744073709551030,18446744073709551030,281,1,1,1,16739620085054120890,7,0,12,15317223656571002763,0,8,1,0
PAWN_AUDIT_RESULT,5345,1,1,263,0,0,263,0,0,0,0,0
PAWN_AUDIT_ENTRY,5346,7668984693707678763,15239538255908794753,13790869825914225052,6512215147628476328,666,293,294,288,6,5,1,15,18446744073709536865,18446744073709549825,12,0,0,0,0,0,0,0,0,281,306,18446744073707168490,13,9697,0,0,0,1,18446744073709545486,18446744073709551030,18446744073709551030,281,1,1,1,16739620085054120890,7,0,12,15317223656571002763,0,0,1,0
PAWN_AUDIT_RESULT,5346,1,1,271,0,0,271,0,6,6,0,0
PAWN_AUDIT_ENTRY,5348,2809698108898208114,5686921554598572939,13790869825914225052,523615755241152931,1114,293,294,288,6,5,1,16,18446744073709546113,18446744073709545754,12,0,0,0,0,0,0,0,0,281,306,18446744073707168490,13,9704,0,0,0,5,18446744073709549691,18446744073709551030,18446744073709551030,281,1,1,1,16739620085054120890,7,0,12,15317223656571002763,0,8,1,0
PAWN_AUDIT_RESULT,5348,1,1,248,0,0,248,0,0,0,0,0
PAWN_AUDIT_ENTRY,5349,5686921554598572939,4997833300153516783,13790869825914225052,17334282277563789494,1876,293,294,288,6,5,1,18,18446744073709541872,18446744073709547026,12,0,0,0,0,0,0,0,0,281,306,18446744073707168490,13,9705,0,0,0,3,18446744073709548024,18446744073709551030,18446744073709550491,281,1,1,1,16739620085054120890,7,0,12,15317223656571002763,0,8,1,0
PAWN_AUDIT_RESULT,5349,1,1,242,0,0,242,0,0,0,0,0
PAWN_AUDIT_ENTRY,5350,4997833300153516783,17972742688215268433,13790869825914225052,5011240631530624579,1858,293,294,288,6,5,1,19,18446744073709542009,18446744073709546870,12,0,0,0,0,0,0,0,0,281,306,18446744073707168490,13,9706,0,0,0,3,18446744073709548060,18446744073709551030,18446744073709550545,281,1,1,1,16739620085054120890,7,0,12,15317223656571002763,0,8,1,0
PAWN_AUDIT_RESULT,5350,1,1,-1,0,0,-1,0,0,0,0,0
PAWN_AUDIT_ENTRY,5351,17972742688215268433,5936857277155091196,13790869825914225052,14698998342975539624,322,293,294,288,6,5,1,25,18446744073709541505,18446744073709546646,12,0,0,0,0,0,0,0,0,281,306,18446744073707168490,13,9707,0,0,0,4,18446744073709547918,18446744073709551030,18446744073709550366,281,1,1,1,16739620085054120890,7,0,12,15317223656571002763,0,8,1,0
PAWN_AUDIT_RESULT,5351,1,1,238,0,0,238,0,0,0,0,0
PAWN_AUDIT_ENTRY,5352,5936857277155091196,9365108070217198841,13790869825914225052,10560019499573016910,1109,293,294,288,6,5,1,26,18446744073709544714,18446744073709545156,12,0,0,0,0,0,0,0,0,281,306,18446744073707168490,13,9708,0,0,0,5,18446744073709549055,18446744073709551030,18446744073709551030,281,1,1,1,16739620085054120890,7,0,12,15317223656571002763,0,8,1,0
PAWN_AUDIT_RESULT,5352,1,1,235,0,0,235,0,0,0,0,0
PAWN_AUDIT_ENTRY,5371,6129436035789931396,1138253786842541727,10452099889181201834,6029259663973087919,2910,18446744073709551322,18446744073709551323,18446744073709551311,8,7,1,4,18446744073709536434,945,15,0,1,0,0,0,0,0,0,18446744073709551336,18446744073709551336,18446744073709406428,13,9751,0,0,0,10,18446744073709545290,18446744073709551030,18446744073709551030,32002,18446744073709551614,0,1,9805057441217779869,0,0,15,5883369972360738113,0,1,1,0
PAWN_AUDIT_RESULT,5371,1,1,-472,0,0,-472,0,4,4,0,0
PAWN_AUDIT_ENTRY,5372,1138253786842541727,3597170512910161556,10452099889181201834,9189501528066584352,2931,18446744073709551322,18446744073709551323,18446744073709551311,8,7,1,5,18446744073709540702,18446744073709550278,15,0,1,0,0,0,0,0,0,18446744073709551336,18446744073709551336,18446744073709406428,13,9756,0,0,0,10,18446744073709546114,1647,18446744073709551030,32002,18446744073709551614,0,1,9805057441217779869,0,0,15,5883369972360738113,0,1,1,0
PAWN_AUDIT_RESULT,5372,1,1,-462,0,0,-462,0,4,4,0,0
PAWN_AUDIT_ENTRY,5373,3597170512910161556,18420222871886367503,10452099889181201834,2926862041281759230,3956,18446744073709551322,18446744073709551323,18446744073709551311,8,7,1,6,18446744073709550953,18446744073709548874,15,0,1,0,0,0,0,0,0,18446744073709551336,18446744073709551336,18446744073709406428,13,9761,0,0,0,11,946,18446744073709549485,18446744073709551241,32002,18446744073709551614,0,1,9805057441217779869,0,0,15,5883369972360738113,0,1,1,0
PAWN_AUDIT_RESULT,5373,1,1,-394,0,0,-394,0,0,0,0,0
PAWN_AUDIT_ENTRY,5374,18420222871886367503,4278033154508527758,10452099889181201834,4367742106917825346,2915,18446744073709551322,18446744073709551323,18446744073709551311,8,7,1,7,18446744073709534979,18446744073709550278,15,0,1,0,0,0,0,0,0,18446744073709551336,18446744073709551336,18446744073709406428,13,9762,0,0,0,10,18446744073709544628,18446744073709551030,18446744073709551030,32002,18446744073709551614,0,1,9805057441217779869,0,0,15,5883369972360738113,0,1,1,0
PAWN_AUDIT_RESULT,5374,1,1,-388,0,0,-388,0,0,0,0,0
PAWN_AUDIT_ENTRY,5375,4278033154508527758,11549025116782178584,10452099889181201834,3713030194343787992,2942,18446744073709551322,18446744073709551323,18446744073709551311,8,7,1,8,18446744073709534576,18446744073709550278,15,0,1,0,0,0,0,0,0,18446744073709551336,18446744073709551336,18446744073709406428,13,9763,0,0,0,10,18446744073709544445,18446744073709551030,18446744073709551030,32002,18446744073709551614,0,1,9805057441217779869,0,0,15,5883369972360738113,0,1,1,0
PAWN_AUDIT_RESULT,5375,1,1,-339,0,0,-339,0,0,0,0,0
PAWN_AUDIT_ENTRY,5376,11549025116782178584,16233796838083309071,10452099889181201834,16207519488201651718,2919,18446744073709551322,18446744073709551323,18446744073709551311,8,7,1,9,18446744073709534569,18446744073709550278,15,0,1,0,0,0,0,0,0,18446744073709551336,18446744073709551336,18446744073709406428,13,9764,0,0,0,10,18446744073709544442,18446744073709551030,18446744073709551030,32002,18446744073709551614,0,1,9805057441217779869,0,0,15,5883369972360738113,0,1,1,0
PAWN_AUDIT_RESULT,5376,1,1,-465,0,0,-465,0,0,0,0,0
PAWN_AUDIT_ENTRY,5377,16233796838083309071,5299633926978443043,10452099889181201834,14700386189383882448,3641,18446744073709551322,18446744073709551323,18446744073709551311,8,7,1,10,18446744073709551273,18446744073709550278,15,0,1,0,0,0,0,0,0,18446744073709551336,18446744073709551336,18446744073709406428,13,9765,0,0,0,12,421,18446744073709551030,18446744073709551030,32002,18446744073709551614,0,1,9805057441217779869,0,0,15,5883369972360738113,0,1,1,0
PAWN_AUDIT_RESULT,5377,1,1,-533,0,0,-533,0,0,0,0,0
PAWN_AUDIT_ENTRY,5378,5299633926978443043,18427095096016545201,10452099889181201834,3672047347096694960,2721,18446744073709551322,18446744073709551323,18446744073709551311,8,7,1,13,18446744073709550340,18446744073709550278,15,0,1,0,0,0,0,0,0,18446744073709551336,18446744073709551336,18446744073709406428,13,9766,0,0,0,11,18446744073709551613,18446744073709551030,18446744073709551030,32002,18446744073709551614,0,1,9805057441217779869,0,0,15,5883369972360738113,0,1,1,0
PAWN_AUDIT_RESULT,5378,1,1,-760,0,0,-760,0,0,0,0,0
PAWN_AUDIT_ENTRY,5379,18427095096016545201,18296439380554249007,10452099889181201834,9001307476383231403,2723,18446744073709551322,18446744073709551323,18446744073709551311,8,7,1,14,18446744073709550340,18446744073709550278,15,0,1,0,0,0,0,0,0,18446744073709551336,18446744073709551336,18446744073709406428,13,9767,0,0,0,11,18446744073709551613,18446744073709551030,18446744073709551030,32002,18446744073709551614,0,1,9805057441217779869,0,0,15,5883369972360738113,0,1,1,0
PAWN_AUDIT_RESULT,5379,1,1,-619,0,0,-619,0,0,0,0,0
PAWN_AUDIT_ENTRY,5380,18296439380554249007,3171056049929375633,10452099889181201834,3735811308898623137,2712,18446744073709551322,18446744073709551323,18446744073709551311,8,7,1,15,18446744073709550340,18446744073709550278,15,0,1,0,0,0,0,0,0,18446744073709551336,18446744073709551336,18446744073709406428,13,9768,0,0,0,11,18446744073709551613,18446744073709551030,18446744073709551030,32002,18446744073709551614,0,1,9805057441217779869,0,0,15,5883369972360738113,0,1,1,0
PAWN_AUDIT_RESULT,5380,1,1,-691,0,0,-691,0,0,0,0,0
PAWN_AUDIT_ENTRY,5381,3171056049929375633,12125023639301496644,10452099889181201834,15292770790605779691,2739,18446744073709551322,18446744073709551323,18446744073709551311,8,7,1,16,18446744073709547219,18446744073709550278,15,0,1,0,0,0,0,0,0,18446744073709551336,18446744073709551336,18446744073709406428,13,9769,0,0,0,11,18446744073709550194,18446744073709551030,18446744073709551030,32002,18446744073709551614,0,1,9805057441217779869,0,0,15,5883369972360738113,0,1,1,0
PAWN_AUDIT_RESULT,5381,1,1,-645,0,0,-645,0,0,0,0,0
PAWN_AUDIT_ENTRY,5382,12125023639301496644,384236924765513084,10452099889181201834,1434854117120853532,3642,18446744073709551322,18446744073709551323,18446744073709551311,8,7,1,17,18446744073709538020,18446744073709550278,15,0,1,0,0,0,0,0,0,18446744073709551336,18446744073709551336,18446744073709406428,13,9770,0,0,0,12,18446744073709546011,18446744073709551030,18446744073709551030,32002,18446744073709551614,0,1,9805057441217779869,0,0,15,5883369972360738113,0,1,1,0
PAWN_AUDIT_RESULT,5382,1,1,-518,0,0,-518,0,0,0,0,0
PAWN_AUDIT_ENTRY,5383,384236924765513084,15400254976193194174,10452099889181201834,5112784867250111567,53048,18446744073709551322,18446744073709551323,18446744073709551311,8,7,1,18,18446744073709537635,18446744073709550278,15,0,1,0,0,0,0,0,0,18446744073709551336,18446744073709551336,18446744073709406428,13,9771,0,0,0,14,18446744073709545836,18446744073709551030,18446744073709551030,32002,18446744073709551614,0,1,9805057441217779869,0,0,15,5883369972360738113,0,1,1,0
PAWN_AUDIT_RESULT,5383,1,1,-572,0,0,-572,0,2,2,0,0
PAWN_AUDIT_ENTRY,5384,15400254976193194174,534054269897357161,10452099889181201834,11913444106888369374,3643,18446744073709551322,18446744073709551323,18446744073709551311,8,7,1,19,18446744073709537312,18446744073709550278,15,0,1,0,0,0,0,0,0,18446744073709551336,18446744073709551336,18446744073709406428,13,9774,0,0,0,12,18446744073709545689,18446744073709551030,18446744073709551030,32002,18446744073709551614,0,1,9805057441217779869,0,0,15,5883369972360738113,0,1,1,0
PAWN_AUDIT_RESULT,5384,1,1,-506,0,0,-506,0,0,0,0,0
PAWN_AUDIT_ENTRY,5385,534054269897357161,16179393505730935838,10452099889181201834,5972607718900149573,3502,18446744073709551322,18446744073709551323,18446744073709551311,8,7,1,20,18446744073709536203,18446744073709550278,15,0,1,0,0,0,0,0,0,18446744073709551336,18446744073709551336,18446744073709406428,13,9775,0,0,0,9,18446744073709545185,18446744073709551030,18446744073709551030,32002,18446744073709551614,0,1,9805057441217779869,0,0,15,5883369972360738113,0,0,1,0
PAWN_AUDIT_RESULT,5385,1,1,-530,0,0,-530,0,0,0,0,0
PAWN_AUDIT_ENTRY,5386,16179393505730935838,3551130771341935461,10452099889181201834,7116799110893494976,3892,18446744073709551322,18446744073709551323,18446744073709551311,8,7,1,21,18446744073709536100,18446744073709550278,15,0,1,0,0,0,0,0,0,18446744073709551336,18446744073709551336,18446744073709406428,13,9776,0,0,0,14,18446744073709545138,18446744073709551030,18446744073709551030,32002,18446744073709551614,0,1,9805057441217779869,0,0,15,5883369972360738113,0,1,1,0
PAWN_AUDIT_RESULT,5386,1,1,-562,0,0,-562,0,0,0,0,0
PAWN_AUDIT_ENTRY,5387,3551130771341935461,17909468762953323437,10452099889181201834,14034457552005647366,3112,18446744073709551322,18446744073709551323,18446744073709551311,8,7,1,22,18446744073709536096,18446744073709550278,15,0,1,0,0,0,0,0,0,18446744073709551336,18446744073709551336,18446744073709406428,13,9777,0,0,0,9,18446744073709545136,18446744073709551030,18446744073709551030,32002,18446744073709551614,0,1,9805057441217779869,0,0,15,5883369972360738113,0,0,1,0
PAWN_AUDIT_RESULT,5387,1,1,-501,0,0,-501,0,0,0,0,0
PAWN_AUDIT_ENTRY,5388,17909468762953323437,15116257313756901647,17464122843042435163,12633183066170790689,3641,18446744073709551322,18446744073709551323,18446744073709551312,11,10,4,2,18446744073709547969,4652,13,0,1,0,0,0,0,2154,0,18446744073709551335,18446744073709551335,638130,13,9778,0,0,0,12,18446744073709550535,18446744073709551030,18446744073709551030,18446744073709551333,5,2,1,16739620085054120890,1,0,13,4501834342629338262,0,2,1,0
PAWN_AUDIT_RESULT,5388,4,4,-351,0,0,-351,0,0,0,0,0
PAWN_AUDIT_ENTRY,5394,14782378593240281018,6109955501519779787,17464122843042435163,18300340744606137931,2117,18446744073709551322,18446744073709551323,18446744073709551315,11,10,2,5,18446744073709550340,18446744073709550278,13,0,1,0,0,0,0,2154,0,18446744073709551335,18446744073709551335,638130,13,9793,0,0,0,11,18446744073709551613,18446744073709551030,18446744073709551030,18446744073709551333,5,2,1,16739620085054120890,1,0,13,4501834342629338262,0,2,1,0
PAWN_AUDIT_RESULT,5394,2,2,-413,0,0,-413,0,0,0,0,0
PAWN_AUDIT_ENTRY,5395,6109955501519779787,14698409012795924326,17464122843042435163,2078407626660424401,2931,18446744073709551322,18446744073709551323,18446744073709551315,11,10,1,6,18446744073709542559,18446744073709551149,13,0,1,0,0,0,0,2154,0,18446744073709551335,18446744073709551335,638130,13,9794,0,0,0,10,18446744073709548075,18446744073709551030,18446744073709551030,18446744073709551333,5,2,1,16739620085054120890,1,0,13,4501834342629338262,0,2,1,0
PAWN_AUDIT_RESULT,5395,1,1,-301,0,0,-301,0,0,0,0,0
PAWN_AUDIT_ENTRY,5397,17520764228875053051,4310680318915473429,17464122843042435163,5259697728975698102,3242,18446744073709551322,18446744073709551323,18446744073709551315,11,10,1,9,18446744073709540282,18446744073709550991,13,0,1,0,0,0,0,2154,0,18446744073709551335,18446744073709551335,638130,13,9796,0,0,0,9,18446744073709546747,18446744073709551615,18446744073709551030,18446744073709551333,5,2,1,16739620085054120890,1,0,13,4501834342629338262,0,0,1,0
PAWN_AUDIT_RESULT,5397,1,1,-374,0,0,-374,0,0,0,0,0
PAWN_AUDIT_ENTRY,5398,4310680318915473429,9494077031436150260,17464122843042435163,2712315919688810942,53048,18446744073709551322,18446744073709551323,18446744073709551315,11,10,1,10,18446744073709541888,18446744073709549285,13,0,1,0,0,0,0,2154,0,18446744073709551335,18446744073709551335,638130,13,9797,0,0,0,14,18446744073709547840,18446744073709550890,18446744073709551030,18446744073709551333,5,2,1,16739620085054120890,1,0,13,4501834342629338262,0,2,1,0
PAWN_AUDIT_RESULT,5398,1,1,-298,0,0,-298,0,0,0,0,0
PAWN_AUDIT_ENTRY,5399,9494077031436150260,1331325617166940952,17464122843042435163,715719945859866317,2152,18446744073709551322,18446744073709551323,18446744073709551318,11,10,1,11,18446744073709540418,18446744073709549721,13,0,1,0,0,0,0,2154,0,18446744073709551335,18446744073709551335,638130,13,9798,0,0,0,11,18446744073709547920,18446744073709550113,18446744073709550288,18446744073709551333,5,2,1,16739620085054120890,1,0,13,4501834342629338262,0,2,1,0
PAWN_AUDIT_RESULT,5399,1,1,-318,0,0,-318,0,0,0,0,0
PAWN_AUDIT_ENTRY,5400,1331325617166940952,8200144211123100543,17464122843042435163,6018454634739869062,2136,18446744073709551322,18446744073709551323,18446744073709551318,11,10,1,12,18446744073709542923,18446744073709548037,13,0,1,0,0,0,0,2154,0,18446744073709551335,18446744073709551335,638130,13,9799,0,0,0,11,18446744073709548972,18446744073709550213,18446744073709550364,18446744073709551333,5,2,1,16739620085054120890,1,0,13,4501834342629338262,0,2,1,0
PAWN_AUDIT_RESULT,5400,1,1,-316,0,0,-316,0,0,0,0,0
PAWN_AUDIT_ENTRY,5401,8200144211123100543,12857553685144419692,17464122843042435163,3529817096507309918,2910,18446744073709551322,18446744073709551323,18446744073709551318,11,10,1,13,18446744073709540846,18446744073709548373,13,0,1,0,0,0,0,2154,0,18446744073709551335,18446744073709551335,638130,13,9800,0,0,0,10,18446744073709547296,18446744073709551030,18446744073709551030,18446744073709551333,5,2,1,16739620085054120890,1,0,13,4501834342629338262,0,2,1,0
PAWN_AUDIT_RESULT,5401,1,1,-315,0,0,-315,0,0,0,0,0
PAWN_AUDIT_ENTRY,5402,12857553685144419692,17802347251034854512,17464122843042435163,379164936629192784,2138,18446744073709551322,18446744073709551323,18446744073709551318,11,10,1,14,18446744073709540852,18446744073709548229,13,0,1,0,0,0,0,2154,0,18446744073709551335,18446744073709551335,638130,13,9801,0,0,0,11,18446744073709547954,18446744073709550302,18446744073709550430,18446744073709551333,5,2,1,16739620085054120890,1,0,13,4501834342629338262,0,2,1,0
PAWN_AUDIT_RESULT,5402,1,1,-330,0,0,-330,0,0,0,0,0
PAWN_AUDIT_ENTRY,5403,17802347251034854512,7429018967819178545,17464122843042435163,764115202412119024,3234,18446744073709551322,18446744073709551323,18446744073709551318,11,10,1,15,18446744073709538266,18446744073709549033,13,0,1,0,0,0,0,2154,0,18446744073709551335,18446744073709551335,638130,13,9802,0,0,0,9,18446744073709546123,18446744073709551030,18446744073709551030,18446744073709551333,5,2,1,16739620085054120890,1,0,13,4501834342629338262,0,0,1,0
PAWN_AUDIT_RESULT,5403,1,1,-465,0,0,-465,0,0,0,0,0
PAWN_AUDIT_ENTRY,5404,7429018967819178545,16471995121329945537,17464122843042435163,11642999673119541751,3112,18446744073709551322,18446744073709551323,18446744073709551318,11,10,1,16,18446744073709535790,18446744073709549457,13,0,1,0,0,0,0,2154,0,18446744073709551335,18446744073709551335,638130,13,9803,0,0,0,9,18446744073709544997,18446744073709551030,18446744073709551030,18446744073709551333,5,2,1,16739620085054120890,1,0,13,4501834342629338262,0,0,1,0
PAWN_AUDIT_RESULT,5404,1,1,-346,0,0,-346,0,0,0,0,0
PAWN_AUDIT_ENTRY,5405,16471995121329945537,8309701577175914536,17464122843042435163,7828165898106118318,3559,18446744073709551322,18446744073709551323,18446744073709551318,11,10,1,18,18446744073709534580,18446744073709549646,13,0,1,0,0,0,0,2154,0,18446744073709551335,18446744073709551335,638130,13,9804,0,0,0,9,18446744073709544447,18446744073709551030,18446744073709551030,18446744073709551333,5,2,1,16739620085054120890,1,0,13,4501834342629338262,0,0,1,0
PAWN_AUDIT_RESULT,5405,1,1,-343,0,0,-343,0,0,0,0,0
PAWN_AUDIT_ENTRY,5406,8309701577175914536,3143795185281751212,17464122843042435163,921020573767949278,3177,18446744073709551322,18446744073709551323,18446744073709551318,11,10,1,19,18446744073709534550,18446744073709549635,13,0,1,0,0,0,0,2154,0,18446744073709551335,18446744073709551335,638130,13,9805,0,0,0,9,18446744073709544433,18446744073709551030,18446744073709551030,18446744073709551333,5,2,1,16739620085054120890,1,0,13,4501834342629338262,0,0,1,0
PAWN_AUDIT_RESULT,5406,1,1,-459,0,0,-459,0,0,0,0,0
PAWN_AUDIT_ENTRY,5407,3143795185281751212,1722983749534063558,17464122843042435163,3581102060106639540,3502,18446744073709551322,18446744073709551323,18446744073709551318,11,10,1,20,18446744073709535876,18446744073709548971,13,0,1,0,0,0,0,2154,0,18446744073709551335,18446744073709551335,638130,13,9806,0,0,0,9,18446744073709545036,18446744073709551030,18446744073709551030,18446744073709551333,5,2,1,16739620085054120890,1,0,13,4501834342629338262,0,0,1,0
PAWN_AUDIT_RESULT,5407,1,1,-342,0,0,-342,0,0,0,0,0
PAWN_AUDIT_ENTRY,5408,1722983749534063558,13681426425794996680,17464122843042435163,1905750448957402955,3104,18446744073709551322,18446744073709551323,18446744073709551318,11,10,1,21,18446744073709534664,18446744073709549222,13,0,1,0,0,0,0,2154,0,18446744073709551335,18446744073709551335,638130,13,9807,0,0,0,9,18446744073709544485,18446744073709551030,18446744073709551030,18446744073709551333,5,2,1,16739620085054120890,1,0,13,4501834342629338262,0,0,1,0
PAWN_AUDIT_RESULT,5408,1,1,-335,0,0,-335,0,0,0,0,0
PAWN_AUDIT_ENTRY,5409,13681426425794996680,17851850463119946732,17464122843042435163,9278549635606204970,3567,18446744073709551322,18446744073709551323,18446744073709551318,11,10,1,22,18446744073709534899,18446744073709548986,13,0,1,0,0,0,0,2154,0,18446744073709551335,18446744073709551335,638130,13,9808,0,0,0,9,18446744073709544592,18446744073709551030,18446744073709551030,18446744073709551333,5,2,1,16739620085054120890,1,0,13,4501834342629338262,0,0,1,0
PAWN_AUDIT_RESULT,5409,1,1,-351,0,0,-351,0,0,0,0,0
PAWN_AUDIT_ENTRY,5410,17851850463119946732,18121751889728555045,17464122843042435163,8122794421778449389,3642,18446744073709551322,18446744073709551323,18446744073709551318,11,10,1,24,18446744073709536896,18446744073709547214,13,0,1,0,0,0,0,2154,0,18446744073709551335,18446744073709551335,638130,13,9809,0,0,0,12,18446744073709545699,18446744073709550632,18446744073709551030,18446744073709551333,5,2,1,16739620085054120890,1,0,13,4501834342629338262,0,2,1,0
PAWN_AUDIT_RESULT,5410,1,1,-362,0,0,-362,0,0,0,0,0
PAWN_AUDIT_ENTRY,5411,18121751889728555045,15222131148759440112,17464122843042435163,113616244669720369,3892,18446744073709551322,18446744073709551323,18446744073709551318,11,10,1,25,18446744073709535792,18446744073709547271,13,0,1,0,0,0,0,2154,0,18446744073709551335,18446744073709551335,638130,13,9810,0,0,0,14,18446744073709544998,18446744073709551030,18446744073709551030,18446744073709551333,5,2,1,16739620085054120890,1,0,13,4501834342629338262,0,2,1,0
PAWN_AUDIT_RESULT,5411,1,1,-463,0,0,-463,0,0,0,0,0
PAWN_AUDIT_ENTRY,5412,15222131148759440112,7135644025736948083,17464122843042435163,14268907757126193455,3643,18446744073709551322,18446744073709551323,18446744073709551318,11,10,1,26,18446744073709535866,18446744073709546634,13,0,1,0,0,0,0,2154,0,18446744073709551335,18446744073709551335,638130,13,9811,0,0,0,12,18446744073709545440,18446744073709550213,18446744073709551030,18446744073709551333,5,2,1,16739620085054120890,1,0,13,4501834342629338262,0,2,1,0
PAWN_AUDIT_RESULT,5412,1,1,-363,0,0,-363,0,0,0,0,0
PAWN_AUDIT_ENTRY,5413,7135644025736948083,3864096151762507357,17464122843042435163,4262680351952350797,3891,18446744073709551322,18446744073709551323,18446744073709551318,11,10,1,27,18446744073709534904,18446744073709546813,13,0,1,0,0,0,0,2154,0,18446744073709551335,18446744073709551335,638130,13,9812,0,0,0,14,18446744073709544594,18446744073709551030,18446744073709551030,18446744073709551333,5,2,1,16739620085054120890,1,0,13,4501834342629338262,0,2,1,0
PAWN_AUDIT_RESULT,5413,1,1,-447,0,0,-447,0,0,0,0,0
PAWN_AUDIT_ENTRY,5414,3864096151762507357,8660844465218418744,17464122843042435163,10402488406252871488,3899,18446744073709551322,18446744073709551323,18446744073709551318,11,10,1,29,18446744073709534620,18446744073709546489,13,0,1,0,0,0,0,2154,0,18446744073709551335,18446744073709551335,638130,13,9813,0,0,0,14,18446744073709544465,18446744073709551030,18446744073709551030,18446744073709551333,5,2,1,16739620085054120890,1,0,13,4501834342629338262,0,2,1,0
PAWN_AUDIT_RESULT,5414,1,1,-342,0,0,-342,0,0,0,0,0
PAWN_AUDIT_ENTRY,5415,8660844465218418744,4265677946072217666,17464122843042435163,9492738438401962999,2919,18446744073709551322,18446744073709551323,18446744073709551318,11,10,1,30,18446744073709534565,18446744073709546127,13,0,1,0,0,0,0,2154,0,18446744073709551335,18446744073709551335,638130,13,9814,0,0,0,10,18446744073709544440,18446744073709551030,18446744073709551030,18446744073709551333,5,2,1,16739620085054120890,1,0,13,4501834342629338262,0,2,1,0
PAWN_AUDIT_RESULT,5415,1,1,-477,0,0,-477,0,0,0,0,0
PAWN_AUDIT_ENTRY,5416,4265677946072217666,11337313944925683667,17464122843042435163,5825127945067755561,2942,18446744073709551322,18446744073709551323,18446744073709551318,11,10,1,31,18446744073709534572,18446744073709546124,13,0,1,0,0,0,0,2154,0,18446744073709551335,18446744073709551335,638130,13,9815,0,0,0,10,18446744073709544443,18446744073709551030,18446744073709551030,18446744073709551333,5,2,1,16739620085054120890,1,0,13,4501834342629338262,0,2,1,0
PAWN_AUDIT_RESULT,5416,1,1,-407,0,0,-407,0,0,0,0,0
PAWN_AUDIT_ENTRY,5417,11337313944925683667,16755442440764935032,17464122843042435163,9159000781414806296,4094,18446744073709551322,18446744073709551323,18446744073709551318,11,10,1,32,18446744073709534563,18446744073709545561,13,0,1,0,0,0,0,2154,0,18446744073709551335,18446744073709551335,638130,13,9816,0,0,0,12,18446744073709544439,18446744073709551030,18446744073709551030,18446744073709551333,5,2,1,16739620085054120890,1,0,13,4501834342629338262,0,2,1,0
PAWN_AUDIT_RESULT,5417,1,1,-379,0,0,-379,0,0,0,0,0
PAWN_AUDIT_ENTRY,5418,16755442440764935032,6977959362058440637,13258914864168494377,16505185704375723603,3641,18446744073709551322,18446744073709551323,18446744073709551319,11,10,2,2,18446744073709545605,2309,11,0,1,0,0,0,0,3297,0,18446744073709551333,18446744073709550576,18446744073707752390,13,9817,0,0,1,12,18446744073709549460,18446744073709551030,18446744073709551030,18446744073709551333,7,2,1,16739620085054120890,0,0,11,17417673800558478153,0,1,1,0
PAWN_AUDIT_RESULT,5418,2,2,-1166,0,0,-1166,0,0,0,0,0
PAWN_AUDIT_ENTRY,5419,6977959362058440637,2602574141534105546,13258914864168494377,113219107684349821,3956,18446744073709551322,18446744073709551323,18446744073709551319,11,10,2,3,18446744073709547463,4371,11,0,1,0,0,0,0,3297,0,18446744073709551333,18446744073709550576,18446744073707752390,13,9818,0,0,1,11,18446744073709550927,18446744073709550656,18446744073709550133,18446744073709551333,7,2,1,16739620085054120890,0,0,11,17417673800558478153,0,1,1,0
PAWN_AUDIT_RESULT,5419,2,2,-1139,0,0,-1139,0,0,0,0,0
PAWN_AUDIT_ENTRY,5427,10048080287668819397,2032659358220257614,3580548664094061215,9809885582480138443,3956,18446744073709551322,18446744073709551323,18446744073709551320,10,9,4,3,18446744073709541601,814,9,0,1,0,0,1,0,2337,0,18446744073709551380,18446744073709551380,18446744073704535622,13,9833,0,0,0,11,18446744073709550135,18446744073709549384,18446744073709547584,18446744073709551331,9,2,1,16739620085054120890,4,0,9,3325142458589714543,0,5,1,0
PAWN_AUDIT_RESULT,5427,4,4,-304,0,0,-304,0,0,0,0,0
PAWN_AUDIT_ENTRY,5429,5784138094978818478,18317053142411940529,3580548664094061215,10021527386656430706,3242,18446744073709551322,18446744073709551323,18446744073709551320,10,9,2,9,18446744073709536233,18446744073709550991,9,0,1,0,0,1,0,2337,0,18446744073709551380,18446744073709551380,18446744073704535622,13,9835,0,0,0,9,18446744073709546289,18446744073709550455,18446744073709549375,18446744073709551331,9,2,1,16739620085054120890,4,0,9,3325142458589714543,0,0,1,0
PAWN_AUDIT_RESULT,5429,2,2,-346,0,0,-346,0,0,0,0,0
PAWN_AUDIT_ENTRY,5430,18317053142411940529,283430001650750011,3580548664094061215,16593998592725181306,53048,18446744073709551322,18446744073709551323,18446744073709551320,10,9,3,10,18446744073709541232,18446744073709549285,9,0,1,0,0,1,0,2337,0,18446744073709551380,18446744073709551380,18446744073704535622,13,9836,0,0,0,14,18446744073709548410,18446744073709550213,18446744073709549938,18446744073709551331,9,2,1,16739620085054120890,4,0,9,3325142458589714543,0,5,1,0
PAWN_AUDIT_RESULT,5430,3,3,-300,0,0,-300,0,3,3,0,0
PAWN_AUDIT_ENTRY,5431,283430001650750011,3076122431787665994,3580548664094061215,17514992403703668122,2910,18446744073709551322,18446744073709551323,18446744073709551320,10,9,3,11,18446744073709539396,18446744073709548270,9,0,1,0,0,1,0,2337,0,18446744073709551380,18446744073709551380,18446744073704535622,13,9840,0,0,0,10,18446744073709547239,18446744073709550632,18446744073709550199,18446744073709551331,9,2,1,16739620085054120890,4,0,9,3325142458589714543,0,5,1,0
PAWN_AUDIT_RESULT,5431,3,3,-324,0,0,-324,0,0,0,0,0
PAWN_AUDIT_ENTRY,5432,3076122431787665994,11344528906919998109,3580548664094061215,15545057258336071577,3308,18446744073709551322,18446744073709551323,18446744073709551320,10,9,3,13,18446744073709541430,18446744073709547160,9,0,1,0,0,1,0,2337,0,18446744073709551380,18446744073709551380,18446744073704535622,13,9841,0,0,0,11,18446744073709547823,18446744073709551030,18446744073709550491,18446744073709551331,9,2,1,16739620085054120890,4,0,9,3325142458589714543,0,5,1,0
PAWN_AUDIT_RESULT,5432,3,3,-386,0,0,-386,0,0,0,0,0
PAWN_AUDIT_ENTRY,5433,11344528906919998109,11602603639968156921,3580548664094061215,17464691494342642288,3502,18446744073709551322,18446744073709551323,18446744073709551320,10,9,2,14,18446744073709535313,18446744073709548971,9,0,1,0,0,1,0,2337,0,18446744073709551380,18446744073709551380,18446744073704535622,13,9842,0,0,0,9,18446744073709544951,18446744073709551030,18446744073709550678,18446744073709551331,9,2,1,16739620085054120890,4,0,9,3325142458589714543,0,0,1,0
PAWN_AUDIT_RESULT,5433,2,2,-386,0,0,-386,0,0,0,0,0
PAWN_AUDIT_ENTRY,5434,11602603639968156921,2773747068424627746,3580548664094061215,7095865121569811251,3112,18446744073709551322,18446744073709551323,18446744073709551320,10,9,2,15,18446744073709535176,18446744073709549457,9,0,1,0,0,1,0,2337,0,18446744073709551380,18446744073709551380,18446744073704535622,13,9843,0,0,0,9,18446744073709544908,18446744073709551030,18446744073709550638,18446744073709551331,9,2,1,16739620085054120890,4,0,9,3325142458589714543,0,0,1,0
PAWN_AUDIT_RESULT,5434,2,2,-342,0,0,-342,0,0,0,0,0
PAWN_AUDIT_ENTRY,5435,2773747068424627746,8516814179660353383,3580548664094061215,8251435429833272352,3494,18446744073709551322,18446744073709551323,18446744073709551320,10,9,2,16,18446744073709534312,18446744073709549670,9,0,1,0,0,1,0,2337,0,18446744073709551380,18446744073709551380,18446744073704535622,13,9844,0,0,0,9,18446744073709544436,18446744073709551030,18446744073709550801,18446744073709551331,9,2,1,16739620085054120890,4,0,9,3325142458589714543,0,0,1,0
PAWN_AUDIT_RESULT,5435,2,2,-408,0,0,-408,0,0,0,0,0
PAWN_AUDIT_ENTRY,5436,8516814179660353383,4380624680373164898,3580548664094061215,12632199278693319274,3559,18446744073709551322,18446744073709551323,18446744073709551320,10,9,2,17,18446744073709534355,18446744073709549646,9,0,1,0,0,1,0,2337,0,18446744073709551380,18446744073709551380,18446744073704535622,13,9845,0,0,0,9,18446744073709544444,18446744073709551030,18446744073709550825,18446744073709551331,9,2,1,16739620085054120890,4,0,9,3325142458589714543,0,0,1,0
PAWN_AUDIT_RESULT,5436,2,2,-310,0,0,-310,0,0,0,0,0
PAWN_AUDIT_ENTRY,5437,4380624680373164898,8072680990018977694,3580548664094061215,14926532723345783066,3177,18446744073709551322,18446744073709551323,18446744073709551320,10,9,2,18,18446744073709534352,18446744073709549635,9,0,1,0,0,1,0,2337,0,18446744073709551380,18446744073709551380,18446744073704535622,13,9846,0,0,0,9,18446744073709544433,18446744073709551030,18446744073709550845,18446744073709551331,9,2,1,16739620085054120890,4,0,9,3325142458589714543,0,0,1,0
PAWN_AUDIT_RESULT,5437,2,2,-320,0,0,-320,0,0,0,0,0
PAWN_AUDIT_ENTRY,5438,8072680990018977694,6043657588561630623,3580548664094061215,14517075781173584180,3234,18446744073709551322,18446744073709551323,18446744073709551320,10,9,2,19,18446744073709536476,18446744073709549033,9,0,1,0,0,1,0,2337,0,18446744073709551380,18446744073709551380,18446744073704535622,13,9847,0,0,0,9,18446744073709545789,18446744073709550680,18446744073709550401,18446744073709551331,9,2,1,16739620085054120890,4,0,9,3325142458589714543,0,0,1,0
PAWN_AUDIT_RESULT,5438,2,2,-330,0,0,-330,0,0,0,0,0
PAWN_AUDIT_ENTRY,5439,6043657588561630623,7941663902007672616,3580548664094061215,15681314927113571727,3104,18446744073709551322,18446744073709551323,18446744073709551320,10,9,2,20,18446744073709534508,18446744073709549222,9,0,1,0,0,1,0,2337,0,18446744073709551380,18446744073709551380,18446744073704535622,13,9848,0,0,0,9,18446744073709544479,18446744073709551030,18446744073709550896,18446744073709551331,9,2,1,16739620085054120890,4,0,9,3325142458589714543,0,0,1,0
PAWN_AUDIT_RESULT,5439,2,2,-445,0,0,-445,0,1,1,0,0
PAWN_AUDIT_ENTRY,5440,7941663902007672616,292961385062721873,3580548664094061215,17133862916538759285,2343,18446744073709551322,18446744073709551323,18446744073709551320,10,9,2,21,18446744073709536131,18446744073709551586,9,0,1,0,0,1,0,2337,0,18446744073709551380,18446744073709551380,18446744073704535622,13,9850,0,0,0,13,18446744073709546200,18446744073709550002,18446744073709549930,18446744073709551331,9,2,1,16739620085054120890,4,0,9,3325142458589714543,0,5,1,0
PAWN_AUDIT_RESULT,5440,2,2,-308,0,0,-308,0,0,0,0,0
PAWN_AUDIT_ENTRY,5441,292961385062721873,7692871393485300452,3580548664094061215,4839586757024706798,3567,18446744073709551322,18446744073709551323,18446744073709551320,10,9,2,22,18446744073709534707,18446744073709548986,9,0,1,0,0,1,0,2337,0,18446744073709551380,18446744073709551380,18446744073704535622,13,9851,0,0,0,9,18446744073709544563,18446744073709551030,18446744073709550910,18446744073709551331,9,2,1,16739620085054120890,4,0,9,3325142458589714543,0,0,1,0
PAWN_AUDIT_RESULT,5441,2,2,-335,0,0,-335,0,0,0,0,0
PAWN_AUDIT_ENTRY,5442,7692871393485300452,3766926126422476090,3580548664094061215,810135665558055507,3169,18446744073709551322,18446744073709551323,18446744073709551320,10,9,2,23,18446744073709534434,18446744073709549328,9,0,1,0,0,1,0,2337,0,18446744073709551380,18446744073709551380,18446744073704535622,13,9852,0,0,0,9,18446744073709544433,18446744073709551030,18446744073709550922,18446744073709551331,9,2,1,16739620085054120890,4,0,9,3325142458589714543,0,0,1,0
PAWN_AUDIT_RESULT,5442,2,2,-359,0,0,-359,0,0,0,0,0
PAWN_AUDIT_ENTRY,5443,3766926126422476090,8819354748709906201,3580548664094061215,8396729992777438686,3306,18446744073709551322,18446744073709551323,18446744073709551320,10,9,2,24,18446744073709535572,18446744073709549065,9,0,1,0,0,1,0,2337,0,18446744073709551380,18446744073709551380,18446744073704535622,13,9853,0,0,0,11,18446744073709546072,18446744073709549748,18446744073709549932,18446744073709551331,9,2,1,16739620085054120890,4,0,9,3325142458589714543,0,5,1,0
PAWN_AUDIT_RESULT,5443,2,2,-582,0,0,-582,0,2,2,0,0
PAWN_AUDIT_ENTRY,5444,8819354748709906201,4127893534499358870,3580548664094061215,7310095441845529567,2356,18446744073709551322,18446744073709551323,18446744073709551320,10,9,2,26,18446744073709537974,18446744073709546617,9,0,1,0,0,1,0,2337,0,18446744073709551380,18446744073709551380,18446744073704535622,13,9856,0,0,0,13,18446744073709545990,18446744073709551030,18446744073709551030,18446744073709551331,9,2,1,16739620085054120890,4,0,9,3325142458589714543,0,5,1,0
PAWN_AUDIT_RESULT,5444,2,2,-405,0,0,-405,0,0,0,0,0
PAWN_AUDIT_ENTRY,5445,4127893534499358870,9670132912961717896,3580548664094061215,11149796925697920121,2348,18446744073709551322,18446744073709551323,18446744073709551320,10,9,2,27,18446744073709535512,18446744073709547996,9,0,1,0,0,1,0,2337,0,18446744073709551380,18446744073709551380,18446744073704535622,13,9857,0,0,0,13,18446744073709545572,18446744073709550302,18446744073709550335,18446744073709551331,9,2,1,16739620085054120890,4,0,9,3325142458589714543,0,5,1,0
PAWN_AUDIT_RESULT,5445,2,2,-325,0,0,-325,0,0,0,0,0
PAWN_AUDIT_ENTRY,5446,9670132912961717896,6451654068718810270,3580548664094061215,1613430943308962155,3322,18446744073709551322,18446744073709551323,18446744073709551320,10,9,2,29,18446744073709537087,18446744073709546506,9,0,1,0,0,1,0,2337,0,18446744073709551380,18446744073709551380,18446744073704535622,13,9858,0,0,0,11,18446744073709545915,18446744073709550724,18446744073709550669,18446744073709551331,9,2,1,16739620085054120890,4,0,9,3325142458589714543,0,5,1,0
PAWN_AUDIT_RESULT,5446,2,2,-351,0,0,-351,0,0,0,0,0
PAWN_AUDIT_ENTRY,5447,6451654068718810270,5335324412707283335,3580548664094061215,8613951464570809096,3297,18446744073709551322,18446744073709551323,18446744073709551320,10,9,2,30,18446744073709536530,18446744073709546586,9,0,1,0,0,1,0,2337,0,18446744073709551380,18446744073709551380,18446744073704535622,13,9859,0,0,0,11,18446744073709545952,18446744073709550383,18446744073709550422,18446744073709551331,9,2,1,16739620085054120890,4,0,9,3325142458589714543,0,5,1,0
PAWN_AUDIT_RESULT,5447,2,2,-390,0,0,-390,0,0,0,0,0
PAWN_AUDIT_ENTRY,5448,5335324412707283335,15731673003656584389,3580548664094061215,9531104674184852028,2787,18446744073709551322,18446744073709551323,18446744073709551320,10,9,2,31,18446744073709534499,18446744073709548100,9,0,1,0,0,1,0,2337,0,18446744073709551380,18446744073709551380,18446744073704535622,13,9860,0,0,0,9,18446744073709544440,18446744073709551030,18446744073709550968,18446744073709551331,9,2,1,16739620085054120890,4,0,9,3325142458589714543,0,0,1,0
PAWN_AUDIT_RESULT,5448,2,2,-381,0,0,-381,0,1,1,0,0
PAWN_AUDIT_ENTRY,5449,15731673003656584389,6937135352436476296,3580548664094061215,12922053582754554153,3642,18446744073709551322,18446744073709551323,18446744073709551320,10,9,2,32,18446744073709535600,18446744073709546438,9,0,1,0,0,1,0,2337,0,18446744073709551380,18446744073709551380,18446744073704535622,13,9862,0,0,0,12,18446744073709545448,18446744073709550521,18446744073709550447,18446744073709551331,9,2,1,16739620085054120890,4,0,9,3325142458589714543,0,5,1,0
PAWN_AUDIT_RESULT,5449,2,2,-320,0,0,-320,0,0,0,0,0
PAWN_AUDIT_ENTRY,5450,6937135352436476296,15458944110828623228,3580548664094061215,14014648329389442549,3892,18446744073709551322,18446744073709551323,18446744073709551320,10,9,2,33,18446744073709535546,18446744073709546483,9,0,1,0,0,1,0,2337,0,18446744073709551380,18446744073709551380,18446744073704535622,13,9863,0,0,0,14,18446744073709544886,18446744073709551030,18446744073709551030,18446744073709551331,9,2,1,16739620085054120890,4,0,9,3325142458589714543,0,5,1,0
PAWN_AUDIT_RESULT,5450,2,2,-669,0,0,-669,0,0,0,0,0
PAWN_AUDIT_ENTRY,5451,15458944110828623228,3489594407494210186,3580548664094061215,425859790641935339,3643,18446744073709551322,18446744073709551323,18446744073709551320,10,9,2,34,18446744073709535353,18446744073709545976,9,0,1,0,0,1,0,2337,0,18446744073709551380,18446744073709551380,18446744073704535622,13,9864,0,0,0,12,18446744073709545241,18446744073709550579,18446744073709550582,18446744073709551331,9,2,1,16739620085054120890,4,0,9,3325142458589714543,0,5,1,0
PAWN_AUDIT_RESULT,5451,2,2,-334,0,0,-334,0,0,0,0,0
PAWN_AUDIT_ENTRY,5452,3489594407494210186,17953483822593901465,3580548664094061215,6347944966156755065,2338,18446744073709551322,18446744073709551323,18446744073709551320,10,9,3,35,18446744073709538251,18446744073709545429,9,0,1,0,0,1,0,2337,0,18446744073709551380,18446744073709551380,18446744073704535622,13,9865,0,0,0,13,18446744073709546116,18446744073709551030,18446744073709551030,18446744073709551331,9,2,1,16739620085054120890,4,0,9,3325142458589714543,0,5,1,0
PAWN_AUDIT_RESULT,5452,3,3,-552,0,0,-552,0,1,1,0,0
PAWN_AUDIT_ENTRY,5453,17953483822593901465,1141429564181636430,3580548664094061215,16328416556349967936,3294,18446744073709551322,18446744073709551323,18446744073709551320,10,9,3,40,18446744073709536097,18446744073709549766,9,0,1,0,0,1,0,2337,0,18446744073709551380,18446744073709551380,18446744073704535622,13,9867,0,0,0,11,18446744073709545143,18446744073709551440,18446744073709550594,18446744073709551331,9,2,1,16739620085054120890,4,0,9,3325142458589714543,0,5,1,0
PAWN_AUDIT_RESULT,5453,3,3,-431,0,0,-431,0,0,0,0,0
PAWN_AUDIT_ENTRY,5477,5497337955372124486,13991507509644852287,13047254092476715600,9310095132332679097,3769,18446744073709551297,18446744073709551298,18446744073709551201,8,7,2,4,18446744073709545783,18446744073709549473,11,0,0,0,0,0,0,0,0,18446744073709551292,18446744073709551292,18446744073706998528,13,9938,0,0,0,14,18446744073709549541,18446744073709551030,18446744073709551030,18446744073709551314,1,1,1,16739620085054120890,6,0,11,16593998592725181306,0,7,1,0
PAWN_AUDIT_RESULT,5477,2,2,-368,0,0,-368,0,0,0,0,0
PAWN_AUDIT_ENTRY,5478,13991507509644852287,11190899627988857590,13047254092476715600,6583376353619525882,3836,18446744073709551297,18446744073709551298,18446744073709551248,8,7,1,5,18446744073709542385,18446744073709551445,11,0,0,0,0,0,0,0,0,18446744073709551292,18446744073709551292,18446744073706998528,13,9939,0,0,0,12,18446744073709547887,18446744073709551248,18446744073709551030,18446744073709551314,1,1,1,16739620085054120890,6,0,11,16593998592725181306,0,7,1,0
PAWN_AUDIT_RESULT,5478,1,1,-346,0,0,-346,0,0,0,0,0
PAWN_AUDIT_ENTRY,5479,11190899627988857590,5747082411275870571,13047254092476715600,7594819366315792570,2343,18446744073709551297,18446744073709551298,18446744073709551270,8,7,1,6,18446744073709545578,18446744073709551586,11,0,0,0,0,0,0,0,0,18446744073709551292,18446744073709551292,18446744073706998528,13,9940,0,0,0,13,18446744073709546097,6115,18446744073709551030,18446744073709551314,1,1,1,16739620085054120890,6,0,11,16593998592725181306,0,7,1,0
PAWN_AUDIT_RESULT,5479,1,1,-359,0,0,-359,0,0,0,0,0
PAWN_AUDIT_ENTRY,5480,5747082411275870571,15090332441436722974,13047254092476715600,10298396691538300987,2364,18446744073709551297,18446744073709551298,18446744073709551270,8,7,1,11,18446744073709544411,18446744073709547320,11,0,0,0,0,0,0,0,0,18446744073709551292,18446744073709551292,18446744073706998528,13,9941,0,0,0,13,18446744073709549055,18446744073709550754,18446744073709551030,18446744073709551314,1,1,1,16739620085054120890,6,0,11,16593998592725181306,0,7,1,0
PAWN_AUDIT_RESULT,5480,1,1,-455,0,0,-455,0,0,0,0,0
PAWN_AUDIT_ENTRY,5481,15090332441436722974,13481137985993098379,13047254092476715600,234214365584887041,3324,18446744073709551297,18446744073709551298,18446744073709551270,8,7,1,12,18446744073709541596,18446744073709548583,11,0,0,0,0,0,0,0,0,18446744073709551292,18446744073709551292,18446744073706998528,13,9942,0,0,0,11,18446744073709547637,18446744073709551030,18446744073709551030,18446744073709551314,1,1,1,16739620085054120890,6,0,11,16593998592725181306,0,7,1,0
PAWN_AUDIT_RESULT,5481,1,1,-449,0,0,-449,0,0,0,0,0
PAWN_AUDIT_ENTRY,5489,9341447313562819025,15535891788108952110,2947273148572244149,15335831470504446864,3366,18446744073709551297,18446744073709551298,18446744073709551239,7,6,2,4,18446744073709550340,18446744073709550278,13,0,0,0,0,0,0,0,0,18446744073709550935,18446744073709550935,18446744073709249201,13,9961,0,0,1,11,18446744073709551613,18446744073709551030,18446744073709551030,18446744073709551256,3,1,1,1444109983380305212,0,0,13,6496028255206401180,0,1,1,0
PAWN_AUDIT_RESULT,5489,2,2,-716,0,0,-716,0,0,0,0,0
PAWN_AUDIT_ENTRY,5490,15535891788108952110,13666175999893654155,2947273148572244149,1596059040951358644,2316,18446744073709551297,18446744073709551298,18446744073709551239,7,6,2,5,18446744073709550340,18446744073709550278,13,0,0,0,0,0,0,0,0,18446744073709550935,18446744073709550935,18446744073709249201,13,9962,0,0,1,13,18446744073709551613,18446744073709551030,18446744073709551030,18446744073709551256,3,1,1,1444109983380305212,0,0,13,6496028255206401180,0,1,1,0
PAWN_AUDIT_RESULT,5490,2,2,-650,0,0,-650,0,0,0,0,0
PAWN_AUDIT_ENTRY,5491,13666175999893654155,16985510633831634761,2947273148572244149,9966516611443219528,2341,18446744073709551297,18446744073709551298,18446744073709551239,7,6,1,8,18446744073709547219,18446744073709550278,13,0,0,0,0,0,0,0,0,18446744073709550935,18446744073709550935,18446744073709249201,13,9963,0,0,1,13,18446744073709550194,18446744073709551030,18446744073709551030,18446744073709551256,3,1,1,1444109983380305212,0,0,13,6496028255206401180,0,1,1,0
PAWN_AUDIT_RESULT,5491,1,1,-531,0,0,-531,0,0,0,0,0
PAWN_AUDIT_ENTRY,5504,3527776341662923181,4095338381871462710,17135085125807682541,424358708242894077,3104,18446744073709551297,18446744073709551298,18446744073709551206,8,7,1,8,18446744073709551123,18446744073709550278,13,0,0,0,0,0,0,0,0,18446744073709550685,18446744073709550685,835554,13,9999,0,0,0,9,353,18446744073709551030,18446744073709551030,18446744073709551030,2,1,1,17444982774477705371,5,0,13,1667614877390136370,0,0,1,0
PAWN_AUDIT_RESULT,5504,1,1,-782,0,0,-782,0,0,0,0,0
PAWN_AUDIT_ENTRY,5505,4095338381871462710,3361019395949532852,1336614940594216447,18060295325220397807,3104,18446744073709551297,18446744073709551298,18446744073709551246,9,8,5,3,18446744073709547851,18446744073709550278,11,0,0,0,0,1,0,0,0,18446744073709551046,18446744073709551046,1745265,13,10000,0,0,0,9,18446744073709550481,18446744073709551030,18446744073709551030,18446744073709551267,5,1,1,17444982774477705371,3,0,11,6456291395153295368,0,0,1,0
PAWN_AUDIT_RESULT,5505,5,5,-734,0,0,-734,0,0,0,0,0
PAWN_AUDIT_ENTRY,5506,3361019395949532852,6897885347546893657,1336614940594216447,14914659407958480661,2343,18446744073709551297,18446744073709551298,18446744073709551246,9,8,4,4,18446744073709541520,18446744073709551511,11,0,0,0,0,1,0,0,0,18446744073709551046,18446744073709551046,1745265,13,10001,0,0,0,13,18446744073709545972,18446744073709551030,2773,18446744073709551267,5,1,1,17444982774477705371,3,0,11,6456291395153295368,0,4,1,0
PAWN_AUDIT_RESULT,5506,4,4,-638,0,0,-638,0,0,0,0,0
PAWN_AUDIT_ENTRY,5508,17629082014020695162,443566056518973314,16143792975097555548,13620385074622081318,3641,18446744073709551297,18446744073709551298,18446744073709551251,11,10,8,4,18446744073709542915,18446744073709546870,9,0,0,0,0,1,0,3956,0,18446744073709551274,18446744073709551288,18446744073707190544,13,10004,0,0,0,12,18446744073709548307,18446744073709550890,18446744073709551030,18446744073709551274,7,1,1,17444982774477705371,1,0,9,12921627328962075510,0,2,1,0
PAWN_AUDIT_RESULT,5508,8,8,-519,0,0,-519,0,0,0,0,0
PAWN_AUDIT_ENTRY,5509,443566056518973314,11189343991283582669,16143792975097555548,587109456413922636,3104,18446744073709551297,18446744073709551298,18446744073709551251,11,10,8,5,18446744073709545222,18446744073709550278,9,0,0,0,0,1,0,3956,0,18446744073709551274,18446744073709551288,18446744073707190544,13,10005,0,0,0,9,18446744073709549286,18446744073709551030,18446744073709551030,18446744073709551274,7,1,1,17444982774477705371,1,0,9,12921627328962075510,0,0,1,0
PAWN_AUDIT_RESULT,5509,8,8,-380,0,0,-380,0,4,4,0,0
PAWN_AUDIT_ENTRY,5514,1090623539551483335,15993507144712323378,16143792975097555548,2586720155071795891,3502,18446744073709551297,18446744073709551298,18446744073709551251,11,10,4,12,18446744073709535462,18446744073709550278,9,0,0,0,0,1,0,3956,0,18446744073709551274,18446744073709551288,18446744073707190544,13,10014,0,0,0,9,18446744073709544848,18446744073709551030,18446744073709551030,18446744073709551274,7,1,1,17444982774477705371,1,0,9,12921627328962075510,0,0,1,0
PAWN_AUDIT_RESULT,5514,4,4,-455,0,0,-455,0,0,0,0,0
PAWN_AUDIT_ENTRY,5515,15993507144712323378,3650067787218444989,16143792975097555548,14402197983208423848,3763,18446744073709551297,18446744073709551298,18446744073709551251,11,10,4,13,18446744073709533690,18446744073709548233,9,0,0,0,0,1,0,3956,0,18446744073709551274,18446744073709551288,18446744073707190544,13,10015,0,0,0,11,18446744073709545365,18446744073709549215,18446744073709550174,18446744073709551274,7,1,1,17444982774477705371,1,0,9,12921627328962075510,0,2,1,0
PAWN_AUDIT_RESULT,5515,4,4,-343,0,0,-343,0,0,0,0,0
PAWN_AUDIT_ENTRY,5516,3650067787218444989,3352331030125493528,16143792975097555548,4358738611025633462,2343,18446744073709551297,18446744073709551298,18446744073709551273,11,10,6,14,18446744073709550955,18446744073709549855,9,0,0,0,0,1,0,3956,0,18446744073709551274,18446744073709551288,18446744073707190544,13,10016,0,0,0,13,18446744073709548542,6115,18446744073709551030,18446744073709551274,7,1,1,17444982774477705371,1,0,9,12921627328962075510,0,2,1,0
PAWN_AUDIT_RESULT,5516,6,6,-433,0,0,-433,0,3,3,0,0
PAWN_AUDIT_ENTRY,5517,3352331030125493528,367791185912364449,16143792975097555548,12953337265420055536,3112,18446744073709551297,18446744073709551298,18446744073709551273,11,10,3,15,18446744073709535388,18446744073709550278,9,0,0,0,0,1,0,3956,0,18446744073709551274,18446744073709551288,18446744073707190544,13,10020,0,0,0,9,18446744073709544814,18446744073709551030,18446744073709551030,18446744073709551274,7,1,1,17444982774477705371,1,0,9,12921627328962075510,0,0,1,0
PAWN_AUDIT_RESULT,5517,3,3,-410,0,0,-410,0,0,0,0,0
PAWN_AUDIT_ENTRY,5518,367791185912364449,14493039550773450558,16143792975097555548,1045043636107481302,2931,18446744073709551297,18446744073709551298,18446744073709551273,11,10,4,16,18446744073709543484,18446744073709547589,9,0,0,0,0,1,0,3956,0,18446744073709551274,18446744073709551288,18446744073707190544,13,10021,0,0,0,10,18446744073709549100,18446744073709549821,18446744073709551030,18446744073709551274,7,1,1,17444982774477705371,1,0,9,12921627328962075510,0,2,1,0
PAWN_AUDIT_RESULT,5518,4,4,-342,0,0,-342,0,2,2,0,0
PAWN_AUDIT_ENTRY,5519,14493039550773450558,11738087906973674885,16143792975097555548,2498139816908916057,2910,18446744073709551297,18446744073709551298,18446744073709551274,11,10,3,17,18446744073709538792,18446744073709547649,9,0,0,0,0,1,0,3956,0,18446744073709551274,18446744073709551288,18446744073707190544,13,10024,0,0,0,10,18446744073709546878,18446744073709549998,18446744073709551030,18446744073709551274,7,1,1,17444982774477705371,1,0,9,12921627328962075510,0,2,1,0
PAWN_AUDIT_RESULT,5519,3,3,-387,0,0,-387,0,0,0,0,0
PAWN_AUDIT_ENTRY,5520,11738087906973674885,7960424524080675775,16143792975097555548,9148071397334424233,3559,18446744073709551297,18446744073709551298,18446744073709551274,11,10,3,18,18446744073709534572,18446744073709550278,9,0,0,0,0,1,0,3956,0,18446744073709551274,18446744073709551288,18446744073707190544,13,10025,0,0,0,9,18446744073709544443,18446744073709551030,18446744073709551030,18446744073709551274,7,1,1,17444982774477705371,1,0,9,12921627328962075510,0,0,1,0
PAWN_AUDIT_RESULT,5520,3,3,-389,0,0,-389,0,0,0,0,0
PAWN_AUDIT_ENTRY,5521,7960424524080675775,10082189192439737248,16143792975097555548,11761169020902536419,3494,18446744073709551297,18446744073709551298,18446744073709551274,11,10,3,19,18446744073709534554,18446744073709550278,9,0,0,0,0,1,0,3956,0,18446744073709551274,18446744073709551288,18446744073707190544,13,10026,0,0,0,9,18446744073709544435,18446744073709551030,18446744073709551030,18446744073709551274,7,1,1,17444982774477705371,1,0,9,12921627328962075510,0,0,1,0
PAWN_AUDIT_RESULT,5521,3,3,-427,0,0,-427,0,0,0,0,0
PAWN_AUDIT_ENTRY,5522,10082189192439737248,6002214730368123935,16143792975097555548,2206586014610579929,3177,18446744073709551297,18446744073709551298,18446744073709551274,11,10,3,20,18446744073709534550,18446744073709550278,9,0,0,0,0,1,0,3956,0,18446744073709551274,18446744073709551288,18446744073707190544,13,10027,0,0,0,9,18446744073709544433,18446744073709551030,18446744073709551030,18446744073709551274,7,1,1,17444982774477705371,1,0,9,12921627328962075510,0,0,1,0
PAWN_AUDIT_RESULT,5522,3,3,-803,0,0,-803,0,0,0,0,0
PAWN_AUDIT_ENTRY,5523,6002214730368123935,15827059946231335261,16143792975097555548,9917632777739647162,2338,18446744073709551297,18446744073709551298,18446744073709551274,11,10,3,21,18446744073709541176,18446744073709548085,9,0,0,0,0,1,0,3956,0,18446744073709551274,18446744073709551288,18446744073707190544,13,10028,0,0,0,13,18446744073709546485,1336,18446744073709551030,18446744073709551274,7,1,1,17444982774477705371,1,0,9,12921627328962075510,0,2,1,0
PAWN_AUDIT_RESULT,5523,3,3,-459,0,0,-459,0,0,0,0,0
PAWN_AUDIT_ENTRY,5524,15827059946231335261,4770548683741845323,16143792975097555548,10561863224932034605,3567,18446744073709551297,18446744073709551298,18446744073709551274,11,10,3,22,18446744073709534785,18446744073709550278,9,0,0,0,0,1,0,3956,0,18446744073709551274,18446744073709551288,18446744073707190544,13,10029,0,0,0,9,18446744073709544540,18446744073709551030,18446744073709551030,18446744073709551274,7,1,1,17444982774477705371,1,0,9,12921627328962075510,0,0,1,0
PAWN_AUDIT_RESULT,5524,3,3,-403,0,0,-403,0,0,0,0,0
PAWN_AUDIT_ENTRY,5525,4770548683741845323,15337201477630784791,16143792975097555548,15745923773117231760,3169,18446744073709551297,18446744073709551298,18446744073709551274,11,10,3,23,18446744073709534550,18446744073709550278,9,0,0,0,0,1,0,3956,0,18446744073709551274,18446744073709551288,18446744073707190544,13,10030,0,0,0,9,18446744073709544433,18446744073709551030,18446744073709551030,18446744073709551274,7,1,1,17444982774477705371,1,0,9,12921627328962075510,0,0,1,0
PAWN_AUDIT_RESULT,5525,3,3,-389,0,0,-389,0,0,0,0,0
PAWN_AUDIT_ENTRY,5526,15337201477630784791,11003518793401151162,16143792975097555548,12970745382392669883,3742,18446744073709551297,18446744073709551298,18446744073709551274,11,10,4,32,18446744073709545321,18446744073709546219,9,0,0,0,0,1,0,3956,0,18446744073709551274,18446744073709551288,18446744073707190544,13,10031,0,0,0,11,18446744073709550671,18446744073709548350,18446744073709551030,18446744073709551274,7,1,1,17444982774477705371,1,0,9,12921627328962075510,0,2,1,0
PAWN_AUDIT_RESULT,5526,4,4,-439,0,0,-439,0,0,0,0,0
PAWN_AUDIT_ENTRY,5538,4393674498897996754,10138079467817350255,11830615802938641120,17951867388802927002,3641,18446744073709551297,18446744073709551298,18446744073709551257,6,5,3,8,18446744073709541385,18446744073709550278,11,0,0,0,0,1,0,0,0,18446744073709551236,18446744073709551297,1542147,13,10059,0,0,1,12,18446744073709547541,18446744073709551030,18446744073709551030,18446744073709551236,2,1,1,654545434589992863,0,0,11,8152512098938746082,0,1,1,0
PAWN_AUDIT_RESULT,5538,3,3,-463,0,0,-463,0,0,0,0,0
PAWN_AUDIT_ENTRY,5541,4449664036142547441,17774434734347877808,216468783851609762,13952265954744398247,2910,18446744073709551297,18446744073709551298,18446744073709551262,8,7,4,3,18446744073709543614,2061,9,0,0,0,0,1,0,2788,0,18446744073709551191,18446744073709551191,4451946,13,10062,0,0,0,10,18446744073709546417,18446744073709551030,3818,18446744073709551255,4,1,1,9805057441217779869,0,0,9,14098995406950563401,0,1,1,0
PAWN_AUDIT_RESULT,5541,4,4,-377,0,0,-377,0,1,1,0,0
PAWN_AUDIT_ENTRY,5542,17774434734347877808,8467923537444010659,216468783851609762,17117046101949899816,2931,18446744073709551297,18446744073709551298,18446744073709551262,8,7,4,5,18446744073709544399,189,9,0,0,0,0,1,0,2788,0,18446744073709551191,18446744073709551191,4451946,13,10064,0,0,0,10,18446744073709548091,1647,18446744073709550420,18446744073709551255,4,1,1,9805057441217779869,0,0,9,14098995406950563401,0,1,1,0
PAWN_AUDIT_RESULT,5542,4,4,-624,0,0,-624,0,2,2,0,0
PAWN_AUDIT_ENTRY,5543,8467923537444010659,8775233936133608666,216468783851609762,6271846524251066949,3742,18446744073709551297,18446744073709551298,18446744073709551262,8,7,1,9,18446744073709541599,18446744073709550278,9,0,0,0,0,1,0,2788,0,18446744073709551191,18446744073709551191,4451946,13,10067,0,0,0,11,18446744073709548449,18446744073709551030,18446744073709549360,18446744073709551255,4,1,1,9805057441217779869,0,0,9,14098995406950563401,0,1,1,0
PAWN_AUDIT_RESULT,5543,1,1,-743,0,0,-743,0,0,0,0,0
PAWN_AUDIT_ENTRY,5546,595741426916406260,4777479878169526903,8807542662921055261,2825374630951432039,3641,18446744073709551297,18446744073709551298,18446744073709551266,10,9,7,3,18446744073709538950,160,7,0,0,0,0,1,0,3956,0,18446744073709551285,18446744073709551285,6146962,13,10072,0,0,0,12,18446744073709546434,18446744073709551030,18446744073709551030,18446744073709551307,6,1,1,16739620085054120890,2,0,7,13122944140214456528,0,3,1,0
PAWN_AUDIT_RESULT,5546,7,7,-465,0,0,-465,0,0,0,0,0
PAWN_AUDIT_ENTRY,5549,15008078759570573967,2684033358790841518,8807542662921055261,13302445430982738712,2910,18446744073709551297,18446744073709551298,18446744073709551266,10,9,6,6,18446744073709545500,18446744073709548270,7,0,0,0,0,1,0,3956,0,18446744073709551285,18446744073709551285,6146962,13,10075,0,0,0,10,18446744073709549412,18446744073709551030,18446744073709551030,18446744073709551307,6,1,1,16739620085054120890,2,0,7,13122944140214456528,0,3,1,0
PAWN_AUDIT_RESULT,5549,6,6,-354,0,0,-354,0,5,5,0,0
PAWN_AUDIT_ENTRY,5553,13099451166161255021,10538528883258556145,8807542662921055261,10526389793593496333,3104,18446744073709551297,18446744073709551298,18446744073709551266,10,9,5,7,18446744073709541831,18446744073709549222,7,0,0,0,0,1,0,3956,0,18446744073709551285,18446744073709551285,6146962,13,10081,0,0,0,9,18446744073709547744,18446744073709551030,18446744073709551030,18446744073709551307,6,1,1,16739620085054120890,2,0,7,13122944140214456528,0,0,1,0
PAWN_AUDIT_RESULT,5553,5,5,-383,0,0,-383,0,0,0,0,0
PAWN_AUDIT_ENTRY,5554,10538528883258556145,2329494022227112521,8807542662921055261,6768357787595393001,3763,18446744073709551297,18446744073709551298,18446744073709551266,10,9,4,8,18446744073709538176,387,7,0,0,0,0,1,0,3956,0,18446744073709551285,18446744073709551285,6146962,13,10082,0,0,0,11,18446744073709545365,18446744073709551405,505,18446744073709551307,6,1,1,16739620085054120890,2,0,7,13122944140214456528,0,3,1,0
PAWN_AUDIT_RESULT,5554,4,4,-467,0,0,-467,0,0,0,0,0
PAWN_AUDIT_ENTRY,5555,2329494022227112521,17985483313209969267,8807542662921055261,13878292394301179120,3242,18446744073709551297,18446744073709551298,18446744073709551266,10,9,4,9,18446744073709541164,18446744073709550991,7,0,0,0,0,1,0,3956,0,18446744073709551285,18446744073709551285,6146962,13,10083,0,0,0,9,18446744073709546484,18446744073709551615,782,18446744073709551307,6,1,1,16739620085054120890,2,0,7,13122944140214456528,0,0,1,0
PAWN_AUDIT_RESULT,5555,4,4,-319,0,0,-319,0,8,8,0,0
PAWN_AUDIT_ENTRY,5559,17366037311279524281,6035968638637407728,8807542662921055261,13390621200200684786,3502,18446744073709551297,18446744073709551298,18446744073709551297,10,9,3,10,18446744073709535282,18446744073709548971,7,0,0,0,0,1,0,3956,0,18446744073709551285,18446744073709551285,6146962,13,10092,0,0,0,9,18446744073709544766,18446744073709551030,18446744073709551030,18446744073709551307,6,1,1,16739620085054120890,2,0,7,13122944140214456528,0,0,1,0
PAWN_AUDIT_RESULT,5559,3,3,-484,0,0,-484,0,0,0,0,0
PAWN_AUDIT_ENTRY,5560,6035968638637407728,1302380334529194292,8807542662921055261,3022923407354377649,3112,18446744073709551297,18446744073709551298,18446744073709551297,10,9,3,13,18446744073709535220,18446744073709549457,7,0,0,0,0,1,0,3956,0,18446744073709551285,18446744073709551285,6146962,13,10093,0,0,0,9,18446744073709544738,18446744073709551030,18446744073709551030,18446744073709551307,6,1,1,16739620085054120890,2,0,7,13122944140214456528,0,0,1,0
PAWN_AUDIT_RESULT,5560,3,3,-393,0,0,-393,0,0,0,0,0
PAWN_AUDIT_ENTRY,5561,1302380334529194292,531925418693539268,8807542662921055261,485388993310782257,3828,18446744073709551297,18446744073709551298,18446744073709551297,10,9,4,14,18446744073709541913,18446744073709545963,7,0,0,0,0,1,0,3956,0,18446744073709551285,18446744073709551285,6146962,13,10094,0,0,0,13,18446744073709547544,18446744073709551030,18446744073709551519,18446744073709551307,6,1,1,16739620085054120890,2,0,7,13122944140214456528,0,3,1,0
PAWN_AUDIT_RESULT,5561,4,4,-483,0,0,-483,0,0,0,0,0
PAWN_AUDIT_ENTRY,5562,531925418693539268,6428434735243465709,8807542662921055261,16484460214337445096,3559,18446744073709551297,18446744073709551298,18446744073709551297,10,9,3,15,18446744073709534567,18446744073709549646,7,0,0,0,0,1,0,3956,0,18446744073709551285,18446744073709551285,6146962,13,10095,0,0,0,9,18446744073709544441,18446744073709551030,18446744073709551030,18446744073709551307,6,1,1,16739620085054120890,2,0,7,13122944140214456528,0,0,1,0
PAWN_AUDIT_RESULT,5562,3,3,-403,0,0,-403,0,0,0,0,0
PAWN_AUDIT_ENTRY,5592,13623044569115860123,16857271766742795976,8903378209042751050,1376157171512552964,3379,18446744073709551297,18446744073709551298,18446744073709551220,11,10,7,2,18446744073709547859,18446744073709548874,9,0,0,0,0,0,0,0,0,18446744073709551075,18446744073709551075,504004,13,10166,0,0,0,13,18446744073709550485,18446744073709551030,18446744073709551030,18446744073709551282,7,1,1,10040094814023205017,3,0,9,3502359784050310077,0,4,1,0
PAWN_AUDIT_RESULT,5592,7,7,-490,0,0,-490,0,0,0,0,0
PAWN_AUDIT_ENTRY,5594,17620108652948646291,14496312376126106138,8903378209042751050,507209780098482534,3387,18446744073709551297,18446744073709551298,18446744073709551220,11,10,6,4,18446744073709542729,18446744073709551509,9,0,0,0,0,0,0,0,0,18446744073709551075,18446744073709551075,504004,13,10168,0,0,0,13,18446744073709548152,18446744073709551030,18446744073709551030,18446744073709551282,7,1,1,10040094814023205017,3,0,9,3502359784050310077,0,4,1,0
PAWN_AUDIT_ENTRY,5595,14496312376126106138,13505054704853012429,507209780098482534,5484327158598018193,2258,318,319,318,6,5,1,2,18446744073709547228,8035,10,0,1,0,0,0,0,0,0,378,378,18446744073707953718,13,10173,0,0,0,2,18446744073709550165,18446744073709551096,18446744073709551030,32002,18446744073709551614,0,1,10040094814023205017,4,0,10,8903378209042751050,0,5,1,0
PAWN_AUDIT_RESULT,5595,1,1,1,0,0,1,0,0,0,0,0
PAWN_AUDIT_ENTRY,5599,7677315522915028933,3839630760522064113,507209780098482534,10422125450625147969,1752,318,319,318,6,5,1,6,18446744073709533805,18446744073709549508,10,0,1,0,0,0,0,0,1,378,378,18446744073707953718,13,10180,0,0,0,5,18446744073709548035,18446744073709545392,18446744073709548719,32002,18446744073709551614,0,1,10040094814023205017,4,0,10,8903378209042751050,0,5,1,0
PAWN_AUDIT_RESULT,5599,1,1,318,0,0,318,0,3,3,0,0
PAWN_AUDIT_ENTRY,5600,3839630760522064113,15172260083014060487,507209780098482534,9421223559719968740,2269,318,319,318,6,5,1,8,18446744073709548818,18446744073709550278,10,0,1,0,0,0,0,0,0,378,378,18446744073707953718,13,10184,0,0,0,2,18446744073709550921,18446744073709551030,18446744073709551030,32002,18446744073709551614,0,1,10040094814023205017,4,0,10,8903378209042751050,0,5,1,0
PAWN_AUDIT_RESULT,5600,1,1,235,0,0,235,0,0,0,0,0
PAWN_AUDIT_ENTRY,5601,15172260083014060487,15309674264297690163,507209780098482534,1206686604333307723,2260,318,319,318,6,5,1,9,18446744073709547248,18446744073709550278,10,0,1,0,0,0,0,0,0,378,378,18446744073707953718,13,10185,0,0,0,2,18446744073709550207,18446744073709551030,18446744073709551030,32002,18446744073709551614,0,1,10040094814023205017,4,0,10,8903378209042751050,0,5,1,0
PAWN_AUDIT_RESULT,5601,1,1,241,0,0,241,0,0,0,0,0
PAWN_AUDIT_ENTRY,5602,15309674264297690163,16401754534042852889,507209780098482534,13839321287780271659,2265,318,319,318,6,5,1,10,18446744073709545473,18446744073709550278,10,0,1,0,0,0,0,0,0,378,378,18446744073707953718,13,10186,0,0,0,2,18446744073709549400,18446744073709551030,18446744073709551030,32002,18446744073709551614,0,1,10040094814023205017,4,0,10,8903378209042751050,0,5,1,0
PAWN_AUDIT_RESULT,5602,1,1,187,0,0,187,0,0,0,0,0
PAWN_AUDIT_ENTRY,5603,16401754534042852889,6408572205763460769,507209780098482534,16288097899714885458,666,318,319,318,6,5,1,11,18446744073709541364,18446744073709550278,10,0,1,0,0,0,0,0,0,378,378,18446744073707953718,13,10187,0,0,0,1,18446744073709546892,693,18446744073709551030,32002,18446744073709551614,0,1,10040094814023205017,4,0,10,8903378209042751050,0,0,1,0
PAWN_AUDIT_RESULT,5603,1,1,257,0,0,257,0,0,0,0,0
PAWN_AUDIT_ENTRY,5605,14173961069685342024,14811119079765283037,507209780098482534,5724392397798467305,323,318,319,318,6,5,1,15,18446744073709542945,18446744073709548603,10,0,1,0,0,0,0,0,0,378,378,18446744073707953718,13,10190,0,0,0,4,18446744073709547957,1,18446744073709551030,32002,18446744073709551614,0,1,10040094814023205017,4,0,10,8903378209042751050,0,5,1,0
PAWN_AUDIT_RESULT,5605,1,1,315,0,0,315,0,0,0,0,0
PAWN_AUDIT_ENTRY,5606,14811119079765283037,1462128175448348892,507209780098482534,3441346312194741629,1753,318,319,318,6,5,1,16,18446744073709538280,18446744073709550278,10,0,1,0,0,0,0,0,0,378,378,18446744073707953718,13,10191,0,0,0,5,18446744073709546213,18446744073709551030,18446744073709550857,32002,18446744073709551614,0,1,10040094814023205017,4,0,10,8903378209042751050,0,5,1,0
PAWN_AUDIT_RESULT,5606,1,1,237,0,0,237,0,0,0,0,0
PAWN_AUDIT_ENTRY,5607,1462128175448348892,12056843293372837215,507209780098482534,12063946144841968920,1731,318,319,318,6,5,1,17,18446744073709542487,18446744073709547758,10,0,1,0,0,0,0,0,0,378,378,18446744073707953718,13,10192,0,0,0,5,18446744073709548042,18446744073709551030,18446744073709551030,32002,18446744073709551614,0,1,10040094814023205017,4,0,10,8903378209042751050,0,5,1,0
PAWN_AUDIT_RESULT,5607,1,1,220,0,0,220,0,0,0,0,0
PAWN_AUDIT_ENTRY,5608,12056843293372837215,8973196804418779206,507209780098482534,5134999858430980732,1739,318,319,318,6,5,1,18,18446744073709538346,18446744073709550278,10,0,1,0,0,0,0,0,0,378,378,18446744073707953718,13,10193,0,0,0,5,18446744073709546159,18446744073709551030,18446744073709551030,32002,18446744073709551614,0,1,10040094814023205017,4,0,10,8903378209042751050,0,5,1,0
PAWN_AUDIT_RESULT,5608,1,1,213,0,0,213,0,0,0,0,0
PAWN_AUDIT_ENTRY,5609,8973196804418779206,4329093067418458722,507209780098482534,8491240774704502591,1754,318,319,318,6,5,1,19,18446744073709539478,18446744073709548874,10,0,1,0,0,0,0,0,0,378,378,18446744073707953718,13,10194,0,0,0,5,18446744073709546674,18446744073709551030,18446744073709551030,32002,18446744073709551614,0,1,10040094814023205017,4,0,10,8903378209042751050,0,5,1,0
PAWN_AUDIT_RESULT,5609,1,1,254,0,0,254,0,0,0,0,0
PAWN_AUDIT_ENTRY,5610,4329093067418458722,7211411317224140099,507209780098482534,919602521247939446,166,318,319,318,6,5,1,20,18446744073709538152,18446744073709550278,10,0,1,0,0,0,0,0,0,378,378,18446744073707953718,13,10195,0,0,0,3,18446744073709546071,18446744073709551030,18446744073709551030,32002,18446744073709551614,0,1,10040094814023205017,4,0,10,8903378209042751050,0,5,1,0
PAWN_AUDIT_RESULT,5610,1,1,263,0,0,263,0,8,8,0,0
PAWN_AUDIT_ENTRY,5611,7211411317224140099,12004491552765247522,507209780098482534,1367094348357794911,148,318,319,318,6,5,1,21,18446744073709539205,18446744073709550278,10,0,1,0,0,0,0,0,0,378,378,18446744073707953718,13,10204,0,0,0,3,18446744073709546550,18446744073709551030,18446744073709551030,32002,18446744073709551614,0,1,10040094814023205017,4,0,10,8903378209042751050,0,5,1,0
PAWN_AUDIT_RESULT,5611,1,1,267,0,0,267,0,0,0,0,0
PAWN_AUDIT_ENTRY,5612,12004491552765247522,9681235936300117680,507209780098482534,11900113371683251040,536,318,319,318,6,5,1,22,18446744073709537117,18446744073709550278,10,0,1,0,0,0,0,0,0,378,378,18446744073707953718,13,10205,0,0,0,1,18446744073709544954,707,18446744073709551030,32002,18446744073709551614,0,1,10040094814023205017,4,0,10,8903378209042751050,0,0,1,0
PAWN_AUDIT_RESULT,5612,1,1,268,0,0,268,0,0,0,0,0
PAWN_AUDIT_ENTRY,5613,9681235936300117680,17406025487204962696,507209780098482534,14369781325997939471,1747,318,319,318,6,5,1,23,18446744073709538567,18446744073709547395,10,0,1,0,0,0,0,0,0,378,378,18446744073707953718,13,10206,0,0,0,5,18446744073709549117,18446744073709545315,18446744073709551030,32002,18446744073709551614,0,1,10040094814023205017,4,0,10,8903378209042751050,0,5,1,0
PAWN_AUDIT_RESULT,5613,1,1,240,0,0,240,0,0,0,0,0
PAWN_AUDIT_ENTRY,5614,17406025487204962696,3921130640067202572,507209780098482534,6997948262515867298,1,318,319,318,6,5,1,24,18446744073709537318,18446744073709550278,10,0,1,0,0,0,0,0,0,378,378,18446744073707953718,13,10207,0,0,0,4,18446744073709545692,18446744073709551030,18446744073709551030,32002,18446744073709551614,0,1,10040094814023205017,4,0,10,8903378209042751050,0,5,1,0
PAWN_AUDIT_RESULT,5614,1,1,271,0,0,271,0,0,0,0,0
PAWN_AUDIT_ENTRY,5615,3921130640067202572,2002349562076431222,507209780098482534,7372404544341061674,1748,318,319,318,6,5,1,25,18446744073709537215,18446744073709550278,10,0,1,0,0,0,0,0,0,378,378,18446744073707953718,13,10208,0,0,0,5,18446744073709545645,18446744073709551030,18446744073709551030,32002,18446744073709551614,0,1,10040094814023205017,4,0,10,8903378209042751050,0,5,1,0
PAWN_AUDIT_RESULT,5615,1,1,218,0,0,218,0,0,0,0,0
PAWN_AUDIT_ENTRY,5616,2002349562076431222,3760141840786274979,507209780098482534,5777880886095899172,1746,318,319,318,6,5,1,26,18446744073709537761,18446744073709550278,10,0,1,0,0,0,0,0,0,378,378,18446744073707953718,13,10209,0,0,0,5,18446744073709545893,18446744073709551030,18446744073709551030,32002,18446744073709551614,0,1,10040094814023205017,4,0,10,8903378209042751050,0,5,1,0
PAWN_AUDIT_RESULT,5616,1,1,292,0,0,292,0,0,0,0,0
PAWN_AUDIT_ENTRY,5617,3760141840786274979,8562769289427356565,507209780098482534,7671536079973618372,861,318,319,318,6,5,1,27,18446744073709539359,18446744073709550278,10,0,1,0,0,0,0,0,0,378,378,18446744073707953718,13,10210,0,0,0,1,18446744073709546957,18446744073709550356,18446744073709551030,32002,18446744073709551614,0,1,10040094814023205017,4,0,10,8903378209042751050,0,0,1,0
PAWN_AUDIT_RESULT,5617,1,1,243,0,0,243,0,0,0,0,0
PAWN_AUDIT_ENTRY,5618,8562769289427356565,9528051162163829999,507209780098482534,10747701427638525321,593,318,319,318,6,5,1,28,18446744073709536506,18446744073709550278,10,0,1,0,0,0,0,0,0,378,378,18446744073707953718,13,10211,0,0,0,1,18446744073709544678,703,18446744073709551030,32002,18446744073709551614,0,1,10040094814023205017,4,0,10,8903378209042751050,0,0,1,0
PAWN_AUDIT_RESULT,5618,1,1,232,0,0,232,0,0,0,0,0
PAWN_AUDIT_ENTRY,5622,5740569402864251059,752563482875578957,507209780098482534,5484327158598018193,2258,318,319,269,10,9,1,2,18446744073709547228,8035,10,0,1,0,0,0,0,0,0,318,348,18446744073704022254,13,10220,0,0,0,2,18446744073709550165,18446744073709551096,18446744073709551030,318,6,1,1,10040094814023205017,4,0,10,8903378209042751050,0,5,1,0
PAWN_AUDIT_RESULT,5622,1,1,1,0,0,1,0,0,0,0,0
PAWN_AUDIT_ENTRY,5626,5746039148400363206,8016327559705379724,507209780098482534,919602521247939446,166,318,319,311,10,9,1,6,18446744073709549038,2503,10,0,1,0,0,0,0,0,0,318,348,18446744073704022254,13,10224,0,0,0,3,18446744073709551021,18446744073709551030,18446744073709551030,318,6,1,1,10040094814023205017,4,0,10,8903378209042751050,0,5,1,0
PAWN_AUDIT_ENTRY,5628,15554544112395255967,10806387802060605093,919602521247939446,2012513298945047603,3735,18446744073709551297,18446744073709551298,18446744073709551237,10,9,4,3,18446744073709547906,18446744073709550278,11,0,0,0,0,0,0,2915,0,18446744073709550524,18446744073709550524,661702,13,10233,0,0,0,11,18446744073709550506,18446744073709551030,18446744073709551030,18446744073709551164,2,1,1,10040094814023205017,5,0,11,507209780098482534,0,6,1,0
PAWN_AUDIT_RESULT,5628,4,4,-806,0,0,-806,0,0,0,0,0
PAWN_AUDIT_RESULT,5626,1,1,452,1,10,333,0,4,9,1,1
PAWN_AUDIT_RESULT,5594,6,6,-318,1,11,-331,0,43,65,0,0
PAWN_AUDIT_ENTRY,5629,10806387802060605093,7376801913563479679,8903378209042751050,5178353343511322845,3389,18446744073709551297,18446744073709551298,18446744073709551285,11,10,5,5,18446744073709538365,18446744073709550278,9,0,0,0,0,0,0,0,0,18446744073709551075,18446744073709551075,504004,13,10234,0,0,0,13,18446744073709546168,18446744073709551030,18446744073709551030,18446744073709551282,7,1,1,10040094814023205017,3,0,9,3502359784050310077,0,4,1,0
PAWN_AUDIT_RESULT,5629,5,5,-704,0,0,-704,0,0,0,0,0
PAWN_AUDIT_ENTRY,5630,7376801913563479679,4124202344100198730,8903378209042751050,2644918942972781088,3372,18446744073709551297,18446744073709551298,18446744073709551285,11,10,5,6,18446744073709536313,18446744073709550278,9,0,0,0,0,0,0,0,0,18446744073709551075,18446744073709551075,504004,13,10235,0,0,0,13,18446744073709545235,18446744073709551030,18446744073709551030,18446744073709551282,7,1,1,10040094814023205017,3,0,9,3502359784050310077,0,4,1,0
PAWN_AUDIT_RESULT,5630,5,5,-624,0,0,-624,0,0,0,0,0
PAWN_AUDIT_ENTRY,5632,16611875922501093007,17878864174006773176,8903378209042751050,18132608522124704393,3503,18446744073709551297,18446744073709551298,18446744073709551285,11,10,6,8,18446744073709550340,18446744073709548874,9,0,0,0,0,0,0,0,0,18446744073709551075,18446744073709551075,504004,13,10239,0,0,0,11,18446744073709551613,18446744073709551030,18446744073709551030,18446744073709551282,7,1,1,10040094814023205017,3,0,9,3502359784050310077,0,4,1,0
PAWN_AUDIT_RESULT,5632,6,6,-846,0,0,-846,0,0,0,0,0
PAWN_AUDIT_ENTRY,5633,17878864174006773176,3701942002470563417,8903378209042751050,6604519250953806806,2982,18446744073709551297,18446744073709551298,18446744073709551285,11,10,5,10,18446744073709544714,18446744073709550278,9,0,0,0,0,0,0,0,0,18446744073709551075,18446744073709551075,504004,13,10240,0,0,0,9,18446744073709549055,18446744073709551030,18446744073709551030,18446744073709551282,7,1,1,10040094814023205017,3,0,9,3502359784050310077,0,0,1,0
PAWN_AUDIT_RESULT,5633,5,5,-697,0,0,-697,0,0,0,0,0
PAWN_AUDIT_ENTRY,5634,3701942002470563417,4295564860164482082,8903378209042751050,1241373663808316366,3517,18446744073709551297,18446744073709551298,18446744073709551285,11,10,6,11,18446744073709546936,18446744073709548874,9,0,0,0,0,0,0,0,0,18446744073709551075,18446744073709551075,504004,13,10241,0,0,0,11,18446744073709550194,18446744073709550772,18446744073709551030,18446744073709551282,7,1,1,10040094814023205017,3,0,9,3502359784050310077,0,4,1,0
PAWN_AUDIT_RESULT,5634,6,6,-840,0,0,-840,0,0,0,0,0
PAWN_AUDIT_ENTRY,5635,4295564860164482082,3996595716678852571,8903378209042751050,10738231620942734528,2931,18446744073709551297,18446744073709551298,18446744073709551285,11,10,5,12,18446744073709543892,18446744073709550278,9,0,0,0,0,0,0,0,0,18446744073709551075,18446744073709551075,504004,13,10242,0,0,0,10,18446744073709548681,18446744073709551030,18446744073709551030,18446744073709551282,7,1,1,10040094814023205017,3,0,9,3502359784050310077,0,4,1,0
PAWN_AUDIT_RESULT,5635,5,5,-583,0,0,-583,0,0,0,0,0
PAWN_AUDIT_ENTRY,5637,2323006046136978988,10511340768688259254,8903378209042751050,2774276116187258160,3641,18446744073709551297,18446744073709551298,18446744073709551285,11,10,4,15,18446744073709537380,18446744073709550278,9,0,0,0,0,0,0,0,0,18446744073709551075,18446744073709551075,504004,13,10244,0,0,0,12,18446744073709545720,18446744073709551030,18446744073709551030,18446744073709551282,7,1,1,10040094814023205017,3,0,9,3502359784050310077,0,4,1,0
PAWN_AUDIT_RESULT,5637,4,4,-612,0,0,-612,0,0,0,0,0
PAWN_AUDIT_ENTRY,5638,10511340768688259254,1817534790876116054,8903378209042751050,10637701962059194714,3104,18446744073709551297,18446744073709551298,18446744073709551285,11,10,5,16,18446744073709540226,18446744073709550278,9,0,0,0,0,0,0,0,0,18446744073709551075,18446744073709551075,504004,13,10245,0,0,0,9,18446744073709547014,18446744073709551030,18446744073709551030,18446744073709551282,7,1,1,10040094814023205017,3,0,9,3502359784050310077,0,0,1,0
PAWN_AUDIT_RESULT,5638,5,5,-598,0,0,-598,0,0,0,0,0
PAWN_AUDIT_ENTRY,5639,1817534790876116054,6234760309174654132,8903378209042751050,13343688026560999759,2910,18446744073709551297,18446744073709551298,18446744073709551285,11,10,5,17,18446744073709543452,18446744073709548874,9,0,0,0,0,0,0,0,0,18446744073709551075,18446744073709551075,504004,13,10246,0,0,0,10,18446744073709548481,18446744073709551030,18446744073709551030,18446744073709551282,7,1,1,10040094814023205017,3,0,9,3502359784050310077,0,4,1,0
PAWN_AUDIT_RESULT,5639,5,5,-592,0,0,-592,0,0,0,0,0
PAWN_AUDIT_ENTRY,5640,6234760309174654132,6542157535889188936,8903378209042751050,5383551820599188250,3901,18446744073709551297,18446744073709551298,18446744073709551285,11,10,5,18,18446744073709538174,18446744073709550278,9,0,0,0,0,0,0,0,0,18446744073709551075,18446744073709551075,504004,13,10247,0,0,0,14,18446744073709546081,18446744073709551030,18446744073709551030,18446744073709551282,7,1,1,10040094814023205017,3,0,9,3502359784050310077,0,4,1,0
PAWN_AUDIT_RESULT,5640,5,5,-473,0,0,-473,0,0,0,0,0
PAWN_AUDIT_ENTRY,5641,6542157535889188936,7958735820938719880,8903378209042751050,8039762416550100085,4093,18446744073709551297,18446744073709551298,18446744073709551285,11,10,4,19,18446744073709537928,18446744073709550278,9,0,0,0,0,0,0,0,0,18446744073709551075,18446744073709551075,504004,13,10248,0,0,0,12,18446744073709545969,18446744073709551030,18446744073709551030,18446744073709551282,7,1,1,10040094814023205017,3,0,9,3502359784050310077,0,4,1,0
PAWN_AUDIT_RESULT,5641,4,4,-700,0,0,-700,0,0,0,0,0
PAWN_AUDIT_ENTRY,5642,7958735820938719880,7403185335552046532,8903378209042751050,13919521760436319911,3242,18446744073709551297,18446744073709551298,18446744073709551285,11,10,5,20,18446744073709540307,18446744073709550359,9,0,0,0,0,0,0,0,0,18446744073709551075,18446744073709551075,504004,13,10249,0,0,0,9,18446744073709547239,18446744073709550689,18446744073709550994,18446744073709551282,7,1,1,10040094814023205017,3,0,9,3502359784050310077,0,0,1,0
PAWN_AUDIT_RESULT,5642,5,5,-478,0,0,-478,0,0,0,0,0
PAWN_AUDIT_ENTRY,5643,7403185335552046532,18295539227498524692,8903378209042751050,9459968003059092961,3234,18446744073709551297,18446744073709551298,18446744073709551285,11,10,4,21,18446744073709537070,18446744073709550278,9,0,0,0,0,0,0,0,0,18446744073709551075,18446744073709551075,504004,13,10250,0,0,0,9,18446744073709545579,18446744073709551030,18446744073709551030,18446744073709551282,7,1,1,10040094814023205017,3,0,9,3502359784050310077,0,0,1,0
PAWN_AUDIT_RESULT,5643,4,4,-460,0,0,-460,0,0,0,0,0
PAWN_AUDIT_ENTRY,5644,18295539227498524692,16301008118891829075,8903378209042751050,12896679098336551004,3891,18446744073709551297,18446744073709551298,18446744073709551285,11,10,4,22,18446744073709534833,18446744073709550278,9,0,0,0,0,0,0,0,0,18446744073709551075,18446744073709551075,504004,13,10251,0,0,0,14,18446744073709544562,18446744073709551030,18446744073709551030,18446744073709551282,7,1,1,10040094814023205017,3,0,9,3502359784050310077,0,4,1,0
PAWN_AUDIT_RESULT,5644,4,4,-847,0,0,-847,0,0,0,0,0
PAWN_AUDIT_ENTRY,5645,16301008118891829075,1452570884988303640,8903378209042751050,1919987243913540468,3756,18446744073709551297,18446744073709551298,18446744073709551285,11,10,4,23,18446744073709535102,18446744073709550278,9,0,0,0,0,0,0,0,0,18446744073709551075,18446744073709551075,504004,13,10252,0,0,0,11,18446744073709544684,18446744073709551030,18446744073709551030,18446744073709551282,7,1,1,10040094814023205017,3,0,9,3502359784050310077,0,4,1,0
PAWN_AUDIT_RESULT,5645,4,4,-420,0,0,-420,0,0,0,0,0
PAWN_AUDIT_ENTRY,5646,1452570884988303640,16534993467850799941,8903378209042751050,1841744005607739729,3899,18446744073709551297,18446744073709551298,18446744073709551285,11,10,4,24,18446744073709534609,18446744073709550278,9,0,0,0,0,0,0,0,0,18446744073709551075,18446744073709551075,504004,13,10253,0,0,0,14,18446744073709544460,18446744073709551030,18446744073709551030,18446744073709551282,7,1,1,10040094814023205017,3,0,9,3502359784050310077,0,4,1,0
PAWN_AUDIT_RESULT,5646,4,4,-701,0,0,-701,0,0,0,0,0
PAWN_AUDIT_ENTRY,5647,16534993467850799941,9540323684724919891,8903378209042751050,6655057597708432830,3763,18446744073709551297,18446744073709551298,18446744073709551285,11,10,5,25,18446744073709539971,18446744073709550377,9,0,0,0,0,0,0,0,0,18446744073709551075,18446744073709551075,504004,13,10254,0,0,0,11,18446744073709546902,18446744073709551022,18446744073709551030,18446744073709551282,7,1,1,10040094814023205017,3,0,9,3502359784050310077,0,4,1,0
PAWN_AUDIT_RESULT,5647,5,5,-662,0,0,-662,0,0,0,0,0
PAWN_AUDIT_ENTRY,5648,9540323684724919891,9985914212439460425,8903378209042751050,751779177778331110,2919,18446744073709551297,18446744073709551298,18446744073709551285,11,10,4,26,18446744073709534561,18446744073709550278,9,0,0,0,0,0,0,0,0,18446744073709551075,18446744073709551075,504004,13,10255,0,0,0,10,18446744073709544438,18446744073709551030,18446744073709551030,18446744073709551282,7,1,1,10040094814023205017,3,0,9,3502359784050310077,0,4,1,0
PAWN_AUDIT_RESULT,5648,4,4,-541,0,0,-541,0,0,0,0,0
PAWN_AUDIT_ENTRY,5649,9985914212439460425,5680026237959231064,8903378209042751050,15637944303833118264,2942,18446744073709551297,18446744073709551298,18446744073709551285,11,10,4,27,18446744073709534567,18446744073709550278,9,0,0,0,0,0,0,0,0,18446744073709551075,18446744073709551075,504004,13,10256,0,0,0,10,18446744073709544441,18446744073709551030,18446744073709551030,18446744073709551282,7,1,1,10040094814023205017,3,0,9,3502359784050310077,0,4,1,0
PAWN_AUDIT_RESULT,5649,4,4,-697,0,0,-697,0,0,0,0,0
PAWN_AUDIT_ENTRY,5650,5680026237959231064,12518150286186512330,8903378209042751050,17782866453320908041,4094,18446744073709551297,18446744073709551298,18446744073709551285,11,10,4,28,18446744073709534558,18446744073709550278,9,0,0,0,0,0,0,0,0,18446744073709551075,18446744073709551075,504004,13,10257,0,0,0,12,18446744073709544437,18446744073709551030,18446744073709551030,18446744073709551282,7,1,1,10040094814023205017,3,0,9,3502359784050310077,0,4,1,0
PAWN_AUDIT_RESULT,5650,4,4,-570,0,0,-570,0,0,0,0,0
PAWN_AUDIT_ENTRY,5651,12518150286186512330,7812082643996246079,8903378209042751050,2902041088504203238,3112,18446744073709551297,18446744073709551298,18446744073709551285,11,10,4,29,18446744073709535086,18446744073709550278,9,0,0,0,0,0,0,0,0,18446744073709551075,18446744073709551075,504004,13,10258,0,0,0,9,18446744073709544677,18446744073709551030,18446744073709551030,18446744073709551282,7,1,1,10040094814023205017,3,0,9,3502359784050310077,0,0,1,0
PAWN_AUDIT_RESULT,5651,4,4,-641,0,0,-641,0,0,0,0,0
PAWN_AUDIT_ENTRY,5652,7812082643996246079,4886560612342370896,8903378209042751050,4684204709279909510,3169,18446744073709551297,18446744073709551298,18446744073709551285,11,10,4,30,18446744073709534550,18446744073709550278,9,0,0,0,0,0,0,0,0,18446744073709551075,18446744073709551075,504004,13,10259,0,0,0,9,18446744073709544433,18446744073709551030,18446744073709551030,18446744073709551282,7,1,1,10040094814023205017,3,0,9,3502359784050310077,0,0,1,0
PAWN_AUDIT_RESULT,5652,4,4,-804,0,0,-804,0,0,0,0,0
PAWN_AUDIT_ENTRY,5653,4886560612342370896,7271386084529123183,8903378209042751050,654754530046860347,3567,18446744073709551297,18446744073709551298,18446744073709551285,11,10,4,31,18446744073709534737,18446744073709550278,9,0,0,0,0,0,0,0,0,18446744073709551075,18446744073709551075,504004,13,10260,0,0,0,9,18446744073709544518,18446744073709551030,18446744073709551030,18446744073709551282,7,1,1,10040094814023205017,3,0,9,3502359784050310077,0,0,1,0
PAWN_AUDIT_RESULT,5653,4,4,-523,0,0,-523,0,0,0,0,0
PAWN_AUDIT_ENTRY,5654,7271386084529123183,6661218216127409524,8903378209042751050,16533025487565827775,3559,18446744073709551297,18446744073709551298,18446744073709551285,11,10,4,32,18446744073709534563,18446744073709550278,9,0,0,0,0,0,0,0,0,18446744073709551075,18446744073709551075,504004,13,10261,0,0,0,9,18446744073709544439,18446744073709551030,18446744073709551030,18446744073709551282,7,1,1,10040094814023205017,3,0,9,3502359784050310077,0,0,1,0
PAWN_AUDIT_RESULT,5654,4,4,-599,0,0,-599,0,0,0,0,0
PAWN_AUDIT_ENTRY,5655,6661218216127409524,11377972743028070740,8903378209042751050,9591047799582348751,3177,18446744073709551297,18446744073709551298,18446744073709551285,11,10,4,33,18446744073709534550,18446744073709550278,9,0,0,0,0,0,0,0,0,18446744073709551075,18446744073709551075,504004,13,10262,0,0,0,9,18446744073709544433,18446744073709551030,18446744073709551030,18446744073709551282,7,1,1,10040094814023205017,3,0,9,3502359784050310077,0,0,1,0
PAWN_AUDIT_RESULT,5655,4,4,-725,0,0,-725,0,0,0,0,0
PAWN_AUDIT_ENTRY,5656,11377972743028070740,16201325465872960638,8903378209042751050,3423924660375196333,3742,18446744073709551297,18446744073709551298,18446744073709551285,11,10,5,34,18446744073709537486,18446744073709550278,9,0,0,0,0,0,0,0,0,18446744073709551075,18446744073709551075,504004,13,10263,0,0,0,11,18446744073709545768,18446744073709551030,18446744073709551030,18446744073709551282,7,1,1,10040094814023205017,3,0,9,3502359784050310077,0,4,1,0
PAWN_AUDIT_RESULT,5656,5,5,-634,0,0,-634,0,0,0,0,0
PAWN_AUDIT_ENTRY,5735,15844383666494016506,15871914590586730202,12849134254865606080,9590028976464210492,3307,18446744073709551297,18446744073709551298,18446744073709551297,7,6,4,3,18446744073709543511,18446744073709550278,3,0,0,0,0,1,0,2715,0,18446744073709551189,18446744073709551189,638986,13,10424,0,0,1,9,499,18446744073709543816,18446744073709551030,18446744073709551308,10,1,1,6764316969746725046,0,0,3,3189487962746763911,0,0,1,0
PAWN_AUDIT_RESULT,5735,4,4,-518,0,0,-518,0,0,0,0,0
PAWN_AUDIT_ENTRY,5736,15871914590586730202,9524460501003542343,12849134254865606080,1863741173772581137,1837,18446744073709551297,18446744073709551298,18446744073709551297,7,6,3,5,18446744073709543327,18446744073709550114,3,0,0,0,0,1,0,2715,0,18446744073709551189,18446744073709551189,638986,13,10425,0,0,1,10,18446744073709548360,18446744073709551158,18446744073709551030,18446744073709551308,10,1,1,6764316969746725046,0,0,3,3189487962746763911,0,1,1,0
PAWN_AUDIT_RESULT,5736,3,3,-538,0,0,-538,0,0,0,0,0
PAWN_AUDIT_ENTRY,5739,11031228485598182783,5525298221119174708,12849134254865606080,10382594919568601427,3299,18446744073709551297,18446744073709551298,18446744073709551297,7,6,3,9,18446744073709545962,18446744073709550278,3,0,0,0,0,1,0,2715,0,18446744073709551189,18446744073709551189,638986,13,10428,0,0,1,9,18446744073709548281,2097,18446744073709551030,18446744073709551308,10,1,1,6764316969746725046,0,0,3,3189487962746763911,0,0,1,0
PAWN_AUDIT_RESULT,5739,3,3,-320,0,0,-320,0,1,1,0,0
PAWN_AUDIT_ENTRY,5742,3024571252669435577,12595268855235543332,11587822113991639930,4417984192445289232,3362,18446744073709551297,18446744073709551298,18446744073709551081,7,6,3,2,18446744073709543612,18446744073709551462,5,0,0,0,0,0,0,0,0,18446744073709551085,18446744073709551085,18446744073709176712,13,10436,0,0,1,13,18446744073709549086,18446744073709550624,18446744073709550352,18446744073709551120,2,1,1,9222765587171915658,0,0,5,3985557800659460024,0,1,1,0
PAWN_AUDIT_RESULT,5742,3,3,-352,0,0,-352,0,0,0,0,0
PAWN_AUDIT_ENTRY,5743,12595268855235543332,2754965817994804343,11587822113991639930,7151593864386870165,3502,18446744073709551297,18446744073709551298,18446744073709551264,7,6,2,3,18446744073709543407,18446744073709550278,5,0,0,0,0,0,0,0,0,18446744073709551085,18446744073709551085,18446744073709176712,13,10437,0,0,1,9,18446744073709546141,2331,1188,18446744073709551120,2,1,1,9222765587171915658,0,0,5,3985557800659460024,0,0,1,0
PAWN_AUDIT_RESULT,5743,2,2,-611,0,0,-611,0,0,0,0,0
PAWN_AUDIT_ENTRY,5744,2754965817994804343,8248684366498063627,11587822113991639930,2314975586087941864,3704,18446744073709551297,18446744073709551298,18446744073709551264,7,6,2,4,18446744073709544714,18446744073709548874,5,0,0,0,0,0,0,0,0,18446744073709551085,18446744073709551085,18446744073709176712,13,10438,0,0,1,12,18446744073709549055,18446744073709551030,18446744073709551030,18446744073709551120,2,1,1,9222765587171915658,0,0,5,3985557800659460024,0,1,1,0
PAWN_AUDIT_RESULT,5744,2,2,-472,0,0,-472,0,0,0,0,0
PAWN_AUDIT_ENTRY,5745,8248684366498063627,15065406431646225250,11587822113991639930,15877133747570531414,3387,18446744073709551297,18446744073709551298,18446744073709551264,7,6,1,9,18446744073709546404,18446744073709548874,5,0,0,0,0,0,0,0,0,18446744073709551085,18446744073709551085,18446744073709176712,13,10439,0,0,1,13,18446744073709548937,682,18446744073709551550,18446744073709551120,2,1,1,9222765587171915658,0,0,5,3985557800659460024,0,1,1,0
PAWN_AUDIT_RESULT,5745,1,1,-545,0,0,-545,0,0,0,0,0
PAWN_AUDIT_ENTRY,5746,15065406431646225250,11370993902972540949,7417484136795534679,18117930051916244285,3362,18446744073709551297,18446744073709551298,18446744073709551268,9,8,5,2,18446744073709549472,2203,3,0,0,0,0,0,0,0,0,18446744073709551092,18446744073709551092,4878953,13,10440,0,0,1,13,117,18446744073709550001,18446744073709551030,18446744073709551126,4,1,1,9222765587171915658,0,0,3,17933948774342470160,0,1,1,0
PAWN_AUDIT_RESULT,5746,5,5,-451,0,0,-451,0,0,0,0,0
PAWN_AUDIT_ENTRY,5747,11370993902972540949,15617918256375325011,7417484136795534679,5888414216343370411,3307,18446744073709551297,18446744073709551298,18446744073709551268,9,8,4,3,18446744073709540175,18446744073709547558,3,0,0,0,0,0,0,0,0,18446744073709551092,18446744073709551092,4878953,13,10441,0,0,1,9,18446744073709550598,18446744073709543816,18446744073709551030,18446744073709551126,4,1,1,9222765587171915658,0,0,3,17933948774342470160,0,0,1,0
PAWN_AUDIT_RESULT,5747,4,4,-349,0,0,-349,0,0,0,0,0
PAWN_AUDIT_ENTRY,5748,15617918256375325011,16784779564390920249,7417484136795534679,4951454983216357828,3299,18446744073709551297,18446744073709551298,18446744073709551268,9,8,4,4,18446744073709549547,18446744073709551479,3,0,0,0,0,0,0,0,0,18446744073709551092,18446744073709551092,4878953,13,10442,0,0,1,9,18446744073709549911,2097,18446744073709551030,18446744073709551126,4,1,1,9222765587171915658,0,0,3,17933948774342470160,0,0,1,0
PAWN_AUDIT_RESULT,5748,4,4,-470,0,0,-470,0,0,0,0,0
PAWN_AUDIT_ENTRY,5750,11129707793350597526,18072983804633430227,7417484136795534679,16573376728723914949,3704,18446744073709551297,18446744073709551298,18446744073709551268,9,8,3,7,18446744073709542704,18446744073709548874,3,0,0,0,0,0,0,0,0,18446744073709551092,18446744073709551092,4878953,13,10444,0,0,1,12,18446744073709548141,18446744073709551030,18446744073709551030,18446744073709551126,4,1,1,9222765587171915658,0,0,3,17933948774342470160,0,1,1,0
PAWN_AUDIT_RESULT,5750,3,3,-566,0,0,-566,0,0,0,0,0
PAWN_AUDIT_ENTRY,5751,18072983804633430227,12952930235063970577,7417484136795534679,3617012399728372759,3364,18446744073709551297,18446744073709551298,18446744073709551268,9,8,3,8,18446744073709543193,18446744073709548934,3,0,0,0,0,0,0,0,0,18446744073709551092,18446744073709551092,4878953,13,10445,0,0,1,13,18446744073709550095,18446744073709547566,18446744073709551030,18446744073709551126,4,1,1,9222765587171915658,0,0,3,17933948774342470160,0,1,1,0
PAWN_AUDIT_RESULT,5751,3,3,-447,0,0,-447,0,0,0,0,0
PAWN_AUDIT_ENTRY,5759,7703352888859545550,6910964848438615299,5279037982503745932,9080666554179614320,3307,18446744073709551297,18446744073709551298,18446744073709551209,8,7,3,4,18446744073709546814,1023,7,0,0,0,0,0,0,0,0,18446744073709550953,18446744073709550953,18446744073707984858,13,10467,0,0,0,9,18446744073709550598,18446744073709551030,18446744073709549818,32002,18446744073709551613,0,0,12257511676488398194,2,0,7,168656247341636731,0,0,1,0
PAWN_AUDIT_RESULT,5759,3,3,-622,0,0,-622,0,0,0,0,0
PAWN_AUDIT_ENTRY,5761,13175567195890068488,5480112635445812823,11685865382298353938,7928646446338457055,324,318,319,240,8,7,1,2,18446744073709551509,5808,8,0,1,0,0,0,0,0,0,328,328,1107123,13,10476,0,0,0,4,3119,18446744073709545213,69,32002,18446744073709551614,0,1,4443265319338385730,2,0,8,1999479877371859782,0,3,1,0
PAWN_AUDIT_RESULT,5761,1,1,246,0,0,246,0,0,0,0,0
PAWN_AUDIT_ENTRY,5763,6919799734591146916,7778498341784060970,11685865382298353938,18410693233976300115,1553,318,319,246,8,7,1,4,18446744073709548275,18446744073709550729,8,0,1,0,0,0,0,0,0,328,328,1107123,13,10479,0,0,0,5,18446744073709549061,18446744073709550139,3655,32002,18446744073709551614,0,1,4443265319338385730,2,0,8,1999479877371859782,0,3,1,0
PAWN_AUDIT_RESULT,5763,1,1,197,0,0,197,0,0,0,0,0
PAWN_AUDIT_ENTRY,5764,7778498341784060970,14610329529969438982,11685865382298353938,6396249883083003597,157,318,319,246,8,7,1,5,18446744073709550560,18446744073709550150,8,0,1,0,0,0,0,0,0,328,328,1107123,13,10480,0,0,0,3,18446744073709550337,1478,123,32002,18446744073709551614,0,1,4443265319338385730,2,0,8,1999479877371859782,0,3,1,0
PAWN_AUDIT_RESULT,5764,1,1,266,0,0,266,0,0,0,0,0
PAWN_AUDIT_ENTRY,5765,14610329529969438982,1166546724418016587,11685865382298353938,3823772667374834567,1539,318,319,266,8,7,1,6,18446744073709549557,18446744073709550278,8,0,1,0,0,0,0,0,0,328,328,1107123,13,10481,0,0,0,5,18446744073709551338,18446744073709550868,18446744073709551030,32002,18446744073709551614,0,1,4443265319338385730,2,0,8,1999479877371859782,0,3,1,0
PAWN_AUDIT_RESULT,5765,1,1,1,0,0,1,0,0,0,0,0
PAWN_AUDIT_ENTRY,5766,1166546724418016587,10394205896146932811,11685865382298353938,12242584391569324802,166,318,319,266,8,7,1,7,18446744073709546387,726,8,0,1,0,0,0,0,0,0,328,328,1107123,13,10482,0,0,0,3,18446744073709550041,18446744073709550579,18446744073709551030,32002,18446744073709551614,0,1,4443265319338385730,2,0,8,1999479877371859782,0,3,1,0
PAWN_AUDIT_RESULT,5766,1,1,254,0,0,254,0,0,0,0,0
PAWN_AUDIT_ENTRY,5767,10394205896146932811,11604469831731290468,11685865382298353938,16885209634997741213,323,318,319,266,8,7,1,8,18446744073709546677,18446744073709549853,8,0,1,0,0,0,0,0,0,328,328,1107123,13,10483,0,0,0,4,18446744073709547913,5330,18446744073709549127,32002,18446744073709551614,0,1,4443265319338385730,2,0,8,1999479877371859782,0,3,1,0
PAWN_AUDIT_RESULT,5767,1,1,246,0,0,246,0,0,0,0,0
PAWN_AUDIT_ENTRY,5768,11604469831731290468,4013121919301508871,11685865382298353938,14086026967422663552,1569,318,319,266,8,7,1,9,18446744073709547481,18446744073709549384,8,0,1,0,0,0,0,0,0,328,328,1107123,13,10484,0,0,0,5,18446744073709549602,836,18446744073709551030,32002,18446744073709551614,0,1,4443265319338385730,2,0,8,1999479877371859782,0,3,1,0
PAWN_AUDIT_RESULT,5768,1,1,193,0,0,193,0,0,0,0,0
PAWN_AUDIT_ENTRY,5769,4013121919301508871,12332384381737284655,11685865382298353938,4524804837763681459,983,318,319,266,8,7,1,10,18446744073709534773,18446744073709550278,8,0,1,0,0,0,0,0,0,328,328,1107123,13,10485,0,0,0,1,18446744073709544943,18446744073709550213,18446744073709551030,32002,18446744073709551614,0,1,4443265319338385730,2,0,8,1999479877371859782,0,0,1,0
PAWN_AUDIT_RESULT,5769,1,1,240,0,0,240,0,0,0,0,0
PAWN_AUDIT_ENTRY,5770,12332384381737284655,8275115280753960233,11685865382298353938,1707907737628854602,1546,318,319,266,8,7,1,13,18446744073709547219,18446744073709547285,8,0,1,0,0,0,0,0,0,328,328,1107123,13,10486,0,0,0,5,18446744073709550194,18446744073709551030,18446744073709551030,32002,18446744073709551614,0,1,4443265319338385730,2,0,8,1999479877371859782,0,3,1,0
PAWN_AUDIT_RESULT,5770,1,1,190,0,0,190,0,0,0,0,0
PAWN_AUDIT_ENTRY,5771,8275115280753960233,13615808194182368369,11685865382298353938,9126182372828441080,991,318,319,266,8,7,1,15,18446744073709534700,18446744073709550278,8,0,1,0,0,0,0,0,0,328,328,1107123,13,10487,0,0,0,1,18446744073709544516,18446744073709551001,18446744073709551030,32002,18446744073709551614,0,1,4443265319338385730,2,0,8,1999479877371859782,0,0,1,0
PAWN_AUDIT_RESULT,5771,1,1,224,0,0,224,0,0,0,0,0
PAWN_AUDIT_ENTRY,5772,13615808194182368369,2724621713381377026,11685865382298353938,3459593254602284541,593,318,319,266,8,7,1,16,18446744073709534093,18446744073709550278,8,0,1,0,0,0,0,0,0,328,328,1107123,13,10488,0,0,0,1,18446744073709544629,18446744073709550564,18446744073709550678,32002,18446744073709551614,0,1,4443265319338385730,2,0,8,1999479877371859782,0,0,1,0
PAWN_AUDIT_RESULT,5772,1,1,191,0,0,191,0,0,0,0,0
PAWN_AUDIT_ENTRY,5773,2724621713381377026,16751785210933528165,11685865382298353938,733582694308081626,1155,318,319,266,8,7,1,17,18446744073709537209,18446744073709550278,8,0,1,0,0,0,0,0,0,328,328,1107123,13,10489,0,0,0,2,18446744073709546461,18446744073709550113,18446744073709550288,32002,18446744073709551614,0,1,4443265319338385730,2,0,8,1999479877371859782,0,3,1,0
PAWN_AUDIT_RESULT,5773,1,1,135,0,0,135,0,0,0,0,0
PAWN_AUDIT_ENTRY,5774,16751785210933528165,1199681038818245857,11685865382298353938,9053036841844542167,1552,318,319,266,8,7,1,18,18446744073709539072,18446744073709548874,8,0,1,0,0,0,0,0,0,328,328,1107123,13,10490,0,0,0,5,18446744073709547733,18446744073709550188,18446744073709549335,32002,18446744073709551614,0,1,4443265319338385730,2,0,8,1999479877371859782,0,3,1,0
PAWN_AUDIT_RESULT,5774,1,1,155,0,0,155,0,0,0,0,0
PAWN_AUDIT_ENTRY,5775,1199681038818245857,13398291486961143968,11685865382298353938,9272949269672048395,139,318,319,266,8,7,1,19,18446744073709539159,18446744073709548836,8,0,1,0,0,0,0,0,0,328,328,1107123,13,10491,0,0,0,3,18446744073709545823,1341,18446744073709550499,32002,18446744073709551614,0,1,4443265319338385730,2,0,8,1999479877371859782,0,3,1,0
PAWN_AUDIT_RESULT,5775,1,1,244,0,0,244,0,0,0,0,0
PAWN_AUDIT_ENTRY,5776,13398291486961143968,11250030967829053960,11685865382298353938,8143296176459806194,528,318,319,266,8,7,1,21,18446744073709534550,18446744073709550278,8,0,1,0,0,0,0,0,0,328,328,1107123,13,10492,0,0,0,1,18446744073709544433,18446744073709551030,18446744073709551030,32002,18446744073709551614,0,1,4443265319338385730,2,0,8,1999479877371859782,0,0,1,0
PAWN_AUDIT_RESULT,5776,1,1,243,0,0,243,0,0,0,0,0
PAWN_AUDIT_ENTRY,5784,12356372254017017079,11502745889686353797,13529995302082563631,11061715474339191484,3299,18446744073709551297,18446744073709551298,18446744073709551242,12,11,9,3,18446744073709550487,18446744073709551572,5,0,0,0,0,1,0,0,0,18446744073709551100,18446744073709551100,3673986,13,10506,0,0,1,9,18446744073709548828,2772,1830,18446744073709551327,10,1,1,12257511676488398194,0,0,5,2006501615261000476,0,0,1,0
PAWN_AUDIT_RESULT,5784,9,9,-528,0,0,-528,0,0,0,0,0
PAWN_AUDIT_ENTRY,5787,5445820601320298366,3519678636750136145,13529995302082563631,3621271229391576637,2201,18446744073709551297,18446744073709551298,18446744073709551242,12,11,7,8,18446744073709543683,18446744073709548874,5,0,0,0,0,1,0,0,0,18446744073709551100,18446744073709551100,3673986,13,10511,0,0,1,13,18446744073709548586,18446744073709551030,18446744073709551030,18446744073709551327,10,1,1,12257511676488398194,0,0,5,2006501615261000476,0,1,1,0
PAWN_AUDIT_RESULT,5787,7,7,-611,0,0,-611,0,0,0,0,0
PAWN_AUDIT_ENTRY,5788,3519678636750136145,3846388301422337925,13529995302082563631,731888373388880109,2217,18446744073709551297,18446744073709551298,18446744073709551242,12,11,7,9,18446744073709543529,18446744073709548874,5,0,0,0,0,1,0,0,0,18446744073709551100,18446744073709551100,3673986,13,10512,0,0,1,13,18446744073709548516,18446744073709551030,18446744073709551030,18446744073709551327,10,1,1,12257511676488398194,0,0,5,2006501615261000476,0,1,1,0
PAWN_AUDIT_RESULT,5788,7,7,-600,0,0,-600,0,0,0,0,0
PAWN_AUDIT_ENTRY,5789,3846388301422337925,16333348821333037168,13529995302082563631,13690444197540878108,2740,18446744073709551297,18446744073709551298,18446744073709551242,12,11,7,10,18446744073709539799,18446744073709550278,5,0,0,0,0,1,0,0,0,18446744073709551100,18446744073709551100,3673986,13,10513,0,0,1,10,18446744073709546820,18446744073709551030,18446744073709551030,18446744073709551327,10,1,1,12257511676488398194,0,0,5,2006501615261000476,0,1,1,0
PAWN_AUDIT_RESULT,5789,7,7,-721,0,0,-721,0,0,0,0,0
PAWN_AUDIT_ENTRY,5790,16333348821333037168,1418930148009052158,13529995302082563631,12605232813565332975,2215,18446744073709551297,18446744073709551298,18446744073709551242,12,11,7,11,18446744073709541539,18446744073709548874,5,0,0,0,0,1,0,0,0,18446744073709551100,18446744073709551100,3673986,13,10514,0,0,1,13,18446744073709547611,18446744073709551030,18446744073709551030,18446744073709551327,10,1,1,12257511676488398194,0,0,5,2006501615261000476,0,1,1,0
PAWN_AUDIT_RESULT,5790,7,7,-539,0,0,-539,0,0,0,0,0
PAWN_AUDIT_ENTRY,5791,1418930148009052158,8153329538164258659,13529995302082563631,6047104869878477119,3104,18446744073709551297,18446744073709551298,18446744073709551242,12,11,6,12,18446744073709537600,18446744073709550278,5,0,0,0,0,1,0,0,0,18446744073709551100,18446744073709551100,3673986,13,10515,0,0,1,9,18446744073709545820,18446744073709551030,18446744073709551030,18446744073709551327,10,1,1,12257511676488398194,0,0,5,2006501615261000476,0,0,1,0
PAWN_AUDIT_RESULT,5791,6,6,-576,0,0,-576,0,0,0,0,0
PAWN_AUDIT_ENTRY,5792,8153329538164258659,4241488347792209470,13529995302082563631,8659178952680732352,3502,18446744073709551297,18446744073709551298,18446744073709551242,12,11,6,13,18446744073709537563,18446744073709550278,5,0,0,0,0,1,0,0,0,18446744073709551100,18446744073709551100,3673986,13,10516,0,0,1,9,18446744073709545803,18446744073709551030,18446744073709551030,18446744073709551327,10,1,1,12257511676488398194,0,0,5,2006501615261000476,0,0,1,0
PAWN_AUDIT_RESULT,5792,6,6,-667,0,0,-667,0,0,0,0,0
PAWN_AUDIT_ENTRY,5793,4241488347792209470,2693258090614274266,13529995302082563631,2764032511109013061,2228,18446744073709551297,18446744073709551298,18446744073709551242,12,11,6,14,18446744073709540373,18446744073709548874,5,0,0,0,0,1,0,0,0,18446744073709551100,18446744073709551100,3673986,13,10517,0,0,1,13,18446744073709546820,18446744073709551158,18446744073709551436,18446744073709551327,10,1,1,12257511676488398194,0,0,5,2006501615261000476,0,1,1,0
PAWN_AUDIT_RESULT,5793,6,6,-682,0,0,-682,0,0,0,0,0
PAWN_AUDIT_ENTRY,5794,2693258090614274266,5181756560527772322,13529995302082563631,5733045403444999968,3947,18446744073709551297,18446744073709551298,18446744073709551242,12,11,6,15,18446744073709539799,18446744073709548874,5,0,0,0,0,1,0,0,0,18446744073709551100,18446744073709551100,3673986,13,10518,0,0,1,11,18446744073709546820,18446744073709551030,18446744073709551030,18446744073709551327,10,1,1,12257511676488398194,0,0,5,2006501615261000476,0,1,1,0
PAWN_AUDIT_RESULT,5794,6,6,-522,0,0,-522,0,0,0,0,0
PAWN_AUDIT_ENTRY,5795,5181756560527772322,12612037796346418619,13529995302082563631,7952972102999038659,2202,18446744073709551297,18446744073709551298,18446744073709551242,12,11,6,16,18446744073709539799,18446744073709548874,5,0,0,0,0,1,0,0,0,18446744073709551100,18446744073709551100,3673986,13,10519,0,0,1,13,18446744073709546820,18446744073709551030,18446744073709551030,18446744073709551327,10,1,1,12257511676488398194,0,0,5,2006501615261000476,0,1,1,0
PAWN_AUDIT_RESULT,5795,6,6,-542,0,0,-542,0,0,0,0,0
PAWN_AUDIT_ENTRY,5796,12612037796346418619,17318485206558339247,13529995302082563631,1831664586854947090,2208,18446744073709551297,18446744073709551298,18446744073709551242,12,11,6,17,18446744073709539799,18446744073709548874,5,0,0,0,0,1,0,0,0,18446744073709551100,18446744073709551100,3673986,13,10520,0,0,1,13,18446744073709546820,18446744073709551030,18446744073709551030,18446744073709551327,10,1,1,12257511676488398194,0,0,5,2006501615261000476,0,1,1,0
PAWN_AUDIT_RESULT,5796,6,6,-513,0,0,-513,0,0,0,0,0
PAWN_AUDIT_ENTRY,5797,17318485206558339247,8796753023552477679,13529995302082563631,10965272648003900087,2219,18446744073709551297,18446744073709551298,18446744073709551242,12,11,6,18,18446744073709539799,18446744073709548874,5,0,0,0,0,1,0,0,0,18446744073709551100,18446744073709551100,3673986,13,10521,0,0,1,13,18446744073709546820,18446744073709551030,18446744073709551030,18446744073709551327,10,1,1,12257511676488398194,0,0,5,2006501615261000476,0,1,1,0
PAWN_AUDIT_RESULT,5797,6,6,-577,0,0,-577,0,0,0,0,0
PAWN_AUDIT_ENTRY,5801,9453110928209061295,16664977767122260029,12746402861347005001,10038657958645766000,2211,18446744073709551297,18446744073709551298,18446744073709551011,9,8,5,2,18446744073709547219,18446744073709548874,5,0,0,0,0,0,0,0,0,18446744073709550963,18446744073709550963,18446744073705895996,13,10529,0,0,1,13,18446744073709550194,18446744073709551030,18446744073709551030,18446744073709551129,3,1,1,6480543193984759023,0,0,5,13837066936492273430,0,1,1,0
PAWN_AUDIT_RESULT,5801,5,5,-594,0,0,-594,0,0,0,0,0
PAWN_AUDIT_ENTRY,5802,16664977767122260029,9130394599795513037,12746402861347005001,15784917121418243998,2213,18446744073709551297,18446744073709551298,18446744073709551022,9,8,4,3,18446744073709547219,18446744073709548874,5,0,0,0,0,0,0,0,0,18446744073709550963,18446744073709550963,18446744073705895996,13,10530,0,0,1,13,18446744073709550194,18446744073709551030,18446744073709551030,18446744073709551129,3,1,1,6480543193984759023,0,0,5,13837066936492273430,0,1,1,0
PAWN_AUDIT_RESULT,5802,4,4,-543,0,0,-543,0,0,0,0,0
PAWN_AUDIT_ENTRY,5803,9130394599795513037,17888069257882149172,12746402861347005001,4134643294421627483,2201,18446744073709551297,18446744073709551298,18446744073709551073,9,8,3,4,18446744073709541877,18446744073709550278,5,0,0,0,0,0,0,0,0,18446744073709550963,18446744073709550963,18446744073705895996,13,10531,0,0,1,13,18446744073709547765,18446744073709551030,18446744073709551030,18446744073709551129,3,1,1,6480543193984759023,0,0,5,13837066936492273430,0,1,1,0
PAWN_AUDIT_RESULT,5803,3,3,-550,0,0,-550,0,0,0,0,0
PAWN_AUDIT_ENTRY,5804,17888069257882149172,16633533366165739003,12746402861347005001,74399887283487883,2217,18446744073709551297,18446744073709551298,18446744073709551073,9,8,3,5,18446744073709541754,18446744073709550278,5,0,0,0,0,0,0,0,0,18446744073709550963,18446744073709550963,18446744073705895996,13,10532,0,0,1,13,18446744073709547709,18446744073709551030,18446744073709551030,18446744073709551129,3,1,1,6480543193984759023,0,0,5,13837066936492273430,0,1,1,0
PAWN_AUDIT_RESULT,5804,3,3,-537,0,0,-537,0,0,0,0,0
PAWN_AUDIT_ENTRY,5809,915002811463777356,1468560453123328546,5307853010694864123,17889788259193887289,2217,18446744073709551297,18446744073709551298,18446744073709551295,12,11,8,5,18446744073709540329,18446744073709549571,3,0,0,0,0,1,0,0,0,18446744073709551262,18446744073709551262,18446744073702752142,13,10537,0,0,0,13,18446744073709547061,18446744073709551030,18446744073709551030,18446744073709551327,10,1,1,12383676071972810048,0,0,3,4067558195523107072,0,1,1,0
PAWN_AUDIT_RESULT,5809,8,8,-356,0,0,-356,0,1,1,0,0
PAWN_AUDIT_ENTRY,5810,1468560453123328546,13545885092440198277,5307853010694864123,17310241355734412975,3956,18446744073709551297,18446744073709551298,18446744073709551295,12,11,8,6,18446744073709544018,18446744073709550295,3,0,0,0,0,1,0,0,0,18446744073709551262,18446744073709551262,18446744073702752142,13,10539,0,0,0,11,18446744073709548574,18446744073709550445,355,18446744073709551327,10,1,1,12383676071972810048,0,0,3,4067558195523107072,0,1,1,0
PAWN_AUDIT_RESULT,5810,8,8,-320,0,0,-320,0,1,1,0,0
PAWN_AUDIT_ENTRY,5811,13545885092440198277,16925604661571705573,5307853010694864123,6666369026740551483,2215,18446744073709551297,18446744073709551298,18446744073709551296,12,11,7,7,18446744073709540158,18446744073709548874,3,0,0,0,0,1,0,0,0,18446744073709551262,18446744073709551262,18446744073702752142,13,10541,0,0,0,13,18446744073709546983,18446744073709551030,18446744073709551030,18446744073709551327,10,1,1,12383676071972810048,0,0,3,4067558195523107072,0,1,1,0
PAWN_AUDIT_RESULT,5811,7,7,-407,0,0,-407,0,0,0,0,0
PAWN_AUDIT_ENTRY,5812,16925604661571705573,11139948600453807639,5307853010694864123,4682622993655137287,2209,18446744073709551297,18446744073709551298,18446744073709551296,12,11,7,8,18446744073709539799,18446744073709548874,3,0,0,0,0,1,0,0,0,18446744073709551262,18446744073709551262,18446744073702752142,13,10542,0,0,0,13,18446744073709546820,18446744073709551030,18446744073709551030,18446744073709551327,10,1,1,12383676071972810048,0,0,3,4067558195523107072,0,1,1,0
PAWN_AUDIT_RESULT,5812,7,7,-509,0,0,-509,0,0,0,0,0
PAWN_AUDIT_ENTRY,5813,11139948600453807639,1582089704026803569,5307853010694864123,5733998546799748552,2740,18446744073709551297,18446744073709551298,18446744073709551296,12,11,7,9,18446744073709538761,18446744073709548874,3,0,0,0,0,1,0,0,0,18446744073709551262,18446744073709551262,18446744073702752142,13,10543,0,0,0,10,18446744073709546348,18446744073709551030,18446744073709551030,18446744073709551327,10,1,1,12383676071972810048,0,0,3,4067558195523107072,0,1,1,0
PAWN_AUDIT_RESULT,5813,7,7,-662,0,0,-662,0,0,0,0,0
PAWN_AUDIT_ENTRY,5814,1582089704026803569,9750408325141840032,5307853010694864123,13682680386669757940,3947,18446744073709551297,18446744073709551298,18446744073709551296,12,11,7,10,18446744073709538761,18446744073709548874,3,0,0,0,0,1,0,0,0,18446744073709551262,18446744073709551262,18446744073702752142,13,10544,0,0,0,11,18446744073709546348,18446744073709551030,18446744073709551030,18446744073709551327,10,1,1,12383676071972810048,0,0,3,4067558195523107072,0,1,1,0
PAWN_AUDIT_RESULT,5814,7,7,-498,0,0,-498,0,0,0,0,0
PAWN_AUDIT_ENTRY,5815,9750408325141840032,10664766175231031054,5307853010694864123,11255580444193253399,2202,18446744073709551297,18446744073709551298,18446744073709551296,12,11,7,11,18446744073709538761,18446744073709548874,3,0,0,0,0,1,0,0,0,18446744073709551262,18446744073709551262,18446744073702752142,13,10545,0,0,0,13,18446744073709546348,18446744073709551030,18446744073709551030,18446744073709551327,10,1,1,12383676071972810048,0,0,3,4067558195523107072,0,1,1,0
PAWN_AUDIT_RESULT,5815,7,7,-491,0,0,-491,0,0,0,0,0
PAWN_AUDIT_ENTRY,5816,10664766175231031054,2100345827530538083,5307853010694864123,16935252063993424838,2208,18446744073709551297,18446744073709551298,18446744073709551296,12,11,7,12,18446744073709538761,18446744073709548874,3,0,0,0,0,1,0,0,0,18446744073709551262,18446744073709551262,18446744073702752142,13,10546,0,0,0,13,18446744073709546348,18446744073709551030,18446744073709551030,18446744073709551327,10,1,1,12383676071972810048,0,0,3,4067558195523107072,0,1,1,0
PAWN_AUDIT_RESULT,5816,7,7,-439,0,0,-439,0,0,0,0,0
PAWN_AUDIT_ENTRY,5817,2100345827530538083,7331742264900940613,5307853010694864123,15291598522867592337,2228,18446744073709551297,18446744073709551298,18446744073709551296,12,11,6,13,18446744073709538761,18446744073709548874,3,0,0,0,0,1,0,0,0,18446744073709551262,18446744073709551262,18446744073702752142,13,10547,0,0,0,13,18446744073709546348,18446744073709551030,18446744073709551030,18446744073709551327,10,1,1,12383676071972810048,0,0,3,4067558195523107072,0,1,1,0
PAWN_AUDIT_RESULT,5817,6,6,-545,0,0,-545,0,0,0,0,0
PAWN_AUDIT_ENTRY,5818,7331742264900940613,12513953149050911171,5307853010694864123,11639230999225009131,3104,18446744073709551297,18446744073709551298,18446744073709551296,12,11,6,14,18446744073709536995,18446744073709550278,3,0,0,0,0,1,0,0,0,18446744073709551262,18446744073709551262,18446744073702752142,13,10548,0,0,0,9,18446744073709545545,18446744073709551030,18446744073709551030,18446744073709551327,10,1,1,12383676071972810048,0,0,3,4067558195523107072,0,0,1,0
PAWN_AUDIT_RESULT,5818,6,6,-413,0,0,-413,0,0,0,0,0
PAWN_AUDIT_ENTRY,5819,12513953149050911171,1745919027523254420,5307853010694864123,1487975761099308929,3641,18446744073709551297,18446744073709551298,18446744073709551296,12,11,6,15,18446744073709536010,18446744073709550278,3,0,0,0,0,1,0,0,0,18446744073709551262,18446744073709551262,18446744073702752142,13,10549,0,0,0,12,18446744073709545097,18446744073709551030,18446744073709551030,18446744073709551327,10,1,1,12383676071972810048,0,0,3,4067558195523107072,0,1,1,0
PAWN_AUDIT_RESULT,5819,6,6,-470,0,0,-470,0,0,0,0,0
PAWN_AUDIT_ENTRY,5820,1745919027523254420,12274747980755976859,5307853010694864123,7656403428397408355,2219,18446744073709551297,18446744073709551298,18446744073709551296,12,11,6,16,18446744073709538761,18446744073709548874,3,0,0,0,0,1,0,0,0,18446744073709551262,18446744073709551262,18446744073702752142,13,10550,0,0,0,13,18446744073709546348,18446744073709551030,18446744073709551030,18446744073709551327,10,1,1,12383676071972810048,0,0,3,4067558195523107072,0,1,1,0
PAWN_AUDIT_RESULT,5820,6,6,-625,0,0,-625,0,0,0,0,0
PAWN_AUDIT_ENTRY,5821,12274747980755976859,4810370053899313798,5307853010694864123,9963913300854129684,3502,18446744073709551297,18446744073709551298,18446744073709551296,12,11,6,17,18446744073709536967,18446744073709550278,3,0,0,0,0,1,0,0,0,18446744073709551262,18446744073709551262,18446744073702752142,13,10551,0,0,0,9,18446744073709545532,18446744073709551030,18446744073709551030,18446744073709551327,10,1,1,12383676071972810048,0,0,3,4067558195523107072,0,0,1,0
PAWN_AUDIT_RESULT,5821,6,6,-482,0,0,-482,0,0,0,0,0
PAWN_AUDIT_ENTRY,5822,4810370053899313798,1975966363018323687,5307853010694864123,14499053864915423781,2747,18446744073709551297,18446744073709551298,18446744073709551296,12,11,6,19,18446744073709534754,18446744073709550278,3,0,0,0,0,1,0,0,0,18446744073709551262,18446744073709551262,18446744073702752142,13,10552,0,0,0,10,18446744073709544526,18446744073709551030,18446744073709551030,18446744073709551327,10,1,1,12383676071972810048,0,0,3,4067558195523107072,0,1,1,0
PAWN_AUDIT_RESULT,5822,6,6,-582,0,0,-582,0,0,0,0,0
PAWN_AUDIT_ENTRY,5823,1975966363018323687,2775886407853809972,5307853010694864123,11436879344123788833,2745,18446744073709551297,18446744073709551298,18446744073709551296,12,11,6,20,18446744073709534752,18446744073709550278,3,0,0,0,0,1,0,0,0,18446744073709551262,18446744073709551262,18446744073702752142,13,10553,0,0,0,10,18446744073709544525,18446744073709551030,18446744073709551030,18446744073709551327,10,1,1,12383676071972810048,0,0,3,4067558195523107072,0,1,1,0
PAWN_AUDIT_RESULT,5823,6,6,-701,0,0,-701,0,0,0,0,0
PAWN_AUDIT_ENTRY,5824,2775886407853809972,16373558589536636980,5307853010694864123,16943469795978171529,2942,18446744073709551297,18446744073709551298,18446744073709551296,12,11,6,21,18446744073709534556,18446744073709550278,3,0,0,0,0,1,0,0,0,18446744073709551262,18446744073709551262,18446744073702752142,13,10554,0,0,0,10,18446744073709544436,18446744073709551030,18446744073709551030,18446744073709551327,10,1,1,12383676071972810048,0,0,3,4067558195523107072,0,1,1,0
PAWN_AUDIT_RESULT,5824,6,6,-443,0,0,-443,0,0,0,0,0
PAWN_AUDIT_ENTRY,5825,16373558589536636980,8803729160804015851,5307853010694864123,4055689729356930903,2919,18446744073709551297,18446744073709551298,18446744073709551296,12,11,6,22,18446744073709534554,18446744073709550278,3,0,0,0,0,1,0,0,0,18446744073709551262,18446744073709551262,18446744073702752142,13,10555,0,0,0,10,18446744073709544435,18446744073709551030,18446744073709551030,18446744073709551327,10,1,1,12383676071972810048,0,0,3,4067558195523107072,0,1,1,0
PAWN_AUDIT_RESULT,5825,6,6,-617,0,0,-617,0,0,0,0,0
PAWN_AUDIT_ENTRY,5826,8803729160804015851,13488832616569568991,5307853010694864123,3146150361613628384,3899,18446744073709551297,18446744073709551298,18446744073709551296,12,11,6,23,18446744073709534576,18446744073709550278,3,0,0,0,0,1,0,0,0,18446744073709551262,18446744073709551262,18446744073702752142,13,10556,0,0,0,14,18446744073709544445,18446744073709551030,18446744073709551030,18446744073709551327,10,1,1,12383676071972810048,0,0,3,4067558195523107072,0,1,1,0
PAWN_AUDIT_RESULT,5826,6,6,-641,0,0,-641,0,0,0,0,0
PAWN_AUDIT_ENTRY,5827,13488832616569568991,10935681586285873166,5307853010694864123,1900643843618350423,3112,18446744073709551297,18446744073709551298,18446744073709551296,12,11,6,24,18446744073709534884,18446744073709550278,3,0,0,0,0,1,0,0,0,18446744073709551262,18446744073709551262,18446744073702752142,13,10557,0,0,0,9,18446744073709544585,18446744073709551030,18446744073709551030,18446744073709551327,10,1,1,12383676071972810048,0,0,3,4067558195523107072,0,0,1,0
PAWN_AUDIT_RESULT,5827,6,6,-433,0,0,-433,0,0,0,0,0
PAWN_AUDIT_ENTRY,5828,10935681586285873166,17367215574341220888,5307853010694864123,1580137558869082149,2720,18446744073709551297,18446744073709551298,18446744073709551296,12,11,6,25,18446744073709534785,18446744073709550278,3,0,0,0,0,1,0,0,0,18446744073709551262,18446744073709551262,18446744073702752142,13,10558,0,0,0,10,18446744073709544540,18446744073709551030,18446744073709551030,18446744073709551327,10,1,1,12383676071972810048,0,0,3,4067558195523107072,0,1,1,0
PAWN_AUDIT_RESULT,5828,6,6,-720,0,0,-720,0,0,0,0,0
PAWN_AUDIT_ENTRY,5829,17367215574341220888,1093628142536495879,5307853010694864123,4264988807969078922,3567,18446744073709551297,18446744073709551298,18446744073709551296,12,11,6,26,18446744073709534657,18446744073709550278,3,0,0,0,0,1,0,0,0,18446744073709551262,18446744073709551262,18446744073702752142,13,10559,0,0,0,9,18446744073709544482,18446744073709551030,18446744073709551030,18446744073709551327,10,1,1,12383676071972810048,0,0,3,4067558195523107072,0,0,1,0
PAWN_AUDIT_RESULT,5829,6,6,-411,0,0,-411,0,0,0,0,0
PAWN_AUDIT_ENTRY,5830,1093628142536495879,8338577494535046660,5307853010694864123,14190562796275572664,4094,18446744073709551297,18446744073709551298,18446744073709551296,12,11,6,27,18446744073709534552,18446744073709550278,3,0,0,0,0,1,0,0,0,18446744073709551262,18446744073709551262,18446744073702752142,13,10560,0,0,0,12,18446744073709544434,18446744073709551030,18446744073709551030,18446744073709551327,10,1,1,12383676071972810048,0,0,3,4067558195523107072,0,1,1,0
PAWN_AUDIT_RESULT,5830,6,6,-564,0,0,-564,0,0,0,0,0
PAWN_AUDIT_ENTRY,5831,8338577494535046660,2034507238125433050,5307853010694864123,10018295785479410686,2910,18446744073709551297,18446744073709551298,18446744073709551296,12,11,6,28,18446744073709538176,18446744073709548874,3,0,0,0,0,1,0,0,0,18446744073709551262,18446744073709551262,18446744073702752142,13,10561,0,0,0,10,18446744073709546082,18446744073709551030,18446744073709551030,18446744073709551327,10,1,1,12383676071972810048,0,0,3,4067558195523107072,0,1,1,0
PAWN_AUDIT_RESULT,5831,6,6,-396,0,0,-396,0,0,0,0,0
PAWN_AUDIT_ENTRY,5832,2034507238125433050,3427536455286584004,5307853010694864123,15516999040487197710,3559,18446744073709551297,18446744073709551298,18446744073709551296,12,11,6,29,18446744073709534552,18446744073709550278,3,0,0,0,0,1,0,0,0,18446744073709551262,18446744073709551262,18446744073702752142,13,10562,0,0,0,9,18446744073709544434,18446744073709551030,18446744073709551030,18446744073709551327,10,1,1,12383676071972810048,0,0,3,4067558195523107072,0,0,1,0
PAWN_AUDIT_RESULT,5832,6,6,-452,0,0,-452,0,0,0,0,0
PAWN_AUDIT_ENTRY,5833,3427536455286584004,7926129843766329783,5307853010694864123,13203516544306640766,3177,18446744073709551297,18446744073709551298,18446744073709551296,12,11,6,30,18446744073709534550,18446744073709550278,3,0,0,0,0,1,0,0,0,18446744073709551262,18446744073709551262,18446744073702752142,13,10563,0,0,0,9,18446744073709544433,18446744073709551030,18446744073709551030,18446744073709551327,10,1,1,12383676071972810048,0,0,3,4067558195523107072,0,0,1,0
PAWN_AUDIT_RESULT,5833,6,6,-530,0,0,-530,0,0,0,0,0
PAWN_AUDIT_ENTRY,5834,7926129843766329783,16763251939664465635,5307853010694864123,8297825287191749687,3169,18446744073709551297,18446744073709551298,18446744073709551296,12,11,6,31,18446744073709534550,18446744073709550278,3,0,0,0,0,1,0,0,0,18446744073709551262,18446744073709551262,18446744073702752142,13,10564,0,0,0,9,18446744073709544433,18446744073709551030,18446744073709551030,18446744073709551327,10,1,1,12383676071972810048,0,0,3,4067558195523107072,0,0,1,0
PAWN_AUDIT_RESULT,5834,6,6,-583,0,0,-583,0,0,0,0,0
PAWN_AUDIT_ENTRY,5835,16763251939664465635,8735283182923545428,5307853010694864123,7777259881073764456,3299,18446744073709551297,18446744073709551298,18446744073709551296,12,11,6,34,18446744073709538939,18446744073709550278,3,0,0,0,0,1,0,0,0,18446744073709551262,18446744073709551262,18446744073702752142,13,10565,0,0,0,9,18446744073709547959,18446744073709549372,18446744073709549585,18446744073709551327,10,1,1,12383676071972810048,0,0,3,4067558195523107072,0,0,1,0
PAWN_AUDIT_RESULT,5835,6,6,-319,0,0,-319,0,0,0,0,0
PAWN_AUDIT_TOTAL,6029,16233650796540444285,1155,1
