
Position: 1/1 (rn1qk2r/pbppn1pp/1p2p3/5p2/3PP3/2N2P2/PPP3PP/R2QKBNR w KQkq - 0 8)
WIT 6 140 141 157 152 58 0 0 0 0 162 0 -1 0 0 0 32002 32002 0 0 0 0 0 49408
WIT 8 154 155 166 159 117 0 0 0 0 169 0 -1 0 0 0 32002 32002 0 0 0 0 0 1372
WIT 7 154 155 159 146 65 0 0 0 0 155 0 -1 0 0 0 32002 32002 0 0 0 0 0 49408
WIT 6 154 155 173 168 181 0 0 0 0 32002 0 -1 0 0 0 32002 32002 0 0 0 0 0 0
WIT 8 170 171 210 203 213 0 0 0 0 32002 0 -1 0 0 0 32002 32002 0 0 0 0 0 0
WIT 8 170 171 167 152 114 0 0 0 0 178 0 -1 0 0 0 32002 32002 0 0 0 0 0 1372
WIT 7 170 171 163 157 157 129 0 0 1 174 0 -1 0 0 0 32002 32002 0 0 0 0 0 196
WIT 6 170 171 200 195 198 0 0 0 0 32002 0 -1 0 0 0 32002 32002 0 0 0 0 0 0
WIT 7 170 171 195 182 89 0 0 0 0 173 0 -1 0 0 0 32002 32002 0 0 0 0 0 49408
WIT 7 187 188 237 231 246 129 0 0 0 32002 0 -1 0 0 0 32002 32002 0 0 0 0 0 0
WIT 7 187 188 265 259 244 0 0 0 0 188 0 -1 0 0 0 32002 32002 0 0 0 0 0 405
WIT 7 187 188 173 167 167 129 0 0 1 189 0 -1 0 0 0 32002 32002 0 0 0 0 0 196
WIT 8 187 188 200 185 123 0 0 0 0 188 0 -1 0 0 0 32002 32002 0 0 0 0 0 49408
WIT 7 187 188 197 191 205 0 0 0 0 32002 0 -1 0 0 0 32002 32002 0 0 0 0 0 0
WIT 6 187 188 181 176 193 0 0 0 0 32002 0 -1 0 0 0 32002 32002 0 0 0 0 0 0
WIT 6 187 188 197 192 190 0 0 0 0 209 0 -1 0 0 0 32002 32002 0 0 0 0 0 129
WIT 6 187 188 188 183 166 0 0 0 0 188 0 -1 0 0 0 32002 32002 0 0 0 0 0 49408
WIT 6 187 188 185 180 188 407 0 0 0 32002 0 -1 0 0 0 32002 32002 0 0 0 0 0 0
WIT 8 195 196 237 230 263 129 0 0 0 32002 0 -1 0 0 0 32002 32002 0 0 0 0 0 0
WIT 8 195 196 188 173 128 0 0 0 0 196 0 -1 0 0 0 32002 32002 0 0 0 0 0 1372
WIT 8 195 196 206 199 199 407 0 0 0 32002 0 -1 0 0 0 32002 32002 0 0 0 0 0 0
WIT 7 195 196 188 175 145 0 0 0 0 196 0 -1 0 0 0 32002 32002 0 0 0 0 0 49408
WIT 6 217 218 231 226 238 405 0 0 0 32002 0 -1 0 0 0 32002 32002 0 0 0 0 0 0
WIT 7 217 218 259 246 223 0 0 0 0 220 0 -1 0 0 0 32002 32002 0 0 0 0 0 1372
WIT 8 217 218 213 206 152 0 0 0 0 234 0 -1 0 0 0 32002 32002 0 0 0 0 0 1372
WIT 7 217 218 223 217 215 0 0 0 0 218 0 -1 0 0 0 32002 32002 0 0 0 0 0 129
WIT 8 217 218 289 274 264 0 0 0 0 232 0 -1 0 0 0 32002 32002 0 0 0 0 0 405
WIT 8 217 218 188 181 156 0 0 0 0 230 0 -1 0 0 0 32002 32002 0 0 0 0 0 1372
WIT 7 217 218 222 209 189 0 0 0 0 218 0 -1 0 0 0 32002 32002 0 0 0 0 0 49408
WIT 6 217 218 235 230 229 0 0 0 0 217 0 -1 0 0 0 32002 32002 0 0 0 0 0 0
WIT 7 -201 -200 -201 -207 -197 2268 1 0 0 32002 0 -1 0 0 0 32002 32002 0 0 0 0 0 0
WIT 6 -201 -200 -203 -208 -251 0 0 0 0 -201 0 -1 0 0 0 32002 32002 0 0 0 0 0 0
WIT 6 226 227 228 223 215 0 0 0 0 221 0 -1 0 0 0 32002 32002 0 0 0 0 0 0
WIT 6 -211 -210 -185 -190 -190 3299 0 0 0 32002 0 -1 0 0 0 32002 32002 0 0 0 0 0 0
WIT 6 219 220 231 226 238 405 0 0 0 32002 0 -1 0 0 0 32002 32002 0 0 0 0 0 0
WIT 8 219 220 196 189 225 0 0 0 0 32002 0 -1 0 0 0 32002 32002 0 0 0 0 0 0
WIT 9 219 220 188 180 216 129 0 0 1 220 0 -1 0 0 0 32002 32002 0 0 0 0 0 196
WIT 6 219 220 219 214 190 0 0 0 0 242 0 -1 0 0 0 32002 32002 0 0 0 0 0 407
WIT 7 219 220 216 210 208 0 0 0 0 239 0 -1 0 0 0 32002 32002 0 0 0 0 0 1827
WIT 6 219 220 238 233 233 1763 0 0 0 32002 0 -1 0 0 0 32002 32002 0 0 0 0 0 0
WIT 6 219 220 218 213 213 407 0 0 1 220 0 -1 0 0 0 32002 32002 0 0 0 0 0 129
WIT 6 219 220 223 218 238 0 0 0 0 32002 0 -1 0 0 0 32002 32002 0 0 0 0 0 0
WIT 6 219 220 224 219 196 0 0 0 0 246 0 -1 0 0 0 32002 32002 0 0 0 0 0 1828
WIT 11 219 220 218 197 190 0 0 0 0 220 0 -1 0 0 0 32002 32002 0 0 0 0 0 49408
WIT 9 219 220 242 234 193 0 0 0 0 220 0 -1 0 0 0 32002 32002 0 0 0 0 0 722
WIT 8 219 220 239 232 206 0 0 0 0 220 0 -1 0 0 0 32002 32002 0 0 0 0 0 407
WIT 9 219 220 218 201 218 1763 0 0 1 220 0 -1 0 0 0 32002 32002 0 0 0 0 0 49408
WIT 7 219 220 218 212 212 1763 0 0 1 230 0 -1 0 0 0 32002 32002 0 0 0 0 0 49408
WIT 7 219 220 226 220 220 1763 0 0 0 32002 0 -1 0 0 0 32002 32002 0 0 0 0 0 0
WIT 7 219 220 218 212 212 1763 0 0 1 220 0 -1 0 0 0 32002 32002 0 0 0 0 0 49408
WIT 7 219 220 218 212 212 1763 0 0 1 220 0 -1 0 0 0 32002 32002 0 0 0 0 0 49408
WIT 7 219 220 226 220 220 49408 0 0 0 32002 0 -1 0 0 0 32002 32002 0 0 0 0 0 0
WIT 7 219 220 247 241 232 0 0 0 0 220 0 -1 0 0 0 32002 32002 0 0 0 0 0 49408
WIT 6 228 229 220 215 255 0 0 0 0 32002 0 -1 0 0 0 32002 32002 0 0 0 0 0 0
WIT 10 228 229 196 187 225 0 0 0 0 229 0 -1 0 0 0 32002 32002 0 0 0 0 0 1827
WIT 10 228 229 225 206 222 129 0 0 1 248 0 -1 0 0 0 32002 32002 0 0 0 0 0 405
WIT 9 228 229 220 203 194 0 0 0 0 229 0 -1 0 0 0 32002 32002 0 0 0 0 0 49408
WIT 8 228 229 237 230 242 49408 0 0 0 32002 0 -1 0 0 0 32002 32002 0 0 0 0 0 0
WIT 7 228 229 260 254 294 49408 0 0 0 32002 0 -1 0 0 0 32002 32002 0 0 0 0 0 0
WIT 6 228 229 279 274 293 49408 0 0 0 32002 0 -1 0 0 0 32002 32002 0 0 0 0 0 0
WIT 6 228 229 248 243 283 49408 0 0 0 32002 0 -1 0 0 0 32002 32002 0 0 0 0 0 0
WIT 6 228 229 260 255 303 49408 0 0 0 32002 0 -1 0 0 0 32002 32002 0 0 0 0 0 0
WIT 6 228 229 232 227 257 405 0 0 0 32002 0 -1 0 0 0 32002 32002 0 0 0 0 0 0
WIT 7 228 229 231 225 246 405 0 0 0 32002 0 -1 0 0 0 32002 32002 0 0 0 0 0 0
WIT 7 211 229 220 214 158 0 0 0 0 229 0 -1 0 0 0 32002 32002 0 0 0 0 0 1372
WIT 11 228 229 229 219 251 405 0 0 0 32002 0 -1 0 0 0 32002 32002 0 0 0 0 0 0
WIT 8 228 229 240 233 249 0 0 0 0 32002 0 -1 0 0 0 32002 32002 0 0 0 0 0 0
WIT 7 228 229 308 302 318 129 0 0 0 32002 0 -1 0 0 0 32002 32002 0 0 0 0 0 0
WIT 6 228 229 285 280 284 129 0 0 0 32002 0 -1 0 0 0 32002 32002 0 0 0 0 0 0
WIT 11 228 229 224 203 150 0 0 0 0 230 0 -1 0 0 0 32002 32002 0 0 0 0 0 1372
WIT 11 228 229 220 210 193 0 0 0 0 229 0 -1 0 0 0 32002 32002 0 0 0 0 0 722
WIT 6 228 229 248 243 261 1187 1 0 0 32002 0 -1 0 0 0 32002 32002 0 0 0 0 0 0
WIT 10 228 229 220 201 183 0 0 0 0 229 0 -1 0 0 0 32002 32002 0 0 0 0 0 407
WIT 7 -229 -228 -227 -233 -292 0 0 0 0 -208 0 -1 0 0 0 32002 32002 0 0 0 0 0 2396
WIT 7 -229 -228 -221 -227 -262 0 0 0 0 -230 0 -1 0 0 0 32002 32002 0 0 0 0 0 0
WIT 9 -229 -228 -228 -236 -373 0 0 0 0 -229 0 -1 0 0 0 32002 32002 0 0 0 0 0 0
WIT 7 228 229 220 214 214 407 0 0 1 257 0 -1 0 0 0 32002 32002 0 0 0 0 0 129
WIT 8 228 229 220 213 213 407 0 0 1 229 0 -1 0 0 0 32002 32002 0 0 0 0 0 129
WIT 6 228 229 220 215 215 407 0 0 1 229 0 -1 0 0 0 32002 32002 0 0 0 0 0 129
WIT 6 228 229 220 215 256 407 0 0 0 32002 0 -1 0 0 0 32002 32002 0 0 0 0 0 0
WIT 6 228 229 220 215 215 407 0 0 1 229 0 -1 0 0 0 32002 32002 0 0 0 0 0 129
WIT 6 228 229 238 233 245 129 0 0 0 32002 0 -1 0 0 0 32002 32002 0 0 0 0 0 0
WIT 6 228 229 220 215 215 407 0 0 1 249 0 -1 0 0 0 32002 32002 0 0 0 0 0 129
WIT 6 228 229 220 215 215 407 0 0 1 229 0 -1 0 0 0 32002 32002 0 0 0 0 0 129
WIT 6 228 229 220 215 215 407 0 0 1 229 0 -1 0 0 0 32002 32002 0 0 0 0 0 129
WIT 7 228 229 230 217 217 407 0 0 1 232 0 -1 0 0 0 32002 32002 0 0 0 0 0 129
WIT 10 228 229 220 201 190 0 0 0 0 229 0 -1 0 0 0 32002 32002 0 0 0 0 0 49408
WIT 8 228 229 258 251 356 129 0 1 0 32002 0 -1 0 0 0 32002 32002 0 0 0 0 0 0
WIT 6 228 229 241 236 254 346 0 0 0 32002 0 -1 0 0 0 32002 32002 0 0 0 0 0 0
WIT 10 228 229 233 224 163 0 0 0 0 229 0 -1 0 0 0 32002 32002 0 0 0 0 0 722
WIT 9 228 229 220 203 178 0 0 0 0 210 0 -1 0 0 0 32002 32002 0 0 0 0 0 0
WIT 9 228 229 220 203 202 0 0 0 0 213 0 -1 0 0 0 32002 32002 0 0 0 0 0 0
WIT 6 -212 -211 -187 -192 -159 0 0 0 0 32002 0 -1 0 0 0 32002 32002 0 0 0 0 0 0
WIT 8 -212 -211 -216 -223 -201 2268 1 0 0 32002 0 -1 0 0 0 32002 32002 0 0 0 0 0 0
WIT 6 -212 -211 -164 -169 -149 3690 0 0 0 32002 0 -1 0 0 0 32002 32002 0 0 0 0 0 0
WIT 6 -212 -211 -189 -194 -179 0 0 0 0 32002 0 -1 0 0 0 32002 32002 0 0 0 0 0 0
WIT 6 -212 -211 -223 -228 -260 0 0 0 0 -211 0 -1 0 0 0 32002 32002 0 0 0 0 0 3365
WIT 7 -212 -211 -190 -196 -197 0 0 0 0 -211 0 -1 0 0 0 32002 32002 0 0 0 0 0 2396
WIT 8 -212 -211 -132 -139 -131 53055 0 0 0 32002 0 -1 0 0 0 32002 32002 0 0 0 0 0 0
WIT 9 -200 -199 -195 -203 -246 0 0 0 0 -182 0 -1 0 0 0 32002 32002 0 0 0 0 0 3811
WIT 9 210 211 220 212 223 1187 1 0 0 32002 0 -1 0 0 0 32002 32002 0 0 0 0 0 0
WIT 7 -211 -199 -210 -216 -223 0 0 0 0 -214 0 -1 0 0 0 32002 32002 0 0 0 0 0 0
WIT 9 210 211 242 234 246 407 0 0 0 32002 0 -1 0 0 0 32002 32002 0 0 0 0 0 0
WIT 9 210 211 220 212 238 407 0 0 0 32002 0 -1 0 0 0 32002 32002 0 0 0 0 0 0
WIT 7 210 211 288 282 320 0 0 0 0 32002 0 -1 0 0 0 32002 32002 0 0 0 0 0 0
WIT 7 210 211 231 225 246 405 0 0 0 32002 0 -1 0 0 0 32002 32002 0 0 0 0 0 0
WIT 8 210 211 251 244 258 0 0 0 0 32002 0 -1 0 0 0 32002 32002 0 0 0 0 0 0
WIT 9 210 211 220 203 221 1763 0 0 0 32002 0 -1 0 0 0 32002 32002 0 0 0 0 0 0
WIT 8 210 211 220 205 205 407 0 0 1 220 0 -1 0 0 0 32002 32002 0 0 0 0 0 49408
WIT 8 210 211 282 275 275 1829 1 0 0 32002 0 -1 0 0 0 32002 32002 0 0 0 0 0 0
WIT 7 210 211 228 222 222 1763 0 0 0 32002 0 -1 0 0 0 32002 32002 0 0 0 0 0 0
WIT 7 210 211 220 214 214 1763 0 0 0 32002 0 -1 0 0 0 32002 32002 0 0 0 0 0 0
WIT 7 210 211 226 220 220 1763 0 0 0 32002 0 -1 0 0 0 32002 32002 0 0 0 0 0 0
WIT 6 210 211 220 215 259 407 0 0 0 32002 0 -1 0 0 0 32002 32002 0 0 0 0 0 0
WIT 7 210 211 220 214 208 0 0 0 0 232 0 -1 0 0 0 32002 32002 0 0 0 0 0 49408
WIT 7 210 211 235 229 229 49408 0 0 0 32002 0 -1 0 0 0 32002 32002 0 0 0 0 0 0
WIT 6 210 211 288 283 307 1763 0 0 0 32002 0 -1 0 0 0 32002 32002 0 0 0 0 0 0
WIT 6 210 211 308 303 333 1763 0 0 0 32002 0 -1 0 0 0 32002 32002 0 0 0 0 0 0
WIT 7 210 211 220 214 214 1763 0 0 0 32002 0 -1 0 0 0 32002 32002 0 0 0 0 0 0
WIT 6 210 211 241 236 251 129 0 0 0 32002 0 -1 0 0 0 32002 32002 0 0 0 0 0 0
WIT 6 210 211 246 241 241 407 0 0 0 32002 0 -1 0 0 0 32002 32002 0 0 0 0 0 0
WIT 7 210 211 220 214 208 0 0 0 0 218 0 -1 0 0 0 32002 32002 0 0 0 0 0 49408
WIT 7 210 211 226 220 235 407 0 0 0 32002 0 -1 0 0 0 32002 32002 0 0 0 0 0 0
WIT 7 210 211 220 214 223 407 0 0 0 32002 0 -1 0 0 0 32002 32002 0 0 0 0 0 0
WIT 7 210 211 220 214 218 407 0 0 0 32002 0 -1 0 0 0 32002 32002 0 0 0 0 0 0
WIT 6 210 211 265 260 305 1763 0 0 0 32002 0 -1 0 0 0 32002 32002 0 0 0 0 0 0
WIT 9 -211 -199 -211 -219 -220 0 0 0 0 -211 0 -1 0 0 0 32002 32002 0 0 0 0 0 0
WIT 8 -200 -199 -187 -194 -155 0 0 0 0 32002 0 -1 0 0 0 32002 32002 0 0 0 0 0 0
WIT 7 -200 -199 -211 -217 -173 0 0 0 0 32002 0 -1 0 0 0 32002 32002 0 0 0 0 0 0
WIT 6 -200 -199 -198 -203 -190 3699 0 1 0 32002 0 -1 0 0 0 32002 32002 0 0 0 0 0 0
WIT 10 -200 -199 -216 -225 -200 2268 1 0 0 -208 0 -1 0 0 0 32002 32002 0 0 0 0 0 0
WIT 7 226 227 220 214 214 407 0 0 1 215 1 1 13996 1 1 226 236 0 0 0 0 32 407
WIT 7 199 227 211 205 202 0 0 0 0 199 0 -1 0 0 0 32002 32002 0 0 0 0 0 49408
WIT 10 226 227 211 192 192 1827 1 0 0 262 0 -1 0 0 0 32002 32002 0 0 0 0 0 405
WIT 11 226 227 229 208 243 405 0 0 0 32002 0 -1 0 0 0 32002 32002 0 0 0 0 0 0
WIT 7 226 227 288 282 317 0 0 0 0 32002 0 -1 0 0 0 32002 32002 0 0 0 0 0 0
WIT 7 226 227 238 232 238 49408 0 0 0 32002 0 -1 0 0 0 32002 32002 0 0 0 0 0 0
WIT 6 226 227 279 274 293 49408 0 0 0 32002 0 -1 0 0 0 32002 32002 0 0 0 0 0 0
WIT 6 226 227 260 255 290 49408 0 0 0 32002 0 -1 0 0 0 32002 32002 0 0 0 0 0 0
WIT 8 226 227 231 224 246 405 0 0 0 32002 0 -1 0 0 0 32002 32002 0 0 0 0 0 0
WIT 6 226 227 237 232 258 49408 0 0 0 32002 0 -1 0 0 0 32002 32002 0 0 0 0 0 0
WIT 6 226 227 269 264 309 49408 0 0 0 32002 0 -1 0 0 0 32002 32002 0 0 0 0 0 0
WIT 6 226 227 260 255 303 49408 0 0 0 32002 0 -1 0 0 0 32002 32002 0 0 0 0 0 0
WIT 6 226 227 232 227 257 405 0 0 0 32002 0 -1 0 0 0 32002 32002 0 0 0 0 0 0
WIT 7 226 227 248 242 284 49408 0 0 0 32002 0 -1 0 0 0 32002 32002 0 0 0 0 0 0
WIT 10 226 227 211 192 176 0 0 0 0 229 0 -1 0 0 0 32002 32002 0 0 0 0 0 1372
WIT 9 226 227 217 200 221 407 0 0 1 238 0 -1 0 0 0 32002 32002 0 0 0 0 0 49408
WIT 8 226 227 251 244 256 0 0 0 0 32002 0 -1 0 0 0 32002 32002 0 0 0 0 0 0
WIT 8 226 227 219 204 204 407 0 0 1 227 0 -1 0 0 0 32002 32002 0 0 0 0 0 49408
WIT 8 226 227 229 214 247 407 0 0 0 32002 0 -1 0 0 0 32002 32002 0 0 0 0 0 0
WIT 8 226 227 282 275 275 1829 1 0 0 32002 0 -1 0 0 0 32002 32002 0 0 0 0 0 0
WIT 8 226 227 220 205 223 1763 0 0 1 228 0 -1 0 0 0 32002 32002 0 0 0 0 0 49408
WIT 8 226 227 228 221 221 1763 0 0 1 227 0 -1 0 0 0 32002 32002 0 0 0 0 0 49408
WIT 8 226 227 220 213 213 1763 0 0 1 229 0 -1 0 0 0 32002 32002 0 0 0 0 0 49408
WIT 8 226 227 288 281 317 1763 0 0 0 32002 0 -1 0 0 0 32002 32002 0 0 0 0 0 0
WIT 8 226 227 220 213 213 1763 0 0 1 229 0 -1 0 0 0 32002 32002 0 0 0 0 0 49408
WIT 8 226 227 235 228 228 49408 0 0 0 32002 0 -1 0 0 0 32002 32002 0 0 0 0 0 0
WIT 8 226 227 226 219 315 1829 1 0 0 32002 0 -1 0 0 0 32002 32002 0 0 0 0 0 0
WIT 8 226 227 220 213 284 1829 1 0 0 32002 0 -1 0 0 0 32002 32002 0 0 0 0 0 0
WIT 8 226 227 220 213 213 1829 1 0 0 227 0 -1 0 0 0 32002 32002 0 0 0 0 0 49408
WIT 8 226 227 218 211 214 1829 1 0 0 227 0 -1 0 0 0 32002 32002 0 0 0 0 0 49408
WIT 8 226 227 265 258 306 1763 0 0 0 32002 0 -1 0 0 0 32002 32002 0 0 0 0 0 0
WIT 7 247 248 229 216 216 407 0 0 1 244 1 1 30347 1 1 247 268 0 0 0 0 12 407
WIT 6 247 248 240 235 253 0 0 0 0 32002 0 -1 0 0 0 32002 32002 0 0 0 0 0 0
WIT 7 247 248 230 217 229 129 0 0 1 347 0 -1 0 0 0 32002 32002 0 0 0 0 0 405
WIT 11 247 248 229 208 243 405 0 0 1 253 0 -1 0 0 0 32002 32002 0 0 0 0 0 49408
WIT 7 247 248 334 321 321 407 0 0 0 32002 0 -1 0 0 0 32002 32002 0 0 0 0 0 0
WIT 7 247 248 248 242 267 0 0 0 0 32002 0 -1 0 0 0 32002 32002 0 0 0 0 0 0
WIT 7 247 248 288 282 319 0 0 0 0 32002 0 -1 0 0 0 32002 32002 0 0 0 0 0 0
WIT 6 247 248 238 233 238 49408 0 0 1 248 0 -1 0 0 0 32002 32002 0 0 0 0 0 405
WIT 6 247 248 260 255 290 49408 0 0 0 32002 0 -1 0 0 0 32002 32002 0 0 0 0 0 0
WIT 6 247 248 237 232 259 49408 0 0 0 32002 0 -1 0 0 0 32002 32002 0 0 0 0 0 0
WIT 6 247 248 269 264 309 49408 0 0 0 32002 0 -1 0 0 0 32002 32002 0 0 0 0 0 0
WIT 6 247 248 248 243 280 49408 0 0 0 32002 0 -1 0 0 0 32002 32002 0 0 0 0 0 0
WIT 9 247 248 228 211 157 0 0 0 0 248 0 -1 0 0 0 32002 32002 0 0 0 0 0 1372
WIT 8 247 248 334 319 320 407 0 0 0 32002 0 -1 0 0 0 32002 32002 0 0 0 0 0 0
WIT 6 247 248 229 224 261 0 0 0 0 32002 0 -1 0 0 0 32002 32002 0 0 0 0 0 0
WIT 10 247 248 229 210 160 0 0 0 0 261 0 -1 0 0 0 32002 32002 0 0 0 0 0 1372
WIT 8 247 248 230 223 191 0 0 0 0 254 0 -1 0 0 0 32002 32002 0 0 0 0 0 1372
WIT 7 247 248 229 223 222 0 0 0 0 243 0 -1 0 0 0 32002 32002 0 0 0 0 0 0
WIT 10 247 248 260 251 249 0 0 0 0 258 0 -1 0 0 0 32002 32002 0 0 0 0 0 1372
WIT 8 247 248 267 260 240 0 0 0 0 258 0 -1 0 0 0 32002 32002 0 0 0 0 0 453
WIT 12 247 248 229 206 206 407 0 0 1 245 1 1 40855 1 1 247 257 0 0 0 0 122 407
WIT 9 247 248 246 238 278 407 0 0 0 32002 0 -1 0 0 0 32002 32002 0 0 0 0 0 0
WIT 7 247 248 220 214 258 407 0 0 0 32002 0 -1 0 0 0 32002 32002 0 0 0 0 0 0
WIT 9 247 248 229 212 196 0 0 0 0 248 0 -1 0 0 0 32002 32002 0 0 0 0 0 49408
WIT 9 247 248 251 243 253 49408 0 0 0 32002 0 -1 0 0 0 32002 32002 0 0 0 0 0 0
WIT 8 247 248 236 221 225 407 0 0 1 248 0 -1 0 0 0 32002 32002 0 0 0 0 0 49408
WIT 7 247 248 227 214 233 1763 0 0 1 260 0 -1 0 0 0 32002 32002 0 0 0 0 0 49408
WIT 7 247 248 227 214 214 407 0 0 1 248 0 -1 0 0 0 32002 32002 0 0 0 0 0 49408
WIT 7 247 248 229 216 247 407 0 0 1 248 0 -1 0 0 0 32002 32002 0 0 0 0 0 49408
WIT 7 247 248 246 240 240 1763 0 0 1 249 0 -1 0 0 0 32002 32002 0 0 0 0 0 49408
WIT 6 247 248 228 223 233 1763 0 0 1 248 0 -1 0 0 0 32002 32002 0 0 0 0 0 49408
WIT 6 247 248 227 222 222 1763 0 0 1 312 0 -1 0 0 0 32002 32002 0 0 0 0 0 49408
WIT 6 247 248 308 303 345 1763 0 0 0 32002 0 -1 0 0 0 32002 32002 0 0 0 0 0 0
WIT 6 247 248 288 283 321 1763 0 0 0 32002 0 -1 0 0 0 32002 32002 0 0 0 0 0 0
WIT 6 247 248 228 223 227 1763 0 0 1 252 0 -1 0 0 0 32002 32002 0 0 0 0 0 49408
WIT 6 247 248 235 230 243 0 0 0 0 259 0 -1 0 0 0 32002 32002 0 0 0 0 0 1762
WIT 6 247 248 220 215 277 1829 1 0 0 32002 0 -1 0 0 0 32002 32002 0 0 0 0 0 0
WIT 6 247 248 226 221 234 407 0 0 1 296 0 -1 0 0 0 32002 32002 0 0 0 0 0 49408
WIT 6 247 248 211 206 238 1763 0 0 1 297 0 -1 0 0 0 32002 32002 0 0 0 0 0 49408
WIT 6 247 248 277 272 272 1763 0 0 0 32002 0 -1 0 0 0 32002 32002 0 0 0 0 0 0
WIT 6 275 276 259 254 233 0 0 0 0 302 0 -1 0 0 0 32002 32002 0 0 0 0 0 1372
WIT 8 275 276 258 243 268 49408 0 0 1 286 0 -1 0 0 0 32002 32002 0 0 0 0 0 405
WIT 10 275 276 252 233 246 405 0 0 1 294 0 -1 0 0 0 32002 32002 0 0 0 0 0 49408
WIT 6 275 276 255 250 282 0 0 0 0 32002 0 -1 0 0 0 32002 32002 0 0 0 0 0 0
WIT 6 275 276 248 243 281 49408 0 0 0 32002 0 -1 0 0 0 32002 32002 0 0 0 0 0 0
WIT 6 275 276 265 260 284 405 0 0 0 32002 0 -1 0 0 0 32002 32002 0 0 0 0 0 0
WIT 8 275 276 248 233 175 0 0 0 0 276 0 -1 0 0 0 32002 32002 0 0 0 0 0 1372
WIT 6 275 276 308 303 303 1763 0 0 0 32002 0 -1 0 0 0 32002 32002 0 0 0 0 0 0
WIT 6 275 276 266 261 278 0 0 0 0 32002 0 -1 0 0 0 32002 32002 0 0 0 0 0 0
WIT 9 275 276 259 242 182 0 0 0 0 276 0 -1 0 0 0 32002 32002 0 0 0 0 0 1372
WIT 9 275 276 256 239 239 360 1 0 0 277 0 -1 0 0 0 32002 32002 0 0 0 0 0 407
WIT 7 275 276 204 198 226 0 0 0 0 298 0 -1 0 0 0 32002 32002 0 0 0 0 0 1762
WIT 6 275 276 253 248 248 407 0 0 1 292 0 -1 0 0 0 32002 32002 0 0 0 0 0 129
WIT 6 275 276 248 243 276 407 0 0 0 32002 0 -1 0 0 0 32002 32002 0 0 0 0 0 0
WIT 6 275 276 252 247 247 1763 0 0 1 276 0 -1 0 0 0 32002 32002 0 0 0 0 0 407
WIT 6 275 276 322 317 317 1763 0 0 0 32002 0 -1 0 0 0 32002 32002 0 0 0 0 0 0
WIT 6 275 276 257 252 252 407 0 0 1 277 0 -1 0 0 0 32002 32002 0 0 0 0 0 129
WIT 6 275 276 229 224 224 407 0 0 1 269 1 1 49234 1 1 275 276 0 0 0 0 15 407
WIT 6 275 276 229 224 230 407 0 0 1 276 0 -1 0 0 0 32002 32002 0 0 0 0 0 129
WIT 6 275 276 229 224 252 407 0 0 1 276 0 -1 0 0 0 32002 32002 0 0 0 0 0 129
WIT 6 275 276 229 224 224 407 0 0 1 265 1 1 49638 1 1 275 299 0 0 0 0 17 407
WIT 6 275 276 220 215 227 407 0 0 1 276 0 -1 0 0 0 32002 32002 0 0 0 0 0 129
WIT 8 275 276 248 233 205 0 0 0 0 276 0 -1 0 0 0 32002 32002 0 0 0 0 0 49408
WIT 7 275 276 248 235 264 407 0 0 1 276 0 -1 0 0 0 32002 32002 0 0 0 0 0 49408
WIT 6 275 276 251 246 269 0 0 0 0 291 0 -1 0 0 0 32002 32002 0 0 0 0 0 360
WIT 6 275 276 248 243 265 1763 0 0 1 289 0 -1 0 0 0 32002 32002 0 0 0 0 0 49408
WIT 6 275 276 248 243 291 407 0 0 0 32002 0 -1 0 0 0 32002 32002 0 0 0 0 0 0
WIT 6 275 276 302 297 297 1763 0 0 0 32002 0 -1 0 0 0 32002 32002 0 0 0 0 0 0
WIT 6 275 276 308 303 345 1763 0 0 0 32002 0 -1 0 0 0 32002 32002 0 0 0 0 0 0
WIT 6 275 276 288 283 321 1763 0 0 0 32002 0 -1 0 0 0 32002 32002 0 0 0 0 0 0
WIT 6 275 276 257 252 264 0 0 0 0 292 0 -1 0 0 0 32002 32002 0 0 0 0 0 1762
WIT 6 279 280 229 224 278 405 0 0 1 311 0 -1 0 0 0 32002 32002 0 0 0 0 0 407
WIT 7 279 280 328 315 198 0 0 0 0 310 0 -1 0 0 0 32002 32002 0 0 0 0 0 407
WIT 7 279 280 312 306 306 407 0 0 0 32002 0 -1 0 0 0 32002 32002 0 0 0 0 0 0
WIT 7 279 280 309 296 280 0 0 0 0 306 0 -1 0 0 0 32002 32002 0 0 0 0 0 1372
WIT 8 279 280 316 301 255 0 0 0 0 280 0 -1 0 0 0 32002 32002 0 0 0 0 0 1510
WIT 8 279 280 307 300 262 0 0 0 0 280 0 -1 0 0 0 32002 32002 0 0 0 0 0 1372
WIT 7 279 280 307 294 275 0 0 0 0 280 0 -1 0 0 0 32002 32002 0 0 0 0 0 407
WIT 6 279 280 366 361 316 0 0 0 0 328 0 -1 0 0 0 32002 32002 0 0 0 0 0 1510
WIT 7 279 280 307 301 291 0 0 0 0 286 0 -1 0 0 0 32002 32002 0 0 0 0 0 407
WIT 7 279 280 230 224 252 0 0 0 0 270 0 -1 0 0 0 32002 32002 0 0 0 0 0 407
WIT 6 279 280 357 352 368 0 0 0 0 32002 0 -1 0 0 0 32002 32002 0 0 0 0 0 0
WIT 9 279 280 284 267 277 407 0 0 1 301 0 -1 0 0 0 32002 32002 0 0 0 0 0 49408
WIT 9 279 280 292 275 319 405 0 0 0 32002 0 -1 0 0 0 32002 32002 0 0 0 0 0 0
WIT 6 279 280 265 260 284 405 0 0 0 32002 0 -1 0 0 0 32002 32002 0 0 0 0 0 0
WIT 8 279 280 308 301 542 407 0 0 0 32002 0 -1 0 0 0 32002 32002 0 0 0 0 0 0
WIT 8 279 280 334 319 320 407 0 0 0 32002 0 -1 0 0 0 32002 32002 0 0 0 0 0 0
WIT 8 279 280 276 261 197 0 0 0 0 280 0 -1 0 0 0 32002 32002 0 0 0 0 0 1372
WIT 9 279 280 289 281 353 407 0 0 0 32002 0 -1 0 0 0 32002 32002 0 0 0 0 0 0
WIT 8 279 280 276 269 274 129 0 0 1 280 0 -1 0 0 0 32002 32002 0 0 0 0 0 407
WIT 9 279 280 276 259 270 1763 0 0 1 280 0 -1 0 0 0 32002 32002 0 0 0 0 0 49408
WIT 8 279 280 287 280 280 1763 0 0 0 32002 0 -1 0 0 0 32002 32002 0 0 0 0 0 0
WIT 7 279 280 276 263 272 407 0 0 1 291 0 -1 0 0 0 32002 32002 0 0 0 0 0 49408
WIT 7 279 280 288 282 300 0 0 0 0 32002 0 -1 0 0 0 32002 32002 0 0 0 0 0 0
WIT 6 -280 -279 -275 -280 -281 0 0 0 0 -280 0 -1 0 0 0 32002 32002 0 0 0 0 0 0
WIT 8 279 280 224 217 214 0 0 0 0 280 0 -1 0 0 0 32002 32002 0 0 0 0 0 1372
WIT 7 279 280 283 277 277 991 0 0 1 285 0 -1 0 0 0 32002 32002 0 0 0 0 0 407
WIT 6 279 280 229 224 224 1763 0 0 1 280 0 -1 0 0 0 32002 32002 0 0 0 0 0 407
WIT 7 279 280 276 263 251 0 0 0 0 280 0 -1 0 0 0 32002 32002 0 0 0 0 0 49408
WIT 7 279 280 307 294 297 407 0 0 0 32002 0 -1 0 0 0 32002 32002 0 0 0 0 0 0
WIT 6 279 280 248 243 249 1763 0 0 1 286 0 -1 0 0 0 32002 32002 0 0 0 0 0 49408
WIT 6 279 280 302 297 297 1763 0 0 0 32002 0 -1 0 0 0 32002 32002 0 0 0 0 0 0
WIT 6 279 280 289 284 284 49408 0 0 0 32002 0 -1 0 0 0 32002 32002 0 0 0 0 0 0
WIT 6 279 280 251 246 250 1763 0 0 1 340 0 -1 0 0 0 32002 32002 0 0 0 0 0 49408
WIT 6 279 280 220 215 229 1763 0 0 1 289 0 -1 0 0 0 32002 32002 0 0 0 0 0 49408
WIT 6 279 280 289 284 284 407 0 0 0 32002 0 -1 0 0 0 32002 32002 0 0 0 0 0 0
WIT 6 279 280 227 222 233 1763 0 0 1 280 0 -1 0 0 0 32002 32002 0 0 0 0 0 49408
WIT 6 279 280 265 260 301 1763 0 0 0 32002 0 -1 0 0 0 32002 32002 0 0 0 0 0 0
WIT 6 279 280 227 222 252 407 0 0 1 280 0 -1 0 0 0 32002 32002 0 0 0 0 0 49408
WIT 7 291 292 351 345 420 346 0 0 0 32002 0 -1 0 0 0 32002 32002 0 0 0 0 0 0
WIT 7 291 292 248 242 278 0 0 0 0 291 0 -1 0 0 0 32002 32002 0 0 0 0 0 405
WIT 7 291 292 306 300 303 405 0 0 0 32002 0 -1 0 0 0 32002 32002 0 0 0 0 0 0
WIT 7 268 292 298 292 243 0 0 0 0 303 0 -1 0 0 0 32002 32002 0 0 0 0 0 1372
WIT 9 291 292 303 286 291 407 0 0 1 306 0 -1 0 0 0 32002 32002 0 0 0 0 0 1372
WIT 8 291 292 280 273 329 0 0 0 0 32002 0 -1 0 0 0 32002 32002 0 0 0 0 0 0
WIT 6 291 292 335 330 287 0 0 0 0 356 0 -1 0 0 0 32002 32002 0 0 0 0 0 1510
WIT 9 291 292 296 288 199 0 0 0 0 321 0 -1 0 0 0 32002 32002 0 0 0 0 0 1372
WIT 10 291 292 280 261 261 1510 0 0 1 325 0 -1 0 0 0 32002 32002 0 0 0 0 0 1372
WIT 6 291 292 315 310 322 1827 1 0 0 32002 0 -1 0 0 0 32002 32002 0 0 0 0 0 0
WIT 6 291 292 291 286 313 0 0 0 0 32002 0 -1 0 0 0 32002 32002 0 0 0 0 0 0
WIT 8 291 292 280 265 254 0 0 0 0 292 0 -1 0 0 0 32002 32002 0 0 0 0 0 407
WIT 8 291 292 292 285 285 1827 1 0 0 292 0 -1 0 0 0 32002 32002 0 0 0 0 0 353
WIT 9 291 292 294 286 283 0 0 0 0 292 0 -1 0 0 0 32002 32002 0 0 0 0 0 1510
WIT 8 291 292 285 270 245 0 0 0 0 291 0 -1 0 0 0 32002 32002 0 0 0 0 0 1828
WIT 8 291 292 339 332 366 346 0 0 0 32002 0 -1 0 0 0 32002 32002 0 0 0 0 0 0
WIT 8 291 292 311 304 261 0 0 0 0 304 0 -1 0 0 0 32002 32002 0 0 0 0 0 1372
WIT 7 291 292 304 298 279 0 0 0 0 297 0 -1 0 0 0 32002 32002 0 0 0 0 0 407
WIT 6 -269 -268 -276 -281 -256 2851 1 0 0 32002 0 -1 0 0 0 32002 32002 0 0 0 0 0 0
WIT 8 -269 -268 -164 -171 -156 3827 0 0 0 32002 0 -1 0 0 0 32002 32002 0 0 0 0 0 0
WIT 8 -269 -268 -199 -206 -203 3699 0 1 0 32002 0 -1 0 0 0 32002 32002 0 0 0 0 0 0
WIT 7 -269 -268 -157 -170 -246 0 0 0 0 -250 0 -1 0 0 0 32002 32002 0 0 0 0 0 3819
WIT 7 -269 -268 -163 -176 -195 0 0 0 0 -261 0 -1 0 0 0 32002 32002 0 0 0 0 0 2258
WIT 9 -269 -268 -157 -165 -71 0 0 0 0 32002 0 -1 0 0 0 32002 32002 0 0 0 0 0 0
WIT 9 -269 -268 -187 -195 -154 0 0 0 0 32002 0 -1 0 0 0 32002 32002 0 0 0 0 0 0
WIT 9 -269 -268 -199 -216 -219 0 0 0 0 -268 0 -1 0 0 0 32002 32002 0 0 0 0 0 3363
WIT 8 -269 -268 -177 -184 -179 3827 0 0 0 32002 0 -1 0 0 0 32002 32002 0 0 0 0 0 0
WIT 6 -269 -268 -211 -216 -216 3699 0 1 0 32002 0 -1 0 0 0 32002 32002 0 0 0 0 0 0
WIT 8 -269 -268 -211 -226 -231 0 0 0 0 -268 0 -1 0 0 0 32002 32002 0 0 0 0 0 3365
WIT 7 268 292 280 274 201 0 0 0 0 268 0 -1 0 0 0 32002 32002 0 0 0 0 0 0
WIT 10 -269 -268 -208 -217 -212 3690 0 0 0 32002 0 -1 0 0 0 32002 32002 0 0 0 0 0 0
WIT 9 -269 -268 -203 -211 -211 3299 0 0 0 32002 0 -1 0 0 0 32002 32002 0 0 0 0 0 0
WIT 9 -269 -268 -206 -214 -214 3299 0 0 0 32002 0 -1 0 0 0 32002 32002 0 0 0 0 0 0
WIT 8 -269 -268 -181 -188 -188 3299 0 0 0 32002 0 -1 0 0 0 32002 32002 0 0 0 0 0 0
WIT 9 -269 -268 -197 -205 -205 3299 0 0 0 32002 0 -1 0 0 0 32002 32002 0 0 0 0 0 0
WIT 9 -269 -268 -211 -219 -224 0 0 0 0 -268 0 -1 0 0 0 32002 32002 0 0 0 0 0 53055
WIT 9 -269 -268 -206 -214 -186 2851 1 0 0 32002 0 -1 0 0 0 32002 32002 0 0 0 0 0 0
WIT 7 -253 -252 -74 -87 -99 0 0 0 0 -259 0 -1 0 0 0 32002 32002 0 0 0 0 0 0
WIT 9 267 268 316 308 308 991 0 0 0 32002 0 -1 0 0 0 32002 32002 0 0 0 0 0 0
WIT 8 -268 -252 -268 -275 -294 0 0 0 0 -281 0 -1 0 0 0 32002 32002 0 0 0 0 0 0
WIT 9 267 268 325 308 312 346 0 0 0 32002 0 -1 0 0 0 32002 32002 0 0 0 0 0 0
WIT 8 267 268 332 325 342 346 0 0 0 32002 0 -1 0 0 0 32002 32002 0 0 0 0 0 0
WIT 8 267 268 319 312 308 0 0 0 0 268 0 -1 0 0 0 32002 32002 0 0 0 0 0 405
WIT 7 267 268 309 303 303 407 0 0 0 32002 0 -1 0 0 0 32002 32002 0 0 0 0 0 0
WIT 6 267 268 306 301 303 405 0 0 0 32002 0 -1 0 0 0 32002 32002 0 0 0 0 0 0
WIT 11 267 268 301 280 194 0 0 0 0 268 0 -1 0 0 0 32002 32002 0 0 0 0 0 1372
WIT 11 267 268 304 283 283 407 0 0 0 32002 0 -1 0 0 0 32002 32002 0 0 0 0 0 0
WIT 9 267 268 246 238 283 991 0 0 0 32002 0 -1 0 0 0 32002 32002 0 0 0 0 0 0
WIT 6 267 268 269 264 286 129 0 0 0 32002 0 -1 0 0 0 32002 32002 0 0 0 0 0 0
WIT 10 267 268 292 273 270 0 0 0 0 268 0 -1 0 0 0 32002 32002 0 0 0 0 0 1828
WIT 8 267 268 304 297 317 1828 0 0 0 32002 0 -1 0 0 0 32002 32002 0 0 0 0 0 0
WIT 10 267 268 302 293 254 0 0 0 0 301 0 -1 0 0 0 32002 32002 0 0 0 0 0 1372
WIT 9 267 268 296 279 267 0 0 0 0 295 0 -1 0 0 0 32002 32002 0 0 0 0 0 407
WIT 6 267 268 211 206 246 346 0 0 1 308 0 -1 0 0 0 32002 32002 0 0 0 0 0 407
WIT 8 267 268 263 256 311 0 0 0 0 32002 0 -1 0 0 0 32002 32002 0 0 0 0 0 0
WIT 8 267 268 280 273 278 1827 1 0 0 32002 0 -1 0 0 0 32002 32002 0 0 0 0 0 0
WIT 9 -268 -252 -268 -276 -292 0 0 0 0 -268 0 -1 0 0 0 32002 32002 0 0 0 0 0 0
WIT 12 267 268 298 275 284 405 0 0 0 32002 0 -1 0 0 0 32002 32002 0 0 0 0 0 0
WIT 6 267 268 283 278 294 49408 0 0 0 32002 0 -1 0 0 0 32002 32002 0 0 0 0 0 0
WIT 6 267 268 264 259 306 49408 0 0 0 32002 0 -1 0 0 0 32002 32002 0 0 0 0 0 0
WIT 6 267 268 291 286 301 49408 0 0 0 32002 0 -1 0 0 0 32002 32002 0 0 0 0 0 0
WIT 12 267 268 280 257 237 0 0 0 0 268 0 -1 0 0 0 32002 32002 0 0 0 0 0 1372
WIT 9 267 268 240 232 337 991 0 0 0 32002 0 -1 0 0 0 32002 32002 0 0 0 0 0 0
WIT 7 267 268 346 340 388 991 0 0 0 32002 0 -1 0 0 0 32002 32002 0 0 0 0 0 0
WIT 8 267 268 240 233 331 991 0 0 0 32002 0 -1 0 0 0 32002 32002 0 0 0 0 0 0
WIT 11 267 268 280 259 199 0 0 0 0 268 0 -1 0 0 0 32002 32002 0 0 0 0 0 1372
WIT 10 267 268 325 306 311 346 0 0 0 32002 0 -1 0 0 0 32002 32002 0 0 0 0 0 0
WIT 6 267 268 321 316 372 353 0 0 0 32002 0 -1 0 0 0 32002 32002 0 0 0 0 0 0
WIT 10 267 268 318 299 211 0 0 0 0 285 0 -1 0 0 0 32002 32002 0 0 0 0 0 1372
WIT 10 267 268 322 303 303 1510 0 0 0 32002 0 -1 0 0 0 32002 32002 0 0 0 0 0 0
WIT 10 267 268 292 283 325 0 0 0 0 32002 0 -1 0 0 0 32002 32002 0 0 0 0 0 0
WIT 8 267 268 291 284 316 0 0 0 0 32002 0 -1 0 0 0 32002 32002 0 0 0 0 0 0
WIT 7 267 268 313 307 339 1501 0 0 0 32002 0 -1 0 0 0 32002 32002 0 0 0 0 0 0
WIT 6 267 268 292 287 306 0 0 0 0 32002 0 -1 0 0 0 32002 32002 0 0 0 0 0 0
WIT 9 267 268 292 275 271 0 0 0 0 268 0 -1 0 0 0 32002 32002 0 0 0 0 0 407
WIT 8 267 268 280 273 302 991 0 0 0 32002 0 -1 0 0 0 32002 32002 0 0 0 0 0 0
WIT 6 267 268 322 317 317 991 0 0 0 32002 0 -1 0 0 0 32002 32002 0 0 0 0 0 0
WIT 6 267 268 289 284 342 407 0 0 0 32002 0 -1 0 0 0 32002 32002 0 0 0 0 0 0
WIT 10 267 268 280 261 223 0 0 0 0 268 0 -1 0 0 0 32002 32002 0 0 0 0 0 49408
WIT 10 267 268 280 261 268 1763 0 0 0 32002 0 -1 0 0 0 32002 32002 0 0 0 0 0 0
WIT 10 267 268 280 261 299 1829 1 0 0 32002 0 -1 0 0 0 32002 32002 0 0 0 0 0 0
WIT 9 267 268 287 279 279 1763 0 0 0 32002 0 -1 0 0 0 32002 32002 0 0 0 0 0 0
WIT 8 267 268 289 274 274 407 0 0 0 32002 0 -1 0 0 0 32002 32002 0 0 0 0 0 0
WIT 8 267 268 302 295 295 1763 0 0 0 32002 0 -1 0 0 0 32002 32002 0 0 0 0 0 0
WIT 7 267 268 307 294 297 407 0 0 0 32002 0 -1 0 0 0 32002 32002 0 0 0 0 0 0
WIT 7 267 268 288 282 296 0 0 0 0 32002 0 -1 0 0 0 32002 32002 0 0 0 0 0 0
WIT 7 267 268 285 279 294 1763 0 0 0 32002 0 -1 0 0 0 32002 32002 0 0 0 0 0 0
WIT 7 267 268 374 368 428 49408 0 0 0 32002 0 -1 0 0 0 32002 32002 0 0 0 0 0 0
WIT 6 267 268 288 283 321 1763 0 0 0 32002 0 -1 0 0 0 32002 32002 0 0 0 0 0 0
WIT 6 267 268 308 303 345 1763 0 0 0 32002 0 -1 0 0 0 32002 32002 0 0 0 0 0 0
WIT 6 267 268 289 284 317 407 0 0 0 32002 0 -1 0 0 0 32002 32002 0 0 0 0 0 0
WIT 7 267 268 331 325 322 0 0 0 0 276 0 -1 0 0 0 32002 32002 0 0 0 0 0 49408
WIT 7 267 268 289 283 283 407 0 0 0 32002 0 -1 0 0 0 32002 32002 0 0 0 0 0 0
WIT 7 267 268 290 284 368 407 0 0 0 32002 0 -1 0 0 0 32002 32002 0 0 0 0 0 0
WIT 7 267 268 289 283 287 49408 0 0 0 32002 0 -1 0 0 0 32002 32002 0 0 0 0 0 0
WIT 7 267 268 287 281 304 1829 1 0 0 32002 0 -1 0 0 0 32002 32002 0 0 0 0 0 0
WIT 6 267 268 309 304 377 1763 0 0 0 32002 0 -1 0 0 0 32002 32002 0 0 0 0 0 0
WIT 6 267 268 339 334 394 1763 0 0 0 32002 0 -1 0 0 0 32002 32002 0 0 0 0 0 0
WIT 7 267 268 280 274 334 407 0 0 0 32002 0 -1 0 0 0 32002 32002 0 0 0 0 0 0
WIT 6 267 268 265 260 301 1763 0 0 0 32002 0 -1 0 0 0 32002 32002 0 0 0 0 0 0
WIT 7 267 268 280 274 330 407 0 0 0 32002 0 -1 0 0 0 32002 32002 0 0 0 0 0 0
WIT 9 -268 -252 -268 -276 -280 0 0 0 0 -268 0 -1 0 0 0 32002 32002 0 0 0 0 0 0
WIT 6 288 289 275 270 239 0 0 0 0 296 0 -1 0 0 0 32002 32002 0 0 0 0 0 1699
WIT 9 288 289 325 308 312 346 0 0 0 32002 0 -1 0 0 0 32002 32002 0 0 0 0 0 0
WIT 11 288 289 274 264 264 346 0 0 1 308 0 -1 0 0 0 32002 32002 0 0 0 0 0 1180
WIT 8 288 289 332 325 342 346 0 0 0 32002 0 -1 0 0 0 32002 32002 0 0 0 0 0 0
WIT 6 288 289 282 277 325 346 0 0 0 32002 0 -1 0 0 0 32002 32002 0 0 0 0 0 0
WIT 7 288 289 351 345 345 346 0 0 0 32002 0 -1 0 0 0 32002 32002 0 0 0 0 0 0
WIT 8 288 289 273 258 237 0 0 0 0 306 0 -1 0 0 0 32002 32002 0 0 0 0 0 407
WIT 7 288 289 268 255 255 1827 1 0 0 323 0 -1 0 0 0 32002 32002 0 0 0 0 0 405
WIT 6 288 289 306 301 309 405 0 0 0 32002 0 -1 0 0 0 32002 32002 0 0 0 0 0 0
WIT 8 288 289 268 253 187 0 0 0 0 298 0 -1 0 0 0 32002 32002 0 0 0 0 0 1372
WIT 6 288 289 288 283 336 1827 1 0 0 32002 0 -1 0 0 0 32002 32002 0 0 0 0 0 0
WIT 6 288 289 271 266 313 0 0 0 0 32002 0 -1 0 0 0 32002 32002 0 0 0 0 0 0
WIT 6 288 289 286 281 324 0 0 0 0 32002 0 -1 0 0 0 32002 32002 0 0 0 0 0 0
WIT 7 252 289 268 262 262 407 0 0 1 289 0 -1 0 0 0 32002 32002 0 0 0 0 0 49408
WIT 10 288 289 298 279 284 405 0 0 1 298 0 -1 0 0 0 32002 32002 0 0 0 0 0 49408
WIT 10 288 289 268 259 262 405 0 0 1 309 0 -1 0 0 0 32002 32002 0 0 0 0 0 49408
WIT 6 288 289 255 250 283 0 0 0 0 302 0 -1 0 0 0 32002 32002 0 0 0 0 0 1762
WIT 9 288 289 292 275 319 405 0 0 0 32002 0 -1 0 0 0 32002 32002 0 0 0 0 0 0
WIT 6 288 289 283 278 294 49408 0 0 0 32002 0 -1 0 0 0 32002 32002 0 0 0 0 0 0
WIT 6 288 289 291 286 302 49408 0 0 0 32002 0 -1 0 0 0 32002 32002 0 0 0 0 0 0
WIT 6 288 289 333 328 345 405 0 0 0 32002 0 -1 0 0 0 32002 32002 0 0 0 0 0 0
WIT 10 288 289 268 249 236 0 0 0 0 289 0 -1 0 0 0 32002 32002 0 0 0 0 0 1372
WIT 11 288 289 268 247 308 407 0 0 0 32002 0 -1 0 0 0 32002 32002 0 0 0 0 0 0
WIT 10 288 289 300 281 322 129 0 0 0 32002 0 -1 0 0 0 32002 32002 0 0 0 0 0 0
WIT 8 288 289 266 259 265 405 0 0 1 336 0 -1 0 0 0 32002 32002 0 0 0 0 0 1762
WIT 6 288 289 289 284 317 407 0 0 0 32002 0 -1 0 0 0 32002 32002 0 0 0 0 0 0
WIT 6 288 289 306 301 345 407 0 0 0 32002 0 -1 0 0 0 32002 32002 0 0 0 0 0 0
WIT 8 288 289 306 299 309 405 0 0 0 32002 0 -1 0 0 0 32002 32002 0 0 0 0 0 0
WIT 11 288 289 268 247 193 0 0 0 0 289 0 -1 0 0 0 32002 32002 0 0 0 0 0 1372
WIT 12 288 289 325 302 311 346 0 0 0 32002 0 -1 0 0 0 32002 32002 0 0 0 0 0 0
WIT 8 288 289 280 273 341 0 0 0 0 32002 0 -1 0 0 0 32002 32002 0 0 0 0 0 0
WIT 10 -289 -288 -288 -297 -277 3567 0 0 0 32002 0 -1 0 0 0 32002 32002 0 0 0 0 0 0
WIT 7 288 289 320 314 258 0 0 0 0 288 0 -1 0 0 0 32002 32002 0 0 0 0 0 0
WIT 12 288 289 283 260 189 0 0 0 0 288 0 -1 0 0 0 32002 32002 0 0 0 0 0 0
WIT 6 -289 -288 -221 -226 -243 0 0 0 0 -266 0 -1 0 0 0 32002 32002 0 0 0 0 0 3234
WIT 7 -289 -288 -230 -236 -228 2268 1 0 0 32002 0 -1 0 0 0 32002 32002 0 0 0 0 0 0
WIT 9 288 289 229 212 236 346 0 0 1 291 0 -1 0 0 0 32002 32002 0 0 0 0 0 407
WIT 6 288 289 252 247 286 196 0 0 1 325 0 -1 0 0 0 32002 32002 0 0 0 0 0 407
WIT 6 288 289 249 244 275 991 0 0 1 301 0 -1 0 0 0 32002 32002 0 0 0 0 0 407
WIT 11 288 289 268 247 246 0 0 0 0 288 0 -1 0 0 0 32002 32002 0 0 0 0 0 1827
WIT 11 288 289 288 278 279 1763 0 0 1 290 0 -1 0 0 0 32002 32002 0 0 0 0 0 991
WIT 8 288 289 280 273 302 991 0 0 0 32002 0 -1 0 0 0 32002 32002 0 0 0 0 0 0
WIT 7 288 289 257 244 244 360 1 0 0 295 0 -1 0 0 0 32002 32002 0 0 0 0 0 1372
WIT 7 288 289 258 252 277 0 0 0 0 286 0 -1 0 0 0 32002 32002 0 0 0 0 0 0
WIT 7 288 289 280 267 247 0 0 0 0 286 0 -1 0 0 0 32002 32002 0 0 0 0 0 0
WIT 8 288 289 280 273 -163 0 0 0 0 288 0 -1 0 0 0 32002 32002 0 0 0 0 0 0
WIT 7 -289 -288 -278 -284 -291 0 0 0 0 -279 0 -1 0 0 0 32002 32002 0 0 0 0 0 3909
WIT 9 -289 -288 -286 -303 -329 0 0 0 0 -288 0 -1 0 0 0 32002 32002 0 0 0 0 0 2396
WIT 7 -289 -288 -268 -274 -248 0 0 0 0 32002 0 -1 0 0 0 32002 32002 0 0 0 0 0 0
WIT 9 -289 -288 -286 -303 -305 0 0 0 0 -288 0 -1 0 0 0 32002 32002 0 0 0 0 0 2565
WIT 6 -289 -288 -228 -233 -236 0 0 0 0 -272 0 -1 0 0 0 32002 32002 0 0 0 0 0 2565
WIT 10 -289 -288 -211 -220 -222 0 0 0 0 -286 0 -1 0 0 0 32002 32002 0 0 0 0 0 2396
WIT 7 -289 -288 -196 -202 -168 0 0 0 0 32002 0 -1 0 0 0 32002 32002 0 0 0 0 0 0
WIT 6 -289 -288 -174 -179 -162 0 0 0 0 32002 0 -1 0 0 0 32002 32002 0 0 0 0 0 0
WIT 10 288 289 268 249 230 0 0 0 0 288 0 -1 0 0 0 32002 32002 0 0 0 0 0 0
WIT 8 -253 -252 -286 -301 -297 3176 0 0 1 -252 0 -1 0 0 0 32002 32002 0 0 0 0 0 2396
WIT 8 -253 -252 -225 -232 -195 0 0 0 0 32002 0 -1 0 0 0 32002 32002 0 0 0 0 0 0
WIT 6 -253 -252 -196 -201 -165 0 0 0 0 32002 0 -1 0 0 0 32002 32002 0 0 0 0 0 0
WIT 10 -253 -252 -208 -217 -216 3690 0 0 0 32002 0 -1 0 0 0 32002 32002 0 0 0 0 0 0
WIT 9 -253 -252 -200 -208 -177 3690 0 0 0 32002 0 -1 0 0 0 32002 32002 0 0 0 0 0 0
WIT 9 -253 -252 -181 -189 -189 3299 0 0 0 32002 0 -1 0 0 0 32002 32002 0 0 0 0 0 0
WIT 10 -253 -252 -206 -215 -186 2851 1 0 0 32002 0 -1 0 0 0 32002 32002 0 0 0 0 0 0
WIT 9 -253 -252 -197 -205 -205 3299 0 0 0 32002 0 -1 0 0 0 32002 32002 0 0 0 0 0 0
WIT 9 -253 -252 -268 -285 -279 3299 0 0 1 -252 0 -1 0 0 0 32002 32002 0 0 0 0 0 53055
WIT 8 -253 -252 -132 -139 -131 53055 0 0 0 32002 0 -1 0 0 0 32002 32002 0 0 0 0 0 0
WIT 7 -225 -224 -276 -282 -363 0 0 0 0 -211 0 -1 0 0 0 32002 32002 0 0 0 0 0 2724
WIT 6 -225 -224 -288 -293 -357 0 0 0 0 -225 0 -1 0 0 0 32002 32002 0 0 0 0 0 0
WIT 9 -252 -224 -288 -296 -291 2565 1 0 0 -224 0 -1 0 0 0 32002 32002 0 0 0 0 0 2396
WIT 8 224 225 225 218 192 0 0 0 0 226 0 -1 0 0 0 32002 32002 0 0 0 0 0 1372
WIT 7 251 252 239 233 226 0 0 0 0 257 0 -1 0 0 0 32002 32002 0 0 0 0 0 2023
WIT 6 -225 -224 -251 -256 -300 0 0 0 0 -245 0 -1 0 0 0 32002 32002 0 0 0 0 0 0
WIT 7 224 252 225 219 219 407 0 0 1 252 0 -1 0 0 0 32002 32002 0 0 0 0 0 991
WIT 10 251 252 295 286 297 1763 0 0 0 32002 0 -1 0 0 0 32002 32002 0 0 0 0 0 0
WIT 10 251 252 280 271 271 991 0 0 0 32002 0 -1 0 0 0 32002 32002 0 0 0 0 0 0
WIT 9 251 252 289 281 353 407 0 0 0 32002 0 -1 0 0 0 32002 32002 0 0 0 0 0 0
WIT 8 251 252 276 269 269 991 0 0 0 32002 0 -1 0 0 0 32002 32002 0 0 0 0 0 0
WIT 8 251 252 268 261 270 407 0 0 0 32002 0 -1 0 0 0 32002 32002 0 0 0 0 0 0
WIT 8 251 252 280 265 286 407 0 0 0 32002 0 -1 0 0 0 32002 32002 0 0 0 0 0 0
WIT 9 -252 -224 -288 -296 -297 0 0 0 0 -252 0 -1 0 0 0 32002 32002 0 0 0 0 0 0
WIT 6 -266 -265 -236 -241 -194 1813 1 0 0 32002 0 -1 0 0 0 32002 32002 0 0 0 0 0 0
WIT 12 251 252 297 274 274 405 0 0 0 32002 0 -1 0 0 0 32002 32002 0 0 0 0 0 0
WIT 10 251 252 261 252 324 405 0 0 0 32002 0 -1 0 0 0 32002 32002 0 0 0 0 0 0
WIT 11 251 252 307 297 322 405 0 0 0 32002 0 -1 0 0 0 32002 32002 0 0 0 0 0 0
WIT 8 251 252 315 308 334 49408 0 0 0 32002 0 -1 0 0 0 32002 32002 0 0 0 0 0 0
WIT 6 251 252 324 319 345 0 0 0 0 32002 0 -1 0 0 0 32002 32002 0 0 0 0 0 0
WIT 10 251 252 292 273 319 405 0 0 0 32002 0 -1 0 0 0 32002 32002 0 0 0 0 0 0
WIT 6 251 252 291 286 308 49408 0 0 0 32002 0 -1 0 0 0 32002 32002 0 0 0 0 0 0
WIT 6 251 252 283 278 294 49408 0 0 0 32002 0 -1 0 0 0 32002 32002 0 0 0 0 0 0
WIT 12 251 252 289 266 195 0 0 0 0 256 0 -1 0 0 0 32002 32002 0 0 0 0 0 1372
WIT 6 251 252 303 298 298 1501 0 0 0 32002 0 -1 0 0 0 32002 32002 0 0 0 0 0 0
WIT 8 251 252 294 279 279 1187 1 0 0 32002 0 -1 0 0 0 32002 32002 0 0 0 0 0 0
WIT 6 251 252 316 311 362 991 0 0 0 32002 0 -1 0 0 0 32002 32002 0 0 0 0 0 0
WIT 12 251 252 325 302 311 346 0 0 0 32002 0 -1 0 0 0 32002 32002 0 0 0 0 0 0
WIT 8 251 252 280 273 314 0 0 0 0 32002 0 -1 0 0 0 32002 32002 0 0 0 0 0 0
WIT 8 -252 -251 -220 -227 -232 0 0 0 0 -230 0 -1 0 0 0 32002 32002 0 0 0 0 0 3690
WIT 10 251 252 351 342 344 346 0 0 0 32002 0 -1 0 0 0 32002 32002 0 0 0 0 0 0
WIT 7 251 252 282 276 302 346 0 0 0 32002 0 -1 0 0 0 32002 32002 0 0 0 0 0 0
WIT 11 251 252 304 283 234 0 0 0 0 253 0 -1 0 0 0 32002 32002 0 0 0 0 0 407
WIT 11 251 252 298 288 303 405 0 0 0 32002 0 -1 0 0 0 32002 32002 0 0 0 0 0 0
WIT 6 -252 -251 -412 -417 -577 0 0 0 0 -322 0 -1 0 0 0 32002 32002 0 0 0 0 0 0
WIT 9 251 252 306 298 288 0 0 0 0 255 0 -1 0 0 0 32002 32002 0 0 0 0 0 353
WIT 7 251 252 268 262 262 1827 1 0 0 32002 0 -1 0 0 0 32002 32002 0 0 0 0 0 0
WIT 9 251 252 318 301 299 0 0 0 0 254 0 -1 0 0 0 32002 32002 0 0 0 0 0 405
WIT 6 251 252 309 304 304 1827 1 0 0 32002 0 -1 0 0 0 32002 32002 0 0 0 0 0 0
WIT 11 251 252 297 276 202 0 0 0 0 252 0 -1 0 0 0 32002 32002 0 0 0 0 0 1372
WIT 11 251 252 304 283 283 407 0 0 0 32002 0 -1 0 0 0 32002 32002 0 0 0 0 0 0
WIT 10 251 252 289 270 268 0 0 0 0 252 0 -1 0 0 0 32002 32002 0 0 0 0 0 49408
WIT 10 251 252 280 261 303 1829 1 0 0 32002 0 -1 0 0 0 32002 32002 0 0 0 0 0 0
WIT 9 251 252 289 272 315 407 0 0 0 32002 0 -1 0 0 0 32002 32002 0 0 0 0 0 0
WIT 8 251 252 289 282 287 49408 0 0 0 32002 0 -1 0 0 0 32002 32002 0 0 0 0 0 0
WIT 6 251 252 218 213 198 0 0 0 0 362 0 -1 0 0 0 32002 32002 0 0 0 0 0 1372
WIT 8 251 252 288 281 296 0 0 0 0 32002 0 -1 0 0 0 32002 32002 0 0 0 0 0 0
WIT 7 251 252 285 279 296 407 0 0 0 32002 0 -1 0 0 0 32002 32002 0 0 0 0 0 0
WIT 7 251 252 374 368 428 49408 0 0 0 32002 0 -1 0 0 0 32002 32002 0 0 0 0 0 0
WIT 6 251 252 288 283 294 407 0 0 0 32002 0 -1 0 0 0 32002 32002 0 0 0 0 0 0
WIT 6 251 252 308 303 309 407 0 0 0 32002 0 -1 0 0 0 32002 32002 0 0 0 0 0 0
WIT 7 251 252 302 296 311 407 0 0 0 32002 0 -1 0 0 0 32002 32002 0 0 0 0 0 0
WIT 7 251 252 287 281 282 1763 0 0 0 32002 0 -1 0 0 0 32002 32002 0 0 0 0 0 0
WIT 7 251 252 289 283 285 407 0 0 0 32002 0 -1 0 0 0 32002 32002 0 0 0 0 0 0
WIT 6 251 252 290 285 299 1763 0 0 0 32002 0 -1 0 0 0 32002 32002 0 0 0 0 0 0
WIT 7 251 252 287 281 281 407 0 0 0 32002 0 -1 0 0 0 32002 32002 0 0 0 0 0 0
WIT 6 251 252 309 304 380 1763 0 0 0 32002 0 -1 0 0 0 32002 32002 0 0 0 0 0 0
WIT 6 251 252 339 334 394 1763 0 0 0 32002 0 -1 0 0 0 32002 32002 0 0 0 0 0 0
WIT 7 251 252 280 274 286 1763 0 0 0 32002 0 -1 0 0 0 32002 32002 0 0 0 0 0 0
WIT 7 251 252 280 274 287 1763 0 0 0 32002 0 -1 0 0 0 32002 32002 0 0 0 0 0 0
WIT 6 251 252 265 260 301 1763 0 0 0 32002 0 -1 0 0 0 32002 32002 0 0 0 0 0 0
WIT 9 -252 -224 -252 -260 -289 0 0 0 0 -252 0 -1 0 0 0 32002 32002 0 0 0 0 0 0
WIT 7 224 290 252 246 242 0 0 0 0 291 0 -1 0 0 0 32002 32002 0 0 0 0 0 360
WIT 10 289 290 294 285 298 405 0 0 0 32002 0 -1 0 0 0 32002 32002 0 0 0 0 0 0
WIT 12 289 290 268 245 308 407 0 0 0 32002 0 -1 0 0 0 32002 32002 0 0 0 0 0 0
WIT 9 289 290 330 322 322 405 0 0 0 32002 0 -1 0 0 0 32002 32002 0 0 0 0 0 0
WIT 6 289 290 308 303 516 407 0 0 0 32002 0 -1 0 0 0 32002 32002 0 0 0 0 0 0
WIT 7 289 290 306 300 309 405 0 0 0 32002 0 -1 0 0 0 32002 32002 0 0 0 0 0 0
WIT 10 289 290 289 270 205 0 0 0 0 290 0 -1 0 0 0 32002 32002 0 0 0 0 0 1372
WIT 9 289 290 295 287 297 1763 0 0 0 32002 0 -1 0 0 0 32002 32002 0 0 0 0 0 0
WIT 8 289 290 289 274 278 407 0 0 1 290 0 -1 0 0 0 32002 32002 0 0 0 0 0 1827
WIT 7 289 290 276 270 270 991 0 0 1 302 0 -1 0 0 0 32002 32002 0 0 0 0 0 407
WIT 8 289 290 280 273 275 129 0 0 1 317 0 -1 0 0 0 32002 32002 0 0 0 0 0 407
WIT 8 289 290 280 265 286 407 0 0 1 299 0 -1 0 0 0 32002 32002 0 0 0 0 0 129
WIT 7 224 290 252 246 231 0 0 0 0 290 0 -1 0 0 0 32002 32002 0 0 0 0 0 49408
WIT 10 289 290 297 278 282 405 0 0 1 293 0 -1 0 0 0 32002 32002 0 0 0 0 0 49408
WIT 10 289 290 261 252 252 405 0 0 1 290 0 -1 0 0 0 32002 32002 0 0 0 0 0 1762
WIT 8 289 290 324 317 349 0 0 0 0 32002 0 -1 0 0 0 32002 32002 0 0 0 0 0 0
WIT 7 289 290 315 309 334 49408 0 0 0 32002 0 -1 0 0 0 32002 32002 0 0 0 0 0 0
WIT 6 289 290 283 278 294 49408 0 0 0 32002 0 -1 0 0 0 32002 32002 0 0 0 0 0 0
WIT 6 289 290 312 307 322 49408 0 0 0 32002 0 -1 0 0 0 32002 32002 0 0 0 0 0 0
WIT 10 289 290 255 236 234 0 0 0 0 290 0 -1 0 0 0 32002 32002 0 0 0 0 0 1372
WIT 10 289 290 252 233 233 1827 1 0 0 287 0 -1 0 0 0 32002 32002 0 0 0 0 0 0
WIT 10 289 290 253 244 244 353 0 0 1 315 0 -1 0 0 0 32002 32002 0 0 0 0 0 346
WIT 8 289 290 351 344 420 346 0 0 0 32002 0 -1 0 0 0 32002 32002 0 0 0 0 0 0
WIT 6 289 290 380 375 438 353 0 0 0 32002 0 -1 0 0 0 32002 32002 0 0 0 0 0 0
WIT 7 289 290 252 239 223 0 0 0 0 306 0 -1 0 0 0 32002 32002 0 0 0 0 0 407
WIT 6 289 290 255 250 254 1382 0 0 1 377 0 -1 0 0 0 32002 32002 0 0 0 0 0 1380
WIT 7 289 290 252 239 215 0 0 0 0 298 0 -1 0 0 0 32002 32002 0 0 0 0 0 1372
WIT 6 289 290 271 266 309 0 0 0 0 32002 0 -1 0 0 0 32002 32002 0 0 0 0 0 0
WIT 6 289 290 286 281 320 0 0 0 0 32002 0 -1 0 0 0 32002 32002 0 0 0 0 0 0
WIT 10 289 290 280 271 270 0 0 0 0 290 0 -1 0 0 0 32002 32002 0 0 0 0 0 991
WIT 6 289 290 240 235 321 991 0 0 0 32002 0 -1 0 0 0 32002 32002 0 0 0 0 0 0
WIT 9 289 290 280 272 270 0 0 0 0 290 0 -1 0 0 0 32002 32002 0 0 0 0 0 405
WIT 6 289 290 346 341 383 991 0 0 0 32002 0 -1 0 0 0 32002 32002 0 0 0 0 0 0
WIT 9 289 290 280 263 244 0 0 0 0 290 0 -1 0 0 0 32002 32002 0 0 0 0 0 1372
WIT 9 289 290 284 276 280 991 0 0 1 256 1 1 44757 1 1 289 290 0 0 0 0 65 991
WIT 7 289 290 289 283 283 129 0 0 1 290 0 -1 0 0 0 32002 32002 0 0 0 0 0 991
WIT 7 289 290 317 311 321 991 0 0 0 32002 0 -1 0 0 0 32002 32002 0 0 0 0 0 0
WIT 8 289 290 280 265 254 0 0 0 0 290 0 -1 0 0 0 32002 32002 0 0 0 0 0 49408
WIT 8 289 290 289 274 296 991 0 0 0 32002 0 -1 0 0 0 32002 32002 0 0 0 0 0 0
WIT 7 289 290 241 235 278 991 0 0 1 344 0 -1 0 0 0 32002 32002 0 0 0 0 0 405
WIT 9 289 290 348 331 283 0 0 0 0 290 0 -1 0 0 0 32002 32002 0 0 0 0 0 1372
WIT 9 289 290 300 292 292 991 0 0 0 32002 0 -1 0 0 0 32002 32002 0 0 0 0 0 0
WIT 8 289 290 273 258 255 0 0 0 0 290 0 -1 0 0 0 32002 32002 0 0 0 0 0 49408
WIT 8 289 290 288 281 290 0 0 0 0 32002 0 -1 0 0 0 32002 32002 0 0 0 0 0 0
WIT 8 289 290 302 295 295 1763 0 0 0 32002 0 -1 0 0 0 32002 32002 0 0 0 0 0 0
WIT 8 289 290 282 275 294 0 0 0 0 32002 0 -1 0 0 0 32002 32002 0 0 0 0 0 0
WIT 7 289 290 275 262 262 1763 0 0 1 290 0 -1 0 0 0 32002 32002 0 0 0 0 0 49408
WIT 7 289 290 374 368 428 49408 0 0 0 32002 0 -1 0 0 0 32002 32002 0 0 0 0 0 0
WIT 7 289 290 285 279 294 1763 0 0 0 32002 0 -1 0 0 0 32002 32002 0 0 0 0 0 0
WIT 7 289 290 288 282 305 1763 0 0 0 32002 0 -1 0 0 0 32002 32002 0 0 0 0 0 0
WIT 7 289 290 308 302 345 1763 0 0 0 32002 0 -1 0 0 0 32002 32002 0 0 0 0 0 0
WIT 7 289 290 289 283 287 49408 0 0 1 292 0 -1 0 0 0 32002 32002 0 0 0 0 0 1762
WIT 7 289 290 289 283 280 0 0 0 0 300 0 -1 0 0 0 32002 32002 0 0 0 0 0 49408
WIT 7 289 290 290 284 341 991 0 0 0 32002 0 -1 0 0 0 32002 32002 0 0 0 0 0 0
WIT 7 289 290 287 281 282 1763 0 0 1 291 0 -1 0 0 0 32002 32002 0 0 0 0 0 49408
WIT 7 289 290 287 281 277 0 0 0 0 290 0 -1 0 0 0 32002 32002 0 0 0 0 0 49408
WIT 8 289 290 280 265 269 1763 0 0 1 290 0 -1 0 0 0 32002 32002 0 0 0 0 0 49408
WIT 7 289 290 280 274 286 1763 0 0 1 290 0 -1 0 0 0 32002 32002 0 0 0 0 0 49408
WIT 7 289 290 280 274 292 1763 0 0 0 32002 0 -1 0 0 0 32002 32002 0 0 0 0 0 0
WIT 7 289 290 265 259 306 1763 0 0 0 32002 0 -1 0 0 0 32002 32002 0 0 0 0 0 0
WIT 9 284 285 295 287 299 1763 0 0 0 32002 0 -1 0 0 0 32002 32002 0 0 0 0 0 0
WIT 8 284 285 300 293 293 991 0 0 0 32002 0 -1 0 0 0 32002 32002 0 0 0 0 0 0
WIT 7 284 285 276 270 270 1763 0 0 1 287 0 -1 0 0 0 32002 32002 0 0 0 0 0 991
WIT 7 284 285 268 262 262 1763 0 0 1 285 0 -1 0 0 0 32002 32002 0 0 0 0 0 129
WIT 7 284 285 289 283 283 991 0 0 1 285 0 -1 0 0 0 32002 32002 0 0 0 0 0 129
WIT 7 284 285 322 316 316 1763 0 0 0 32002 0 -1 0 0 0 32002 32002 0 0 0 0 0 0
WIT 7 284 285 276 270 270 991 0 0 1 285 0 -1 0 0 0 32002 32002 0 0 0 0 0 129
WIT 7 284 285 276 270 270 991 0 0 1 285 0 -1 0 0 0 32002 32002 0 0 0 0 0 129
WIT 7 284 285 276 270 304 991 0 0 0 32002 0 -1 0 0 0 32002 32002 0 0 0 0 0 0
WIT 7 284 285 276 270 270 991 0 0 1 287 0 -1 0 0 0 32002 32002 0 0 0 0 0 129
WIT 7 284 285 290 284 285 129 0 0 0 32002 0 -1 0 0 0 32002 32002 0 0 0 0 0 0
WIT 7 284 285 220 214 258 991 0 0 1 285 0 -1 0 0 0 32002 32002 0 0 0 0 0 129
WIT 6 284 285 295 290 351 991 0 0 0 32002 0 -1 0 0 0 32002 32002 0 0 0 0 0 0
WIT 11 284 285 274 253 253 407 0 0 1 294 0 -1 0 0 0 32002 32002 0 0 0 0 0 1827
WIT 11 284 285 325 304 311 346 0 0 0 32002 0 -1 0 0 0 32002 32002 0 0 0 0 0 0
WIT 8 284 285 254 247 247 196 0 0 1 395 0 -1 0 0 0 32002 32002 0 0 0 0 0 452
WIT 7 284 285 312 306 298 0 0 0 0 314 0 -1 0 0 0 32002 32002 0 0 0 0 0 346
WIT 6 284 285 287 282 332 1510 0 0 0 32002 0 -1 0 0 0 32002 32002 0 0 0 0 0 0
WIT 6 284 285 335 330 361 346 0 0 0 32002 0 -1 0 0 0 32002 32002 0 0 0 0 0 0
WIT 10 284 285 304 285 235 0 0 0 0 285 0 -1 0 0 0 32002 32002 0 0 0 0 0 407
WIT 10 284 285 298 289 302 405 0 0 0 32002 0 -1 0 0 0 32002 32002 0 0 0 0 0 0
WIT 8 284 285 306 291 291 1827 1 0 0 32002 0 -1 0 0 0 32002 32002 0 0 0 0 0 0
WIT 6 284 285 306 301 309 405 0 0 0 32002 0 -1 0 0 0 32002 32002 0 0 0 0 0 0
WIT 10 284 285 297 278 206 0 0 0 0 285 0 -1 0 0 0 32002 32002 0 0 0 0 0 1372
WIT 9 284 285 304 287 288 407 0 0 0 32002 0 -1 0 0 0 32002 32002 0 0 0 0 0 0
WIT 6 284 285 271 266 314 0 0 0 0 32002 0 -1 0 0 0 32002 32002 0 0 0 0 0 0
WIT 6 -269 -268 -234 -239 -193 1813 1 0 0 32002 0 -1 0 0 0 32002 32002 0 0 0 0 0 0
WIT 11 284 285 292 271 281 405 0 0 1 285 0 -1 0 0 0 32002 32002 0 0 0 0 0 49408
WIT 10 284 285 292 273 319 405 0 0 0 32002 0 -1 0 0 0 32002 32002 0 0 0 0 0 0
WIT 11 284 285 290 269 197 0 0 0 0 285 0 -1 0 0 0 32002 32002 0 0 0 0 0 1372
WIT 10 284 285 290 271 271 1763 0 0 1 290 0 -1 0 0 0 32002 32002 0 0 0 0 0 49408
WIT 10 284 285 290 271 287 407 0 0 0 32002 0 -1 0 0 0 32002 32002 0 0 0 0 0 0
WIT 9 284 285 298 281 281 407 0 0 1 300 0 -1 0 0 0 32002 32002 0 0 0 0 0 49408
WIT 10 284 285 290 271 283 991 0 0 1 290 0 -1 0 0 0 32002 32002 0 0 0 0 0 49408
WIT 9 284 285 282 274 273 0 0 0 0 304 0 -1 0 0 0 32002 32002 0 0 0 0 0 353
WIT 9 284 285 290 273 276 407 0 0 1 286 0 -1 0 0 0 32002 32002 0 0 0 0 0 49408
WIT 10 284 285 289 270 314 407 0 0 0 32002 0 -1 0 0 0 32002 32002 0 0 0 0 0 0
WIT 9 284 285 374 366 366 49408 0 0 0 32002 0 -1 0 0 0 32002 32002 0 0 0 0 0 0
WIT 9 284 285 285 277 281 346 0 0 1 285 0 -1 0 0 0 32002 32002 0 0 0 0 0 49408
WIT 9 284 285 288 280 320 528 0 0 0 32002 0 -1 0 0 0 32002 32002 0 0 0 0 0 0
WIT 9 284 285 308 300 348 1763 0 0 0 32002 0 -1 0 0 0 32002 32002 0 0 0 0 0 0
WIT 9 284 285 290 282 302 1763 0 0 0 32002 0 -1 0 0 0 32002 32002 0 0 0 0 0 0
WIT 9 284 285 302 294 294 1763 0 0 0 32002 0 -1 0 0 0 32002 32002 0 0 0 0 0 0
WIT 9 284 285 290 282 282 1763 0 0 1 286 0 -1 0 0 0 32002 32002 0 0 0 0 0 49408
WIT 9 284 285 290 282 282 1763 0 0 1 285 0 -1 0 0 0 32002 32002 0 0 0 0 0 49408
WIT 9 284 285 280 272 293 1763 0 0 0 32002 0 -1 0 0 0 32002 32002 0 0 0 0 0 0
WIT 10 284 285 298 279 301 407 0 0 0 32002 0 -1 0 0 0 32002 32002 0 0 0 0 0 0
WIT 7 284 285 268 255 304 407 0 0 0 32002 0 -1 0 0 0 32002 32002 0 0 0 0 0 0
WIT 7 284 285 323 310 279 0 0 0 0 287 0 -1 0 0 0 32002 32002 0 0 0 0 0 1372
WIT 9 284 285 290 273 269 0 0 0 0 285 0 -1 0 0 0 32002 32002 0 0 0 0 0 49408
WIT 8 284 285 265 258 306 1763 0 0 0 32002 0 -1 0 0 0 32002 32002 0 0 0 0 0 0
WIT 7 273 297 300 294 280 0 0 0 0 297 0 -1 0 0 0 32002 32002 0 0 0 0 0 2284
WIT 6 296 297 325 320 427 332 1 0 0 32002 0 -1 0 0 0 32002 32002 0 0 0 0 0 0
WIT 7 296 297 305 299 308 991 0 0 0 32002 0 -1 0 0 0 32002 32002 0 0 0 0 0 0
WIT 9 296 297 295 278 222 0 0 0 0 297 0 -1 0 0 0 32002 32002 0 0 0 0 0 1827
WIT 8 296 297 314 307 344 0 0 0 0 32002 0 -1 0 0 0 32002 32002 0 0 0 0 0 0
WIT 9 296 297 285 277 297 1828 0 0 0 32002 0 -1 0 0 0 32002 32002 0 0 0 0 0 0
WIT 8 296 297 285 278 304 0 0 0 0 32002 0 -1 0 0 0 32002 32002 0 0 0 0 0 0
WIT 7 296 297 319 313 339 0 0 0 0 32002 0 -1 0 0 0 32002 32002 0 0 0 0 0 0
WIT 7 296 297 306 300 329 0 0 0 0 32002 0 -1 0 0 0 32002 32002 0 0 0 0 0 0
WIT 7 296 297 308 302 340 0 0 0 0 32002 0 -1 0 0 0 32002 32002 0 0 0 0 0 0
WIT 7 296 297 327 321 342 0 0 0 0 32002 0 -1 0 0 0 32002 32002 0 0 0 0 0 0
WIT 7 296 297 286 280 302 0 0 0 0 32002 0 -1 0 0 0 32002 32002 0 0 0 0 0 0
WIT 6 296 297 301 296 268 0 0 0 0 284 0 -1 0 0 0 32002 32002 0 0 0 0 0 1829
WIT 7 296 297 298 292 281 0 0 0 0 332 0 -1 0 0 0 32002 32002 0 0 0 0 0 991
WIT 9 273 297 285 277 277 129 0 0 1 297 0 -1 0 0 0 32002 32002 0 0 0 0 0 1763
WIT 11 296 297 294 284 303 405 0 0 0 32002 0 -1 0 0 0 32002 32002 0 0 0 0 0 0
WIT 9 296 297 268 251 279 991 0 0 1 365 0 -1 0 0 0 32002 32002 0 0 0 0 0 405
WIT 7 296 297 330 324 324 405 0 0 0 32002 0 -1 0 0 0 32002 32002 0 0 0 0 0 0
WIT 6 296 297 300 295 335 991 0 0 0 32002 0 -1 0 0 0 32002 32002 0 0 0 0 0 0
WIT 6 296 297 289 284 300 991 0 0 0 32002 0 -1 0 0 0 32002 32002 0 0 0 0 0 0
WIT 6 296 297 308 303 331 991 0 0 0 32002 0 -1 0 0 0 32002 32002 0 0 0 0 0 0
WIT 6 296 297 310 305 338 991 0 0 0 32002 0 -1 0 0 0 32002 32002 0 0 0 0 0 0
WIT 7 296 297 306 300 309 405 0 0 0 32002 0 -1 0 0 0 32002 32002 0 0 0 0 0 0
WIT 12 296 297 290 267 203 0 0 0 0 300 0 -1 0 0 0 32002 32002 0 0 0 0 0 1372
WIT 6 296 297 327 322 406 2023 0 0 0 32002 0 -1 0 0 0 32002 32002 0 0 0 0 0 0
WIT 7 296 297 278 272 284 2543 0 0 1 323 0 -1 0 0 0 32002 32002 0 0 0 0 0 1372
WIT 8 296 297 292 277 277 129 0 0 1 297 0 -1 0 0 0 32002 32002 0 0 0 0 0 407
WIT 7 296 297 276 270 276 407 0 0 1 323 0 -1 0 0 0 32002 32002 0 0 0 0 0 2023
WIT 8 296 297 302 295 322 0 0 0 0 32002 0 -1 0 0 0 32002 32002 0 0 0 0 0 0
WIT 7 296 297 304 298 313 407 0 0 0 32002 0 -1 0 0 0 32002 32002 0 0 0 0 0 0
WIT 7 296 297 252 246 246 407 0 0 1 318 0 -1 0 0 0 32002 32002 0 0 0 0 0 2023
WIT 12 296 297 285 262 259 0 0 0 0 297 0 -1 0 0 0 32002 32002 0 0 0 0 0 991
WIT 12 296 297 285 262 261 0 0 0 0 297 0 -1 0 0 0 32002 32002 0 0 0 0 0 360
WIT 10 296 297 300 291 291 991 0 0 1 307 0 -1 0 0 0 32002 32002 0 0 0 0 0 407
WIT 10 296 297 359 350 349 0 0 0 0 377 0 -1 0 0 0 32002 32002 0 0 0 0 0 353
WIT 9 296 297 295 287 299 1763 0 0 0 32002 0 -1 0 0 0 32002 32002 0 0 0 0 0 0
WIT 8 296 297 286 279 279 407 0 0 1 297 0 -1 0 0 0 32002 32002 0 0 0 0 0 991
WIT 8 296 297 298 283 284 991 0 0 1 299 0 -1 0 0 0 32002 32002 0 0 0 0 0 129
WIT 8 296 297 420 413 432 991 0 0 0 32002 0 -1 0 0 0 32002 32002 0 0 0 0 0 0
WIT 8 296 297 285 278 307 991 0 0 0 32002 0 -1 0 0 0 32002 32002 0 0 0 0 0 0
WIT 6 296 297 220 215 222 129 0 0 1 292 1 2 21487 0 0 32002 32002 1 0 10 0 0 991
WIT 8 296 297 314 307 325 991 0 0 0 32002 0 -1 0 0 0 32002 32002 0 0 0 0 0 0
WIT 8 296 297 285 278 278 407 0 0 1 292 1 1 16167 1 1 296 306 0 0 0 0 21 407
WIT 7 296 297 290 277 280 407 0 0 1 297 0 -1 0 0 0 32002 32002 0 0 0 0 0 1827
WIT 8 296 297 285 278 278 407 0 0 1 297 0 -1 0 0 0 32002 32002 0 0 0 0 0 129
WIT 7 296 297 290 284 284 1763 0 0 1 297 0 -1 0 0 0 32002 32002 0 0 0 0 0 991
WIT 8 296 297 322 315 315 1763 0 0 0 32002 0 -1 0 0 0 32002 32002 0 0 0 0 0 0
WIT 8 296 297 276 269 304 991 0 0 0 32002 0 -1 0 0 0 32002 32002 0 0 0 0 0 0
WIT 7 296 297 285 279 288 1763 0 0 1 292 1 2 8400 0 0 32002 32002 1 0 15 0 0 991
WIT 8 296 297 286 279 279 991 0 0 1 297 0 -1 0 0 0 32002 32002 0 0 0 0 0 129
WIT 8 296 297 285 278 289 991 0 0 1 297 0 -1 0 0 0 32002 32002 0 0 0 0 0 129
WIT 9 273 297 285 277 252 0 0 0 0 297 0 -1 0 0 0 32002 32002 0 0 0 0 0 49408
WIT 6 -262 -261 -234 -239 -193 1813 1 0 0 32002 0 -1 0 0 0 32002 32002 0 0 0 0 0 0
WIT 8 296 297 362 355 368 353 0 0 0 32002 0 -1 0 0 0 32002 32002 0 0 0 0 0 0
WIT 7 296 297 335 329 358 346 0 0 0 32002 0 -1 0 0 0 32002 32002 0 0 0 0 0 0
WIT 6 296 297 285 280 358 346 0 0 0 32002 0 -1 0 0 0 32002 32002 0 0 0 0 0 0
WIT 7 296 297 285 272 235 0 0 0 0 297 0 -1 0 0 0 32002 32002 0 0 0 0 0 407
WIT 7 296 297 306 300 309 405 0 0 0 32002 0 -1 0 0 0 32002 32002 0 0 0 0 0 0
WIT 6 296 297 268 263 331 0 0 0 0 32002 0 -1 0 0 0 32002 32002 0 0 0 0 0 0
WIT 12 296 297 285 262 280 405 0 0 1 297 0 -1 0 0 0 32002 32002 0 0 0 0 0 49408
WIT 6 296 297 345 340 342 405 0 0 0 32002 0 -1 0 0 0 32002 32002 0 0 0 0 0 0
WIT 11 296 297 290 280 293 405 0 0 1 297 0 -1 0 0 0 32002 32002 0 0 0 0 0 1762
WIT 12 296 297 292 269 314 405 0 0 0 32002 0 -1 0 0 0 32002 32002 0 0 0 0 0 0
WIT 7 296 297 289 283 382 49408 0 0 0 32002 0 -1 0 0 0 32002 32002 0 0 0 0 0 0
WIT 8 296 297 324 317 350 0 0 0 0 32002 0 -1 0 0 0 32002 32002 0 0 0 0 0 0
WIT 7 296 297 335 329 329 49408 0 0 0 32002 0 -1 0 0 0 32002 32002 0 0 0 0 0 0
WIT 7 296 297 289 283 295 49408 0 0 1 336 0 -1 0 0 0 32002 32002 0 0 0 0 0 405
WIT 6 296 297 293 288 289 49408 0 0 1 300 0 -1 0 0 0 32002 32002 0 0 0 0 0 405
WIT 7 296 297 307 301 321 405 0 0 0 32002 0 -1 0 0 0 32002 32002 0 0 0 0 0 0
WIT 6 296 297 296 291 333 405 0 0 0 32002 0 -1 0 0 0 32002 32002 0 0 0 0 0 0
WIT 6 296 297 312 307 322 49408 0 0 0 32002 0 -1 0 0 0 32002 32002 0 0 0 0 0 0
WIT 6 296 297 312 307 322 49408 0 0 0 32002 0 -1 0 0 0 32002 32002 0 0 0 0 0 0
WIT 12 296 297 285 262 204 0 0 0 0 297 0 -1 0 0 0 32002 32002 0 0 0 0 0 1372
WIT 11 296 297 358 337 365 407 0 0 0 32002 0 -1 0 0 0 32002 32002 0 0 0 0 0 0
WIT 9 296 297 290 273 303 991 0 0 0 32002 0 -1 0 0 0 32002 32002 0 0 0 0 0 0
WIT 7 296 297 309 296 301 407 0 0 0 32002 0 -1 0 0 0 32002 32002 0 0 0 0 0 0
WIT 10 296 297 232 223 205 0 0 0 0 314 0 -1 0 0 0 32002 32002 0 0 0 0 0 1372
WIT 6 -297 -296 -289 -294 -398 0 0 0 0 -296 0 -1 0 0 0 32002 32002 0 0 0 0 0 2268
WIT 12 296 297 285 262 259 0 0 0 0 296 0 -1 0 0 0 32002 32002 0 0 0 0 0 0
WIT 8 -274 -273 -296 -311 -305 3112 0 0 1 -270 0 -1 0 0 0 32002 32002 0 0 0 0 0 2396
WIT 7 -274 -273 -256 -262 -267 0 0 0 0 -272 0 -1 0 0 0 32002 32002 0 0 0 0 0 3112
WIT 7 -274 -273 -291 -297 -363 0 0 0 0 -249 0 -1 0 0 0 32002 32002 0 0 0 0 0 2724
WIT 8 -274 -273 -292 -307 -307 3112 0 0 1 -277 1 1 8932 1 1 -274 -273 0 0 0 0 59 3112
WIT 8 -274 -273 -292 -307 -308 0 0 0 0 -273 0 -1 0 0 0 32002 32002 0 0 0 0 0 2396
WIT 6 -274 -273 -256 -261 -207 0 0 0 0 32002 0 -1 0 0 0 32002 32002 0 0 0 0 0 0
WIT 7 -297 -273 -296 -302 -294 3299 0 0 1 -273 0 -1 0 0 0 32002 32002 0 0 0 0 0 53055
WIT 8 -274 -273 -228 -235 -210 0 0 0 0 32002 0 -1 0 0 0 32002 32002 0 0 0 0 0 0
WIT 10 -274 -273 -290 -309 -359 0 0 0 0 -273 0 -1 0 0 0 32002 32002 0 0 0 0 0 2724
WIT 8 -274 -273 -275 -282 -241 0 0 0 0 32002 0 -1 0 0 0 32002 32002 0 0 0 0 0 0
WIT 8 -274 -273 -296 -303 -265 0 0 0 0 32002 0 -1 0 0 0 32002 32002 0 0 0 0 0 0
WIT 12 -274 -273 -206 -217 -145 53055 0 0 0 32002 0 -1 0 0 0 32002 32002 0 0 0 0 0 0
WIT 11 -274 -273 -206 -216 -199 3690 0 0 0 32002 0 -1 0 0 0 32002 32002 0 0 0 0 0 0
WIT 11 -274 -273 -200 -210 -176 3690 0 0 0 32002 0 -1 0 0 0 32002 32002 0 0 0 0 0 0
WIT 10 -274 -273 -181 -190 -189 3299 0 0 0 32002 0 -1 0 0 0 32002 32002 0 0 0 0 0 0
WIT 11 -274 -273 -252 -273 -263 3690 0 0 0 32002 0 -1 0 0 0 32002 32002 0 0 0 0 0 0
WIT 10 -274 -273 -197 -206 -204 2396 1 0 0 32002 0 -1 0 0 0 32002 32002 0 0 0 0 0 0
WIT 6 306 307 303 298 330 1763 0 0 0 32002 0 -1 0 0 0 32002 32002 0 0 0 0 0 0
WIT 7 257 258 239 233 232 0 0 0 0 257 0 -1 0 0 0 32002 32002 0 0 0 0 0 0
WIT 9 -273 -257 -284 -292 -296 0 0 0 0 -257 0 -1 0 0 0 32002 32002 0 0 0 0 0 3112
WIT 10 -258 -257 -246 -255 -229 2396 1 0 0 32002 0 -1 0 0 0 32002 32002 0 0 0 0 0 0
WIT 9 -258 -257 -227 -235 -205 0 0 0 0 32002 0 -1 0 0 0 32002 32002 0 0 0 0 0 0
WIT 11 -258 -257 -272 -293 -293 3567 0 0 1 -250 0 -1 0 0 0 32002 32002 0 0 0 0 0 3112
WIT 11 -258 -257 -270 -291 -292 0 0 0 0 -258 0 -1 0 0 0 32002 32002 0 0 0 0 0 0
WIT 9 272 273 345 337 372 2023 0 0 0 32002 0 -1 0 0 0 32002 32002 0 0 0 0 0 0
WIT 7 257 273 258 252 213 0 0 0 0 273 0 -1 0 0 0 32002 32002 0 0 0 0 0 1372
WIT 9 272 273 286 269 269 407 0 0 1 291 0 -1 0 0 0 32002 32002 0 0 0 0 0 2023
WIT 9 272 273 317 309 309 1185 1 0 0 32002 0 -1 0 0 0 32002 32002 0 0 0 0 0 0
WIT 8 272 273 318 311 348 2023 0 0 0 32002 0 -1 0 0 0 32002 32002 0 0 0 0 0 0
WIT 8 272 273 315 300 275 0 0 0 0 273 0 -1 0 0 0 32002 32002 0 0 0 0 0 1828
WIT 10 272 273 268 259 303 2023 0 0 0 32002 0 -1 0 0 0 32002 32002 0 0 0 0 0 0
WIT 6 272 273 269 264 179 0 0 0 0 306 0 -1 0 0 0 32002 32002 0 0 0 0 0 2023
WIT 9 272 273 268 260 259 0 0 0 0 289 0 -1 0 0 0 32002 32002 0 0 0 0 0 991
WIT 10 272 273 301 292 267 0 0 0 0 289 0 -1 0 0 0 32002 32002 0 0 0 0 0 2023
WIT 9 272 273 332 324 324 407 0 0 0 32002 0 -1 0 0 0 32002 32002 0 0 0 0 0 0
WIT 11 272 273 284 274 273 0 0 0 0 286 0 -1 0 0 0 32002 32002 0 0 0 0 0 991
WIT 7 272 273 286 280 284 407 0 0 0 32002 0 -1 0 0 0 32002 32002 0 0 0 0 0 0
WIT 7 272 273 286 280 279 0 0 0 0 272 0 -1 0 0 0 32002 32002 0 0 0 0 0 129
WIT 6 272 273 289 284 278 0 0 0 0 273 0 -1 0 0 0 32002 32002 0 0 0 0 0 991
WIT 7 -273 -272 -272 -278 -276 2396 1 0 0 -272 0 -1 0 0 0 32002 32002 0 0 0 0 0 2657
WIT 7 272 273 273 260 250 0 0 0 0 272 0 -1 0 0 0 32002 32002 0 0 0 0 0 0
WIT 9 272 273 289 272 271 0 0 0 0 272 0 -1 0 0 0 32002 32002 0 0 0 0 0 0
WIT 9 272 273 285 277 365 1829 1 0 0 32002 0 -1 0 0 0 32002 32002 0 0 0 0 0 0
WIT 8 272 273 317 310 321 991 0 0 0 32002 0 -1 0 0 0 32002 32002 0 0 0 0 0 0
WIT 11 -273 -257 -296 -306 -296 3299 0 0 1 -273 1 1 9357 1 1 -273 -273 0 1 0 1 381 0
WIT 12 272 273 354 343 314 0 0 0 0 273 0 -1 0 0 0 32002 32002 0 0 0 0 0 396
WIT 12 272 273 297 274 283 396 0 0 0 32002 0 -1 0 0 0 32002 32002 0 0 0 0 0 0
WIT 8 272 273 305 298 306 991 0 0 0 32002 0 -1 0 0 0 32002 32002 0 0 0 0 0 0
WIT 12 272 273 297 274 265 0 0 0 0 273 0 -1 0 0 0 32002 32002 0 0 0 0 0 1827
WIT 6 -273 -272 -214 -219 -220 0 0 0 0 -230 0 -1 0 0 0 32002 32002 0 0 0 0 0 3821
WIT 8 272 273 297 290 324 0 0 0 0 32002 0 -1 0 0 0 32002 32002 0 0 0 0 0 0
WIT 8 272 273 308 301 333 0 0 0 0 32002 0 -1 0 0 0 32002 32002 0 0 0 0 0 0
WIT 8 272 273 314 307 337 0 0 0 0 32002 0 -1 0 0 0 32002 32002 0 0 0 0 0 0
WIT 8 272 273 319 312 334 0 0 0 0 32002 0 -1 0 0 0 32002 32002 0 0 0 0 0 0
WIT 8 272 273 327 320 338 0 0 0 0 32002 0 -1 0 0 0 32002 32002 0 0 0 0 0 0
WIT 7 272 273 439 433 437 0 0 0 0 32002 0 -1 0 0 0 32002 32002 0 0 0 0 0 0
WIT 6 272 273 426 421 393 0 0 0 0 420 0 -1 0 0 0 32002 32002 0 0 0 0 0 917
WIT 9 272 273 359 351 346 0 0 0 0 358 0 -1 0 0 0 32002 32002 0 0 0 0 0 405
WIT 9 272 273 291 283 334 0 0 0 0 32002 0 -1 0 0 0 32002 32002 0 0 0 0 0 0
WIT 8 272 273 297 290 324 0 0 0 0 32002 0 -1 0 0 0 32002 32002 0 0 0 0 0 0
WIT 10 272 273 297 278 272 0 0 0 0 273 0 -1 0 0 0 32002 32002 0 0 0 0 0 2284
WIT 6 272 273 306 301 324 0 0 0 0 32002 0 -1 0 0 0 32002 32002 0 0 0 0 0 0
WIT 7 272 273 286 280 296 0 0 0 0 32002 0 -1 0 0 0 32002 32002 0 0 0 0 0 0
WIT 7 272 273 273 267 233 0 0 0 0 307 0 -1 0 0 0 32002 32002 0 0 0 0 0 196
WIT 11 -273 -272 -288 -298 -298 3567 0 0 1 -300 1 1 8178 1 1 -273 -272 0 0 0 0 32 3567
WIT 9 -273 -272 -284 -292 -355 0 0 0 0 -277 0 -1 0 0 0 32002 32002 0 0 0 0 0 0
WIT 9 -273 -272 -288 -296 -336 0 0 0 0 -276 0 -1 0 0 0 32002 32002 0 0 0 0 0 0
WIT 12 272 273 325 302 311 346 0 0 0 32002 0 -1 0 0 0 32002 32002 0 0 0 0 0 0
WIT 8 272 273 314 307 344 0 0 0 0 32002 0 -1 0 0 0 32002 32002 0 0 0 0 0 0
WIT 7 272 273 348 342 296 0 0 0 0 289 0 -1 0 0 0 32002 32002 0 0 0 0 0 1510
WIT 13 -273 -272 -288 -313 -295 3690 0 0 1 -273 1 2 -7214 1 1 -273 -297 1 1 13 2 20 0
WIT 7 272 273 300 294 345 407 0 0 0 32002 0 -1 0 0 0 32002 32002 0 0 0 0 0 0
WIT 7 272 273 358 352 576 1763 0 0 0 32002 0 -1 0 0 0 32002 32002 0 0 0 0 0 0
WIT 9 272 273 358 341 324 0 0 0 0 303 0 -1 0 0 0 32002 32002 0 0 0 0 0 405
WIT 7 272 273 330 324 324 405 0 0 0 32002 0 -1 0 0 0 32002 32002 0 0 0 0 0 0
WIT 7 272 273 353 347 350 991 0 0 0 32002 0 -1 0 0 0 32002 32002 0 0 0 0 0 0
WIT 6 272 273 289 284 284 1763 0 0 0 32002 0 -1 0 0 0 32002 32002 0 0 0 0 0 0
WIT 7 272 273 281 275 311 991 0 0 0 32002 0 -1 0 0 0 32002 32002 0 0 0 0 0 0
WIT 14 272 273 299 272 208 0 0 0 0 273 0 -1 0 0 0 32002 32002 0 0 0 0 0 1372
WIT 9 272 273 345 337 342 2023 0 0 0 32002 0 -1 0 0 0 32002 32002 0 0 0 0 0 0
WIT 7 -273 -272 -220 -226 -226 2657 0 0 0 32002 0 -1 0 0 0 32002 32002 0 0 0 0 0 0
WIT 7 -273 -272 -262 -268 -241 2396 1 0 0 32002 0 -1 0 0 0 32002 32002 0 0 0 0 0 0
WIT 11 272 273 289 279 262 0 0 0 0 272 0 -1 0 0 0 32002 32002 0 0 0 0 0 0
WIT 12 -273 -272 -272 -295 -334 0 0 0 0 -272 0 -1 0 0 0 32002 32002 0 0 0 0 0 3567
WIT 6 -273 -272 -265 -270 -213 0 0 0 0 32002 0 -1 0 0 0 32002 32002 0 0 0 0 0 0
WIT 7 -273 -272 -256 -262 -202 0 0 0 0 32002 0 -1 0 0 0 32002 32002 0 0 0 0 0 0
WIT 6 -273 -272 -264 -269 -249 0 0 0 0 32002 0 -1 0 0 0 32002 32002 0 0 0 0 0 0
WIT 7 -273 -272 -291 -297 -243 0 0 0 0 32002 0 -1 0 0 0 32002 32002 0 0 0 0 0 0
WIT 13 272 273 273 248 247 0 0 0 0 272 0 -1 0 0 0 32002 32002 0 0 0 0 0 0
WIT 8 -273 -272 -225 -232 -186 0 0 0 0 32002 0 -1 0 0 0 32002 32002 0 0 0 0 0 0
WIT 7 -273 -272 -199 -205 -177 0 0 0 0 32002 0 -1 0 0 0 32002 32002 0 0 0 0 0 0
WIT 7 -273 -272 -193 -199 -196 3112 0 0 0 32002 0 -1 0 0 0 32002 32002 0 0 0 0 0 0
WIT 7 -273 -272 -252 -265 -265 3690 0 0 0 32002 0 -1 0 0 0 32002 32002 0 0 0 0 0 0
WIT 6 -273 -272 -174 -179 -161 0 0 0 0 32002 0 -1 0 0 0 32002 32002 0 0 0 0 0 0
WIT 13 272 273 297 272 271 0 0 0 0 272 0 -1 0 0 0 32002 32002 0 0 0 0 0 0
WIT 7 -273 -257 -272 -278 -302 0 0 0 0 -246 0 -1 0 0 0 32002 32002 0 0 0 0 0 3365
WIT 7 -258 -257 -64 -70 -70 2390 0 0 0 32002 0 -1 0 0 0 32002 32002 0 0 0 0 0 0
WIT 11 -258 -257 -272 -282 -304 0 0 0 0 -257 0 -1 0 0 0 32002 32002 0 0 0 0 0 2357
WIT 7 -258 -257 -196 -202 -289 0 0 0 0 -226 0 -1 0 0 0 32002 32002 0 0 0 0 0 3243
WIT 10 -258 -257 -272 -291 -331 0 0 0 0 -257 0 -1 0 0 0 32002 32002 0 0 0 0 0 2724
WIT 9 -258 -257 -272 -280 -277 2396 1 0 0 -248 0 -1 0 0 0 32002 32002 0 0 0 0 0 2657
WIT 8 -273 -257 -272 -279 -334 0 0 0 0 -257 0 -1 0 0 0 32002 32002 0 0 0 0 0 3567
WIT 10 -258 -257 -250 -259 -259 3307 0 0 1 -257 0 -1 0 0 0 32002 32002 0 0 0 0 0 2657
WIT 6 -258 -257 -260 -265 -227 2334 0 0 0 32002 0 -1 0 0 0 32002 32002 0 0 0 0 0 0
WIT 9 -258 -257 -272 -280 -370 0 0 0 0 -257 0 -1 0 0 0 32002 32002 0 0 0 0 0 2724
WIT 10 -258 -257 -272 -291 -289 2396 1 0 0 -257 0 -1 0 0 0 32002 32002 0 0 0 0 0 2657
WIT 9 -273 -257 -272 -280 -281 0 0 0 0 -257 0 -1 0 0 0 32002 32002 0 0 0 0 0 3112
WIT 6 80 81 85 80 72 0 0 0 0 76 0 -1 0 0 0 32002 32002 0 0 0 0 0 0
WIT 10 -258 -257 -246 -255 -229 2396 1 0 0 32002 0 -1 0 0 0 32002 32002 0 0 0 0 0 0
WIT 7 -258 -257 -190 -196 -150 0 0 0 0 32002 0 -1 0 0 0 32002 32002 0 0 0 0 0 0
WIT 12 -258 -257 -258 -281 -336 0 0 0 0 -257 0 -1 0 0 0 32002 32002 0 0 0 0 0 2724
WIT 7 257 273 258 252 238 0 0 0 0 245 0 -1 0 0 0 32002 32002 0 0 0 0 0 0
WIT 7 257 273 258 252 179 0 0 0 0 279 0 -1 0 0 0 32002 32002 0 0 0 0 0 1372
WIT 9 272 273 258 250 249 0 0 0 0 264 0 -1 0 0 0 32002 32002 0 0 0 0 0 0
WIT 7 -258 -257 -264 -270 -272 0 0 0 0 -257 0 -1 0 0 0 32002 32002 0 0 0 0 0 2357
WIT 7 -258 -257 -238 -244 -232 3941 1 0 0 32002 0 -1 0 0 0 32002 32002 0 0 0 0 0 0
WIT 7 -258 -257 -234 -240 -309 0 0 0 0 -245 0 -1 0 0 0 32002 32002 0 0 0 0 0 3308
WIT 7 -258 -257 -255 -261 -285 0 0 0 0 -257 0 -1 0 0 0 32002 32002 0 0 0 0 0 2357
WIT 7 -258 -257 -256 -262 -260 3567 0 0 1 -256 0 -1 0 0 0 32002 32002 0 0 0 0 0 2657
WIT 7 -258 -257 -272 -278 -287 0 0 0 0 -257 0 -1 0 0 0 32002 32002 0 0 0 0 0 2657
WIT 7 257 273 258 252 267 407 0 0 1 257 1 1 12737 1 1 257 257 0 0 0 0 38 0
WIT 9 -273 -257 -272 -280 -281 0 0 0 0 -257 0 -1 0 0 0 32002 32002 0 0 0 0 0 3690
WIT 6 257 258 295 290 269 0 0 0 0 307 0 -1 0 0 0 32002 32002 0 0 0 0 0 49408
WIT 8 -258 -257 -216 -223 -224 0 0 0 0 -244 0 -1 0 0 0 32002 32002 0 0 0 0 0 2851
WIT 10 -258 -257 -252 -271 -251 3690 0 0 0 32002 0 -1 0 0 0 32002 32002 0 0 0 0 0 0
WIT 10 -258 -257 -253 -262 -258 3690 0 0 1 -252 0 -1 0 0 0 32002 32002 0 0 0 0 0 2396
WIT 10 -258 -257 -199 -208 -167 3690 0 0 0 32002 0 -1 0 0 0 32002 32002 0 0 0 0 0 0
WIT 11 -273 -257 -273 -283 -285 0 0 0 0 -273 0 -1 0 0 0 32002 32002 0 0 0 0 0 53055
WIT 7 -258 -257 -212 -218 -186 0 0 0 0 32002 0 -1 0 0 0 32002 32002 0 0 0 0 0 0
WIT 12 -258 -257 -252 -275 -262 2396 1 0 0 -257 0 -1 0 0 0 32002 32002 0 0 0 0 0 53055
WIT 11 -258 -257 -200 -210 -200 3690 0 0 0 32002 0 -1 0 0 0 32002 32002 0 0 0 0 0 0
WIT 10 -258 -257 -206 -215 -199 3690 0 0 0 32002 0 -1 0 0 0 32002 32002 0 0 0 0 0 0
WIT 11 -258 -257 -206 -216 -200 53055 0 0 0 32002 0 -1 0 0 0 32002 32002 0 0 0 0 0 0
WIT 10 -258 -257 -197 -206 -204 2396 1 0 0 32002 0 -1 0 0 0 32002 32002 0 0 0 0 0 0
WIT 9 -258 -257 -181 -189 -186 2396 1 0 0 32002 0 -1 0 0 0 32002 32002 0 0 0 0 0 0
WIT 10 -237 -236 -257 -266 -254 3307 0 0 1 -198 0 -1 0 0 0 32002 32002 0 0 0 0 0 2657
WIT 11 -237 -236 -257 -278 -234 2334 0 0 0 32002 0 -1 0 0 0 32002 32002 0 0 0 0 0 0
WIT 6 -237 -236 -257 -262 -206 3963 1 0 0 32002 0 -1 0 0 0 32002 32002 0 0 0 0 0 0
WIT 11 -237 -236 -257 -267 -262 2396 1 0 0 -221 0 -1 0 0 0 32002 32002 0 0 0 0 0 3308
WIT 9 -237 -236 -257 -265 -249 3365 1 0 0 -209 0 -1 0 0 0 32002 32002 0 0 0 0 0 3363
WIT 8 -237 -236 -229 -244 -290 0 0 0 0 -230 0 -1 0 0 0 32002 32002 0 0 0 0 0 3243
WIT 7 -237 -236 -204 -210 -190 0 0 0 0 32002 0 -1 0 0 0 32002 32002 0 0 0 0 0 0
WIT 6 -237 -236 -173 -178 -142 0 0 0 0 32002 0 -1 0 0 0 32002 32002 0 0 0 0 0 0
WIT 7 -237 -236 -203 -209 -214 0 0 0 0 -188 0 -1 0 0 0 32002 32002 0 0 0 0 0 3307
WIT 6 -237 -236 -205 -210 -168 0 0 0 0 32002 0 -1 0 0 0 32002 32002 0 0 0 0 0 0
WIT 6 -237 -236 -207 -212 -166 0 0 0 0 32002 0 -1 0 0 0 32002 32002 0 0 0 0 0 0
WIT 6 -237 -236 -250 -255 -190 0 0 0 0 32002 0 -1 0 0 0 32002 32002 0 0 0 0 0 0
WIT 6 -237 -236 -224 -229 -239 0 0 0 0 -212 0 -1 0 0 0 32002 32002 0 0 0 0 0 3307
WIT 8 -237 -236 -257 -264 -190 2396 1 0 0 32002 0 -1 0 0 0 32002 32002 0 0 0 0 0 0
WIT 10 -237 -236 -257 -276 -424 0 0 0 0 -236 0 -1 0 0 0 32002 32002 0 0 0 0 0 2724
WIT 10 -237 -236 -248 -257 -288 0 0 0 0 -236 0 -1 0 0 0 32002 32002 0 0 0 0 0 2657
WIT 10 -237 -236 -170 -179 -180 0 0 0 0 -236 0 -1 0 0 0 32002 32002 0 0 0 0 0 2396
WIT 9 -237 -236 -249 -257 -258 0 0 0 0 -236 0 -1 0 0 0 32002 32002 0 0 0 0 0 2657
WIT 10 -237 -236 -247 -266 -242 3941 1 0 0 -188 0 -1 0 0 0 32002 32002 0 0 0 0 0 3365
WIT 7 236 257 289 283 146 0 0 0 0 257 0 -1 0 0 0 32002 32002 0 0 0 0 0 1374
WIT 7 256 257 257 244 243 0 0 0 0 294 0 -1 0 0 0 32002 32002 0 0 0 0 0 1958
WIT 12 256 257 336 325 293 0 0 0 0 257 0 -1 0 0 0 32002 32002 0 0 0 0 0 2543
WIT 10 -257 -236 -257 -266 -334 0 0 0 0 -257 0 -1 0 0 0 32002 32002 0 0 0 0 0 0
WIT 14 256 257 282 255 255 1827 1 0 0 283 0 -1 0 0 0 32002 32002 0 0 0 0 0 405
WIT 9 256 257 273 265 284 926 0 0 0 32002 0 -1 0 0 0 32002 32002 0 0 0 0 0 0
WIT 8 256 257 274 267 381 1763 0 0 0 32002 0 -1 0 0 0 32002 32002 0 0 0 0 0 0
WIT 8 256 257 348 341 341 1763 0 0 0 32002 0 -1 0 0 0 32002 32002 0 0 0 0 0 0
WIT 8 256 257 308 301 320 129 0 0 0 32002 0 -1 0 0 0 32002 32002 0 0 0 0 0 0
WIT 8 256 257 327 320 335 2023 0 0 0 32002 0 -1 0 0 0 32002 32002 0 0 0 0 0 0
WIT 8 256 257 352 345 375 2023 0 0 0 32002 0 -1 0 0 0 32002 32002 0 0 0 0 0 0
WIT 8 256 257 283 276 316 2023 0 0 0 32002 0 -1 0 0 0 32002 32002 0 0 0 0 0 0
WIT 8 256 257 384 377 412 2023 0 0 0 32002 0 -1 0 0 0 32002 32002 0 0 0 0 0 0
WIT 8 256 257 346 339 363 2023 0 0 0 32002 0 -1 0 0 0 32002 32002 0 0 0 0 0 0
WIT 14 256 257 273 246 185 0 0 0 0 257 0 -1 0 0 0 32002 32002 0 0 0 0 0 1372
WIT 14 256 257 312 299 337 1185 1 0 0 32002 0 -1 0 0 0 32002 32002 0 0 0 0 0 0
WIT 10 256 257 273 254 256 1827 1 0 0 273 0 -1 0 0 0 32002 32002 0 0 0 0 0 1828
WIT 11 -257 -236 -257 -267 -273 0 0 0 0 -257 0 -1 0 0 0 32002 32002 0 0 0 0 0 0
WIT 7 -257 -256 -256 -262 -245 2137 0 0 0 32002 0 -1 0 0 0 32002 32002 0 0 0 0 0 0
WIT 10 256 257 290 271 271 407 0 0 0 32002 0 -1 0 0 0 32002 32002 0 0 0 0 0 0
WIT 9 256 257 319 311 338 196 0 0 0 32002 0 -1 0 0 0 32002 32002 0 0 0 0 0 0
WIT 10 256 257 297 278 276 0 0 0 0 271 0 -1 0 0 0 32002 32002 0 0 0 0 0 1827
WIT 9 256 257 318 310 310 407 0 0 0 32002 0 -1 0 0 0 32002 32002 0 0 0 0 0 0
WIT 10 256 257 285 276 308 991 0 0 0 32002 0 -1 0 0 0 32002 32002 0 0 0 0 0 0
WIT 11 256 257 370 349 348 0 0 0 0 257 0 -1 0 0 0 32002 32002 0 0 0 0 0 353
WIT 9 256 257 295 287 299 1763 0 0 0 32002 0 -1 0 0 0 32002 32002 0 0 0 0 0 0
WIT 9 256 257 297 289 287 0 0 0 0 257 0 -1 0 0 0 32002 32002 0 0 0 0 0 991
WIT 8 256 257 314 307 325 991 0 0 0 32002 0 -1 0 0 0 32002 32002 0 0 0 0 0 0
WIT 8 256 257 305 298 298 196 0 0 0 32002 0 -1 0 0 0 32002 32002 0 0 0 0 0 0
WIT 8 256 257 297 290 290 991 0 0 0 32002 0 -1 0 0 0 32002 32002 0 0 0 0 0 0
WIT 8 256 257 297 290 290 1763 0 0 0 32002 0 -1 0 0 0 32002 32002 0 0 0 0 0 0
WIT 11 -257 -236 -257 -267 -273 0 0 0 0 -257 0 -1 0 0 0 32002 32002 0 0 0 0 0 0
WIT 7 -270 -269 -234 -240 -189 1813 1 0 0 32002 0 -1 0 0 0 32002 32002 0 0 0 0 0 0
WIT 14 256 257 297 270 282 405 0 0 0 32002 0 -1 0 0 0 32002 32002 0 0 0 0 0 0
WIT 8 256 257 299 292 307 49408 0 0 0 32002 0 -1 0 0 0 32002 32002 0 0 0 0 0 0
WIT 8 256 257 296 289 293 405 0 0 0 32002 0 -1 0 0 0 32002 32002 0 0 0 0 0 0
WIT 7 256 257 320 314 335 49408 0 0 0 32002 0 -1 0 0 0 32002 32002 0 0 0 0 0 0
WIT 7 256 257 331 325 325 49408 0 0 0 32002 0 -1 0 0 0 32002 32002 0 0 0 0 0 0
WIT 7 256 257 312 306 324 49408 0 0 0 32002 0 -1 0 0 0 32002 32002 0 0 0 0 0 0
WIT 7 256 257 335 329 329 49408 0 0 0 32002 0 -1 0 0 0 32002 32002 0 0 0 0 0 0
WIT 6 256 257 312 307 322 49408 0 0 0 32002 0 -1 0 0 0 32002 32002 0 0 0 0 0 0
WIT 7 256 257 248 242 278 49408 0 0 0 32002 0 -1 0 0 0 32002 32002 0 0 0 0 0 0
WIT 14 256 257 297 270 196 0 0 0 0 257 0 -1 0 0 0 32002 32002 0 0 0 0 0 1372
WIT 13 256 257 273 248 248 332 0 0 1 273 0 -1 0 0 0 32002 32002 0 0 0 0 0 49408
WIT 12 256 257 302 279 278 0 0 0 0 257 0 -1 0 0 0 32002 32002 0 0 0 0 0 353
WIT 7 256 257 371 365 386 0 0 0 0 32002 0 -1 0 0 0 32002 32002 0 0 0 0 0 0
WIT 11 256 257 285 264 267 407 0 0 0 32002 0 -1 0 0 0 32002 32002 0 0 0 0 0 0
WIT 10 256 257 289 270 314 407 0 0 0 32002 0 -1 0 0 0 32002 32002 0 0 0 0 0 0
WIT 10 256 257 285 276 285 1763 0 0 0 32002 0 -1 0 0 0 32002 32002 0 0 0 0 0 0
WIT 10 256 257 290 271 271 332 0 0 0 32002 0 -1 0 0 0 32002 32002 0 0 0 0 0 0
WIT 9 256 257 298 281 281 407 0 0 0 32002 0 -1 0 0 0 32002 32002 0 0 0 0 0 0
WIT 9 256 257 285 277 284 1763 0 0 0 32002 0 -1 0 0 0 32002 32002 0 0 0 0 0 0
WIT 10 256 257 285 276 280 1763 0 0 0 32002 0 -1 0 0 0 32002 32002 0 0 0 0 0 0
WIT 10 256 257 290 281 288 991 0 0 0 32002 0 -1 0 0 0 32002 32002 0 0 0 0 0 0
WIT 10 256 257 300 281 291 991 0 0 0 32002 0 -1 0 0 0 32002 32002 0 0 0 0 0 0
WIT 11 256 257 290 269 244 0 0 0 0 288 0 -1 0 0 0 32002 32002 0 0 0 0 0 1372
WIT 7 256 257 290 284 349 2023 0 0 0 32002 0 -1 0 0 0 32002 32002 0 0 0 0 0 0
WIT 8 256 257 317 310 321 991 0 0 0 32002 0 -1 0 0 0 32002 32002 0 0 0 0 0 0
WIT 7 256 257 302 296 296 1763 0 0 0 32002 0 -1 0 0 0 32002 32002 0 0 0 0 0 0
WIT 10 256 257 289 270 254 0 0 0 0 260 0 -1 0 0 0 32002 32002 0 0 0 0 0 49408
WIT 9 256 257 285 277 287 991 0 0 0 32002 0 -1 0 0 0 32002 32002 0 0 0 0 0 0
WIT 10 256 257 285 276 273 0 0 0 0 287 0 -1 0 0 0 32002 32002 0 0 0 0 0 360
WIT 11 -257 -236 -257 -267 -273 0 0 0 0 -257 0 -1 0 0 0 32002 32002 0 0 0 0 0 0
WIT 7 236 285 257 251 200 0 0 0 0 285 0 -1 0 0 0 32002 32002 0 0 0 0 0 1374
WIT 9 284 285 285 277 291 407 0 0 0 32002 0 -1 0 0 0 32002 32002 0 0 0 0 0 0
WIT 10 284 285 279 270 226 0 0 0 0 291 0 -1 0 0 0 32002 32002 0 0 0 0 0 1372
WIT 6 284 285 283 278 278 1176 0 0 1 289 0 -1 0 0 0 32002 32002 0 0 0 0 0 1164
WIT 9 284 285 257 249 241 0 0 0 0 285 0 -1 0 0 0 32002 32002 0 0 0 0 0 1958
WIT 7 284 285 275 269 269 1828 0 0 1 285 0 -1 0 0 0 32002 32002 0 0 0 0 0 1958
WIT 7 236 285 257 251 236 0 0 0 0 285 0 -1 0 0 0 32002 32002 0 0 0 0 0 926
WIT 10 284 285 309 300 330 405 0 0 0 32002 0 -1 0 0 0 32002 32002 0 0 0 0 0 0
WIT 7 284 285 277 271 329 405 0 0 0 32002 0 -1 0 0 0 32002 32002 0 0 0 0 0 0
WIT 10 284 285 275 266 245 0 0 0 0 305 0 -1 0 0 0 32002 32002 0 0 0 0 0 1372
WIT 10 284 285 257 238 238 1763 0 0 1 388 0 -1 0 0 0 32002 32002 0 0 0 0 0 2543
WIT 7 236 285 257 251 250 0 0 0 0 285 0 -1 0 0 0 32002 32002 0 0 0 0 0 2023
WIT 11 284 285 283 262 283 1382 0 0 1 285 0 -1 0 0 0 32002 32002 0 0 0 0 0 1180
WIT 7 284 285 273 267 336 0 0 0 0 32002 0 -1 0 0 0 32002 32002 0 0 0 0 0 0
WIT 10 284 285 281 262 249 0 0 0 0 285 0 -1 0 0 0 32002 32002 0 0 0 0 0 405
WIT 10 284 285 309 300 304 2023 0 0 0 32002 0 -1 0 0 0 32002 32002 0 0 0 0 0 0
WIT 6 284 285 273 268 327 0 0 0 0 32002 0 -1 0 0 0 32002 32002 0 0 0 0 0 0
WIT 10 284 285 273 264 263 0 0 0 0 285 0 -1 0 0 0 32002 32002 0 0 0 0 0 405
WIT 9 284 285 321 313 354 2023 0 0 0 32002 0 -1 0 0 0 32002 32002 0 0 0 0 0 0
WIT 7 284 285 327 321 335 2023 0 0 0 32002 0 -1 0 0 0 32002 32002 0 0 0 0 0 0
WIT 6 284 285 274 269 287 1763 0 0 0 32002 0 -1 0 0 0 32002 32002 0 0 0 0 0 0
WIT 6 284 285 319 314 318 2023 0 0 0 32002 0 -1 0 0 0 32002 32002 0 0 0 0 0 0
WIT 6 284 285 283 278 278 1763 0 0 1 286 0 -1 0 0 0 32002 32002 0 0 0 0 0 405
WIT 7 284 285 308 302 335 2023 0 0 0 32002 0 -1 0 0 0 32002 32002 0 0 0 0 0 0
WIT 6 284 285 384 379 379 1763 0 0 0 32002 0 -1 0 0 0 32002 32002 0 0 0 0 0 0
WIT 6 284 285 348 343 342 0 0 0 0 285 0 -1 0 0 0 32002 32002 0 0 0 0 0 405
WIT 6 284 285 352 347 373 2023 0 0 0 32002 0 -1 0 0 0 32002 32002 0 0 0 0 0 0
WIT 6 284 285 346 341 349 2023 0 0 0 32002 0 -1 0 0 0 32002 32002 0 0 0 0 0 0
WIT 6 284 285 293 288 288 1763 0 0 0 32002 0 -1 0 0 0 32002 32002 0 0 0 0 0 0
WIT 10 284 285 257 238 168 0 0 0 0 285 0 -1 0 0 0 32002 32002 0 0 0 0 0 1372
WIT 9 284 285 260 252 252 2023 0 0 1 277 1 1 9785 1 1 284 275 0 0 0 0 1 0
WIT 6 284 285 261 256 177 0 0 0 0 307 0 -1 0 0 0 32002 32002 0 0 0 0 0 1372
WIT 9 284 285 332 324 324 407 0 0 0 32002 0 -1 0 0 0 32002 32002 0 0 0 0 0 0
WIT 8 284 285 271 256 254 0 0 0 0 324 0 -1 0 0 0 32002 32002 0 0 0 0 0 1828
WIT 8 284 285 257 250 280 2023 0 0 1 274 1 1 32835 1 1 284 326 0 0 0 0 31 2023
WIT 9 236 285 257 249 249 196 0 0 1 285 0 -1 0 0 0 32002 32002 0 0 0 0 0 991
WIT 12 284 285 259 248 268 129 0 0 1 284 1 1 16055 1 1 284 284 0 0 0 0 71 1763
WIT 10 284 285 257 248 250 991 0 0 1 319 0 -1 0 0 0 32002 32002 0 0 0 0 0 1763
WIT 6 284 285 319 314 334 196 0 0 0 32002 0 -1 0 0 0 32002 32002 0 0 0 0 0 0
WIT 12 284 285 269 246 262 407 0 0 1 290 0 -1 0 0 0 32002 32002 0 0 0 0 0 1827
WIT 10 284 285 295 286 298 1763 0 0 0 32002 0 -1 0 0 0 32002 32002 0 0 0 0 0 0
WIT 9 284 285 318 310 310 1763 0 0 0 32002 0 -1 0 0 0 32002 32002 0 0 0 0 0 0
WIT 7 284 285 292 286 288 360 1 0 0 32002 0 -1 0 0 0 32002 32002 0 0 0 0 0 0
WIT 10 284 285 257 238 263 407 0 0 1 281 1 1 22338 1 1 284 285 0 0 0 0 104 407
WIT 10 284 285 257 238 237 0 0 0 0 285 0 -1 0 0 0 32002 32002 0 0 0 0 0 353
WIT 11 284 285 294 284 303 405 0 0 0 32002 0 -1 0 0 0 32002 32002 0 0 0 0 0 0
WIT 12 284 285 273 262 286 405 0 0 0 32002 0 -1 0 0 0 32002 32002 0 0 0 0 0 0
WIT 10 284 285 330 321 322 405 0 0 0 32002 0 -1 0 0 0 32002 32002 0 0 0 0 0 0
WIT 7 284 285 300 294 327 1763 0 0 0 32002 0 -1 0 0 0 32002 32002 0 0 0 0 0 0
WIT 6 284 285 273 268 338 1763 0 0 0 32002 0 -1 0 0 0 32002 32002 0 0 0 0 0 0
WIT 6 284 285 289 284 289 407 0 0 0 32002 0 -1 0 0 0 32002 32002 0 0 0 0 0 0
WIT 6 284 285 273 268 285 1763 0 0 0 32002 0 -1 0 0 0 32002 32002 0 0 0 0 0 0
WIT 6 284 285 233 228 311 991 0 0 0 32002 0 -1 0 0 0 32002 32002 0 0 0 0 0 0
WIT 6 284 285 281 276 297 407 0 0 0 32002 0 -1 0 0 0 32002 32002 0 0 0 0 0 0
WIT 11 284 285 273 252 230 0 0 0 0 285 0 -1 0 0 0 32002 32002 0 0 0 0 0 1372
WIT 10 284 285 285 276 277 1763 0 0 1 285 0 -1 0 0 0 32002 32002 0 0 0 0 0 129
WIT 10 284 285 273 254 285 991 0 0 0 32002 0 -1 0 0 0 32002 32002 0 0 0 0 0 0
WIT 9 284 285 260 252 272 1763 0 0 1 290 0 -1 0 0 0 32002 32002 0 0 0 0 0 991
WIT 10 284 285 306 297 297 991 0 0 0 32002 0 -1 0 0 0 32002 32002 0 0 0 0 0 0
WIT 9 284 285 314 306 326 991 0 0 0 32002 0 -1 0 0 0 32002 32002 0 0 0 0 0 0
WIT 10 284 285 305 296 305 991 0 0 0 32002 0 -1 0 0 0 32002 32002 0 0 0 0 0 0
WIT 10 284 285 297 288 289 991 0 0 0 32002 0 -1 0 0 0 32002 32002 0 0 0 0 0 0
WIT 10 284 285 297 288 288 991 0 0 0 32002 0 -1 0 0 0 32002 32002 0 0 0 0 0 0
WIT 10 284 285 297 288 292 991 0 0 0 32002 0 -1 0 0 0 32002 32002 0 0 0 0 0 0
WIT 9 236 285 257 249 248 0 0 0 0 285 0 -1 0 0 0 32002 32002 0 0 0 0 0 49408
WIT 6 -234 -233 -234 -239 -195 1813 1 0 0 32002 0 -1 0 0 0 32002 32002 0 0 0 0 0 0
WIT 12 284 285 297 274 282 405 0 0 1 297 0 -1 0 0 0 32002 32002 0 0 0 0 0 49408
WIT 14 284 285 272 245 254 405 0 0 1 285 0 -1 0 0 0 32002 32002 0 0 0 0 0 49408
WIT 11 284 285 297 287 292 49408 0 0 0 32002 0 -1 0 0 0 32002 32002 0 0 0 0 0 0
WIT 11 284 285 297 287 313 49408 0 0 0 32002 0 -1 0 0 0 32002 32002 0 0 0 0 0 0
WIT 11 284 285 434 424 370 0 0 0 0 341 0 -1 0 0 0 32002 32002 0 0 0 0 0 353
WIT 10 284 285 307 298 322 405 0 0 0 32002 0 -1 0 0 0 32002 32002 0 0 0 0 0 0
WIT 8 284 285 289 282 381 49408 0 0 0 32002 0 -1 0 0 0 32002 32002 0 0 0 0 0 0
WIT 9 284 285 299 291 298 49408 0 0 0 32002 0 -1 0 0 0 32002 32002 0 0 0 0 0 0
WIT 7 284 285 289 283 343 1763 0 0 0 32002 0 -1 0 0 0 32002 32002 0 0 0 0 0 0
WIT 9 284 285 331 323 323 49408 0 0 0 32002 0 -1 0 0 0 32002 32002 0 0 0 0 0 0
WIT 8 284 285 312 305 305 49408 0 0 0 32002 0 -1 0 0 0 32002 32002 0 0 0 0 0 0
WIT 8 284 285 320 313 348 49408 0 0 0 32002 0 -1 0 0 0 32002 32002 0 0 0 0 0 0
WIT 12 284 285 257 234 195 0 0 0 0 285 0 -1 0 0 0 32002 32002 0 0 0 0 0 1372
WIT 7 284 285 262 256 256 129 0 0 1 345 0 -1 0 0 0 32002 32002 0 0 0 0 0 1763
WIT 7 284 285 261 255 233 0 0 0 0 285 0 -1 0 0 0 32002 32002 0 0 0 0 0 1372
WIT 12 284 285 257 246 258 1763 0 0 1 285 0 -1 0 0 0 32002 32002 0 0 0 0 0 49408
WIT 11 284 285 434 424 427 1180 1 0 0 32002 0 -1 0 0 0 32002 32002 0 0 0 0 0 0
WIT 11 284 285 257 236 235 0 0 0 0 285 0 -1 0 0 0 32002 32002 0 0 0 0 0 353
WIT 10 284 285 285 276 287 991 0 0 0 32002 0 -1 0 0 0 32002 32002 0 0 0 0 0 0
WIT 10 284 285 284 265 263 0 0 0 0 287 0 -1 0 0 0 32002 32002 0 0 0 0 0 360
WIT 7 284 285 289 283 283 129 0 0 1 290 0 -1 0 0 0 32002 32002 0 0 0 0 0 991
WIT 10 284 285 259 240 277 991 0 0 1 285 0 -1 0 0 0 32002 32002 0 0 0 0 0 49408
WIT 10 284 285 271 252 252 991 0 0 1 285 0 -1 0 0 0 32002 32002 0 0 0 0 0 49408
WIT 10 284 285 285 266 274 407 0 0 1 285 0 -1 0 0 0 32002 32002 0 0 0 0 0 49408
WIT 10 284 285 290 271 283 991 0 0 1 290 0 -1 0 0 0 32002 32002 0 0 0 0 0 49408
WIT 9 284 285 259 251 295 0 0 0 0 32002 0 -1 0 0 0 32002 32002 0 0 0 0 0 0
WIT 9 284 285 269 261 285 528 0 0 0 32002 0 -1 0 0 0 32002 32002 0 0 0 0 0 0
WIT 9 284 285 289 272 298 407 0 0 0 32002 0 -1 0 0 0 32002 32002 0 0 0 0 0 0
WIT 9 284 285 290 282 345 991 0 0 0 32002 0 -1 0 0 0 32002 32002 0 0 0 0 0 0
WIT 9 284 285 257 249 249 991 0 0 1 288 0 -1 0 0 0 32002 32002 0 0 0 0 0 49408
WIT 9 284 285 298 281 284 991 0 0 1 300 0 -1 0 0 0 32002 32002 0 0 0 0 0 49408
WIT 9 284 285 280 272 272 991 0 0 1 297 0 -1 0 0 0 32002 32002 0 0 0 0 0 49408
WIT 6 322 323 294 289 359 1176 0 0 0 32002 0 -1 0 0 0 32002 32002 0 0 0 0 0 0
WIT 8 322 323 285 278 401 1828 0 0 0 32002 0 -1 0 0 0 32002 32002 0 0 0 0 0 0
WIT 7 247 323 285 279 199 0 0 0 0 328 0 -1 0 0 0 32002 32002 0 0 0 0 0 1374
WIT 9 322 323 294 286 362 1176 0 0 0 32002 0 -1 0 0 0 32002 32002 0 0 0 0 0 0
WIT 8 322 323 285 278 402 1828 0 0 0 32002 0 -1 0 0 0 32002 32002 0 0 0 0 0 0
WIT 10 322 323 290 271 231 0 0 0 0 329 0 -1 0 0 0 32002 32002 0 0 0 0 0 1372
WIT 10 322 323 293 284 432 1180 1 0 0 32002 0 -1 0 0 0 32002 32002 0 0 0 0 0 0
WIT 9 322 323 285 268 263 0 0 0 0 323 0 -1 0 0 0 32002 32002 0 0 0 0 0 1958
WIT 8 322 323 285 278 340 1828 0 0 0 32002 0 -1 0 0 0 32002 32002 0 0 0 0 0 0
WIT 7 247 323 285 279 257 0 0 0 0 323 0 -1 0 0 0 32002 32002 0 0 0 0 0 926
WIT 10 322 323 309 300 330 405 0 0 0 32002 0 -1 0 0 0 32002 32002 0 0 0 0 0 0
WIT 10 322 323 303 284 265 0 0 0 0 328 0 -1 0 0 0 32002 32002 0 0 0 0 0 1372
WIT 11 322 323 447 437 449 3062 1 0 0 32002 0 -1 0 0 0 32002 32002 0 0 0 0 0 0
WIT 10 322 323 378 359 333 0 0 0 0 323 0 -1 0 0 0 32002 32002 0 0 0 0 0 2543
WIT 9 322 323 383 375 375 926 0 0 0 32002 0 -1 0 0 0 32002 32002 0 0 0 0 0 0
WIT 8 322 323 344 337 357 1763 0 0 0 32002 0 -1 0 0 0 32002 32002 0 0 0 0 0 0
WIT 8 247 323 285 278 257 0 0 0 0 323 0 -1 0 0 0 32002 32002 0 0 0 0 0 2023
WIT 7 322 323 296 290 207 0 0 0 0 336 0 -1 0 0 0 32002 32002 0 0 0 0 0 1810
WIT 12 322 323 285 262 283 1382 0 0 1 323 0 -1 0 0 0 32002 32002 0 0 0 0 0 1180
WIT 7 322 323 273 267 339 0 0 0 0 32002 0 -1 0 0 0 32002 32002 0 0 0 0 0 0
WIT 11 322 323 285 264 256 0 0 0 0 323 0 -1 0 0 0 32002 32002 0 0 0 0 0 405
WIT 11 322 323 285 264 299 926 0 0 1 368 0 -1 0 0 0 32002 32002 0 0 0 0 0 405
WIT 8 322 323 321 314 371 346 0 0 0 32002 0 -1 0 0 0 32002 32002 0 0 0 0 0 0
WIT 7 322 323 285 272 271 0 0 0 0 374 0 -1 0 0 0 32002 32002 0 0 0 0 0 405
WIT 7 322 323 327 321 342 2023 0 0 0 32002 0 -1 0 0 0 32002 32002 0 0 0 0 0 0
WIT 6 322 323 309 304 320 2023 0 0 1 330 0 -1 0 0 0 32002 32002 0 0 0 0 0 405
WIT 7 322 323 315 309 310 129 0 0 1 363 0 -1 0 0 0 32002 32002 0 0 0 0 0 405
WIT 6 322 323 274 269 289 1763 0 0 1 318 1 2 7703 1 1 322 339 1 0 2 0 14 1763
WIT 6 322 323 319 314 318 2023 0 0 1 330 0 -1 0 0 0 32002 32002 0 0 0 0 0 405
WIT 7 322 323 308 302 335 2023 0 0 0 32002 0 -1 0 0 0 32002 32002 0 0 0 0 0 0
WIT 7 322 323 285 279 311 2023 0 0 1 374 0 -1 0 0 0 32002 32002 0 0 0 0 0 405
WIT 6 322 323 352 347 373 2023 0 0 0 32002 0 -1 0 0 0 32002 32002 0 0 0 0 0 0
WIT 6 322 323 384 379 415 2023 0 0 0 32002 0 -1 0 0 0 32002 32002 0 0 0 0 0 0
WIT 6 322 323 346 341 349 2023 0 0 0 32002 0 -1 0 0 0 32002 32002 0 0 0 0 0 0
WIT 6 322 323 515 510 510 1763 0 0 0 32002 0 -1 0 0 0 32002 32002 0 0 0 0 0 0
WIT 7 322 323 293 287 641 1763 0 0 0 32002 0 -1 0 0 0 32002 32002 0 0 0 0 0 0
WIT 11 322 323 285 264 196 0 0 0 0 323 0 -1 0 0 0 32002 32002 0 0 0 0 0 1372
WIT 6 322 323 307 302 404 1828 0 0 0 32002 0 -1 0 0 0 32002 32002 0 0 0 0 0 0
WIT 7 322 323 307 301 396 1828 0 0 0 32002 0 -1 0 0 0 32002 32002 0 0 0 0 0 0
WIT 6 322 323 347 342 444 2023 0 0 0 32002 0 -1 0 0 0 32002 32002 0 0 0 0 0 0
WIT 9 322 323 304 287 251 0 0 0 0 369 0 -1 0 0 0 32002 32002 0 0 0 0 0 1372
WIT 9 322 323 295 287 330 0 0 0 0 32002 0 -1 0 0 0 32002 32002 0 0 0 0 0 0
WIT 7 322 323 285 279 360 1828 0 0 0 32002 0 -1 0 0 0 32002 32002 0 0 0 0 0 0
WIT 10 322 323 312 303 335 1185 1 0 0 32002 0 -1 0 0 0 32002 32002 0 0 0 0 0 0
WIT 10 322 323 375 366 446 2023 0 0 0 32002 0 -1 0 0 0 32002 32002 0 0 0 0 0 0
WIT 8 322 323 332 325 363 407 0 0 0 32002 0 -1 0 0 0 32002 32002 0 0 0 0 0 0
WIT 6 322 323 336 331 341 407 0 0 0 32002 0 -1 0 0 0 32002 32002 0 0 0 0 0 0
WIT 9 322 323 320 303 281 0 0 0 0 323 0 -1 0 0 0 32002 32002 0 0 0 0 0 1828
WIT 8 322 323 285 278 310 2023 0 0 1 323 0 -1 0 0 0 32002 32002 0 0 0 0 0 1763
WIT 8 322 323 291 284 279 0 0 0 0 324 0 -1 0 0 0 32002 32002 0 0 0 0 0 2023
WIT 7 322 323 286 280 310 1828 0 0 1 323 0 -1 0 0 0 32002 32002 0 0 0 0 0 1763
WIT 9 322 323 333 325 325 129 0 0 0 32002 0 -1 0 0 0 32002 32002 0 0 0 0 0 0
WIT 8 322 323 321 314 311 0 0 0 0 323 0 -1 0 0 0 32002 32002 0 0 0 0 0 2023
WIT 7 322 323 316 310 354 1763 0 0 0 32002 0 -1 0 0 0 32002 32002 0 0 0 0 0 0
WIT 7 322 323 305 299 299 129 0 0 1 323 0 -1 0 0 0 32002 32002 0 0 0 0 0 2023
WIT 7 322 323 266 260 261 1763 0 0 1 323 0 -1 0 0 0 32002 32002 0 0 0 0 0 2023
WIT 8 322 323 305 298 346 1763 0 0 0 32002 0 -1 0 0 0 32002 32002 0 0 0 0 0 0
WIT 8 247 323 285 278 271 0 0 0 0 323 0 -1 0 0 0 32002 32002 0 0 0 0 0 991
WIT 12 322 323 322 299 309 2023 0 0 1 325 0 -1 0 0 0 32002 32002 0 0 0 0 0 405
WIT 12 322 323 355 344 358 2023 0 0 0 32002 0 -1 0 0 0 32002 32002 0 0 0 0 0 0
WIT 10 322 323 331 322 388 1763 0 0 0 32002 0 -1 0 0 0 32002 32002 0 0 0 0 0 0
WIT 8 322 323 344 337 337 2023 0 0 0 32002 0 -1 0 0 0 32002 32002 0 0 0 0 0 0
WIT 8 322 323 325 318 350 2023 0 0 0 32002 0 -1 0 0 0 32002 32002 0 0 0 0 0 0
WIT 8 322 323 374 367 390 2023 0 0 0 32002 0 -1 0 0 0 32002 32002 0 0 0 0 0 0
WIT 8 322 323 326 319 463 2023 0 0 0 32002 0 -1 0 0 0 32002 32002 0 0 0 0 0 0
WIT 7 322 323 384 378 384 2023 0 0 0 32002 0 -1 0 0 0 32002 32002 0 0 0 0 0 0
WIT 8 322 323 346 339 339 2023 0 0 0 32002 0 -1 0 0 0 32002 32002 0 0 0 0 0 0
WIT 7 322 323 338 332 360 2023 0 0 0 32002 0 -1 0 0 0 32002 32002 0 0 0 0 0 0
WIT 7 322 323 360 354 381 2023 0 0 0 32002 0 -1 0 0 0 32002 32002 0 0 0 0 0 0
WIT 7 322 323 348 342 365 2023 0 0 0 32002 0 -1 0 0 0 32002 32002 0 0 0 0 0 0
WIT 7 322 323 336 330 356 2023 0 0 0 32002 0 -1 0 0 0 32002 32002 0 0 0 0 0 0
WIT 7 322 323 360 354 390 2023 0 0 0 32002 0 -1 0 0 0 32002 32002 0 0 0 0 0 0
WIT 7 322 323 327 321 321 2023 0 0 1 342 0 -1 0 0 0 32002 32002 0 0 0 0 0 405
WIT 12 322 323 320 297 274 0 0 0 0 323 0 -1 0 0 0 32002 32002 0 0 0 0 0 1372
WIT 10 322 323 498 489 431 0 0 0 0 353 0 -1 0 0 0 32002 32002 0 0 0 0 0 1185
WIT 8 322 323 323 316 444 2543 0 0 0 32002 0 -1 0 0 0 32002 32002 0 0 0 0 0 0
WIT 10 322 323 297 278 275 0 0 0 0 344 0 -1 0 0 0 32002 32002 0 0 0 0 0 2023
WIT 8 322 323 300 293 315 1763 0 0 1 323 0 -1 0 0 0 32002 32002 0 0 0 0 0 2023
WIT 7 322 323 328 322 317 0 0 0 0 323 0 -1 0 0 0 32002 32002 0 0 0 0 0 2023
WIT 8 322 323 319 312 313 1763 0 0 1 333 0 -1 0 0 0 32002 32002 0 0 0 0 0 2023
WIT 7 322 323 316 310 344 1828 0 0 0 32002 0 -1 0 0 0 32002 32002 0 0 0 0 0 0
WIT 7 322 323 315 309 309 1763 0 0 1 327 0 -1 0 0 0 32002 32002 0 0 0 0 0 2023
WIT 7 322 323 304 298 309 1763 0 0 1 361 0 -1 0 0 0 32002 32002 0 0 0 0 0 2023
WIT 7 322 323 304 298 295 0 0 0 0 323 0 -1 0 0 0 32002 32002 0 0 0 0 0 2023
WIT 7 322 323 350 344 355 407 0 0 0 32002 0 -1 0 0 0 32002 32002 0 0 0 0 0 0
WIT 7 322 323 370 364 372 1763 0 0 0 32002 0 -1 0 0 0 32002 32002 0 0 0 0 0 0
WIT 11 322 323 297 276 273 0 0 0 0 323 0 -1 0 0 0 32002 32002 0 0 0 0 0 991
WIT 11 322 323 297 276 272 0 0 0 0 323 0 -1 0 0 0 32002 32002 0 0 0 0 0 360
WIT 8 322 323 281 274 273 0 0 0 0 323 0 -1 0 0 0 32002 32002 0 0 0 0 0 407
WIT 11 322 323 315 305 304 0 0 0 0 323 0 -1 0 0 0 32002 32002 0 0 0 0 0 1763
WIT 10 322 323 291 282 283 407 0 0 1 323 0 -1 0 0 0 32002 32002 0 0 0 0 0 1763
WIT 8 322 323 318 311 311 1763 0 0 1 334 0 -1 0 0 0 32002 32002 0 0 0 0 0 991
WIT 9 322 323 289 272 272 407 0 0 1 323 0 -1 0 0 0 32002 32002 0 0 0 0 0 1827
WIT 9 322 323 285 268 287 1763 0 0 1 321 1 1 29896 1 1 322 319 0 0 0 0 83 0
WIT 7 322 323 313 307 314 0 0 0 0 341 0 -1 0 0 0 32002 32002 0 0 0 0 0 1827
WIT 6 322 323 345 340 324 0 0 0 0 330 0 -1 0 0 0 32002 32002 0 0 0 0 0 1763
WIT 6 322 323 323 318 258 0 0 0 0 319 0 -1 0 0 0 32002 32002 0 0 0 0 0 0
WIT 6 -275 -274 -315 -320 -312 2594 0 0 1 -273 0 -1 0 0 0 32002 32002 0 0 0 0 0 2396
WIT 9 322 323 285 268 248 0 0 0 0 352 0 -1 0 0 0 32002 32002 0 0 0 0 0 353
WIT 9 322 323 330 322 322 405 0 0 1 379 0 -1 0 0 0 32002 32002 0 0 0 0 0 1762
WIT 7 322 323 273 267 285 405 0 0 1 312 1 1 78898 1 1 322 311 0 1 0 1 1 0
WIT 7 322 323 273 260 270 353 0 0 1 322 1 3 -3270 1 1 322 288 2 0 2 0 1 0
WIT 6 322 323 280 275 327 0 0 0 0 32002 0 -1 0 0 0 32002 32002 0 0 0 0 0 0
WIT 7 322 323 351 345 330 0 0 0 0 327 0 -1 0 0 0 32002 32002 0 0 0 0 0 1382
WIT 6 322 323 303 298 363 991 0 0 0 32002 0 -1 0 0 0 32002 32002 0 0 0 0 0 0
WIT 7 322 323 294 288 302 405 0 0 1 330 0 -1 0 0 0 32002 32002 0 0 0 0 0 360
WIT 9 322 323 285 268 232 0 0 0 0 323 0 -1 0 0 0 32002 32002 0 0 0 0 0 1372
WIT 8 322 323 285 278 278 1763 0 0 1 305 1 1 12790 1 1 322 309 0 0 0 0 1 407
WIT 8 322 323 298 291 295 407 0 0 1 325 0 -1 0 0 0 32002 32002 0 0 0 0 0 1763
WIT 7 322 323 289 283 313 1763 0 0 1 413 0 -1 0 0 0 32002 32002 0 0 0 0 0 991
WIT 8 322 323 273 258 284 991 0 0 1 323 0 -1 0 0 0 32002 32002 0 0 0 0 0 1763
WIT 8 322 323 484 477 477 346 0 0 0 32002 0 -1 0 0 0 32002 32002 0 0 0 0 0 0
WIT 8 322 323 306 299 322 991 0 0 1 356 0 -1 0 0 0 32002 32002 0 0 0 0 0 407
WIT 8 322 323 314 307 325 991 0 0 0 32002 0 -1 0 0 0 32002 32002 0 0 0 0 0 0
WIT 8 322 323 305 298 305 991 0 0 1 335 0 -1 0 0 0 32002 32002 0 0 0 0 0 407
WIT 7 322 323 295 289 298 1763 0 0 1 338 0 -1 0 0 0 32002 32002 0 0 0 0 0 1762
WIT 8 322 323 297 290 290 991 0 0 1 325 0 -1 0 0 0 32002 32002 0 0 0 0 0 129
WIT 8 322 323 291 284 308 991 0 0 1 323 0 -1 0 0 0 32002 32002 0 0 0 0 0 129
WIT 8 322 323 320 313 364 991 0 0 0 32002 0 -1 0 0 0 32002 32002 0 0 0 0 0 0
WIT 8 322 323 297 290 332 991 0 0 0 32002 0 -1 0 0 0 32002 32002 0 0 0 0 0 0
WIT 8 322 323 297 290 292 991 0 0 1 329 0 -1 0 0 0 32002 32002 0 0 0 0 0 129
WIT 8 247 323 285 278 252 0 0 0 0 323 0 -1 0 0 0 32002 32002 0 0 0 0 0 49408
WIT 11 322 323 285 275 289 991 0 0 1 323 0 -1 0 0 0 32002 32002 0 0 0 0 0 49408
WIT 11 322 323 286 265 263 0 0 0 0 323 0 -1 0 0 0 32002 32002 0 0 0 0 0 360
WIT 11 322 323 285 275 275 1763 0 0 1 323 0 -1 0 0 0 32002 32002 0 0 0 0 0 49408
WIT 6 -323 -322 -469 -474 -1201 0 0 0 0 -346 0 -1 0 0 0 32002 32002 0 0 0 0 0 0
WIT 8 322 323 295 288 339 991 0 0 0 32002 0 -1 0 0 0 32002 32002 0 0 0 0 0 0
WIT 6 322 323 283 278 360 1164 0 0 0 32002 0 -1 0 0 0 32002 32002 0 0 0 0 0 0
WIT 10 322 323 295 276 259 0 0 0 0 326 0 -1 0 0 0 32002 32002 0 0 0 0 0 1699
WIT 8 322 323 322 315 315 991 0 0 1 333 0 -1 0 0 0 32002 32002 0 0 0 0 0 407
WIT 6 322 323 316 311 326 991 0 0 0 32002 0 -1 0 0 0 32002 32002 0 0 0 0 0 0
WIT 11 322 323 293 272 269 0 0 0 0 323 0 -1 0 0 0 32002 32002 0 0 0 0 0 1827
WIT 10 322 323 325 306 311 346 0 0 1 327 0 -1 0 0 0 32002 32002 0 0 0 0 0 1510
WIT 11 322 323 382 372 372 196 0 0 0 32002 0 -1 0 0 0 32002 32002 0 0 0 0 0 0
WIT 9 322 323 310 293 268 0 0 0 0 372 0 -1 0 0 0 32002 32002 0 0 0 0 0 346
WIT 7 322 323 287 281 340 1510 0 0 0 32002 0 -1 0 0 0 32002 32002 0 0 0 0 0 0
WIT 7 322 323 335 329 358 346 0 0 0 32002 0 -1 0 0 0 32002 32002 0 0 0 0 0 0
WIT 6 322 323 285 280 280 346 0 0 1 330 0 -1 0 0 0 32002 32002 0 0 0 0 0 1510
WIT 6 322 323 309 304 353 346 0 0 0 32002 0 -1 0 0 0 32002 32002 0 0 0 0 0 0
WIT 11 322 323 298 288 303 405 0 0 1 331 0 -1 0 0 0 32002 32002 0 0 0 0 0 1827
WIT 10 322 323 495 486 462 0 0 0 0 515 0 -1 0 0 0 32002 32002 0 0 0 0 0 2476
WIT 9 322 323 341 333 371 0 0 0 0 32002 0 -1 0 0 0 32002 32002 0 0 0 0 0 0
WIT 10 322 323 326 307 300 0 0 0 0 323 0 -1 0 0 0 32002 32002 0 0 0 0 0 1382
WIT 9 322 323 273 265 363 0 0 0 0 32002 0 -1 0 0 0 32002 32002 0 0 0 0 0 0
WIT 9 322 323 325 308 301 0 0 0 0 323 0 -1 0 0 0 32002 32002 0 0 0 0 0 405
WIT 7 322 323 310 304 307 1827 1 0 0 334 0 -1 0 0 0 32002 32002 0 0 0 0 0 405
WIT 7 322 323 309 296 296 1827 1 0 0 337 0 -1 0 0 0 32002 32002 0 0 0 0 0 405
WIT 6 322 323 362 357 400 0 0 0 0 32002 0 -1 0 0 0 32002 32002 0 0 0 0 0 0
WIT 12 322 323 285 262 187 0 0 0 0 323 0 -1 0 0 0 32002 32002 0 0 0 0 0 1372
WIT 7 322 323 312 306 320 407 0 0 1 323 0 -1 0 0 0 32002 32002 0 0 0 0 0 405
WIT 12 322 323 304 281 282 407 0 0 1 323 0 -1 0 0 0 32002 32002 0 0 0 0 0 1372
WIT 11 322 323 323 302 303 407 0 0 1 323 0 -1 0 0 0 32002 32002 0 0 0 0 0 1827
WIT 9 322 323 273 256 257 407 0 0 1 323 0 -1 0 0 0 32002 32002 0 0 0 0 0 1828
WIT 9 322 323 308 300 340 0 0 0 0 32002 0 -1 0 0 0 32002 32002 0 0 0 0 0 0
WIT 9 322 323 286 278 321 0 0 0 0 326 0 -1 0 0 0 32002 32002 0 0 0 0 0 1827
WIT 9 322 323 292 275 316 1827 1 0 0 323 0 -1 0 0 0 32002 32002 0 0 0 0 0 407
WIT 7 322 323 271 265 318 0 0 0 0 546 0 -1 0 0 0 32002 32002 0 0 0 0 0 1762
WIT 7 322 323 288 282 350 1827 1 0 0 32002 0 -1 0 0 0 32002 32002 0 0 0 0 0 0
WIT 6 322 323 463 458 477 0 0 0 0 32002 0 -1 0 0 0 32002 32002 0 0 0 0 0 0
WIT 7 322 323 299 293 322 0 0 0 0 332 0 -1 0 0 0 32002 32002 0 0 0 0 0 1827
WIT 6 322 323 299 294 340 0 0 0 0 32002 0 -1 0 0 0 32002 32002 0 0 0 0 0 0
WIT 7 322 323 280 274 278 1827 1 0 0 323 0 -1 0 0 0 32002 32002 0 0 0 0 0 407
WIT 6 322 323 286 281 349 0 0 0 0 32002 0 -1 0 0 0 32002 32002 0 0 0 0 0 0
WIT 6 322 323 310 305 364 0 0 0 0 32002 0 -1 0 0 0 32002 32002 0 0 0 0 0 0
WIT 7 322 323 325 319 362 0 0 0 0 32002 0 -1 0 0 0 32002 32002 0 0 0 0 0 0
WIT 10 322 323 285 266 263 0 0 0 0 323 0 -1 0 0 0 32002 32002 0 0 0 0 0 49408
WIT 9 322 323 434 426 427 1180 1 0 0 32002 0 -1 0 0 0 32002 32002 0 0 0 0 0 0
WIT 9 322 323 285 268 255 0 0 0 0 336 0 -1 0 0 0 32002 32002 0 0 0 0 0 353
WIT 9 322 323 285 268 283 991 0 0 1 323 0 -1 0 0 0 32002 32002 0 0 0 0 0 49408
WIT 9 322 323 296 279 283 405 0 0 1 323 0 -1 0 0 0 32002 32002 0 0 0 0 0 49408
WIT 11 322 323 285 264 294 405 0 0 1 323 0 -1 0 0 0 32002 32002 0 0 0 0 0 49408
WIT 8 322 323 297 290 311 49408 0 0 1 323 0 -1 0 0 0 32002 32002 0 0 0 0 0 1762
WIT 7 322 323 307 301 321 405 0 0 1 335 0 -1 0 0 0 32002 32002 0 0 0 0 0 49408
WIT 7 322 323 299 293 329 49408 0 0 0 32002 0 -1 0 0 0 32002 32002 0 0 0 0 0 0
WIT 6 322 323 297 292 333 0 0 0 0 32002 0 -1 0 0 0 32002 32002 0 0 0 0 0 0
WIT 6 322 323 287 282 314 49408 0 0 1 312 1 1 80313 1 1 322 330 0 0 0 0 2 49408
WIT 6 322 323 287 282 287 49408 0 0 1 293 1 1 79371 1 1 322 323 0 0 0 0 32 49408
WIT 9 322 323 285 268 234 0 0 0 0 323 0 -1 0 0 0 32002 32002 0 0 0 0 0 1372
WIT 9 322 323 289 272 284 991 0 0 1 352 0 -1 0 0 0 32002 32002 0 0 0 0 0 49408
WIT 9 322 323 285 268 274 407 0 0 1 323 0 -1 0 0 0 32002 32002 0 0 0 0 0 49408
WIT 10 322 323 327 308 246 0 0 0 0 329 0 -1 0 0 0 32002 32002 0 0 0 0 0 1374
WIT 7 322 323 285 279 321 1828 0 0 1 357 0 -1 0 0 0 32002 32002 0 0 0 0 0 1958
WIT 12 322 323 327 304 314 2543 0 0 1 328 0 -1 0 0 0 32002 32002 0 0 0 0 0 1372
WIT 7 322 323 383 377 377 1763 0 0 0 32002 0 -1 0 0 0 32002 32002 0 0 0 0 0 0
WIT 8 322 323 273 266 312 0 0 0 0 323 0 -1 0 0 0 32002 32002 0 0 0 0 0 1827
WIT 7 322 323 393 387 408 1763 0 0 0 32002 0 -1 0 0 0 32002 32002 0 0 0 0 0 0
WIT 11 322 323 323 302 281 0 0 0 0 323 0 -1 0 0 0 32002 32002 0 0 0 0 0 2023
WIT 7 322 323 372 366 430 407 0 0 0 32002 0 -1 0 0 0 32002 32002 0 0 0 0 0 0
WIT 11 322 323 323 302 299 0 0 0 0 323 0 -1 0 0 0 32002 32002 0 0 0 0 0 1828
WIT 11 322 323 341 331 299 0 0 0 0 323 0 -1 0 0 0 32002 32002 0 0 0 0 0 1372
WIT 10 322 323 339 330 329 0 0 0 0 344 0 -1 0 0 0 32002 32002 0 0 0 0 0 926
WIT 10 322 323 323 304 301 0 0 0 0 323 0 -1 0 0 0 32002 32002 0 0 0 0 0 2023
WIT 9 322 323 323 315 310 0 0 0 0 344 0 -1 0 0 0 32002 32002 0 0 0 0 0 2023
WIT 9 322 323 323 315 341 2023 0 0 0 32002 0 -1 0 0 0 32002 32002 0 0 0 0 0 0
WIT 7 322 323 316 310 349 1763 0 0 0 32002 0 -1 0 0 0 32002 32002 0 0 0 0 0 0
WIT 6 322 323 286 281 293 1763 0 0 1 319 1 1 10936 1 1 322 316 0 0 0 0 14 407
WIT 6 322 323 305 300 308 407 0 0 1 545 0 -1 0 0 0 32002 32002 0 0 0 0 0 2023
WIT 6 322 323 267 262 262 407 0 0 1 350 0 -1 0 0 0 32002 32002 0 0 0 0 0 2023
WIT 10 322 323 323 304 280 0 0 0 0 323 0 -1 0 0 0 32002 32002 0 0 0 0 0 991
WIT 6 322 323 273 268 322 0 0 0 0 323 0 -1 0 0 0 32002 32002 0 0 0 0 0 1829
WIT 11 322 323 273 263 271 991 0 0 1 323 0 -1 0 0 0 32002 32002 0 0 0 0 0 1763
WIT 7 322 323 289 283 317 407 0 0 1 401 0 -1 0 0 0 32002 32002 0 0 0 0 0 1763
WIT 6 322 323 275 270 279 991 0 0 1 322 1 1 30509 1 1 322 322 0 0 0 0 8 1763
WIT 8 322 323 303 296 355 0 0 0 0 32002 0 -1 0 0 0 32002 32002 0 0 0 0 0 0
WIT 8 322 323 365 358 445 991 0 0 0 32002 0 -1 0 0 0 32002 32002 0 0 0 0 0 0
WIT 8 322 323 358 351 462 1763 0 0 0 32002 0 -1 0 0 0 32002 32002 0 0 0 0 0 0
WIT 7 322 323 344 331 329 0 0 0 0 335 0 -1 0 0 0 32002 32002 0 0 0 0 0 405
WIT 8 322 323 303 296 368 0 0 0 0 32002 0 -1 0 0 0 32002 32002 0 0 0 0 0 0
WIT 7 322 323 262 256 325 0 0 0 0 32002 0 -1 0 0 0 32002 32002 0 0 0 0 0 0
WIT 8 322 323 275 268 354 0 0 0 0 32002 0 -1 0 0 0 32002 32002 0 0 0 0 0 0
WIT 7 322 323 335 322 316 0 0 0 0 323 0 -1 0 0 0 32002 32002 0 0 0 0 0 405
WIT 7 322 323 317 311 311 1763 0 0 1 326 0 -1 0 0 0 32002 32002 0 0 0 0 0 405
WIT 7 322 323 297 284 280 0 0 0 0 323 0 -1 0 0 0 32002 32002 0 0 0 0 0 1372
WIT 9 322 323 285 268 265 0 0 0 0 323 0 -1 0 0 0 32002 32002 0 0 0 0 0 49408
WIT 8 322 323 289 274 297 407 0 0 1 347 0 -1 0 0 0 32002 32002 0 0 0 0 0 49408
WIT 8 322 323 285 278 296 407 0 0 1 331 0 -1 0 0 0 32002 32002 0 0 0 0 0 49408
WIT 8 322 323 285 278 284 1763 0 0 1 323 0 -1 0 0 0 32002 32002 0 0 0 0 0 49408
WIT 8 322 323 259 252 309 0 0 0 0 456 0 -1 0 0 0 32002 32002 0 0 0 0 0 1764
WIT 8 322 323 301 294 343 1763 0 0 0 32002 0 -1 0 0 0 32002 32002 0 0 0 0 0 0
WIT 8 322 323 269 262 300 1763 0 0 1 351 0 -1 0 0 0 32002 32002 0 0 0 0 0 49408
WIT 9 322 323 285 277 296 1763 0 0 1 323 0 -1 0 0 0 32002 32002 0 0 0 0 0 1762
WIT 8 322 323 289 274 280 1763 0 0 1 323 0 -1 0 0 0 32002 32002 0 0 0 0 0 49408
WIT 8 322 323 290 283 283 1763 0 0 1 336 0 -1 0 0 0 32002 32002 0 0 0 0 0 49408
WIT 8 322 323 309 302 407 1763 0 0 0 32002 0 -1 0 0 0 32002 32002 0 0 0 0 0 0
WIT 8 322 323 287 280 280 991 0 0 1 346 0 -1 0 0 0 32002 32002 0 0 0 0 0 49408
WIT 8 322 323 285 278 281 1763 0 0 1 324 0 -1 0 0 0 32002 32002 0 0 0 0 0 49408
WIT 8 322 323 298 283 283 1763 0 0 1 325 0 -1 0 0 0 32002 32002 0 0 0 0 0 49408
WIT 8 322 323 295 288 296 1763 0 0 1 328 0 -1 0 0 0 32002 32002 0 0 0 0 0 49408
WIT 9 322 323 492 484 485 1187 1 0 0 32002 0 -1 0 0 0 32002 32002 0 0 0 0 0 0
WIT 11 373 374 362 352 352 1164 0 0 1 492 0 -1 0 0 0 32002 32002 0 0 0 0 0 3062
WIT 9 373 374 447 439 449 3062 1 0 0 32002 0 -1 0 0 0 32002 32002 0 0 0 0 0 0
WIT 9 373 374 323 306 296 0 0 0 0 374 0 -1 0 0 0 32002 32002 0 0 0 0 0 2543
WIT 8 373 374 383 376 376 926 0 0 0 32002 0 -1 0 0 0 32002 32002 0 0 0 0 0 0
WIT 7 373 374 323 317 340 0 0 0 0 371 0 -1 0 0 0 32002 32002 0 0 0 0 0 2543
WIT 7 373 374 393 387 387 926 0 0 0 32002 0 -1 0 0 0 32002 32002 0 0 0 0 0 0
WIT 7 373 374 327 314 346 2543 0 0 1 726 0 -1 0 0 0 32002 32002 0 0 0 0 0 1372
WIT 6 373 374 393 388 388 926 0 0 0 32002 0 -1 0 0 0 32002 32002 0 0 0 0 0 0
WIT 6 373 374 407 402 402 926 0 0 0 32002 0 -1 0 0 0 32002 32002 0 0 0 0 0 0
WIT 7 272 374 323 317 261 0 0 0 0 374 0 -1 0 0 0 32002 32002 0 0 0 0 0 2023
WIT 11 373 374 353 343 319 0 0 0 0 374 0 -1 0 0 0 32002 32002 0 0 0 0 0 1372
WIT 10 373 374 342 323 317 0 0 0 0 374 0 -1 0 0 0 32002 32002 0 0 0 0 0 2023
WIT 10 373 374 323 304 328 2543 0 0 1 395 0 -1 0 0 0 32002 32002 0 0 0 0 0 1372
WIT 6 373 374 344 339 269 0 0 0 0 401 0 -1 0 0 0 32002 32002 0 0 0 0 0 1372
WIT 10 373 374 342 323 323 407 0 0 1 374 0 -1 0 0 0 32002 32002 0 0 0 0 0 926
WIT 8 373 374 335 328 328 1763 0 0 1 424 0 -1 0 0 0 32002 32002 0 0 0 0 0 2543
WIT 6 373 374 429 424 424 926 0 0 0 32002 0 -1 0 0 0 32002 32002 0 0 0 0 0 0
WIT 6 373 374 343 338 338 407 0 0 1 386 0 -1 0 0 0 32002 32002 0 0 0 0 0 2543
WIT 9 373 374 323 306 305 0 0 0 0 374 0 -1 0 0 0 32002 32002 0 0 0 0 0 2023
WIT 11 373 374 323 313 374 407 0 0 0 32002 0 -1 0 0 0 32002 32002 0 0 0 0 0 0
WIT 7 -374 -373 -357 -363 -674 0 0 0 0 -284 0 -1 0 0 0 32002 32002 0 0 0 0 0 2267
WIT 9 373 374 336 328 343 407 0 0 1 405 0 -1 0 0 0 32002 32002 0 0 0 0 0 2023
WIT 8 373 374 358 351 366 407 0 0 1 396 0 -1 0 0 0 32002 32002 0 0 0 0 0 2023
WIT 8 373 374 318 311 348 2023 0 0 1 374 0 -1 0 0 0 32002 32002 0 0 0 0 0 407
WIT 7 373 374 372 366 430 407 0 0 0 32002 0 -1 0 0 0 32002 32002 0 0 0 0 0 0
WIT 10 373 374 323 304 301 0 0 0 0 374 0 -1 0 0 0 32002 32002 0 0 0 0 0 1828
WIT 9 373 374 323 306 349 407 0 0 1 374 0 -1 0 0 0 32002 32002 0 0 0 0 0 2023
WIT 8 373 374 359 352 352 407 0 0 1 399 0 -1 0 0 0 32002 32002 0 0 0 0 0 2023
WIT 8 373 374 323 316 340 2023 0 0 1 373 1 1 48325 1 1 373 401 0 0 0 0 15 2023
WIT 11 373 374 323 302 310 1382 0 0 1 374 0 -1 0 0 0 32002 32002 0 0 0 0 0 1180
WIT 8 373 374 323 316 316 2023 0 0 1 382 0 -1 0 0 0 32002 32002 0 0 0 0 0 1382
WIT 6 -374 -373 -225 -230 -263 0 0 0 0 -371 0 -1 0 0 0 32002 32002 0 0 0 0 0 2268
WIT 6 -374 -373 -215 -220 -251 0 0 0 0 -334 0 -1 0 0 0 32002 32002 0 0 0 0 0 3365
WIT 6 -374 -373 -259 -264 -333 0 0 0 0 -345 0 -1 0 0 0 32002 32002 0 0 0 0 0 3567
WIT 6 -374 -373 -278 -283 -291 0 0 0 0 -374 0 -1 0 0 0 32002 32002 0 0 0 0 0 3827
WIT 10 373 374 323 304 288 0 0 0 0 372 0 -1 0 0 0 32002 32002 0 0 0 0 0 0
WIT 9 373 374 323 306 216 0 0 0 0 373 0 -1 0 0 0 32002 32002 0 0 0 0 0 0
WIT 7 272 374 323 317 280 0 0 0 0 342 0 -1 0 0 0 32002 32002 0 0 0 0 0 991
WIT 7 341 342 323 310 317 407 0 0 1 353 0 -1 0 0 0 32002 32002 0 0 0 0 0 405
WIT 7 341 342 273 267 271 405 0 0 1 382 0 -1 0 0 0 32002 32002 0 0 0 0 0 1763
WIT 7 341 342 323 310 276 0 0 0 0 342 0 -1 0 0 0 32002 32002 0 0 0 0 0 1372
WIT 8 341 342 323 316 326 2284 1 0 0 342 0 -1 0 0 0 32002 32002 0 0 0 0 0 1372
WIT 8 341 342 323 316 315 0 0 0 0 340 0 -1 0 0 0 32002 32002 0 0 0 0 0 0
WIT 8 341 342 323 316 287 0 0 0 0 340 0 -1 0 0 0 32002 32002 0 0 0 0 0 0
WIT 7 341 342 323 310 273 0 0 0 0 340 0 -1 0 0 0 32002 32002 0 0 0 0 0 0
WIT 7 -324 -323 -248 -261 -255 3112 0 0 0 32002 0 -1 0 0 0 32002 32002 0 0 0 0 0 0
WIT 7 272 374 323 317 252 0 0 0 0 323 0 -1 0 0 0 32002 32002 0 0 0 0 0 49408

===========================
Total time (ms) : 55
Nodes searched  : 41039
Nodes/second    : 746163
