Indexing opening suite...
Started game 3 of 1000 (candidate vs baseline)
Started game 5 of 1000 (candidate vs baseline)
Started game 2 of 1000 (baseline vs candidate)
Started game 4 of 1000 (baseline vs candidate)
Started game 1 of 1000 (candidate vs baseline)
Started game 6 of 1000 (baseline vs candidate)
Finished game 6 (baseline vs candidate): 1/2-1/2 {Draw by 3-fold repetition}
Started game 7 of 1000 (candidate vs baseline)
Finished game 4 (baseline vs candidate): 1/2-1/2 {Draw by 3-fold repetition}
Started game 8 of 1000 (baseline vs candidate)
Finished game 1 (candidate vs baseline): 1/2-1/2 {Draw by insufficient mating material}
Started game 9 of 1000 (candidate vs baseline)
Finished game 3 (candidate vs baseline): 0-1 {Black wins by adjudication}
Started game 10 of 1000 (baseline vs candidate)
Finished game 7 (candidate vs baseline): 1/2-1/2 {Draw by 3-fold repetition}
Started game 11 of 1000 (candidate vs baseline)
Finished game 2 (baseline vs candidate): 1-0 {White wins by adjudication}
Started game 12 of 1000 (baseline vs candidate)
Finished game 8 (baseline vs candidate): 1-0 {White wins by adjudication}
Started game 13 of 1000 (candidate vs baseline)
Finished game 5 (candidate vs baseline): 1-0 {White wins by adjudication}
Started game 14 of 1000 (baseline vs candidate)
Finished game 9 (candidate vs baseline): 0-1 {Black wins by adjudication}
Started game 15 of 1000 (candidate vs baseline)
Finished game 11 (candidate vs baseline): 1-0 {White wins by adjudication}
Started game 16 of 1000 (baseline vs candidate)
Finished game 10 (baseline vs candidate): 1/2-1/2 {Draw by 3-fold repetition}
Started game 17 of 1000 (candidate vs baseline)
Finished game 12 (baseline vs candidate): 1-0 {White wins by adjudication}
Started game 18 of 1000 (baseline vs candidate)
Finished game 14 (baseline vs candidate): 1/2-1/2 {Draw by insufficient mating material}
Started game 19 of 1000 (candidate vs baseline)
Finished game 13 (candidate vs baseline): 1-0 {White wins by adjudication}
Started game 20 of 1000 (baseline vs candidate)
Finished game 17 (candidate vs baseline): 1/2-1/2 {Draw by 3-fold repetition}
Started game 21 of 1000 (candidate vs baseline)
Finished game 15 (candidate vs baseline): 1-0 {White wins by adjudication}
Started game 22 of 1000 (baseline vs candidate)
Finished game 16 (baseline vs candidate): 1-0 {White wins by adjudication}
Started game 23 of 1000 (candidate vs baseline)
Finished game 20 (baseline vs candidate): 1/2-1/2 {Draw by 3-fold repetition}
Started game 24 of 1000 (baseline vs candidate)
Finished game 18 (baseline vs candidate): 1/2-1/2 {Draw by adjudication}
Started game 25 of 1000 (candidate vs baseline)
Finished game 19 (candidate vs baseline): 1-0 {White wins by adjudication}
Started game 26 of 1000 (baseline vs candidate)
Finished game 22 (baseline vs candidate): 0-1 {Black wins by adjudication}
Started game 27 of 1000 (candidate vs baseline)
Finished game 21 (candidate vs baseline): 0-1 {Black wins by adjudication}
Started game 28 of 1000 (baseline vs candidate)
Finished game 24 (baseline vs candidate): 1/2-1/2 {Draw by 3-fold repetition}
Started game 29 of 1000 (candidate vs baseline)
Finished game 23 (candidate vs baseline): 1-0 {White wins by adjudication}
Started game 30 of 1000 (baseline vs candidate)
Finished game 25 (candidate vs baseline): 1-0 {White wins by adjudication}
Started game 31 of 1000 (candidate vs baseline)
Finished game 26 (baseline vs candidate): 1-0 {White wins by adjudication}
Started game 32 of 1000 (baseline vs candidate)
Finished game 27 (candidate vs baseline): 0-1 {Black wins by adjudication}
Started game 33 of 1000 (candidate vs baseline)
Finished game 28 (baseline vs candidate): 0-1 {Black wins by adjudication}
Started game 34 of 1000 (baseline vs candidate)
Finished game 30 (baseline vs candidate): 1/2-1/2 {Draw by adjudication}
Started game 35 of 1000 (candidate vs baseline)
Finished game 29 (candidate vs baseline): 1-0 {White wins by adjudication}
Started game 36 of 1000 (baseline vs candidate)
Finished game 32 (baseline vs candidate): 1/2-1/2 {Draw by adjudication}
Started game 37 of 1000 (candidate vs baseline)
Finished game 31 (candidate vs baseline): 1-0 {White wins by adjudication}
Started game 38 of 1000 (baseline vs candidate)
Finished game 35 (candidate vs baseline): 0-1 {Black wins by adjudication}
Started game 39 of 1000 (candidate vs baseline)
Finished game 33 (candidate vs baseline): 0-1 {Black wins by adjudication}
Started game 40 of 1000 (baseline vs candidate)
Finished game 38 (baseline vs candidate): 1/2-1/2 {Draw by 3-fold repetition}
Started game 41 of 1000 (candidate vs baseline)
Finished game 37 (candidate vs baseline): 1-0 {White wins by adjudication}
Started game 42 of 1000 (baseline vs candidate)
Finished game 39 (candidate vs baseline): 0-1 {Black wins by adjudication}
Started game 43 of 1000 (candidate vs baseline)
Finished game 36 (baseline vs candidate): 0-1 {Black wins by adjudication}
Started game 44 of 1000 (baseline vs candidate)
Finished game 34 (baseline vs candidate): 0-1 {Black wins by adjudication}
Started game 45 of 1000 (candidate vs baseline)
Finished game 40 (baseline vs candidate): 1/2-1/2 {Draw by adjudication}
Started game 46 of 1000 (baseline vs candidate)
Finished game 42 (baseline vs candidate): 1-0 {White wins by adjudication}
Started game 47 of 1000 (candidate vs baseline)
Finished game 44 (baseline vs candidate): 1/2-1/2 {Draw by adjudication}
Started game 48 of 1000 (baseline vs candidate)
Finished game 41 (candidate vs baseline): 1-0 {White wins by adjudication}
Started game 49 of 1000 (candidate vs baseline)
Finished game 43 (candidate vs baseline): 0-1 {Black wins by adjudication}
Started game 50 of 1000 (baseline vs candidate)
Finished game 46 (baseline vs candidate): 1-0 {White wins by adjudication}
Started game 51 of 1000 (candidate vs baseline)
Finished game 45 (candidate vs baseline): 1/2-1/2 {Draw by adjudication}
Started game 52 of 1000 (baseline vs candidate)
Finished game 48 (baseline vs candidate): 0-1 {Black wins by adjudication}
Started game 53 of 1000 (candidate vs baseline)
Finished game 47 (candidate vs baseline): 0-1 {Black wins by adjudication}
Started game 54 of 1000 (baseline vs candidate)
Finished game 49 (candidate vs baseline): 1/2-1/2 {Draw by adjudication}
Started game 55 of 1000 (candidate vs baseline)
Finished game 51 (candidate vs baseline): 0-1 {Black wins by adjudication}
Started game 56 of 1000 (baseline vs candidate)
Finished game 50 (baseline vs candidate): 1/2-1/2 {Draw by adjudication}
Started game 57 of 1000 (candidate vs baseline)
Finished game 52 (baseline vs candidate): 0-1 {Black wins by adjudication}
Started game 58 of 1000 (baseline vs candidate)
Finished game 53 (candidate vs baseline): 1-0 {White wins by adjudication}
Started game 59 of 1000 (candidate vs baseline)
Finished game 56 (baseline vs candidate): 1/2-1/2 {Draw by adjudication}
Started game 60 of 1000 (baseline vs candidate)
Finished game 55 (candidate vs baseline): 1-0 {White wins by adjudication}
Started game 61 of 1000 (candidate vs baseline)
Finished game 54 (baseline vs candidate): 0-1 {Black wins by adjudication}
Started game 62 of 1000 (baseline vs candidate)
Finished game 59 (candidate vs baseline): 1-0 {White wins by adjudication}
Started game 63 of 1000 (candidate vs baseline)
Finished game 60 (baseline vs candidate): 1-0 {White wins by adjudication}
Started game 64 of 1000 (baseline vs candidate)
Finished game 62 (baseline vs candidate): 1/2-1/2 {Draw by 3-fold repetition}
Started game 65 of 1000 (candidate vs baseline)
Finished game 58 (baseline vs candidate): 0-1 {Black wins by adjudication}
Started game 66 of 1000 (baseline vs candidate)
Finished game 61 (candidate vs baseline): 1/2-1/2 {Draw by adjudication}
Started game 67 of 1000 (candidate vs baseline)
Finished game 57 (candidate vs baseline): 0-1 {Black wins by adjudication}
Started game 68 of 1000 (baseline vs candidate)
Finished game 63 (candidate vs baseline): 0-1 {Black wins by adjudication}
Started game 69 of 1000 (candidate vs baseline)
Finished game 65 (candidate vs baseline): 1/2-1/2 {Draw by stalemate}
Started game 70 of 1000 (baseline vs candidate)
Finished game 67 (candidate vs baseline): 1/2-1/2 {Draw by adjudication}
Started game 71 of 1000 (candidate vs baseline)
Finished game 64 (baseline vs candidate): 0-1 {Black wins by adjudication}
Started game 72 of 1000 (baseline vs candidate)
Finished game 68 (baseline vs candidate): 1-0 {White wins by adjudication}
Started game 73 of 1000 (candidate vs baseline)
Finished game 66 (baseline vs candidate): 0-1 {Black wins by adjudication}
Started game 74 of 1000 (baseline vs candidate)
Finished game 69 (candidate vs baseline): 1/2-1/2 {Draw by 3-fold repetition}
Started game 75 of 1000 (candidate vs baseline)
Finished game 71 (candidate vs baseline): 0-1 {Black wins by adjudication}
Started game 76 of 1000 (baseline vs candidate)
Finished game 74 (baseline vs candidate): 1-0 {White wins by adjudication}
Started game 77 of 1000 (candidate vs baseline)
Finished game 70 (baseline vs candidate): 1/2-1/2 {Draw by adjudication}
Started game 78 of 1000 (baseline vs candidate)
Finished game 72 (baseline vs candidate): 1/2-1/2 {Draw by 3-fold repetition}
Started game 79 of 1000 (candidate vs baseline)
Finished game 73 (candidate vs baseline): 1/2-1/2 {Draw by 3-fold repetition}
Started game 80 of 1000 (baseline vs candidate)
Finished game 76 (baseline vs candidate): 1/2-1/2 {Draw by insufficient mating material}
Started game 81 of 1000 (candidate vs baseline)
Finished game 77 (candidate vs baseline): 1-0 {White wins by adjudication}
Started game 82 of 1000 (baseline vs candidate)
Finished game 78 (baseline vs candidate): 1-0 {White wins by adjudication}
Started game 83 of 1000 (candidate vs baseline)
Finished game 79 (candidate vs baseline): 0-1 {Black wins by adjudication}
Started game 84 of 1000 (baseline vs candidate)
Finished game 80 (baseline vs candidate): 0-1 {Black wins by adjudication}
Started game 85 of 1000 (candidate vs baseline)
Finished game 75 (candidate vs baseline): 1-0 {White wins by adjudication}
Started game 86 of 1000 (baseline vs candidate)
Finished game 81 (candidate vs baseline): 1-0 {White wins by adjudication}
Started game 87 of 1000 (candidate vs baseline)
Finished game 82 (baseline vs candidate): 1/2-1/2 {Draw by insufficient mating material}
Started game 88 of 1000 (baseline vs candidate)
Finished game 87 (candidate vs baseline): 1/2-1/2 {Draw by 3-fold repetition}
Started game 89 of 1000 (candidate vs baseline)
Finished game 86 (baseline vs candidate): 1/2-1/2 {Draw by 3-fold repetition}
Started game 90 of 1000 (baseline vs candidate)
Finished game 85 (candidate vs baseline): 1/2-1/2 {Draw by adjudication}
Started game 91 of 1000 (candidate vs baseline)
Finished game 84 (baseline vs candidate): 0-1 {Black wins by adjudication}
Started game 92 of 1000 (baseline vs candidate)
Finished game 83 (candidate vs baseline): 1-0 {White wins by adjudication}
Started game 93 of 1000 (candidate vs baseline)
Finished game 88 (baseline vs candidate): 1/2-1/2 {Draw by 3-fold repetition}
Started game 94 of 1000 (baseline vs candidate)
Finished game 91 (candidate vs baseline): 1/2-1/2 {Draw by 3-fold repetition}
Started game 95 of 1000 (candidate vs baseline)
Finished game 90 (baseline vs candidate): 0-1 {Black wins by adjudication}
Started game 96 of 1000 (baseline vs candidate)
Finished game 89 (candidate vs baseline): 0-1 {Black wins by adjudication}
Started game 97 of 1000 (candidate vs baseline)
Finished game 93 (candidate vs baseline): 0-1 {Black wins by adjudication}
Started game 98 of 1000 (baseline vs candidate)
Finished game 92 (baseline vs candidate): 1/2-1/2 {Draw by insufficient mating material}
Started game 99 of 1000 (candidate vs baseline)
Finished game 94 (baseline vs candidate): 1/2-1/2 {Draw by adjudication}
Started game 100 of 1000 (baseline vs candidate)
Finished game 97 (candidate vs baseline): 0-1 {Black wins by adjudication}
Started game 101 of 1000 (candidate vs baseline)
Finished game 95 (candidate vs baseline): 1/2-1/2 {Draw by adjudication}
Started game 102 of 1000 (baseline vs candidate)
Finished game 98 (baseline vs candidate): 1/2-1/2 {Draw by insufficient mating material}
Started game 103 of 1000 (candidate vs baseline)
Finished game 99 (candidate vs baseline): 0-1 {Black wins by adjudication}
Started game 104 of 1000 (baseline vs candidate)
Finished game 96 (baseline vs candidate): 0-1 {Black wins by adjudication}
Started game 105 of 1000 (candidate vs baseline)
Finished game 102 (baseline vs candidate): 1/2-1/2 {Draw by adjudication}
Started game 106 of 1000 (baseline vs candidate)
Finished game 100 (baseline vs candidate): 0-1 {Black wins by adjudication}
Started game 107 of 1000 (candidate vs baseline)
Finished game 103 (candidate vs baseline): 1-0 {White wins by adjudication}
Started game 108 of 1000 (baseline vs candidate)
Finished game 101 (candidate vs baseline): 1-0 {White wins by adjudication}
Started game 109 of 1000 (candidate vs baseline)
Finished game 107 (candidate vs baseline): 1/2-1/2 {Draw by 3-fold repetition}
Started game 110 of 1000 (baseline vs candidate)
Finished game 106 (baseline vs candidate): 0-1 {Black wins by adjudication}
Started game 111 of 1000 (candidate vs baseline)
Finished game 104 (baseline vs candidate): 1/2-1/2 {Draw by insufficient mating material}
Started game 112 of 1000 (baseline vs candidate)
Finished game 105 (candidate vs baseline): 0-1 {Black wins by adjudication}
Started game 113 of 1000 (candidate vs baseline)
Finished game 110 (baseline vs candidate): 0-1 {Black wins by adjudication}
Started game 114 of 1000 (baseline vs candidate)
Finished game 109 (candidate vs baseline): 0-1 {Black wins by adjudication}
Started game 115 of 1000 (candidate vs baseline)
Finished game 108 (baseline vs candidate): 1-0 {White wins by adjudication}
Started game 116 of 1000 (baseline vs candidate)
Finished game 112 (baseline vs candidate): 1/2-1/2 {Draw by 3-fold repetition}
Started game 117 of 1000 (candidate vs baseline)
Finished game 113 (candidate vs baseline): 1/2-1/2 {Draw by insufficient mating material}
Started game 118 of 1000 (baseline vs candidate)
Finished game 111 (candidate vs baseline): 1-0 {White wins by adjudication}
Started game 119 of 1000 (candidate vs baseline)
Finished game 117 (candidate vs baseline): 1/2-1/2 {Draw by 3-fold repetition}
Started game 120 of 1000 (baseline vs candidate)
Finished game 116 (baseline vs candidate): 1/2-1/2 {Draw by adjudication}
Started game 121 of 1000 (candidate vs baseline)
Finished game 115 (candidate vs baseline): 0-1 {Black wins by adjudication}
Started game 122 of 1000 (baseline vs candidate)
Finished game 119 (candidate vs baseline): 1/2-1/2 {Draw by 3-fold repetition}
Started game 123 of 1000 (candidate vs baseline)
Finished game 118 (baseline vs candidate): 0-1 {Black wins by adjudication}
Started game 124 of 1000 (baseline vs candidate)
Finished game 114 (baseline vs candidate): 1/2-1/2 {Draw by adjudication}
Started game 125 of 1000 (candidate vs baseline)
Finished game 121 (candidate vs baseline): 1/2-1/2 {Draw by 3-fold repetition}
Started game 126 of 1000 (baseline vs candidate)
Finished game 123 (candidate vs baseline): 1/2-1/2 {Draw by adjudication}
Started game 127 of 1000 (candidate vs baseline)
Finished game 124 (baseline vs candidate): 0-1 {Black wins by adjudication}
Started game 128 of 1000 (baseline vs candidate)
Finished game 122 (baseline vs candidate): 1-0 {White wins by adjudication}
Started game 129 of 1000 (candidate vs baseline)
Finished game 120 (baseline vs candidate): 1-0 {White wins by adjudication}
Started game 130 of 1000 (baseline vs candidate)
Finished game 126 (baseline vs candidate): 1/2-1/2 {Draw by adjudication}
Started game 131 of 1000 (candidate vs baseline)
Finished game 125 (candidate vs baseline): 1/2-1/2 {Draw by fifty moves rule}
Started game 132 of 1000 (baseline vs candidate)
Finished game 127 (candidate vs baseline): 0-1 {Black wins by adjudication}
Started game 133 of 1000 (candidate vs baseline)
Finished game 130 (baseline vs candidate): 1/2-1/2 {Draw by 3-fold repetition}
Started game 134 of 1000 (baseline vs candidate)
Finished game 128 (baseline vs candidate): 1/2-1/2 {Draw by insufficient mating material}
Started game 135 of 1000 (candidate vs baseline)
Finished game 129 (candidate vs baseline): 0-1 {Black wins by adjudication}
Started game 136 of 1000 (baseline vs candidate)
Finished game 131 (candidate vs baseline): 1/2-1/2 {Draw by adjudication}
Started game 137 of 1000 (candidate vs baseline)
Finished game 133 (candidate vs baseline): 1/2-1/2 {Draw by adjudication}
Started game 138 of 1000 (baseline vs candidate)
Finished game 135 (candidate vs baseline): 1/2-1/2 {Draw by adjudication}
Started game 139 of 1000 (candidate vs baseline)
Finished game 134 (baseline vs candidate): 0-1 {Black wins by adjudication}
Started game 140 of 1000 (baseline vs candidate)
Finished game 132 (baseline vs candidate): 1/2-1/2 {Draw by insufficient mating material}
Started game 141 of 1000 (candidate vs baseline)
Finished game 136 (baseline vs candidate): 0-1 {Black wins by adjudication}
Started game 142 of 1000 (baseline vs candidate)
Finished game 137 (candidate vs baseline): 1-0 {White wins by adjudication}
Started game 143 of 1000 (candidate vs baseline)
Finished game 139 (candidate vs baseline): 1/2-1/2 {Draw by adjudication}
Started game 144 of 1000 (baseline vs candidate)
Finished game 138 (baseline vs candidate): 1/2-1/2 {Draw by insufficient mating material}
Started game 145 of 1000 (candidate vs baseline)
Finished game 143 (candidate vs baseline): 1/2-1/2 {Draw by stalemate}
Started game 146 of 1000 (baseline vs candidate)
Finished game 140 (baseline vs candidate): 0-1 {Black wins by adjudication}
Started game 147 of 1000 (candidate vs baseline)
Finished game 141 (candidate vs baseline): 0-1 {Black wins by adjudication}
Started game 148 of 1000 (baseline vs candidate)
Finished game 144 (baseline vs candidate): 1/2-1/2 {Draw by 3-fold repetition}
Started game 149 of 1000 (candidate vs baseline)
Finished game 142 (baseline vs candidate): 0-1 {Black wins by adjudication}
Started game 150 of 1000 (baseline vs candidate)
Finished game 145 (candidate vs baseline): 1/2-1/2 {Draw by insufficient mating material}
Started game 151 of 1000 (candidate vs baseline)
Finished game 146 (baseline vs candidate): 1/2-1/2 {Draw by adjudication}
Started game 152 of 1000 (baseline vs candidate)
Finished game 147 (candidate vs baseline): 1/2-1/2 {Draw by 3-fold repetition}
Started game 153 of 1000 (candidate vs baseline)
Finished game 148 (baseline vs candidate): 0-1 {Black wins by adjudication}
Started game 154 of 1000 (baseline vs candidate)
Finished game 149 (candidate vs baseline): 1/2-1/2 {Draw by adjudication}
Started game 155 of 1000 (candidate vs baseline)
Finished game 150 (baseline vs candidate): 1-0 {White wins by adjudication}
Started game 156 of 1000 (baseline vs candidate)
Finished game 151 (candidate vs baseline): 1/2-1/2 {Draw by adjudication}
Started game 157 of 1000 (candidate vs baseline)
Finished game 154 (baseline vs candidate): 1-0 {White wins by adjudication}
Started game 158 of 1000 (baseline vs candidate)
Finished game 152 (baseline vs candidate): 0-1 {Black wins by adjudication}
Started game 159 of 1000 (candidate vs baseline)
Finished game 153 (candidate vs baseline): 1-0 {White wins by adjudication}
Started game 160 of 1000 (baseline vs candidate)
Finished game 156 (baseline vs candidate): 0-1 {Black wins by adjudication}
Started game 161 of 1000 (candidate vs baseline)
Finished game 155 (candidate vs baseline): 0-1 {Black wins by adjudication}
Started game 162 of 1000 (baseline vs candidate)
Finished game 157 (candidate vs baseline): 1/2-1/2 {Draw by 3-fold repetition}
Started game 163 of 1000 (candidate vs baseline)
Finished game 159 (candidate vs baseline): 1/2-1/2 {Draw by 3-fold repetition}
Started game 164 of 1000 (baseline vs candidate)
Finished game 162 (baseline vs candidate): 1/2-1/2 {Draw by 3-fold repetition}
Started game 165 of 1000 (candidate vs baseline)
Finished game 161 (candidate vs baseline): 0-1 {Black wins by adjudication}
Started game 166 of 1000 (baseline vs candidate)
Finished game 158 (baseline vs candidate): 0-1 {Black wins by adjudication}
Started game 167 of 1000 (candidate vs baseline)
Finished game 160 (baseline vs candidate): 0-1 {Black wins by adjudication}
Started game 168 of 1000 (baseline vs candidate)
Finished game 166 (baseline vs candidate): 1-0 {White wins by adjudication}
Started game 169 of 1000 (candidate vs baseline)
Finished game 164 (baseline vs candidate): 1-0 {White wins by adjudication}
Started game 170 of 1000 (baseline vs candidate)
Finished game 167 (candidate vs baseline): 1/2-1/2 {Draw by 3-fold repetition}
Started game 171 of 1000 (candidate vs baseline)
Finished game 165 (candidate vs baseline): 1/2-1/2 {Draw by insufficient mating material}
Started game 172 of 1000 (baseline vs candidate)
Finished game 163 (candidate vs baseline): 1-0 {White wins by adjudication}
Started game 173 of 1000 (candidate vs baseline)
Finished game 168 (baseline vs candidate): 1/2-1/2 {Draw by adjudication}
Started game 174 of 1000 (baseline vs candidate)
Finished game 171 (candidate vs baseline): 1/2-1/2 {Draw by adjudication}
Started game 175 of 1000 (candidate vs baseline)
Finished game 170 (baseline vs candidate): 1/2-1/2 {Draw by adjudication}
Started game 176 of 1000 (baseline vs candidate)
Finished game 172 (baseline vs candidate): 1-0 {White wins by adjudication}
Started game 177 of 1000 (candidate vs baseline)
Finished game 174 (baseline vs candidate): 1/2-1/2 {Draw by insufficient mating material}
Started game 178 of 1000 (baseline vs candidate)
Finished game 169 (candidate vs baseline): 1-0 {White wins by adjudication}
Started game 179 of 1000 (candidate vs baseline)
Finished game 173 (candidate vs baseline): 1/2-1/2 {Draw by adjudication}
Started game 180 of 1000 (baseline vs candidate)
Finished game 175 (candidate vs baseline): 1/2-1/2 {Draw by adjudication}
Started game 181 of 1000 (candidate vs baseline)
Finished game 176 (baseline vs candidate): 0-1 {Black wins by adjudication}
Started game 182 of 1000 (baseline vs candidate)
Finished game 179 (candidate vs baseline): 1/2-1/2 {Draw by 3-fold repetition}
Started game 183 of 1000 (candidate vs baseline)
Finished game 177 (candidate vs baseline): 1-0 {White wins by adjudication}
Started game 184 of 1000 (baseline vs candidate)
Finished game 182 (baseline vs candidate): 1/2-1/2 {Draw by 3-fold repetition}
Started game 185 of 1000 (candidate vs baseline)
Finished game 180 (baseline vs candidate): 1/2-1/2 {Draw by adjudication}
Started game 186 of 1000 (baseline vs candidate)
Finished game 181 (candidate vs baseline): 1/2-1/2 {Draw by 3-fold repetition}
Started game 187 of 1000 (candidate vs baseline)
Finished game 183 (candidate vs baseline): 1/2-1/2 {Draw by 3-fold repetition}
Started game 188 of 1000 (baseline vs candidate)
Finished game 178 (baseline vs candidate): 1/2-1/2 {Draw by adjudication}
Started game 189 of 1000 (candidate vs baseline)
Finished game 185 (candidate vs baseline): 1-0 {White wins by adjudication}
Started game 190 of 1000 (baseline vs candidate)
Finished game 187 (candidate vs baseline): 1-0 {White wins by adjudication}
Started game 191 of 1000 (candidate vs baseline)
Finished game 184 (baseline vs candidate): 0-1 {Black wins by adjudication}
Started game 192 of 1000 (baseline vs candidate)
Finished game 186 (baseline vs candidate): 1/2-1/2 {Draw by 3-fold repetition}
Started game 193 of 1000 (candidate vs baseline)
Finished game 189 (candidate vs baseline): 1/2-1/2 {Draw by adjudication}
Started game 194 of 1000 (baseline vs candidate)
Finished game 188 (baseline vs candidate): 1-0 {White wins by adjudication}
Started game 195 of 1000 (candidate vs baseline)
Finished game 191 (candidate vs baseline): 1/2-1/2 {Draw by 3-fold repetition}
Started game 196 of 1000 (baseline vs candidate)
Finished game 190 (baseline vs candidate): 1/2-1/2 {Draw by adjudication}
Started game 197 of 1000 (candidate vs baseline)
Finished game 192 (baseline vs candidate): 0-1 {Black wins by adjudication}
Started game 198 of 1000 (baseline vs candidate)
Finished game 193 (candidate vs baseline): 1/2-1/2 {Draw by adjudication}
Started game 199 of 1000 (candidate vs baseline)
Finished game 194 (baseline vs candidate): 1/2-1/2 {Draw by 3-fold repetition}
Started game 200 of 1000 (baseline vs candidate)
Finished game 195 (candidate vs baseline): 1/2-1/2 {Draw by insufficient mating material}
Started game 201 of 1000 (candidate vs baseline)
Finished game 196 (baseline vs candidate): 1/2-1/2 {Draw by 3-fold repetition}
Started game 202 of 1000 (baseline vs candidate)
Finished game 197 (candidate vs baseline): 1/2-1/2 {Draw by 3-fold repetition}
Started game 203 of 1000 (candidate vs baseline)
Finished game 198 (baseline vs candidate): 1-0 {White wins by adjudication}
Started game 204 of 1000 (baseline vs candidate)
Finished game 199 (candidate vs baseline): 0-1 {Black wins by adjudication}
Started game 205 of 1000 (candidate vs baseline)
Finished game 200 (baseline vs candidate): 1/2-1/2 {Draw by insufficient mating material}
--------------------------------------------------
Results of candidate vs baseline (1+0.01, 1t, 16MB, UHO_Lichess_4852_v1.epd):
Elo: 19.13 +/- 26.90, nElo: 34.38 +/- 48.15
LOS: 91.91 %, DrawRatio: 43.00 %, PairsRatio: 1.38
Games: 200, Wins: 59, Losses: 48, Draws: 93, Points: 105.5 (52.75 %)
Ptnml(0-2): [0, 24, 43, 31, 2], WL/DD Ratio: 1.26
--------------------------------------------------
Started game 206 of 1000 (baseline vs candidate)
Finished game 201 (candidate vs baseline): 1-0 {White wins by adjudication}
Started game 207 of 1000 (candidate vs baseline)
Finished game 206 (baseline vs candidate): 0-1 {Black wins by adjudication}
Started game 208 of 1000 (baseline vs candidate)
Finished game 202 (baseline vs candidate): 1-0 {White wins by adjudication}
Started game 209 of 1000 (candidate vs baseline)
Finished game 205 (candidate vs baseline): 0-1 {Black wins by adjudication}
Started game 210 of 1000 (baseline vs candidate)
Finished game 203 (candidate vs baseline): 0-1 {Black wins by adjudication}
Started game 211 of 1000 (candidate vs baseline)
Finished game 207 (candidate vs baseline): 1-0 {White wins by adjudication}
Started game 212 of 1000 (baseline vs candidate)
Finished game 204 (baseline vs candidate): 1/2-1/2 {Draw by fifty moves rule}
Started game 213 of 1000 (candidate vs baseline)
Finished game 208 (baseline vs candidate): 1/2-1/2 {Draw by adjudication}
Started game 214 of 1000 (baseline vs candidate)
Finished game 211 (candidate vs baseline): 1/2-1/2 {Draw by adjudication}
Started game 215 of 1000 (candidate vs baseline)
Finished game 209 (candidate vs baseline): 1-0 {White wins by adjudication}
Started game 216 of 1000 (baseline vs candidate)
Finished game 213 (candidate vs baseline): 1/2-1/2 {Draw by adjudication}
Started game 217 of 1000 (candidate vs baseline)
Finished game 210 (baseline vs candidate): 1-0 {White wins by adjudication}
Started game 218 of 1000 (baseline vs candidate)
Finished game 212 (baseline vs candidate): 0-1 {Black wins by adjudication}
Started game 219 of 1000 (candidate vs baseline)
Finished game 216 (baseline vs candidate): 0-1 {Black wins by adjudication}
Started game 220 of 1000 (baseline vs candidate)
Finished game 215 (candidate vs baseline): 1/2-1/2 {Draw by 3-fold repetition}
Started game 221 of 1000 (candidate vs baseline)
Finished game 214 (baseline vs candidate): 1/2-1/2 {Draw by 3-fold repetition}
Started game 222 of 1000 (baseline vs candidate)
Finished game 221 (candidate vs baseline): 1/2-1/2 {Draw by 3-fold repetition}
Started game 223 of 1000 (candidate vs baseline)
Finished game 220 (baseline vs candidate): 1/2-1/2 {Draw by adjudication}
Started game 224 of 1000 (baseline vs candidate)
Finished game 218 (baseline vs candidate): 1-0 {White wins by adjudication}
Started game 225 of 1000 (candidate vs baseline)
Finished game 217 (candidate vs baseline): 1-0 {White wins by adjudication}
Started game 226 of 1000 (baseline vs candidate)
Finished game 219 (candidate vs baseline): 1/2-1/2 {Draw by adjudication}
Started game 227 of 1000 (candidate vs baseline)
Finished game 223 (candidate vs baseline): 1-0 {White wins by adjudication}
Started game 228 of 1000 (baseline vs candidate)
Finished game 224 (baseline vs candidate): 1/2-1/2 {Draw by 3-fold repetition}
Started game 229 of 1000 (candidate vs baseline)
Finished game 222 (baseline vs candidate): 0-1 {Black wins by adjudication}
Started game 230 of 1000 (baseline vs candidate)
Finished game 226 (baseline vs candidate): 1-0 {White wins by adjudication}
Started game 231 of 1000 (candidate vs baseline)
Finished game 227 (candidate vs baseline): 1/2-1/2 {Draw by 3-fold repetition}
Started game 232 of 1000 (baseline vs candidate)
Finished game 228 (baseline vs candidate): 1/2-1/2 {Draw by 3-fold repetition}
Started game 233 of 1000 (candidate vs baseline)
Finished game 230 (baseline vs candidate): 0-1 {Black wins by adjudication}
Started game 234 of 1000 (baseline vs candidate)
Finished game 229 (candidate vs baseline): 1/2-1/2 {Draw by adjudication}
Started game 235 of 1000 (candidate vs baseline)
Finished game 225 (candidate vs baseline): 1-0 {White wins by adjudication}
Started game 236 of 1000 (baseline vs candidate)
Finished game 231 (candidate vs baseline): 0-1 {Black wins by adjudication}
Started game 237 of 1000 (candidate vs baseline)
Finished game 232 (baseline vs candidate): 0-1 {Black wins by adjudication}
Started game 238 of 1000 (baseline vs candidate)
Finished game 236 (baseline vs candidate): 1/2-1/2 {Draw by adjudication}
Started game 239 of 1000 (candidate vs baseline)
Finished game 233 (candidate vs baseline): 1-0 {White wins by adjudication}
Started game 240 of 1000 (baseline vs candidate)
Finished game 235 (candidate vs baseline): 1-0 {White wins by adjudication}
Started game 241 of 1000 (candidate vs baseline)
Finished game 234 (baseline vs candidate): 1-0 {White wins by adjudication}
Started game 242 of 1000 (baseline vs candidate)
Finished game 237 (candidate vs baseline): 1/2-1/2 {Draw by insufficient mating material}
Started game 243 of 1000 (candidate vs baseline)
Finished game 238 (baseline vs candidate): 1/2-1/2 {Draw by 3-fold repetition}
Started game 244 of 1000 (baseline vs candidate)
Finished game 239 (candidate vs baseline): 0-1 {Black wins by adjudication}
Started game 245 of 1000 (candidate vs baseline)
Finished game 240 (baseline vs candidate): 0-1 {Black wins by adjudication}
Started game 246 of 1000 (baseline vs candidate)
Finished game 242 (baseline vs candidate): 1-0 {White wins by adjudication}
Started game 247 of 1000 (candidate vs baseline)
Finished game 241 (candidate vs baseline): 0-1 {Black wins by adjudication}
Started game 248 of 1000 (baseline vs candidate)
Finished game 245 (candidate vs baseline): 1-0 {White wins by adjudication}
Started game 249 of 1000 (candidate vs baseline)
Finished game 243 (candidate vs baseline): 1/2-1/2 {Draw by adjudication}
Started game 250 of 1000 (baseline vs candidate)
Finished game 244 (baseline vs candidate): 1/2-1/2 {Draw by adjudication}
Started game 251 of 1000 (candidate vs baseline)
Finished game 246 (baseline vs candidate): 1-0 {White wins by adjudication}
Started game 252 of 1000 (baseline vs candidate)
Finished game 247 (candidate vs baseline): 1/2-1/2 {Draw by 3-fold repetition}
Started game 253 of 1000 (candidate vs baseline)
Finished game 252 (baseline vs candidate): 0-1 {Black wins by adjudication}
Started game 254 of 1000 (baseline vs candidate)
Finished game 248 (baseline vs candidate): 1/2-1/2 {Draw by adjudication}
Started game 255 of 1000 (candidate vs baseline)
Finished game 251 (candidate vs baseline): 0-1 {Black wins by adjudication}
Started game 256 of 1000 (baseline vs candidate)
Finished game 250 (baseline vs candidate): 1-0 {White wins by adjudication}
Started game 257 of 1000 (candidate vs baseline)
Finished game 249 (candidate vs baseline): 1-0 {White wins by adjudication}
Started game 258 of 1000 (baseline vs candidate)
Finished game 255 (candidate vs baseline): 1-0 {White wins by adjudication}
Started game 259 of 1000 (candidate vs baseline)
Finished game 253 (candidate vs baseline): 1/2-1/2 {Draw by adjudication}
Started game 260 of 1000 (baseline vs candidate)
Finished game 256 (baseline vs candidate): 1-0 {White wins by adjudication}
Started game 261 of 1000 (candidate vs baseline)
Finished game 254 (baseline vs candidate): 1-0 {White wins by adjudication}
Started game 262 of 1000 (baseline vs candidate)
Finished game 257 (candidate vs baseline): 0-1 {Black wins by adjudication}
Started game 263 of 1000 (candidate vs baseline)
Finished game 258 (baseline vs candidate): 1/2-1/2 {Draw by adjudication}
Started game 264 of 1000 (baseline vs candidate)
Finished game 259 (candidate vs baseline): 1/2-1/2 {Draw by adjudication}
Started game 265 of 1000 (candidate vs baseline)
Finished game 260 (baseline vs candidate): 0-1 {Black wins by adjudication}
Started game 266 of 1000 (baseline vs candidate)
Finished game 262 (baseline vs candidate): 1/2-1/2 {Draw by 3-fold repetition}
Started game 267 of 1000 (candidate vs baseline)
Finished game 261 (candidate vs baseline): 0-1 {Black wins by adjudication}
Started game 268 of 1000 (baseline vs candidate)
Finished game 263 (candidate vs baseline): 1/2-1/2 {Draw by insufficient mating material}
Started game 269 of 1000 (candidate vs baseline)
Finished game 264 (baseline vs candidate): 1/2-1/2 {Draw by 3-fold repetition}
Started game 270 of 1000 (baseline vs candidate)
Finished game 265 (candidate vs baseline): 1/2-1/2 {Draw by adjudication}
Started game 271 of 1000 (candidate vs baseline)
Finished game 269 (candidate vs baseline): 1/2-1/2 {Draw by 3-fold repetition}
Started game 272 of 1000 (baseline vs candidate)
Finished game 266 (baseline vs candidate): 1/2-1/2 {Draw by adjudication}
Started game 273 of 1000 (candidate vs baseline)
Finished game 267 (candidate vs baseline): 1-0 {White wins by adjudication}
Started game 274 of 1000 (baseline vs candidate)
Finished game 270 (baseline vs candidate): 1-0 {White wins by adjudication}
Started game 275 of 1000 (candidate vs baseline)
Finished game 268 (baseline vs candidate): 1-0 {White wins by adjudication}
Started game 276 of 1000 (baseline vs candidate)
Finished game 273 (candidate vs baseline): 1/2-1/2 {Draw by adjudication}
Started game 277 of 1000 (candidate vs baseline)
Finished game 272 (baseline vs candidate): 0-1 {Black wins by adjudication}
Started game 278 of 1000 (baseline vs candidate)
Finished game 271 (candidate vs baseline): 0-1 {Black wins by adjudication}
Started game 279 of 1000 (candidate vs baseline)
Finished game 276 (baseline vs candidate): 1/2-1/2 {Draw by insufficient mating material}
Started game 280 of 1000 (baseline vs candidate)
Finished game 274 (baseline vs candidate): 1/2-1/2 {Draw by insufficient mating material}
Started game 281 of 1000 (candidate vs baseline)
Finished game 275 (candidate vs baseline): 1/2-1/2 {Draw by adjudication}
Started game 282 of 1000 (baseline vs candidate)
Finished game 277 (candidate vs baseline): 0-1 {Black wins by adjudication}
Started game 283 of 1000 (candidate vs baseline)
Finished game 278 (baseline vs candidate): 1/2-1/2 {Draw by adjudication}
Started game 284 of 1000 (baseline vs candidate)
Finished game 281 (candidate vs baseline): 1-0 {White wins by adjudication}
Started game 285 of 1000 (candidate vs baseline)
Finished game 280 (baseline vs candidate): 1-0 {White wins by adjudication}
Started game 286 of 1000 (baseline vs candidate)
Finished game 279 (candidate vs baseline): 1/2-1/2 {Draw by 3-fold repetition}
Started game 287 of 1000 (candidate vs baseline)
Finished game 283 (candidate vs baseline): 1/2-1/2 {Draw by adjudication}
Started game 288 of 1000 (baseline vs candidate)
Finished game 282 (baseline vs candidate): 1-0 {White wins by adjudication}
Started game 289 of 1000 (candidate vs baseline)
Finished game 284 (baseline vs candidate): 0-1 {Black wins by adjudication}
Started game 290 of 1000 (baseline vs candidate)
Finished game 285 (candidate vs baseline): 1-0 {White wins by adjudication}
Started game 291 of 1000 (candidate vs baseline)
Finished game 287 (candidate vs baseline): 1-0 {White wins by adjudication}
Started game 292 of 1000 (baseline vs candidate)
Finished game 286 (baseline vs candidate): 1-0 {White wins by adjudication}
Started game 293 of 1000 (candidate vs baseline)
Finished game 288 (baseline vs candidate): 1/2-1/2 {Draw by adjudication}
Started game 294 of 1000 (baseline vs candidate)
Finished game 290 (baseline vs candidate): 1/2-1/2 {Draw by adjudication}
Started game 295 of 1000 (candidate vs baseline)
Finished game 292 (baseline vs candidate): 1/2-1/2 {Draw by 3-fold repetition}
Started game 296 of 1000 (baseline vs candidate)
Finished game 289 (candidate vs baseline): 0-1 {Black wins by adjudication}
Started game 297 of 1000 (candidate vs baseline)
Finished game 291 (candidate vs baseline): 1-0 {White wins by adjudication}
Started game 298 of 1000 (baseline vs candidate)
Finished game 296 (baseline vs candidate): 1/2-1/2 {Draw by adjudication}
Started game 299 of 1000 (candidate vs baseline)
Finished game 293 (candidate vs baseline): 0-1 {Black wins by adjudication}
Started game 300 of 1000 (baseline vs candidate)
Finished game 294 (baseline vs candidate): 1/2-1/2 {Draw by insufficient mating material}
Started game 301 of 1000 (candidate vs baseline)
Finished game 295 (candidate vs baseline): 1/2-1/2 {Draw by adjudication}
Started game 302 of 1000 (baseline vs candidate)
Finished game 298 (baseline vs candidate): 1/2-1/2 {Draw by 3-fold repetition}
Started game 303 of 1000 (candidate vs baseline)
Finished game 297 (candidate vs baseline): 1-0 {White wins by adjudication}
Started game 304 of 1000 (baseline vs candidate)
Finished game 300 (baseline vs candidate): 1/2-1/2 {Draw by adjudication}
Started game 305 of 1000 (candidate vs baseline)
Finished game 299 (candidate vs baseline): 0-1 {Black wins by adjudication}
Started game 306 of 1000 (baseline vs candidate)
Finished game 303 (candidate vs baseline): 1/2-1/2 {Draw by adjudication}
Started game 307 of 1000 (candidate vs baseline)
Finished game 302 (baseline vs candidate): 1/2-1/2 {Draw by adjudication}
Started game 308 of 1000 (baseline vs candidate)
Finished game 301 (candidate vs baseline): 1/2-1/2 {Draw by insufficient mating material}
Started game 309 of 1000 (candidate vs baseline)
Finished game 304 (baseline vs candidate): 1-0 {White wins by adjudication}
Started game 310 of 1000 (baseline vs candidate)
Finished game 307 (candidate vs baseline): 1-0 {White wins by adjudication}
Started game 311 of 1000 (candidate vs baseline)
Finished game 306 (baseline vs candidate): 1-0 {White wins by adjudication}
Started game 312 of 1000 (baseline vs candidate)
Finished game 308 (baseline vs candidate): 1-0 {White wins by adjudication}
Started game 313 of 1000 (candidate vs baseline)
Finished game 309 (candidate vs baseline): 1/2-1/2 {Draw by adjudication}
Started game 314 of 1000 (baseline vs candidate)
Finished game 305 (candidate vs baseline): 0-1 {Black wins by adjudication}
Started game 315 of 1000 (candidate vs baseline)
Finished game 310 (baseline vs candidate): 1/2-1/2 {Draw by adjudication}
Started game 316 of 1000 (baseline vs candidate)
Finished game 311 (candidate vs baseline): 0-1 {Black wins by adjudication}
Started game 317 of 1000 (candidate vs baseline)
Finished game 314 (baseline vs candidate): 1-0 {White wins by adjudication}
Started game 318 of 1000 (baseline vs candidate)
Finished game 313 (candidate vs baseline): 1-0 {White wins by adjudication}
Started game 319 of 1000 (candidate vs baseline)
Finished game 315 (candidate vs baseline): 1/2-1/2 {Draw by adjudication}
Started game 320 of 1000 (baseline vs candidate)
Finished game 312 (baseline vs candidate): 0-1 {Black wins by adjudication}
Started game 321 of 1000 (candidate vs baseline)
Finished game 319 (candidate vs baseline): 1/2-1/2 {Draw by adjudication}
Started game 322 of 1000 (baseline vs candidate)
Finished game 316 (baseline vs candidate): 1-0 {White wins by adjudication}
Started game 323 of 1000 (candidate vs baseline)
Finished game 320 (baseline vs candidate): 1/2-1/2 {Draw by 3-fold repetition}
Started game 324 of 1000 (baseline vs candidate)
Finished game 318 (baseline vs candidate): 1/2-1/2 {Draw by adjudication}
Started game 325 of 1000 (candidate vs baseline)
Finished game 317 (candidate vs baseline): 0-1 {Black wins by adjudication}
Started game 326 of 1000 (baseline vs candidate)
Finished game 321 (candidate vs baseline): 1-0 {White wins by adjudication}
Started game 327 of 1000 (candidate vs baseline)
Finished game 323 (candidate vs baseline): 1/2-1/2 {Draw by 3-fold repetition}
Started game 328 of 1000 (baseline vs candidate)
Finished game 322 (baseline vs candidate): 1-0 {White wins by adjudication}
Started game 329 of 1000 (candidate vs baseline)
Finished game 324 (baseline vs candidate): 1-0 {White wins by adjudication}
Started game 330 of 1000 (baseline vs candidate)
Finished game 325 (candidate vs baseline): 1/2-1/2 {Draw by 3-fold repetition}
Started game 331 of 1000 (candidate vs baseline)
Finished game 327 (candidate vs baseline): 1/2-1/2 {Draw by adjudication}
Started game 332 of 1000 (baseline vs candidate)
Finished game 326 (baseline vs candidate): 1/2-1/2 {Draw by adjudication}
Started game 333 of 1000 (candidate vs baseline)
Finished game 330 (baseline vs candidate): 1/2-1/2 {Draw by 3-fold repetition}
Started game 334 of 1000 (baseline vs candidate)
Finished game 329 (candidate vs baseline): 1-0 {White wins by adjudication}
Started game 335 of 1000 (candidate vs baseline)
Finished game 328 (baseline vs candidate): 0-1 {Black wins by adjudication}
Started game 336 of 1000 (baseline vs candidate)
Finished game 332 (baseline vs candidate): 0-1 {Black wins by adjudication}
Started game 337 of 1000 (candidate vs baseline)
Finished game 331 (candidate vs baseline): 1/2-1/2 {Draw by adjudication}
Started game 338 of 1000 (baseline vs candidate)
Finished game 333 (candidate vs baseline): 1-0 {White wins by adjudication}
Started game 339 of 1000 (candidate vs baseline)
Finished game 335 (candidate vs baseline): 1/2-1/2 {Draw by adjudication}
Started game 340 of 1000 (baseline vs candidate)
Finished game 336 (baseline vs candidate): 1/2-1/2 {Draw by 3-fold repetition}
Started game 341 of 1000 (candidate vs baseline)
Finished game 334 (baseline vs candidate): 1-0 {White wins by adjudication}
Started game 342 of 1000 (baseline vs candidate)
Finished game 337 (candidate vs baseline): 1/2-1/2 {Draw by adjudication}
Started game 343 of 1000 (candidate vs baseline)
Finished game 339 (candidate vs baseline): 1/2-1/2 {Draw by adjudication}
Started game 344 of 1000 (baseline vs candidate)
Finished game 340 (baseline vs candidate): 0-1 {Black wins by adjudication}
Started game 345 of 1000 (candidate vs baseline)
Finished game 338 (baseline vs candidate): 1/2-1/2 {Draw by adjudication}
Started game 346 of 1000 (baseline vs candidate)
Finished game 342 (baseline vs candidate): 1-0 {White wins by adjudication}
Started game 347 of 1000 (candidate vs baseline)
Finished game 341 (candidate vs baseline): 1-0 {White wins by adjudication}
Started game 348 of 1000 (baseline vs candidate)
Finished game 344 (baseline vs candidate): 0-1 {Black wins by adjudication}
Started game 349 of 1000 (candidate vs baseline)
Finished game 346 (baseline vs candidate): 1/2-1/2 {Draw by insufficient mating material}
Started game 350 of 1000 (baseline vs candidate)
Finished game 343 (candidate vs baseline): 1/2-1/2 {Draw by insufficient mating material}
Started game 351 of 1000 (candidate vs baseline)
Finished game 345 (candidate vs baseline): 1-0 {White wins by adjudication}
Started game 352 of 1000 (baseline vs candidate)
Finished game 347 (candidate vs baseline): 1/2-1/2 {Draw by adjudication}
Started game 353 of 1000 (candidate vs baseline)
Finished game 348 (baseline vs candidate): 1/2-1/2 {Draw by insufficient mating material}
Started game 354 of 1000 (baseline vs candidate)
Finished game 351 (candidate vs baseline): 1/2-1/2 {Draw by 3-fold repetition}
Started game 355 of 1000 (candidate vs baseline)
Finished game 349 (candidate vs baseline): 0-1 {Black wins by adjudication}
Started game 356 of 1000 (baseline vs candidate)
Finished game 350 (baseline vs candidate): 0-1 {Black wins by adjudication}
Started game 357 of 1000 (candidate vs baseline)
Finished game 352 (baseline vs candidate): 1/2-1/2 {Draw by adjudication}
Started game 358 of 1000 (baseline vs candidate)
Finished game 353 (candidate vs baseline): 1-0 {White wins by adjudication}
Started game 359 of 1000 (candidate vs baseline)
Finished game 356 (baseline vs candidate): 1/2-1/2 {Draw by adjudication}
Started game 360 of 1000 (baseline vs candidate)
Finished game 354 (baseline vs candidate): 1/2-1/2 {Draw by adjudication}
Started game 361 of 1000 (candidate vs baseline)
Finished game 355 (candidate vs baseline): 0-1 {Black wins by adjudication}
Started game 362 of 1000 (baseline vs candidate)
Finished game 360 (baseline vs candidate): 1/2-1/2 {Draw by 3-fold repetition}
Started game 363 of 1000 (candidate vs baseline)
Finished game 358 (baseline vs candidate): 1/2-1/2 {Draw by 3-fold repetition}
Started game 364 of 1000 (baseline vs candidate)
Finished game 357 (candidate vs baseline): 0-1 {Black wins by adjudication}
Started game 365 of 1000 (candidate vs baseline)
Finished game 359 (candidate vs baseline): 1/2-1/2 {Draw by adjudication}
Started game 366 of 1000 (baseline vs candidate)
Finished game 361 (candidate vs baseline): 0-1 {Black wins by adjudication}
Started game 367 of 1000 (candidate vs baseline)
Finished game 363 (candidate vs baseline): 1-0 {White wins by adjudication}
Started game 368 of 1000 (baseline vs candidate)
Finished game 364 (baseline vs candidate): 1-0 {White wins by adjudication}
Started game 369 of 1000 (candidate vs baseline)
Finished game 362 (baseline vs candidate): 1/2-1/2 {Draw by adjudication}
Started game 370 of 1000 (baseline vs candidate)
Finished game 365 (candidate vs baseline): 1-0 {White wins by adjudication}
Started game 371 of 1000 (candidate vs baseline)
Finished game 366 (baseline vs candidate): 0-1 {Black wins by adjudication}
Started game 372 of 1000 (baseline vs candidate)
Finished game 367 (candidate vs baseline): 1-0 {White wins by adjudication}
Started game 373 of 1000 (candidate vs baseline)
Finished game 370 (baseline vs candidate): 1-0 {White wins by adjudication}
Started game 374 of 1000 (baseline vs candidate)
Finished game 369 (candidate vs baseline): 1-0 {White wins by adjudication}
Started game 375 of 1000 (candidate vs baseline)
Finished game 368 (baseline vs candidate): 1/2-1/2 {Draw by 3-fold repetition}
Started game 376 of 1000 (baseline vs candidate)
Finished game 371 (candidate vs baseline): 1/2-1/2 {Draw by insufficient mating material}
Started game 377 of 1000 (candidate vs baseline)
Finished game 373 (candidate vs baseline): 0-1 {Black wins by adjudication}
Started game 378 of 1000 (baseline vs candidate)
Finished game 372 (baseline vs candidate): 1-0 {White wins by adjudication}
Started game 379 of 1000 (candidate vs baseline)
Finished game 375 (candidate vs baseline): 1/2-1/2 {Draw by adjudication}
Started game 380 of 1000 (baseline vs candidate)
Finished game 376 (baseline vs candidate): 1-0 {White wins by adjudication}
Started game 381 of 1000 (candidate vs baseline)
Finished game 377 (candidate vs baseline): 1-0 {White wins by adjudication}
Started game 382 of 1000 (baseline vs candidate)
Finished game 374 (baseline vs candidate): 0-1 {Black wins by adjudication}
Started game 383 of 1000 (candidate vs baseline)
Finished game 378 (baseline vs candidate): 1/2-1/2 {Draw by adjudication}
Started game 384 of 1000 (baseline vs candidate)
Finished game 379 (candidate vs baseline): 1-0 {White wins by adjudication}
Started game 385 of 1000 (candidate vs baseline)
Finished game 381 (candidate vs baseline): 1-0 {White wins by adjudication}
Started game 386 of 1000 (baseline vs candidate)
Finished game 380 (baseline vs candidate): 1-0 {White wins by adjudication}
Started game 387 of 1000 (candidate vs baseline)
Finished game 382 (baseline vs candidate): 1-0 {White wins by adjudication}
Started game 388 of 1000 (baseline vs candidate)
Finished game 384 (baseline vs candidate): 1/2-1/2 {Draw by adjudication}
Started game 389 of 1000 (candidate vs baseline)
Finished game 383 (candidate vs baseline): 0-1 {Black wins by adjudication}
Started game 390 of 1000 (baseline vs candidate)
Finished game 385 (candidate vs baseline): 1/2-1/2 {Draw by 3-fold repetition}
Started game 391 of 1000 (candidate vs baseline)
Finished game 386 (baseline vs candidate): 1/2-1/2 {Draw by 3-fold repetition}
Started game 392 of 1000 (baseline vs candidate)
Finished game 389 (candidate vs baseline): 1-0 {White wins by adjudication}
Started game 393 of 1000 (candidate vs baseline)
Finished game 388 (baseline vs candidate): 1/2-1/2 {Draw by adjudication}
Started game 394 of 1000 (baseline vs candidate)
Finished game 390 (baseline vs candidate): 1/2-1/2 {Draw by adjudication}
Started game 395 of 1000 (candidate vs baseline)
Finished game 392 (baseline vs candidate): 1/2-1/2 {Draw by adjudication}
Started game 396 of 1000 (baseline vs candidate)
Finished game 391 (candidate vs baseline): 1-0 {White wins by adjudication}
Started game 397 of 1000 (candidate vs baseline)
Finished game 387 (candidate vs baseline): 1-0 {White wins by adjudication}
Started game 398 of 1000 (baseline vs candidate)
Finished game 395 (candidate vs baseline): 0-1 {Black wins by adjudication}
Started game 399 of 1000 (candidate vs baseline)
Finished game 397 (candidate vs baseline): 1-0 {White wins by adjudication}
Started game 400 of 1000 (baseline vs candidate)
Finished game 393 (candidate vs baseline): 1/2-1/2 {Draw by adjudication}
Started game 401 of 1000 (candidate vs baseline)
Finished game 394 (baseline vs candidate): 0-1 {Black wins by adjudication}
Started game 402 of 1000 (baseline vs candidate)
Finished game 396 (baseline vs candidate): 0-1 {Black wins by adjudication}
Started game 403 of 1000 (candidate vs baseline)
Finished game 398 (baseline vs candidate): 1-0 {White wins by adjudication}
Started game 404 of 1000 (baseline vs candidate)
Finished game 401 (candidate vs baseline): 1/2-1/2 {Draw by 3-fold repetition}
Started game 405 of 1000 (candidate vs baseline)
Finished game 399 (candidate vs baseline): 1-0 {White wins by adjudication}
Started game 406 of 1000 (baseline vs candidate)
Finished game 400 (baseline vs candidate): 1-0 {White wins by adjudication}
--------------------------------------------------
Results of candidate vs baseline (1+0.01, 1t, 16MB, UHO_Lichess_4852_v1.epd):
Elo: 12.17 +/- 18.61, nElo: 22.29 +/- 34.05
LOS: 90.03 %, DrawRatio: 47.50 %, PairsRatio: 1.28
Games: 400, Wins: 117, Losses: 103, Draws: 180, Points: 207.0 (51.75 %)
Ptnml(0-2): [2, 44, 95, 56, 3], WL/DD Ratio: 1.38
--------------------------------------------------
Started game 407 of 1000 (candidate vs baseline)
Finished game 403 (candidate vs baseline): 1/2-1/2 {Draw by 3-fold repetition}
Started game 408 of 1000 (baseline vs candidate)
Finished game 404 (baseline vs candidate): 1/2-1/2 {Draw by adjudication}
Started game 409 of 1000 (candidate vs baseline)
Finished game 408 (baseline vs candidate): 1/2-1/2 {Draw by 3-fold repetition}
Started game 410 of 1000 (baseline vs candidate)
Finished game 402 (baseline vs candidate): 0-1 {Black wins by adjudication}
Started game 411 of 1000 (candidate vs baseline)
Finished game 405 (candidate vs baseline): 1/2-1/2 {Draw by adjudication}
Started game 412 of 1000 (baseline vs candidate)
Finished game 407 (candidate vs baseline): 1/2-1/2 {Draw by insufficient mating material}
Started game 413 of 1000 (candidate vs baseline)
Finished game 406 (baseline vs candidate): 1-0 {White wins by adjudication}
Started game 414 of 1000 (baseline vs candidate)
Finished game 409 (candidate vs baseline): 1/2-1/2 {Draw by 3-fold repetition}
Started game 415 of 1000 (candidate vs baseline)
Finished game 413 (candidate vs baseline): 1/2-1/2 {Draw by 3-fold repetition}
Started game 416 of 1000 (baseline vs candidate)
Finished game 410 (baseline vs candidate): 0-1 {Black wins by adjudication}
Started game 417 of 1000 (candidate vs baseline)
Finished game 412 (baseline vs candidate): 1/2-1/2 {Draw by adjudication}
Started game 418 of 1000 (baseline vs candidate)
Finished game 411 (candidate vs baseline): 1/2-1/2 {Draw by 3-fold repetition}
Started game 419 of 1000 (candidate vs baseline)
Finished game 414 (baseline vs candidate): 1/2-1/2 {Draw by insufficient mating material}
Started game 420 of 1000 (baseline vs candidate)
Finished game 415 (candidate vs baseline): 1-0 {White wins by adjudication}
Started game 421 of 1000 (candidate vs baseline)
Finished game 416 (baseline vs candidate): 1-0 {White wins by adjudication}
Started game 422 of 1000 (baseline vs candidate)
Finished game 419 (candidate vs baseline): 1/2-1/2 {Draw by adjudication}
Started game 423 of 1000 (candidate vs baseline)
Finished game 417 (candidate vs baseline): 1-0 {White wins by adjudication}
Started game 424 of 1000 (baseline vs candidate)
Finished game 418 (baseline vs candidate): 1-0 {White wins by adjudication}
Started game 425 of 1000 (candidate vs baseline)
Finished game 420 (baseline vs candidate): 1/2-1/2 {Draw by adjudication}
Started game 426 of 1000 (baseline vs candidate)
Finished game 422 (baseline vs candidate): 1/2-1/2 {Draw by insufficient mating material}
Started game 427 of 1000 (candidate vs baseline)
Finished game 426 (baseline vs candidate): 1/2-1/2 {Draw by adjudication}
Started game 428 of 1000 (baseline vs candidate)
Finished game 421 (candidate vs baseline): 1/2-1/2 {Draw by adjudication}
Started game 429 of 1000 (candidate vs baseline)
Finished game 423 (candidate vs baseline): 1-0 {White wins by adjudication}
Started game 430 of 1000 (baseline vs candidate)
Finished game 424 (baseline vs candidate): 1-0 {White wins by adjudication}
Started game 431 of 1000 (candidate vs baseline)
Finished game 425 (candidate vs baseline): 0-1 {Black wins by adjudication}
Started game 432 of 1000 (baseline vs candidate)
Finished game 427 (candidate vs baseline): 1-0 {White wins by adjudication}
Started game 433 of 1000 (candidate vs baseline)
Finished game 430 (baseline vs candidate): 1/2-1/2 {Draw by stalemate}
Started game 434 of 1000 (baseline vs candidate)
Finished game 429 (candidate vs baseline): 1/2-1/2 {Draw by 3-fold repetition}
Started game 435 of 1000 (candidate vs baseline)
Finished game 428 (baseline vs candidate): 0-1 {Black wins by adjudication}
Started game 436 of 1000 (baseline vs candidate)
Finished game 435 (candidate vs baseline): 1/2-1/2 {Draw by adjudication}
Started game 437 of 1000 (candidate vs baseline)
Finished game 431 (candidate vs baseline): 1/2-1/2 {Draw by adjudication}
Started game 438 of 1000 (baseline vs candidate)
Finished game 432 (baseline vs candidate): 1-0 {White wins by adjudication}
Started game 439 of 1000 (candidate vs baseline)
Finished game 433 (candidate vs baseline): 1/2-1/2 {Draw by adjudication}
Started game 440 of 1000 (baseline vs candidate)
Finished game 438 (baseline vs candidate): 1/2-1/2 {Draw by 3-fold repetition}
Started game 441 of 1000 (candidate vs baseline)
Finished game 436 (baseline vs candidate): 1/2-1/2 {Draw by adjudication}
Started game 442 of 1000 (baseline vs candidate)
Finished game 434 (baseline vs candidate): 1-0 {White wins by adjudication}
Started game 443 of 1000 (candidate vs baseline)
Finished game 437 (candidate vs baseline): 1/2-1/2 {Draw by adjudication}
Started game 444 of 1000 (baseline vs candidate)
Finished game 440 (baseline vs candidate): 1/2-1/2 {Draw by 3-fold repetition}
Started game 445 of 1000 (candidate vs baseline)
Finished game 439 (candidate vs baseline): 1/2-1/2 {Draw by adjudication}
Started game 446 of 1000 (baseline vs candidate)
Finished game 442 (baseline vs candidate): 1-0 {White wins by adjudication}
Started game 447 of 1000 (candidate vs baseline)
Finished game 445 (candidate vs baseline): 1/2-1/2 {Draw by 3-fold repetition}
Started game 448 of 1000 (baseline vs candidate)
Finished game 443 (candidate vs baseline): 1/2-1/2 {Draw by adjudication}
Started game 449 of 1000 (candidate vs baseline)
Finished game 444 (baseline vs candidate): 1/2-1/2 {Draw by 3-fold repetition}
Started game 450 of 1000 (baseline vs candidate)
Finished game 441 (candidate vs baseline): 1/2-1/2 {Draw by fifty moves rule}
Started game 451 of 1000 (candidate vs baseline)
Finished game 446 (baseline vs candidate): 1/2-1/2 {Draw by adjudication}
Started game 452 of 1000 (baseline vs candidate)
Finished game 447 (candidate vs baseline): 0-1 {Black wins by adjudication}
Started game 453 of 1000 (candidate vs baseline)
Finished game 450 (baseline vs candidate): 1/2-1/2 {Draw by adjudication}
Started game 454 of 1000 (baseline vs candidate)
Finished game 448 (baseline vs candidate): 0-1 {Black wins by adjudication}
Started game 455 of 1000 (candidate vs baseline)
Finished game 449 (candidate vs baseline): 1-0 {White wins by adjudication}
Started game 456 of 1000 (baseline vs candidate)
Finished game 451 (candidate vs baseline): 1-0 {White wins by adjudication}
Started game 457 of 1000 (candidate vs baseline)
Finished game 452 (baseline vs candidate): 1-0 {White wins by adjudication}
Started game 458 of 1000 (baseline vs candidate)
Finished game 453 (candidate vs baseline): 0-1 {Black wins by adjudication}
Started game 459 of 1000 (candidate vs baseline)
Finished game 454 (baseline vs candidate): 1-0 {White wins by adjudication}
Started game 460 of 1000 (baseline vs candidate)
Finished game 455 (candidate vs baseline): 1-0 {White wins by adjudication}
Started game 461 of 1000 (candidate vs baseline)
Finished game 456 (baseline vs candidate): 1/2-1/2 {Draw by adjudication}
Started game 462 of 1000 (baseline vs candidate)
Finished game 457 (candidate vs baseline): 1-0 {White wins by adjudication}
Started game 463 of 1000 (candidate vs baseline)
Finished game 458 (baseline vs candidate): 0-1 {Black wins by adjudication}
Started game 464 of 1000 (baseline vs candidate)
Finished game 460 (baseline vs candidate): 1/2-1/2 {Draw by adjudication}
Started game 465 of 1000 (candidate vs baseline)
Finished game 459 (candidate vs baseline): 0-1 {Black wins by adjudication}
Started game 466 of 1000 (baseline vs candidate)
Finished game 465 (candidate vs baseline): 1/2-1/2 {Draw by 3-fold repetition}
Started game 467 of 1000 (candidate vs baseline)
Finished game 466 (baseline vs candidate): 1/2-1/2 {Draw by adjudication}
Started game 468 of 1000 (baseline vs candidate)
Finished game 463 (candidate vs baseline): 1-0 {White wins by adjudication}
Started game 469 of 1000 (candidate vs baseline)
Finished game 461 (candidate vs baseline): 1/2-1/2 {Draw by 3-fold repetition}
Started game 470 of 1000 (baseline vs candidate)
Finished game 464 (baseline vs candidate): 1-0 {White wins by adjudication}
Started game 471 of 1000 (candidate vs baseline)
Finished game 462 (baseline vs candidate): 0-1 {Black wins by adjudication}
Started game 472 of 1000 (baseline vs candidate)
Finished game 470 (baseline vs candidate): 1/2-1/2 {Draw by 3-fold repetition}
Started game 473 of 1000 (candidate vs baseline)
Finished game 467 (candidate vs baseline): 1/2-1/2 {Draw by adjudication}
Started game 474 of 1000 (baseline vs candidate)
Finished game 469 (candidate vs baseline): 1/2-1/2 {Draw by adjudication}
Started game 475 of 1000 (candidate vs baseline)
Finished game 468 (baseline vs candidate): 1-0 {White wins by adjudication}
Started game 476 of 1000 (baseline vs candidate)
Finished game 472 (baseline vs candidate): 1/2-1/2 {Draw by adjudication}
Started game 477 of 1000 (candidate vs baseline)
Finished game 471 (candidate vs baseline): 0-1 {Black wins by adjudication}
Started game 478 of 1000 (baseline vs candidate)
Finished game 473 (candidate vs baseline): 1-0 {White wins by adjudication}
Started game 479 of 1000 (candidate vs baseline)
Finished game 475 (candidate vs baseline): 1-0 {White wins by adjudication}
Started game 480 of 1000 (baseline vs candidate)
Finished game 474 (baseline vs candidate): 1-0 {White wins by adjudication}
Started game 481 of 1000 (candidate vs baseline)
Finished game 478 (baseline vs candidate): 1-0 {White wins by adjudication}
Started game 482 of 1000 (baseline vs candidate)
Finished game 476 (baseline vs candidate): 1/2-1/2 {Draw by adjudication}
Started game 483 of 1000 (candidate vs baseline)
Finished game 477 (candidate vs baseline): 1/2-1/2 {Draw by adjudication}
Started game 484 of 1000 (baseline vs candidate)
Finished game 479 (candidate vs baseline): 0-1 {Black wins by adjudication}
Started game 485 of 1000 (candidate vs baseline)
Finished game 483 (candidate vs baseline): 1-0 {White wins by adjudication}
Started game 486 of 1000 (baseline vs candidate)
Finished game 484 (baseline vs candidate): 1/2-1/2 {Draw by adjudication}
Started game 487 of 1000 (candidate vs baseline)
Finished game 482 (baseline vs candidate): 1-0 {White wins by adjudication}
Started game 488 of 1000 (baseline vs candidate)
Finished game 481 (candidate vs baseline): 1/2-1/2 {Draw by adjudication}
Started game 489 of 1000 (candidate vs baseline)
Finished game 480 (baseline vs candidate): 0-1 {Black wins by adjudication}
Started game 490 of 1000 (baseline vs candidate)
Finished game 485 (candidate vs baseline): 0-1 {Black wins by adjudication}
Started game 491 of 1000 (candidate vs baseline)
Finished game 486 (baseline vs candidate): 0-1 {Black wins by adjudication}
Started game 492 of 1000 (baseline vs candidate)
Finished game 488 (baseline vs candidate): 0-1 {Black wins by adjudication}
Started game 493 of 1000 (candidate vs baseline)
Finished game 489 (candidate vs baseline): 1-0 {White wins by adjudication}
Started game 494 of 1000 (baseline vs candidate)
Finished game 492 (baseline vs candidate): 0-1 {Black wins by adjudication}
Started game 495 of 1000 (candidate vs baseline)
Finished game 487 (candidate vs baseline): 0-1 {Black wins by adjudication}
Started game 496 of 1000 (baseline vs candidate)
Finished game 490 (baseline vs candidate): 1-0 {White wins by adjudication}
Started game 497 of 1000 (candidate vs baseline)
Finished game 491 (candidate vs baseline): 0-1 {Black wins by adjudication}
Started game 498 of 1000 (baseline vs candidate)
Finished game 493 (candidate vs baseline): 1/2-1/2 {Draw by adjudication}
Started game 499 of 1000 (candidate vs baseline)
Finished game 494 (baseline vs candidate): 1-0 {White wins by adjudication}
Started game 500 of 1000 (baseline vs candidate)
Finished game 496 (baseline vs candidate): 1-0 {White wins by adjudication}
Started game 501 of 1000 (candidate vs baseline)
Finished game 495 (candidate vs baseline): 1-0 {White wins by adjudication}
Started game 502 of 1000 (baseline vs candidate)
Finished game 497 (candidate vs baseline): 1-0 {White wins by adjudication}
Started game 503 of 1000 (candidate vs baseline)
Finished game 498 (baseline vs candidate): 1-0 {White wins by adjudication}
Started game 504 of 1000 (baseline vs candidate)
Finished game 500 (baseline vs candidate): 0-1 {Black wins by adjudication}
Started game 505 of 1000 (candidate vs baseline)
Finished game 499 (candidate vs baseline): 0-1 {Black wins by adjudication}
Started game 506 of 1000 (baseline vs candidate)
Finished game 501 (candidate vs baseline): 1-0 {White wins by adjudication}
Started game 507 of 1000 (candidate vs baseline)
Finished game 502 (baseline vs candidate): 1/2-1/2 {Draw by 3-fold repetition}
Started game 508 of 1000 (baseline vs candidate)
Finished game 503 (candidate vs baseline): 1/2-1/2 {Draw by 3-fold repetition}
Started game 509 of 1000 (candidate vs baseline)
Finished game 504 (baseline vs candidate): 1/2-1/2 {Draw by adjudication}
Started game 510 of 1000 (baseline vs candidate)
Finished game 506 (baseline vs candidate): 1-0 {White wins by adjudication}
Started game 511 of 1000 (candidate vs baseline)
Finished game 509 (candidate vs baseline): 1/2-1/2 {Draw by adjudication}
Started game 512 of 1000 (baseline vs candidate)
Finished game 505 (candidate vs baseline): 1/2-1/2 {Draw by fifty moves rule}
Started game 513 of 1000 (candidate vs baseline)
Finished game 507 (candidate vs baseline): 1/2-1/2 {Draw by adjudication}
Started game 514 of 1000 (baseline vs candidate)
Finished game 508 (baseline vs candidate): 1/2-1/2 {Draw by adjudication}
Started game 515 of 1000 (candidate vs baseline)
Finished game 511 (candidate vs baseline): 1/2-1/2 {Draw by adjudication}
Started game 516 of 1000 (baseline vs candidate)
Finished game 510 (baseline vs candidate): 1/2-1/2 {Draw by adjudication}
Started game 517 of 1000 (candidate vs baseline)
Finished game 514 (baseline vs candidate): 1-0 {White wins by adjudication}
Started game 518 of 1000 (baseline vs candidate)
Finished game 517 (candidate vs baseline): 1/2-1/2 {Draw by insufficient mating material}
Started game 519 of 1000 (candidate vs baseline)
Finished game 516 (baseline vs candidate): 1/2-1/2 {Draw by adjudication}
Started game 520 of 1000 (baseline vs candidate)
Finished game 512 (baseline vs candidate): 1-0 {White wins by adjudication}
Started game 521 of 1000 (candidate vs baseline)
Finished game 515 (candidate vs baseline): 1-0 {White wins by adjudication}
Started game 522 of 1000 (baseline vs candidate)
Finished game 513 (candidate vs baseline): 1-0 {White wins by adjudication}
Started game 523 of 1000 (candidate vs baseline)
Finished game 518 (baseline vs candidate): 1/2-1/2 {Draw by 3-fold repetition}
Started game 524 of 1000 (baseline vs candidate)
Finished game 519 (candidate vs baseline): 0-1 {Black wins by adjudication}
Started game 525 of 1000 (candidate vs baseline)
Finished game 522 (baseline vs candidate): 1-0 {White wins by adjudication}
Started game 526 of 1000 (baseline vs candidate)
Finished game 520 (baseline vs candidate): 1/2-1/2 {Draw by adjudication}
Started game 527 of 1000 (candidate vs baseline)
Finished game 521 (candidate vs baseline): 1-0 {White wins by adjudication}
Started game 528 of 1000 (baseline vs candidate)
Finished game 524 (baseline vs candidate): 1-0 {White wins by adjudication}
Started game 529 of 1000 (candidate vs baseline)
Finished game 523 (candidate vs baseline): 1-0 {White wins by adjudication}
Started game 530 of 1000 (baseline vs candidate)
Finished game 526 (baseline vs candidate): 1/2-1/2 {Draw by 3-fold repetition}
Started game 531 of 1000 (candidate vs baseline)
Finished game 525 (candidate vs baseline): 1/2-1/2 {Draw by 3-fold repetition}
Started game 532 of 1000 (baseline vs candidate)
Finished game 527 (candidate vs baseline): 0-1 {Black wins by adjudication}
Started game 533 of 1000 (candidate vs baseline)
Finished game 530 (baseline vs candidate): 1/2-1/2 {Draw by adjudication}
Started game 534 of 1000 (baseline vs candidate)
Finished game 532 (baseline vs candidate): 1/2-1/2 {Draw by 3-fold repetition}
Started game 535 of 1000 (candidate vs baseline)
Finished game 529 (candidate vs baseline): 1/2-1/2 {Draw by 3-fold repetition}
Started game 536 of 1000 (baseline vs candidate)
Finished game 528 (baseline vs candidate): 1/2-1/2 {Draw by fifty moves rule}
Started game 537 of 1000 (candidate vs baseline)
Finished game 531 (candidate vs baseline): 1-0 {White wins by adjudication}
Started game 538 of 1000 (baseline vs candidate)
Finished game 533 (candidate vs baseline): 0-1 {Black wins by adjudication}
Started game 539 of 1000 (candidate vs baseline)
Finished game 538 (baseline vs candidate): 1/2-1/2 {Draw by 3-fold repetition}
Started game 540 of 1000 (baseline vs candidate)
Finished game 536 (baseline vs candidate): 1/2-1/2 {Draw by 3-fold repetition}
Started game 541 of 1000 (candidate vs baseline)
Finished game 537 (candidate vs baseline): 1/2-1/2 {Draw by insufficient mating material}
Started game 542 of 1000 (baseline vs candidate)
Finished game 534 (baseline vs candidate): 1/2-1/2 {Draw by adjudication}
Started game 543 of 1000 (candidate vs baseline)
Finished game 535 (candidate vs baseline): 0-1 {Black wins by adjudication}
Started game 544 of 1000 (baseline vs candidate)
Finished game 542 (baseline vs candidate): 1/2-1/2 {Draw by adjudication}
Started game 545 of 1000 (candidate vs baseline)
Finished game 539 (candidate vs baseline): 0-1 {Black wins by adjudication}
Started game 546 of 1000 (baseline vs candidate)
Finished game 544 (baseline vs candidate): 1/2-1/2 {Draw by adjudication}
Started game 547 of 1000 (candidate vs baseline)
Finished game 540 (baseline vs candidate): 1/2-1/2 {Draw by adjudication}
Started game 548 of 1000 (baseline vs candidate)
Finished game 543 (candidate vs baseline): 1-0 {White wins by adjudication}
Started game 549 of 1000 (candidate vs baseline)
Finished game 546 (baseline vs candidate): 1/2-1/2 {Draw by adjudication}
Started game 550 of 1000 (baseline vs candidate)
Finished game 547 (candidate vs baseline): 0-1 {Black wins by adjudication}
Started game 551 of 1000 (candidate vs baseline)
Finished game 545 (candidate vs baseline): 1-0 {White wins by adjudication}
Started game 552 of 1000 (baseline vs candidate)
Finished game 548 (baseline vs candidate): 0-1 {Black wins by adjudication}
Started game 553 of 1000 (candidate vs baseline)
Finished game 541 (candidate vs baseline): 1/2-1/2 {Draw by insufficient mating material}
Started game 554 of 1000 (baseline vs candidate)
Finished game 549 (candidate vs baseline): 1-0 {White wins by adjudication}
Started game 555 of 1000 (candidate vs baseline)
Finished game 550 (baseline vs candidate): 1-0 {White wins by adjudication}
Started game 556 of 1000 (baseline vs candidate)
Finished game 551 (candidate vs baseline): 1/2-1/2 {Draw by adjudication}
Started game 557 of 1000 (candidate vs baseline)
Finished game 555 (candidate vs baseline): 1/2-1/2 {Draw by insufficient mating material}
Started game 558 of 1000 (baseline vs candidate)
Finished game 553 (candidate vs baseline): 1/2-1/2 {Draw by adjudication}
Started game 559 of 1000 (candidate vs baseline)
Finished game 552 (baseline vs candidate): 1/2-1/2 {Draw by adjudication}
Started game 560 of 1000 (baseline vs candidate)
Finished game 556 (baseline vs candidate): 0-1 {Black wins by adjudication}
Started game 561 of 1000 (candidate vs baseline)
Finished game 554 (baseline vs candidate): 0-1 {Black wins by adjudication}
Started game 562 of 1000 (baseline vs candidate)
Finished game 557 (candidate vs baseline): 1/2-1/2 {Draw by adjudication}
Started game 563 of 1000 (candidate vs baseline)
Finished game 558 (baseline vs candidate): 1-0 {White wins by adjudication}
Started game 564 of 1000 (baseline vs candidate)
Finished game 559 (candidate vs baseline): 1/2-1/2 {Draw by adjudication}
Started game 565 of 1000 (candidate vs baseline)
Finished game 561 (candidate vs baseline): 0-1 {Black wins by adjudication}
Started game 566 of 1000 (baseline vs candidate)
Finished game 563 (candidate vs baseline): 1/2-1/2 {Draw by adjudication}
Started game 567 of 1000 (candidate vs baseline)
Finished game 562 (baseline vs candidate): 0-1 {Black wins by adjudication}
Started game 568 of 1000 (baseline vs candidate)
Finished game 560 (baseline vs candidate): 1/2-1/2 {Draw by insufficient mating material}
Started game 569 of 1000 (candidate vs baseline)
Finished game 564 (baseline vs candidate): 1/2-1/2 {Draw by stalemate}
Started game 570 of 1000 (baseline vs candidate)
Finished game 565 (candidate vs baseline): 1-0 {White wins by adjudication}
Started game 571 of 1000 (candidate vs baseline)
Finished game 569 (candidate vs baseline): 1/2-1/2 {Draw by adjudication}
Started game 572 of 1000 (baseline vs candidate)
Finished game 567 (candidate vs baseline): 1/2-1/2 {Draw by adjudication}
Started game 573 of 1000 (candidate vs baseline)
Finished game 566 (baseline vs candidate): 1-0 {White wins by adjudication}
Started game 574 of 1000 (baseline vs candidate)
Finished game 570 (baseline vs candidate): 1/2-1/2 {Draw by 3-fold repetition}
Started game 575 of 1000 (candidate vs baseline)
Finished game 568 (baseline vs candidate): 1/2-1/2 {Draw by adjudication}
Started game 576 of 1000 (baseline vs candidate)
Finished game 571 (candidate vs baseline): 1/2-1/2 {Draw by 3-fold repetition}
Started game 577 of 1000 (candidate vs baseline)
Finished game 574 (baseline vs candidate): 1-0 {White wins by adjudication}
Started game 578 of 1000 (baseline vs candidate)
Finished game 573 (candidate vs baseline): 1-0 {White wins by adjudication}
Started game 579 of 1000 (candidate vs baseline)
Finished game 575 (candidate vs baseline): 1/2-1/2 {Draw by insufficient mating material}
Started game 580 of 1000 (baseline vs candidate)
Finished game 576 (baseline vs candidate): 1/2-1/2 {Draw by insufficient mating material}
Started game 581 of 1000 (candidate vs baseline)
Finished game 577 (candidate vs baseline): 1/2-1/2 {Draw by adjudication}
Started game 582 of 1000 (baseline vs candidate)
Finished game 579 (candidate vs baseline): 1/2-1/2 {Draw by adjudication}
Started game 583 of 1000 (candidate vs baseline)
Finished game 572 (baseline vs candidate): 1-0 {White wins by adjudication}
Started game 584 of 1000 (baseline vs candidate)
Finished game 578 (baseline vs candidate): 1/2-1/2 {Draw by adjudication}
Started game 585 of 1000 (candidate vs baseline)
Finished game 580 (baseline vs candidate): 1/2-1/2 {Draw by 3-fold repetition}
Started game 586 of 1000 (baseline vs candidate)
Finished game 582 (baseline vs candidate): 1/2-1/2 {Draw by 3-fold repetition}
Started game 587 of 1000 (candidate vs baseline)
Finished game 584 (baseline vs candidate): 1/2-1/2 {Draw by adjudication}
Started game 588 of 1000 (baseline vs candidate)
Finished game 581 (candidate vs baseline): 1-0 {White wins by adjudication}
Started game 589 of 1000 (candidate vs baseline)
Finished game 583 (candidate vs baseline): 1-0 {White wins by adjudication}
Started game 590 of 1000 (baseline vs candidate)
Finished game 585 (candidate vs baseline): 1/2-1/2 {Draw by adjudication}
Started game 591 of 1000 (candidate vs baseline)
Finished game 586 (baseline vs candidate): 1-0 {White wins by adjudication}
Started game 592 of 1000 (baseline vs candidate)
Finished game 588 (baseline vs candidate): 0-1 {Black wins by adjudication}
Started game 593 of 1000 (candidate vs baseline)
Finished game 589 (candidate vs baseline): 1-0 {White wins by adjudication}
Started game 594 of 1000 (baseline vs candidate)
Finished game 587 (candidate vs baseline): 1/2-1/2 {Draw by adjudication}
Started game 595 of 1000 (candidate vs baseline)
Finished game 590 (baseline vs candidate): 1-0 {White wins by adjudication}
Started game 596 of 1000 (baseline vs candidate)
Finished game 591 (candidate vs baseline): 1-0 {White wins by adjudication}
Started game 597 of 1000 (candidate vs baseline)
Finished game 592 (baseline vs candidate): 1-0 {White wins by adjudication}
Started game 598 of 1000 (baseline vs candidate)
Finished game 595 (candidate vs baseline): 1/2-1/2 {Draw by stalemate}
Started game 599 of 1000 (candidate vs baseline)
Finished game 594 (baseline vs candidate): 1/2-1/2 {Draw by adjudication}
Started game 600 of 1000 (baseline vs candidate)
Finished game 597 (candidate vs baseline): 1/2-1/2 {Draw by 3-fold repetition}
Started game 601 of 1000 (candidate vs baseline)
Finished game 593 (candidate vs baseline): 1-0 {White wins by adjudication}
Started game 602 of 1000 (baseline vs candidate)
Finished game 596 (baseline vs candidate): 1/2-1/2 {Draw by adjudication}
Started game 603 of 1000 (candidate vs baseline)
Finished game 599 (candidate vs baseline): 1/2-1/2 {Draw by 3-fold repetition}
Started game 604 of 1000 (baseline vs candidate)
Finished game 602 (baseline vs candidate): 1-0 {White wins by adjudication}
Started game 605 of 1000 (candidate vs baseline)
Finished game 598 (baseline vs candidate): 1-0 {White wins by adjudication}
Started game 606 of 1000 (baseline vs candidate)
Finished game 600 (baseline vs candidate): 1-0 {White wins by adjudication}
--------------------------------------------------
Results of candidate vs baseline (1+0.01, 1t, 16MB, UHO_Lichess_4852_v1.epd):
Elo: 6.37 +/- 14.92, nElo: 11.88 +/- 27.80
LOS: 79.88 %, DrawRatio: 50.33 %, PairsRatio: 1.13
Games: 600, Wins: 164, Losses: 153, Draws: 283, Points: 305.5 (50.92 %)
Ptnml(0-2): [3, 67, 151, 74, 5], WL/DD Ratio: 1.13
--------------------------------------------------
Started game 607 of 1000 (candidate vs baseline)
Finished game 603 (candidate vs baseline): 1/2-1/2 {Draw by 3-fold repetition}
Started game 608 of 1000 (baseline vs candidate)
Finished game 601 (candidate vs baseline): 1/2-1/2 {Draw by 3-fold repetition}
Started game 609 of 1000 (candidate vs baseline)
Finished game 604 (baseline vs candidate): 1/2-1/2 {Draw by adjudication}
Started game 610 of 1000 (baseline vs candidate)
Finished game 606 (baseline vs candidate): 1/2-1/2 {Draw by adjudication}
Started game 611 of 1000 (candidate vs baseline)
Finished game 608 (baseline vs candidate): 1/2-1/2 {Draw by 3-fold repetition}
Started game 612 of 1000 (baseline vs candidate)
Finished game 605 (candidate vs baseline): 1-0 {White wins by adjudication}
Started game 613 of 1000 (candidate vs baseline)
Finished game 607 (candidate vs baseline): 1/2-1/2 {Draw by insufficient mating material}
Started game 614 of 1000 (baseline vs candidate)
Finished game 610 (baseline vs candidate): 1/2-1/2 {Draw by adjudication}
Started game 615 of 1000 (candidate vs baseline)
Finished game 609 (candidate vs baseline): 0-1 {Black wins by adjudication}
Started game 616 of 1000 (baseline vs candidate)
Finished game 612 (baseline vs candidate): 1/2-1/2 {Draw by adjudication}
Started game 617 of 1000 (candidate vs baseline)
Finished game 611 (candidate vs baseline): 1-0 {White wins by adjudication}
Started game 618 of 1000 (baseline vs candidate)
Finished game 613 (candidate vs baseline): 1/2-1/2 {Draw by insufficient mating material}
Started game 619 of 1000 (candidate vs baseline)
Finished game 617 (candidate vs baseline): 1/2-1/2 {Draw by 3-fold repetition}
Started game 620 of 1000 (baseline vs candidate)
Finished game 614 (baseline vs candidate): 0-1 {Black wins by adjudication}
Started game 621 of 1000 (candidate vs baseline)
Finished game 616 (baseline vs candidate): 1-0 {White wins by adjudication}
Started game 622 of 1000 (baseline vs candidate)
Finished game 615 (candidate vs baseline): 1/2-1/2 {Draw by adjudication}
Started game 623 of 1000 (candidate vs baseline)
Finished game 618 (baseline vs candidate): 0-1 {Black wins by adjudication}
Started game 624 of 1000 (baseline vs candidate)
Finished game 622 (baseline vs candidate): 1-0 {White wins by adjudication}
Started game 625 of 1000 (candidate vs baseline)
Finished game 619 (candidate vs baseline): 1/2-1/2 {Draw by insufficient mating material}
Started game 626 of 1000 (baseline vs candidate)
Finished game 620 (baseline vs candidate): 1-0 {White wins by adjudication}
Started game 627 of 1000 (candidate vs baseline)
Finished game 625 (candidate vs baseline): 1/2-1/2 {Draw by adjudication}
Started game 628 of 1000 (baseline vs candidate)
Finished game 623 (candidate vs baseline): 1-0 {White wins by adjudication}
Started game 629 of 1000 (candidate vs baseline)
Finished game 624 (baseline vs candidate): 1-0 {White wins by adjudication}
Started game 630 of 1000 (baseline vs candidate)
Finished game 621 (candidate vs baseline): 1-0 {White wins by adjudication}
Started game 631 of 1000 (candidate vs baseline)
Finished game 627 (candidate vs baseline): 1-0 {White wins by adjudication}
Started game 632 of 1000 (baseline vs candidate)
Finished game 628 (baseline vs candidate): 1-0 {White wins by adjudication}
Started game 633 of 1000 (candidate vs baseline)
Finished game 626 (baseline vs candidate): 1/2-1/2 {Draw by 3-fold repetition}
Started game 634 of 1000 (baseline vs candidate)
Finished game 631 (candidate vs baseline): 1-0 {White wins by adjudication}
Started game 635 of 1000 (candidate vs baseline)
Finished game 630 (baseline vs candidate): 1-0 {White wins by adjudication}
Started game 636 of 1000 (baseline vs candidate)
Finished game 629 (candidate vs baseline): 1-0 {White wins by adjudication}
Started game 637 of 1000 (candidate vs baseline)
Finished game 632 (baseline vs candidate): 1/2-1/2 {Draw by adjudication}
Started game 638 of 1000 (baseline vs candidate)
Finished game 634 (baseline vs candidate): 0-1 {Black wins by adjudication}
Started game 639 of 1000 (candidate vs baseline)
Finished game 633 (candidate vs baseline): 1-0 {White wins by adjudication}
Started game 640 of 1000 (baseline vs candidate)
Finished game 635 (candidate vs baseline): 1-0 {White wins by adjudication}
Started game 641 of 1000 (candidate vs baseline)
Finished game 636 (baseline vs candidate): 1-0 {White wins by adjudication}
Started game 642 of 1000 (baseline vs candidate)
Finished game 639 (candidate vs baseline): 1-0 {White wins by adjudication}
Started game 643 of 1000 (candidate vs baseline)
Finished game 640 (baseline vs candidate): 1-0 {White wins by adjudication}
Started game 644 of 1000 (baseline vs candidate)
Finished game 638 (baseline vs candidate): 1-0 {White wins by adjudication}
Started game 645 of 1000 (candidate vs baseline)
Finished game 643 (candidate vs baseline): 1/2-1/2 {Draw by adjudication}
Started game 646 of 1000 (baseline vs candidate)
Finished game 637 (candidate vs baseline): 1-0 {White wins by adjudication}
Started game 647 of 1000 (candidate vs baseline)
Finished game 641 (candidate vs baseline): 1/2-1/2 {Draw by adjudication}
Started game 648 of 1000 (baseline vs candidate)
Finished game 642 (baseline vs candidate): 1-0 {White wins by adjudication}
Started game 649 of 1000 (candidate vs baseline)
Finished game 644 (baseline vs candidate): 1-0 {White wins by adjudication}
Started game 650 of 1000 (baseline vs candidate)
Finished game 646 (baseline vs candidate): 1-0 {White wins by adjudication}
Started game 651 of 1000 (candidate vs baseline)
Finished game 647 (candidate vs baseline): 1/2-1/2 {Draw by adjudication}
Started game 652 of 1000 (baseline vs candidate)
Finished game 645 (candidate vs baseline): 1-0 {White wins by adjudication}
Started game 653 of 1000 (candidate vs baseline)
Finished game 648 (baseline vs candidate): 1-0 {White wins by adjudication}
Started game 654 of 1000 (baseline vs candidate)
Finished game 649 (candidate vs baseline): 1-0 {White wins by adjudication}
Started game 655 of 1000 (candidate vs baseline)
Finished game 650 (baseline vs candidate): 1/2-1/2 {Draw by 3-fold repetition}
Started game 656 of 1000 (baseline vs candidate)
Finished game 652 (baseline vs candidate): 1/2-1/2 {Draw by 3-fold repetition}
Started game 657 of 1000 (candidate vs baseline)
Finished game 651 (candidate vs baseline): 1-0 {White wins by adjudication}
Started game 658 of 1000 (baseline vs candidate)
Finished game 653 (candidate vs baseline): 1/2-1/2 {Draw by adjudication}
Started game 659 of 1000 (candidate vs baseline)
Finished game 654 (baseline vs candidate): 1-0 {White wins by adjudication}
Started game 660 of 1000 (baseline vs candidate)
Finished game 657 (candidate vs baseline): 1-0 {White wins by adjudication}
Started game 661 of 1000 (candidate vs baseline)
Finished game 656 (baseline vs candidate): 1/2-1/2 {Draw by adjudication}
Started game 662 of 1000 (baseline vs candidate)
Finished game 655 (candidate vs baseline): 0-1 {Black wins by adjudication}
Started game 663 of 1000 (candidate vs baseline)
Finished game 658 (baseline vs candidate): 1-0 {White wins by adjudication}
Started game 664 of 1000 (baseline vs candidate)
Finished game 659 (candidate vs baseline): 1-0 {White wins by adjudication}
Started game 665 of 1000 (candidate vs baseline)
Finished game 661 (candidate vs baseline): 1-0 {White wins by adjudication}
Started game 666 of 1000 (baseline vs candidate)
Finished game 660 (baseline vs candidate): 1-0 {White wins by adjudication}
Started game 667 of 1000 (candidate vs baseline)
Finished game 662 (baseline vs candidate): 0-1 {Black wins by adjudication}
Started game 668 of 1000 (baseline vs candidate)
Finished game 663 (candidate vs baseline): 0-1 {Black wins by adjudication}
Started game 669 of 1000 (candidate vs baseline)
Finished game 664 (baseline vs candidate): 0-1 {Black wins by adjudication}
Started game 670 of 1000 (baseline vs candidate)
Finished game 665 (candidate vs baseline): 1/2-1/2 {Draw by 3-fold repetition}
Started game 671 of 1000 (candidate vs baseline)
Finished game 667 (candidate vs baseline): 1-0 {White wins by adjudication}
Started game 672 of 1000 (baseline vs candidate)
Finished game 671 (candidate vs baseline): 0-1 {Black wins by adjudication}
Started game 673 of 1000 (candidate vs baseline)
Finished game 669 (candidate vs baseline): 1/2-1/2 {Draw by adjudication}
Started game 674 of 1000 (baseline vs candidate)
Finished game 666 (baseline vs candidate): 1-0 {White wins by adjudication}
Started game 675 of 1000 (candidate vs baseline)
Finished game 668 (baseline vs candidate): 1-0 {White wins by adjudication}
Started game 676 of 1000 (baseline vs candidate)
Finished game 672 (baseline vs candidate): 0-1 {Black wins by adjudication}
Started game 677 of 1000 (candidate vs baseline)
Finished game 670 (baseline vs candidate): 0-1 {Black wins by adjudication}
Started game 678 of 1000 (baseline vs candidate)
Finished game 673 (candidate vs baseline): 1/2-1/2 {Draw by adjudication}
Started game 679 of 1000 (candidate vs baseline)
Finished game 677 (candidate vs baseline): 1/2-1/2 {Draw by adjudication}
Started game 680 of 1000 (baseline vs candidate)
Finished game 674 (baseline vs candidate): 1-0 {White wins by adjudication}
Started game 681 of 1000 (candidate vs baseline)
Finished game 678 (baseline vs candidate): 0-1 {Black wins by adjudication}
Started game 682 of 1000 (baseline vs candidate)
Finished game 675 (candidate vs baseline): 0-1 {Black wins by adjudication}
Started game 683 of 1000 (candidate vs baseline)
Finished game 676 (baseline vs candidate): 0-1 {Black wins by adjudication}
Started game 684 of 1000 (baseline vs candidate)
Finished game 679 (candidate vs baseline): 1/2-1/2 {Draw by adjudication}
Started game 685 of 1000 (candidate vs baseline)
Finished game 683 (candidate vs baseline): 1/2-1/2 {Draw by adjudication}
Started game 686 of 1000 (baseline vs candidate)
Finished game 685 (candidate vs baseline): 0-1 {Black wins by adjudication}
Started game 687 of 1000 (candidate vs baseline)
Finished game 681 (candidate vs baseline): 0-1 {Black wins by adjudication}
Started game 688 of 1000 (baseline vs candidate)
Finished game 680 (baseline vs candidate): 1-0 {White wins by adjudication}
Started game 689 of 1000 (candidate vs baseline)
Finished game 682 (baseline vs candidate): 1/2-1/2 {Draw by adjudication}
Started game 690 of 1000 (baseline vs candidate)
Finished game 684 (baseline vs candidate): 1-0 {White wins by adjudication}
Started game 691 of 1000 (candidate vs baseline)
Finished game 686 (baseline vs candidate): 0-1 {Black wins by adjudication}
Started game 692 of 1000 (baseline vs candidate)
Finished game 690 (baseline vs candidate): 1/2-1/2 {Draw by adjudication}
Started game 693 of 1000 (candidate vs baseline)
Finished game 689 (candidate vs baseline): 1/2-1/2 {Draw by stalemate}
Started game 694 of 1000 (baseline vs candidate)
Finished game 688 (baseline vs candidate): 0-1 {Black wins by adjudication}
Started game 695 of 1000 (candidate vs baseline)
Finished game 687 (candidate vs baseline): 0-1 {Black wins by adjudication}
Started game 696 of 1000 (baseline vs candidate)
Finished game 691 (candidate vs baseline): 0-1 {Black wins by adjudication}
Started game 697 of 1000 (candidate vs baseline)
Finished game 693 (candidate vs baseline): 1/2-1/2 {Draw by 3-fold repetition}
Started game 698 of 1000 (baseline vs candidate)
Finished game 694 (baseline vs candidate): 1/2-1/2 {Draw by adjudication}
Started game 699 of 1000 (candidate vs baseline)
Finished game 692 (baseline vs candidate): 0-1 {Black wins by adjudication}
Started game 700 of 1000 (baseline vs candidate)
Finished game 696 (baseline vs candidate): 1/2-1/2 {Draw by adjudication}
Started game 701 of 1000 (candidate vs baseline)
Finished game 695 (candidate vs baseline): 1/2-1/2 {Draw by adjudication}
Started game 702 of 1000 (baseline vs candidate)
Finished game 697 (candidate vs baseline): 1-0 {White wins by adjudication}
Started game 703 of 1000 (candidate vs baseline)
Finished game 698 (baseline vs candidate): 1-0 {White wins by adjudication}
Started game 704 of 1000 (baseline vs candidate)
Finished game 699 (candidate vs baseline): 1-0 {White wins by adjudication}
Started game 705 of 1000 (candidate vs baseline)
Finished game 700 (baseline vs candidate): 1-0 {White wins by adjudication}
Started game 706 of 1000 (baseline vs candidate)
Finished game 703 (candidate vs baseline): 1/2-1/2 {Draw by adjudication}
Started game 707 of 1000 (candidate vs baseline)
Finished game 701 (candidate vs baseline): 0-1 {Black wins by adjudication}
Started game 708 of 1000 (baseline vs candidate)
Finished game 704 (baseline vs candidate): 1/2-1/2 {Draw by adjudication}
Finished game 702 (baseline vs candidate): 0-1 {Black wins by adjudication}
Started game 709 of 1000 (candidate vs baseline)
Started game 710 of 1000 (baseline vs candidate)
Finished game 705 (candidate vs baseline): 1/2-1/2 {Draw by 3-fold repetition}
Started game 711 of 1000 (candidate vs baseline)
Finished game 709 (candidate vs baseline): 0-1 {Black wins by adjudication}
Started game 712 of 1000 (baseline vs candidate)
Finished game 707 (candidate vs baseline): 1/2-1/2 {Draw by adjudication}
Started game 713 of 1000 (candidate vs baseline)
Finished game 706 (baseline vs candidate): 1-0 {White wins by adjudication}
Started game 714 of 1000 (baseline vs candidate)
Finished game 710 (baseline vs candidate): 0-1 {Black wins by adjudication}
Started game 715 of 1000 (candidate vs baseline)
Finished game 708 (baseline vs candidate): 0-1 {Black wins by adjudication}
Started game 716 of 1000 (baseline vs candidate)
Finished game 711 (candidate vs baseline): 1/2-1/2 {Draw by 3-fold repetition}
Started game 717 of 1000 (candidate vs baseline)
Finished game 712 (baseline vs candidate): 1-0 {White wins by adjudication}
Started game 718 of 1000 (baseline vs candidate)
Finished game 713 (candidate vs baseline): 1/2-1/2 {Draw by adjudication}
Started game 719 of 1000 (candidate vs baseline)
Finished game 716 (baseline vs candidate): 1-0 {White wins by adjudication}
Started game 720 of 1000 (baseline vs candidate)
Finished game 714 (baseline vs candidate): 1/2-1/2 {Draw by adjudication}
Started game 721 of 1000 (candidate vs baseline)
Finished game 717 (candidate vs baseline): 1/2-1/2 {Draw by adjudication}
Started game 722 of 1000 (baseline vs candidate)
Finished game 715 (candidate vs baseline): 1-0 {White wins by adjudication}
Started game 723 of 1000 (candidate vs baseline)
Finished game 719 (candidate vs baseline): 1/2-1/2 {Draw by adjudication}
Started game 724 of 1000 (baseline vs candidate)
Finished game 718 (baseline vs candidate): 1/2-1/2 {Draw by adjudication}
Started game 725 of 1000 (candidate vs baseline)
Finished game 720 (baseline vs candidate): 1/2-1/2 {Draw by adjudication}
Started game 726 of 1000 (baseline vs candidate)
Finished game 722 (baseline vs candidate): 1/2-1/2 {Draw by 3-fold repetition}
Started game 727 of 1000 (candidate vs baseline)
Finished game 723 (candidate vs baseline): 0-1 {Black wins by adjudication}
Started game 728 of 1000 (baseline vs candidate)
Finished game 721 (candidate vs baseline): 1-0 {White wins by adjudication}
Started game 729 of 1000 (candidate vs baseline)
Finished game 724 (baseline vs candidate): 1/2-1/2 {Draw by adjudication}
Started game 730 of 1000 (baseline vs candidate)
Finished game 729 (candidate vs baseline): 1/2-1/2 {Draw by 3-fold repetition}
Started game 731 of 1000 (candidate vs baseline)
Finished game 725 (candidate vs baseline): 1/2-1/2 {Draw by adjudication}
Started game 732 of 1000 (baseline vs candidate)
Finished game 726 (baseline vs candidate): 1/2-1/2 {Draw by adjudication}
Started game 733 of 1000 (candidate vs baseline)
Finished game 728 (baseline vs candidate): 1/2-1/2 {Draw by insufficient mating material}
Started game 734 of 1000 (baseline vs candidate)
Finished game 727 (candidate vs baseline): 0-1 {Black wins by adjudication}
Started game 735 of 1000 (candidate vs baseline)
Finished game 730 (baseline vs candidate): 1-0 {White wins by adjudication}
Started game 736 of 1000 (baseline vs candidate)
Finished game 734 (baseline vs candidate): 0-1 {Black wins by adjudication}
Started game 737 of 1000 (candidate vs baseline)
Finished game 736 (baseline vs candidate): 1-0 {White wins by adjudication}
Started game 738 of 1000 (baseline vs candidate)
Finished game 732 (baseline vs candidate): 1/2-1/2 {Draw by insufficient mating material}
Started game 739 of 1000 (candidate vs baseline)
Finished game 735 (candidate vs baseline): 1/2-1/2 {Draw by adjudication}
Started game 740 of 1000 (baseline vs candidate)
Finished game 731 (candidate vs baseline): 0-1 {Black wins by adjudication}
Started game 741 of 1000 (candidate vs baseline)
Finished game 733 (candidate vs baseline): 0-1 {Black wins by adjudication}
Started game 742 of 1000 (baseline vs candidate)
Finished game 738 (baseline vs candidate): 1/2-1/2 {Draw by adjudication}
Started game 743 of 1000 (candidate vs baseline)
Finished game 737 (candidate vs baseline): 0-1 {Black wins by adjudication}
Started game 744 of 1000 (baseline vs candidate)
Finished game 739 (candidate vs baseline): 1/2-1/2 {Draw by insufficient mating material}
Started game 745 of 1000 (candidate vs baseline)
Finished game 742 (baseline vs candidate): 1/2-1/2 {Draw by adjudication}
Started game 746 of 1000 (baseline vs candidate)
Finished game 741 (candidate vs baseline): 1/2-1/2 {Draw by adjudication}
Started game 747 of 1000 (candidate vs baseline)
Finished game 740 (baseline vs candidate): 0-1 {Black wins by adjudication}
Started game 748 of 1000 (baseline vs candidate)
Finished game 744 (baseline vs candidate): 1/2-1/2 {Draw by 3-fold repetition}
Started game 749 of 1000 (candidate vs baseline)
Finished game 743 (candidate vs baseline): 1/2-1/2 {Draw by adjudication}
Started game 750 of 1000 (baseline vs candidate)
Finished game 745 (candidate vs baseline): 1/2-1/2 {Draw by adjudication}
Started game 751 of 1000 (candidate vs baseline)
Finished game 749 (candidate vs baseline): 1/2-1/2 {Draw by 3-fold repetition}
Started game 752 of 1000 (baseline vs candidate)
Finished game 750 (baseline vs candidate): 1/2-1/2 {Draw by insufficient mating material}
Started game 753 of 1000 (candidate vs baseline)
Finished game 746 (baseline vs candidate): 1-0 {White wins by adjudication}
Started game 754 of 1000 (baseline vs candidate)
Finished game 747 (candidate vs baseline): 1-0 {White wins by adjudication}
Started game 755 of 1000 (candidate vs baseline)
Finished game 748 (baseline vs candidate): 1/2-1/2 {Draw by adjudication}
Started game 756 of 1000 (baseline vs candidate)
Finished game 752 (baseline vs candidate): 1/2-1/2 {Draw by adjudication}
Started game 757 of 1000 (candidate vs baseline)
Finished game 751 (candidate vs baseline): 1-0 {White wins by adjudication}
Started game 758 of 1000 (baseline vs candidate)
Finished game 753 (candidate vs baseline): 1-0 {White wins by adjudication}
Started game 759 of 1000 (candidate vs baseline)
Finished game 754 (baseline vs candidate): 1-0 {White wins by adjudication}
Started game 760 of 1000 (baseline vs candidate)
Finished game 757 (candidate vs baseline): 1/2-1/2 {Draw by adjudication}
Started game 761 of 1000 (candidate vs baseline)
Finished game 755 (candidate vs baseline): 1-0 {White wins by adjudication}
Started game 762 of 1000 (baseline vs candidate)
Finished game 756 (baseline vs candidate): 1-0 {White wins by adjudication}
Started game 763 of 1000 (candidate vs baseline)
Finished game 759 (candidate vs baseline): 0-1 {Black wins by adjudication}
Started game 764 of 1000 (baseline vs candidate)
Finished game 758 (baseline vs candidate): 1/2-1/2 {Draw by adjudication}
Started game 765 of 1000 (candidate vs baseline)
Finished game 760 (baseline vs candidate): 1/2-1/2 {Draw by adjudication}
Started game 766 of 1000 (baseline vs candidate)
Finished game 762 (baseline vs candidate): 1/2-1/2 {Draw by adjudication}
Started game 767 of 1000 (candidate vs baseline)
Finished game 761 (candidate vs baseline): 1-0 {White wins by adjudication}
Started game 768 of 1000 (baseline vs candidate)
Finished game 767 (candidate vs baseline): 1-0 {White wins by adjudication}
Started game 769 of 1000 (candidate vs baseline)
Finished game 768 (baseline vs candidate): 1/2-1/2 {Draw by 3-fold repetition}
Started game 770 of 1000 (baseline vs candidate)
Finished game 766 (baseline vs candidate): 0-1 {Black wins by adjudication}
Started game 771 of 1000 (candidate vs baseline)
Finished game 763 (candidate vs baseline): 1-0 {White wins by adjudication}
Started game 772 of 1000 (baseline vs candidate)
Finished game 764 (baseline vs candidate): 1/2-1/2 {Draw by adjudication}
Started game 773 of 1000 (candidate vs baseline)
Finished game 765 (candidate vs baseline): 0-1 {Black wins by adjudication}
Started game 774 of 1000 (baseline vs candidate)
Finished game 771 (candidate vs baseline): 1-0 {White mates}
Started game 775 of 1000 (candidate vs baseline)
Finished game 769 (candidate vs baseline): 1/2-1/2 {Draw by adjudication}
Started game 776 of 1000 (baseline vs candidate)
Finished game 772 (baseline vs candidate): 1/2-1/2 {Draw by 3-fold repetition}
Started game 777 of 1000 (candidate vs baseline)
Finished game 774 (baseline vs candidate): 1/2-1/2 {Draw by 3-fold repetition}
Started game 778 of 1000 (baseline vs candidate)
Finished game 770 (baseline vs candidate): 1/2-1/2 {Draw by adjudication}
Started game 779 of 1000 (candidate vs baseline)
Finished game 773 (candidate vs baseline): 0-1 {Black wins by adjudication}
Started game 780 of 1000 (baseline vs candidate)
Finished game 775 (candidate vs baseline): 1/2-1/2 {Draw by 3-fold repetition}
Started game 781 of 1000 (candidate vs baseline)
Finished game 777 (candidate vs baseline): 1-0 {White wins by adjudication}
Started game 782 of 1000 (baseline vs candidate)
Finished game 779 (candidate vs baseline): 1/2-1/2 {Draw by adjudication}
Started game 783 of 1000 (candidate vs baseline)
Finished game 781 (candidate vs baseline): 0-1 {Black wins by adjudication}
Started game 784 of 1000 (baseline vs candidate)
Finished game 780 (baseline vs candidate): 1/2-1/2 {Draw by adjudication}
Started game 785 of 1000 (candidate vs baseline)
Finished game 776 (baseline vs candidate): 1-0 {White wins by adjudication}
Started game 786 of 1000 (baseline vs candidate)
Finished game 778 (baseline vs candidate): 1-0 {White wins by adjudication}
Started game 787 of 1000 (candidate vs baseline)
Finished game 782 (baseline vs candidate): 1/2-1/2 {Draw by adjudication}
Started game 788 of 1000 (baseline vs candidate)
Finished game 785 (candidate vs baseline): 1/2-1/2 {Draw by 3-fold repetition}
Started game 789 of 1000 (candidate vs baseline)
Finished game 784 (baseline vs candidate): 0-1 {Black wins by adjudication}
Started game 790 of 1000 (baseline vs candidate)
Finished game 783 (candidate vs baseline): 1/2-1/2 {Draw by adjudication}
Started game 791 of 1000 (candidate vs baseline)
Finished game 786 (baseline vs candidate): 1/2-1/2 {Draw by adjudication}
Started game 792 of 1000 (baseline vs candidate)
Finished game 787 (candidate vs baseline): 1/2-1/2 {Draw by adjudication}
Started game 793 of 1000 (candidate vs baseline)
Finished game 788 (baseline vs candidate): 0-1 {Black wins by adjudication}
Started game 794 of 1000 (baseline vs candidate)
Finished game 791 (candidate vs baseline): 1-0 {White wins by adjudication}
Started game 795 of 1000 (candidate vs baseline)
Finished game 792 (baseline vs candidate): 1/2-1/2 {Draw by 3-fold repetition}
Started game 796 of 1000 (baseline vs candidate)
Finished game 790 (baseline vs candidate): 1/2-1/2 {Draw by adjudication}
Started game 797 of 1000 (candidate vs baseline)
Finished game 789 (candidate vs baseline): 0-1 {Black wins by adjudication}
Started game 798 of 1000 (baseline vs candidate)
Finished game 793 (candidate vs baseline): 0-1 {Black wins by adjudication}
Started game 799 of 1000 (candidate vs baseline)
Finished game 796 (baseline vs candidate): 1/2-1/2 {Draw by adjudication}
Started game 800 of 1000 (baseline vs candidate)
Finished game 795 (candidate vs baseline): 1-0 {White wins by adjudication}
Started game 801 of 1000 (candidate vs baseline)
Finished game 794 (baseline vs candidate): 1/2-1/2 {Draw by adjudication}
Started game 802 of 1000 (baseline vs candidate)
Finished game 798 (baseline vs candidate): 0-1 {Black wins by adjudication}
Started game 803 of 1000 (candidate vs baseline)
Finished game 797 (candidate vs baseline): 0-1 {Black wins by adjudication}
Started game 804 of 1000 (baseline vs candidate)
Finished game 800 (baseline vs candidate): 1/2-1/2 {Draw by adjudication}
Started game 805 of 1000 (candidate vs baseline)
Finished game 799 (candidate vs baseline): 1/2-1/2 {Draw by adjudication}
--------------------------------------------------
Results of candidate vs baseline (1+0.01, 1t, 16MB, UHO_Lichess_4852_v1.epd):
Elo: 3.47 +/- 12.97, nElo: 6.45 +/- 24.08
LOS: 70.03 %, DrawRatio: 49.50 %, PairsRatio: 1.04
Games: 800, Wins: 218, Losses: 210, Draws: 372, Points: 404.0 (50.50 %)
Ptnml(0-2): [3, 96, 198, 96, 7], WL/DD Ratio: 1.20
--------------------------------------------------
Started game 806 of 1000 (baseline vs candidate)
Finished game 802 (baseline vs candidate): 1/2-1/2 {Draw by insufficient mating material}
Started game 807 of 1000 (candidate vs baseline)
Finished game 803 (candidate vs baseline): 1/2-1/2 {Draw by adjudication}
Started game 808 of 1000 (baseline vs candidate)
Finished game 801 (candidate vs baseline): 1/2-1/2 {Draw by adjudication}
Started game 809 of 1000 (candidate vs baseline)
Finished game 807 (candidate vs baseline): 1-0 {White wins by adjudication}
Started game 810 of 1000 (baseline vs candidate)
Finished game 804 (baseline vs candidate): 1/2-1/2 {Draw by adjudication}
Started game 811 of 1000 (candidate vs baseline)
Finished game 805 (candidate vs baseline): 0-1 {Black wins by adjudication}
Started game 812 of 1000 (baseline vs candidate)
Finished game 809 (candidate vs baseline): 1/2-1/2 {Draw by 3-fold repetition}
Started game 813 of 1000 (candidate vs baseline)
Finished game 810 (baseline vs candidate): 0-1 {Black wins by adjudication}
Started game 814 of 1000 (baseline vs candidate)
Finished game 806 (baseline vs candidate): 0-1 {Black wins by adjudication}
Started game 815 of 1000 (candidate vs baseline)
Finished game 815 (candidate vs baseline): 1/2-1/2 {Draw by 3-fold repetition}
Started game 816 of 1000 (baseline vs candidate)
Finished game 811 (candidate vs baseline): 0-1 {Black wins by adjudication}
Started game 817 of 1000 (candidate vs baseline)
Finished game 812 (baseline vs candidate): 1/2-1/2 {Draw by adjudication}
Started game 818 of 1000 (baseline vs candidate)
Finished game 808 (baseline vs candidate): 0-1 {Black wins by adjudication}
Started game 819 of 1000 (candidate vs baseline)
Finished game 814 (baseline vs candidate): 1/2-1/2 {Draw by adjudication}
Started game 820 of 1000 (baseline vs candidate)
Finished game 813 (candidate vs baseline): 1-0 {White wins by adjudication}
Started game 821 of 1000 (candidate vs baseline)
Finished game 818 (baseline vs candidate): 1/2-1/2 {Draw by adjudication}
Started game 822 of 1000 (baseline vs candidate)
Finished game 816 (baseline vs candidate): 1-0 {White wins by adjudication}
Started game 823 of 1000 (candidate vs baseline)
Finished game 819 (candidate vs baseline): 1-0 {White wins by adjudication}
Started game 824 of 1000 (baseline vs candidate)
Finished game 817 (candidate vs baseline): 0-1 {Black wins by adjudication}
Started game 825 of 1000 (candidate vs baseline)
Finished game 822 (baseline vs candidate): 1/2-1/2 {Draw by 3-fold repetition}
Started game 826 of 1000 (baseline vs candidate)
Finished game 820 (baseline vs candidate): 1-0 {White wins by adjudication}
Started game 827 of 1000 (candidate vs baseline)
Finished game 823 (candidate vs baseline): 1/2-1/2 {Draw by adjudication}
Started game 828 of 1000 (baseline vs candidate)
Finished game 825 (candidate vs baseline): 1/2-1/2 {Draw by 3-fold repetition}
Started game 829 of 1000 (candidate vs baseline)
Finished game 824 (baseline vs candidate): 1-0 {White wins by adjudication}
Started game 830 of 1000 (baseline vs candidate)
Finished game 826 (baseline vs candidate): 1-0 {White wins by adjudication}
Started game 831 of 1000 (candidate vs baseline)
Finished game 821 (candidate vs baseline): 1-0 {White wins by adjudication}
Started game 832 of 1000 (baseline vs candidate)
Finished game 829 (candidate vs baseline): 1/2-1/2 {Draw by 3-fold repetition}
Started game 833 of 1000 (candidate vs baseline)
Finished game 828 (baseline vs candidate): 0-1 {Black wins by adjudication}
Started game 834 of 1000 (baseline vs candidate)
Finished game 827 (candidate vs baseline): 0-1 {Black wins by adjudication}
Started game 835 of 1000 (candidate vs baseline)
Finished game 830 (baseline vs candidate): 1/2-1/2 {Draw by insufficient mating material}
Started game 836 of 1000 (baseline vs candidate)
Finished game 832 (baseline vs candidate): 1/2-1/2 {Draw by adjudication}
Started game 837 of 1000 (candidate vs baseline)
Finished game 835 (candidate vs baseline): 1/2-1/2 {Draw by 3-fold repetition}
Started game 838 of 1000 (baseline vs candidate)
Finished game 833 (candidate vs baseline): 1/2-1/2 {Draw by 3-fold repetition}
Started game 839 of 1000 (candidate vs baseline)
Finished game 831 (candidate vs baseline): 0-1 {Black wins by adjudication}
Started game 840 of 1000 (baseline vs candidate)
Finished game 834 (baseline vs candidate): 1/2-1/2 {Draw by insufficient mating material}
Started game 841 of 1000 (candidate vs baseline)
Finished game 838 (baseline vs candidate): 1-0 {White wins by adjudication}
Started game 842 of 1000 (baseline vs candidate)
Finished game 839 (candidate vs baseline): 1/2-1/2 {Draw by 3-fold repetition}
Started game 843 of 1000 (candidate vs baseline)
Finished game 840 (baseline vs candidate): 1/2-1/2 {Draw by adjudication}
Started game 844 of 1000 (baseline vs candidate)
Finished game 837 (candidate vs baseline): 1-0 {White wins by adjudication}
Started game 845 of 1000 (candidate vs baseline)
Finished game 836 (baseline vs candidate): 1/2-1/2 {Draw by adjudication}
Started game 846 of 1000 (baseline vs candidate)
Finished game 842 (baseline vs candidate): 1-0 {White wins by adjudication}
Started game 847 of 1000 (candidate vs baseline)
Finished game 844 (baseline vs candidate): 1-0 {White wins by adjudication}
Started game 848 of 1000 (baseline vs candidate)
Finished game 841 (candidate vs baseline): 1/2-1/2 {Draw by 3-fold repetition}
Started game 849 of 1000 (candidate vs baseline)
Finished game 845 (candidate vs baseline): 1-0 {White wins by adjudication}
Started game 850 of 1000 (baseline vs candidate)
Finished game 846 (baseline vs candidate): 1-0 {White wins by adjudication}
Started game 851 of 1000 (candidate vs baseline)
Finished game 843 (candidate vs baseline): 1-0 {White wins by adjudication}
Started game 852 of 1000 (baseline vs candidate)
Finished game 848 (baseline vs candidate): 1/2-1/2 {Draw by adjudication}
Started game 853 of 1000 (candidate vs baseline)
Finished game 847 (candidate vs baseline): 1/2-1/2 {Draw by adjudication}
Started game 854 of 1000 (baseline vs candidate)
Finished game 849 (candidate vs baseline): 1/2-1/2 {Draw by adjudication}
Started game 855 of 1000 (candidate vs baseline)
Finished game 851 (candidate vs baseline): 1/2-1/2 {Draw by adjudication}
Started game 856 of 1000 (baseline vs candidate)
Finished game 852 (baseline vs candidate): 1/2-1/2 {Draw by 3-fold repetition}
Started game 857 of 1000 (candidate vs baseline)
Finished game 850 (baseline vs candidate): 1/2-1/2 {Draw by stalemate}
Started game 858 of 1000 (baseline vs candidate)
Finished game 853 (candidate vs baseline): 0-1 {Black wins by adjudication}
Started game 859 of 1000 (candidate vs baseline)
Finished game 854 (baseline vs candidate): 0-1 {Black wins by adjudication}
Started game 860 of 1000 (baseline vs candidate)
Finished game 855 (candidate vs baseline): 1/2-1/2 {Draw by adjudication}
Started game 861 of 1000 (candidate vs baseline)
Finished game 856 (baseline vs candidate): 0-1 {Black wins by adjudication}
Started game 862 of 1000 (baseline vs candidate)
Finished game 857 (candidate vs baseline): 1-0 {White wins by adjudication}
Started game 863 of 1000 (candidate vs baseline)
Finished game 858 (baseline vs candidate): 1-0 {White wins by adjudication}
Started game 864 of 1000 (baseline vs candidate)
Finished game 860 (baseline vs candidate): 1-0 {White wins by adjudication}
Started game 865 of 1000 (candidate vs baseline)
Finished game 859 (candidate vs baseline): 1-0 {White wins by adjudication}
Started game 866 of 1000 (baseline vs candidate)
Finished game 861 (candidate vs baseline): 0-1 {Black wins by adjudication}
Started game 867 of 1000 (candidate vs baseline)
Finished game 862 (baseline vs candidate): 0-1 {Black wins by adjudication}
Started game 868 of 1000 (baseline vs candidate)
Finished game 863 (candidate vs baseline): 1/2-1/2 {Draw by adjudication}
Started game 869 of 1000 (candidate vs baseline)
Finished game 864 (baseline vs candidate): 1-0 {White wins by adjudication}
Started game 870 of 1000 (baseline vs candidate)
Finished game 867 (candidate vs baseline): 0-1 {Black wins by adjudication}
Started game 871 of 1000 (candidate vs baseline)
Finished game 866 (baseline vs candidate): 0-1 {Black wins by adjudication}
Started game 872 of 1000 (baseline vs candidate)
Finished game 865 (candidate vs baseline): 1/2-1/2 {Draw by adjudication}
Started game 873 of 1000 (candidate vs baseline)
Finished game 869 (candidate vs baseline): 1-0 {White wins by adjudication}
Started game 874 of 1000 (baseline vs candidate)
Finished game 868 (baseline vs candidate): 0-1 {Black wins by adjudication}
Started game 875 of 1000 (candidate vs baseline)
Finished game 870 (baseline vs candidate): 1/2-1/2 {Draw by adjudication}
Started game 876 of 1000 (baseline vs candidate)
Finished game 874 (baseline vs candidate): 1-0 {White wins by adjudication}
Started game 877 of 1000 (candidate vs baseline)
Finished game 873 (candidate vs baseline): 1/2-1/2 {Draw by adjudication}
Started game 878 of 1000 (baseline vs candidate)
Finished game 876 (baseline vs candidate): 1/2-1/2 {Draw by 3-fold repetition}
Started game 879 of 1000 (candidate vs baseline)
Finished game 871 (candidate vs baseline): 1/2-1/2 {Draw by adjudication}
Started game 880 of 1000 (baseline vs candidate)
Finished game 872 (baseline vs candidate): 1-0 {White wins by adjudication}
Started game 881 of 1000 (candidate vs baseline)
Finished game 878 (baseline vs candidate): 1-0 {White wins by adjudication}
Started game 882 of 1000 (baseline vs candidate)
Finished game 877 (candidate vs baseline): 1-0 {White wins by adjudication}
Started game 883 of 1000 (candidate vs baseline)
Finished game 879 (candidate vs baseline): 1-0 {White wins by adjudication}
Started game 884 of 1000 (baseline vs candidate)
Finished game 875 (candidate vs baseline): 1-0 {White wins by adjudication}
Started game 885 of 1000 (candidate vs baseline)
Finished game 880 (baseline vs candidate): 1/2-1/2 {Draw by adjudication}
Started game 886 of 1000 (baseline vs candidate)
Finished game 883 (candidate vs baseline): 1/2-1/2 {Draw by 3-fold repetition}
Started game 887 of 1000 (candidate vs baseline)
Finished game 881 (candidate vs baseline): 1-0 {White wins by adjudication}
Started game 888 of 1000 (baseline vs candidate)
Finished game 882 (baseline vs candidate): 1-0 {White wins by adjudication}
Started game 889 of 1000 (candidate vs baseline)
Finished game 884 (baseline vs candidate): 1/2-1/2 {Draw by adjudication}
Started game 890 of 1000 (baseline vs candidate)
Finished game 885 (candidate vs baseline): 1/2-1/2 {Draw by adjudication}
Started game 891 of 1000 (candidate vs baseline)
Finished game 886 (baseline vs candidate): 1-0 {White wins by adjudication}
Started game 892 of 1000 (baseline vs candidate)
Finished game 889 (candidate vs baseline): 1/2-1/2 {Draw by 3-fold repetition}
Started game 893 of 1000 (candidate vs baseline)
Finished game 887 (candidate vs baseline): 0-1 {Black wins by adjudication}
Started game 894 of 1000 (baseline vs candidate)
Finished game 893 (candidate vs baseline): 0-1 {Black wins by adjudication}
Started game 895 of 1000 (candidate vs baseline)
Finished game 890 (baseline vs candidate): 1/2-1/2 {Draw by adjudication}
Started game 896 of 1000 (baseline vs candidate)
Finished game 888 (baseline vs candidate): 0-1 {Black wins by adjudication}
Started game 897 of 1000 (candidate vs baseline)
Finished game 892 (baseline vs candidate): 1-0 {White wins by adjudication}
Started game 898 of 1000 (baseline vs candidate)
Finished game 891 (candidate vs baseline): 1/2-1/2 {Draw by adjudication}
Started game 899 of 1000 (candidate vs baseline)
Finished game 894 (baseline vs candidate): 0-1 {Black wins by adjudication}
Started game 900 of 1000 (baseline vs candidate)
Finished game 896 (baseline vs candidate): 1/2-1/2 {Draw by 3-fold repetition}
Started game 901 of 1000 (candidate vs baseline)
Finished game 895 (candidate vs baseline): 0-1 {Black wins by adjudication}
Started game 902 of 1000 (baseline vs candidate)
Finished game 900 (baseline vs candidate): 1/2-1/2 {Draw by 3-fold repetition}
Started game 903 of 1000 (candidate vs baseline)
Finished game 897 (candidate vs baseline): 1-0 {White wins by adjudication}
Started game 904 of 1000 (baseline vs candidate)
Finished game 898 (baseline vs candidate): 1-0 {White wins by adjudication}
Started game 905 of 1000 (candidate vs baseline)
Finished game 901 (candidate vs baseline): 1/2-1/2 {Draw by 3-fold repetition}
Started game 906 of 1000 (baseline vs candidate)
Finished game 899 (candidate vs baseline): 1-0 {White wins by adjudication}
Started game 907 of 1000 (candidate vs baseline)
Finished game 903 (candidate vs baseline): 1/2-1/2 {Draw by 3-fold repetition}
Started game 908 of 1000 (baseline vs candidate)
Finished game 902 (baseline vs candidate): 1/2-1/2 {Draw by 3-fold repetition}
Started game 909 of 1000 (candidate vs baseline)
Finished game 907 (candidate vs baseline): 1/2-1/2 {Draw by 3-fold repetition}
Started game 910 of 1000 (baseline vs candidate)
Finished game 906 (baseline vs candidate): 0-1 {Black wins by adjudication}
Started game 911 of 1000 (candidate vs baseline)
Finished game 905 (candidate vs baseline): 1/2-1/2 {Draw by adjudication}
Started game 912 of 1000 (baseline vs candidate)
Finished game 904 (baseline vs candidate): 0-1 {Black wins by adjudication}
Started game 913 of 1000 (candidate vs baseline)
Finished game 909 (candidate vs baseline): 1-0 {White wins by adjudication}
Started game 914 of 1000 (baseline vs candidate)
Finished game 908 (baseline vs candidate): 0-1 {Black wins by adjudication}
Started game 915 of 1000 (candidate vs baseline)
Finished game 912 (baseline vs candidate): 1/2-1/2 {Draw by 3-fold repetition}
Started game 916 of 1000 (baseline vs candidate)
Finished game 910 (baseline vs candidate): 1/2-1/2 {Draw by adjudication}
Started game 917 of 1000 (candidate vs baseline)
Finished game 911 (candidate vs baseline): 1-0 {White wins by adjudication}
Started game 918 of 1000 (baseline vs candidate)
Finished game 915 (candidate vs baseline): 0-1 {Black wins by adjudication}
Started game 919 of 1000 (candidate vs baseline)
Finished game 913 (candidate vs baseline): 1/2-1/2 {Draw by adjudication}
Started game 920 of 1000 (baseline vs candidate)
Finished game 917 (candidate vs baseline): 1-0 {White wins by adjudication}
Started game 921 of 1000 (candidate vs baseline)
Finished game 914 (baseline vs candidate): 1-0 {White wins by adjudication}
Started game 922 of 1000 (baseline vs candidate)
Finished game 918 (baseline vs candidate): 1/2-1/2 {Draw by adjudication}
Started game 923 of 1000 (candidate vs baseline)
Finished game 921 (candidate vs baseline): 1-0 {White wins by adjudication}
Started game 924 of 1000 (baseline vs candidate)
Finished game 916 (baseline vs candidate): 1/2-1/2 {Draw by stalemate}
Started game 925 of 1000 (candidate vs baseline)
Finished game 919 (candidate vs baseline): 0-1 {Black wins by adjudication}
Started game 926 of 1000 (baseline vs candidate)
Finished game 924 (baseline vs candidate): 1/2-1/2 {Draw by 3-fold repetition}
Started game 927 of 1000 (candidate vs baseline)
Finished game 922 (baseline vs candidate): 1/2-1/2 {Draw by insufficient mating material}
Started game 928 of 1000 (baseline vs candidate)
Finished game 920 (baseline vs candidate): 1-0 {White wins by adjudication}
Started game 929 of 1000 (candidate vs baseline)
Finished game 925 (candidate vs baseline): 1-0 {White wins by adjudication}
Started game 930 of 1000 (baseline vs candidate)
Finished game 923 (candidate vs baseline): 0-1 {Black wins by adjudication}
Started game 931 of 1000 (candidate vs baseline)
Finished game 927 (candidate vs baseline): 1-0 {White wins by adjudication}
Started game 932 of 1000 (baseline vs candidate)
Finished game 929 (candidate vs baseline): 1/2-1/2 {Draw by 3-fold repetition}
Started game 933 of 1000 (candidate vs baseline)
Finished game 930 (baseline vs candidate): 1/2-1/2 {Draw by adjudication}
Started game 934 of 1000 (baseline vs candidate)
Finished game 926 (baseline vs candidate): 1-0 {White wins by adjudication}
Started game 935 of 1000 (candidate vs baseline)
Finished game 928 (baseline vs candidate): 1-0 {White wins by adjudication}
Started game 936 of 1000 (baseline vs candidate)
Finished game 932 (baseline vs candidate): 1-0 {White wins by adjudication}
Started game 937 of 1000 (candidate vs baseline)
Finished game 931 (candidate vs baseline): 1/2-1/2 {Draw by adjudication}
Started game 938 of 1000 (baseline vs candidate)
Finished game 935 (candidate vs baseline): 1-0 {White wins by adjudication}
Started game 939 of 1000 (candidate vs baseline)
Finished game 934 (baseline vs candidate): 1-0 {White wins by adjudication}
Started game 940 of 1000 (baseline vs candidate)
Finished game 933 (candidate vs baseline): 1/2-1/2 {Draw by adjudication}
Started game 941 of 1000 (candidate vs baseline)
Finished game 936 (baseline vs candidate): 1-0 {White wins by adjudication}
Started game 942 of 1000 (baseline vs candidate)
Finished game 940 (baseline vs candidate): 1/2-1/2 {Draw by 3-fold repetition}
Started game 943 of 1000 (candidate vs baseline)
Finished game 937 (candidate vs baseline): 1/2-1/2 {Draw by adjudication}
Started game 944 of 1000 (baseline vs candidate)
Finished game 938 (baseline vs candidate): 1/2-1/2 {Draw by adjudication}
Started game 945 of 1000 (candidate vs baseline)
Finished game 941 (candidate vs baseline): 1/2-1/2 {Draw by 3-fold repetition}
Started game 946 of 1000 (baseline vs candidate)
Finished game 939 (candidate vs baseline): 1/2-1/2 {Draw by insufficient mating material}
Started game 947 of 1000 (candidate vs baseline)
Finished game 942 (baseline vs candidate): 1/2-1/2 {Draw by adjudication}
Started game 948 of 1000 (baseline vs candidate)
Finished game 943 (candidate vs baseline): 1/2-1/2 {Draw by adjudication}
Started game 949 of 1000 (candidate vs baseline)
Finished game 944 (baseline vs candidate): 0-1 {Black wins by adjudication}
Started game 950 of 1000 (baseline vs candidate)
Finished game 945 (candidate vs baseline): 0-1 {Black wins by adjudication}
Started game 951 of 1000 (candidate vs baseline)
Finished game 946 (baseline vs candidate): 1-0 {White wins by adjudication}
Started game 952 of 1000 (baseline vs candidate)
Finished game 948 (baseline vs candidate): 1-0 {White wins by adjudication}
Started game 953 of 1000 (candidate vs baseline)
Finished game 947 (candidate vs baseline): 1-0 {White wins by adjudication}
Started game 954 of 1000 (baseline vs candidate)
Finished game 949 (candidate vs baseline): 1/2-1/2 {Draw by 3-fold repetition}
Started game 955 of 1000 (candidate vs baseline)
Finished game 950 (baseline vs candidate): 1/2-1/2 {Draw by adjudication}
Started game 956 of 1000 (baseline vs candidate)
Finished game 954 (baseline vs candidate): 1/2-1/2 {Draw by 3-fold repetition}
Started game 957 of 1000 (candidate vs baseline)
Finished game 952 (baseline vs candidate): 1/2-1/2 {Draw by insufficient mating material}
Started game 958 of 1000 (baseline vs candidate)
Finished game 951 (candidate vs baseline): 0-1 {Black wins by adjudication}
Started game 959 of 1000 (candidate vs baseline)
Finished game 955 (candidate vs baseline): 0-1 {Black wins by adjudication}
Started game 960 of 1000 (baseline vs candidate)
Finished game 953 (candidate vs baseline): 1-0 {White wins by adjudication}
Started game 961 of 1000 (candidate vs baseline)
Finished game 960 (baseline vs candidate): 1/2-1/2 {Draw by stalemate}
Started game 962 of 1000 (baseline vs candidate)
Finished game 956 (baseline vs candidate): 1/2-1/2 {Draw by adjudication}
Started game 963 of 1000 (candidate vs baseline)
Finished game 957 (candidate vs baseline): 1/2-1/2 {Draw by 3-fold repetition}
Started game 964 of 1000 (baseline vs candidate)
Finished game 961 (candidate vs baseline): 1/2-1/2 {Draw by 3-fold repetition}
Started game 965 of 1000 (candidate vs baseline)
Finished game 958 (baseline vs candidate): 1-0 {White wins by adjudication}
Started game 966 of 1000 (baseline vs candidate)
Finished game 959 (candidate vs baseline): 0-1 {Black wins by adjudication}
Started game 967 of 1000 (candidate vs baseline)
Finished game 962 (baseline vs candidate): 1/2-1/2 {Draw by insufficient mating material}
Started game 968 of 1000 (baseline vs candidate)
Finished game 964 (baseline vs candidate): 1/2-1/2 {Draw by insufficient mating material}
Started game 969 of 1000 (candidate vs baseline)
Finished game 963 (candidate vs baseline): 1/2-1/2 {Draw by insufficient mating material}
Started game 970 of 1000 (baseline vs candidate)
Finished game 965 (candidate vs baseline): 1/2-1/2 {Draw by insufficient mating material}
Started game 971 of 1000 (candidate vs baseline)
Finished game 966 (baseline vs candidate): 1-0 {White wins by adjudication}
Started game 972 of 1000 (baseline vs candidate)
Finished game 967 (candidate vs baseline): 1/2-1/2 {Draw by 3-fold repetition}
Started game 973 of 1000 (candidate vs baseline)
Finished game 968 (baseline vs candidate): 0-1 {Black wins by adjudication}
Started game 974 of 1000 (baseline vs candidate)
Finished game 969 (candidate vs baseline): 1-0 {White wins by adjudication}
Started game 975 of 1000 (candidate vs baseline)
Finished game 971 (candidate vs baseline): 1/2-1/2 {Draw by 3-fold repetition}
Started game 976 of 1000 (baseline vs candidate)
Finished game 974 (baseline vs candidate): 0-1 {Black wins by adjudication}
Started game 977 of 1000 (candidate vs baseline)
Finished game 970 (baseline vs candidate): 1-0 {White wins by adjudication}
Started game 978 of 1000 (baseline vs candidate)
Finished game 973 (candidate vs baseline): 1/2-1/2 {Draw by adjudication}
Started game 979 of 1000 (candidate vs baseline)
Finished game 975 (candidate vs baseline): 1-0 {White wins by adjudication}
Started game 980 of 1000 (baseline vs candidate)
Finished game 972 (baseline vs candidate): 0-1 {Black wins by adjudication}
Started game 981 of 1000 (candidate vs baseline)
Finished game 976 (baseline vs candidate): 1/2-1/2 {Draw by adjudication}
Started game 982 of 1000 (baseline vs candidate)
Finished game 978 (baseline vs candidate): 1/2-1/2 {Draw by 3-fold repetition}
Started game 983 of 1000 (candidate vs baseline)
Finished game 979 (candidate vs baseline): 1/2-1/2 {Draw by adjudication}
Started game 984 of 1000 (baseline vs candidate)
Finished game 977 (candidate vs baseline): 1-0 {White wins by adjudication}
Started game 985 of 1000 (candidate vs baseline)
Finished game 982 (baseline vs candidate): 1/2-1/2 {Draw by adjudication}
Started game 986 of 1000 (baseline vs candidate)
Finished game 980 (baseline vs candidate): 1/2-1/2 {Draw by adjudication}
Started game 987 of 1000 (candidate vs baseline)
Finished game 981 (candidate vs baseline): 1-0 {White wins by adjudication}
Started game 988 of 1000 (baseline vs candidate)
Finished game 984 (baseline vs candidate): 0-1 {Black wins by adjudication}
Started game 989 of 1000 (candidate vs baseline)
Finished game 985 (candidate vs baseline): 1/2-1/2 {Draw by adjudication}
Started game 990 of 1000 (baseline vs candidate)
Finished game 983 (candidate vs baseline): 0-1 {Black wins by adjudication}
Started game 991 of 1000 (candidate vs baseline)
Finished game 987 (candidate vs baseline): 1/2-1/2 {Draw by adjudication}
Started game 992 of 1000 (baseline vs candidate)
Finished game 986 (baseline vs candidate): 1-0 {White wins by adjudication}
Started game 993 of 1000 (candidate vs baseline)
Finished game 988 (baseline vs candidate): 1/2-1/2 {Draw by adjudication}
Started game 994 of 1000 (baseline vs candidate)
Finished game 990 (baseline vs candidate): 1/2-1/2 {Draw by adjudication}
Started game 995 of 1000 (candidate vs baseline)
Finished game 991 (candidate vs baseline): 1/2-1/2 {Draw by 3-fold repetition}
Started game 996 of 1000 (baseline vs candidate)
Finished game 994 (baseline vs candidate): 1/2-1/2 {Draw by adjudication}
Started game 997 of 1000 (candidate vs baseline)
Finished game 993 (candidate vs baseline): 1/2-1/2 {Draw by 3-fold repetition}
Started game 998 of 1000 (baseline vs candidate)
Finished game 992 (baseline vs candidate): 1/2-1/2 {Draw by adjudication}
Started game 999 of 1000 (candidate vs baseline)
Finished game 989 (candidate vs baseline): 1-0 {White wins by adjudication}
Started game 1000 of 1000 (baseline vs candidate)
Finished game 995 (candidate vs baseline): 1/2-1/2 {Draw by adjudication}
Finished game 997 (candidate vs baseline): 1/2-1/2 {Draw by 3-fold repetition}
Finished game 996 (baseline vs candidate): 1-0 {White wins by adjudication}
Finished game 999 (candidate vs baseline): 1/2-1/2 {Draw by 3-fold repetition}
Finished game 998 (baseline vs candidate): 1-0 {White wins by adjudication}
Finished game 1000 (baseline vs candidate): 1/2-1/2 {Draw by adjudication}
--------------------------------------------------
Results of candidate vs baseline (1+0.01, 1t, 16MB, UHO_Lichess_4852_v1.epd):
Elo: 1.74 +/- 11.70, nElo: 3.20 +/- 21.53
LOS: 61.45 %, DrawRatio: 48.80 %, PairsRatio: 1.02
Games: 1000, Wins: 267, Losses: 262, Draws: 471, Points: 502.5 (50.25 %)
Ptnml(0-2): [5, 122, 244, 121, 8], WL/DD Ratio: 1.14
--------------------------------------------------
Finished match
Total Time: 00:07:01 (hours:minutes:seconds)

